Mon Jun  9 04:29:00 CDT 2025: Checking if NextJS server is running...
Mon Jun  9 04:29:00 CDT 2025: Running scheduled reports
/Users/sim/Project2/scripts/../scripts/run-simple-scheduled-reports.sh: line 16: node: command not found
Mon Jun  9 04:29:00 CDT 2025: NextJS server is not running. Skipping scheduled reports check.
Mon Jun  9 11:13:00 CDT 2025: Running scheduled reports
Mon Jun  9 11:13:00 CDT 2025: Checking if NextJS server is running...
/Users/sim/Project2/scripts/../scripts/run-simple-scheduled-reports.sh: line 16: node: command not found
Mon Jun  9 11:13:00 CDT 2025: NextJS server is not running. Skipping scheduled reports check.
Mon Jun  9 11:14:00 CDT 2025: Running scheduled reports
Mon Jun  9 11:14:00 CDT 2025: Checking if NextJS server is running...
/Users/sim/Project2/scripts/../scripts/run-simple-scheduled-reports.sh: line 16: node: command not found
Mon Jun  9 11:14:00 CDT 2025: NextJS server is not running. Skipping scheduled reports check.
Mon Jun  9 11:15:00 CDT 2025: Running scheduled reports
Mon Jun  9 11:15:00 CDT 2025: Checking if NextJS server is running...
/Users/sim/Project2/scripts/../scripts/run-simple-scheduled-reports.sh: line 16: node: command not found
Mon Jun  9 11:15:00 CDT 2025: NextJS server is not running. Skipping scheduled reports check.
Mon Jun  9 11:16:00 CDT 2025: Checking if NextJS server is running...
Mon Jun  9 11:16:00 CDT 2025: Running scheduled reports
/Users/sim/Project2/scripts/../scripts/run-simple-scheduled-reports.sh: line 16: node: command not found
Mon Jun  9 11:16:00 CDT 2025: NextJS server is not running. Skipping scheduled reports check.
Mon Jun  9 11:17:00 CDT 2025: Running scheduled reports
Mon Jun  9 11:17:00 CDT 2025: Checking if NextJS server is running...
/Users/sim/Project2/scripts/../scripts/run-simple-scheduled-reports.sh: line 16: node: command not found
Mon Jun  9 11:17:00 CDT 2025: NextJS server is not running. Skipping scheduled reports check.
Mon Jun  9 11:18:00 CDT 2025: Checking if NextJS server is running...
Mon Jun  9 11:18:00 CDT 2025: Running scheduled reports
/Users/sim/Project2/scripts/../scripts/run-simple-scheduled-reports.sh: line 16: node: command not found
Mon Jun  9 11:18:00 CDT 2025: NextJS server is not running. Skipping scheduled reports check.
Mon Jun  9 11:19:01 CDT 2025: Checking if NextJS server is running...
Mon Jun  9 11:19:01 CDT 2025: Running scheduled reports
/Users/sim/Project2/scripts/../scripts/run-simple-scheduled-reports.sh: line 16: node: command not found
Mon Jun  9 11:19:01 CDT 2025: NextJS server is not running. Skipping scheduled reports check.
Mon Jun  9 11:23:31 CDT 2025: Checking if NextJS server is running...
Mon Jun  9 11:23:31 CDT 2025: Running scheduled reports
/Users/sim/Project2/scripts/../scripts/run-simple-scheduled-reports.sh: line 16: node: command not found
Mon Jun  9 11:23:31 CDT 2025: NextJS server is not running. Skipping scheduled reports check.
Mon Jun  9 11:24:00 CDT 2025: Running scheduled reports
Mon Jun  9 11:24:00 CDT 2025: Checking if NextJS server is running...
/Users/sim/Project2/scripts/../scripts/run-simple-scheduled-reports.sh: line 16: node: command not found
Mon Jun  9 11:24:00 CDT 2025: NextJS server is not running. Skipping scheduled reports check.
Mon Jun  9 11:25:00 CDT 2025: Checking if NextJS server is running...
Mon Jun  9 11:25:00 CDT 2025: Running scheduled reports
/Users/sim/Project2/scripts/../scripts/run-simple-scheduled-reports.sh: line 16: node: command not found
Mon Jun  9 11:25:00 CDT 2025: NextJS server is not running. Skipping scheduled reports check.
Mon Jun  9 11:26:00 CDT 2025: Running scheduled reports
Mon Jun  9 11:26:00 CDT 2025: Checking if NextJS server is running...
/Users/sim/Project2/scripts/../scripts/run-simple-scheduled-reports.sh: line 16: node: command not found
Mon Jun  9 11:26:00 CDT 2025: NextJS server is not running. Skipping scheduled reports check.
Mon Jun  9 11:27:00 CDT 2025: Checking if NextJS server is running...
Mon Jun  9 11:27:00 CDT 2025: Running scheduled reports
/Users/sim/Project2/scripts/../scripts/run-simple-scheduled-reports.sh: line 16: node: command not found
Mon Jun  9 11:27:00 CDT 2025: NextJS server is not running. Skipping scheduled reports check.
Mon Jun  9 11:28:00 CDT 2025: Running scheduled reports
Mon Jun  9 11:28:00 CDT 2025: Checking if NextJS server is running...
/Users/sim/Project2/scripts/../scripts/run-simple-scheduled-reports.sh: line 16: node: command not found
Mon Jun  9 11:28:00 CDT 2025: NextJS server is not running. Skipping scheduled reports check.
Mon Jun  9 11:29:01 CDT 2025: Checking if NextJS server is running...
Mon Jun  9 11:29:01 CDT 2025: Running scheduled reports
/Users/sim/Project2/scripts/../scripts/run-simple-scheduled-reports.sh: line 16: node: command not found
Mon Jun  9 11:29:01 CDT 2025: NextJS server is not running. Skipping scheduled reports check.
Mon Jun  9 11:30:00 CDT 2025: Running scheduled reports
Mon Jun  9 11:30:00 CDT 2025: Checking if NextJS server is running...
/Users/sim/Project2/scripts/../scripts/run-simple-scheduled-reports.sh: line 16: node: command not found
Mon Jun  9 11:30:00 CDT 2025: NextJS server is not running. Skipping scheduled reports check.
Mon Jun  9 11:31:00 CDT 2025: Running scheduled reports
Mon Jun  9 11:31:00 CDT 2025: Checking if NextJS server is running...
/Users/sim/Project2/scripts/../scripts/run-simple-scheduled-reports.sh: line 16: node: command not found
Mon Jun  9 11:31:00 CDT 2025: NextJS server is not running. Skipping scheduled reports check.
Mon Jun  9 11:32:00 CDT 2025: Checking if NextJS server is running...
Mon Jun  9 11:32:00 CDT 2025: Running scheduled reports
/Users/sim/Project2/scripts/../scripts/run-simple-scheduled-reports.sh: line 16: node: command not found
Mon Jun  9 11:32:00 CDT 2025: NextJS server is not running. Skipping scheduled reports check.
Mon Jun  9 11:33:00 CDT 2025: Running scheduled reports
Mon Jun  9 11:33:00 CDT 2025: Checking if NextJS server is running...
/Users/sim/Project2/scripts/../scripts/run-simple-scheduled-reports.sh: line 16: node: command not found
Mon Jun  9 11:33:00 CDT 2025: NextJS server is not running. Skipping scheduled reports check.
Mon Jun  9 11:34:00 CDT 2025: Checking if NextJS server is running...
Mon Jun  9 11:34:00 CDT 2025: Running scheduled reports
/Users/sim/Project2/scripts/../scripts/run-simple-scheduled-reports.sh: line 16: node: command not found
Mon Jun  9 11:34:00 CDT 2025: NextJS server is not running. Skipping scheduled reports check.
Mon Jun  9 11:35:00 CDT 2025: Running scheduled reports
Mon Jun  9 11:35:00 CDT 2025: Checking if NextJS server is running...
/Users/sim/Project2/scripts/../scripts/run-simple-scheduled-reports.sh: line 16: node: command not found
Mon Jun  9 11:35:00 CDT 2025: NextJS server is not running. Skipping scheduled reports check.
Mon Jun  9 11:36:01 CDT 2025: Running scheduled reports
Mon Jun  9 11:36:01 CDT 2025: Checking if NextJS server is running...
/Users/sim/Project2/scripts/../scripts/run-simple-scheduled-reports.sh: line 16: node: command not found
Mon Jun  9 11:36:01 CDT 2025: NextJS server is not running. Skipping scheduled reports check.
Mon Jun  9 11:37:00 CDT 2025: Running scheduled reports
Mon Jun  9 11:37:00 CDT 2025: Checking if NextJS server is running...
/Users/sim/Project2/scripts/../scripts/run-simple-scheduled-reports.sh: line 16: node: command not found
Mon Jun  9 11:37:00 CDT 2025: NextJS server is not running. Skipping scheduled reports check.
Mon Jun  9 11:38:00 CDT 2025: Running scheduled reports
Mon Jun  9 11:38:00 CDT 2025: Checking if NextJS server is running...
/Users/sim/Project2/scripts/../scripts/run-simple-scheduled-reports.sh: line 16: node: command not found
Mon Jun  9 11:38:00 CDT 2025: NextJS server is not running. Skipping scheduled reports check.
Mon Jun  9 11:39:00 CDT 2025: Checking if NextJS server is running...
Mon Jun  9 11:39:00 CDT 2025: Running scheduled reports
/Users/sim/Project2/scripts/../scripts/run-simple-scheduled-reports.sh: line 16: node: command not found
Mon Jun  9 11:39:00 CDT 2025: NextJS server is not running. Skipping scheduled reports check.
Mon Jun  9 11:40:00 CDT 2025: Running scheduled reports
Mon Jun  9 11:40:00 CDT 2025: Checking if NextJS server is running...
/Users/sim/Project2/scripts/../scripts/run-simple-scheduled-reports.sh: line 16: node: command not found
Mon Jun  9 11:40:00 CDT 2025: NextJS server is not running. Skipping scheduled reports check.
Mon Jun  9 11:41:00 CDT 2025: Checking if NextJS server is running...
Mon Jun  9 11:41:00 CDT 2025: Running scheduled reports
/Users/sim/Project2/scripts/../scripts/run-simple-scheduled-reports.sh: line 16: node: command not found
Mon Jun  9 11:41:00 CDT 2025: NextJS server is not running. Skipping scheduled reports check.
Mon Jun  9 11:42:00 CDT 2025: Checking if NextJS server is running...
Mon Jun  9 11:42:00 CDT 2025: Running scheduled reports
/Users/sim/Project2/scripts/../scripts/run-simple-scheduled-reports.sh: line 16: node: command not found
Mon Jun  9 11:42:00 CDT 2025: NextJS server is not running. Skipping scheduled reports check.
Mon Jun  9 11:43:00 CDT 2025: Checking if NextJS server is running...
Mon Jun  9 11:43:00 CDT 2025: Running scheduled reports
/Users/sim/Project2/scripts/../scripts/run-simple-scheduled-reports.sh: line 16: node: command not found
Mon Jun  9 11:43:00 CDT 2025: NextJS server is not running. Skipping scheduled reports check.
Mon Jun  9 11:44:00 CDT 2025: Running scheduled reports
Mon Jun  9 11:44:00 CDT 2025: Checking if NextJS server is running...
/Users/sim/Project2/scripts/../scripts/run-simple-scheduled-reports.sh: line 16: node: command not found
Mon Jun  9 11:44:00 CDT 2025: NextJS server is not running. Skipping scheduled reports check.
Mon Jun  9 11:45:00 CDT 2025: Running scheduled reports
Mon Jun  9 11:45:00 CDT 2025: Checking if NextJS server is running...
/Users/sim/Project2/scripts/../scripts/run-simple-scheduled-reports.sh: line 16: node: command not found
Mon Jun  9 11:45:00 CDT 2025: NextJS server is not running. Skipping scheduled reports check.
Mon Jun  9 11:46:01 CDT 2025: Running scheduled reports
Mon Jun  9 11:46:01 CDT 2025: Checking if NextJS server is running...
/Users/sim/Project2/scripts/../scripts/run-simple-scheduled-reports.sh: line 16: node: command not found
Mon Jun  9 11:46:01 CDT 2025: NextJS server is not running. Skipping scheduled reports check.
Mon Jun  9 12:12:00 CDT 2025: Checking if NextJS server is running...
Mon Jun  9 12:12:00 CDT 2025: Running scheduled reports
/Users/sim/Project2/scripts/../scripts/run-simple-scheduled-reports.sh: line 16: node: command not found
Mon Jun  9 12:12:00 CDT 2025: NextJS server is not running. Skipping scheduled reports check.
Mon Jun  9 12:13:00 CDT 2025: Running scheduled reports
Mon Jun  9 12:13:00 CDT 2025: Checking if NextJS server is running...
/Users/sim/Project2/scripts/../scripts/run-simple-scheduled-reports.sh: line 16: node: command not found
Mon Jun  9 12:13:00 CDT 2025: NextJS server is not running. Skipping scheduled reports check.
Mon Jun  9 12:14:01 CDT 2025: Checking if NextJS server is running...
Mon Jun  9 12:14:01 CDT 2025: Running scheduled reports
/Users/sim/Project2/scripts/../scripts/run-simple-scheduled-reports.sh: line 16: node: command not found
Mon Jun  9 12:14:01 CDT 2025: NextJS server is not running. Skipping scheduled reports check.
Mon Jun  9 12:15:06 CDT 2025: Running scheduled reports
Mon Jun  9 12:15:06 CDT 2025: Checking if NextJS server is running...
/Users/sim/Project2/scripts/../scripts/run-simple-scheduled-reports.sh: line 16: node: command not found
Mon Jun  9 12:15:06 CDT 2025: NextJS server is not running. Skipping scheduled reports check.
Mon Jun  9 12:16:04 CDT 2025: Running scheduled reports
Mon Jun  9 12:16:04 CDT 2025: Checking if NextJS server is running...
/Users/sim/Project2/scripts/../scripts/run-simple-scheduled-reports.sh: line 16: node: command not found
Mon Jun  9 12:16:04 CDT 2025: NextJS server is not running. Skipping scheduled reports check.
Mon Jun  9 12:17:09 CDT 2025: Checking if NextJS server is running...
Mon Jun  9 12:17:09 CDT 2025: Running scheduled reports
/Users/sim/Project2/scripts/../scripts/run-simple-scheduled-reports.sh: line 16: node: command not found
Mon Jun  9 12:17:09 CDT 2025: NextJS server is not running. Skipping scheduled reports check.
Mon Jun  9 12:18:06 CDT 2025: Running scheduled reports
Mon Jun  9 12:18:06 CDT 2025: Checking if NextJS server is running...
/Users/sim/Project2/scripts/../scripts/run-simple-scheduled-reports.sh: line 16: node: command not found
Mon Jun  9 12:18:06 CDT 2025: NextJS server is not running. Skipping scheduled reports check.
Mon Jun  9 12:19:11 CDT 2025: Checking if NextJS server is running...
Mon Jun  9 12:19:11 CDT 2025: Running scheduled reports
/Users/sim/Project2/scripts/../scripts/run-simple-scheduled-reports.sh: line 16: node: command not found
Mon Jun  9 12:19:11 CDT 2025: NextJS server is not running. Skipping scheduled reports check.
Mon Jun  9 12:20:10 CDT 2025: Running scheduled reports
Mon Jun  9 12:20:10 CDT 2025: Checking if NextJS server is running...
/Users/sim/Project2/scripts/../scripts/run-simple-scheduled-reports.sh: line 16: node: command not found
Mon Jun  9 12:20:10 CDT 2025: NextJS server is not running. Skipping scheduled reports check.
Mon Jun  9 12:21:04 CDT 2025: Checking if NextJS server is running...
Mon Jun  9 12:21:04 CDT 2025: Running scheduled reports
/Users/sim/Project2/scripts/../scripts/run-simple-scheduled-reports.sh: line 16: node: command not found
Mon Jun  9 12:21:04 CDT 2025: NextJS server is not running. Skipping scheduled reports check.
Mon Jun  9 12:22:08 CDT 2025: Running scheduled reports
Mon Jun  9 12:22:08 CDT 2025: Checking if NextJS server is running...
/Users/sim/Project2/scripts/../scripts/run-simple-scheduled-reports.sh: line 16: node: command not found
Mon Jun  9 12:22:08 CDT 2025: NextJS server is not running. Skipping scheduled reports check.
Mon Jun  9 12:23:07 CDT 2025: Checking if NextJS server is running...
Mon Jun  9 12:23:07 CDT 2025: Running scheduled reports
/Users/sim/Project2/scripts/../scripts/run-simple-scheduled-reports.sh: line 16: node: command not found
Mon Jun  9 12:23:07 CDT 2025: NextJS server is not running. Skipping scheduled reports check.
Mon Jun  9 12:24:07 CDT 2025: Checking if NextJS server is running...
Mon Jun  9 12:24:07 CDT 2025: Running scheduled reports
/Users/sim/Project2/scripts/../scripts/run-simple-scheduled-reports.sh: line 16: node: command not found
Mon Jun  9 12:24:07 CDT 2025: NextJS server is not running. Skipping scheduled reports check.
Mon Jun  9 12:25:06 CDT 2025: Checking if NextJS server is running...
Mon Jun  9 12:25:06 CDT 2025: Running scheduled reports
/Users/sim/Project2/scripts/../scripts/run-simple-scheduled-reports.sh: line 16: node: command not found
Mon Jun  9 12:25:06 CDT 2025: NextJS server is not running. Skipping scheduled reports check.
Mon Jun  9 12:26:05 CDT 2025: Checking if NextJS server is running...
Mon Jun  9 12:26:05 CDT 2025: Running scheduled reports
/Users/sim/Project2/scripts/../scripts/run-simple-scheduled-reports.sh: line 16: node: command not found
Mon Jun  9 12:26:05 CDT 2025: NextJS server is not running. Skipping scheduled reports check.
Mon Jun  9 12:27:03 CDT 2025: Running scheduled reports
Mon Jun  9 12:27:03 CDT 2025: Checking if NextJS server is running...
/Users/sim/Project2/scripts/../scripts/run-simple-scheduled-reports.sh: line 16: node: command not found
Mon Jun  9 12:27:03 CDT 2025: NextJS server is not running. Skipping scheduled reports check.
Mon Jun  9 12:28:04 CDT 2025: Checking if NextJS server is running...
Mon Jun  9 12:28:04 CDT 2025: Running scheduled reports
/Users/sim/Project2/scripts/../scripts/run-simple-scheduled-reports.sh: line 16: node: command not found
Mon Jun  9 12:28:04 CDT 2025: NextJS server is not running. Skipping scheduled reports check.
Mon Jun  9 12:29:04 CDT 2025: Running scheduled reports
Mon Jun  9 12:29:04 CDT 2025: Checking if NextJS server is running...
/Users/sim/Project2/scripts/../scripts/run-simple-scheduled-reports.sh: line 16: node: command not found
Mon Jun  9 12:29:04 CDT 2025: NextJS server is not running. Skipping scheduled reports check.
Mon Jun  9 12:30:05 CDT 2025: Running scheduled reports
Mon Jun  9 12:30:05 CDT 2025: Checking if NextJS server is running...
/Users/sim/Project2/scripts/../scripts/run-simple-scheduled-reports.sh: line 16: node: command not found
Mon Jun  9 12:30:05 CDT 2025: NextJS server is not running. Skipping scheduled reports check.
Mon Jun  9 12:31:04 CDT 2025: Running scheduled reports
Mon Jun  9 12:31:04 CDT 2025: Checking if NextJS server is running...
/Users/sim/Project2/scripts/../scripts/run-simple-scheduled-reports.sh: line 16: node: command not found
Mon Jun  9 12:31:04 CDT 2025: NextJS server is not running. Skipping scheduled reports check.
Mon Jun  9 12:32:03 CDT 2025: Running scheduled reports
Mon Jun  9 12:32:03 CDT 2025: Checking if NextJS server is running...
/Users/sim/Project2/scripts/../scripts/run-simple-scheduled-reports.sh: line 16: node: command not found
Mon Jun  9 12:32:03 CDT 2025: NextJS server is not running. Skipping scheduled reports check.
Mon Jun  9 12:33:04 CDT 2025: Checking if NextJS server is running...
Mon Jun  9 12:33:04 CDT 2025: Running scheduled reports
/Users/sim/Project2/scripts/../scripts/run-simple-scheduled-reports.sh: line 16: node: command not found
Mon Jun  9 12:33:04 CDT 2025: NextJS server is not running. Skipping scheduled reports check.
Mon Jun  9 12:34:04 CDT 2025: Running scheduled reports
Mon Jun  9 12:34:04 CDT 2025: Checking if NextJS server is running...
/Users/sim/Project2/scripts/../scripts/run-simple-scheduled-reports.sh: line 16: node: command not found
Mon Jun  9 12:34:04 CDT 2025: NextJS server is not running. Skipping scheduled reports check.
Mon Jun  9 12:35:05 CDT 2025: Running scheduled reports
Mon Jun  9 12:35:05 CDT 2025: Checking if NextJS server is running...
/Users/sim/Project2/scripts/../scripts/run-simple-scheduled-reports.sh: line 16: node: command not found
Mon Jun  9 12:35:05 CDT 2025: NextJS server is not running. Skipping scheduled reports check.
Mon Jun  9 12:36:02 CDT 2025: Running scheduled reports
Mon Jun  9 12:36:02 CDT 2025: Checking if NextJS server is running...
/Users/sim/Project2/scripts/../scripts/run-simple-scheduled-reports.sh: line 16: node: command not found
Mon Jun  9 12:36:02 CDT 2025: NextJS server is not running. Skipping scheduled reports check.
Mon Jun  9 12:37:06 CDT 2025: Checking if NextJS server is running...
Mon Jun  9 12:37:06 CDT 2025: Running scheduled reports
/Users/sim/Project2/scripts/../scripts/run-simple-scheduled-reports.sh: line 16: node: command not found
Mon Jun  9 12:37:06 CDT 2025: NextJS server is not running. Skipping scheduled reports check.
Mon Jun  9 12:38:04 CDT 2025: Running scheduled reports
Mon Jun  9 12:38:04 CDT 2025: Checking if NextJS server is running...
/Users/sim/Project2/scripts/../scripts/run-simple-scheduled-reports.sh: line 16: node: command not found
Mon Jun  9 12:38:04 CDT 2025: NextJS server is not running. Skipping scheduled reports check.
Mon Jun  9 12:39:03 CDT 2025: Running scheduled reports
Mon Jun  9 12:39:03 CDT 2025: Checking if NextJS server is running...
/Users/sim/Project2/scripts/../scripts/run-simple-scheduled-reports.sh: line 16: node: command not found
Mon Jun  9 12:39:03 CDT 2025: NextJS server is not running. Skipping scheduled reports check.
Mon Jun  9 12:40:04 CDT 2025: Checking if NextJS server is running...
Mon Jun  9 12:40:04 CDT 2025: Running scheduled reports
/Users/sim/Project2/scripts/../scripts/run-simple-scheduled-reports.sh: line 16: node: command not found
Mon Jun  9 12:40:04 CDT 2025: NextJS server is not running. Skipping scheduled reports check.
Mon Jun  9 12:41:05 CDT 2025: Checking if NextJS server is running...
Mon Jun  9 12:41:05 CDT 2025: Running scheduled reports
/Users/sim/Project2/scripts/../scripts/run-simple-scheduled-reports.sh: line 16: node: command not found
Mon Jun  9 12:41:05 CDT 2025: NextJS server is not running. Skipping scheduled reports check.
Mon Jun  9 12:42:04 CDT 2025: Running scheduled reports
Mon Jun  9 12:42:04 CDT 2025: Checking if NextJS server is running...
/Users/sim/Project2/scripts/../scripts/run-simple-scheduled-reports.sh: line 16: node: command not found
Mon Jun  9 12:42:04 CDT 2025: NextJS server is not running. Skipping scheduled reports check.
Mon Jun  9 12:43:04 CDT 2025: Running scheduled reports
Mon Jun  9 12:43:04 CDT 2025: Checking if NextJS server is running...
/Users/sim/Project2/scripts/../scripts/run-simple-scheduled-reports.sh: line 16: node: command not found
Mon Jun  9 12:43:04 CDT 2025: NextJS server is not running. Skipping scheduled reports check.
Mon Jun  9 12:44:04 CDT 2025: Running scheduled reports
Mon Jun  9 12:44:04 CDT 2025: Checking if NextJS server is running...
/Users/sim/Project2/scripts/../scripts/run-simple-scheduled-reports.sh: line 16: node: command not found
Mon Jun  9 12:44:04 CDT 2025: NextJS server is not running. Skipping scheduled reports check.
Mon Jun  9 12:45:06 CDT 2025: Checking if NextJS server is running...
Mon Jun  9 12:45:06 CDT 2025: Running scheduled reports
/Users/sim/Project2/scripts/../scripts/run-simple-scheduled-reports.sh: line 16: node: command not found
Mon Jun  9 12:45:06 CDT 2025: NextJS server is not running. Skipping scheduled reports check.
Mon Jun  9 12:46:04 CDT 2025: Checking if NextJS server is running...
Mon Jun  9 12:46:04 CDT 2025: Running scheduled reports
/Users/sim/Project2/scripts/../scripts/run-simple-scheduled-reports.sh: line 16: node: command not found
Mon Jun  9 12:46:04 CDT 2025: NextJS server is not running. Skipping scheduled reports check.
Mon Jun  9 12:47:06 CDT 2025: Checking if NextJS server is running...
Mon Jun  9 12:47:06 CDT 2025: Running scheduled reports
/Users/sim/Project2/scripts/../scripts/run-simple-scheduled-reports.sh: line 16: node: command not found
Mon Jun  9 12:47:06 CDT 2025: NextJS server is not running. Skipping scheduled reports check.
Mon Jun  9 12:48:03 CDT 2025: Checking if NextJS server is running...
Mon Jun  9 12:48:03 CDT 2025: Running scheduled reports
/Users/sim/Project2/scripts/../scripts/run-simple-scheduled-reports.sh: line 16: node: command not found
Mon Jun  9 12:48:03 CDT 2025: NextJS server is not running. Skipping scheduled reports check.
Mon Jun  9 12:49:05 CDT 2025: Checking if NextJS server is running...
Mon Jun  9 12:49:05 CDT 2025: Running scheduled reports
/Users/sim/Project2/scripts/../scripts/run-simple-scheduled-reports.sh: line 16: node: command not found
Mon Jun  9 12:49:05 CDT 2025: NextJS server is not running. Skipping scheduled reports check.
Mon Jun  9 12:50:05 CDT 2025: Running scheduled reports
Mon Jun  9 12:50:05 CDT 2025: Checking if NextJS server is running...
/Users/sim/Project2/scripts/../scripts/run-simple-scheduled-reports.sh: line 16: node: command not found
Mon Jun  9 12:50:05 CDT 2025: NextJS server is not running. Skipping scheduled reports check.
Mon Jun  9 12:51:04 CDT 2025: Checking if NextJS server is running...
Mon Jun  9 12:51:04 CDT 2025: Running scheduled reports
/Users/sim/Project2/scripts/../scripts/run-simple-scheduled-reports.sh: line 16: node: command not found
Mon Jun  9 12:51:04 CDT 2025: NextJS server is not running. Skipping scheduled reports check.
Mon Jun  9 12:52:06 CDT 2025: Running scheduled reports
Mon Jun  9 12:52:06 CDT 2025: Checking if NextJS server is running...
/Users/sim/Project2/scripts/../scripts/run-simple-scheduled-reports.sh: line 16: node: command not found
Mon Jun  9 12:52:06 CDT 2025: NextJS server is not running. Skipping scheduled reports check.
Mon Jun  9 12:53:04 CDT 2025: Running scheduled reports
Mon Jun  9 12:53:04 CDT 2025: Checking if NextJS server is running...
/Users/sim/Project2/scripts/../scripts/run-simple-scheduled-reports.sh: line 16: node: command not found
Mon Jun  9 12:53:04 CDT 2025: NextJS server is not running. Skipping scheduled reports check.
Mon Jun  9 12:54:04 CDT 2025: Checking if NextJS server is running...
Mon Jun  9 12:54:04 CDT 2025: Running scheduled reports
/Users/sim/Project2/scripts/../scripts/run-simple-scheduled-reports.sh: line 16: node: command not found
Mon Jun  9 12:54:04 CDT 2025: NextJS server is not running. Skipping scheduled reports check.
Mon Jun  9 12:55:04 CDT 2025: Checking if NextJS server is running...
Mon Jun  9 12:55:04 CDT 2025: Running scheduled reports
/Users/sim/Project2/scripts/../scripts/run-simple-scheduled-reports.sh: line 16: node: command not found
Mon Jun  9 12:55:04 CDT 2025: NextJS server is not running. Skipping scheduled reports check.
Mon Jun  9 12:56:02 CDT 2025: Checking if NextJS server is running...
Mon Jun  9 12:56:02 CDT 2025: Running scheduled reports
/Users/sim/Project2/scripts/../scripts/run-simple-scheduled-reports.sh: line 16: node: command not found
Mon Jun  9 12:56:02 CDT 2025: NextJS server is not running. Skipping scheduled reports check.
Mon Jun  9 12:57:06 CDT 2025: Running scheduled reports
Mon Jun  9 12:57:06 CDT 2025: Checking if NextJS server is running...
/Users/sim/Project2/scripts/../scripts/run-simple-scheduled-reports.sh: line 16: node: command not found
Mon Jun  9 12:57:06 CDT 2025: NextJS server is not running. Skipping scheduled reports check.
Mon Jun  9 12:58:03 CDT 2025: Checking if NextJS server is running...
Mon Jun  9 12:58:03 CDT 2025: Running scheduled reports
/Users/sim/Project2/scripts/../scripts/run-simple-scheduled-reports.sh: line 16: node: command not found
Mon Jun  9 12:58:03 CDT 2025: NextJS server is not running. Skipping scheduled reports check.
Mon Jun  9 12:59:05 CDT 2025: Running scheduled reports
Mon Jun  9 12:59:05 CDT 2025: Checking if NextJS server is running...
/Users/sim/Project2/scripts/../scripts/run-simple-scheduled-reports.sh: line 16: node: command not found
Mon Jun  9 12:59:05 CDT 2025: NextJS server is not running. Skipping scheduled reports check.
Mon Jun  9 13:00:04 CDT 2025: Checking if NextJS server is running...
Mon Jun  9 13:00:04 CDT 2025: Running scheduled reports
/Users/sim/Project2/scripts/../scripts/run-simple-scheduled-reports.sh: line 16: node: command not found
Mon Jun  9 13:00:04 CDT 2025: NextJS server is not running. Skipping scheduled reports check.
Mon Jun  9 13:01:03 CDT 2025: Running scheduled reports
Mon Jun  9 13:01:03 CDT 2025: Checking if NextJS server is running...
/Users/sim/Project2/scripts/../scripts/run-simple-scheduled-reports.sh: line 16: node: command not found
Mon Jun  9 13:01:03 CDT 2025: NextJS server is not running. Skipping scheduled reports check.
Mon Jun  9 13:02:05 CDT 2025: Running scheduled reports
Mon Jun  9 13:02:05 CDT 2025: Checking if NextJS server is running...
/Users/sim/Project2/scripts/../scripts/run-simple-scheduled-reports.sh: line 16: node: command not found
Mon Jun  9 13:02:05 CDT 2025: NextJS server is not running. Skipping scheduled reports check.
Mon Jun  9 13:03:05 CDT 2025: Running scheduled reports
Mon Jun  9 13:03:05 CDT 2025: Checking if NextJS server is running...
/Users/sim/Project2/scripts/../scripts/run-simple-scheduled-reports.sh: line 16: node: command not found
Mon Jun  9 13:03:05 CDT 2025: NextJS server is not running. Skipping scheduled reports check.
Mon Jun  9 13:04:04 CDT 2025: Checking if NextJS server is running...
Mon Jun  9 13:04:04 CDT 2025: Running scheduled reports
/Users/sim/Project2/scripts/../scripts/run-simple-scheduled-reports.sh: line 16: node: command not found
Mon Jun  9 13:04:04 CDT 2025: NextJS server is not running. Skipping scheduled reports check.
Mon Jun  9 13:05:05 CDT 2025: Checking if NextJS server is running...
Mon Jun  9 13:05:05 CDT 2025: Running scheduled reports
/Users/sim/Project2/scripts/../scripts/run-simple-scheduled-reports.sh: line 16: node: command not found
Mon Jun  9 13:05:05 CDT 2025: NextJS server is not running. Skipping scheduled reports check.
Mon Jun  9 13:06:03 CDT 2025: Checking if NextJS server is running...
Mon Jun  9 13:06:03 CDT 2025: Running scheduled reports
/Users/sim/Project2/scripts/../scripts/run-simple-scheduled-reports.sh: line 16: node: command not found
Mon Jun  9 13:06:03 CDT 2025: NextJS server is not running. Skipping scheduled reports check.
Mon Jun  9 13:07:03 CDT 2025: Running scheduled reports
Mon Jun  9 13:07:03 CDT 2025: Checking if NextJS server is running...
/Users/sim/Project2/scripts/../scripts/run-simple-scheduled-reports.sh: line 16: node: command not found
Mon Jun  9 13:07:03 CDT 2025: NextJS server is not running. Skipping scheduled reports check.
Mon Jun  9 13:08:09 CDT 2025: Running scheduled reports
Mon Jun  9 13:08:09 CDT 2025: Checking if NextJS server is running...
/Users/sim/Project2/scripts/../scripts/run-simple-scheduled-reports.sh: line 16: node: command not found
Mon Jun  9 13:08:09 CDT 2025: NextJS server is not running. Skipping scheduled reports check.
Mon Jun  9 13:09:04 CDT 2025: Checking if NextJS server is running...
Mon Jun  9 13:09:04 CDT 2025: Running scheduled reports
/Users/sim/Project2/scripts/../scripts/run-simple-scheduled-reports.sh: line 16: node: command not found
Mon Jun  9 13:09:04 CDT 2025: NextJS server is not running. Skipping scheduled reports check.
Mon Jun  9 13:10:04 CDT 2025: Checking if NextJS server is running...
Mon Jun  9 13:10:04 CDT 2025: Running scheduled reports
/Users/sim/Project2/scripts/../scripts/run-simple-scheduled-reports.sh: line 16: node: command not found
Mon Jun  9 13:10:04 CDT 2025: NextJS server is not running. Skipping scheduled reports check.
Mon Jun  9 13:11:05 CDT 2025: Running scheduled reports
Mon Jun  9 13:11:05 CDT 2025: Checking if NextJS server is running...
/Users/sim/Project2/scripts/../scripts/run-simple-scheduled-reports.sh: line 16: node: command not found
Mon Jun  9 13:11:05 CDT 2025: NextJS server is not running. Skipping scheduled reports check.
Mon Jun  9 13:12:05 CDT 2025: Running scheduled reports
Mon Jun  9 13:12:05 CDT 2025: Checking if NextJS server is running...
/Users/sim/Project2/scripts/../scripts/run-simple-scheduled-reports.sh: line 16: node: command not found
Mon Jun  9 13:12:05 CDT 2025: NextJS server is not running. Skipping scheduled reports check.
Mon Jun  9 13:13:03 CDT 2025: Checking if NextJS server is running...
Mon Jun  9 13:13:03 CDT 2025: Running scheduled reports
/Users/sim/Project2/scripts/../scripts/run-simple-scheduled-reports.sh: line 16: node: command not found
Mon Jun  9 13:13:03 CDT 2025: NextJS server is not running. Skipping scheduled reports check.
Mon Jun  9 13:14:04 CDT 2025: Checking if NextJS server is running...
Mon Jun  9 13:14:04 CDT 2025: Running scheduled reports
/Users/sim/Project2/scripts/../scripts/run-simple-scheduled-reports.sh: line 16: node: command not found
Mon Jun  9 13:14:04 CDT 2025: NextJS server is not running. Skipping scheduled reports check.
Mon Jun  9 13:15:06 CDT 2025: Running scheduled reports
Mon Jun  9 13:15:06 CDT 2025: Checking if NextJS server is running...
/Users/sim/Project2/scripts/../scripts/run-simple-scheduled-reports.sh: line 16: node: command not found
Mon Jun  9 13:15:06 CDT 2025: NextJS server is not running. Skipping scheduled reports check.
Mon Jun  9 13:16:04 CDT 2025: Checking if NextJS server is running...
Mon Jun  9 13:16:04 CDT 2025: Running scheduled reports
/Users/sim/Project2/scripts/../scripts/run-simple-scheduled-reports.sh: line 16: node: command not found
Mon Jun  9 13:16:04 CDT 2025: NextJS server is not running. Skipping scheduled reports check.
Mon Jun  9 13:17:05 CDT 2025: Checking if NextJS server is running...
Mon Jun  9 13:17:05 CDT 2025: Running scheduled reports
/Users/sim/Project2/scripts/../scripts/run-simple-scheduled-reports.sh: line 16: node: command not found
Mon Jun  9 13:17:05 CDT 2025: NextJS server is not running. Skipping scheduled reports check.
Mon Jun  9 13:18:03 CDT 2025: Checking if NextJS server is running...
Mon Jun  9 13:18:03 CDT 2025: Running scheduled reports
/Users/sim/Project2/scripts/../scripts/run-simple-scheduled-reports.sh: line 16: node: command not found
Mon Jun  9 13:18:03 CDT 2025: NextJS server is not running. Skipping scheduled reports check.
Mon Jun  9 13:19:04 CDT 2025: Checking if NextJS server is running...
Mon Jun  9 13:19:04 CDT 2025: Running scheduled reports
/Users/sim/Project2/scripts/../scripts/run-simple-scheduled-reports.sh: line 16: node: command not found
Mon Jun  9 13:19:04 CDT 2025: NextJS server is not running. Skipping scheduled reports check.
Mon Jun  9 13:20:05 CDT 2025: Running scheduled reports
Mon Jun  9 13:20:05 CDT 2025: Checking if NextJS server is running...
/Users/sim/Project2/scripts/../scripts/run-simple-scheduled-reports.sh: line 16: node: command not found
Mon Jun  9 13:20:05 CDT 2025: NextJS server is not running. Skipping scheduled reports check.
Mon Jun  9 13:21:04 CDT 2025: Checking if NextJS server is running...
Mon Jun  9 13:21:04 CDT 2025: Running scheduled reports
/Users/sim/Project2/scripts/../scripts/run-simple-scheduled-reports.sh: line 16: node: command not found
Mon Jun  9 13:21:04 CDT 2025: NextJS server is not running. Skipping scheduled reports check.
Mon Jun  9 13:22:04 CDT 2025: Running scheduled reports
Mon Jun  9 13:22:04 CDT 2025: Checking if NextJS server is running...
/Users/sim/Project2/scripts/../scripts/run-simple-scheduled-reports.sh: line 16: node: command not found
Mon Jun  9 13:22:04 CDT 2025: NextJS server is not running. Skipping scheduled reports check.
Mon Jun  9 13:23:04 CDT 2025: Checking if NextJS server is running...
Mon Jun  9 13:23:04 CDT 2025: Running scheduled reports
/Users/sim/Project2/scripts/../scripts/run-simple-scheduled-reports.sh: line 16: node: command not found
Mon Jun  9 13:23:04 CDT 2025: NextJS server is not running. Skipping scheduled reports check.
Mon Jun  9 13:24:04 CDT 2025: Checking if NextJS server is running...
Mon Jun  9 13:24:04 CDT 2025: Running scheduled reports
/Users/sim/Project2/scripts/../scripts/run-simple-scheduled-reports.sh: line 16: node: command not found
Mon Jun  9 13:24:04 CDT 2025: NextJS server is not running. Skipping scheduled reports check.
Mon Jun  9 13:25:04 CDT 2025: Running scheduled reports
Mon Jun  9 13:25:04 CDT 2025: Checking if NextJS server is running...
/Users/sim/Project2/scripts/../scripts/run-simple-scheduled-reports.sh: line 16: node: command not found
Mon Jun  9 13:25:04 CDT 2025: NextJS server is not running. Skipping scheduled reports check.
Mon Jun  9 13:26:06 CDT 2025: Running scheduled reports
Mon Jun  9 13:26:06 CDT 2025: Checking if NextJS server is running...
/Users/sim/Project2/scripts/../scripts/run-simple-scheduled-reports.sh: line 16: node: command not found
Mon Jun  9 13:26:06 CDT 2025: NextJS server is not running. Skipping scheduled reports check.
Mon Jun  9 13:27:01 CDT 2025: Checking if NextJS server is running...
Mon Jun  9 13:27:01 CDT 2025: Running scheduled reports
/Users/sim/Project2/scripts/../scripts/run-simple-scheduled-reports.sh: line 16: node: command not found
Mon Jun  9 13:27:02 CDT 2025: NextJS server is not running. Skipping scheduled reports check.
Mon Jun  9 13:28:00 CDT 2025: Running scheduled reports
Mon Jun  9 13:28:00 CDT 2025: Checking if NextJS server is running...
/Users/sim/Project2/scripts/../scripts/run-simple-scheduled-reports.sh: line 16: node: command not found
Mon Jun  9 13:28:00 CDT 2025: NextJS server is not running. Skipping scheduled reports check.
Mon Jun  9 13:29:00 CDT 2025: Checking if NextJS server is running...
Mon Jun  9 13:29:00 CDT 2025: Running scheduled reports
/Users/sim/Project2/scripts/../scripts/run-simple-scheduled-reports.sh: line 16: node: command not found
Mon Jun  9 13:29:00 CDT 2025: NextJS server is not running. Skipping scheduled reports check.
Mon Jun  9 13:30:00 CDT 2025: Running scheduled reports
Mon Jun  9 13:30:00 CDT 2025: Checking if NextJS server is running...
/Users/sim/Project2/scripts/../scripts/run-simple-scheduled-reports.sh: line 16: node: command not found
Mon Jun  9 13:30:00 CDT 2025: NextJS server is not running. Skipping scheduled reports check.
Mon Jun  9 13:31:00 CDT 2025: Checking if NextJS server is running...
Mon Jun  9 13:31:00 CDT 2025: Running scheduled reports
/Users/sim/Project2/scripts/../scripts/run-simple-scheduled-reports.sh: line 16: node: command not found
Mon Jun  9 13:31:00 CDT 2025: NextJS server is not running. Skipping scheduled reports check.
Mon Jun  9 13:32:00 CDT 2025: Running scheduled reports
Mon Jun  9 13:32:00 CDT 2025: Checking if NextJS server is running...
/Users/sim/Project2/scripts/../scripts/run-simple-scheduled-reports.sh: line 16: node: command not found
Mon Jun  9 13:32:00 CDT 2025: NextJS server is not running. Skipping scheduled reports check.
Mon Jun  9 13:33:00 CDT 2025: Running scheduled reports
Mon Jun  9 13:33:00 CDT 2025: Checking if NextJS server is running...
/Users/sim/Project2/scripts/../scripts/run-simple-scheduled-reports.sh: line 16: node: command not found
Mon Jun  9 13:33:01 CDT 2025: NextJS server is not running. Skipping scheduled reports check.
Mon Jun  9 13:34:00 CDT 2025: Checking if NextJS server is running...
Mon Jun  9 13:34:00 CDT 2025: Running scheduled reports
/Users/sim/Project2/scripts/../scripts/run-simple-scheduled-reports.sh: line 16: node: command not found
Mon Jun  9 13:34:00 CDT 2025: NextJS server is not running. Skipping scheduled reports check.
Mon Jun  9 13:35:00 CDT 2025: Running scheduled reports
Mon Jun  9 13:35:00 CDT 2025: Checking if NextJS server is running...
/Users/sim/Project2/scripts/../scripts/run-simple-scheduled-reports.sh: line 16: node: command not found
Mon Jun  9 13:35:00 CDT 2025: NextJS server is not running. Skipping scheduled reports check.
Mon Jun  9 13:36:00 CDT 2025: Checking if NextJS server is running...
Mon Jun  9 13:36:00 CDT 2025: Running scheduled reports
/Users/sim/Project2/scripts/../scripts/run-simple-scheduled-reports.sh: line 16: node: command not found
Mon Jun  9 13:36:00 CDT 2025: NextJS server is not running. Skipping scheduled reports check.
Mon Jun  9 13:37:00 CDT 2025: Running scheduled reports
Mon Jun  9 13:37:00 CDT 2025: Checking if NextJS server is running...
/Users/sim/Project2/scripts/../scripts/run-simple-scheduled-reports.sh: line 16: node: command not found
Mon Jun  9 13:37:00 CDT 2025: NextJS server is not running. Skipping scheduled reports check.
Mon Jun  9 13:38:00 CDT 2025: Checking if NextJS server is running...
Mon Jun  9 13:38:00 CDT 2025: Running scheduled reports
/Users/sim/Project2/scripts/../scripts/run-simple-scheduled-reports.sh: line 16: node: command not found
Mon Jun  9 13:38:00 CDT 2025: NextJS server is not running. Skipping scheduled reports check.
Mon Jun  9 13:39:00 CDT 2025: Running scheduled reports
Mon Jun  9 13:39:00 CDT 2025: Checking if NextJS server is running...
/Users/sim/Project2/scripts/../scripts/run-simple-scheduled-reports.sh: line 16: node: command not found
Mon Jun  9 13:39:01 CDT 2025: NextJS server is not running. Skipping scheduled reports check.
Mon Jun  9 13:40:00 CDT 2025: Checking if NextJS server is running...
Mon Jun  9 13:40:00 CDT 2025: Running scheduled reports
/Users/sim/Project2/scripts/../scripts/run-simple-scheduled-reports.sh: line 16: node: command not found
Mon Jun  9 13:40:00 CDT 2025: NextJS server is not running. Skipping scheduled reports check.
Mon Jun  9 13:41:00 CDT 2025: Checking if NextJS server is running...
Mon Jun  9 13:41:00 CDT 2025: Running scheduled reports
/Users/sim/Project2/scripts/../scripts/run-simple-scheduled-reports.sh: line 16: node: command not found
Mon Jun  9 13:41:00 CDT 2025: NextJS server is not running. Skipping scheduled reports check.
Mon Jun  9 13:42:00 CDT 2025: Running scheduled reports
Mon Jun  9 13:42:00 CDT 2025: Checking if NextJS server is running...
/Users/sim/Project2/scripts/../scripts/run-simple-scheduled-reports.sh: line 16: node: command not found
Mon Jun  9 13:42:00 CDT 2025: NextJS server is not running. Skipping scheduled reports check.
Mon Jun  9 13:43:00 CDT 2025: Checking if NextJS server is running...
Mon Jun  9 13:43:00 CDT 2025: Running scheduled reports
/Users/sim/Project2/scripts/../scripts/run-simple-scheduled-reports.sh: line 16: node: command not found
Mon Jun  9 13:43:00 CDT 2025: NextJS server is not running. Skipping scheduled reports check.
Mon Jun  9 13:44:00 CDT 2025: Checking if NextJS server is running...
Mon Jun  9 13:44:00 CDT 2025: Running scheduled reports
/Users/sim/Project2/scripts/../scripts/run-simple-scheduled-reports.sh: line 16: node: command not found
Mon Jun  9 13:44:00 CDT 2025: NextJS server is not running. Skipping scheduled reports check.
Mon Jun  9 13:45:00 CDT 2025: Running scheduled reports
Mon Jun  9 13:45:00 CDT 2025: Checking if NextJS server is running...
/Users/sim/Project2/scripts/../scripts/run-simple-scheduled-reports.sh: line 16: node: command not found
Mon Jun  9 13:45:01 CDT 2025: NextJS server is not running. Skipping scheduled reports check.
Mon Jun  9 13:46:00 CDT 2025: Checking if NextJS server is running...
Mon Jun  9 13:46:00 CDT 2025: Running scheduled reports
/Users/sim/Project2/scripts/../scripts/run-simple-scheduled-reports.sh: line 16: node: command not found
Mon Jun  9 13:46:00 CDT 2025: NextJS server is not running. Skipping scheduled reports check.
Mon Jun  9 13:47:00 CDT 2025: Checking if NextJS server is running...
Mon Jun  9 13:47:00 CDT 2025: Running scheduled reports
/Users/sim/Project2/scripts/../scripts/run-simple-scheduled-reports.sh: line 16: node: command not found
Mon Jun  9 13:47:00 CDT 2025: NextJS server is not running. Skipping scheduled reports check.
Mon Jun  9 13:48:00 CDT 2025: Running scheduled reports
Mon Jun  9 13:48:00 CDT 2025: Checking if NextJS server is running...
/Users/sim/Project2/scripts/../scripts/run-simple-scheduled-reports.sh: line 16: node: command not found
Mon Jun  9 13:48:00 CDT 2025: NextJS server is not running. Skipping scheduled reports check.
Mon Jun  9 13:49:00 CDT 2025: Running scheduled reports
Mon Jun  9 13:49:00 CDT 2025: Checking if NextJS server is running...
/Users/sim/Project2/scripts/../scripts/run-simple-scheduled-reports.sh: line 16: node: command not found
Mon Jun  9 13:49:00 CDT 2025: NextJS server is not running. Skipping scheduled reports check.
Mon Jun  9 13:50:00 CDT 2025: Running scheduled reports
Mon Jun  9 13:50:00 CDT 2025: Checking if NextJS server is running...
/Users/sim/Project2/scripts/../scripts/run-simple-scheduled-reports.sh: line 16: node: command not found
Mon Jun  9 13:50:00 CDT 2025: NextJS server is not running. Skipping scheduled reports check.
Mon Jun  9 13:51:01 CDT 2025: Running scheduled reports
Mon Jun  9 13:51:01 CDT 2025: Checking if NextJS server is running...
/Users/sim/Project2/scripts/../scripts/run-simple-scheduled-reports.sh: line 16: node: command not found
Mon Jun  9 13:51:01 CDT 2025: NextJS server is not running. Skipping scheduled reports check.
Mon Jun  9 13:52:00 CDT 2025: Checking if NextJS server is running...
Mon Jun  9 13:52:00 CDT 2025: Running scheduled reports
/Users/sim/Project2/scripts/../scripts/run-simple-scheduled-reports.sh: line 16: node: command not found
Mon Jun  9 13:52:00 CDT 2025: NextJS server is not running. Skipping scheduled reports check.
Mon Jun  9 13:53:00 CDT 2025: Running scheduled reports
Mon Jun  9 13:53:00 CDT 2025: Checking if NextJS server is running...
/Users/sim/Project2/scripts/../scripts/run-simple-scheduled-reports.sh: line 16: node: command not found
Mon Jun  9 13:53:00 CDT 2025: NextJS server is not running. Skipping scheduled reports check.
Mon Jun  9 13:54:00 CDT 2025: Running scheduled reports
Mon Jun  9 13:54:00 CDT 2025: Checking if NextJS server is running...
/Users/sim/Project2/scripts/../scripts/run-simple-scheduled-reports.sh: line 16: node: command not found
Mon Jun  9 13:54:00 CDT 2025: NextJS server is not running. Skipping scheduled reports check.
Mon Jun  9 13:55:00 CDT 2025: Running scheduled reports
Mon Jun  9 13:55:00 CDT 2025: Checking if NextJS server is running...
/Users/sim/Project2/scripts/../scripts/run-simple-scheduled-reports.sh: line 16: node: command not found
Mon Jun  9 13:55:00 CDT 2025: NextJS server is not running. Skipping scheduled reports check.
Mon Jun  9 13:56:00 CDT 2025: Checking if NextJS server is running...
Mon Jun  9 13:56:00 CDT 2025: Running scheduled reports
/Users/sim/Project2/scripts/../scripts/run-simple-scheduled-reports.sh: line 16: node: command not found
Mon Jun  9 13:56:00 CDT 2025: NextJS server is not running. Skipping scheduled reports check.
Mon Jun  9 13:57:01 CDT 2025: Running scheduled reports
Mon Jun  9 13:57:01 CDT 2025: Checking if NextJS server is running...
/Users/sim/Project2/scripts/../scripts/run-simple-scheduled-reports.sh: line 16: node: command not found
Mon Jun  9 13:57:01 CDT 2025: NextJS server is not running. Skipping scheduled reports check.
Mon Jun  9 13:58:00 CDT 2025: Checking if NextJS server is running...
Mon Jun  9 13:58:00 CDT 2025: Running scheduled reports
/Users/sim/Project2/scripts/../scripts/run-simple-scheduled-reports.sh: line 16: node: command not found
Mon Jun  9 13:58:00 CDT 2025: NextJS server is not running. Skipping scheduled reports check.
Mon Jun  9 13:59:00 CDT 2025: Running scheduled reports
Mon Jun  9 13:59:00 CDT 2025: Checking if NextJS server is running...
/Users/sim/Project2/scripts/../scripts/run-simple-scheduled-reports.sh: line 16: node: command not found
Mon Jun  9 13:59:00 CDT 2025: NextJS server is not running. Skipping scheduled reports check.
Mon Jun  9 14:00:00 CDT 2025: Running scheduled reports
Mon Jun  9 14:00:00 CDT 2025: Checking if NextJS server is running...
/Users/sim/Project2/scripts/../scripts/run-simple-scheduled-reports.sh: line 16: node: command not found
Mon Jun  9 14:00:00 CDT 2025: NextJS server is not running. Skipping scheduled reports check.
Mon Jun  9 14:01:00 CDT 2025: Running scheduled reports
Mon Jun  9 14:01:00 CDT 2025: Checking if NextJS server is running...
/Users/sim/Project2/scripts/../scripts/run-simple-scheduled-reports.sh: line 16: node: command not found
Mon Jun  9 14:01:00 CDT 2025: NextJS server is not running. Skipping scheduled reports check.
Mon Jun  9 14:02:00 CDT 2025: Checking if NextJS server is running...
Mon Jun  9 14:02:00 CDT 2025: Running scheduled reports
/Users/sim/Project2/scripts/../scripts/run-simple-scheduled-reports.sh: line 16: node: command not found
Mon Jun  9 14:02:00 CDT 2025: NextJS server is not running. Skipping scheduled reports check.
Mon Jun  9 14:03:01 CDT 2025: Running scheduled reports
Mon Jun  9 14:03:01 CDT 2025: Checking if NextJS server is running...
/Users/sim/Project2/scripts/../scripts/run-simple-scheduled-reports.sh: line 16: node: command not found
Mon Jun  9 14:03:01 CDT 2025: NextJS server is not running. Skipping scheduled reports check.
Mon Jun  9 14:04:00 CDT 2025: Running scheduled reports
Mon Jun  9 14:04:00 CDT 2025: Checking if NextJS server is running...
/Users/sim/Project2/scripts/../scripts/run-simple-scheduled-reports.sh: line 16: node: command not found
Mon Jun  9 14:04:00 CDT 2025: NextJS server is not running. Skipping scheduled reports check.
Mon Jun  9 14:05:00 CDT 2025: Checking if NextJS server is running...
Mon Jun  9 14:05:00 CDT 2025: Running scheduled reports
/Users/sim/Project2/scripts/../scripts/run-simple-scheduled-reports.sh: line 16: node: command not found
Mon Jun  9 14:05:00 CDT 2025: NextJS server is not running. Skipping scheduled reports check.
Mon Jun  9 14:06:00 CDT 2025: Running scheduled reports
Mon Jun  9 14:06:00 CDT 2025: Checking if NextJS server is running...
/Users/sim/Project2/scripts/../scripts/run-simple-scheduled-reports.sh: line 16: node: command not found
Mon Jun  9 14:06:00 CDT 2025: NextJS server is not running. Skipping scheduled reports check.
Mon Jun  9 14:07:00 CDT 2025: Checking if NextJS server is running...
Mon Jun  9 14:07:00 CDT 2025: Running scheduled reports
/Users/sim/Project2/scripts/../scripts/run-simple-scheduled-reports.sh: line 16: node: command not found
Mon Jun  9 14:07:00 CDT 2025: NextJS server is not running. Skipping scheduled reports check.
Mon Jun  9 14:08:00 CDT 2025: Running scheduled reports
Mon Jun  9 14:08:00 CDT 2025: Checking if NextJS server is running...
/Users/sim/Project2/scripts/../scripts/run-simple-scheduled-reports.sh: line 16: node: command not found
Mon Jun  9 14:08:00 CDT 2025: NextJS server is not running. Skipping scheduled reports check.
Mon Jun  9 14:09:01 CDT 2025: Checking if NextJS server is running...
Mon Jun  9 14:09:01 CDT 2025: Running scheduled reports
/Users/sim/Project2/scripts/../scripts/run-simple-scheduled-reports.sh: line 16: node: command not found
Mon Jun  9 14:09:01 CDT 2025: NextJS server is not running. Skipping scheduled reports check.
Mon Jun  9 14:10:00 CDT 2025: Running scheduled reports
Mon Jun  9 14:10:00 CDT 2025: Checking if NextJS server is running...
/Users/sim/Project2/scripts/../scripts/run-simple-scheduled-reports.sh: line 16: node: command not found
Mon Jun  9 14:10:00 CDT 2025: NextJS server is not running. Skipping scheduled reports check.
Mon Jun  9 14:11:00 CDT 2025: Running scheduled reports
Mon Jun  9 14:11:00 CDT 2025: Checking if NextJS server is running...
/Users/sim/Project2/scripts/../scripts/run-simple-scheduled-reports.sh: line 16: node: command not found
Mon Jun  9 14:11:00 CDT 2025: NextJS server is not running. Skipping scheduled reports check.
Mon Jun  9 14:12:00 CDT 2025: Running scheduled reports
Mon Jun  9 14:12:00 CDT 2025: Checking if NextJS server is running...
/Users/sim/Project2/scripts/../scripts/run-simple-scheduled-reports.sh: line 16: node: command not found
Mon Jun  9 14:12:00 CDT 2025: NextJS server is not running. Skipping scheduled reports check.
Mon Jun  9 14:13:00 CDT 2025: Running scheduled reports
Mon Jun  9 14:13:00 CDT 2025: Checking if NextJS server is running...
/Users/sim/Project2/scripts/../scripts/run-simple-scheduled-reports.sh: line 16: node: command not found
Mon Jun  9 14:13:00 CDT 2025: NextJS server is not running. Skipping scheduled reports check.
Mon Jun  9 14:14:00 CDT 2025: Checking if NextJS server is running...
Mon Jun  9 14:14:00 CDT 2025: Running scheduled reports
/Users/sim/Project2/scripts/../scripts/run-simple-scheduled-reports.sh: line 16: node: command not found
Mon Jun  9 14:14:00 CDT 2025: NextJS server is not running. Skipping scheduled reports check.
Mon Jun  9 14:15:00 CDT 2025: Checking if NextJS server is running...
Mon Jun  9 14:15:00 CDT 2025: Running scheduled reports
/Users/sim/Project2/scripts/../scripts/run-simple-scheduled-reports.sh: line 16: node: command not found
Mon Jun  9 14:15:01 CDT 2025: NextJS server is not running. Skipping scheduled reports check.
Mon Jun  9 14:16:00 CDT 2025: Running scheduled reports
Mon Jun  9 14:16:00 CDT 2025: Checking if NextJS server is running...
/Users/sim/Project2/scripts/../scripts/run-simple-scheduled-reports.sh: line 16: node: command not found
Mon Jun  9 14:16:00 CDT 2025: NextJS server is not running. Skipping scheduled reports check.
Mon Jun  9 14:17:00 CDT 2025: Checking if NextJS server is running...
Mon Jun  9 14:17:00 CDT 2025: Running scheduled reports
/Users/sim/Project2/scripts/../scripts/run-simple-scheduled-reports.sh: line 16: node: command not found
Mon Jun  9 14:17:00 CDT 2025: NextJS server is not running. Skipping scheduled reports check.
Mon Jun  9 14:18:00 CDT 2025: Running scheduled reports
Mon Jun  9 14:18:00 CDT 2025: Checking if NextJS server is running...
/Users/sim/Project2/scripts/../scripts/run-simple-scheduled-reports.sh: line 16: node: command not found
Mon Jun  9 14:18:00 CDT 2025: NextJS server is not running. Skipping scheduled reports check.
Mon Jun  9 14:19:00 CDT 2025: Checking if NextJS server is running...
Mon Jun  9 14:19:00 CDT 2025: Running scheduled reports
/Users/sim/Project2/scripts/../scripts/run-simple-scheduled-reports.sh: line 16: node: command not found
Mon Jun  9 14:19:00 CDT 2025: NextJS server is not running. Skipping scheduled reports check.
Mon Jun  9 14:20:00 CDT 2025: Running scheduled reports
Mon Jun  9 14:20:00 CDT 2025: Checking if NextJS server is running...
/Users/sim/Project2/scripts/../scripts/run-simple-scheduled-reports.sh: line 16: node: command not found
Mon Jun  9 14:20:00 CDT 2025: NextJS server is not running. Skipping scheduled reports check.
Mon Jun  9 14:21:00 CDT 2025: Checking if NextJS server is running...
Mon Jun  9 14:21:00 CDT 2025: Running scheduled reports
/Users/sim/Project2/scripts/../scripts/run-simple-scheduled-reports.sh: line 16: node: command not found
Mon Jun  9 14:21:01 CDT 2025: NextJS server is not running. Skipping scheduled reports check.
Mon Jun  9 14:22:00 CDT 2025: Running scheduled reports
Mon Jun  9 14:22:00 CDT 2025: Checking if NextJS server is running...
/Users/sim/Project2/scripts/../scripts/run-simple-scheduled-reports.sh: line 16: node: command not found
Mon Jun  9 14:22:00 CDT 2025: NextJS server is not running. Skipping scheduled reports check.
Mon Jun  9 14:23:00 CDT 2025: Running scheduled reports
Mon Jun  9 14:23:00 CDT 2025: Checking if NextJS server is running...
/Users/sim/Project2/scripts/../scripts/run-simple-scheduled-reports.sh: line 16: node: command not found
Mon Jun  9 14:23:00 CDT 2025: NextJS server is not running. Skipping scheduled reports check.
Mon Jun  9 14:24:00 CDT 2025: Running scheduled reports
Mon Jun  9 14:24:00 CDT 2025: Checking if NextJS server is running...
/Users/sim/Project2/scripts/../scripts/run-simple-scheduled-reports.sh: line 16: node: command not found
Mon Jun  9 14:24:00 CDT 2025: NextJS server is not running. Skipping scheduled reports check.
Mon Jun  9 14:25:00 CDT 2025: Running scheduled reports
Mon Jun  9 14:25:00 CDT 2025: Checking if NextJS server is running...
/Users/sim/Project2/scripts/../scripts/run-simple-scheduled-reports.sh: line 16: node: command not found
Mon Jun  9 14:25:00 CDT 2025: NextJS server is not running. Skipping scheduled reports check.
Mon Jun  9 14:26:00 CDT 2025: Running scheduled reports
Mon Jun  9 14:26:00 CDT 2025: Checking if NextJS server is running...
/Users/sim/Project2/scripts/../scripts/run-simple-scheduled-reports.sh: line 16: node: command not found
Mon Jun  9 14:26:00 CDT 2025: NextJS server is not running. Skipping scheduled reports check.
Mon Jun  9 14:27:00 CDT 2025: Running scheduled reports
Mon Jun  9 14:27:00 CDT 2025: Checking if NextJS server is running...
/Users/sim/Project2/scripts/../scripts/run-simple-scheduled-reports.sh: line 16: node: command not found
Mon Jun  9 14:27:00 CDT 2025: NextJS server is not running. Skipping scheduled reports check.
Mon Jun  9 14:28:01 CDT 2025: Running scheduled reports
Mon Jun  9 14:28:01 CDT 2025: Checking if NextJS server is running...
/Users/sim/Project2/scripts/../scripts/run-simple-scheduled-reports.sh: line 16: node: command not found
Mon Jun  9 14:28:01 CDT 2025: NextJS server is not running. Skipping scheduled reports check.
Mon Jun  9 14:29:00 CDT 2025: Checking if NextJS server is running...
Mon Jun  9 14:29:00 CDT 2025: Running scheduled reports
/Users/sim/Project2/scripts/../scripts/run-simple-scheduled-reports.sh: line 16: node: command not found
Mon Jun  9 14:29:00 CDT 2025: NextJS server is not running. Skipping scheduled reports check.
Mon Jun  9 14:30:00 CDT 2025: Running scheduled reports
Mon Jun  9 14:30:00 CDT 2025: Checking if NextJS server is running...
/Users/sim/Project2/scripts/../scripts/run-simple-scheduled-reports.sh: line 16: node: command not found
Mon Jun  9 14:30:00 CDT 2025: NextJS server is not running. Skipping scheduled reports check.
Mon Jun  9 14:31:00 CDT 2025: Running scheduled reports
Mon Jun  9 14:31:00 CDT 2025: Checking if NextJS server is running...
/Users/sim/Project2/scripts/../scripts/run-simple-scheduled-reports.sh: line 16: node: command not found
Mon Jun  9 14:31:00 CDT 2025: NextJS server is not running. Skipping scheduled reports check.
Mon Jun  9 14:32:00 CDT 2025: Running scheduled reports
Mon Jun  9 14:32:00 CDT 2025: Checking if NextJS server is running...
/Users/sim/Project2/scripts/../scripts/run-simple-scheduled-reports.sh: line 16: node: command not found
Mon Jun  9 14:32:00 CDT 2025: NextJS server is not running. Skipping scheduled reports check.
Mon Jun  9 14:33:00 CDT 2025: Checking if NextJS server is running...
Mon Jun  9 14:33:00 CDT 2025: Running scheduled reports
/Users/sim/Project2/scripts/../scripts/run-simple-scheduled-reports.sh: line 16: node: command not found
Mon Jun  9 14:33:00 CDT 2025: NextJS server is not running. Skipping scheduled reports check.
Mon Jun  9 14:34:01 CDT 2025: Running scheduled reports
Mon Jun  9 14:34:01 CDT 2025: Checking if NextJS server is running...
/Users/sim/Project2/scripts/../scripts/run-simple-scheduled-reports.sh: line 16: node: command not found
Mon Jun  9 14:34:01 CDT 2025: NextJS server is not running. Skipping scheduled reports check.
Mon Jun  9 14:35:00 CDT 2025: Checking if NextJS server is running...
Mon Jun  9 14:35:00 CDT 2025: Running scheduled reports
/Users/sim/Project2/scripts/../scripts/run-simple-scheduled-reports.sh: line 16: node: command not found
Mon Jun  9 14:35:00 CDT 2025: NextJS server is not running. Skipping scheduled reports check.
Mon Jun  9 14:36:00 CDT 2025: Running scheduled reports
Mon Jun  9 14:36:00 CDT 2025: Checking if NextJS server is running...
/Users/sim/Project2/scripts/../scripts/run-simple-scheduled-reports.sh: line 16: node: command not found
Mon Jun  9 14:36:00 CDT 2025: NextJS server is not running. Skipping scheduled reports check.
Mon Jun  9 14:37:00 CDT 2025: Running scheduled reports
Mon Jun  9 14:37:00 CDT 2025: Checking if NextJS server is running...
/Users/sim/Project2/scripts/../scripts/run-simple-scheduled-reports.sh: line 16: node: command not found
Mon Jun  9 14:37:00 CDT 2025: NextJS server is not running. Skipping scheduled reports check.
Mon Jun  9 14:38:00 CDT 2025: Running scheduled reports
Mon Jun  9 14:38:00 CDT 2025: Checking if NextJS server is running...
/Users/sim/Project2/scripts/../scripts/run-simple-scheduled-reports.sh: line 16: node: command not found
Mon Jun  9 14:38:01 CDT 2025: NextJS server is not running. Skipping scheduled reports check.
Mon Jun  9 14:39:00 CDT 2025: Checking if NextJS server is running...
Mon Jun  9 14:39:00 CDT 2025: Running scheduled reports
/Users/sim/Project2/scripts/../scripts/run-simple-scheduled-reports.sh: line 16: node: command not found
Mon Jun  9 14:39:00 CDT 2025: NextJS server is not running. Skipping scheduled reports check.
Mon Jun  9 14:40:00 CDT 2025: Checking if NextJS server is running...
Mon Jun  9 14:40:00 CDT 2025: Running scheduled reports
/Users/sim/Project2/scripts/../scripts/run-simple-scheduled-reports.sh: line 16: node: command not found
Mon Jun  9 14:40:00 CDT 2025: NextJS server is not running. Skipping scheduled reports check.
Mon Jun  9 14:41:00 CDT 2025: Checking if NextJS server is running...
Mon Jun  9 14:41:00 CDT 2025: Running scheduled reports
/Users/sim/Project2/scripts/../scripts/run-simple-scheduled-reports.sh: line 16: node: command not found
Mon Jun  9 14:41:00 CDT 2025: NextJS server is not running. Skipping scheduled reports check.
Mon Jun  9 14:42:00 CDT 2025: Running scheduled reports
Mon Jun  9 14:42:00 CDT 2025: Checking if NextJS server is running...
/Users/sim/Project2/scripts/../scripts/run-simple-scheduled-reports.sh: line 16: node: command not found
Mon Jun  9 14:42:00 CDT 2025: NextJS server is not running. Skipping scheduled reports check.
Mon Jun  9 14:43:00 CDT 2025: Checking if NextJS server is running...
Mon Jun  9 14:43:00 CDT 2025: Running scheduled reports
/Users/sim/Project2/scripts/../scripts/run-simple-scheduled-reports.sh: line 16: node: command not found
Mon Jun  9 14:43:00 CDT 2025: NextJS server is not running. Skipping scheduled reports check.
Mon Jun  9 14:44:00 CDT 2025: Checking if NextJS server is running...
Mon Jun  9 14:44:00 CDT 2025: Running scheduled reports
/Users/sim/Project2/scripts/../scripts/run-simple-scheduled-reports.sh: line 16: node: command not found
Mon Jun  9 14:44:00 CDT 2025: NextJS server is not running. Skipping scheduled reports check.
Mon Jun  9 14:45:01 CDT 2025: Checking if NextJS server is running...
Mon Jun  9 14:45:01 CDT 2025: Running scheduled reports
/Users/sim/Project2/scripts/../scripts/run-simple-scheduled-reports.sh: line 16: node: command not found
Mon Jun  9 14:45:01 CDT 2025: NextJS server is not running. Skipping scheduled reports check.
Mon Jun  9 14:46:00 CDT 2025: Checking if NextJS server is running...
Mon Jun  9 14:46:00 CDT 2025: Running scheduled reports
/Users/sim/Project2/scripts/../scripts/run-simple-scheduled-reports.sh: line 16: node: command not found
Mon Jun  9 14:46:00 CDT 2025: NextJS server is not running. Skipping scheduled reports check.
Mon Jun  9 14:47:00 CDT 2025: Running scheduled reports
Mon Jun  9 14:47:00 CDT 2025: Checking if NextJS server is running...
/Users/sim/Project2/scripts/../scripts/run-simple-scheduled-reports.sh: line 16: node: command not found
Mon Jun  9 14:47:00 CDT 2025: NextJS server is not running. Skipping scheduled reports check.
Mon Jun  9 14:48:00 CDT 2025: Checking if NextJS server is running...
Mon Jun  9 14:48:00 CDT 2025: Running scheduled reports
/Users/sim/Project2/scripts/../scripts/run-simple-scheduled-reports.sh: line 16: node: command not found
Mon Jun  9 14:48:00 CDT 2025: NextJS server is not running. Skipping scheduled reports check.
Mon Jun  9 14:49:00 CDT 2025: Running scheduled reports
Mon Jun  9 14:49:00 CDT 2025: Checking if NextJS server is running...
/Users/sim/Project2/scripts/../scripts/run-simple-scheduled-reports.sh: line 16: node: command not found
Mon Jun  9 14:49:00 CDT 2025: NextJS server is not running. Skipping scheduled reports check.
Mon Jun  9 14:50:00 CDT 2025: Running scheduled reports
Mon Jun  9 14:50:00 CDT 2025: Checking if NextJS server is running...
/Users/sim/Project2/scripts/../scripts/run-simple-scheduled-reports.sh: line 16: node: command not found
Mon Jun  9 14:50:00 CDT 2025: NextJS server is not running. Skipping scheduled reports check.
Mon Jun  9 14:51:01 CDT 2025: Running scheduled reports
Mon Jun  9 14:51:01 CDT 2025: Checking if NextJS server is running...
/Users/sim/Project2/scripts/../scripts/run-simple-scheduled-reports.sh: line 16: node: command not found
Mon Jun  9 14:51:01 CDT 2025: NextJS server is not running. Skipping scheduled reports check.
Mon Jun  9 14:52:00 CDT 2025: Running scheduled reports
Mon Jun  9 14:52:00 CDT 2025: Checking if NextJS server is running...
/Users/sim/Project2/scripts/../scripts/run-simple-scheduled-reports.sh: line 16: node: command not found
Mon Jun  9 14:52:00 CDT 2025: NextJS server is not running. Skipping scheduled reports check.
Mon Jun  9 14:53:00 CDT 2025: Running scheduled reports
Mon Jun  9 14:53:00 CDT 2025: Checking if NextJS server is running...
/Users/sim/Project2/scripts/../scripts/run-simple-scheduled-reports.sh: line 16: node: command not found
Mon Jun  9 14:53:00 CDT 2025: NextJS server is not running. Skipping scheduled reports check.
Mon Jun  9 14:54:00 CDT 2025: Running scheduled reports
Mon Jun  9 14:54:00 CDT 2025: Checking if NextJS server is running...
/Users/sim/Project2/scripts/../scripts/run-simple-scheduled-reports.sh: line 16: node: command not found
Mon Jun  9 14:54:00 CDT 2025: NextJS server is not running. Skipping scheduled reports check.
Mon Jun  9 14:55:00 CDT 2025: Running scheduled reports
Mon Jun  9 14:55:00 CDT 2025: Checking if NextJS server is running...
/Users/sim/Project2/scripts/../scripts/run-simple-scheduled-reports.sh: line 16: node: command not found
Mon Jun  9 14:55:00 CDT 2025: NextJS server is not running. Skipping scheduled reports check.
Mon Jun  9 14:56:00 CDT 2025: Checking if NextJS server is running...
Mon Jun  9 14:56:00 CDT 2025: Running scheduled reports
/Users/sim/Project2/scripts/../scripts/run-simple-scheduled-reports.sh: line 16: node: command not found
Mon Jun  9 14:56:00 CDT 2025: NextJS server is not running. Skipping scheduled reports check.
Mon Jun  9 14:57:00 CDT 2025: Running scheduled reports
Mon Jun  9 14:57:00 CDT 2025: Checking if NextJS server is running...
/Users/sim/Project2/scripts/../scripts/run-simple-scheduled-reports.sh: line 16: node: command not found
Mon Jun  9 14:57:00 CDT 2025: NextJS server is not running. Skipping scheduled reports check.
Mon Jun  9 14:58:01 CDT 2025: Checking if NextJS server is running...
Mon Jun  9 14:58:01 CDT 2025: Running scheduled reports
/Users/sim/Project2/scripts/../scripts/run-simple-scheduled-reports.sh: line 16: node: command not found
Mon Jun  9 14:58:01 CDT 2025: NextJS server is not running. Skipping scheduled reports check.
Mon Jun  9 14:59:00 CDT 2025: Running scheduled reports
Mon Jun  9 14:59:00 CDT 2025: Checking if NextJS server is running...
/Users/sim/Project2/scripts/../scripts/run-simple-scheduled-reports.sh: line 16: node: command not found
Mon Jun  9 14:59:00 CDT 2025: NextJS server is not running. Skipping scheduled reports check.
Mon Jun  9 15:00:00 CDT 2025: Running scheduled reports
Mon Jun  9 15:00:00 CDT 2025: Checking if NextJS server is running...
/Users/sim/Project2/scripts/../scripts/run-simple-scheduled-reports.sh: line 16: node: command not found
Mon Jun  9 15:00:00 CDT 2025: NextJS server is not running. Skipping scheduled reports check.
Mon Jun  9 15:01:00 CDT 2025: Checking if NextJS server is running...
Mon Jun  9 15:01:00 CDT 2025: Running scheduled reports
/Users/sim/Project2/scripts/../scripts/run-simple-scheduled-reports.sh: line 16: node: command not found
Mon Jun  9 15:01:00 CDT 2025: NextJS server is not running. Skipping scheduled reports check.
Mon Jun  9 15:02:00 CDT 2025: Running scheduled reports
Mon Jun  9 15:02:00 CDT 2025: Checking if NextJS server is running...
/Users/sim/Project2/scripts/../scripts/run-simple-scheduled-reports.sh: line 16: node: command not found
Mon Jun  9 15:02:00 CDT 2025: NextJS server is not running. Skipping scheduled reports check.
Mon Jun  9 15:03:00 CDT 2025: Running scheduled reports
Mon Jun  9 15:03:00 CDT 2025: Checking if NextJS server is running...
/Users/sim/Project2/scripts/../scripts/run-simple-scheduled-reports.sh: line 16: node: command not found
Mon Jun  9 15:03:00 CDT 2025: NextJS server is not running. Skipping scheduled reports check.
Mon Jun  9 15:04:01 CDT 2025: Running scheduled reports
Mon Jun  9 15:04:01 CDT 2025: Checking if NextJS server is running...
/Users/sim/Project2/scripts/../scripts/run-simple-scheduled-reports.sh: line 16: node: command not found
Mon Jun  9 15:04:01 CDT 2025: NextJS server is not running. Skipping scheduled reports check.
Mon Jun  9 15:05:00 CDT 2025: Checking if NextJS server is running...
Mon Jun  9 15:05:00 CDT 2025: Running scheduled reports
/Users/sim/Project2/scripts/../scripts/run-simple-scheduled-reports.sh: line 16: node: command not found
Mon Jun  9 15:05:00 CDT 2025: NextJS server is not running. Skipping scheduled reports check.
Mon Jun  9 15:06:00 CDT 2025: Running scheduled reports
Mon Jun  9 15:06:00 CDT 2025: Checking if NextJS server is running...
/Users/sim/Project2/scripts/../scripts/run-simple-scheduled-reports.sh: line 16: node: command not found
Mon Jun  9 15:06:00 CDT 2025: NextJS server is not running. Skipping scheduled reports check.
Mon Jun  9 15:07:00 CDT 2025: Running scheduled reports
Mon Jun  9 15:07:00 CDT 2025: Checking if NextJS server is running...
/Users/sim/Project2/scripts/../scripts/run-simple-scheduled-reports.sh: line 16: node: command not found
Mon Jun  9 15:07:00 CDT 2025: NextJS server is not running. Skipping scheduled reports check.
Mon Jun  9 15:08:00 CDT 2025: Running scheduled reports
Mon Jun  9 15:08:00 CDT 2025: Checking if NextJS server is running...
/Users/sim/Project2/scripts/../scripts/run-simple-scheduled-reports.sh: line 16: node: command not found
Mon Jun  9 15:08:00 CDT 2025: NextJS server is not running. Skipping scheduled reports check.
Mon Jun  9 15:09:00 CDT 2025: Checking if NextJS server is running...
Mon Jun  9 15:09:00 CDT 2025: Running scheduled reports
/Users/sim/Project2/scripts/../scripts/run-simple-scheduled-reports.sh: line 16: node: command not found
Mon Jun  9 15:09:00 CDT 2025: NextJS server is not running. Skipping scheduled reports check.
Mon Jun  9 15:10:01 CDT 2025: Running scheduled reports
Mon Jun  9 15:10:01 CDT 2025: Checking if NextJS server is running...
/Users/sim/Project2/scripts/../scripts/run-simple-scheduled-reports.sh: line 16: node: command not found
Mon Jun  9 15:10:01 CDT 2025: NextJS server is not running. Skipping scheduled reports check.
Mon Jun  9 15:11:00 CDT 2025: Checking if NextJS server is running...
Mon Jun  9 15:11:00 CDT 2025: Running scheduled reports
/Users/sim/Project2/scripts/../scripts/run-simple-scheduled-reports.sh: line 16: node: command not found
Mon Jun  9 15:11:00 CDT 2025: NextJS server is not running. Skipping scheduled reports check.
Mon Jun  9 15:12:00 CDT 2025: Checking if NextJS server is running...
Mon Jun  9 15:12:00 CDT 2025: Running scheduled reports
/Users/sim/Project2/scripts/../scripts/run-simple-scheduled-reports.sh: line 16: node: command not found
Mon Jun  9 15:12:00 CDT 2025: NextJS server is not running. Skipping scheduled reports check.
Mon Jun  9 15:13:00 CDT 2025: Running scheduled reports
Mon Jun  9 15:13:00 CDT 2025: Checking if NextJS server is running...
/Users/sim/Project2/scripts/../scripts/run-simple-scheduled-reports.sh: line 16: node: command not found
Mon Jun  9 15:13:00 CDT 2025: NextJS server is not running. Skipping scheduled reports check.
Mon Jun  9 15:14:00 CDT 2025: Running scheduled reports
Mon Jun  9 15:14:00 CDT 2025: Checking if NextJS server is running...
/Users/sim/Project2/scripts/../scripts/run-simple-scheduled-reports.sh: line 16: node: command not found
Mon Jun  9 15:14:00 CDT 2025: NextJS server is not running. Skipping scheduled reports check.
Mon Jun  9 15:15:00 CDT 2025: Running scheduled reports
Mon Jun  9 15:15:00 CDT 2025: Checking if NextJS server is running...
/Users/sim/Project2/scripts/../scripts/run-simple-scheduled-reports.sh: line 16: node: command not found
Mon Jun  9 15:15:00 CDT 2025: NextJS server is not running. Skipping scheduled reports check.
Mon Jun  9 15:16:01 CDT 2025: Checking if NextJS server is running...
Mon Jun  9 15:16:01 CDT 2025: Running scheduled reports
/Users/sim/Project2/scripts/../scripts/run-simple-scheduled-reports.sh: line 16: node: command not found
Mon Jun  9 15:16:01 CDT 2025: NextJS server is not running. Skipping scheduled reports check.
Mon Jun  9 15:17:00 CDT 2025: Running scheduled reports
Mon Jun  9 15:17:00 CDT 2025: Checking if NextJS server is running...
/Users/sim/Project2/scripts/../scripts/run-simple-scheduled-reports.sh: line 16: node: command not found
Mon Jun  9 15:17:00 CDT 2025: NextJS server is not running. Skipping scheduled reports check.
Mon Jun  9 15:18:00 CDT 2025: Running scheduled reports
Mon Jun  9 15:18:00 CDT 2025: Checking if NextJS server is running...
/Users/sim/Project2/scripts/../scripts/run-simple-scheduled-reports.sh: line 16: node: command not found
Mon Jun  9 15:18:00 CDT 2025: NextJS server is not running. Skipping scheduled reports check.
Mon Jun  9 15:19:00 CDT 2025: Checking if NextJS server is running...
Mon Jun  9 15:19:00 CDT 2025: Running scheduled reports
/Users/sim/Project2/scripts/../scripts/run-simple-scheduled-reports.sh: line 16: node: command not found
Mon Jun  9 15:19:00 CDT 2025: NextJS server is not running. Skipping scheduled reports check.
Mon Jun  9 15:20:00 CDT 2025: Checking if NextJS server is running...
Mon Jun  9 15:20:00 CDT 2025: Running scheduled reports
/Users/sim/Project2/scripts/../scripts/run-simple-scheduled-reports.sh: line 16: node: command not found
Mon Jun  9 15:20:00 CDT 2025: NextJS server is not running. Skipping scheduled reports check.
Mon Jun  9 15:21:00 CDT 2025: Running scheduled reports
Mon Jun  9 15:21:00 CDT 2025: Checking if NextJS server is running...
/Users/sim/Project2/scripts/../scripts/run-simple-scheduled-reports.sh: line 16: node: command not found
Mon Jun  9 15:21:00 CDT 2025: NextJS server is not running. Skipping scheduled reports check.
Mon Jun  9 15:22:01 CDT 2025: Running scheduled reports
Mon Jun  9 15:22:01 CDT 2025: Checking if NextJS server is running...
/Users/sim/Project2/scripts/../scripts/run-simple-scheduled-reports.sh: line 16: node: command not found
Mon Jun  9 15:22:01 CDT 2025: NextJS server is not running. Skipping scheduled reports check.
Mon Jun  9 15:23:00 CDT 2025: Checking if NextJS server is running...
Mon Jun  9 15:23:00 CDT 2025: Running scheduled reports
/Users/sim/Project2/scripts/../scripts/run-simple-scheduled-reports.sh: line 16: node: command not found
Mon Jun  9 15:23:00 CDT 2025: NextJS server is running. Running scheduled reports check...
/Users/sim/Project2/scripts/../scripts/run-scheduled-reports-cron.sh: line 25: node: command not found
Mon Jun  9 15:24:00 CDT 2025: Running scheduled reports
Mon Jun  9 15:24:00 CDT 2025: Checking if NextJS server is running...
/Users/sim/Project2/scripts/../scripts/run-simple-scheduled-reports.sh: line 16: node: command not found
Mon Jun  9 15:24:01 CDT 2025: NextJS server is running. Running scheduled reports check...
/Users/sim/Project2/scripts/../scripts/run-scheduled-reports-cron.sh: line 25: node: command not found
Mon Jun  9 15:25:00 CDT 2025: Running scheduled reports
Mon Jun  9 15:25:00 CDT 2025: Checking if NextJS server is running...
/Users/sim/Project2/scripts/../scripts/run-simple-scheduled-reports.sh: line 16: node: command not found
Mon Jun  9 15:25:00 CDT 2025: NextJS server is running. Running scheduled reports check...
/Users/sim/Project2/scripts/../scripts/run-scheduled-reports-cron.sh: line 25: node: command not found
Mon Jun  9 15:26:00 CDT 2025: Running scheduled reports
Mon Jun  9 15:26:00 CDT 2025: Checking if NextJS server is running...
/Users/sim/Project2/scripts/../scripts/run-simple-scheduled-reports.sh: line 16: node: command not found
Mon Jun  9 15:26:00 CDT 2025: NextJS server is running. Running scheduled reports check...
/Users/sim/Project2/scripts/../scripts/run-scheduled-reports-cron.sh: line 25: node: command not found
Mon Jun  9 15:27:00 CDT 2025: Running scheduled reports
Mon Jun  9 15:27:00 CDT 2025: Checking if NextJS server is running...
/Users/sim/Project2/scripts/../scripts/run-simple-scheduled-reports.sh: line 16: node: command not found
Mon Jun  9 15:27:00 CDT 2025: NextJS server is running. Running scheduled reports check...
/Users/sim/Project2/scripts/../scripts/run-scheduled-reports-cron.sh: line 25: node: command not found
Mon Jun  9 15:28:00 CDT 2025: Running scheduled reports
Mon Jun  9 15:28:00 CDT 2025: Checking if NextJS server is running...
/Users/sim/Project2/scripts/../scripts/run-simple-scheduled-reports.sh: line 16: node: command not found
Mon Jun  9 15:28:00 CDT 2025: NextJS server is running. Running scheduled reports check...
/Users/sim/Project2/scripts/../scripts/run-scheduled-reports-cron.sh: line 25: node: command not found
Mon Jun  9 15:29:00 CDT 2025: Checking if NextJS server is running...
Mon Jun  9 15:29:00 CDT 2025: Running scheduled reports
/Users/sim/Project2/scripts/../scripts/run-simple-scheduled-reports.sh: line 16: node: command not found
Mon Jun  9 15:29:01 CDT 2025: NextJS server is running. Running scheduled reports check...
/Users/sim/Project2/scripts/../scripts/run-scheduled-reports-cron.sh: line 25: node: command not found
Mon Jun  9 15:30:00 CDT 2025: Running scheduled reports
Mon Jun  9 15:30:00 CDT 2025: Checking if NextJS server is running...
/Users/sim/Project2/scripts/../scripts/run-simple-scheduled-reports.sh: line 16: node: command not found
Mon Jun  9 15:30:00 CDT 2025: NextJS server is running. Running scheduled reports check...
/Users/sim/Project2/scripts/../scripts/run-scheduled-reports-cron.sh: line 25: node: command not found
Mon Jun  9 15:31:00 CDT 2025: Checking if NextJS server is running...
Mon Jun  9 15:31:00 CDT 2025: Running scheduled reports
/Users/sim/Project2/scripts/../scripts/run-simple-scheduled-reports.sh: line 16: node: command not found
Mon Jun  9 15:31:00 CDT 2025: NextJS server is running. Running scheduled reports check...
/Users/sim/Project2/scripts/../scripts/run-scheduled-reports-cron.sh: line 25: node: command not found
Mon Jun  9 15:32:00 CDT 2025: Running scheduled reports
Mon Jun  9 15:32:00 CDT 2025: Checking if NextJS server is running...
/Users/sim/Project2/scripts/../scripts/run-simple-scheduled-reports.sh: line 16: node: command not found
Mon Jun  9 15:32:00 CDT 2025: NextJS server is running. Running scheduled reports check...
/Users/sim/Project2/scripts/../scripts/run-scheduled-reports-cron.sh: line 25: node: command not found
Mon Jun  9 15:33:00 CDT 2025: Running scheduled reports
Mon Jun  9 15:33:00 CDT 2025: Checking if NextJS server is running...
/Users/sim/Project2/scripts/../scripts/run-simple-scheduled-reports.sh: line 16: node: command not found
Mon Jun  9 15:33:00 CDT 2025: NextJS server is running. Running scheduled reports check...
/Users/sim/Project2/scripts/../scripts/run-scheduled-reports-cron.sh: line 25: node: command not found
Mon Jun  9 15:34:00 CDT 2025: Running scheduled reports
Mon Jun  9 15:34:00 CDT 2025: Checking if NextJS server is running...
/Users/sim/Project2/scripts/../scripts/run-simple-scheduled-reports.sh: line 16: node: command not found
Mon Jun  9 15:34:00 CDT 2025: NextJS server is running. Running scheduled reports check...
/Users/sim/Project2/scripts/../scripts/run-scheduled-reports-cron.sh: line 25: node: command not found
Mon Jun  9 15:35:01 CDT 2025: Running scheduled reports
Mon Jun  9 15:35:01 CDT 2025: Checking if NextJS server is running...
/Users/sim/Project2/scripts/../scripts/run-simple-scheduled-reports.sh: line 16: node: command not found
Mon Jun  9 15:35:01 CDT 2025: NextJS server is running. Running scheduled reports check...
/Users/sim/Project2/scripts/../scripts/run-scheduled-reports-cron.sh: line 25: node: command not found
Mon Jun  9 15:36:00 CDT 2025: Running scheduled reports
Mon Jun  9 15:36:00 CDT 2025: Checking if NextJS server is running...
/Users/sim/Project2/scripts/../scripts/run-simple-scheduled-reports.sh: line 16: node: command not found
Mon Jun  9 15:36:00 CDT 2025: NextJS server is running. Running scheduled reports check...
/Users/sim/Project2/scripts/../scripts/run-scheduled-reports-cron.sh: line 25: node: command not found
Mon Jun  9 15:37:00 CDT 2025: Running scheduled reports
Mon Jun  9 15:37:00 CDT 2025: Checking if NextJS server is running...
/Users/sim/Project2/scripts/../scripts/run-simple-scheduled-reports.sh: line 16: node: command not found
Mon Jun  9 15:37:00 CDT 2025: NextJS server is running. Running scheduled reports check...
/Users/sim/Project2/scripts/../scripts/run-scheduled-reports-cron.sh: line 25: node: command not found
Mon Jun  9 15:38:00 CDT 2025: Running scheduled reports
Mon Jun  9 15:38:00 CDT 2025: Checking if NextJS server is running...
/Users/sim/Project2/scripts/../scripts/run-simple-scheduled-reports.sh: line 16: node: command not found
Mon Jun  9 15:38:00 CDT 2025: NextJS server is running. Running scheduled reports check...
/Users/sim/Project2/scripts/../scripts/run-scheduled-reports-cron.sh: line 25: node: command not found
Mon Jun  9 15:39:00 CDT 2025: Running scheduled reports
Mon Jun  9 15:39:00 CDT 2025: Checking if NextJS server is running...
/Users/sim/Project2/scripts/../scripts/run-simple-scheduled-reports.sh: line 16: node: command not found
Mon Jun  9 15:39:00 CDT 2025: NextJS server is running. Running scheduled reports check...
/Users/sim/Project2/scripts/../scripts/run-scheduled-reports-cron.sh: line 25: node: command not found
Mon Jun  9 15:40:01 CDT 2025: Checking if NextJS server is running...
Mon Jun  9 15:40:01 CDT 2025: Running scheduled reports
/Users/sim/Project2/scripts/../scripts/run-simple-scheduled-reports.sh: line 16: node: command not found
Mon Jun  9 15:40:01 CDT 2025: NextJS server is running. Running scheduled reports check...
/Users/sim/Project2/scripts/../scripts/run-scheduled-reports-cron.sh: line 25: node: command not found
Mon Jun  9 15:41:00 CDT 2025: Running scheduled reports
Mon Jun  9 15:41:00 CDT 2025: Checking if NextJS server is running...
/Users/sim/Project2/scripts/../scripts/run-simple-scheduled-reports.sh: line 16: node: command not found
Mon Jun  9 15:41:00 CDT 2025: NextJS server is running. Running scheduled reports check...
/Users/sim/Project2/scripts/../scripts/run-scheduled-reports-cron.sh: line 25: node: command not found
Mon Jun  9 15:42:00 CDT 2025: Running scheduled reports
Mon Jun  9 15:42:00 CDT 2025: Checking if NextJS server is running...
/Users/sim/Project2/scripts/../scripts/run-simple-scheduled-reports.sh: line 16: node: command not found
Mon Jun  9 15:42:00 CDT 2025: NextJS server is running. Running scheduled reports check...
/Users/sim/Project2/scripts/../scripts/run-scheduled-reports-cron.sh: line 25: node: command not found
Mon Jun  9 15:43:00 CDT 2025: Running scheduled reports
Mon Jun  9 15:43:00 CDT 2025: Checking if NextJS server is running...
/Users/sim/Project2/scripts/../scripts/run-simple-scheduled-reports.sh: line 16: node: command not found
Mon Jun  9 15:43:00 CDT 2025: NextJS server is running. Running scheduled reports check...
/Users/sim/Project2/scripts/../scripts/run-scheduled-reports-cron.sh: line 25: node: command not found
Mon Jun  9 15:44:00 CDT 2025: Running scheduled reports
Mon Jun  9 15:44:00 CDT 2025: Checking if NextJS server is running...
/Users/sim/Project2/scripts/../scripts/run-simple-scheduled-reports.sh: line 16: node: command not found
Mon Jun  9 15:44:00 CDT 2025: NextJS server is running. Running scheduled reports check...
/Users/sim/Project2/scripts/../scripts/run-scheduled-reports-cron.sh: line 25: node: command not found
Mon Jun  9 15:45:00 CDT 2025: Checking if NextJS server is running...
Mon Jun  9 15:45:00 CDT 2025: Running scheduled reports
/Users/sim/Project2/scripts/../scripts/run-simple-scheduled-reports.sh: line 16: node: command not found
Mon Jun  9 15:45:00 CDT 2025: NextJS server is running. Running scheduled reports check...
/Users/sim/Project2/scripts/../scripts/run-scheduled-reports-cron.sh: line 25: node: command not found
Mon Jun  9 15:46:01 CDT 2025: Running scheduled reports
Mon Jun  9 15:46:01 CDT 2025: Checking if NextJS server is running...
/Users/sim/Project2/scripts/../scripts/run-simple-scheduled-reports.sh: line 16: node: command not found
Mon Jun  9 15:46:01 CDT 2025: NextJS server is running. Running scheduled reports check...
/Users/sim/Project2/scripts/../scripts/run-scheduled-reports-cron.sh: line 25: node: command not found
Mon Jun  9 15:47:00 CDT 2025: Running scheduled reports
Mon Jun  9 15:47:00 CDT 2025: Checking if NextJS server is running...
/Users/sim/Project2/scripts/../scripts/run-simple-scheduled-reports.sh: line 16: node: command not found
Mon Jun  9 15:47:00 CDT 2025: NextJS server is running. Running scheduled reports check...
/Users/sim/Project2/scripts/../scripts/run-scheduled-reports-cron.sh: line 25: node: command not found
Mon Jun  9 15:48:00 CDT 2025: Running scheduled reports
Mon Jun  9 15:48:00 CDT 2025: Checking if NextJS server is running...
/Users/sim/Project2/scripts/../scripts/run-simple-scheduled-reports.sh: line 16: node: command not found
Mon Jun  9 15:48:00 CDT 2025: NextJS server is running. Running scheduled reports check...
/Users/sim/Project2/scripts/../scripts/run-scheduled-reports-cron.sh: line 25: node: command not found
Mon Jun  9 15:49:00 CDT 2025: Checking if NextJS server is running...
Mon Jun  9 15:49:00 CDT 2025: Running scheduled reports
/Users/sim/Project2/scripts/../scripts/run-simple-scheduled-reports.sh: line 16: node: command not found
Mon Jun  9 15:49:00 CDT 2025: NextJS server is running. Running scheduled reports check...
/Users/sim/Project2/scripts/../scripts/run-scheduled-reports-cron.sh: line 25: node: command not found
Mon Jun  9 15:50:00 CDT 2025: Running scheduled reports
Mon Jun  9 15:50:00 CDT 2025: Checking if NextJS server is running...
/Users/sim/Project2/scripts/../scripts/run-simple-scheduled-reports.sh: line 16: node: command not found
Mon Jun  9 15:50:00 CDT 2025: NextJS server is running. Running scheduled reports check...
/Users/sim/Project2/scripts/../scripts/run-scheduled-reports-cron.sh: line 25: node: command not found
Mon Jun  9 15:51:01 CDT 2025: Checking if NextJS server is running...
Mon Jun  9 15:51:01 CDT 2025: Running scheduled reports
/Users/sim/Project2/scripts/../scripts/run-simple-scheduled-reports.sh: line 16: node: command not found
Mon Jun  9 15:51:01 CDT 2025: NextJS server is running. Running scheduled reports check...
/Users/sim/Project2/scripts/../scripts/run-scheduled-reports-cron.sh: line 25: node: command not found
Mon Jun  9 15:52:00 CDT 2025: Running scheduled reports
Mon Jun  9 15:52:00 CDT 2025: Checking if NextJS server is running...
/Users/sim/Project2/scripts/../scripts/run-simple-scheduled-reports.sh: line 16: node: command not found
Mon Jun  9 15:52:00 CDT 2025: NextJS server is running. Running scheduled reports check...
/Users/sim/Project2/scripts/../scripts/run-scheduled-reports-cron.sh: line 25: node: command not found
Mon Jun  9 15:53:00 CDT 2025: Running scheduled reports
Mon Jun  9 15:53:00 CDT 2025: Checking if NextJS server is running...
/Users/sim/Project2/scripts/../scripts/run-simple-scheduled-reports.sh: line 16: node: command not found
Mon Jun  9 15:53:00 CDT 2025: NextJS server is running. Running scheduled reports check...
/Users/sim/Project2/scripts/../scripts/run-scheduled-reports-cron.sh: line 25: node: command not found
Mon Jun  9 15:54:00 CDT 2025: Running scheduled reports
Mon Jun  9 15:54:00 CDT 2025: Checking if NextJS server is running...
/Users/sim/Project2/scripts/../scripts/run-simple-scheduled-reports.sh: line 16: node: command not found
Mon Jun  9 15:54:00 CDT 2025: NextJS server is running. Running scheduled reports check...
/Users/sim/Project2/scripts/../scripts/run-scheduled-reports-cron.sh: line 25: node: command not found
Mon Jun  9 15:55:00 CDT 2025: Checking if NextJS server is running...
Mon Jun  9 15:55:00 CDT 2025: Running scheduled reports
/Users/sim/Project2/scripts/../scripts/run-simple-scheduled-reports.sh: line 16: node: command not found
Mon Jun  9 15:55:00 CDT 2025: NextJS server is running. Running scheduled reports check...
/Users/sim/Project2/scripts/../scripts/run-scheduled-reports-cron.sh: line 25: node: command not found
Mon Jun  9 15:56:00 CDT 2025: Running scheduled reports
Mon Jun  9 15:56:00 CDT 2025: Checking if NextJS server is running...
/Users/sim/Project2/scripts/../scripts/run-simple-scheduled-reports.sh: line 16: node: command not found
Mon Jun  9 15:56:00 CDT 2025: NextJS server is running. Running scheduled reports check...
/Users/sim/Project2/scripts/../scripts/run-scheduled-reports-cron.sh: line 25: node: command not found
Mon Jun  9 15:57:01 CDT 2025: Running scheduled reports
Mon Jun  9 15:57:01 CDT 2025: Checking if NextJS server is running...
/Users/sim/Project2/scripts/../scripts/run-simple-scheduled-reports.sh: line 16: node: command not found
Mon Jun  9 15:57:01 CDT 2025: NextJS server is running. Running scheduled reports check...
/Users/sim/Project2/scripts/../scripts/run-scheduled-reports-cron.sh: line 25: node: command not found
Mon Jun  9 15:58:00 CDT 2025: Running scheduled reports
Mon Jun  9 15:58:00 CDT 2025: Checking if NextJS server is running...
/Users/sim/Project2/scripts/../scripts/run-simple-scheduled-reports.sh: line 16: node: command not found
Mon Jun  9 15:58:00 CDT 2025: NextJS server is running. Running scheduled reports check...
/Users/sim/Project2/scripts/../scripts/run-scheduled-reports-cron.sh: line 25: node: command not found
Mon Jun  9 15:59:00 CDT 2025: Running scheduled reports
Mon Jun  9 15:59:00 CDT 2025: Checking if NextJS server is running...
/Users/sim/Project2/scripts/../scripts/run-simple-scheduled-reports.sh: line 16: node: command not found
Mon Jun  9 15:59:00 CDT 2025: NextJS server is running. Running scheduled reports check...
/Users/sim/Project2/scripts/../scripts/run-scheduled-reports-cron.sh: line 25: node: command not found
Mon Jun  9 16:00:00 CDT 2025: Running scheduled reports
Mon Jun  9 16:00:00 CDT 2025: Checking if NextJS server is running...
/Users/sim/Project2/scripts/../scripts/run-simple-scheduled-reports.sh: line 16: node: command not found
Mon Jun  9 16:00:00 CDT 2025: NextJS server is running. Running scheduled reports check...
/Users/sim/Project2/scripts/../scripts/run-scheduled-reports-cron.sh: line 25: node: command not found
Mon Jun  9 16:01:00 CDT 2025: Running scheduled reports
Mon Jun  9 16:01:00 CDT 2025: Checking if NextJS server is running...
/Users/sim/Project2/scripts/../scripts/run-simple-scheduled-reports.sh: line 16: node: command not found
Mon Jun  9 16:01:00 CDT 2025: NextJS server is running. Running scheduled reports check...
/Users/sim/Project2/scripts/../scripts/run-scheduled-reports-cron.sh: line 25: node: command not found
Mon Jun  9 16:02:00 CDT 2025: Checking if NextJS server is running...
Mon Jun  9 16:02:00 CDT 2025: Running scheduled reports
/Users/sim/Project2/scripts/../scripts/run-simple-scheduled-reports.sh: line 16: node: command not found
Mon Jun  9 16:02:00 CDT 2025: NextJS server is running. Running scheduled reports check...
/Users/sim/Project2/scripts/../scripts/run-scheduled-reports-cron.sh: line 25: node: command not found
Mon Jun  9 16:03:01 CDT 2025: Checking if NextJS server is running...
Mon Jun  9 16:03:01 CDT 2025: Running scheduled reports
/Users/sim/Project2/scripts/../scripts/run-simple-scheduled-reports.sh: line 16: node: command not found
Mon Jun  9 16:03:01 CDT 2025: NextJS server is running. Running scheduled reports check...
/Users/sim/Project2/scripts/../scripts/run-scheduled-reports-cron.sh: line 25: node: command not found
Mon Jun  9 16:04:00 CDT 2025: Running scheduled reports
Mon Jun  9 16:04:00 CDT 2025: Checking if NextJS server is running...
/Users/sim/Project2/scripts/../scripts/run-simple-scheduled-reports.sh: line 16: node: command not found
Mon Jun  9 16:04:00 CDT 2025: NextJS server is running. Running scheduled reports check...
/Users/sim/Project2/scripts/../scripts/run-scheduled-reports-cron.sh: line 25: node: command not found
Mon Jun  9 16:05:00 CDT 2025: Running scheduled reports
Mon Jun  9 16:05:00 CDT 2025: Checking if NextJS server is running...
/Users/sim/Project2/scripts/../scripts/run-simple-scheduled-reports.sh: line 16: node: command not found
Mon Jun  9 16:05:00 CDT 2025: NextJS server is running. Running scheduled reports check...
/Users/sim/Project2/scripts/../scripts/run-scheduled-reports-cron.sh: line 25: node: command not found
Mon Jun  9 16:06:00 CDT 2025: Running scheduled reports
Mon Jun  9 16:06:00 CDT 2025: Checking if NextJS server is running...
/Users/sim/Project2/scripts/../scripts/run-simple-scheduled-reports.sh: line 16: node: command not found
Mon Jun  9 16:06:00 CDT 2025: NextJS server is running. Running scheduled reports check...
/Users/sim/Project2/scripts/../scripts/run-scheduled-reports-cron.sh: line 25: node: command not found
Mon Jun  9 16:07:00 CDT 2025: Checking if NextJS server is running...
Mon Jun  9 16:07:00 CDT 2025: Running scheduled reports
/Users/sim/Project2/scripts/../scripts/run-simple-scheduled-reports.sh: line 16: node: command not found
Mon Jun  9 16:07:00 CDT 2025: NextJS server is running. Running scheduled reports check...
/Users/sim/Project2/scripts/../scripts/run-scheduled-reports-cron.sh: line 25: node: command not found
Mon Jun  9 16:08:00 CDT 2025: Running scheduled reports
Mon Jun  9 16:08:00 CDT 2025: Checking if NextJS server is running...
/Users/sim/Project2/scripts/../scripts/run-simple-scheduled-reports.sh: line 16: node: command not found
Mon Jun  9 16:08:00 CDT 2025: NextJS server is running. Running scheduled reports check...
/Users/sim/Project2/scripts/../scripts/run-scheduled-reports-cron.sh: line 25: node: command not found
Mon Jun  9 16:09:01 CDT 2025: Checking if NextJS server is running...
Mon Jun  9 16:09:01 CDT 2025: Running scheduled reports
/Users/sim/Project2/scripts/../scripts/run-simple-scheduled-reports.sh: line 16: node: command not found
Mon Jun  9 16:09:01 CDT 2025: NextJS server is running. Running scheduled reports check...
/Users/sim/Project2/scripts/../scripts/run-scheduled-reports-cron.sh: line 25: node: command not found
Mon Jun  9 16:10:00 CDT 2025: Running scheduled reports
Mon Jun  9 16:10:00 CDT 2025: Checking if NextJS server is running...
/Users/sim/Project2/scripts/../scripts/run-simple-scheduled-reports.sh: line 16: node: command not found
Mon Jun  9 16:10:00 CDT 2025: NextJS server is running. Running scheduled reports check...
/Users/sim/Project2/scripts/../scripts/run-scheduled-reports-cron.sh: line 25: node: command not found
Mon Jun  9 16:11:00 CDT 2025: Running scheduled reports
Mon Jun  9 16:11:00 CDT 2025: Checking if NextJS server is running...
/Users/sim/Project2/scripts/../scripts/run-simple-scheduled-reports.sh: line 16: node: command not found
Mon Jun  9 16:11:00 CDT 2025: NextJS server is running. Running scheduled reports check...
/Users/sim/Project2/scripts/../scripts/run-scheduled-reports-cron.sh: line 25: node: command not found
Mon Jun  9 16:12:00 CDT 2025: Checking if NextJS server is running...
Mon Jun  9 16:12:00 CDT 2025: Running scheduled reports
/Users/sim/Project2/scripts/../scripts/run-simple-scheduled-reports.sh: line 16: node: command not found
Mon Jun  9 16:12:00 CDT 2025: NextJS server is running. Running scheduled reports check...
/Users/sim/Project2/scripts/../scripts/run-scheduled-reports-cron.sh: line 25: node: command not found
Mon Jun  9 16:13:00 CDT 2025: Running scheduled reports
Mon Jun  9 16:13:00 CDT 2025: Checking if NextJS server is running...
/Users/sim/Project2/scripts/../scripts/run-simple-scheduled-reports.sh: line 16: node: command not found
Mon Jun  9 16:13:01 CDT 2025: NextJS server is running. Running scheduled reports check...
/Users/sim/Project2/scripts/../scripts/run-scheduled-reports-cron.sh: line 25: node: command not found
Mon Jun  9 16:14:00 CDT 2025: Checking if NextJS server is running...
Mon Jun  9 16:14:00 CDT 2025: Running scheduled reports
/Users/sim/Project2/scripts/../scripts/run-simple-scheduled-reports.sh: line 16: node: command not found
Mon Jun  9 16:14:00 CDT 2025: NextJS server is running. Running scheduled reports check...
/Users/sim/Project2/scripts/../scripts/run-scheduled-reports-cron.sh: line 25: node: command not found
Mon Jun  9 16:15:00 CDT 2025: Running scheduled reports
Mon Jun  9 16:15:00 CDT 2025: Checking if NextJS server is running...
/Users/sim/Project2/scripts/../scripts/run-simple-scheduled-reports.sh: line 16: node: command not found
Mon Jun  9 16:15:00 CDT 2025: NextJS server is running. Running scheduled reports check...
/Users/sim/Project2/scripts/../scripts/run-scheduled-reports-cron.sh: line 25: node: command not found
Mon Jun  9 16:16:00 CDT 2025: Checking if NextJS server is running...
Mon Jun  9 16:16:00 CDT 2025: Running scheduled reports
/Users/sim/Project2/scripts/../scripts/run-simple-scheduled-reports.sh: line 16: node: command not found
Mon Jun  9 16:16:00 CDT 2025: NextJS server is not running. Skipping scheduled reports check.
Mon Jun  9 16:43:01 CDT 2025: Checking if NextJS server is running...
Mon Jun  9 16:43:01 CDT 2025: Running scheduled reports
/Users/sim/Project2/scripts/../scripts/run-simple-scheduled-reports.sh: line 16: node: command not found
Mon Jun  9 16:43:01 CDT 2025: NextJS server is not running. Skipping scheduled reports check.
Mon Jun  9 16:44:00 CDT 2025: Running scheduled reports
Mon Jun  9 16:44:00 CDT 2025: Checking if NextJS server is running...
/Users/sim/Project2/scripts/../scripts/run-simple-scheduled-reports.sh: line 16: node: command not found
Mon Jun  9 16:44:00 CDT 2025: NextJS server is not running. Skipping scheduled reports check.
Mon Jun  9 16:45:00 CDT 2025: Checking if NextJS server is running...
Mon Jun  9 16:45:00 CDT 2025: Running scheduled reports
/Users/sim/Project2/scripts/../scripts/run-simple-scheduled-reports.sh: line 16: node: command not found
Mon Jun  9 16:45:01 CDT 2025: NextJS server is not running. Skipping scheduled reports check.
Mon Jun  9 16:46:00 CDT 2025: Running scheduled reports
Mon Jun  9 16:46:00 CDT 2025: Checking if NextJS server is running...
/Users/sim/Project2/scripts/../scripts/run-simple-scheduled-reports.sh: line 16: node: command not found
Mon Jun  9 16:46:00 CDT 2025: NextJS server is not running. Skipping scheduled reports check.
Mon Jun  9 17:17:01 CDT 2025: Checking if NextJS server is running...
Mon Jun  9 17:17:01 CDT 2025: Running scheduled reports
/Users/sim/Project2/scripts/../scripts/run-simple-scheduled-reports.sh: line 16: node: command not found
Mon Jun  9 17:17:01 CDT 2025: NextJS server is not running. Skipping scheduled reports check.
Mon Jun  9 17:33:00 CDT 2025: Running scheduled reports
Mon Jun  9 17:33:00 CDT 2025: Checking if NextJS server is running...
/Users/sim/Project2/scripts/../scripts/run-simple-scheduled-reports.sh: line 16: node: command not found
Mon Jun  9 17:33:00 CDT 2025: NextJS server is not running. Skipping scheduled reports check.
Mon Jun  9 17:34:00 CDT 2025: Running scheduled reports
Mon Jun  9 17:34:00 CDT 2025: Checking if NextJS server is running...
/Users/sim/Project2/scripts/../scripts/run-simple-scheduled-reports.sh: line 16: node: command not found
Mon Jun  9 17:34:00 CDT 2025: NextJS server is not running. Skipping scheduled reports check.
Mon Jun  9 17:35:01 CDT 2025: Running scheduled reports
Mon Jun  9 17:35:01 CDT 2025: Checking if NextJS server is running...
/Users/sim/Project2/scripts/../scripts/run-simple-scheduled-reports.sh: line 16: node: command not found
Mon Jun  9 17:35:01 CDT 2025: NextJS server is not running. Skipping scheduled reports check.
Mon Jun  9 17:36:00 CDT 2025: Running scheduled reports
Mon Jun  9 17:36:00 CDT 2025: Checking if NextJS server is running...
/Users/sim/Project2/scripts/../scripts/run-simple-scheduled-reports.sh: line 16: node: command not found
Mon Jun  9 17:36:00 CDT 2025: NextJS server is not running. Skipping scheduled reports check.
Mon Jun  9 17:37:00 CDT 2025: Running scheduled reports
Mon Jun  9 17:37:00 CDT 2025: Checking if NextJS server is running...
/Users/sim/Project2/scripts/../scripts/run-simple-scheduled-reports.sh: line 16: node: command not found
Mon Jun  9 17:37:00 CDT 2025: NextJS server is not running. Skipping scheduled reports check.
Mon Jun  9 17:38:01 CDT 2025: Running scheduled reports
Mon Jun  9 17:38:01 CDT 2025: Checking if NextJS server is running...
/Users/sim/Project2/scripts/../scripts/run-simple-scheduled-reports.sh: line 16: node: command not found
Mon Jun  9 17:38:01 CDT 2025: NextJS server is not running. Skipping scheduled reports check.
Mon Jun  9 17:39:00 CDT 2025: Checking if NextJS server is running...
Mon Jun  9 17:39:00 CDT 2025: Running scheduled reports
/Users/sim/Project2/scripts/../scripts/run-simple-scheduled-reports.sh: line 16: node: command not found
Mon Jun  9 17:39:00 CDT 2025: NextJS server is not running. Skipping scheduled reports check.
Mon Jun  9 17:40:00 CDT 2025: Checking if NextJS server is running...
Mon Jun  9 17:40:00 CDT 2025: Running scheduled reports
/Users/sim/Project2/scripts/../scripts/run-simple-scheduled-reports.sh: line 16: node: command not found
Mon Jun  9 17:40:00 CDT 2025: NextJS server is not running. Skipping scheduled reports check.
Mon Jun  9 17:41:00 CDT 2025: Running scheduled reports
Mon Jun  9 17:41:00 CDT 2025: Checking if NextJS server is running...
/Users/sim/Project2/scripts/../scripts/run-simple-scheduled-reports.sh: line 16: node: command not found
Mon Jun  9 17:41:00 CDT 2025: NextJS server is not running. Skipping scheduled reports check.
Mon Jun  9 17:42:01 CDT 2025: Checking if NextJS server is running...
Mon Jun  9 17:42:01 CDT 2025: Running scheduled reports
/Users/sim/Project2/scripts/../scripts/run-simple-scheduled-reports.sh: line 16: node: command not found
Mon Jun  9 17:42:01 CDT 2025: NextJS server is not running. Skipping scheduled reports check.
Mon Jun  9 17:43:00 CDT 2025: Running scheduled reports
Mon Jun  9 17:43:00 CDT 2025: Checking if NextJS server is running...
/Users/sim/Project2/scripts/../scripts/run-simple-scheduled-reports.sh: line 16: node: command not found
Mon Jun  9 17:43:00 CDT 2025: NextJS server is not running. Skipping scheduled reports check.
Mon Jun  9 17:44:01 CDT 2025: Running scheduled reports
Mon Jun  9 17:44:01 CDT 2025: Checking if NextJS server is running...
/Users/sim/Project2/scripts/../scripts/run-simple-scheduled-reports.sh: line 16: node: command not found
Mon Jun  9 17:44:01 CDT 2025: NextJS server is not running. Skipping scheduled reports check.
Mon Jun  9 17:45:00 CDT 2025: Running scheduled reports
Mon Jun  9 17:45:00 CDT 2025: Checking if NextJS server is running...
/Users/sim/Project2/scripts/../scripts/run-simple-scheduled-reports.sh: line 16: node: command not found
Mon Jun  9 17:45:00 CDT 2025: NextJS server is not running. Skipping scheduled reports check.
Mon Jun  9 17:46:00 CDT 2025: Checking if NextJS server is running...
Mon Jun  9 17:46:00 CDT 2025: Running scheduled reports
/Users/sim/Project2/scripts/../scripts/run-simple-scheduled-reports.sh: line 16: node: command not found
Mon Jun  9 17:46:00 CDT 2025: NextJS server is not running. Skipping scheduled reports check.
Mon Jun  9 17:47:00 CDT 2025: Running scheduled reports
Mon Jun  9 17:47:00 CDT 2025: Checking if NextJS server is running...
/Users/sim/Project2/scripts/../scripts/run-simple-scheduled-reports.sh: line 16: node: command not found
Mon Jun  9 17:47:01 CDT 2025: NextJS server is not running. Skipping scheduled reports check.
Mon Jun  9 17:48:00 CDT 2025: Checking if NextJS server is running...
Mon Jun  9 17:48:00 CDT 2025: Running scheduled reports
/Users/sim/Project2/scripts/../scripts/run-simple-scheduled-reports.sh: line 16: node: command not found
Mon Jun  9 17:48:00 CDT 2025: NextJS server is not running. Skipping scheduled reports check.
Mon Jun  9 17:49:00 CDT 2025: Checking if NextJS server is running...
Mon Jun  9 17:49:00 CDT 2025: Running scheduled reports
/Users/sim/Project2/scripts/../scripts/run-simple-scheduled-reports.sh: line 16: node: command not found
Mon Jun  9 17:49:00 CDT 2025: NextJS server is not running. Skipping scheduled reports check.
Mon Jun  9 17:50:00 CDT 2025: Checking if NextJS server is running...
Mon Jun  9 17:50:00 CDT 2025: Running scheduled reports
/Users/sim/Project2/scripts/../scripts/run-simple-scheduled-reports.sh: line 16: node: command not found
Mon Jun  9 17:50:00 CDT 2025: NextJS server is not running. Skipping scheduled reports check.
Mon Jun  9 17:51:01 CDT 2025: Checking if NextJS server is running...
Mon Jun  9 17:51:01 CDT 2025: Running scheduled reports
/Users/sim/Project2/scripts/../scripts/run-simple-scheduled-reports.sh: line 16: node: command not found
Mon Jun  9 17:51:02 CDT 2025: NextJS server is not running. Skipping scheduled reports check.
Mon Jun  9 17:52:00 CDT 2025: Running scheduled reports
Mon Jun  9 17:52:00 CDT 2025: Checking if NextJS server is running...
/Users/sim/Project2/scripts/../scripts/run-simple-scheduled-reports.sh: line 16: node: command not found
Mon Jun  9 17:52:00 CDT 2025: NextJS server is not running. Skipping scheduled reports check.
Mon Jun  9 17:53:00 CDT 2025: Running scheduled reports
Mon Jun  9 17:53:00 CDT 2025: Checking if NextJS server is running...
/Users/sim/Project2/scripts/../scripts/run-simple-scheduled-reports.sh: line 16: node: command not found
Mon Jun  9 17:53:00 CDT 2025: NextJS server is not running. Skipping scheduled reports check.
Mon Jun  9 17:54:00 CDT 2025: Running scheduled reports
Mon Jun  9 17:54:00 CDT 2025: Checking if NextJS server is running...
/Users/sim/Project2/scripts/../scripts/run-simple-scheduled-reports.sh: line 16: node: command not found
Mon Jun  9 17:54:00 CDT 2025: NextJS server is not running. Skipping scheduled reports check.
Mon Jun  9 17:55:01 CDT 2025: Checking if NextJS server is running...
Mon Jun  9 17:55:01 CDT 2025: Running scheduled reports
/Users/sim/Project2/scripts/../scripts/run-simple-scheduled-reports.sh: line 16: node: command not found
Mon Jun  9 17:55:01 CDT 2025: NextJS server is not running. Skipping scheduled reports check.
Mon Jun  9 17:56:01 CDT 2025: Checking if NextJS server is running...
Mon Jun  9 17:56:01 CDT 2025: Running scheduled reports
/Users/sim/Project2/scripts/../scripts/run-simple-scheduled-reports.sh: line 16: node: command not found
Mon Jun  9 17:56:01 CDT 2025: NextJS server is not running. Skipping scheduled reports check.
Mon Jun  9 17:57:00 CDT 2025: Running scheduled reports
Mon Jun  9 17:57:00 CDT 2025: Checking if NextJS server is running...
/Users/sim/Project2/scripts/../scripts/run-simple-scheduled-reports.sh: line 16: node: command not found
Mon Jun  9 17:57:00 CDT 2025: NextJS server is not running. Skipping scheduled reports check.
Mon Jun  9 17:58:00 CDT 2025: Running scheduled reports
Mon Jun  9 17:58:00 CDT 2025: Checking if NextJS server is running...
/Users/sim/Project2/scripts/../scripts/run-simple-scheduled-reports.sh: line 16: node: command not found
Mon Jun  9 17:58:00 CDT 2025: NextJS server is not running. Skipping scheduled reports check.
Mon Jun  9 17:59:01 CDT 2025: Checking if NextJS server is running...
Mon Jun  9 17:59:01 CDT 2025: Running scheduled reports
/Users/sim/Project2/scripts/../scripts/run-simple-scheduled-reports.sh: line 16: node: command not found
Mon Jun  9 17:59:01 CDT 2025: NextJS server is not running. Skipping scheduled reports check.
Mon Jun  9 18:00:01 CDT 2025: Checking if NextJS server is running...
Mon Jun  9 18:00:01 CDT 2025: Running scheduled reports
/Users/sim/Project2/scripts/../scripts/run-simple-scheduled-reports.sh: line 16: node: command not found
Mon Jun  9 18:00:02 CDT 2025: NextJS server is not running. Skipping scheduled reports check.
Mon Jun  9 18:01:00 CDT 2025: Checking if NextJS server is running...
Mon Jun  9 18:01:00 CDT 2025: Running scheduled reports
/Users/sim/Project2/scripts/../scripts/run-simple-scheduled-reports.sh: line 16: node: command not found
Mon Jun  9 18:01:00 CDT 2025: NextJS server is not running. Skipping scheduled reports check.
Mon Jun  9 18:02:00 CDT 2025: Checking if NextJS server is running...
Mon Jun  9 18:02:00 CDT 2025: Running scheduled reports
/Users/sim/Project2/scripts/../scripts/run-simple-scheduled-reports.sh: line 16: node: command not found
Mon Jun  9 18:02:00 CDT 2025: NextJS server is not running. Skipping scheduled reports check.
Mon Jun  9 18:03:00 CDT 2025: Checking if NextJS server is running...
Mon Jun  9 18:03:00 CDT 2025: Running scheduled reports
/Users/sim/Project2/scripts/../scripts/run-simple-scheduled-reports.sh: line 16: node: command not found
Mon Jun  9 18:03:00 CDT 2025: NextJS server is not running. Skipping scheduled reports check.
Mon Jun  9 18:04:01 CDT 2025: Running scheduled reports
Mon Jun  9 18:04:01 CDT 2025: Checking if NextJS server is running...
/Users/sim/Project2/scripts/../scripts/run-simple-scheduled-reports.sh: line 16: node: command not found
Mon Jun  9 18:04:02 CDT 2025: NextJS server is not running. Skipping scheduled reports check.
Mon Jun  9 18:05:00 CDT 2025: Running scheduled reports
Mon Jun  9 18:05:00 CDT 2025: Checking if NextJS server is running...
/Users/sim/Project2/scripts/../scripts/run-simple-scheduled-reports.sh: line 16: node: command not found
Mon Jun  9 18:05:01 CDT 2025: NextJS server is not running. Skipping scheduled reports check.
Mon Jun  9 18:06:00 CDT 2025: Checking if NextJS server is running...
Mon Jun  9 18:06:00 CDT 2025: Running scheduled reports
/Users/sim/Project2/scripts/../scripts/run-simple-scheduled-reports.sh: line 16: node: command not found
Mon Jun  9 18:06:00 CDT 2025: NextJS server is not running. Skipping scheduled reports check.
Mon Jun  9 18:07:00 CDT 2025: Checking if NextJS server is running...
Mon Jun  9 18:07:00 CDT 2025: Running scheduled reports
/Users/sim/Project2/scripts/../scripts/run-simple-scheduled-reports.sh: line 16: node: command not found
Mon Jun  9 18:07:00 CDT 2025: NextJS server is not running. Skipping scheduled reports check.
Mon Jun  9 18:08:01 CDT 2025: Checking if NextJS server is running...
Mon Jun  9 18:08:01 CDT 2025: Running scheduled reports
/Users/sim/Project2/scripts/../scripts/run-simple-scheduled-reports.sh: line 16: node: command not found
Mon Jun  9 18:08:01 CDT 2025: NextJS server is not running. Skipping scheduled reports check.
Mon Jun  9 18:09:00 CDT 2025: Checking if NextJS server is running...
Mon Jun  9 18:09:00 CDT 2025: Running scheduled reports
/Users/sim/Project2/scripts/../scripts/run-simple-scheduled-reports.sh: line 16: node: command not found
Mon Jun  9 18:09:00 CDT 2025: NextJS server is not running. Skipping scheduled reports check.
Mon Jun  9 18:10:00 CDT 2025: Running scheduled reports
Mon Jun  9 18:10:00 CDT 2025: Checking if NextJS server is running...
/Users/sim/Project2/scripts/../scripts/run-simple-scheduled-reports.sh: line 16: node: command not found
Mon Jun  9 18:10:01 CDT 2025: NextJS server is not running. Skipping scheduled reports check.
Mon Jun  9 18:11:00 CDT 2025: Checking if NextJS server is running...
Mon Jun  9 18:11:00 CDT 2025: Running scheduled reports
/Users/sim/Project2/scripts/../scripts/run-simple-scheduled-reports.sh: line 16: node: command not found
Mon Jun  9 18:11:00 CDT 2025: NextJS server is not running. Skipping scheduled reports check.
Mon Jun  9 18:12:00 CDT 2025: Checking if NextJS server is running...
Mon Jun  9 18:12:00 CDT 2025: Running scheduled reports
/Users/sim/Project2/scripts/../scripts/run-simple-scheduled-reports.sh: line 16: node: command not found
Mon Jun  9 18:12:01 CDT 2025: NextJS server is not running. Skipping scheduled reports check.
Mon Jun  9 18:13:01 CDT 2025: Running scheduled reports
Mon Jun  9 18:13:01 CDT 2025: Checking if NextJS server is running...
/Users/sim/Project2/scripts/../scripts/run-simple-scheduled-reports.sh: line 16: node: command not found
Mon Jun  9 18:13:01 CDT 2025: NextJS server is not running. Skipping scheduled reports check.
Mon Jun  9 18:14:00 CDT 2025: Checking if NextJS server is running...
Mon Jun  9 18:14:00 CDT 2025: Running scheduled reports
/Users/sim/Project2/scripts/../scripts/run-simple-scheduled-reports.sh: line 16: node: command not found
Mon Jun  9 18:14:00 CDT 2025: NextJS server is not running. Skipping scheduled reports check.
Mon Jun  9 18:15:01 CDT 2025: Checking if NextJS server is running...
Mon Jun  9 18:15:01 CDT 2025: Running scheduled reports
/Users/sim/Project2/scripts/../scripts/run-simple-scheduled-reports.sh: line 16: node: command not found
Mon Jun  9 18:15:01 CDT 2025: NextJS server is not running. Skipping scheduled reports check.
Mon Jun  9 18:16:00 CDT 2025: Running scheduled reports
Mon Jun  9 18:16:00 CDT 2025: Checking if NextJS server is running...
/Users/sim/Project2/scripts/../scripts/run-simple-scheduled-reports.sh: line 16: node: command not found
Mon Jun  9 18:16:00 CDT 2025: NextJS server is not running. Skipping scheduled reports check.
Mon Jun  9 18:17:00 CDT 2025: Running scheduled reports
Mon Jun  9 18:17:00 CDT 2025: Checking if NextJS server is running...
/Users/sim/Project2/scripts/../scripts/run-simple-scheduled-reports.sh: line 16: node: command not found
Mon Jun  9 18:17:00 CDT 2025: NextJS server is not running. Skipping scheduled reports check.
Mon Jun  9 18:18:00 CDT 2025: Running scheduled reports
Mon Jun  9 18:18:00 CDT 2025: Checking if NextJS server is running...
/Users/sim/Project2/scripts/../scripts/run-simple-scheduled-reports.sh: line 16: node: command not found
Mon Jun  9 18:18:01 CDT 2025: NextJS server is not running. Skipping scheduled reports check.
Mon Jun  9 18:19:00 CDT 2025: Running scheduled reports
Mon Jun  9 18:19:00 CDT 2025: Checking if NextJS server is running...
/Users/sim/Project2/scripts/../scripts/run-simple-scheduled-reports.sh: line 16: node: command not found
Mon Jun  9 18:19:00 CDT 2025: NextJS server is not running. Skipping scheduled reports check.
Mon Jun  9 18:20:00 CDT 2025: Running scheduled reports
Mon Jun  9 18:20:00 CDT 2025: Checking if NextJS server is running...
/Users/sim/Project2/scripts/../scripts/run-simple-scheduled-reports.sh: line 16: node: command not found
Mon Jun  9 18:20:00 CDT 2025: NextJS server is not running. Skipping scheduled reports check.
Mon Jun  9 18:21:00 CDT 2025: Running scheduled reports
Mon Jun  9 18:21:00 CDT 2025: Checking if NextJS server is running...
/Users/sim/Project2/scripts/../scripts/run-simple-scheduled-reports.sh: line 16: node: command not found
Mon Jun  9 18:21:00 CDT 2025: NextJS server is not running. Skipping scheduled reports check.
Mon Jun  9 18:22:00 CDT 2025: Checking if NextJS server is running...
Mon Jun  9 18:22:00 CDT 2025: Running scheduled reports
/Users/sim/Project2/scripts/../scripts/run-simple-scheduled-reports.sh: line 16: node: command not found
Mon Jun  9 18:22:00 CDT 2025: NextJS server is not running. Skipping scheduled reports check.
Mon Jun  9 18:23:01 CDT 2025: Checking if NextJS server is running...
Mon Jun  9 18:23:01 CDT 2025: Running scheduled reports
/Users/sim/Project2/scripts/../scripts/run-simple-scheduled-reports.sh: line 16: node: command not found
Mon Jun  9 18:23:01 CDT 2025: NextJS server is not running. Skipping scheduled reports check.
Mon Jun  9 18:24:00 CDT 2025: Running scheduled reports
Mon Jun  9 18:24:00 CDT 2025: Checking if NextJS server is running...
/Users/sim/Project2/scripts/../scripts/run-simple-scheduled-reports.sh: line 16: node: command not found
Mon Jun  9 18:24:00 CDT 2025: NextJS server is not running. Skipping scheduled reports check.
Mon Jun  9 18:25:00 CDT 2025: Checking if NextJS server is running...
Mon Jun  9 18:25:00 CDT 2025: Running scheduled reports
/Users/sim/Project2/scripts/../scripts/run-simple-scheduled-reports.sh: line 16: node: command not found
Mon Jun  9 18:25:00 CDT 2025: NextJS server is not running. Skipping scheduled reports check.
Mon Jun  9 18:26:00 CDT 2025: Checking if NextJS server is running...
Mon Jun  9 18:26:00 CDT 2025: Running scheduled reports
/Users/sim/Project2/scripts/../scripts/run-simple-scheduled-reports.sh: line 16: node: command not found
Mon Jun  9 18:26:00 CDT 2025: NextJS server is not running. Skipping scheduled reports check.
Mon Jun  9 18:27:00 CDT 2025: Checking if NextJS server is running...
Mon Jun  9 18:27:00 CDT 2025: Running scheduled reports
/Users/sim/Project2/scripts/../scripts/run-simple-scheduled-reports.sh: line 16: node: command not found
Mon Jun  9 18:27:01 CDT 2025: NextJS server is not running. Skipping scheduled reports check.
Mon Jun  9 18:28:00 CDT 2025: Checking if NextJS server is running...
Mon Jun  9 18:28:00 CDT 2025: Running scheduled reports
/Users/sim/Project2/scripts/../scripts/run-simple-scheduled-reports.sh: line 16: node: command not found
Mon Jun  9 18:28:00 CDT 2025: NextJS server is not running. Skipping scheduled reports check.
Mon Jun  9 18:29:01 CDT 2025: Running scheduled reports
Mon Jun  9 18:29:01 CDT 2025: Checking if NextJS server is running...
/Users/sim/Project2/scripts/../scripts/run-simple-scheduled-reports.sh: line 16: node: command not found
Mon Jun  9 18:29:01 CDT 2025: NextJS server is not running. Skipping scheduled reports check.
Mon Jun  9 18:30:00 CDT 2025: Running scheduled reports
Mon Jun  9 18:30:00 CDT 2025: Checking if NextJS server is running...
/Users/sim/Project2/scripts/../scripts/run-simple-scheduled-reports.sh: line 16: node: command not found
Mon Jun  9 18:30:00 CDT 2025: NextJS server is not running. Skipping scheduled reports check.
Mon Jun  9 18:31:00 CDT 2025: Running scheduled reports
Mon Jun  9 18:31:00 CDT 2025: Checking if NextJS server is running...
/Users/sim/Project2/scripts/../scripts/run-simple-scheduled-reports.sh: line 16: node: command not found
Mon Jun  9 18:31:00 CDT 2025: NextJS server is not running. Skipping scheduled reports check.
Mon Jun  9 18:32:01 CDT 2025: Running scheduled reports
Mon Jun  9 18:32:01 CDT 2025: Checking if NextJS server is running...
/Users/sim/Project2/scripts/../scripts/run-simple-scheduled-reports.sh: line 16: node: command not found
Mon Jun  9 18:32:01 CDT 2025: NextJS server is not running. Skipping scheduled reports check.
Mon Jun  9 18:33:00 CDT 2025: Running scheduled reports
Mon Jun  9 18:33:00 CDT 2025: Checking if NextJS server is running...
/Users/sim/Project2/scripts/../scripts/run-simple-scheduled-reports.sh: line 16: node: command not found
Mon Jun  9 18:33:00 CDT 2025: NextJS server is not running. Skipping scheduled reports check.
Mon Jun  9 18:54:14 CDT 2025: Running scheduled reports
Mon Jun  9 18:54:14 CDT 2025: Checking if NextJS server is running...
/Users/sim/Project2/scripts/../scripts/run-simple-scheduled-reports.sh: line 16: node: command not found
Mon Jun  9 18:54:14 CDT 2025: NextJS server is not running. Skipping scheduled reports check.
Mon Jun  9 18:59:13 CDT 2025: Running scheduled reports
Mon Jun  9 18:59:13 CDT 2025: Checking if NextJS server is running...
/Users/sim/Project2/scripts/../scripts/run-simple-scheduled-reports.sh: line 16: node: command not found
Mon Jun  9 18:59:13 CDT 2025: NextJS server is not running. Skipping scheduled reports check.
Mon Jun  9 19:04:13 CDT 2025: Running scheduled reports
Mon Jun  9 19:04:13 CDT 2025: Checking if NextJS server is running...
/Users/sim/Project2/scripts/../scripts/run-simple-scheduled-reports.sh: line 16: node: command not found
Mon Jun  9 19:04:13 CDT 2025: NextJS server is not running. Skipping scheduled reports check.
Mon Jun  9 19:09:14 CDT 2025: Checking if NextJS server is running...
Mon Jun  9 19:09:14 CDT 2025: Running scheduled reports
/Users/sim/Project2/scripts/../scripts/run-simple-scheduled-reports.sh: line 16: node: command not found
Mon Jun  9 19:09:14 CDT 2025: NextJS server is not running. Skipping scheduled reports check.
Mon Jun  9 19:17:09 CDT 2025: Checking if NextJS server is running...
Mon Jun  9 19:17:09 CDT 2025: Running scheduled reports
/Users/sim/Project2/scripts/../scripts/run-simple-scheduled-reports.sh: line 16: node: command not found
Mon Jun  9 19:17:09 CDT 2025: NextJS server is not running. Skipping scheduled reports check.
Mon Jun  9 19:50:01 CDT 2025: Checking if NextJS server is running...
Mon Jun  9 19:50:01 CDT 2025: Running scheduled reports
/Users/sim/Project2/scripts/../scripts/run-simple-scheduled-reports.sh: line 16: node: command not found
Mon Jun  9 19:50:02 CDT 2025: NextJS server is not running. Skipping scheduled reports check.
Mon Jun  9 20:35:01 CDT 2025: Running scheduled reports
Mon Jun  9 20:35:01 CDT 2025: Checking if NextJS server is running...
/Users/sim/Project2/scripts/../scripts/run-simple-scheduled-reports.sh: line 16: node: command not found
Mon Jun  9 20:35:01 CDT 2025: NextJS server is not running. Skipping scheduled reports check.
Mon Jun  9 21:08:00 CDT 2025: Running scheduled reports
Mon Jun  9 21:08:00 CDT 2025: Checking if NextJS server is running...
/Users/sim/Project2/scripts/../scripts/run-simple-scheduled-reports.sh: line 16: node: command not found
Mon Jun  9 21:08:00 CDT 2025: NextJS server is not running. Skipping scheduled reports check.
Mon Jun  9 22:08:01 CDT 2025: Running scheduled reports
Mon Jun  9 22:08:01 CDT 2025: Checking if NextJS server is running...
/Users/sim/Project2/scripts/../scripts/run-simple-scheduled-reports.sh: line 16: node: command not found
Mon Jun  9 22:08:01 CDT 2025: NextJS server is not running. Skipping scheduled reports check.
Mon Jun  9 22:38:00 CDT 2025: Running scheduled reports
Mon Jun  9 22:38:00 CDT 2025: Checking if NextJS server is running...
/Users/sim/Project2/scripts/../scripts/run-simple-scheduled-reports.sh: line 16: node: command not found
Mon Jun  9 22:38:01 CDT 2025: NextJS server is not running. Skipping scheduled reports check.
Mon Jun  9 23:54:00 CDT 2025: Running scheduled reports
Mon Jun  9 23:54:00 CDT 2025: Checking if NextJS server is running...
/Users/sim/Project2/scripts/../scripts/run-simple-scheduled-reports.sh: line 16: node: command not found
Mon Jun  9 23:54:00 CDT 2025: NextJS server is not running. Skipping scheduled reports check.
