Thu Jun  5 02:25:00 CDT 2025: Checking if NextJS server is running...
Thu Jun  5 02:25:00 CDT 2025: Running scheduled reports
/Users/sim/Project2/scripts/../scripts/run-simple-scheduled-reports.sh: line 16: node: command not found
Thu Jun  5 02:25:00 CDT 2025: NextJS server is not running. Skipping scheduled reports check.
Thu Jun  5 02:26:00 CDT 2025: Checking if NextJS server is running...
Thu Jun  5 02:26:00 CDT 2025: Running scheduled reports
/Users/sim/Project2/scripts/../scripts/run-simple-scheduled-reports.sh: line 16: node: command not found
Thu Jun  5 02:26:00 CDT 2025: NextJS server is not running. Skipping scheduled reports check.
Thu Jun  5 02:27:00 CDT 2025: Checking if NextJS server is running...
Thu Jun  5 02:27:00 CDT 2025: Running scheduled reports
/Users/sim/Project2/scripts/../scripts/run-simple-scheduled-reports.sh: line 16: node: command not found
Thu Jun  5 02:27:00 CDT 2025: NextJS server is not running. Skipping scheduled reports check.
Thu Jun  5 02:28:01 CDT 2025: Running scheduled reports
Thu Jun  5 02:28:01 CDT 2025: Checking if NextJS server is running...
/Users/sim/Project2/scripts/../scripts/run-simple-scheduled-reports.sh: line 16: node: command not found
Thu Jun  5 02:28:01 CDT 2025: NextJS server is not running. Skipping scheduled reports check.
Thu Jun  5 02:29:00 CDT 2025: Checking if NextJS server is running...
Thu Jun  5 02:29:00 CDT 2025: Running scheduled reports
/Users/sim/Project2/scripts/../scripts/run-simple-scheduled-reports.sh: line 16: node: command not found
Thu Jun  5 02:29:00 CDT 2025: NextJS server is not running. Skipping scheduled reports check.
Thu Jun  5 02:30:00 CDT 2025: Running scheduled reports
Thu Jun  5 02:30:00 CDT 2025: Checking if NextJS server is running...
/Users/sim/Project2/scripts/../scripts/run-simple-scheduled-reports.sh: line 16: node: command not found
Thu Jun  5 02:30:00 CDT 2025: NextJS server is not running. Skipping scheduled reports check.
Thu Jun  5 02:31:00 CDT 2025: Checking if NextJS server is running...
Thu Jun  5 02:31:00 CDT 2025: Running scheduled reports
/Users/sim/Project2/scripts/../scripts/run-simple-scheduled-reports.sh: line 16: node: command not found
Thu Jun  5 02:31:00 CDT 2025: NextJS server is not running. Skipping scheduled reports check.
Thu Jun  5 02:32:01 CDT 2025: Running scheduled reports
Thu Jun  5 02:32:01 CDT 2025: Checking if NextJS server is running...
/Users/sim/Project2/scripts/../scripts/run-simple-scheduled-reports.sh: line 16: node: command not found
Thu Jun  5 02:32:01 CDT 2025: NextJS server is not running. Skipping scheduled reports check.
Thu Jun  5 02:33:00 CDT 2025: Checking if NextJS server is running...
Thu Jun  5 02:33:00 CDT 2025: Running scheduled reports
/Users/sim/Project2/scripts/../scripts/run-simple-scheduled-reports.sh: line 16: node: command not found
Thu Jun  5 02:33:00 CDT 2025: NextJS server is not running. Skipping scheduled reports check.
Thu Jun  5 02:34:00 CDT 2025: Running scheduled reports
Thu Jun  5 02:34:00 CDT 2025: Checking if NextJS server is running...
/Users/sim/Project2/scripts/../scripts/run-simple-scheduled-reports.sh: line 16: node: command not found
Thu Jun  5 02:34:00 CDT 2025: NextJS server is not running. Skipping scheduled reports check.
Thu Jun  5 02:35:00 CDT 2025: Running scheduled reports
Thu Jun  5 02:35:00 CDT 2025: Checking if NextJS server is running...
/Users/sim/Project2/scripts/../scripts/run-simple-scheduled-reports.sh: line 16: node: command not found
Thu Jun  5 02:35:00 CDT 2025: NextJS server is not running. Skipping scheduled reports check.
Thu Jun  5 02:36:00 CDT 2025: Running scheduled reports
Thu Jun  5 02:36:00 CDT 2025: Checking if NextJS server is running...
/Users/sim/Project2/scripts/../scripts/run-simple-scheduled-reports.sh: line 16: node: command not found
Thu Jun  5 02:36:00 CDT 2025: NextJS server is not running. Skipping scheduled reports check.
Thu Jun  5 02:37:00 CDT 2025: Running scheduled reports
Thu Jun  5 02:37:00 CDT 2025: Checking if NextJS server is running...
/Users/sim/Project2/scripts/../scripts/run-simple-scheduled-reports.sh: line 16: node: command not found
Thu Jun  5 02:37:00 CDT 2025: NextJS server is not running. Skipping scheduled reports check.
Thu Jun  5 02:38:00 CDT 2025: Running scheduled reports
Thu Jun  5 02:38:00 CDT 2025: Checking if NextJS server is running...
/Users/sim/Project2/scripts/../scripts/run-simple-scheduled-reports.sh: line 16: node: command not found
Thu Jun  5 02:38:00 CDT 2025: NextJS server is not running. Skipping scheduled reports check.
Thu Jun  5 02:39:01 CDT 2025: Running scheduled reports
Thu Jun  5 02:39:01 CDT 2025: Checking if NextJS server is running...
/Users/sim/Project2/scripts/../scripts/run-simple-scheduled-reports.sh: line 16: node: command not found
Thu Jun  5 02:39:01 CDT 2025: NextJS server is not running. Skipping scheduled reports check.
Thu Jun  5 02:40:00 CDT 2025: Checking if NextJS server is running...
Thu Jun  5 02:40:00 CDT 2025: Running scheduled reports
/Users/sim/Project2/scripts/../scripts/run-simple-scheduled-reports.sh: line 16: node: command not found
Thu Jun  5 02:40:00 CDT 2025: NextJS server is not running. Skipping scheduled reports check.
Thu Jun  5 02:41:00 CDT 2025: Checking if NextJS server is running...
Thu Jun  5 02:41:00 CDT 2025: Running scheduled reports
/Users/sim/Project2/scripts/../scripts/run-simple-scheduled-reports.sh: line 16: node: command not found
Thu Jun  5 02:41:00 CDT 2025: NextJS server is not running. Skipping scheduled reports check.
Thu Jun  5 02:42:00 CDT 2025: Checking if NextJS server is running...
Thu Jun  5 02:42:00 CDT 2025: Running scheduled reports
/Users/sim/Project2/scripts/../scripts/run-simple-scheduled-reports.sh: line 16: node: command not found
Thu Jun  5 02:42:00 CDT 2025: NextJS server is not running. Skipping scheduled reports check.
Thu Jun  5 02:43:00 CDT 2025: Checking if NextJS server is running...
Thu Jun  5 02:43:00 CDT 2025: Running scheduled reports
/Users/sim/Project2/scripts/../scripts/run-simple-scheduled-reports.sh: line 16: node: command not found
Thu Jun  5 02:43:00 CDT 2025: NextJS server is not running. Skipping scheduled reports check.
Thu Jun  5 02:44:00 CDT 2025: Checking if NextJS server is running...
Thu Jun  5 02:44:00 CDT 2025: Running scheduled reports
/Users/sim/Project2/scripts/../scripts/run-simple-scheduled-reports.sh: line 16: node: command not found
Thu Jun  5 02:44:00 CDT 2025: NextJS server is not running. Skipping scheduled reports check.
Thu Jun  5 02:45:01 CDT 2025: Running scheduled reports
Thu Jun  5 02:45:01 CDT 2025: Checking if NextJS server is running...
/Users/sim/Project2/scripts/../scripts/run-simple-scheduled-reports.sh: line 16: node: command not found
Thu Jun  5 02:45:01 CDT 2025: NextJS server is not running. Skipping scheduled reports check.
Thu Jun  5 02:46:00 CDT 2025: Checking if NextJS server is running...
Thu Jun  5 02:46:00 CDT 2025: Running scheduled reports
/Users/sim/Project2/scripts/../scripts/run-simple-scheduled-reports.sh: line 16: node: command not found
Thu Jun  5 02:46:00 CDT 2025: NextJS server is not running. Skipping scheduled reports check.
Thu Jun  5 02:47:00 CDT 2025: Running scheduled reports
Thu Jun  5 02:47:00 CDT 2025: Checking if NextJS server is running...
/Users/sim/Project2/scripts/../scripts/run-simple-scheduled-reports.sh: line 16: node: command not found
Thu Jun  5 02:47:00 CDT 2025: NextJS server is not running. Skipping scheduled reports check.
Thu Jun  5 02:48:00 CDT 2025: Running scheduled reports
Thu Jun  5 02:48:00 CDT 2025: Checking if NextJS server is running...
/Users/sim/Project2/scripts/../scripts/run-simple-scheduled-reports.sh: line 16: node: command not found
Thu Jun  5 02:48:00 CDT 2025: NextJS server is not running. Skipping scheduled reports check.
Thu Jun  5 02:49:00 CDT 2025: Checking if NextJS server is running...
Thu Jun  5 02:49:00 CDT 2025: Running scheduled reports
/Users/sim/Project2/scripts/../scripts/run-simple-scheduled-reports.sh: line 16: node: command not found
Thu Jun  5 02:49:00 CDT 2025: NextJS server is not running. Skipping scheduled reports check.
Thu Jun  5 02:50:00 CDT 2025: Checking if NextJS server is running...
Thu Jun  5 02:50:00 CDT 2025: Running scheduled reports
/Users/sim/Project2/scripts/../scripts/run-simple-scheduled-reports.sh: line 16: node: command not found
Thu Jun  5 02:50:00 CDT 2025: NextJS server is not running. Skipping scheduled reports check.
Thu Jun  5 02:51:01 CDT 2025: Running scheduled reports
Thu Jun  5 02:51:01 CDT 2025: Checking if NextJS server is running...
/Users/sim/Project2/scripts/../scripts/run-simple-scheduled-reports.sh: line 16: node: command not found
Thu Jun  5 02:51:01 CDT 2025: NextJS server is not running. Skipping scheduled reports check.
Thu Jun  5 02:52:00 CDT 2025: Checking if NextJS server is running...
Thu Jun  5 02:52:00 CDT 2025: Running scheduled reports
/Users/sim/Project2/scripts/../scripts/run-simple-scheduled-reports.sh: line 16: node: command not found
Thu Jun  5 02:52:00 CDT 2025: NextJS server is not running. Skipping scheduled reports check.
Thu Jun  5 02:53:00 CDT 2025: Running scheduled reports
Thu Jun  5 02:53:00 CDT 2025: Checking if NextJS server is running...
/Users/sim/Project2/scripts/../scripts/run-simple-scheduled-reports.sh: line 16: node: command not found
Thu Jun  5 02:53:00 CDT 2025: NextJS server is not running. Skipping scheduled reports check.
Thu Jun  5 02:54:00 CDT 2025: Running scheduled reports
Thu Jun  5 02:54:00 CDT 2025: Checking if NextJS server is running...
/Users/sim/Project2/scripts/../scripts/run-simple-scheduled-reports.sh: line 16: node: command not found
Thu Jun  5 02:54:00 CDT 2025: NextJS server is not running. Skipping scheduled reports check.
Thu Jun  5 02:55:00 CDT 2025: Running scheduled reports
Thu Jun  5 02:55:00 CDT 2025: Checking if NextJS server is running...
/Users/sim/Project2/scripts/../scripts/run-simple-scheduled-reports.sh: line 16: node: command not found
Thu Jun  5 02:55:00 CDT 2025: NextJS server is not running. Skipping scheduled reports check.
Thu Jun  5 02:56:01 CDT 2025: Checking if NextJS server is running...
Thu Jun  5 02:56:01 CDT 2025: Running scheduled reports
/Users/sim/Project2/scripts/../scripts/run-simple-scheduled-reports.sh: line 16: node: command not found
Thu Jun  5 02:56:01 CDT 2025: NextJS server is not running. Skipping scheduled reports check.
Thu Jun  5 02:57:00 CDT 2025: Checking if NextJS server is running...
Thu Jun  5 02:57:00 CDT 2025: Running scheduled reports
/Users/sim/Project2/scripts/../scripts/run-simple-scheduled-reports.sh: line 16: node: command not found
Thu Jun  5 02:57:00 CDT 2025: NextJS server is not running. Skipping scheduled reports check.
Thu Jun  5 02:58:00 CDT 2025: Running scheduled reports
Thu Jun  5 02:58:00 CDT 2025: Checking if NextJS server is running...
/Users/sim/Project2/scripts/../scripts/run-simple-scheduled-reports.sh: line 16: node: command not found
Thu Jun  5 02:58:00 CDT 2025: NextJS server is not running. Skipping scheduled reports check.
Thu Jun  5 02:59:00 CDT 2025: Running scheduled reports
Thu Jun  5 02:59:00 CDT 2025: Checking if NextJS server is running...
/Users/sim/Project2/scripts/../scripts/run-simple-scheduled-reports.sh: line 16: node: command not found
Thu Jun  5 02:59:00 CDT 2025: NextJS server is not running. Skipping scheduled reports check.
Thu Jun  5 03:00:00 CDT 2025: Running scheduled reports
Thu Jun  5 03:00:00 CDT 2025: Checking if NextJS server is running...
/Users/sim/Project2/scripts/../scripts/run-simple-scheduled-reports.sh: line 16: node: command not found
Thu Jun  5 03:00:00 CDT 2025: NextJS server is not running. Skipping scheduled reports check.
Thu Jun  5 03:01:00 CDT 2025: Running scheduled reports
Thu Jun  5 03:01:00 CDT 2025: Checking if NextJS server is running...
/Users/sim/Project2/scripts/../scripts/run-simple-scheduled-reports.sh: line 16: node: command not found
Thu Jun  5 03:01:00 CDT 2025: NextJS server is not running. Skipping scheduled reports check.
Thu Jun  5 03:02:01 CDT 2025: Checking if NextJS server is running...
Thu Jun  5 03:02:01 CDT 2025: Running scheduled reports
/Users/sim/Project2/scripts/../scripts/run-simple-scheduled-reports.sh: line 16: node: command not found
Thu Jun  5 03:02:01 CDT 2025: NextJS server is not running. Skipping scheduled reports check.
Thu Jun  5 03:03:00 CDT 2025: Checking if NextJS server is running...
Thu Jun  5 03:03:00 CDT 2025: Running scheduled reports
/Users/sim/Project2/scripts/../scripts/run-simple-scheduled-reports.sh: line 16: node: command not found
Thu Jun  5 03:03:00 CDT 2025: NextJS server is not running. Skipping scheduled reports check.
Thu Jun  5 03:04:00 CDT 2025: Checking if NextJS server is running...
Thu Jun  5 03:04:00 CDT 2025: Running scheduled reports
/Users/sim/Project2/scripts/../scripts/run-simple-scheduled-reports.sh: line 16: node: command not found
Thu Jun  5 03:04:00 CDT 2025: NextJS server is not running. Skipping scheduled reports check.
Thu Jun  5 03:05:00 CDT 2025: Checking if NextJS server is running...
Thu Jun  5 03:05:00 CDT 2025: Running scheduled reports
/Users/sim/Project2/scripts/../scripts/run-simple-scheduled-reports.sh: line 16: node: command not found
Thu Jun  5 03:05:00 CDT 2025: NextJS server is not running. Skipping scheduled reports check.
Thu Jun  5 03:06:00 CDT 2025: Running scheduled reports
Thu Jun  5 03:06:00 CDT 2025: Checking if NextJS server is running...
/Users/sim/Project2/scripts/../scripts/run-simple-scheduled-reports.sh: line 16: node: command not found
Thu Jun  5 03:06:00 CDT 2025: NextJS server is not running. Skipping scheduled reports check.
Thu Jun  5 03:07:00 CDT 2025: Checking if NextJS server is running...
Thu Jun  5 03:07:00 CDT 2025: Running scheduled reports
/Users/sim/Project2/scripts/../scripts/run-simple-scheduled-reports.sh: line 16: node: command not found
Thu Jun  5 03:07:00 CDT 2025: NextJS server is not running. Skipping scheduled reports check.
Thu Jun  5 03:08:00 CDT 2025: Checking if NextJS server is running...
Thu Jun  5 03:08:00 CDT 2025: Running scheduled reports
/Users/sim/Project2/scripts/../scripts/run-simple-scheduled-reports.sh: line 16: node: command not found
Thu Jun  5 03:08:01 CDT 2025: NextJS server is not running. Skipping scheduled reports check.
Thu Jun  5 03:09:00 CDT 2025: Running scheduled reports
Thu Jun  5 03:09:00 CDT 2025: Checking if NextJS server is running...
/Users/sim/Project2/scripts/../scripts/run-simple-scheduled-reports.sh: line 16: node: command not found
Thu Jun  5 03:09:00 CDT 2025: NextJS server is not running. Skipping scheduled reports check.
Thu Jun  5 03:10:00 CDT 2025: Checking if NextJS server is running...
Thu Jun  5 03:10:00 CDT 2025: Running scheduled reports
/Users/sim/Project2/scripts/../scripts/run-simple-scheduled-reports.sh: line 16: node: command not found
Thu Jun  5 03:10:00 CDT 2025: NextJS server is not running. Skipping scheduled reports check.
Thu Jun  5 03:11:00 CDT 2025: Running scheduled reports
Thu Jun  5 03:11:00 CDT 2025: Checking if NextJS server is running...
/Users/sim/Project2/scripts/../scripts/run-simple-scheduled-reports.sh: line 16: node: command not found
Thu Jun  5 03:11:00 CDT 2025: NextJS server is not running. Skipping scheduled reports check.
Thu Jun  5 03:12:00 CDT 2025: Checking if NextJS server is running...
Thu Jun  5 03:12:00 CDT 2025: Running scheduled reports
/Users/sim/Project2/scripts/../scripts/run-simple-scheduled-reports.sh: line 16: node: command not found
Thu Jun  5 03:12:00 CDT 2025: NextJS server is not running. Skipping scheduled reports check.
Thu Jun  5 03:13:00 CDT 2025: Running scheduled reports
Thu Jun  5 03:13:00 CDT 2025: Checking if NextJS server is running...
/Users/sim/Project2/scripts/../scripts/run-simple-scheduled-reports.sh: line 16: node: command not found
Thu Jun  5 03:13:00 CDT 2025: NextJS server is not running. Skipping scheduled reports check.
Thu Jun  5 03:14:00 CDT 2025: Checking if NextJS server is running...
Thu Jun  5 03:14:00 CDT 2025: Running scheduled reports
/Users/sim/Project2/scripts/../scripts/run-simple-scheduled-reports.sh: line 16: node: command not found
Thu Jun  5 03:14:01 CDT 2025: NextJS server is not running. Skipping scheduled reports check.
Thu Jun  5 03:15:00 CDT 2025: Checking if NextJS server is running...
Thu Jun  5 03:15:00 CDT 2025: Running scheduled reports
/Users/sim/Project2/scripts/../scripts/run-simple-scheduled-reports.sh: line 16: node: command not found
Thu Jun  5 03:15:00 CDT 2025: NextJS server is not running. Skipping scheduled reports check.
Thu Jun  5 03:16:00 CDT 2025: Running scheduled reports
Thu Jun  5 03:16:00 CDT 2025: Checking if NextJS server is running...
/Users/sim/Project2/scripts/../scripts/run-simple-scheduled-reports.sh: line 16: node: command not found
Thu Jun  5 03:16:00 CDT 2025: NextJS server is not running. Skipping scheduled reports check.
Thu Jun  5 03:17:00 CDT 2025: Running scheduled reports
Thu Jun  5 03:17:00 CDT 2025: Checking if NextJS server is running...
/Users/sim/Project2/scripts/../scripts/run-simple-scheduled-reports.sh: line 16: node: command not found
Thu Jun  5 03:17:00 CDT 2025: NextJS server is not running. Skipping scheduled reports check.
Thu Jun  5 03:18:00 CDT 2025: Running scheduled reports
Thu Jun  5 03:18:00 CDT 2025: Checking if NextJS server is running...
/Users/sim/Project2/scripts/../scripts/run-simple-scheduled-reports.sh: line 16: node: command not found
Thu Jun  5 03:18:00 CDT 2025: NextJS server is not running. Skipping scheduled reports check.
Thu Jun  5 03:19:00 CDT 2025: Checking if NextJS server is running...
Thu Jun  5 03:19:00 CDT 2025: Running scheduled reports
/Users/sim/Project2/scripts/../scripts/run-simple-scheduled-reports.sh: line 16: node: command not found
Thu Jun  5 03:19:00 CDT 2025: NextJS server is not running. Skipping scheduled reports check.
Thu Jun  5 03:20:00 CDT 2025: Checking if NextJS server is running...
Thu Jun  5 03:20:00 CDT 2025: Running scheduled reports
/Users/sim/Project2/scripts/../scripts/run-simple-scheduled-reports.sh: line 16: node: command not found
Thu Jun  5 03:20:00 CDT 2025: NextJS server is not running. Skipping scheduled reports check.
Thu Jun  5 03:21:01 CDT 2025: Checking if NextJS server is running...
Thu Jun  5 03:21:01 CDT 2025: Running scheduled reports
/Users/sim/Project2/scripts/../scripts/run-simple-scheduled-reports.sh: line 16: node: command not found
Thu Jun  5 03:21:01 CDT 2025: NextJS server is not running. Skipping scheduled reports check.
Thu Jun  5 03:22:00 CDT 2025: Running scheduled reports
Thu Jun  5 03:22:00 CDT 2025: Checking if NextJS server is running...
/Users/sim/Project2/scripts/../scripts/run-simple-scheduled-reports.sh: line 16: node: command not found
Thu Jun  5 03:22:00 CDT 2025: NextJS server is not running. Skipping scheduled reports check.
Thu Jun  5 03:23:00 CDT 2025: Running scheduled reports
Thu Jun  5 03:23:00 CDT 2025: Checking if NextJS server is running...
/Users/sim/Project2/scripts/../scripts/run-simple-scheduled-reports.sh: line 16: node: command not found
Thu Jun  5 03:23:00 CDT 2025: NextJS server is not running. Skipping scheduled reports check.
Thu Jun  5 03:24:00 CDT 2025: Running scheduled reports
Thu Jun  5 03:24:00 CDT 2025: Checking if NextJS server is running...
/Users/sim/Project2/scripts/../scripts/run-simple-scheduled-reports.sh: line 16: node: command not found
Thu Jun  5 03:24:00 CDT 2025: NextJS server is not running. Skipping scheduled reports check.
Thu Jun  5 03:25:00 CDT 2025: Running scheduled reports
Thu Jun  5 03:25:00 CDT 2025: Checking if NextJS server is running...
/Users/sim/Project2/scripts/../scripts/run-simple-scheduled-reports.sh: line 16: node: command not found
Thu Jun  5 03:25:00 CDT 2025: NextJS server is not running. Skipping scheduled reports check.
Thu Jun  5 03:26:00 CDT 2025: Running scheduled reports
Thu Jun  5 03:26:00 CDT 2025: Checking if NextJS server is running...
/Users/sim/Project2/scripts/../scripts/run-simple-scheduled-reports.sh: line 16: node: command not found
Thu Jun  5 03:26:01 CDT 2025: NextJS server is not running. Skipping scheduled reports check.
Thu Jun  5 03:27:00 CDT 2025: Running scheduled reports
Thu Jun  5 03:27:00 CDT 2025: Checking if NextJS server is running...
/Users/sim/Project2/scripts/../scripts/run-simple-scheduled-reports.sh: line 16: node: command not found
Thu Jun  5 03:27:00 CDT 2025: NextJS server is not running. Skipping scheduled reports check.
Thu Jun  5 03:28:00 CDT 2025: Running scheduled reports
Thu Jun  5 03:28:00 CDT 2025: Checking if NextJS server is running...
/Users/sim/Project2/scripts/../scripts/run-simple-scheduled-reports.sh: line 16: node: command not found
Thu Jun  5 03:28:00 CDT 2025: NextJS server is not running. Skipping scheduled reports check.
Thu Jun  5 03:29:00 CDT 2025: Running scheduled reports
Thu Jun  5 03:29:00 CDT 2025: Checking if NextJS server is running...
/Users/sim/Project2/scripts/../scripts/run-simple-scheduled-reports.sh: line 16: node: command not found
Thu Jun  5 03:29:00 CDT 2025: NextJS server is not running. Skipping scheduled reports check.
Thu Jun  5 03:30:00 CDT 2025: Running scheduled reports
Thu Jun  5 03:30:00 CDT 2025: Checking if NextJS server is running...
/Users/sim/Project2/scripts/../scripts/run-simple-scheduled-reports.sh: line 16: node: command not found
Thu Jun  5 03:30:00 CDT 2025: NextJS server is not running. Skipping scheduled reports check.
Thu Jun  5 03:31:00 CDT 2025: Running scheduled reports
Thu Jun  5 03:31:00 CDT 2025: Checking if NextJS server is running...
/Users/sim/Project2/scripts/../scripts/run-simple-scheduled-reports.sh: line 16: node: command not found
Thu Jun  5 03:31:00 CDT 2025: NextJS server is not running. Skipping scheduled reports check.
Thu Jun  5 03:32:00 CDT 2025: Checking if NextJS server is running...
Thu Jun  5 03:32:00 CDT 2025: Running scheduled reports
/Users/sim/Project2/scripts/../scripts/run-simple-scheduled-reports.sh: line 16: node: command not found
Thu Jun  5 03:32:00 CDT 2025: NextJS server is not running. Skipping scheduled reports check.
Thu Jun  5 03:33:01 CDT 2025: Checking if NextJS server is running...
Thu Jun  5 03:33:01 CDT 2025: Running scheduled reports
/Users/sim/Project2/scripts/../scripts/run-simple-scheduled-reports.sh: line 16: node: command not found
Thu Jun  5 03:33:01 CDT 2025: NextJS server is not running. Skipping scheduled reports check.
Thu Jun  5 03:34:00 CDT 2025: Running scheduled reports
Thu Jun  5 03:34:00 CDT 2025: Checking if NextJS server is running...
/Users/sim/Project2/scripts/../scripts/run-simple-scheduled-reports.sh: line 16: node: command not found
Thu Jun  5 03:34:00 CDT 2025: NextJS server is not running. Skipping scheduled reports check.
Thu Jun  5 03:35:00 CDT 2025: Running scheduled reports
Thu Jun  5 03:35:00 CDT 2025: Checking if NextJS server is running...
/Users/sim/Project2/scripts/../scripts/run-simple-scheduled-reports.sh: line 16: node: command not found
Thu Jun  5 03:35:00 CDT 2025: NextJS server is not running. Skipping scheduled reports check.
Thu Jun  5 03:36:00 CDT 2025: Running scheduled reports
Thu Jun  5 03:36:00 CDT 2025: Checking if NextJS server is running...
/Users/sim/Project2/scripts/../scripts/run-simple-scheduled-reports.sh: line 16: node: command not found
Thu Jun  5 03:36:00 CDT 2025: NextJS server is not running. Skipping scheduled reports check.
Thu Jun  5 03:37:00 CDT 2025: Checking if NextJS server is running...
Thu Jun  5 03:37:00 CDT 2025: Running scheduled reports
/Users/sim/Project2/scripts/../scripts/run-simple-scheduled-reports.sh: line 16: node: command not found
Thu Jun  5 03:37:00 CDT 2025: NextJS server is not running. Skipping scheduled reports check.
Thu Jun  5 03:38:00 CDT 2025: Running scheduled reports
Thu Jun  5 03:38:00 CDT 2025: Checking if NextJS server is running...
/Users/sim/Project2/scripts/../scripts/run-simple-scheduled-reports.sh: line 16: node: command not found
Thu Jun  5 03:38:00 CDT 2025: NextJS server is not running. Skipping scheduled reports check.
Thu Jun  5 03:39:01 CDT 2025: Checking if NextJS server is running...
Thu Jun  5 03:39:01 CDT 2025: Running scheduled reports
/Users/sim/Project2/scripts/../scripts/run-simple-scheduled-reports.sh: line 16: node: command not found
Thu Jun  5 03:39:01 CDT 2025: NextJS server is not running. Skipping scheduled reports check.
Thu Jun  5 03:40:00 CDT 2025: Running scheduled reports
Thu Jun  5 03:40:00 CDT 2025: Checking if NextJS server is running...
/Users/sim/Project2/scripts/../scripts/run-simple-scheduled-reports.sh: line 16: node: command not found
Thu Jun  5 03:40:00 CDT 2025: NextJS server is not running. Skipping scheduled reports check.
Thu Jun  5 03:41:00 CDT 2025: Running scheduled reports
Thu Jun  5 03:41:00 CDT 2025: Checking if NextJS server is running...
/Users/sim/Project2/scripts/../scripts/run-simple-scheduled-reports.sh: line 16: node: command not found
Thu Jun  5 03:41:00 CDT 2025: NextJS server is not running. Skipping scheduled reports check.
Thu Jun  5 03:42:00 CDT 2025: Running scheduled reports
Thu Jun  5 03:42:00 CDT 2025: Checking if NextJS server is running...
/Users/sim/Project2/scripts/../scripts/run-simple-scheduled-reports.sh: line 16: node: command not found
Thu Jun  5 03:42:00 CDT 2025: NextJS server is not running. Skipping scheduled reports check.
Thu Jun  5 03:43:00 CDT 2025: Checking if NextJS server is running...
Thu Jun  5 03:43:00 CDT 2025: Running scheduled reports
/Users/sim/Project2/scripts/../scripts/run-simple-scheduled-reports.sh: line 16: node: command not found
Thu Jun  5 03:43:00 CDT 2025: NextJS server is not running. Skipping scheduled reports check.
Thu Jun  5 03:44:00 CDT 2025: Checking if NextJS server is running...
Thu Jun  5 03:44:00 CDT 2025: Running scheduled reports
/Users/sim/Project2/scripts/../scripts/run-simple-scheduled-reports.sh: line 16: node: command not found
Thu Jun  5 03:44:00 CDT 2025: NextJS server is not running. Skipping scheduled reports check.
Thu Jun  5 03:45:01 CDT 2025: Checking if NextJS server is running...
Thu Jun  5 03:45:01 CDT 2025: Running scheduled reports
/Users/sim/Project2/scripts/../scripts/run-simple-scheduled-reports.sh: line 16: node: command not found
Thu Jun  5 03:45:01 CDT 2025: NextJS server is not running. Skipping scheduled reports check.
Thu Jun  5 03:46:00 CDT 2025: Checking if NextJS server is running...
Thu Jun  5 03:46:00 CDT 2025: Running scheduled reports
/Users/sim/Project2/scripts/../scripts/run-simple-scheduled-reports.sh: line 16: node: command not found
Thu Jun  5 03:46:00 CDT 2025: NextJS server is not running. Skipping scheduled reports check.
Thu Jun  5 03:47:00 CDT 2025: Running scheduled reports
Thu Jun  5 03:47:00 CDT 2025: Checking if NextJS server is running...
/Users/sim/Project2/scripts/../scripts/run-simple-scheduled-reports.sh: line 16: node: command not found
Thu Jun  5 03:47:00 CDT 2025: NextJS server is not running. Skipping scheduled reports check.
Thu Jun  5 03:48:00 CDT 2025: Running scheduled reports
Thu Jun  5 03:48:00 CDT 2025: Checking if NextJS server is running...
/Users/sim/Project2/scripts/../scripts/run-simple-scheduled-reports.sh: line 16: node: command not found
Thu Jun  5 03:48:00 CDT 2025: NextJS server is not running. Skipping scheduled reports check.
Thu Jun  5 03:49:00 CDT 2025: Checking if NextJS server is running...
Thu Jun  5 03:49:00 CDT 2025: Running scheduled reports
/Users/sim/Project2/scripts/../scripts/run-simple-scheduled-reports.sh: line 16: node: command not found
Thu Jun  5 03:49:00 CDT 2025: NextJS server is not running. Skipping scheduled reports check.
Thu Jun  5 03:50:00 CDT 2025: Checking if NextJS server is running...
Thu Jun  5 03:50:00 CDT 2025: Running scheduled reports
/Users/sim/Project2/scripts/../scripts/run-simple-scheduled-reports.sh: line 16: node: command not found
Thu Jun  5 03:50:00 CDT 2025: NextJS server is not running. Skipping scheduled reports check.
Thu Jun  5 03:51:00 CDT 2025: Running scheduled reports
Thu Jun  5 03:51:00 CDT 2025: Checking if NextJS server is running...
/Users/sim/Project2/scripts/../scripts/run-simple-scheduled-reports.sh: line 16: node: command not found
Thu Jun  5 03:51:01 CDT 2025: NextJS server is not running. Skipping scheduled reports check.
Thu Jun  5 03:52:00 CDT 2025: Running scheduled reports
Thu Jun  5 03:52:00 CDT 2025: Checking if NextJS server is running...
/Users/sim/Project2/scripts/../scripts/run-simple-scheduled-reports.sh: line 16: node: command not found
Thu Jun  5 03:52:00 CDT 2025: NextJS server is not running. Skipping scheduled reports check.
Thu Jun  5 03:53:00 CDT 2025: Checking if NextJS server is running...
Thu Jun  5 03:53:00 CDT 2025: Running scheduled reports
/Users/sim/Project2/scripts/../scripts/run-simple-scheduled-reports.sh: line 16: node: command not found
Thu Jun  5 03:53:00 CDT 2025: NextJS server is not running. Skipping scheduled reports check.
Thu Jun  5 03:54:00 CDT 2025: Running scheduled reports
Thu Jun  5 03:54:00 CDT 2025: Checking if NextJS server is running...
/Users/sim/Project2/scripts/../scripts/run-simple-scheduled-reports.sh: line 16: node: command not found
Thu Jun  5 03:54:00 CDT 2025: NextJS server is not running. Skipping scheduled reports check.
Thu Jun  5 03:55:00 CDT 2025: Running scheduled reports
Thu Jun  5 03:55:00 CDT 2025: Checking if NextJS server is running...
/Users/sim/Project2/scripts/../scripts/run-simple-scheduled-reports.sh: line 16: node: command not found
Thu Jun  5 03:55:00 CDT 2025: NextJS server is not running. Skipping scheduled reports check.
Thu Jun  5 03:56:00 CDT 2025: Running scheduled reports
Thu Jun  5 03:56:00 CDT 2025: Checking if NextJS server is running...
/Users/sim/Project2/scripts/../scripts/run-simple-scheduled-reports.sh: line 16: node: command not found
Thu Jun  5 03:56:00 CDT 2025: NextJS server is not running. Skipping scheduled reports check.
Thu Jun  5 03:57:01 CDT 2025: Running scheduled reports
Thu Jun  5 03:57:01 CDT 2025: Checking if NextJS server is running...
/Users/sim/Project2/scripts/../scripts/run-simple-scheduled-reports.sh: line 16: node: command not found
Thu Jun  5 03:57:01 CDT 2025: NextJS server is not running. Skipping scheduled reports check.
Thu Jun  5 03:58:00 CDT 2025: Checking if NextJS server is running...
Thu Jun  5 03:58:00 CDT 2025: Running scheduled reports
/Users/sim/Project2/scripts/../scripts/run-simple-scheduled-reports.sh: line 16: node: command not found
Thu Jun  5 03:58:00 CDT 2025: NextJS server is not running. Skipping scheduled reports check.
Thu Jun  5 03:59:00 CDT 2025: Running scheduled reports
Thu Jun  5 03:59:00 CDT 2025: Checking if NextJS server is running...
/Users/sim/Project2/scripts/../scripts/run-simple-scheduled-reports.sh: line 16: node: command not found
Thu Jun  5 03:59:00 CDT 2025: NextJS server is not running. Skipping scheduled reports check.
Thu Jun  5 04:00:00 CDT 2025: Checking if NextJS server is running...
Thu Jun  5 04:00:00 CDT 2025: Running scheduled reports
/Users/sim/Project2/scripts/../scripts/run-simple-scheduled-reports.sh: line 16: node: command not found
Thu Jun  5 04:00:00 CDT 2025: NextJS server is not running. Skipping scheduled reports check.
Thu Jun  5 04:01:00 CDT 2025: Checking if NextJS server is running...
Thu Jun  5 04:01:00 CDT 2025: Running scheduled reports
/Users/sim/Project2/scripts/../scripts/run-simple-scheduled-reports.sh: line 16: node: command not found
Thu Jun  5 04:01:00 CDT 2025: NextJS server is not running. Skipping scheduled reports check.
Thu Jun  5 04:02:00 CDT 2025: Checking if NextJS server is running...
Thu Jun  5 04:02:00 CDT 2025: Running scheduled reports
/Users/sim/Project2/scripts/../scripts/run-simple-scheduled-reports.sh: line 16: node: command not found
Thu Jun  5 04:02:00 CDT 2025: NextJS server is not running. Skipping scheduled reports check.
Thu Jun  5 04:03:00 CDT 2025: Checking if NextJS server is running...
Thu Jun  5 04:03:00 CDT 2025: Running scheduled reports
/Users/sim/Project2/scripts/../scripts/run-simple-scheduled-reports.sh: line 16: node: command not found
Thu Jun  5 04:03:01 CDT 2025: NextJS server is not running. Skipping scheduled reports check.
Thu Jun  5 04:04:00 CDT 2025: Running scheduled reports
Thu Jun  5 04:04:00 CDT 2025: Checking if NextJS server is running...
/Users/sim/Project2/scripts/../scripts/run-simple-scheduled-reports.sh: line 16: node: command not found
Thu Jun  5 04:04:00 CDT 2025: NextJS server is not running. Skipping scheduled reports check.
Thu Jun  5 04:05:00 CDT 2025: Running scheduled reports
Thu Jun  5 04:05:00 CDT 2025: Checking if NextJS server is running...
/Users/sim/Project2/scripts/../scripts/run-simple-scheduled-reports.sh: line 16: node: command not found
Thu Jun  5 04:05:00 CDT 2025: NextJS server is not running. Skipping scheduled reports check.
Thu Jun  5 04:06:00 CDT 2025: Running scheduled reports
Thu Jun  5 04:06:00 CDT 2025: Checking if NextJS server is running...
/Users/sim/Project2/scripts/../scripts/run-simple-scheduled-reports.sh: line 16: node: command not found
Thu Jun  5 04:06:00 CDT 2025: NextJS server is not running. Skipping scheduled reports check.
Thu Jun  5 04:07:00 CDT 2025: Checking if NextJS server is running...
Thu Jun  5 04:07:00 CDT 2025: Running scheduled reports
/Users/sim/Project2/scripts/../scripts/run-simple-scheduled-reports.sh: line 16: node: command not found
Thu Jun  5 04:07:00 CDT 2025: NextJS server is not running. Skipping scheduled reports check.
Thu Jun  5 04:08:00 CDT 2025: Checking if NextJS server is running...
Thu Jun  5 04:08:00 CDT 2025: Running scheduled reports
/Users/sim/Project2/scripts/../scripts/run-simple-scheduled-reports.sh: line 16: node: command not found
Thu Jun  5 04:08:00 CDT 2025: NextJS server is not running. Skipping scheduled reports check.
Thu Jun  5 04:09:00 CDT 2025: Checking if NextJS server is running...
Thu Jun  5 04:09:00 CDT 2025: Running scheduled reports
/Users/sim/Project2/scripts/../scripts/run-simple-scheduled-reports.sh: line 16: node: command not found
Thu Jun  5 04:09:00 CDT 2025: NextJS server is not running. Skipping scheduled reports check.
Thu Jun  5 04:10:01 CDT 2025: Checking if NextJS server is running...
Thu Jun  5 04:10:01 CDT 2025: Running scheduled reports
/Users/sim/Project2/scripts/../scripts/run-simple-scheduled-reports.sh: line 16: node: command not found
Thu Jun  5 04:10:01 CDT 2025: NextJS server is not running. Skipping scheduled reports check.
Thu Jun  5 04:11:00 CDT 2025: Running scheduled reports
Thu Jun  5 04:11:00 CDT 2025: Checking if NextJS server is running...
/Users/sim/Project2/scripts/../scripts/run-simple-scheduled-reports.sh: line 16: node: command not found
Thu Jun  5 04:11:00 CDT 2025: NextJS server is not running. Skipping scheduled reports check.
Thu Jun  5 04:12:00 CDT 2025: Checking if NextJS server is running...
Thu Jun  5 04:12:00 CDT 2025: Running scheduled reports
/Users/sim/Project2/scripts/../scripts/run-simple-scheduled-reports.sh: line 16: node: command not found
Thu Jun  5 04:12:00 CDT 2025: NextJS server is not running. Skipping scheduled reports check.
Thu Jun  5 04:13:00 CDT 2025: Checking if NextJS server is running...
Thu Jun  5 04:13:00 CDT 2025: Running scheduled reports
/Users/sim/Project2/scripts/../scripts/run-simple-scheduled-reports.sh: line 16: node: command not found
Thu Jun  5 04:13:00 CDT 2025: NextJS server is not running. Skipping scheduled reports check.
Thu Jun  5 04:14:00 CDT 2025: Checking if NextJS server is running...
Thu Jun  5 04:14:00 CDT 2025: Running scheduled reports
/Users/sim/Project2/scripts/../scripts/run-simple-scheduled-reports.sh: line 16: node: command not found
Thu Jun  5 04:14:00 CDT 2025: NextJS server is not running. Skipping scheduled reports check.
Thu Jun  5 04:15:00 CDT 2025: Running scheduled reports
Thu Jun  5 04:15:00 CDT 2025: Checking if NextJS server is running...
/Users/sim/Project2/scripts/../scripts/run-simple-scheduled-reports.sh: line 16: node: command not found
Thu Jun  5 04:15:00 CDT 2025: NextJS server is not running. Skipping scheduled reports check.
Thu Jun  5 04:16:01 CDT 2025: Checking if NextJS server is running...
Thu Jun  5 04:16:01 CDT 2025: Running scheduled reports
/Users/sim/Project2/scripts/../scripts/run-simple-scheduled-reports.sh: line 16: node: command not found
Thu Jun  5 04:16:01 CDT 2025: NextJS server is not running. Skipping scheduled reports check.
Thu Jun  5 04:17:00 CDT 2025: Running scheduled reports
Thu Jun  5 04:17:00 CDT 2025: Checking if NextJS server is running...
/Users/sim/Project2/scripts/../scripts/run-simple-scheduled-reports.sh: line 16: node: command not found
Thu Jun  5 04:17:00 CDT 2025: NextJS server is not running. Skipping scheduled reports check.
Thu Jun  5 04:18:00 CDT 2025: Running scheduled reports
Thu Jun  5 04:18:00 CDT 2025: Checking if NextJS server is running...
/Users/sim/Project2/scripts/../scripts/run-simple-scheduled-reports.sh: line 16: node: command not found
Thu Jun  5 04:18:00 CDT 2025: NextJS server is not running. Skipping scheduled reports check.
Thu Jun  5 04:19:00 CDT 2025: Running scheduled reports
Thu Jun  5 04:19:00 CDT 2025: Checking if NextJS server is running...
/Users/sim/Project2/scripts/../scripts/run-simple-scheduled-reports.sh: line 16: node: command not found
Thu Jun  5 04:19:00 CDT 2025: NextJS server is not running. Skipping scheduled reports check.
Thu Jun  5 04:20:00 CDT 2025: Checking if NextJS server is running...
Thu Jun  5 04:20:00 CDT 2025: Running scheduled reports
/Users/sim/Project2/scripts/../scripts/run-simple-scheduled-reports.sh: line 16: node: command not found
Thu Jun  5 04:20:00 CDT 2025: NextJS server is not running. Skipping scheduled reports check.
Thu Jun  5 04:21:00 CDT 2025: Running scheduled reports
Thu Jun  5 04:21:00 CDT 2025: Checking if NextJS server is running...
/Users/sim/Project2/scripts/../scripts/run-simple-scheduled-reports.sh: line 16: node: command not found
Thu Jun  5 04:21:00 CDT 2025: NextJS server is not running. Skipping scheduled reports check.
Thu Jun  5 04:22:01 CDT 2025: Running scheduled reports
Thu Jun  5 04:22:01 CDT 2025: Checking if NextJS server is running...
/Users/sim/Project2/scripts/../scripts/run-simple-scheduled-reports.sh: line 16: node: command not found
Thu Jun  5 04:22:01 CDT 2025: NextJS server is not running. Skipping scheduled reports check.
Thu Jun  5 04:23:00 CDT 2025: Checking if NextJS server is running...
Thu Jun  5 04:23:00 CDT 2025: Running scheduled reports
/Users/sim/Project2/scripts/../scripts/run-simple-scheduled-reports.sh: line 16: node: command not found
Thu Jun  5 04:23:00 CDT 2025: NextJS server is not running. Skipping scheduled reports check.
Thu Jun  5 04:24:00 CDT 2025: Running scheduled reports
Thu Jun  5 04:24:00 CDT 2025: Checking if NextJS server is running...
/Users/sim/Project2/scripts/../scripts/run-simple-scheduled-reports.sh: line 16: node: command not found
Thu Jun  5 04:24:00 CDT 2025: NextJS server is not running. Skipping scheduled reports check.
Thu Jun  5 04:25:00 CDT 2025: Running scheduled reports
Thu Jun  5 04:25:00 CDT 2025: Checking if NextJS server is running...
/Users/sim/Project2/scripts/../scripts/run-simple-scheduled-reports.sh: line 16: node: command not found
Thu Jun  5 04:25:00 CDT 2025: NextJS server is not running. Skipping scheduled reports check.
Thu Jun  5 04:26:00 CDT 2025: Running scheduled reports
Thu Jun  5 04:26:00 CDT 2025: Checking if NextJS server is running...
/Users/sim/Project2/scripts/../scripts/run-simple-scheduled-reports.sh: line 16: node: command not found
Thu Jun  5 04:26:00 CDT 2025: NextJS server is not running. Skipping scheduled reports check.
Thu Jun  5 04:27:00 CDT 2025: Checking if NextJS server is running...
Thu Jun  5 04:27:00 CDT 2025: Running scheduled reports
/Users/sim/Project2/scripts/../scripts/run-simple-scheduled-reports.sh: line 16: node: command not found
Thu Jun  5 04:27:01 CDT 2025: NextJS server is not running. Skipping scheduled reports check.
Thu Jun  5 04:28:00 CDT 2025: Running scheduled reports
Thu Jun  5 04:28:00 CDT 2025: Checking if NextJS server is running...
/Users/sim/Project2/scripts/../scripts/run-simple-scheduled-reports.sh: line 16: node: command not found
Thu Jun  5 04:28:00 CDT 2025: NextJS server is not running. Skipping scheduled reports check.
Thu Jun  5 04:29:00 CDT 2025: Running scheduled reports
Thu Jun  5 04:29:00 CDT 2025: Checking if NextJS server is running...
/Users/sim/Project2/scripts/../scripts/run-simple-scheduled-reports.sh: line 16: node: command not found
Thu Jun  5 04:29:00 CDT 2025: NextJS server is not running. Skipping scheduled reports check.
Thu Jun  5 11:23:00 CDT 2025: Running scheduled reports
Thu Jun  5 11:23:00 CDT 2025: Checking if NextJS server is running...
/Users/sim/Project2/scripts/../scripts/run-simple-scheduled-reports.sh: line 16: node: command not found
Thu Jun  5 11:23:00 CDT 2025: NextJS server is not running. Skipping scheduled reports check.
Thu Jun  5 11:24:00 CDT 2025: Checking if NextJS server is running...
Thu Jun  5 11:24:00 CDT 2025: Running scheduled reports
/Users/sim/Project2/scripts/../scripts/run-simple-scheduled-reports.sh: line 16: node: command not found
Thu Jun  5 11:24:00 CDT 2025: NextJS server is not running. Skipping scheduled reports check.
Thu Jun  5 11:25:00 CDT 2025: Running scheduled reports
Thu Jun  5 11:25:00 CDT 2025: Checking if NextJS server is running...
/Users/sim/Project2/scripts/../scripts/run-simple-scheduled-reports.sh: line 16: node: command not found
Thu Jun  5 11:25:00 CDT 2025: NextJS server is not running. Skipping scheduled reports check.
Thu Jun  5 11:26:11 CDT 2025: Checking if NextJS server is running...
Thu Jun  5 11:26:11 CDT 2025: Running scheduled reports
/Users/sim/Project2/scripts/../scripts/run-simple-scheduled-reports.sh: line 16: node: command not found
Thu Jun  5 11:26:11 CDT 2025: NextJS server is not running. Skipping scheduled reports check.
Thu Jun  5 11:27:08 CDT 2025: Running scheduled reports
Thu Jun  5 11:27:08 CDT 2025: Checking if NextJS server is running...
/Users/sim/Project2/scripts/../scripts/run-simple-scheduled-reports.sh: line 16: node: command not found
Thu Jun  5 11:27:08 CDT 2025: NextJS server is not running. Skipping scheduled reports check.
Thu Jun  5 11:28:08 CDT 2025: Checking if NextJS server is running...
Thu Jun  5 11:28:08 CDT 2025: Running scheduled reports
/Users/sim/Project2/scripts/../scripts/run-simple-scheduled-reports.sh: line 16: node: command not found
Thu Jun  5 11:28:08 CDT 2025: NextJS server is not running. Skipping scheduled reports check.
Thu Jun  5 11:29:08 CDT 2025: Running scheduled reports
Thu Jun  5 11:29:08 CDT 2025: Checking if NextJS server is running...
/Users/sim/Project2/scripts/../scripts/run-simple-scheduled-reports.sh: line 16: node: command not found
Thu Jun  5 11:29:09 CDT 2025: NextJS server is not running. Skipping scheduled reports check.
Thu Jun  5 11:30:10 CDT 2025: Checking if NextJS server is running...
Thu Jun  5 11:30:10 CDT 2025: Running scheduled reports
/Users/sim/Project2/scripts/../scripts/run-simple-scheduled-reports.sh: line 16: node: command not found
Thu Jun  5 11:30:10 CDT 2025: NextJS server is not running. Skipping scheduled reports check.
Thu Jun  5 11:31:12 CDT 2025: Checking if NextJS server is running...
Thu Jun  5 11:31:12 CDT 2025: Running scheduled reports
/Users/sim/Project2/scripts/../scripts/run-simple-scheduled-reports.sh: line 16: node: command not found
Thu Jun  5 11:31:12 CDT 2025: NextJS server is not running. Skipping scheduled reports check.
Thu Jun  5 11:32:10 CDT 2025: Running scheduled reports
Thu Jun  5 11:32:10 CDT 2025: Checking if NextJS server is running...
/Users/sim/Project2/scripts/../scripts/run-simple-scheduled-reports.sh: line 16: node: command not found
Thu Jun  5 11:32:10 CDT 2025: NextJS server is not running. Skipping scheduled reports check.
Thu Jun  5 11:33:11 CDT 2025: Checking if NextJS server is running...
Thu Jun  5 11:33:11 CDT 2025: Running scheduled reports
/Users/sim/Project2/scripts/../scripts/run-simple-scheduled-reports.sh: line 16: node: command not found
Thu Jun  5 11:33:11 CDT 2025: NextJS server is not running. Skipping scheduled reports check.
Thu Jun  5 11:34:13 CDT 2025: Running scheduled reports
Thu Jun  5 11:34:13 CDT 2025: Checking if NextJS server is running...
/Users/sim/Project2/scripts/../scripts/run-simple-scheduled-reports.sh: line 16: node: command not found
Thu Jun  5 11:34:13 CDT 2025: NextJS server is not running. Skipping scheduled reports check.
Thu Jun  5 11:35:10 CDT 2025: Running scheduled reports
Thu Jun  5 11:35:10 CDT 2025: Checking if NextJS server is running...
/Users/sim/Project2/scripts/../scripts/run-simple-scheduled-reports.sh: line 16: node: command not found
Thu Jun  5 11:35:10 CDT 2025: NextJS server is not running. Skipping scheduled reports check.
Thu Jun  5 11:36:12 CDT 2025: Checking if NextJS server is running...
Thu Jun  5 11:36:12 CDT 2025: Running scheduled reports
Thu Jun  5 11:36:12 CDT 2025: NextJS server is not running. Skipping scheduled reports check.
/Users/sim/Project2/scripts/../scripts/run-simple-scheduled-reports.sh: line 16: node: command not found
Thu Jun  5 11:37:07 CDT 2025: Checking if NextJS server is running...
Thu Jun  5 11:37:07 CDT 2025: Running scheduled reports
/Users/sim/Project2/scripts/../scripts/run-simple-scheduled-reports.sh: line 16: node: command not found
Thu Jun  5 11:37:07 CDT 2025: NextJS server is not running. Skipping scheduled reports check.
Thu Jun  5 11:38:09 CDT 2025: Running scheduled reports
Thu Jun  5 11:38:09 CDT 2025: Checking if NextJS server is running...
/Users/sim/Project2/scripts/../scripts/run-simple-scheduled-reports.sh: line 16: node: command not found
Thu Jun  5 11:38:09 CDT 2025: NextJS server is not running. Skipping scheduled reports check.
Thu Jun  5 11:39:06 CDT 2025: Checking if NextJS server is running...
Thu Jun  5 11:39:06 CDT 2025: Running scheduled reports
/Users/sim/Project2/scripts/../scripts/run-simple-scheduled-reports.sh: line 16: node: command not found
Thu Jun  5 11:39:07 CDT 2025: NextJS server is not running. Skipping scheduled reports check.
Thu Jun  5 11:40:08 CDT 2025: Checking if NextJS server is running...
Thu Jun  5 11:40:08 CDT 2025: Running scheduled reports
/Users/sim/Project2/scripts/../scripts/run-simple-scheduled-reports.sh: line 16: node: command not found
Thu Jun  5 11:40:08 CDT 2025: NextJS server is not running. Skipping scheduled reports check.
Thu Jun  5 11:41:09 CDT 2025: Running scheduled reports
Thu Jun  5 11:41:09 CDT 2025: Checking if NextJS server is running...
/Users/sim/Project2/scripts/../scripts/run-simple-scheduled-reports.sh: line 16: node: command not found
Thu Jun  5 11:41:09 CDT 2025: NextJS server is not running. Skipping scheduled reports check.
Thu Jun  5 11:42:11 CDT 2025: Running scheduled reports
Thu Jun  5 11:42:11 CDT 2025: Checking if NextJS server is running...
/Users/sim/Project2/scripts/../scripts/run-simple-scheduled-reports.sh: line 16: node: command not found
Thu Jun  5 11:42:12 CDT 2025: NextJS server is not running. Skipping scheduled reports check.
Thu Jun  5 11:43:12 CDT 2025: Running scheduled reports
Thu Jun  5 11:43:12 CDT 2025: Checking if NextJS server is running...
/Users/sim/Project2/scripts/../scripts/run-simple-scheduled-reports.sh: line 16: node: command not found
Thu Jun  5 11:43:12 CDT 2025: NextJS server is not running. Skipping scheduled reports check.
Thu Jun  5 11:44:10 CDT 2025: Running scheduled reports
Thu Jun  5 11:44:10 CDT 2025: Checking if NextJS server is running...
/Users/sim/Project2/scripts/../scripts/run-simple-scheduled-reports.sh: line 16: node: command not found
Thu Jun  5 11:44:10 CDT 2025: NextJS server is not running. Skipping scheduled reports check.
Thu Jun  5 11:45:14 CDT 2025: Running scheduled reports
Thu Jun  5 11:45:14 CDT 2025: Checking if NextJS server is running...
/Users/sim/Project2/scripts/../scripts/run-simple-scheduled-reports.sh: line 16: node: command not found
Thu Jun  5 11:45:14 CDT 2025: NextJS server is not running. Skipping scheduled reports check.
Thu Jun  5 11:46:11 CDT 2025: Checking if NextJS server is running...
Thu Jun  5 11:46:11 CDT 2025: Running scheduled reports
/Users/sim/Project2/scripts/../scripts/run-simple-scheduled-reports.sh: line 16: node: command not found
Thu Jun  5 11:46:11 CDT 2025: NextJS server is not running. Skipping scheduled reports check.
Thu Jun  5 11:47:10 CDT 2025: Checking if NextJS server is running...
Thu Jun  5 11:47:10 CDT 2025: Running scheduled reports
/Users/sim/Project2/scripts/../scripts/run-simple-scheduled-reports.sh: line 16: node: command not found
Thu Jun  5 11:47:10 CDT 2025: NextJS server is not running. Skipping scheduled reports check.
Thu Jun  5 11:48:09 CDT 2025: Checking if NextJS server is running...
Thu Jun  5 11:48:09 CDT 2025: Running scheduled reports
/Users/sim/Project2/scripts/../scripts/run-simple-scheduled-reports.sh: line 16: node: command not found
Thu Jun  5 11:48:09 CDT 2025: NextJS server is not running. Skipping scheduled reports check.
Thu Jun  5 11:49:07 CDT 2025: Checking if NextJS server is running...
Thu Jun  5 11:49:07 CDT 2025: Running scheduled reports
/Users/sim/Project2/scripts/../scripts/run-simple-scheduled-reports.sh: line 16: node: command not found
Thu Jun  5 11:49:07 CDT 2025: NextJS server is not running. Skipping scheduled reports check.
Thu Jun  5 11:50:10 CDT 2025: Checking if NextJS server is running...
Thu Jun  5 11:50:10 CDT 2025: Running scheduled reports
/Users/sim/Project2/scripts/../scripts/run-simple-scheduled-reports.sh: line 16: node: command not found
Thu Jun  5 11:50:10 CDT 2025: NextJS server is not running. Skipping scheduled reports check.
Thu Jun  5 11:51:15 CDT 2025: Checking if NextJS server is running...
Thu Jun  5 11:51:15 CDT 2025: Running scheduled reports
/Users/sim/Project2/scripts/../scripts/run-simple-scheduled-reports.sh: line 16: node: command not found
Thu Jun  5 11:51:15 CDT 2025: NextJS server is not running. Skipping scheduled reports check.
Thu Jun  5 11:52:09 CDT 2025: Running scheduled reports
Thu Jun  5 11:52:09 CDT 2025: Checking if NextJS server is running...
/Users/sim/Project2/scripts/../scripts/run-simple-scheduled-reports.sh: line 16: node: command not found
Thu Jun  5 11:52:09 CDT 2025: NextJS server is not running. Skipping scheduled reports check.
Thu Jun  5 11:53:11 CDT 2025: Running scheduled reports
Thu Jun  5 11:53:11 CDT 2025: Checking if NextJS server is running...
/Users/sim/Project2/scripts/../scripts/run-simple-scheduled-reports.sh: line 16: node: command not found
Thu Jun  5 11:53:11 CDT 2025: NextJS server is not running. Skipping scheduled reports check.
Thu Jun  5 11:54:14 CDT 2025: Running scheduled reports
Thu Jun  5 11:54:14 CDT 2025: Checking if NextJS server is running...
/Users/sim/Project2/scripts/../scripts/run-simple-scheduled-reports.sh: line 16: node: command not found
Thu Jun  5 11:54:14 CDT 2025: NextJS server is not running. Skipping scheduled reports check.
Thu Jun  5 11:55:08 CDT 2025: Running scheduled reports
Thu Jun  5 11:55:08 CDT 2025: Checking if NextJS server is running...
/Users/sim/Project2/scripts/../scripts/run-simple-scheduled-reports.sh: line 16: node: command not found
Thu Jun  5 11:55:08 CDT 2025: NextJS server is not running. Skipping scheduled reports check.
Thu Jun  5 11:56:06 CDT 2025: Running scheduled reports
Thu Jun  5 11:56:06 CDT 2025: Checking if NextJS server is running...
/Users/sim/Project2/scripts/../scripts/run-simple-scheduled-reports.sh: line 16: node: command not found
Thu Jun  5 11:56:06 CDT 2025: NextJS server is not running. Skipping scheduled reports check.
Thu Jun  5 11:57:08 CDT 2025: Checking if NextJS server is running...
Thu Jun  5 11:57:08 CDT 2025: Running scheduled reports
/Users/sim/Project2/scripts/../scripts/run-simple-scheduled-reports.sh: line 16: node: command not found
Thu Jun  5 11:57:08 CDT 2025: NextJS server is not running. Skipping scheduled reports check.
Thu Jun  5 11:58:12 CDT 2025: Checking if NextJS server is running...
Thu Jun  5 11:58:12 CDT 2025: Running scheduled reports
/Users/sim/Project2/scripts/../scripts/run-simple-scheduled-reports.sh: line 16: node: command not found
Thu Jun  5 11:58:12 CDT 2025: NextJS server is not running. Skipping scheduled reports check.
Thu Jun  5 11:59:09 CDT 2025: Running scheduled reports
Thu Jun  5 11:59:09 CDT 2025: Checking if NextJS server is running...
/Users/sim/Project2/scripts/../scripts/run-simple-scheduled-reports.sh: line 16: node: command not found
Thu Jun  5 11:59:09 CDT 2025: NextJS server is not running. Skipping scheduled reports check.
Thu Jun  5 12:00:10 CDT 2025: Running scheduled reports
Thu Jun  5 12:00:10 CDT 2025: Checking if NextJS server is running...
/Users/sim/Project2/scripts/../scripts/run-simple-scheduled-reports.sh: line 16: node: command not found
Thu Jun  5 12:00:10 CDT 2025: NextJS server is not running. Skipping scheduled reports check.
Thu Jun  5 12:01:10 CDT 2025: Checking if NextJS server is running...
Thu Jun  5 12:01:10 CDT 2025: Running scheduled reports
/Users/sim/Project2/scripts/../scripts/run-simple-scheduled-reports.sh: line 16: node: command not found
Thu Jun  5 12:01:10 CDT 2025: NextJS server is not running. Skipping scheduled reports check.
Thu Jun  5 12:02:06 CDT 2025: Checking if NextJS server is running...
Thu Jun  5 12:02:06 CDT 2025: Running scheduled reports
/Users/sim/Project2/scripts/../scripts/run-simple-scheduled-reports.sh: line 16: node: command not found
Thu Jun  5 12:02:06 CDT 2025: NextJS server is not running. Skipping scheduled reports check.
Thu Jun  5 12:03:12 CDT 2025: Running scheduled reports
Thu Jun  5 12:03:12 CDT 2025: Checking if NextJS server is running...
/Users/sim/Project2/scripts/../scripts/run-simple-scheduled-reports.sh: line 16: node: command not found
Thu Jun  5 12:03:12 CDT 2025: NextJS server is not running. Skipping scheduled reports check.
Thu Jun  5 12:04:03 CDT 2025: Checking if NextJS server is running...
Thu Jun  5 12:04:03 CDT 2025: Running scheduled reports
/Users/sim/Project2/scripts/../scripts/run-simple-scheduled-reports.sh: line 16: node: command not found
Thu Jun  5 12:04:04 CDT 2025: NextJS server is not running. Skipping scheduled reports check.
Thu Jun  5 12:05:10 CDT 2025: Checking if NextJS server is running...
Thu Jun  5 12:05:10 CDT 2025: Running scheduled reports
/Users/sim/Project2/scripts/../scripts/run-simple-scheduled-reports.sh: line 16: node: command not found
Thu Jun  5 12:05:10 CDT 2025: NextJS server is not running. Skipping scheduled reports check.
Thu Jun  5 12:06:07 CDT 2025: Checking if NextJS server is running...
Thu Jun  5 12:06:07 CDT 2025: Running scheduled reports
/Users/sim/Project2/scripts/../scripts/run-simple-scheduled-reports.sh: line 16: node: command not found
Thu Jun  5 12:06:07 CDT 2025: NextJS server is not running. Skipping scheduled reports check.
Thu Jun  5 12:07:06 CDT 2025: Running scheduled reports
Thu Jun  5 12:07:06 CDT 2025: Checking if NextJS server is running...
/Users/sim/Project2/scripts/../scripts/run-simple-scheduled-reports.sh: line 16: node: command not found
Thu Jun  5 12:07:06 CDT 2025: NextJS server is not running. Skipping scheduled reports check.
Thu Jun  5 12:08:12 CDT 2025: Running scheduled reports
Thu Jun  5 12:08:12 CDT 2025: Checking if NextJS server is running...
/Users/sim/Project2/scripts/../scripts/run-simple-scheduled-reports.sh: line 16: node: command not found
Thu Jun  5 12:08:12 CDT 2025: NextJS server is not running. Skipping scheduled reports check.
Thu Jun  5 12:09:06 CDT 2025: Running scheduled reports
Thu Jun  5 12:09:06 CDT 2025: Checking if NextJS server is running...
/Users/sim/Project2/scripts/../scripts/run-simple-scheduled-reports.sh: line 16: node: command not found
Thu Jun  5 12:09:06 CDT 2025: NextJS server is not running. Skipping scheduled reports check.
Thu Jun  5 12:10:08 CDT 2025: Running scheduled reports
Thu Jun  5 12:10:08 CDT 2025: Checking if NextJS server is running...
/Users/sim/Project2/scripts/../scripts/run-simple-scheduled-reports.sh: line 16: node: command not found
Thu Jun  5 12:10:08 CDT 2025: NextJS server is not running. Skipping scheduled reports check.
Thu Jun  5 12:11:09 CDT 2025: Checking if NextJS server is running...
Thu Jun  5 12:11:09 CDT 2025: Running scheduled reports
/Users/sim/Project2/scripts/../scripts/run-simple-scheduled-reports.sh: line 16: node: command not found
Thu Jun  5 12:11:09 CDT 2025: NextJS server is not running. Skipping scheduled reports check.
Thu Jun  5 12:12:09 CDT 2025: Checking if NextJS server is running...
Thu Jun  5 12:12:09 CDT 2025: Running scheduled reports
/Users/sim/Project2/scripts/../scripts/run-simple-scheduled-reports.sh: line 16: node: command not found
Thu Jun  5 12:12:09 CDT 2025: NextJS server is not running. Skipping scheduled reports check.
Thu Jun  5 12:13:08 CDT 2025: Running scheduled reports
Thu Jun  5 12:13:08 CDT 2025: Checking if NextJS server is running...
/Users/sim/Project2/scripts/../scripts/run-simple-scheduled-reports.sh: line 16: node: command not found
Thu Jun  5 12:13:08 CDT 2025: NextJS server is not running. Skipping scheduled reports check.
Thu Jun  5 12:14:12 CDT 2025: Checking if NextJS server is running...
Thu Jun  5 12:14:12 CDT 2025: Running scheduled reports
/Users/sim/Project2/scripts/../scripts/run-simple-scheduled-reports.sh: line 16: node: command not found
Thu Jun  5 12:14:12 CDT 2025: NextJS server is not running. Skipping scheduled reports check.
Thu Jun  5 12:15:12 CDT 2025: Running scheduled reports
Thu Jun  5 12:15:12 CDT 2025: Checking if NextJS server is running...
/Users/sim/Project2/scripts/../scripts/run-simple-scheduled-reports.sh: line 16: node: command not found
Thu Jun  5 12:15:12 CDT 2025: NextJS server is not running. Skipping scheduled reports check.
Thu Jun  5 12:16:10 CDT 2025: Checking if NextJS server is running...
Thu Jun  5 12:16:10 CDT 2025: Running scheduled reports
/Users/sim/Project2/scripts/../scripts/run-simple-scheduled-reports.sh: line 16: node: command not found
Thu Jun  5 12:16:10 CDT 2025: NextJS server is not running. Skipping scheduled reports check.
Thu Jun  5 12:17:12 CDT 2025: Checking if NextJS server is running...
Thu Jun  5 12:17:12 CDT 2025: Running scheduled reports
/Users/sim/Project2/scripts/../scripts/run-simple-scheduled-reports.sh: line 16: node: command not found
Thu Jun  5 12:17:12 CDT 2025: NextJS server is not running. Skipping scheduled reports check.
Thu Jun  5 12:18:13 CDT 2025: Checking if NextJS server is running...
Thu Jun  5 12:18:13 CDT 2025: Running scheduled reports
/Users/sim/Project2/scripts/../scripts/run-simple-scheduled-reports.sh: line 16: node: command not found
Thu Jun  5 12:18:13 CDT 2025: NextJS server is not running. Skipping scheduled reports check.
Thu Jun  5 12:19:05 CDT 2025: Running scheduled reports
Thu Jun  5 12:19:05 CDT 2025: Checking if NextJS server is running...
/Users/sim/Project2/scripts/../scripts/run-simple-scheduled-reports.sh: line 16: node: command not found
Thu Jun  5 12:19:05 CDT 2025: NextJS server is not running. Skipping scheduled reports check.
Thu Jun  5 12:20:09 CDT 2025: Running scheduled reports
Thu Jun  5 12:20:09 CDT 2025: Checking if NextJS server is running...
/Users/sim/Project2/scripts/../scripts/run-simple-scheduled-reports.sh: line 16: node: command not found
Thu Jun  5 12:20:09 CDT 2025: NextJS server is not running. Skipping scheduled reports check.
Thu Jun  5 12:21:10 CDT 2025: Checking if NextJS server is running...
Thu Jun  5 12:21:10 CDT 2025: Running scheduled reports
/Users/sim/Project2/scripts/../scripts/run-simple-scheduled-reports.sh: line 16: node: command not found
Thu Jun  5 12:21:10 CDT 2025: NextJS server is not running. Skipping scheduled reports check.
Thu Jun  5 12:22:09 CDT 2025: Checking if NextJS server is running...
Thu Jun  5 12:22:09 CDT 2025: Running scheduled reports
/Users/sim/Project2/scripts/../scripts/run-simple-scheduled-reports.sh: line 16: node: command not found
Thu Jun  5 12:22:10 CDT 2025: NextJS server is not running. Skipping scheduled reports check.
Thu Jun  5 12:23:09 CDT 2025: Running scheduled reports
Thu Jun  5 12:23:09 CDT 2025: Checking if NextJS server is running...
/Users/sim/Project2/scripts/../scripts/run-simple-scheduled-reports.sh: line 16: node: command not found
Thu Jun  5 12:23:09 CDT 2025: NextJS server is not running. Skipping scheduled reports check.
Thu Jun  5 12:24:05 CDT 2025: Checking if NextJS server is running...
Thu Jun  5 12:24:05 CDT 2025: Running scheduled reports
/Users/sim/Project2/scripts/../scripts/run-simple-scheduled-reports.sh: line 16: node: command not found
Thu Jun  5 12:24:05 CDT 2025: NextJS server is not running. Skipping scheduled reports check.
Thu Jun  5 12:25:10 CDT 2025: Checking if NextJS server is running...
Thu Jun  5 12:25:10 CDT 2025: Running scheduled reports
/Users/sim/Project2/scripts/../scripts/run-simple-scheduled-reports.sh: line 16: node: command not found
Thu Jun  5 12:25:10 CDT 2025: NextJS server is not running. Skipping scheduled reports check.
Thu Jun  5 12:26:09 CDT 2025: Running scheduled reports
Thu Jun  5 12:26:09 CDT 2025: Checking if NextJS server is running...
/Users/sim/Project2/scripts/../scripts/run-simple-scheduled-reports.sh: line 16: node: command not found
Thu Jun  5 12:26:09 CDT 2025: NextJS server is not running. Skipping scheduled reports check.
Thu Jun  5 12:27:09 CDT 2025: Checking if NextJS server is running...
Thu Jun  5 12:27:09 CDT 2025: Running scheduled reports
/Users/sim/Project2/scripts/../scripts/run-simple-scheduled-reports.sh: line 16: node: command not found
Thu Jun  5 12:27:09 CDT 2025: NextJS server is not running. Skipping scheduled reports check.
Thu Jun  5 12:28:14 CDT 2025: Running scheduled reports
Thu Jun  5 12:28:14 CDT 2025: Checking if NextJS server is running...
/Users/sim/Project2/scripts/../scripts/run-simple-scheduled-reports.sh: line 16: node: command not found
Thu Jun  5 12:28:14 CDT 2025: NextJS server is not running. Skipping scheduled reports check.
Thu Jun  5 12:29:09 CDT 2025: Checking if NextJS server is running...
Thu Jun  5 12:29:09 CDT 2025: Running scheduled reports
/Users/sim/Project2/scripts/../scripts/run-simple-scheduled-reports.sh: line 16: node: command not found
Thu Jun  5 12:29:09 CDT 2025: NextJS server is not running. Skipping scheduled reports check.
Thu Jun  5 12:30:11 CDT 2025: Running scheduled reports
Thu Jun  5 12:30:11 CDT 2025: Checking if NextJS server is running...
/Users/sim/Project2/scripts/../scripts/run-simple-scheduled-reports.sh: line 16: node: command not found
Thu Jun  5 12:30:11 CDT 2025: NextJS server is not running. Skipping scheduled reports check.
Thu Jun  5 12:31:10 CDT 2025: Running scheduled reports
Thu Jun  5 12:31:10 CDT 2025: Checking if NextJS server is running...
/Users/sim/Project2/scripts/../scripts/run-simple-scheduled-reports.sh: line 16: node: command not found
Thu Jun  5 12:31:12 CDT 2025: NextJS server is not running. Skipping scheduled reports check.
Thu Jun  5 12:32:07 CDT 2025: Checking if NextJS server is running...
Thu Jun  5 12:32:07 CDT 2025: Running scheduled reports
/Users/sim/Project2/scripts/../scripts/run-simple-scheduled-reports.sh: line 16: node: command not found
Thu Jun  5 12:32:07 CDT 2025: NextJS server is not running. Skipping scheduled reports check.
Thu Jun  5 12:33:10 CDT 2025: Running scheduled reports
Thu Jun  5 12:33:10 CDT 2025: Checking if NextJS server is running...
/Users/sim/Project2/scripts/../scripts/run-simple-scheduled-reports.sh: line 16: node: command not found
Thu Jun  5 12:33:10 CDT 2025: NextJS server is not running. Skipping scheduled reports check.
Thu Jun  5 12:34:09 CDT 2025: Running scheduled reports
Thu Jun  5 12:34:09 CDT 2025: Checking if NextJS server is running...
/Users/sim/Project2/scripts/../scripts/run-simple-scheduled-reports.sh: line 16: node: command not found
Thu Jun  5 12:34:09 CDT 2025: NextJS server is not running. Skipping scheduled reports check.
Thu Jun  5 12:35:13 CDT 2025: Checking if NextJS server is running...
Thu Jun  5 12:35:13 CDT 2025: Running scheduled reports
/Users/sim/Project2/scripts/../scripts/run-simple-scheduled-reports.sh: line 16: node: command not found
Thu Jun  5 12:35:14 CDT 2025: NextJS server is not running. Skipping scheduled reports check.
Thu Jun  5 12:36:10 CDT 2025: Checking if NextJS server is running...
Thu Jun  5 12:36:10 CDT 2025: Running scheduled reports
/Users/sim/Project2/scripts/../scripts/run-simple-scheduled-reports.sh: line 16: node: command not found
Thu Jun  5 12:36:10 CDT 2025: NextJS server is not running. Skipping scheduled reports check.
Thu Jun  5 12:37:15 CDT 2025: Checking if NextJS server is running...
Thu Jun  5 12:37:15 CDT 2025: Running scheduled reports
/Users/sim/Project2/scripts/../scripts/run-simple-scheduled-reports.sh: line 16: node: command not found
Thu Jun  5 12:37:15 CDT 2025: NextJS server is not running. Skipping scheduled reports check.
Thu Jun  5 12:38:10 CDT 2025: Checking if NextJS server is running...
Thu Jun  5 12:38:10 CDT 2025: Running scheduled reports
/Users/sim/Project2/scripts/../scripts/run-simple-scheduled-reports.sh: line 16: node: command not found
Thu Jun  5 12:38:10 CDT 2025: NextJS server is not running. Skipping scheduled reports check.
Thu Jun  5 12:39:09 CDT 2025: Checking if NextJS server is running...
Thu Jun  5 12:39:09 CDT 2025: Running scheduled reports
/Users/sim/Project2/scripts/../scripts/run-simple-scheduled-reports.sh: line 16: node: command not found
Thu Jun  5 12:39:09 CDT 2025: NextJS server is not running. Skipping scheduled reports check.
Thu Jun  5 12:40:08 CDT 2025: Running scheduled reports
Thu Jun  5 12:40:08 CDT 2025: Checking if NextJS server is running...
/Users/sim/Project2/scripts/../scripts/run-simple-scheduled-reports.sh: line 16: node: command not found
Thu Jun  5 12:40:08 CDT 2025: NextJS server is not running. Skipping scheduled reports check.
Thu Jun  5 12:41:12 CDT 2025: Running scheduled reports
Thu Jun  5 12:41:12 CDT 2025: Checking if NextJS server is running...
/Users/sim/Project2/scripts/../scripts/run-simple-scheduled-reports.sh: line 16: node: command not found
Thu Jun  5 12:41:12 CDT 2025: NextJS server is not running. Skipping scheduled reports check.
Thu Jun  5 12:42:10 CDT 2025: Checking if NextJS server is running...
Thu Jun  5 12:42:10 CDT 2025: Running scheduled reports
/Users/sim/Project2/scripts/../scripts/run-simple-scheduled-reports.sh: line 16: node: command not found
Thu Jun  5 12:42:10 CDT 2025: NextJS server is not running. Skipping scheduled reports check.
Thu Jun  5 12:43:08 CDT 2025: Checking if NextJS server is running...
Thu Jun  5 12:43:08 CDT 2025: Running scheduled reports
/Users/sim/Project2/scripts/../scripts/run-simple-scheduled-reports.sh: line 16: node: command not found
Thu Jun  5 12:43:09 CDT 2025: NextJS server is not running. Skipping scheduled reports check.
Thu Jun  5 12:44:11 CDT 2025: Checking if NextJS server is running...
Thu Jun  5 12:44:11 CDT 2025: Running scheduled reports
/Users/sim/Project2/scripts/../scripts/run-simple-scheduled-reports.sh: line 16: node: command not found
Thu Jun  5 12:44:12 CDT 2025: NextJS server is not running. Skipping scheduled reports check.
Thu Jun  5 12:45:11 CDT 2025: Running scheduled reports
Thu Jun  5 12:45:11 CDT 2025: Checking if NextJS server is running...
/Users/sim/Project2/scripts/../scripts/run-simple-scheduled-reports.sh: line 16: node: command not found
Thu Jun  5 12:45:11 CDT 2025: NextJS server is not running. Skipping scheduled reports check.
Thu Jun  5 12:46:07 CDT 2025: Checking if NextJS server is running...
Thu Jun  5 12:46:07 CDT 2025: Running scheduled reports
/Users/sim/Project2/scripts/../scripts/run-simple-scheduled-reports.sh: line 16: node: command not found
Thu Jun  5 12:46:07 CDT 2025: NextJS server is not running. Skipping scheduled reports check.
Thu Jun  5 12:47:11 CDT 2025: Running scheduled reports
Thu Jun  5 12:47:11 CDT 2025: Checking if NextJS server is running...
/Users/sim/Project2/scripts/../scripts/run-simple-scheduled-reports.sh: line 16: node: command not found
Thu Jun  5 12:47:11 CDT 2025: NextJS server is not running. Skipping scheduled reports check.
Thu Jun  5 12:48:09 CDT 2025: Running scheduled reports
Thu Jun  5 12:48:09 CDT 2025: Checking if NextJS server is running...
/Users/sim/Project2/scripts/../scripts/run-simple-scheduled-reports.sh: line 16: node: command not found
Thu Jun  5 12:48:09 CDT 2025: NextJS server is not running. Skipping scheduled reports check.
Thu Jun  5 12:49:15 CDT 2025: Checking if NextJS server is running...
Thu Jun  5 12:49:15 CDT 2025: Running scheduled reports
Thu Jun  5 12:49:15 CDT 2025: NextJS server is not running. Skipping scheduled reports check.
/Users/sim/Project2/scripts/../scripts/run-simple-scheduled-reports.sh: line 16: node: command not found
Thu Jun  5 12:50:08 CDT 2025: Running scheduled reports
Thu Jun  5 12:50:08 CDT 2025: Checking if NextJS server is running...
/Users/sim/Project2/scripts/../scripts/run-simple-scheduled-reports.sh: line 16: node: command not found
Thu Jun  5 12:50:08 CDT 2025: NextJS server is not running. Skipping scheduled reports check.
Thu Jun  5 12:51:12 CDT 2025: Running scheduled reports
Thu Jun  5 12:51:12 CDT 2025: Checking if NextJS server is running...
/Users/sim/Project2/scripts/../scripts/run-simple-scheduled-reports.sh: line 16: node: command not found
Thu Jun  5 12:51:12 CDT 2025: NextJS server is not running. Skipping scheduled reports check.
Thu Jun  5 12:52:10 CDT 2025: Running scheduled reports
Thu Jun  5 12:52:10 CDT 2025: Checking if NextJS server is running...
/Users/sim/Project2/scripts/../scripts/run-simple-scheduled-reports.sh: line 16: node: command not found
Thu Jun  5 12:52:10 CDT 2025: NextJS server is not running. Skipping scheduled reports check.
Thu Jun  5 12:53:10 CDT 2025: Checking if NextJS server is running...
Thu Jun  5 12:53:10 CDT 2025: Running scheduled reports
/Users/sim/Project2/scripts/../scripts/run-simple-scheduled-reports.sh: line 16: node: command not found
Thu Jun  5 12:53:10 CDT 2025: NextJS server is not running. Skipping scheduled reports check.
Thu Jun  5 12:54:07 CDT 2025: Checking if NextJS server is running...
Thu Jun  5 12:54:07 CDT 2025: Running scheduled reports
/Users/sim/Project2/scripts/../scripts/run-simple-scheduled-reports.sh: line 16: node: command not found
Thu Jun  5 12:54:07 CDT 2025: NextJS server is not running. Skipping scheduled reports check.
Thu Jun  5 12:55:09 CDT 2025: Checking if NextJS server is running...
Thu Jun  5 12:55:09 CDT 2025: Running scheduled reports
/Users/sim/Project2/scripts/../scripts/run-simple-scheduled-reports.sh: line 16: node: command not found
Thu Jun  5 12:55:09 CDT 2025: NextJS server is not running. Skipping scheduled reports check.
Thu Jun  5 12:56:09 CDT 2025: Checking if NextJS server is running...
Thu Jun  5 12:56:09 CDT 2025: Running scheduled reports
/Users/sim/Project2/scripts/../scripts/run-simple-scheduled-reports.sh: line 16: node: command not found
Thu Jun  5 12:56:09 CDT 2025: NextJS server is not running. Skipping scheduled reports check.
Thu Jun  5 12:57:07 CDT 2025: Running scheduled reports
Thu Jun  5 12:57:07 CDT 2025: Checking if NextJS server is running...
/Users/sim/Project2/scripts/../scripts/run-simple-scheduled-reports.sh: line 16: node: command not found
Thu Jun  5 12:57:07 CDT 2025: NextJS server is not running. Skipping scheduled reports check.
Thu Jun  5 12:58:10 CDT 2025: Checking if NextJS server is running...
Thu Jun  5 12:58:10 CDT 2025: Running scheduled reports
/Users/sim/Project2/scripts/../scripts/run-simple-scheduled-reports.sh: line 16: node: command not found
Thu Jun  5 12:58:10 CDT 2025: NextJS server is not running. Skipping scheduled reports check.
Thu Jun  5 12:59:08 CDT 2025: Checking if NextJS server is running...
Thu Jun  5 12:59:08 CDT 2025: Running scheduled reports
/Users/sim/Project2/scripts/../scripts/run-simple-scheduled-reports.sh: line 16: node: command not found
Thu Jun  5 12:59:08 CDT 2025: NextJS server is not running. Skipping scheduled reports check.
Thu Jun  5 13:00:08 CDT 2025: Running scheduled reports
Thu Jun  5 13:00:08 CDT 2025: Checking if NextJS server is running...
/Users/sim/Project2/scripts/../scripts/run-simple-scheduled-reports.sh: line 16: node: command not found
Thu Jun  5 13:00:08 CDT 2025: NextJS server is not running. Skipping scheduled reports check.
Thu Jun  5 13:01:11 CDT 2025: Checking if NextJS server is running...
Thu Jun  5 13:01:11 CDT 2025: Running scheduled reports
/Users/sim/Project2/scripts/../scripts/run-simple-scheduled-reports.sh: line 16: node: command not found
Thu Jun  5 13:01:11 CDT 2025: NextJS server is not running. Skipping scheduled reports check.
Thu Jun  5 13:02:07 CDT 2025: Running scheduled reports
Thu Jun  5 13:02:07 CDT 2025: Checking if NextJS server is running...
/Users/sim/Project2/scripts/../scripts/run-simple-scheduled-reports.sh: line 16: node: command not found
Thu Jun  5 13:02:07 CDT 2025: NextJS server is not running. Skipping scheduled reports check.
Thu Jun  5 13:03:08 CDT 2025: Running scheduled reports
Thu Jun  5 13:03:08 CDT 2025: Checking if NextJS server is running...
/Users/sim/Project2/scripts/../scripts/run-simple-scheduled-reports.sh: line 16: node: command not found
Thu Jun  5 13:03:08 CDT 2025: NextJS server is not running. Skipping scheduled reports check.
Thu Jun  5 13:04:07 CDT 2025: Checking if NextJS server is running...
Thu Jun  5 13:04:07 CDT 2025: Running scheduled reports
/Users/sim/Project2/scripts/../scripts/run-simple-scheduled-reports.sh: line 16: node: command not found
Thu Jun  5 13:04:08 CDT 2025: NextJS server is not running. Skipping scheduled reports check.
Thu Jun  5 13:05:08 CDT 2025: Checking if NextJS server is running...
Thu Jun  5 13:05:08 CDT 2025: Running scheduled reports
/Users/sim/Project2/scripts/../scripts/run-simple-scheduled-reports.sh: line 16: node: command not found
Thu Jun  5 13:05:08 CDT 2025: NextJS server is not running. Skipping scheduled reports check.
Thu Jun  5 13:06:09 CDT 2025: Running scheduled reports
Thu Jun  5 13:06:09 CDT 2025: Checking if NextJS server is running...
/Users/sim/Project2/scripts/../scripts/run-simple-scheduled-reports.sh: line 16: node: command not found
Thu Jun  5 13:06:09 CDT 2025: NextJS server is not running. Skipping scheduled reports check.
Thu Jun  5 13:07:08 CDT 2025: Running scheduled reports
Thu Jun  5 13:07:08 CDT 2025: Checking if NextJS server is running...
/Users/sim/Project2/scripts/../scripts/run-simple-scheduled-reports.sh: line 16: node: command not found
Thu Jun  5 13:07:08 CDT 2025: NextJS server is not running. Skipping scheduled reports check.
Thu Jun  5 13:08:08 CDT 2025: Checking if NextJS server is running...
Thu Jun  5 13:08:08 CDT 2025: Running scheduled reports
/Users/sim/Project2/scripts/../scripts/run-simple-scheduled-reports.sh: line 16: node: command not found
Thu Jun  5 13:08:08 CDT 2025: NextJS server is not running. Skipping scheduled reports check.
Thu Jun  5 13:09:05 CDT 2025: Checking if NextJS server is running...
Thu Jun  5 13:09:05 CDT 2025: Running scheduled reports
/Users/sim/Project2/scripts/../scripts/run-simple-scheduled-reports.sh: line 16: node: command not found
Thu Jun  5 13:09:05 CDT 2025: NextJS server is not running. Skipping scheduled reports check.
Thu Jun  5 13:10:00 CDT 2025: Running scheduled reports
Thu Jun  5 13:10:00 CDT 2025: Checking if NextJS server is running...
/Users/sim/Project2/scripts/../scripts/run-simple-scheduled-reports.sh: line 16: node: command not found
Thu Jun  5 13:10:00 CDT 2025: NextJS server is not running. Skipping scheduled reports check.
Thu Jun  5 13:11:00 CDT 2025: Checking if NextJS server is running...
Thu Jun  5 13:11:00 CDT 2025: Running scheduled reports
/Users/sim/Project2/scripts/../scripts/run-simple-scheduled-reports.sh: line 16: node: command not found
Thu Jun  5 13:11:00 CDT 2025: NextJS server is not running. Skipping scheduled reports check.
Thu Jun  5 13:12:00 CDT 2025: Running scheduled reports
Thu Jun  5 13:12:00 CDT 2025: Checking if NextJS server is running...
/Users/sim/Project2/scripts/../scripts/run-simple-scheduled-reports.sh: line 16: node: command not found
Thu Jun  5 13:12:00 CDT 2025: NextJS server is not running. Skipping scheduled reports check.
Thu Jun  5 13:13:00 CDT 2025: Checking if NextJS server is running...
Thu Jun  5 13:13:00 CDT 2025: Running scheduled reports
/Users/sim/Project2/scripts/../scripts/run-simple-scheduled-reports.sh: line 16: node: command not found
Thu Jun  5 13:13:00 CDT 2025: NextJS server is not running. Skipping scheduled reports check.
Thu Jun  5 13:14:01 CDT 2025: Checking if NextJS server is running...
Thu Jun  5 13:14:01 CDT 2025: Running scheduled reports
/Users/sim/Project2/scripts/../scripts/run-simple-scheduled-reports.sh: line 16: node: command not found
Thu Jun  5 13:14:01 CDT 2025: NextJS server is not running. Skipping scheduled reports check.
Thu Jun  5 13:15:00 CDT 2025: Checking if NextJS server is running...
Thu Jun  5 13:15:00 CDT 2025: Running scheduled reports
/Users/sim/Project2/scripts/../scripts/run-simple-scheduled-reports.sh: line 16: node: command not found
Thu Jun  5 13:15:00 CDT 2025: NextJS server is not running. Skipping scheduled reports check.
Thu Jun  5 13:16:00 CDT 2025: Running scheduled reports
Thu Jun  5 13:16:00 CDT 2025: Checking if NextJS server is running...
/Users/sim/Project2/scripts/../scripts/run-simple-scheduled-reports.sh: line 16: node: command not found
Thu Jun  5 13:16:00 CDT 2025: NextJS server is not running. Skipping scheduled reports check.
Thu Jun  5 13:17:00 CDT 2025: Running scheduled reports
Thu Jun  5 13:17:00 CDT 2025: Checking if NextJS server is running...
/Users/sim/Project2/scripts/../scripts/run-simple-scheduled-reports.sh: line 16: node: command not found
Thu Jun  5 13:17:00 CDT 2025: NextJS server is not running. Skipping scheduled reports check.
Thu Jun  5 13:18:00 CDT 2025: Running scheduled reports
Thu Jun  5 13:18:00 CDT 2025: Checking if NextJS server is running...
/Users/sim/Project2/scripts/../scripts/run-simple-scheduled-reports.sh: line 16: node: command not found
Thu Jun  5 13:18:00 CDT 2025: NextJS server is not running. Skipping scheduled reports check.
Thu Jun  5 13:19:00 CDT 2025: Checking if NextJS server is running...
Thu Jun  5 13:19:00 CDT 2025: Running scheduled reports
/Users/sim/Project2/scripts/../scripts/run-simple-scheduled-reports.sh: line 16: node: command not found
Thu Jun  5 13:19:00 CDT 2025: NextJS server is not running. Skipping scheduled reports check.
Thu Jun  5 13:20:00 CDT 2025: Checking if NextJS server is running...
Thu Jun  5 13:20:00 CDT 2025: Running scheduled reports
/Users/sim/Project2/scripts/../scripts/run-simple-scheduled-reports.sh: line 16: node: command not found
Thu Jun  5 13:20:00 CDT 2025: NextJS server is not running. Skipping scheduled reports check.
Thu Jun  5 13:21:01 CDT 2025: Running scheduled reports
Thu Jun  5 13:21:01 CDT 2025: Checking if NextJS server is running...
/Users/sim/Project2/scripts/../scripts/run-simple-scheduled-reports.sh: line 16: node: command not found
Thu Jun  5 13:21:01 CDT 2025: NextJS server is not running. Skipping scheduled reports check.
Thu Jun  5 13:22:00 CDT 2025: Running scheduled reports
Thu Jun  5 13:22:00 CDT 2025: Checking if NextJS server is running...
/Users/sim/Project2/scripts/../scripts/run-simple-scheduled-reports.sh: line 16: node: command not found
Thu Jun  5 13:22:00 CDT 2025: NextJS server is not running. Skipping scheduled reports check.
Thu Jun  5 13:23:00 CDT 2025: Running scheduled reports
Thu Jun  5 13:23:00 CDT 2025: Checking if NextJS server is running...
/Users/sim/Project2/scripts/../scripts/run-simple-scheduled-reports.sh: line 16: node: command not found
Thu Jun  5 13:23:00 CDT 2025: NextJS server is not running. Skipping scheduled reports check.
Thu Jun  5 13:24:00 CDT 2025: Running scheduled reports
Thu Jun  5 13:24:00 CDT 2025: Checking if NextJS server is running...
/Users/sim/Project2/scripts/../scripts/run-simple-scheduled-reports.sh: line 16: node: command not found
Thu Jun  5 13:24:00 CDT 2025: NextJS server is not running. Skipping scheduled reports check.
Thu Jun  5 13:25:00 CDT 2025: Checking if NextJS server is running...
Thu Jun  5 13:25:00 CDT 2025: Running scheduled reports
/Users/sim/Project2/scripts/../scripts/run-simple-scheduled-reports.sh: line 16: node: command not found
Thu Jun  5 13:25:00 CDT 2025: NextJS server is not running. Skipping scheduled reports check.
Thu Jun  5 13:26:00 CDT 2025: Running scheduled reports
Thu Jun  5 13:26:00 CDT 2025: Checking if NextJS server is running...
/Users/sim/Project2/scripts/../scripts/run-simple-scheduled-reports.sh: line 16: node: command not found
Thu Jun  5 13:26:01 CDT 2025: NextJS server is not running. Skipping scheduled reports check.
Thu Jun  5 13:27:00 CDT 2025: Checking if NextJS server is running...
Thu Jun  5 13:27:00 CDT 2025: Running scheduled reports
/Users/sim/Project2/scripts/../scripts/run-simple-scheduled-reports.sh: line 16: node: command not found
Thu Jun  5 13:27:00 CDT 2025: NextJS server is not running. Skipping scheduled reports check.
Thu Jun  5 13:28:00 CDT 2025: Running scheduled reports
Thu Jun  5 13:28:00 CDT 2025: Checking if NextJS server is running...
/Users/sim/Project2/scripts/../scripts/run-simple-scheduled-reports.sh: line 16: node: command not found
Thu Jun  5 13:28:00 CDT 2025: NextJS server is not running. Skipping scheduled reports check.
Thu Jun  5 13:29:00 CDT 2025: Checking if NextJS server is running...
Thu Jun  5 13:29:00 CDT 2025: Running scheduled reports
/Users/sim/Project2/scripts/../scripts/run-simple-scheduled-reports.sh: line 16: node: command not found
Thu Jun  5 13:29:00 CDT 2025: NextJS server is not running. Skipping scheduled reports check.
Thu Jun  5 13:30:00 CDT 2025: Running scheduled reports
Thu Jun  5 13:30:00 CDT 2025: Checking if NextJS server is running...
/Users/sim/Project2/scripts/../scripts/run-simple-scheduled-reports.sh: line 16: node: command not found
Thu Jun  5 13:30:00 CDT 2025: NextJS server is not running. Skipping scheduled reports check.
Thu Jun  5 13:31:00 CDT 2025: Checking if NextJS server is running...
Thu Jun  5 13:31:00 CDT 2025: Running scheduled reports
/Users/sim/Project2/scripts/../scripts/run-simple-scheduled-reports.sh: line 16: node: command not found
Thu Jun  5 13:31:00 CDT 2025: NextJS server is not running. Skipping scheduled reports check.
Thu Jun  5 13:32:00 CDT 2025: Running scheduled reports
Thu Jun  5 13:32:00 CDT 2025: Checking if NextJS server is running...
/Users/sim/Project2/scripts/../scripts/run-simple-scheduled-reports.sh: line 16: node: command not found
Thu Jun  5 13:32:00 CDT 2025: NextJS server is not running. Skipping scheduled reports check.
Thu Jun  5 13:33:01 CDT 2025: Checking if NextJS server is running...
Thu Jun  5 13:33:01 CDT 2025: Running scheduled reports
/Users/sim/Project2/scripts/../scripts/run-simple-scheduled-reports.sh: line 16: node: command not found
Thu Jun  5 13:33:01 CDT 2025: NextJS server is not running. Skipping scheduled reports check.
Thu Jun  5 13:34:00 CDT 2025: Running scheduled reports
Thu Jun  5 13:34:00 CDT 2025: Checking if NextJS server is running...
/Users/sim/Project2/scripts/../scripts/run-simple-scheduled-reports.sh: line 16: node: command not found
Thu Jun  5 13:34:00 CDT 2025: NextJS server is not running. Skipping scheduled reports check.
Thu Jun  5 13:35:00 CDT 2025: Running scheduled reports
Thu Jun  5 13:35:00 CDT 2025: Checking if NextJS server is running...
/Users/sim/Project2/scripts/../scripts/run-simple-scheduled-reports.sh: line 16: node: command not found
Thu Jun  5 13:35:00 CDT 2025: NextJS server is not running. Skipping scheduled reports check.
Thu Jun  5 13:36:00 CDT 2025: Checking if NextJS server is running...
Thu Jun  5 13:36:00 CDT 2025: Running scheduled reports
/Users/sim/Project2/scripts/../scripts/run-simple-scheduled-reports.sh: line 16: node: command not found
Thu Jun  5 13:36:00 CDT 2025: NextJS server is not running. Skipping scheduled reports check.
Thu Jun  5 13:37:01 CDT 2025: Running scheduled reports
Thu Jun  5 13:37:01 CDT 2025: Checking if NextJS server is running...
/Users/sim/Project2/scripts/../scripts/run-simple-scheduled-reports.sh: line 16: node: command not found
Thu Jun  5 13:37:01 CDT 2025: NextJS server is not running. Skipping scheduled reports check.
Thu Jun  5 13:38:00 CDT 2025: Running scheduled reports
Thu Jun  5 13:38:00 CDT 2025: Checking if NextJS server is running...
/Users/sim/Project2/scripts/../scripts/run-simple-scheduled-reports.sh: line 16: node: command not found
Thu Jun  5 13:38:00 CDT 2025: NextJS server is not running. Skipping scheduled reports check.
Thu Jun  5 13:39:00 CDT 2025: Running scheduled reports
Thu Jun  5 13:39:00 CDT 2025: Checking if NextJS server is running...
/Users/sim/Project2/scripts/../scripts/run-simple-scheduled-reports.sh: line 16: node: command not found
Thu Jun  5 13:39:00 CDT 2025: NextJS server is not running. Skipping scheduled reports check.
Thu Jun  5 13:40:00 CDT 2025: Running scheduled reports
Thu Jun  5 13:40:00 CDT 2025: Checking if NextJS server is running...
/Users/sim/Project2/scripts/../scripts/run-simple-scheduled-reports.sh: line 16: node: command not found
Thu Jun  5 13:40:00 CDT 2025: NextJS server is not running. Skipping scheduled reports check.
Thu Jun  5 13:41:00 CDT 2025: Checking if NextJS server is running...
Thu Jun  5 13:41:00 CDT 2025: Running scheduled reports
/Users/sim/Project2/scripts/../scripts/run-simple-scheduled-reports.sh: line 16: node: command not found
Thu Jun  5 13:41:00 CDT 2025: NextJS server is not running. Skipping scheduled reports check.
Thu Jun  5 13:42:00 CDT 2025: Running scheduled reports
Thu Jun  5 13:42:00 CDT 2025: Checking if NextJS server is running...
/Users/sim/Project2/scripts/../scripts/run-simple-scheduled-reports.sh: line 16: node: command not found
Thu Jun  5 13:42:00 CDT 2025: NextJS server is not running. Skipping scheduled reports check.
Thu Jun  5 13:43:00 CDT 2025: Running scheduled reports
Thu Jun  5 13:43:00 CDT 2025: Checking if NextJS server is running...
/Users/sim/Project2/scripts/../scripts/run-simple-scheduled-reports.sh: line 16: node: command not found
Thu Jun  5 13:43:00 CDT 2025: NextJS server is not running. Skipping scheduled reports check.
Thu Jun  5 13:44:01 CDT 2025: Checking if NextJS server is running...
Thu Jun  5 13:44:01 CDT 2025: Running scheduled reports
/Users/sim/Project2/scripts/../scripts/run-simple-scheduled-reports.sh: line 16: node: command not found
Thu Jun  5 13:44:01 CDT 2025: NextJS server is not running. Skipping scheduled reports check.
Thu Jun  5 13:45:00 CDT 2025: Checking if NextJS server is running...
Thu Jun  5 13:45:00 CDT 2025: Running scheduled reports
/Users/sim/Project2/scripts/../scripts/run-simple-scheduled-reports.sh: line 16: node: command not found
Thu Jun  5 13:45:00 CDT 2025: NextJS server is not running. Skipping scheduled reports check.
Thu Jun  5 13:46:00 CDT 2025: Running scheduled reports
Thu Jun  5 13:46:00 CDT 2025: Checking if NextJS server is running...
/Users/sim/Project2/scripts/../scripts/run-simple-scheduled-reports.sh: line 16: node: command not found
Thu Jun  5 13:46:00 CDT 2025: NextJS server is not running. Skipping scheduled reports check.
Thu Jun  5 13:47:00 CDT 2025: Checking if NextJS server is running...
Thu Jun  5 13:47:00 CDT 2025: Running scheduled reports
/Users/sim/Project2/scripts/../scripts/run-simple-scheduled-reports.sh: line 16: node: command not found
Thu Jun  5 13:47:00 CDT 2025: NextJS server is not running. Skipping scheduled reports check.
Thu Jun  5 13:48:00 CDT 2025: Checking if NextJS server is running...
Thu Jun  5 13:48:00 CDT 2025: Running scheduled reports
/Users/sim/Project2/scripts/../scripts/run-simple-scheduled-reports.sh: line 16: node: command not found
Thu Jun  5 13:48:00 CDT 2025: NextJS server is not running. Skipping scheduled reports check.
Thu Jun  5 13:49:00 CDT 2025: Checking if NextJS server is running...
Thu Jun  5 13:49:00 CDT 2025: Running scheduled reports
/Users/sim/Project2/scripts/../scripts/run-simple-scheduled-reports.sh: line 16: node: command not found
Thu Jun  5 13:49:00 CDT 2025: NextJS server is not running. Skipping scheduled reports check.
Thu Jun  5 13:50:01 CDT 2025: Running scheduled reports
Thu Jun  5 13:50:01 CDT 2025: Checking if NextJS server is running...
/Users/sim/Project2/scripts/../scripts/run-simple-scheduled-reports.sh: line 16: node: command not found
Thu Jun  5 13:50:01 CDT 2025: NextJS server is not running. Skipping scheduled reports check.
Thu Jun  5 13:51:00 CDT 2025: Checking if NextJS server is running...
Thu Jun  5 13:51:00 CDT 2025: Running scheduled reports
/Users/sim/Project2/scripts/../scripts/run-simple-scheduled-reports.sh: line 16: node: command not found
Thu Jun  5 13:51:00 CDT 2025: NextJS server is not running. Skipping scheduled reports check.
Thu Jun  5 13:52:00 CDT 2025: Running scheduled reports
Thu Jun  5 13:52:00 CDT 2025: Checking if NextJS server is running...
/Users/sim/Project2/scripts/../scripts/run-simple-scheduled-reports.sh: line 16: node: command not found
Thu Jun  5 13:52:00 CDT 2025: NextJS server is not running. Skipping scheduled reports check.
Thu Jun  5 13:53:00 CDT 2025: Running scheduled reports
Thu Jun  5 13:53:00 CDT 2025: Checking if NextJS server is running...
/Users/sim/Project2/scripts/../scripts/run-simple-scheduled-reports.sh: line 16: node: command not found
Thu Jun  5 13:53:00 CDT 2025: NextJS server is not running. Skipping scheduled reports check.
Thu Jun  5 13:54:00 CDT 2025: Running scheduled reports
Thu Jun  5 13:54:00 CDT 2025: Checking if NextJS server is running...
/Users/sim/Project2/scripts/../scripts/run-simple-scheduled-reports.sh: line 16: node: command not found
Thu Jun  5 13:54:00 CDT 2025: NextJS server is not running. Skipping scheduled reports check.
Thu Jun  5 13:55:00 CDT 2025: Running scheduled reports
Thu Jun  5 13:55:00 CDT 2025: Checking if NextJS server is running...
/Users/sim/Project2/scripts/../scripts/run-simple-scheduled-reports.sh: line 16: node: command not found
Thu Jun  5 13:55:00 CDT 2025: NextJS server is not running. Skipping scheduled reports check.
Thu Jun  5 13:56:00 CDT 2025: Checking if NextJS server is running...
Thu Jun  5 13:56:00 CDT 2025: Running scheduled reports
/Users/sim/Project2/scripts/../scripts/run-simple-scheduled-reports.sh: line 16: node: command not found
Thu Jun  5 13:56:01 CDT 2025: NextJS server is not running. Skipping scheduled reports check.
Thu Jun  5 13:57:00 CDT 2025: Running scheduled reports
Thu Jun  5 13:57:00 CDT 2025: Checking if NextJS server is running...
/Users/sim/Project2/scripts/../scripts/run-simple-scheduled-reports.sh: line 16: node: command not found
Thu Jun  5 13:57:00 CDT 2025: NextJS server is not running. Skipping scheduled reports check.
Thu Jun  5 13:58:00 CDT 2025: Checking if NextJS server is running...
Thu Jun  5 13:58:00 CDT 2025: Running scheduled reports
/Users/sim/Project2/scripts/../scripts/run-simple-scheduled-reports.sh: line 16: node: command not found
Thu Jun  5 13:58:00 CDT 2025: NextJS server is not running. Skipping scheduled reports check.
Thu Jun  5 13:59:00 CDT 2025: Checking if NextJS server is running...
Thu Jun  5 13:59:00 CDT 2025: Running scheduled reports
/Users/sim/Project2/scripts/../scripts/run-simple-scheduled-reports.sh: line 16: node: command not found
Thu Jun  5 13:59:00 CDT 2025: NextJS server is not running. Skipping scheduled reports check.
Thu Jun  5 14:00:00 CDT 2025: Running scheduled reports
Thu Jun  5 14:00:00 CDT 2025: Checking if NextJS server is running...
/Users/sim/Project2/scripts/../scripts/run-simple-scheduled-reports.sh: line 16: node: command not found
Thu Jun  5 14:00:00 CDT 2025: NextJS server is not running. Skipping scheduled reports check.
Thu Jun  5 14:01:01 CDT 2025: Checking if NextJS server is running...
Thu Jun  5 14:01:01 CDT 2025: Running scheduled reports
/Users/sim/Project2/scripts/../scripts/run-simple-scheduled-reports.sh: line 16: node: command not found
Thu Jun  5 14:01:01 CDT 2025: NextJS server is not running. Skipping scheduled reports check.
Thu Jun  5 14:02:00 CDT 2025: Running scheduled reports
Thu Jun  5 14:02:00 CDT 2025: Checking if NextJS server is running...
/Users/sim/Project2/scripts/../scripts/run-simple-scheduled-reports.sh: line 16: node: command not found
Thu Jun  5 14:02:00 CDT 2025: NextJS server is not running. Skipping scheduled reports check.
Thu Jun  5 14:03:00 CDT 2025: Running scheduled reports
Thu Jun  5 14:03:00 CDT 2025: Checking if NextJS server is running...
/Users/sim/Project2/scripts/../scripts/run-simple-scheduled-reports.sh: line 16: node: command not found
Thu Jun  5 14:03:00 CDT 2025: NextJS server is not running. Skipping scheduled reports check.
Thu Jun  5 14:04:00 CDT 2025: Running scheduled reports
Thu Jun  5 14:04:00 CDT 2025: Checking if NextJS server is running...
/Users/sim/Project2/scripts/../scripts/run-simple-scheduled-reports.sh: line 16: node: command not found
Thu Jun  5 14:04:00 CDT 2025: NextJS server is not running. Skipping scheduled reports check.
Thu Jun  5 14:05:00 CDT 2025: Running scheduled reports
Thu Jun  5 14:05:00 CDT 2025: Checking if NextJS server is running...
/Users/sim/Project2/scripts/../scripts/run-simple-scheduled-reports.sh: line 16: node: command not found
Thu Jun  5 14:05:00 CDT 2025: NextJS server is not running. Skipping scheduled reports check.
Thu Jun  5 14:06:01 CDT 2025: Running scheduled reports
Thu Jun  5 14:06:01 CDT 2025: Checking if NextJS server is running...
/Users/sim/Project2/scripts/../scripts/run-simple-scheduled-reports.sh: line 16: node: command not found
Thu Jun  5 14:06:01 CDT 2025: NextJS server is not running. Skipping scheduled reports check.
Thu Jun  5 14:07:00 CDT 2025: Checking if NextJS server is running...
Thu Jun  5 14:07:00 CDT 2025: Running scheduled reports
/Users/sim/Project2/scripts/../scripts/run-simple-scheduled-reports.sh: line 16: node: command not found
Thu Jun  5 14:07:00 CDT 2025: NextJS server is not running. Skipping scheduled reports check.
Thu Jun  5 14:08:00 CDT 2025: Running scheduled reports
Thu Jun  5 14:08:00 CDT 2025: Checking if NextJS server is running...
/Users/sim/Project2/scripts/../scripts/run-simple-scheduled-reports.sh: line 16: node: command not found
Thu Jun  5 14:08:00 CDT 2025: NextJS server is not running. Skipping scheduled reports check.
Thu Jun  5 14:09:00 CDT 2025: Running scheduled reports
Thu Jun  5 14:09:00 CDT 2025: Checking if NextJS server is running...
/Users/sim/Project2/scripts/../scripts/run-simple-scheduled-reports.sh: line 16: node: command not found
Thu Jun  5 14:09:00 CDT 2025: NextJS server is not running. Skipping scheduled reports check.
Thu Jun  5 14:10:01 CDT 2025: Running scheduled reports
Thu Jun  5 14:10:01 CDT 2025: Checking if NextJS server is running...
/Users/sim/Project2/scripts/../scripts/run-simple-scheduled-reports.sh: line 16: node: command not found
Thu Jun  5 14:10:01 CDT 2025: NextJS server is not running. Skipping scheduled reports check.
Thu Jun  5 14:11:00 CDT 2025: Running scheduled reports
Thu Jun  5 14:11:00 CDT 2025: Checking if NextJS server is running...
/Users/sim/Project2/scripts/../scripts/run-simple-scheduled-reports.sh: line 16: node: command not found
Thu Jun  5 14:11:00 CDT 2025: NextJS server is not running. Skipping scheduled reports check.
Thu Jun  5 14:12:00 CDT 2025: Running scheduled reports
Thu Jun  5 14:12:00 CDT 2025: Checking if NextJS server is running...
/Users/sim/Project2/scripts/../scripts/run-simple-scheduled-reports.sh: line 16: node: command not found
Thu Jun  5 14:12:00 CDT 2025: NextJS server is not running. Skipping scheduled reports check.
Thu Jun  5 14:13:00 CDT 2025: Running scheduled reports
Thu Jun  5 14:13:00 CDT 2025: Checking if NextJS server is running...
/Users/sim/Project2/scripts/../scripts/run-simple-scheduled-reports.sh: line 16: node: command not found
Thu Jun  5 14:13:00 CDT 2025: NextJS server is not running. Skipping scheduled reports check.
Thu Jun  5 14:14:00 CDT 2025: Checking if NextJS server is running...
Thu Jun  5 14:14:00 CDT 2025: Running scheduled reports
/Users/sim/Project2/scripts/../scripts/run-simple-scheduled-reports.sh: line 16: node: command not found
Thu Jun  5 14:14:00 CDT 2025: NextJS server is not running. Skipping scheduled reports check.
Thu Jun  5 14:15:01 CDT 2025: Checking if NextJS server is running...
Thu Jun  5 14:15:01 CDT 2025: Running scheduled reports
/Users/sim/Project2/scripts/../scripts/run-simple-scheduled-reports.sh: line 16: node: command not found
Thu Jun  5 14:15:01 CDT 2025: NextJS server is not running. Skipping scheduled reports check.
Thu Jun  5 14:16:00 CDT 2025: Running scheduled reports
Thu Jun  5 14:16:00 CDT 2025: Checking if NextJS server is running...
/Users/sim/Project2/scripts/../scripts/run-simple-scheduled-reports.sh: line 16: node: command not found
Thu Jun  5 14:16:00 CDT 2025: NextJS server is not running. Skipping scheduled reports check.
Thu Jun  5 14:17:00 CDT 2025: Checking if NextJS server is running...
Thu Jun  5 14:17:00 CDT 2025: Running scheduled reports
/Users/sim/Project2/scripts/../scripts/run-simple-scheduled-reports.sh: line 16: node: command not found
Thu Jun  5 14:17:00 CDT 2025: NextJS server is not running. Skipping scheduled reports check.
Thu Jun  5 14:18:00 CDT 2025: Running scheduled reports
Thu Jun  5 14:18:00 CDT 2025: Checking if NextJS server is running...
/Users/sim/Project2/scripts/../scripts/run-simple-scheduled-reports.sh: line 16: node: command not found
Thu Jun  5 14:18:00 CDT 2025: NextJS server is not running. Skipping scheduled reports check.
Thu Jun  5 14:19:01 CDT 2025: Checking if NextJS server is running...
Thu Jun  5 14:19:01 CDT 2025: Running scheduled reports
/Users/sim/Project2/scripts/../scripts/run-simple-scheduled-reports.sh: line 16: node: command not found
Thu Jun  5 14:19:01 CDT 2025: NextJS server is not running. Skipping scheduled reports check.
Thu Jun  5 14:20:00 CDT 2025: Running scheduled reports
Thu Jun  5 14:20:00 CDT 2025: Checking if NextJS server is running...
/Users/sim/Project2/scripts/../scripts/run-simple-scheduled-reports.sh: line 16: node: command not found
Thu Jun  5 14:20:00 CDT 2025: NextJS server is not running. Skipping scheduled reports check.
Thu Jun  5 14:21:00 CDT 2025: Running scheduled reports
Thu Jun  5 14:21:00 CDT 2025: Checking if NextJS server is running...
/Users/sim/Project2/scripts/../scripts/run-simple-scheduled-reports.sh: line 16: node: command not found
Thu Jun  5 14:21:00 CDT 2025: NextJS server is not running. Skipping scheduled reports check.
Thu Jun  5 14:22:00 CDT 2025: Running scheduled reports
Thu Jun  5 14:22:00 CDT 2025: Checking if NextJS server is running...
/Users/sim/Project2/scripts/../scripts/run-simple-scheduled-reports.sh: line 16: node: command not found
Thu Jun  5 14:22:00 CDT 2025: NextJS server is not running. Skipping scheduled reports check.
Thu Jun  5 14:23:01 CDT 2025: Checking if NextJS server is running...
Thu Jun  5 14:23:01 CDT 2025: Running scheduled reports
/Users/sim/Project2/scripts/../scripts/run-simple-scheduled-reports.sh: line 16: node: command not found
Thu Jun  5 14:23:01 CDT 2025: NextJS server is not running. Skipping scheduled reports check.
Thu Jun  5 14:24:00 CDT 2025: Running scheduled reports
Thu Jun  5 14:24:00 CDT 2025: Checking if NextJS server is running...
/Users/sim/Project2/scripts/../scripts/run-simple-scheduled-reports.sh: line 16: node: command not found
Thu Jun  5 14:24:00 CDT 2025: NextJS server is not running. Skipping scheduled reports check.
Thu Jun  5 14:25:00 CDT 2025: Running scheduled reports
Thu Jun  5 14:25:00 CDT 2025: Checking if NextJS server is running...
/Users/sim/Project2/scripts/../scripts/run-simple-scheduled-reports.sh: line 16: node: command not found
Thu Jun  5 14:25:00 CDT 2025: NextJS server is not running. Skipping scheduled reports check.
Thu Jun  5 14:26:00 CDT 2025: Checking if NextJS server is running...
Thu Jun  5 14:26:00 CDT 2025: Running scheduled reports
/Users/sim/Project2/scripts/../scripts/run-simple-scheduled-reports.sh: line 16: node: command not found
Thu Jun  5 14:26:00 CDT 2025: NextJS server is not running. Skipping scheduled reports check.
Thu Jun  5 14:27:01 CDT 2025: Running scheduled reports
Thu Jun  5 14:27:01 CDT 2025: Checking if NextJS server is running...
/Users/sim/Project2/scripts/../scripts/run-simple-scheduled-reports.sh: line 16: node: command not found
Thu Jun  5 14:27:01 CDT 2025: NextJS server is not running. Skipping scheduled reports check.
Thu Jun  5 14:28:00 CDT 2025: Running scheduled reports
Thu Jun  5 14:28:00 CDT 2025: Checking if NextJS server is running...
/Users/sim/Project2/scripts/../scripts/run-simple-scheduled-reports.sh: line 16: node: command not found
Thu Jun  5 14:28:00 CDT 2025: NextJS server is not running. Skipping scheduled reports check.
Thu Jun  5 14:29:00 CDT 2025: Running scheduled reports
Thu Jun  5 14:29:00 CDT 2025: Checking if NextJS server is running...
/Users/sim/Project2/scripts/../scripts/run-simple-scheduled-reports.sh: line 16: node: command not found
Thu Jun  5 14:29:00 CDT 2025: NextJS server is not running. Skipping scheduled reports check.
Thu Jun  5 14:30:00 CDT 2025: Checking if NextJS server is running...
Thu Jun  5 14:30:00 CDT 2025: Running scheduled reports
/Users/sim/Project2/scripts/../scripts/run-simple-scheduled-reports.sh: line 16: node: command not found
Thu Jun  5 14:30:00 CDT 2025: NextJS server is not running. Skipping scheduled reports check.
Thu Jun  5 14:31:01 CDT 2025: Checking if NextJS server is running...
Thu Jun  5 14:31:01 CDT 2025: Running scheduled reports
/Users/sim/Project2/scripts/../scripts/run-simple-scheduled-reports.sh: line 16: node: command not found
Thu Jun  5 14:31:01 CDT 2025: NextJS server is not running. Skipping scheduled reports check.
Thu Jun  5 14:32:00 CDT 2025: Running scheduled reports
Thu Jun  5 14:32:00 CDT 2025: Checking if NextJS server is running...
/Users/sim/Project2/scripts/../scripts/run-simple-scheduled-reports.sh: line 16: node: command not found
Thu Jun  5 14:32:00 CDT 2025: NextJS server is not running. Skipping scheduled reports check.
Thu Jun  5 14:33:00 CDT 2025: Checking if NextJS server is running...
Thu Jun  5 14:33:00 CDT 2025: Running scheduled reports
/Users/sim/Project2/scripts/../scripts/run-simple-scheduled-reports.sh: line 16: node: command not found
Thu Jun  5 14:33:00 CDT 2025: NextJS server is not running. Skipping scheduled reports check.
Thu Jun  5 14:34:00 CDT 2025: Running scheduled reports
Thu Jun  5 14:34:00 CDT 2025: Checking if NextJS server is running...
/Users/sim/Project2/scripts/../scripts/run-simple-scheduled-reports.sh: line 16: node: command not found
Thu Jun  5 14:34:00 CDT 2025: NextJS server is not running. Skipping scheduled reports check.
Thu Jun  5 14:35:00 CDT 2025: Running scheduled reports
Thu Jun  5 14:35:00 CDT 2025: Checking if NextJS server is running...
/Users/sim/Project2/scripts/../scripts/run-simple-scheduled-reports.sh: line 16: node: command not found
Thu Jun  5 14:35:00 CDT 2025: NextJS server is not running. Skipping scheduled reports check.
Thu Jun  5 14:36:01 CDT 2025: Checking if NextJS server is running...
Thu Jun  5 14:36:01 CDT 2025: Running scheduled reports
/Users/sim/Project2/scripts/../scripts/run-simple-scheduled-reports.sh: line 16: node: command not found
Thu Jun  5 14:36:01 CDT 2025: NextJS server is not running. Skipping scheduled reports check.
Thu Jun  5 14:37:00 CDT 2025: Running scheduled reports
Thu Jun  5 14:37:00 CDT 2025: Checking if NextJS server is running...
/Users/sim/Project2/scripts/../scripts/run-simple-scheduled-reports.sh: line 16: node: command not found
Thu Jun  5 14:37:00 CDT 2025: NextJS server is not running. Skipping scheduled reports check.
Thu Jun  5 14:38:00 CDT 2025: Checking if NextJS server is running...
Thu Jun  5 14:38:00 CDT 2025: Running scheduled reports
/Users/sim/Project2/scripts/../scripts/run-simple-scheduled-reports.sh: line 16: node: command not found
Thu Jun  5 14:38:00 CDT 2025: NextJS server is not running. Skipping scheduled reports check.
Thu Jun  5 14:39:00 CDT 2025: Checking if NextJS server is running...
Thu Jun  5 14:39:00 CDT 2025: Running scheduled reports
/Users/sim/Project2/scripts/../scripts/run-simple-scheduled-reports.sh: line 16: node: command not found
Thu Jun  5 14:39:00 CDT 2025: NextJS server is not running. Skipping scheduled reports check.
Thu Jun  5 14:40:01 CDT 2025: Checking if NextJS server is running...
Thu Jun  5 14:40:01 CDT 2025: Running scheduled reports
/Users/sim/Project2/scripts/../scripts/run-simple-scheduled-reports.sh: line 16: node: command not found
Thu Jun  5 14:40:01 CDT 2025: NextJS server is not running. Skipping scheduled reports check.
Thu Jun  5 14:41:00 CDT 2025: Checking if NextJS server is running...
Thu Jun  5 14:41:00 CDT 2025: Running scheduled reports
/Users/sim/Project2/scripts/../scripts/run-simple-scheduled-reports.sh: line 16: node: command not found
Thu Jun  5 14:41:00 CDT 2025: NextJS server is not running. Skipping scheduled reports check.
Thu Jun  5 14:42:00 CDT 2025: Checking if NextJS server is running...
Thu Jun  5 14:42:00 CDT 2025: Running scheduled reports
/Users/sim/Project2/scripts/../scripts/run-simple-scheduled-reports.sh: line 16: node: command not found
Thu Jun  5 14:42:00 CDT 2025: NextJS server is not running. Skipping scheduled reports check.
Thu Jun  5 14:43:00 CDT 2025: Running scheduled reports
Thu Jun  5 14:43:00 CDT 2025: Checking if NextJS server is running...
/Users/sim/Project2/scripts/../scripts/run-simple-scheduled-reports.sh: line 16: node: command not found
Thu Jun  5 14:43:00 CDT 2025: NextJS server is not running. Skipping scheduled reports check.
Thu Jun  5 14:44:01 CDT 2025: Checking if NextJS server is running...
Thu Jun  5 14:44:01 CDT 2025: Running scheduled reports
/Users/sim/Project2/scripts/../scripts/run-simple-scheduled-reports.sh: line 16: node: command not found
Thu Jun  5 14:44:01 CDT 2025: NextJS server is not running. Skipping scheduled reports check.
Thu Jun  5 14:45:00 CDT 2025: Checking if NextJS server is running...
Thu Jun  5 14:45:00 CDT 2025: Running scheduled reports
/Users/sim/Project2/scripts/../scripts/run-simple-scheduled-reports.sh: line 16: node: command not found
Thu Jun  5 14:45:00 CDT 2025: NextJS server is not running. Skipping scheduled reports check.
Thu Jun  5 14:46:00 CDT 2025: Running scheduled reports
Thu Jun  5 14:46:00 CDT 2025: Checking if NextJS server is running...
/Users/sim/Project2/scripts/../scripts/run-simple-scheduled-reports.sh: line 16: node: command not found
Thu Jun  5 14:46:00 CDT 2025: NextJS server is not running. Skipping scheduled reports check.
Thu Jun  5 14:47:00 CDT 2025: Checking if NextJS server is running...
Thu Jun  5 14:47:00 CDT 2025: Running scheduled reports
/Users/sim/Project2/scripts/../scripts/run-simple-scheduled-reports.sh: line 16: node: command not found
Thu Jun  5 14:47:00 CDT 2025: NextJS server is not running. Skipping scheduled reports check.
Thu Jun  5 14:48:00 CDT 2025: Checking if NextJS server is running...
Thu Jun  5 14:48:00 CDT 2025: Running scheduled reports
/Users/sim/Project2/scripts/../scripts/run-simple-scheduled-reports.sh: line 16: node: command not found
Thu Jun  5 14:48:01 CDT 2025: NextJS server is not running. Skipping scheduled reports check.
Thu Jun  5 14:49:00 CDT 2025: Checking if NextJS server is running...
Thu Jun  5 14:49:00 CDT 2025: Running scheduled reports
/Users/sim/Project2/scripts/../scripts/run-simple-scheduled-reports.sh: line 16: node: command not found
Thu Jun  5 14:49:00 CDT 2025: NextJS server is not running. Skipping scheduled reports check.
Thu Jun  5 14:50:00 CDT 2025: Running scheduled reports
Thu Jun  5 14:50:00 CDT 2025: Checking if NextJS server is running...
/Users/sim/Project2/scripts/../scripts/run-simple-scheduled-reports.sh: line 16: node: command not found
Thu Jun  5 14:50:00 CDT 2025: NextJS server is not running. Skipping scheduled reports check.
Thu Jun  5 14:51:00 CDT 2025: Checking if NextJS server is running...
Thu Jun  5 14:51:00 CDT 2025: Running scheduled reports
/Users/sim/Project2/scripts/../scripts/run-simple-scheduled-reports.sh: line 16: node: command not found
Thu Jun  5 14:51:00 CDT 2025: NextJS server is not running. Skipping scheduled reports check.
Thu Jun  5 14:52:00 CDT 2025: Running scheduled reports
Thu Jun  5 14:52:00 CDT 2025: Checking if NextJS server is running...
/Users/sim/Project2/scripts/../scripts/run-simple-scheduled-reports.sh: line 16: node: command not found
Thu Jun  5 14:52:00 CDT 2025: NextJS server is not running. Skipping scheduled reports check.
Thu Jun  5 14:53:00 CDT 2025: Running scheduled reports
Thu Jun  5 14:53:00 CDT 2025: Checking if NextJS server is running...
/Users/sim/Project2/scripts/../scripts/run-simple-scheduled-reports.sh: line 16: node: command not found
Thu Jun  5 14:53:01 CDT 2025: NextJS server is not running. Skipping scheduled reports check.
Thu Jun  5 14:54:00 CDT 2025: Checking if NextJS server is running...
Thu Jun  5 14:54:00 CDT 2025: Running scheduled reports
/Users/sim/Project2/scripts/../scripts/run-simple-scheduled-reports.sh: line 16: node: command not found
Thu Jun  5 14:54:00 CDT 2025: NextJS server is not running. Skipping scheduled reports check.
Thu Jun  5 14:55:00 CDT 2025: Running scheduled reports
Thu Jun  5 14:55:00 CDT 2025: Checking if NextJS server is running...
/Users/sim/Project2/scripts/../scripts/run-simple-scheduled-reports.sh: line 16: node: command not found
Thu Jun  5 14:55:00 CDT 2025: NextJS server is not running. Skipping scheduled reports check.
Thu Jun  5 14:56:00 CDT 2025: Running scheduled reports
Thu Jun  5 14:56:00 CDT 2025: Checking if NextJS server is running...
/Users/sim/Project2/scripts/../scripts/run-simple-scheduled-reports.sh: line 16: node: command not found
Thu Jun  5 14:56:00 CDT 2025: NextJS server is not running. Skipping scheduled reports check.
Thu Jun  5 14:57:00 CDT 2025: Checking if NextJS server is running...
Thu Jun  5 14:57:00 CDT 2025: Running scheduled reports
/Users/sim/Project2/scripts/../scripts/run-simple-scheduled-reports.sh: line 16: node: command not found
Thu Jun  5 14:57:00 CDT 2025: NextJS server is not running. Skipping scheduled reports check.
Thu Jun  5 14:58:00 CDT 2025: Checking if NextJS server is running...
Thu Jun  5 14:58:00 CDT 2025: Running scheduled reports
/Users/sim/Project2/scripts/../scripts/run-simple-scheduled-reports.sh: line 16: node: command not found
Thu Jun  5 14:58:00 CDT 2025: NextJS server is not running. Skipping scheduled reports check.
Thu Jun  5 14:59:01 CDT 2025: Running scheduled reports
Thu Jun  5 14:59:01 CDT 2025: Checking if NextJS server is running...
/Users/sim/Project2/scripts/../scripts/run-simple-scheduled-reports.sh: line 16: node: command not found
Thu Jun  5 14:59:01 CDT 2025: NextJS server is not running. Skipping scheduled reports check.
Thu Jun  5 15:00:00 CDT 2025: Checking if NextJS server is running...
Thu Jun  5 15:00:00 CDT 2025: Running scheduled reports
/Users/sim/Project2/scripts/../scripts/run-simple-scheduled-reports.sh: line 16: node: command not found
Thu Jun  5 15:00:00 CDT 2025: NextJS server is not running. Skipping scheduled reports check.
Thu Jun  5 15:01:00 CDT 2025: Running scheduled reports
Thu Jun  5 15:01:00 CDT 2025: Checking if NextJS server is running...
/Users/sim/Project2/scripts/../scripts/run-simple-scheduled-reports.sh: line 16: node: command not found
Thu Jun  5 15:01:00 CDT 2025: NextJS server is not running. Skipping scheduled reports check.
Thu Jun  5 15:02:00 CDT 2025: Checking if NextJS server is running...
Thu Jun  5 15:02:00 CDT 2025: Running scheduled reports
/Users/sim/Project2/scripts/../scripts/run-simple-scheduled-reports.sh: line 16: node: command not found
Thu Jun  5 15:02:00 CDT 2025: NextJS server is not running. Skipping scheduled reports check.
Thu Jun  5 15:03:00 CDT 2025: Checking if NextJS server is running...
Thu Jun  5 15:03:00 CDT 2025: Running scheduled reports
/Users/sim/Project2/scripts/../scripts/run-simple-scheduled-reports.sh: line 16: node: command not found
Thu Jun  5 15:03:00 CDT 2025: NextJS server is not running. Skipping scheduled reports check.
Thu Jun  5 15:04:01 CDT 2025: Running scheduled reports
Thu Jun  5 15:04:01 CDT 2025: Checking if NextJS server is running...
/Users/sim/Project2/scripts/../scripts/run-simple-scheduled-reports.sh: line 16: node: command not found
Thu Jun  5 15:04:01 CDT 2025: NextJS server is not running. Skipping scheduled reports check.
Thu Jun  5 15:05:00 CDT 2025: Running scheduled reports
Thu Jun  5 15:05:00 CDT 2025: Checking if NextJS server is running...
/Users/sim/Project2/scripts/../scripts/run-simple-scheduled-reports.sh: line 16: node: command not found
Thu Jun  5 15:05:00 CDT 2025: NextJS server is not running. Skipping scheduled reports check.
Thu Jun  5 15:06:00 CDT 2025: Running scheduled reports
Thu Jun  5 15:06:00 CDT 2025: Checking if NextJS server is running...
/Users/sim/Project2/scripts/../scripts/run-simple-scheduled-reports.sh: line 16: node: command not found
Thu Jun  5 15:06:00 CDT 2025: NextJS server is not running. Skipping scheduled reports check.
Thu Jun  5 15:07:00 CDT 2025: Running scheduled reports
Thu Jun  5 15:07:00 CDT 2025: Checking if NextJS server is running...
/Users/sim/Project2/scripts/../scripts/run-simple-scheduled-reports.sh: line 16: node: command not found
Thu Jun  5 15:07:00 CDT 2025: NextJS server is not running. Skipping scheduled reports check.
Thu Jun  5 15:08:00 CDT 2025: Checking if NextJS server is running...
Thu Jun  5 15:08:00 CDT 2025: Running scheduled reports
/Users/sim/Project2/scripts/../scripts/run-simple-scheduled-reports.sh: line 16: node: command not found
Thu Jun  5 15:08:00 CDT 2025: NextJS server is not running. Skipping scheduled reports check.
Thu Jun  5 15:09:01 CDT 2025: Running scheduled reports
Thu Jun  5 15:09:01 CDT 2025: Checking if NextJS server is running...
/Users/sim/Project2/scripts/../scripts/run-simple-scheduled-reports.sh: line 16: node: command not found
Thu Jun  5 15:09:02 CDT 2025: NextJS server is not running. Skipping scheduled reports check.
Thu Jun  5 15:10:00 CDT 2025: Running scheduled reports
Thu Jun  5 15:10:00 CDT 2025: Checking if NextJS server is running...
/Users/sim/Project2/scripts/../scripts/run-simple-scheduled-reports.sh: line 16: node: command not found
Thu Jun  5 15:10:00 CDT 2025: NextJS server is not running. Skipping scheduled reports check.
Thu Jun  5 15:11:00 CDT 2025: Running scheduled reports
Thu Jun  5 15:11:00 CDT 2025: Checking if NextJS server is running...
/Users/sim/Project2/scripts/../scripts/run-simple-scheduled-reports.sh: line 16: node: command not found
Thu Jun  5 15:11:00 CDT 2025: NextJS server is not running. Skipping scheduled reports check.
Thu Jun  5 15:12:00 CDT 2025: Checking if NextJS server is running...
Thu Jun  5 15:12:00 CDT 2025: Running scheduled reports
/Users/sim/Project2/scripts/../scripts/run-simple-scheduled-reports.sh: line 16: node: command not found
Thu Jun  5 15:12:00 CDT 2025: NextJS server is not running. Skipping scheduled reports check.
Thu Jun  5 15:13:00 CDT 2025: Running scheduled reports
Thu Jun  5 15:13:00 CDT 2025: Checking if NextJS server is running...
/Users/sim/Project2/scripts/../scripts/run-simple-scheduled-reports.sh: line 16: node: command not found
Thu Jun  5 15:13:00 CDT 2025: NextJS server is not running. Skipping scheduled reports check.
Thu Jun  5 15:14:00 CDT 2025: Checking if NextJS server is running...
Thu Jun  5 15:14:00 CDT 2025: Running scheduled reports
/Users/sim/Project2/scripts/../scripts/run-simple-scheduled-reports.sh: line 16: node: command not found
Thu Jun  5 15:14:00 CDT 2025: NextJS server is not running. Skipping scheduled reports check.
Thu Jun  5 15:15:01 CDT 2025: Checking if NextJS server is running...
Thu Jun  5 15:15:01 CDT 2025: Running scheduled reports
/Users/sim/Project2/scripts/../scripts/run-simple-scheduled-reports.sh: line 16: node: command not found
Thu Jun  5 15:15:01 CDT 2025: NextJS server is not running. Skipping scheduled reports check.
Thu Jun  5 15:16:00 CDT 2025: Running scheduled reports
Thu Jun  5 15:16:00 CDT 2025: Checking if NextJS server is running...
/Users/sim/Project2/scripts/../scripts/run-simple-scheduled-reports.sh: line 16: node: command not found
Thu Jun  5 15:16:00 CDT 2025: NextJS server is not running. Skipping scheduled reports check.
Thu Jun  5 15:17:00 CDT 2025: Checking if NextJS server is running...
Thu Jun  5 15:17:00 CDT 2025: Running scheduled reports
/Users/sim/Project2/scripts/../scripts/run-simple-scheduled-reports.sh: line 16: node: command not found
Thu Jun  5 15:17:00 CDT 2025: NextJS server is not running. Skipping scheduled reports check.
Thu Jun  5 15:18:00 CDT 2025: Checking if NextJS server is running...
Thu Jun  5 15:18:00 CDT 2025: Running scheduled reports
/Users/sim/Project2/scripts/../scripts/run-simple-scheduled-reports.sh: line 16: node: command not found
Thu Jun  5 15:18:00 CDT 2025: NextJS server is not running. Skipping scheduled reports check.
Thu Jun  5 15:19:00 CDT 2025: Running scheduled reports
Thu Jun  5 15:19:00 CDT 2025: Checking if NextJS server is running...
/Users/sim/Project2/scripts/../scripts/run-simple-scheduled-reports.sh: line 16: node: command not found
Thu Jun  5 15:19:00 CDT 2025: NextJS server is not running. Skipping scheduled reports check.
Thu Jun  5 15:20:01 CDT 2025: Running scheduled reports
Thu Jun  5 15:20:01 CDT 2025: Checking if NextJS server is running...
/Users/sim/Project2/scripts/../scripts/run-simple-scheduled-reports.sh: line 16: node: command not found
Thu Jun  5 15:20:01 CDT 2025: NextJS server is not running. Skipping scheduled reports check.
Thu Jun  5 15:21:00 CDT 2025: Checking if NextJS server is running...
Thu Jun  5 15:21:00 CDT 2025: Running scheduled reports
/Users/sim/Project2/scripts/../scripts/run-simple-scheduled-reports.sh: line 16: node: command not found
Thu Jun  5 15:21:00 CDT 2025: NextJS server is not running. Skipping scheduled reports check.
Thu Jun  5 15:22:00 CDT 2025: Checking if NextJS server is running...
Thu Jun  5 15:22:00 CDT 2025: Running scheduled reports
/Users/sim/Project2/scripts/../scripts/run-simple-scheduled-reports.sh: line 16: node: command not found
Thu Jun  5 15:22:00 CDT 2025: NextJS server is not running. Skipping scheduled reports check.
Thu Jun  5 15:23:00 CDT 2025: Running scheduled reports
Thu Jun  5 15:23:00 CDT 2025: Checking if NextJS server is running...
/Users/sim/Project2/scripts/../scripts/run-simple-scheduled-reports.sh: line 16: node: command not found
Thu Jun  5 15:23:00 CDT 2025: NextJS server is not running. Skipping scheduled reports check.
Thu Jun  5 15:24:00 CDT 2025: Running scheduled reports
Thu Jun  5 15:24:00 CDT 2025: Checking if NextJS server is running...
/Users/sim/Project2/scripts/../scripts/run-simple-scheduled-reports.sh: line 16: node: command not found
Thu Jun  5 15:24:00 CDT 2025: NextJS server is not running. Skipping scheduled reports check.
Thu Jun  5 15:25:00 CDT 2025: Checking if NextJS server is running...
Thu Jun  5 15:25:00 CDT 2025: Running scheduled reports
/Users/sim/Project2/scripts/../scripts/run-simple-scheduled-reports.sh: line 16: node: command not found
Thu Jun  5 15:25:00 CDT 2025: NextJS server is not running. Skipping scheduled reports check.
Thu Jun  5 15:26:01 CDT 2025: Running scheduled reports
Thu Jun  5 15:26:01 CDT 2025: Checking if NextJS server is running...
/Users/sim/Project2/scripts/../scripts/run-simple-scheduled-reports.sh: line 16: node: command not found
Thu Jun  5 15:26:01 CDT 2025: NextJS server is not running. Skipping scheduled reports check.
Thu Jun  5 15:27:00 CDT 2025: Running scheduled reports
Thu Jun  5 15:27:00 CDT 2025: Checking if NextJS server is running...
/Users/sim/Project2/scripts/../scripts/run-simple-scheduled-reports.sh: line 16: node: command not found
Thu Jun  5 15:27:00 CDT 2025: NextJS server is not running. Skipping scheduled reports check.
Thu Jun  5 15:28:00 CDT 2025: Checking if NextJS server is running...
Thu Jun  5 15:28:00 CDT 2025: Running scheduled reports
/Users/sim/Project2/scripts/../scripts/run-simple-scheduled-reports.sh: line 16: node: command not found
Thu Jun  5 15:28:00 CDT 2025: NextJS server is not running. Skipping scheduled reports check.
Thu Jun  5 15:29:01 CDT 2025: Running scheduled reports
Thu Jun  5 15:29:01 CDT 2025: Checking if NextJS server is running...
/Users/sim/Project2/scripts/../scripts/run-simple-scheduled-reports.sh: line 16: node: command not found
Thu Jun  5 15:29:01 CDT 2025: NextJS server is not running. Skipping scheduled reports check.
Thu Jun  5 15:30:00 CDT 2025: Running scheduled reports
Thu Jun  5 15:30:00 CDT 2025: Checking if NextJS server is running...
/Users/sim/Project2/scripts/../scripts/run-simple-scheduled-reports.sh: line 16: node: command not found
Thu Jun  5 15:30:00 CDT 2025: NextJS server is not running. Skipping scheduled reports check.
Thu Jun  5 15:31:00 CDT 2025: Checking if NextJS server is running...
Thu Jun  5 15:31:00 CDT 2025: Running scheduled reports
/Users/sim/Project2/scripts/../scripts/run-simple-scheduled-reports.sh: line 16: node: command not found
Thu Jun  5 15:31:00 CDT 2025: NextJS server is not running. Skipping scheduled reports check.
Thu Jun  5 15:32:00 CDT 2025: Running scheduled reports
Thu Jun  5 15:32:00 CDT 2025: Checking if NextJS server is running...
/Users/sim/Project2/scripts/../scripts/run-simple-scheduled-reports.sh: line 16: node: command not found
Thu Jun  5 15:32:00 CDT 2025: NextJS server is not running. Skipping scheduled reports check.
Thu Jun  5 15:33:00 CDT 2025: Running scheduled reports
Thu Jun  5 15:33:00 CDT 2025: Checking if NextJS server is running...
/Users/sim/Project2/scripts/../scripts/run-simple-scheduled-reports.sh: line 16: node: command not found
Thu Jun  5 15:33:00 CDT 2025: NextJS server is not running. Skipping scheduled reports check.
Thu Jun  5 15:34:00 CDT 2025: Running scheduled reports
Thu Jun  5 15:34:00 CDT 2025: Checking if NextJS server is running...
/Users/sim/Project2/scripts/../scripts/run-simple-scheduled-reports.sh: line 16: node: command not found
Thu Jun  5 15:34:00 CDT 2025: NextJS server is not running. Skipping scheduled reports check.
Thu Jun  5 15:35:00 CDT 2025: Running scheduled reports
Thu Jun  5 15:35:00 CDT 2025: Checking if NextJS server is running...
/Users/sim/Project2/scripts/../scripts/run-simple-scheduled-reports.sh: line 16: node: command not found
Thu Jun  5 15:35:01 CDT 2025: NextJS server is not running. Skipping scheduled reports check.
Thu Jun  5 15:36:00 CDT 2025: Running scheduled reports
Thu Jun  5 15:36:00 CDT 2025: Checking if NextJS server is running...
/Users/sim/Project2/scripts/../scripts/run-simple-scheduled-reports.sh: line 16: node: command not found
Thu Jun  5 15:36:00 CDT 2025: NextJS server is not running. Skipping scheduled reports check.
Thu Jun  5 15:37:00 CDT 2025: Running scheduled reports
Thu Jun  5 15:37:00 CDT 2025: Checking if NextJS server is running...
/Users/sim/Project2/scripts/../scripts/run-simple-scheduled-reports.sh: line 16: node: command not found
Thu Jun  5 15:37:00 CDT 2025: NextJS server is not running. Skipping scheduled reports check.
Thu Jun  5 15:38:00 CDT 2025: Checking if NextJS server is running...
Thu Jun  5 15:38:00 CDT 2025: Running scheduled reports
/Users/sim/Project2/scripts/../scripts/run-simple-scheduled-reports.sh: line 16: node: command not found
Thu Jun  5 15:38:00 CDT 2025: NextJS server is not running. Skipping scheduled reports check.
Thu Jun  5 15:39:00 CDT 2025: Checking if NextJS server is running...
Thu Jun  5 15:39:00 CDT 2025: Running scheduled reports
/Users/sim/Project2/scripts/../scripts/run-simple-scheduled-reports.sh: line 16: node: command not found
Thu Jun  5 15:39:00 CDT 2025: NextJS server is not running. Skipping scheduled reports check.
Thu Jun  5 15:40:00 CDT 2025: Running scheduled reports
Thu Jun  5 15:40:00 CDT 2025: Checking if NextJS server is running...
/Users/sim/Project2/scripts/../scripts/run-simple-scheduled-reports.sh: line 16: node: command not found
Thu Jun  5 15:40:00 CDT 2025: NextJS server is not running. Skipping scheduled reports check.
Thu Jun  5 15:41:00 CDT 2025: Checking if NextJS server is running...
Thu Jun  5 15:41:00 CDT 2025: Running scheduled reports
/Users/sim/Project2/scripts/../scripts/run-simple-scheduled-reports.sh: line 16: node: command not found
Thu Jun  5 15:41:00 CDT 2025: NextJS server is not running. Skipping scheduled reports check.
Thu Jun  5 15:42:01 CDT 2025: Checking if NextJS server is running...
Thu Jun  5 15:42:01 CDT 2025: Running scheduled reports
/Users/sim/Project2/scripts/../scripts/run-simple-scheduled-reports.sh: line 16: node: command not found
Thu Jun  5 15:42:01 CDT 2025: NextJS server is not running. Skipping scheduled reports check.
Thu Jun  5 15:43:00 CDT 2025: Checking if NextJS server is running...
Thu Jun  5 15:43:00 CDT 2025: Running scheduled reports
/Users/sim/Project2/scripts/../scripts/run-simple-scheduled-reports.sh: line 16: node: command not found
Thu Jun  5 15:43:00 CDT 2025: NextJS server is not running. Skipping scheduled reports check.
Thu Jun  5 15:44:00 CDT 2025: Checking if NextJS server is running...
Thu Jun  5 15:44:00 CDT 2025: Running scheduled reports
/Users/sim/Project2/scripts/../scripts/run-simple-scheduled-reports.sh: line 16: node: command not found
Thu Jun  5 15:44:00 CDT 2025: NextJS server is not running. Skipping scheduled reports check.
Thu Jun  5 15:45:00 CDT 2025: Running scheduled reports
Thu Jun  5 15:45:00 CDT 2025: Checking if NextJS server is running...
/Users/sim/Project2/scripts/../scripts/run-simple-scheduled-reports.sh: line 16: node: command not found
Thu Jun  5 15:45:00 CDT 2025: NextJS server is not running. Skipping scheduled reports check.
Thu Jun  5 15:46:00 CDT 2025: Checking if NextJS server is running...
Thu Jun  5 15:46:00 CDT 2025: Running scheduled reports
/Users/sim/Project2/scripts/../scripts/run-simple-scheduled-reports.sh: line 16: node: command not found
Thu Jun  5 15:46:00 CDT 2025: NextJS server is not running. Skipping scheduled reports check.
Thu Jun  5 15:47:00 CDT 2025: Checking if NextJS server is running...
Thu Jun  5 15:47:00 CDT 2025: Running scheduled reports
/Users/sim/Project2/scripts/../scripts/run-simple-scheduled-reports.sh: line 16: node: command not found
Thu Jun  5 15:47:00 CDT 2025: NextJS server is not running. Skipping scheduled reports check.
Thu Jun  5 15:48:00 CDT 2025: Running scheduled reports
Thu Jun  5 15:48:00 CDT 2025: Checking if NextJS server is running...
/Users/sim/Project2/scripts/../scripts/run-simple-scheduled-reports.sh: line 16: node: command not found
Thu Jun  5 15:48:00 CDT 2025: NextJS server is not running. Skipping scheduled reports check.
Thu Jun  5 15:49:01 CDT 2025: Running scheduled reports
Thu Jun  5 15:49:01 CDT 2025: Checking if NextJS server is running...
/Users/sim/Project2/scripts/../scripts/run-simple-scheduled-reports.sh: line 16: node: command not found
Thu Jun  5 15:49:01 CDT 2025: NextJS server is not running. Skipping scheduled reports check.
Thu Jun  5 15:50:00 CDT 2025: Running scheduled reports
Thu Jun  5 15:50:00 CDT 2025: Checking if NextJS server is running...
/Users/sim/Project2/scripts/../scripts/run-simple-scheduled-reports.sh: line 16: node: command not found
Thu Jun  5 15:50:00 CDT 2025: NextJS server is not running. Skipping scheduled reports check.
Thu Jun  5 15:51:00 CDT 2025: Checking if NextJS server is running...
Thu Jun  5 15:51:00 CDT 2025: Running scheduled reports
/Users/sim/Project2/scripts/../scripts/run-simple-scheduled-reports.sh: line 16: node: command not found
Thu Jun  5 15:51:00 CDT 2025: NextJS server is not running. Skipping scheduled reports check.
Thu Jun  5 15:52:00 CDT 2025: Checking if NextJS server is running...
Thu Jun  5 15:52:00 CDT 2025: Running scheduled reports
/Users/sim/Project2/scripts/../scripts/run-simple-scheduled-reports.sh: line 16: node: command not found
Thu Jun  5 15:52:00 CDT 2025: NextJS server is not running. Skipping scheduled reports check.
Thu Jun  5 15:53:00 CDT 2025: Running scheduled reports
Thu Jun  5 15:53:00 CDT 2025: Checking if NextJS server is running...
/Users/sim/Project2/scripts/../scripts/run-simple-scheduled-reports.sh: line 16: node: command not found
Thu Jun  5 15:53:00 CDT 2025: NextJS server is not running. Skipping scheduled reports check.
Thu Jun  5 15:54:00 CDT 2025: Running scheduled reports
Thu Jun  5 15:54:00 CDT 2025: Checking if NextJS server is running...
/Users/sim/Project2/scripts/../scripts/run-simple-scheduled-reports.sh: line 16: node: command not found
Thu Jun  5 15:54:00 CDT 2025: NextJS server is not running. Skipping scheduled reports check.
Thu Jun  5 15:55:00 CDT 2025: Checking if NextJS server is running...
Thu Jun  5 15:55:00 CDT 2025: Running scheduled reports
/Users/sim/Project2/scripts/../scripts/run-simple-scheduled-reports.sh: line 16: node: command not found
Thu Jun  5 15:55:00 CDT 2025: NextJS server is not running. Skipping scheduled reports check.
Thu Jun  5 15:56:01 CDT 2025: Running scheduled reports
Thu Jun  5 15:56:01 CDT 2025: Checking if NextJS server is running...
/Users/sim/Project2/scripts/../scripts/run-simple-scheduled-reports.sh: line 16: node: command not found
Thu Jun  5 15:56:01 CDT 2025: NextJS server is not running. Skipping scheduled reports check.
Thu Jun  5 15:57:00 CDT 2025: Running scheduled reports
Thu Jun  5 15:57:00 CDT 2025: Checking if NextJS server is running...
/Users/sim/Project2/scripts/../scripts/run-simple-scheduled-reports.sh: line 16: node: command not found
Thu Jun  5 15:57:00 CDT 2025: NextJS server is not running. Skipping scheduled reports check.
Thu Jun  5 15:58:00 CDT 2025: Checking if NextJS server is running...
Thu Jun  5 15:58:00 CDT 2025: Running scheduled reports
/Users/sim/Project2/scripts/../scripts/run-simple-scheduled-reports.sh: line 16: node: command not found
Thu Jun  5 15:58:00 CDT 2025: NextJS server is not running. Skipping scheduled reports check.
Thu Jun  5 15:59:00 CDT 2025: Checking if NextJS server is running...
Thu Jun  5 15:59:00 CDT 2025: Running scheduled reports
/Users/sim/Project2/scripts/../scripts/run-simple-scheduled-reports.sh: line 16: node: command not found
Thu Jun  5 15:59:00 CDT 2025: NextJS server is not running. Skipping scheduled reports check.
Thu Jun  5 16:00:00 CDT 2025: Checking if NextJS server is running...
Thu Jun  5 16:00:00 CDT 2025: Running scheduled reports
/Users/sim/Project2/scripts/../scripts/run-simple-scheduled-reports.sh: line 16: node: command not found
Thu Jun  5 16:00:00 CDT 2025: NextJS server is not running. Skipping scheduled reports check.
Thu Jun  5 16:01:00 CDT 2025: Running scheduled reports
Thu Jun  5 16:01:00 CDT 2025: Checking if NextJS server is running...
/Users/sim/Project2/scripts/../scripts/run-simple-scheduled-reports.sh: line 16: node: command not found
Thu Jun  5 16:01:00 CDT 2025: NextJS server is not running. Skipping scheduled reports check.
Thu Jun  5 16:02:01 CDT 2025: Checking if NextJS server is running...
Thu Jun  5 16:02:01 CDT 2025: Running scheduled reports
/Users/sim/Project2/scripts/../scripts/run-simple-scheduled-reports.sh: line 16: node: command not found
Thu Jun  5 16:02:01 CDT 2025: NextJS server is not running. Skipping scheduled reports check.
Thu Jun  5 16:03:00 CDT 2025: Running scheduled reports
Thu Jun  5 16:03:00 CDT 2025: Checking if NextJS server is running...
/Users/sim/Project2/scripts/../scripts/run-simple-scheduled-reports.sh: line 16: node: command not found
Thu Jun  5 16:03:00 CDT 2025: NextJS server is not running. Skipping scheduled reports check.
Thu Jun  5 16:04:00 CDT 2025: Checking if NextJS server is running...
Thu Jun  5 16:04:00 CDT 2025: Running scheduled reports
/Users/sim/Project2/scripts/../scripts/run-simple-scheduled-reports.sh: line 16: node: command not found
Thu Jun  5 16:04:00 CDT 2025: NextJS server is not running. Skipping scheduled reports check.
Thu Jun  5 16:05:00 CDT 2025: Running scheduled reports
Thu Jun  5 16:05:00 CDT 2025: Checking if NextJS server is running...
/Users/sim/Project2/scripts/../scripts/run-simple-scheduled-reports.sh: line 16: node: command not found
Thu Jun  5 16:05:00 CDT 2025: NextJS server is not running. Skipping scheduled reports check.
Thu Jun  5 16:06:00 CDT 2025: Running scheduled reports
Thu Jun  5 16:06:00 CDT 2025: Checking if NextJS server is running...
/Users/sim/Project2/scripts/../scripts/run-simple-scheduled-reports.sh: line 16: node: command not found
Thu Jun  5 16:06:00 CDT 2025: NextJS server is not running. Skipping scheduled reports check.
Thu Jun  5 16:07:00 CDT 2025: Running scheduled reports
Thu Jun  5 16:07:00 CDT 2025: Checking if NextJS server is running...
/Users/sim/Project2/scripts/../scripts/run-simple-scheduled-reports.sh: line 16: node: command not found
Thu Jun  5 16:07:00 CDT 2025: NextJS server is not running. Skipping scheduled reports check.
Thu Jun  5 16:08:01 CDT 2025: Running scheduled reports
Thu Jun  5 16:08:01 CDT 2025: Checking if NextJS server is running...
/Users/sim/Project2/scripts/../scripts/run-simple-scheduled-reports.sh: line 16: node: command not found
Thu Jun  5 16:08:01 CDT 2025: NextJS server is not running. Skipping scheduled reports check.
Thu Jun  5 16:09:00 CDT 2025: Running scheduled reports
Thu Jun  5 16:09:00 CDT 2025: Checking if NextJS server is running...
/Users/sim/Project2/scripts/../scripts/run-simple-scheduled-reports.sh: line 16: node: command not found
Thu Jun  5 16:09:00 CDT 2025: NextJS server is not running. Skipping scheduled reports check.
Thu Jun  5 16:10:00 CDT 2025: Checking if NextJS server is running...
Thu Jun  5 16:10:00 CDT 2025: Running scheduled reports
/Users/sim/Project2/scripts/../scripts/run-simple-scheduled-reports.sh: line 16: node: command not found
Thu Jun  5 16:10:00 CDT 2025: NextJS server is not running. Skipping scheduled reports check.
Thu Jun  5 16:11:00 CDT 2025: Running scheduled reports
Thu Jun  5 16:11:00 CDT 2025: Checking if NextJS server is running...
/Users/sim/Project2/scripts/../scripts/run-simple-scheduled-reports.sh: line 16: node: command not found
Thu Jun  5 16:11:04 CDT 2025: NextJS server is not running. Skipping scheduled reports check.
Thu Jun  5 16:12:00 CDT 2025: Running scheduled reports
Thu Jun  5 16:12:00 CDT 2025: Checking if NextJS server is running...
/Users/sim/Project2/scripts/../scripts/run-simple-scheduled-reports.sh: line 16: node: command not found
Thu Jun  5 16:12:00 CDT 2025: NextJS server is not running. Skipping scheduled reports check.
Thu Jun  5 16:13:00 CDT 2025: Running scheduled reports
Thu Jun  5 16:13:00 CDT 2025: Checking if NextJS server is running...
/Users/sim/Project2/scripts/../scripts/run-simple-scheduled-reports.sh: line 16: node: command not found
Thu Jun  5 16:13:00 CDT 2025: NextJS server is not running. Skipping scheduled reports check.
Thu Jun  5 16:14:01 CDT 2025: Running scheduled reports
Thu Jun  5 16:14:01 CDT 2025: Checking if NextJS server is running...
/Users/sim/Project2/scripts/../scripts/run-simple-scheduled-reports.sh: line 16: node: command not found
Thu Jun  5 16:14:01 CDT 2025: NextJS server is not running. Skipping scheduled reports check.
Thu Jun  5 16:15:00 CDT 2025: Running scheduled reports
Thu Jun  5 16:15:00 CDT 2025: Checking if NextJS server is running...
/Users/sim/Project2/scripts/../scripts/run-simple-scheduled-reports.sh: line 16: node: command not found
Thu Jun  5 16:15:00 CDT 2025: NextJS server is not running. Skipping scheduled reports check.
Thu Jun  5 16:16:00 CDT 2025: Running scheduled reports
Thu Jun  5 16:16:00 CDT 2025: Checking if NextJS server is running...
/Users/sim/Project2/scripts/../scripts/run-simple-scheduled-reports.sh: line 16: node: command not found
Thu Jun  5 16:16:00 CDT 2025: NextJS server is not running. Skipping scheduled reports check.
Thu Jun  5 16:17:00 CDT 2025: Checking if NextJS server is running...
Thu Jun  5 16:17:00 CDT 2025: Running scheduled reports
/Users/sim/Project2/scripts/../scripts/run-simple-scheduled-reports.sh: line 16: node: command not found
Thu Jun  5 16:17:00 CDT 2025: NextJS server is not running. Skipping scheduled reports check.
Thu Jun  5 16:18:01 CDT 2025: Checking if NextJS server is running...
Thu Jun  5 16:18:01 CDT 2025: Running scheduled reports
/Users/sim/Project2/scripts/../scripts/run-simple-scheduled-reports.sh: line 16: node: command not found
Thu Jun  5 16:18:01 CDT 2025: NextJS server is not running. Skipping scheduled reports check.
Thu Jun  5 16:19:00 CDT 2025: Checking if NextJS server is running...
Thu Jun  5 16:19:00 CDT 2025: Running scheduled reports
/Users/sim/Project2/scripts/../scripts/run-simple-scheduled-reports.sh: line 16: node: command not found
Thu Jun  5 16:19:00 CDT 2025: NextJS server is not running. Skipping scheduled reports check.
Thu Jun  5 16:20:00 CDT 2025: Checking if NextJS server is running...
Thu Jun  5 16:20:00 CDT 2025: Running scheduled reports
/Users/sim/Project2/scripts/../scripts/run-simple-scheduled-reports.sh: line 16: node: command not found
Thu Jun  5 16:20:00 CDT 2025: NextJS server is not running. Skipping scheduled reports check.
Thu Jun  5 16:21:00 CDT 2025: Checking if NextJS server is running...
Thu Jun  5 16:21:00 CDT 2025: Running scheduled reports
/Users/sim/Project2/scripts/../scripts/run-simple-scheduled-reports.sh: line 16: node: command not found
Thu Jun  5 16:21:00 CDT 2025: NextJS server is not running. Skipping scheduled reports check.
Thu Jun  5 16:22:00 CDT 2025: Running scheduled reports
Thu Jun  5 16:22:00 CDT 2025: Checking if NextJS server is running...
/Users/sim/Project2/scripts/../scripts/run-simple-scheduled-reports.sh: line 16: node: command not found
Thu Jun  5 16:22:00 CDT 2025: NextJS server is not running. Skipping scheduled reports check.
Thu Jun  5 16:23:00 CDT 2025: Running scheduled reports
Thu Jun  5 16:23:00 CDT 2025: Checking if NextJS server is running...
/Users/sim/Project2/scripts/../scripts/run-simple-scheduled-reports.sh: line 16: node: command not found
Thu Jun  5 16:23:01 CDT 2025: NextJS server is not running. Skipping scheduled reports check.
Thu Jun  5 16:24:00 CDT 2025: Checking if NextJS server is running...
Thu Jun  5 16:24:00 CDT 2025: Running scheduled reports
/Users/sim/Project2/scripts/../scripts/run-simple-scheduled-reports.sh: line 16: node: command not found
Thu Jun  5 16:24:00 CDT 2025: NextJS server is not running. Skipping scheduled reports check.
Thu Jun  5 16:25:00 CDT 2025: Checking if NextJS server is running...
Thu Jun  5 16:25:00 CDT 2025: Running scheduled reports
/Users/sim/Project2/scripts/../scripts/run-simple-scheduled-reports.sh: line 16: node: command not found
Thu Jun  5 16:25:00 CDT 2025: NextJS server is not running. Skipping scheduled reports check.
