Fri Jun  6 02:43:00 CDT 2025: Running scheduled reports
Fri Jun  6 02:43:00 CDT 2025: Checking if NextJS server is running...
/Users/sim/Project2/scripts/../scripts/run-simple-scheduled-reports.sh: line 16: node: command not found
Fri Jun  6 02:43:00 CDT 2025: NextJS server is not running. Skipping scheduled reports check.
Fri Jun  6 02:44:00 CDT 2025: Running scheduled reports
Fri Jun  6 02:44:00 CDT 2025: Checking if NextJS server is running...
/Users/sim/Project2/scripts/../scripts/run-simple-scheduled-reports.sh: line 16: node: command not found
Fri Jun  6 02:44:00 CDT 2025: NextJS server is not running. Skipping scheduled reports check.
Fri Jun  6 02:45:00 CDT 2025: Running scheduled reports
Fri Jun  6 02:45:00 CDT 2025: Checking if NextJS server is running...
/Users/sim/Project2/scripts/../scripts/run-simple-scheduled-reports.sh: line 16: node: command not found
Fri Jun  6 02:45:00 CDT 2025: NextJS server is not running. Skipping scheduled reports check.
Fri Jun  6 02:46:01 CDT 2025: Checking if NextJS server is running...
Fri Jun  6 02:46:01 CDT 2025: Running scheduled reports
/Users/sim/Project2/scripts/../scripts/run-simple-scheduled-reports.sh: line 16: node: command not found
Fri Jun  6 02:46:01 CDT 2025: NextJS server is not running. Skipping scheduled reports check.
Fri Jun  6 02:47:00 CDT 2025: Checking if NextJS server is running...
Fri Jun  6 02:47:00 CDT 2025: Running scheduled reports
/Users/sim/Project2/scripts/../scripts/run-simple-scheduled-reports.sh: line 16: node: command not found
Fri Jun  6 02:47:00 CDT 2025: NextJS server is not running. Skipping scheduled reports check.
Fri Jun  6 02:48:00 CDT 2025: Checking if NextJS server is running...
Fri Jun  6 02:48:00 CDT 2025: Running scheduled reports
/Users/sim/Project2/scripts/../scripts/run-simple-scheduled-reports.sh: line 16: node: command not found
Fri Jun  6 02:48:00 CDT 2025: NextJS server is not running. Skipping scheduled reports check.
Fri Jun  6 02:49:00 CDT 2025: Running scheduled reports
Fri Jun  6 02:49:00 CDT 2025: Checking if NextJS server is running...
/Users/sim/Project2/scripts/../scripts/run-simple-scheduled-reports.sh: line 16: node: command not found
Fri Jun  6 02:49:00 CDT 2025: NextJS server is not running. Skipping scheduled reports check.
Fri Jun  6 02:50:00 CDT 2025: Running scheduled reports
Fri Jun  6 02:50:00 CDT 2025: Checking if NextJS server is running...
/Users/sim/Project2/scripts/../scripts/run-simple-scheduled-reports.sh: line 16: node: command not found
Fri Jun  6 02:50:00 CDT 2025: NextJS server is not running. Skipping scheduled reports check.
Fri Jun  6 02:51:00 CDT 2025: Running scheduled reports
Fri Jun  6 02:51:00 CDT 2025: Checking if NextJS server is running...
/Users/sim/Project2/scripts/../scripts/run-simple-scheduled-reports.sh: line 16: node: command not found
Fri Jun  6 02:51:00 CDT 2025: NextJS server is not running. Skipping scheduled reports check.
Fri Jun  6 02:52:01 CDT 2025: Running scheduled reports
Fri Jun  6 02:52:01 CDT 2025: Checking if NextJS server is running...
/Users/sim/Project2/scripts/../scripts/run-simple-scheduled-reports.sh: line 16: node: command not found
Fri Jun  6 02:52:01 CDT 2025: NextJS server is not running. Skipping scheduled reports check.
Fri Jun  6 02:53:00 CDT 2025: Running scheduled reports
Fri Jun  6 02:53:00 CDT 2025: Checking if NextJS server is running...
/Users/sim/Project2/scripts/../scripts/run-simple-scheduled-reports.sh: line 16: node: command not found
Fri Jun  6 02:53:00 CDT 2025: NextJS server is not running. Skipping scheduled reports check.
Fri Jun  6 02:54:00 CDT 2025: Running scheduled reports
Fri Jun  6 02:54:00 CDT 2025: Checking if NextJS server is running...
/Users/sim/Project2/scripts/../scripts/run-simple-scheduled-reports.sh: line 16: node: command not found
Fri Jun  6 02:54:00 CDT 2025: NextJS server is not running. Skipping scheduled reports check.
Fri Jun  6 02:55:00 CDT 2025: Running scheduled reports
Fri Jun  6 02:55:00 CDT 2025: Checking if NextJS server is running...
/Users/sim/Project2/scripts/../scripts/run-simple-scheduled-reports.sh: line 16: node: command not found
Fri Jun  6 02:55:00 CDT 2025: NextJS server is not running. Skipping scheduled reports check.
Fri Jun  6 02:56:00 CDT 2025: Running scheduled reports
Fri Jun  6 02:56:00 CDT 2025: Checking if NextJS server is running...
/Users/sim/Project2/scripts/../scripts/run-simple-scheduled-reports.sh: line 16: node: command not found
Fri Jun  6 02:56:00 CDT 2025: NextJS server is not running. Skipping scheduled reports check.
Fri Jun  6 02:57:00 CDT 2025: Checking if NextJS server is running...
Fri Jun  6 02:57:00 CDT 2025: Running scheduled reports
/Users/sim/Project2/scripts/../scripts/run-simple-scheduled-reports.sh: line 16: node: command not found
Fri Jun  6 02:57:01 CDT 2025: NextJS server is not running. Skipping scheduled reports check.
Fri Jun  6 02:58:00 CDT 2025: Checking if NextJS server is running...
Fri Jun  6 02:58:00 CDT 2025: Running scheduled reports
/Users/sim/Project2/scripts/../scripts/run-simple-scheduled-reports.sh: line 16: node: command not found
Fri Jun  6 02:58:00 CDT 2025: NextJS server is not running. Skipping scheduled reports check.
Fri Jun  6 02:59:00 CDT 2025: Running scheduled reports
Fri Jun  6 02:59:00 CDT 2025: Checking if NextJS server is running...
/Users/sim/Project2/scripts/../scripts/run-simple-scheduled-reports.sh: line 16: node: command not found
Fri Jun  6 02:59:00 CDT 2025: NextJS server is not running. Skipping scheduled reports check.
Fri Jun  6 03:00:00 CDT 2025: Checking if NextJS server is running...
Fri Jun  6 03:00:00 CDT 2025: Running scheduled reports
/Users/sim/Project2/scripts/../scripts/run-simple-scheduled-reports.sh: line 16: node: command not found
Fri Jun  6 03:00:00 CDT 2025: NextJS server is not running. Skipping scheduled reports check.
Fri Jun  6 03:01:00 CDT 2025: Running scheduled reports
Fri Jun  6 03:01:00 CDT 2025: Checking if NextJS server is running...
/Users/sim/Project2/scripts/../scripts/run-simple-scheduled-reports.sh: line 16: node: command not found
Fri Jun  6 03:01:00 CDT 2025: NextJS server is not running. Skipping scheduled reports check.
Fri Jun  6 03:02:00 CDT 2025: Checking if NextJS server is running...
Fri Jun  6 03:02:00 CDT 2025: Running scheduled reports
/Users/sim/Project2/scripts/../scripts/run-simple-scheduled-reports.sh: line 16: node: command not found
Fri Jun  6 03:02:00 CDT 2025: NextJS server is not running. Skipping scheduled reports check.
Fri Jun  6 03:03:00 CDT 2025: Running scheduled reports
Fri Jun  6 03:03:00 CDT 2025: Checking if NextJS server is running...
/Users/sim/Project2/scripts/../scripts/run-simple-scheduled-reports.sh: line 16: node: command not found
Fri Jun  6 03:03:01 CDT 2025: NextJS server is not running. Skipping scheduled reports check.
Fri Jun  6 03:04:00 CDT 2025: Checking if NextJS server is running...
Fri Jun  6 03:04:00 CDT 2025: Running scheduled reports
/Users/sim/Project2/scripts/../scripts/run-simple-scheduled-reports.sh: line 16: node: command not found
Fri Jun  6 03:04:00 CDT 2025: NextJS server is not running. Skipping scheduled reports check.
Fri Jun  6 03:05:00 CDT 2025: Running scheduled reports
Fri Jun  6 03:05:00 CDT 2025: Checking if NextJS server is running...
/Users/sim/Project2/scripts/../scripts/run-simple-scheduled-reports.sh: line 16: node: command not found
Fri Jun  6 03:05:00 CDT 2025: NextJS server is not running. Skipping scheduled reports check.
Fri Jun  6 03:06:00 CDT 2025: Running scheduled reports
Fri Jun  6 03:06:00 CDT 2025: Checking if NextJS server is running...
/Users/sim/Project2/scripts/../scripts/run-simple-scheduled-reports.sh: line 16: node: command not found
Fri Jun  6 03:06:00 CDT 2025: NextJS server is not running. Skipping scheduled reports check.
Fri Jun  6 03:07:00 CDT 2025: Checking if NextJS server is running...
Fri Jun  6 03:07:00 CDT 2025: Running scheduled reports
/Users/sim/Project2/scripts/../scripts/run-simple-scheduled-reports.sh: line 16: node: command not found
Fri Jun  6 03:07:00 CDT 2025: NextJS server is not running. Skipping scheduled reports check.
Fri Jun  6 03:08:00 CDT 2025: Running scheduled reports
Fri Jun  6 03:08:00 CDT 2025: Checking if NextJS server is running...
/Users/sim/Project2/scripts/../scripts/run-simple-scheduled-reports.sh: line 16: node: command not found
Fri Jun  6 03:08:00 CDT 2025: NextJS server is not running. Skipping scheduled reports check.
Fri Jun  6 03:09:00 CDT 2025: Checking if NextJS server is running...
Fri Jun  6 03:09:00 CDT 2025: Running scheduled reports
/Users/sim/Project2/scripts/../scripts/run-simple-scheduled-reports.sh: line 16: node: command not found
Fri Jun  6 03:09:00 CDT 2025: NextJS server is not running. Skipping scheduled reports check.
Fri Jun  6 03:10:01 CDT 2025: Running scheduled reports
Fri Jun  6 03:10:01 CDT 2025: Checking if NextJS server is running...
/Users/sim/Project2/scripts/../scripts/run-simple-scheduled-reports.sh: line 16: node: command not found
Fri Jun  6 03:10:01 CDT 2025: NextJS server is not running. Skipping scheduled reports check.
Fri Jun  6 03:11:00 CDT 2025: Running scheduled reports
Fri Jun  6 03:11:00 CDT 2025: Checking if NextJS server is running...
/Users/sim/Project2/scripts/../scripts/run-simple-scheduled-reports.sh: line 16: node: command not found
Fri Jun  6 03:11:00 CDT 2025: NextJS server is not running. Skipping scheduled reports check.
Fri Jun  6 03:12:00 CDT 2025: Checking if NextJS server is running...
Fri Jun  6 03:12:00 CDT 2025: Running scheduled reports
/Users/sim/Project2/scripts/../scripts/run-simple-scheduled-reports.sh: line 16: node: command not found
Fri Jun  6 03:12:00 CDT 2025: NextJS server is not running. Skipping scheduled reports check.
Fri Jun  6 03:13:00 CDT 2025: Checking if NextJS server is running...
Fri Jun  6 03:13:00 CDT 2025: Running scheduled reports
/Users/sim/Project2/scripts/../scripts/run-simple-scheduled-reports.sh: line 16: node: command not found
Fri Jun  6 03:13:00 CDT 2025: NextJS server is not running. Skipping scheduled reports check.
Fri Jun  6 03:14:01 CDT 2025: Running scheduled reports
Fri Jun  6 03:14:01 CDT 2025: Checking if NextJS server is running...
/Users/sim/Project2/scripts/../scripts/run-simple-scheduled-reports.sh: line 16: node: command not found
Fri Jun  6 03:14:01 CDT 2025: NextJS server is not running. Skipping scheduled reports check.
Fri Jun  6 03:15:00 CDT 2025: Running scheduled reports
Fri Jun  6 03:15:00 CDT 2025: Checking if NextJS server is running...
/Users/sim/Project2/scripts/../scripts/run-simple-scheduled-reports.sh: line 16: node: command not found
Fri Jun  6 03:15:00 CDT 2025: NextJS server is not running. Skipping scheduled reports check.
Fri Jun  6 03:16:00 CDT 2025: Running scheduled reports
Fri Jun  6 03:16:00 CDT 2025: Checking if NextJS server is running...
/Users/sim/Project2/scripts/../scripts/run-simple-scheduled-reports.sh: line 16: node: command not found
Fri Jun  6 03:16:01 CDT 2025: NextJS server is not running. Skipping scheduled reports check.
Fri Jun  6 03:17:00 CDT 2025: Checking if NextJS server is running...
Fri Jun  6 03:17:00 CDT 2025: Running scheduled reports
/Users/sim/Project2/scripts/../scripts/run-simple-scheduled-reports.sh: line 16: node: command not found
Fri Jun  6 03:17:00 CDT 2025: NextJS server is not running. Skipping scheduled reports check.
Fri Jun  6 03:18:00 CDT 2025: Checking if NextJS server is running...
Fri Jun  6 03:18:00 CDT 2025: Running scheduled reports
/Users/sim/Project2/scripts/../scripts/run-simple-scheduled-reports.sh: line 16: node: command not found
Fri Jun  6 03:18:00 CDT 2025: NextJS server is not running. Skipping scheduled reports check.
Fri Jun  6 03:19:00 CDT 2025: Checking if NextJS server is running...
Fri Jun  6 03:19:00 CDT 2025: Running scheduled reports
/Users/sim/Project2/scripts/../scripts/run-simple-scheduled-reports.sh: line 16: node: command not found
Fri Jun  6 03:19:00 CDT 2025: NextJS server is not running. Skipping scheduled reports check.
Fri Jun  6 03:20:00 CDT 2025: Checking if NextJS server is running...
Fri Jun  6 03:20:00 CDT 2025: Running scheduled reports
/Users/sim/Project2/scripts/../scripts/run-simple-scheduled-reports.sh: line 16: node: command not found
Fri Jun  6 03:20:00 CDT 2025: NextJS server is not running. Skipping scheduled reports check.
Fri Jun  6 03:21:00 CDT 2025: Running scheduled reports
Fri Jun  6 03:21:00 CDT 2025: Checking if NextJS server is running...
/Users/sim/Project2/scripts/../scripts/run-simple-scheduled-reports.sh: line 16: node: command not found
Fri Jun  6 03:21:00 CDT 2025: NextJS server is not running. Skipping scheduled reports check.
Fri Jun  6 03:22:01 CDT 2025: Running scheduled reports
Fri Jun  6 03:22:01 CDT 2025: Checking if NextJS server is running...
/Users/sim/Project2/scripts/../scripts/run-simple-scheduled-reports.sh: line 16: node: command not found
Fri Jun  6 03:22:01 CDT 2025: NextJS server is not running. Skipping scheduled reports check.
Fri Jun  6 03:23:00 CDT 2025: Running scheduled reports
Fri Jun  6 03:23:00 CDT 2025: Checking if NextJS server is running...
/Users/sim/Project2/scripts/../scripts/run-simple-scheduled-reports.sh: line 16: node: command not found
Fri Jun  6 03:23:00 CDT 2025: NextJS server is not running. Skipping scheduled reports check.
Fri Jun  6 03:24:00 CDT 2025: Checking if NextJS server is running...
Fri Jun  6 03:24:00 CDT 2025: Running scheduled reports
/Users/sim/Project2/scripts/../scripts/run-simple-scheduled-reports.sh: line 16: node: command not found
Fri Jun  6 03:24:00 CDT 2025: NextJS server is not running. Skipping scheduled reports check.
Fri Jun  6 03:25:00 CDT 2025: Checking if NextJS server is running...
Fri Jun  6 03:25:00 CDT 2025: Running scheduled reports
/Users/sim/Project2/scripts/../scripts/run-simple-scheduled-reports.sh: line 16: node: command not found
Fri Jun  6 03:25:00 CDT 2025: NextJS server is not running. Skipping scheduled reports check.
Fri Jun  6 03:26:00 CDT 2025: Checking if NextJS server is running...
Fri Jun  6 03:26:00 CDT 2025: Running scheduled reports
/Users/sim/Project2/scripts/../scripts/run-simple-scheduled-reports.sh: line 16: node: command not found
Fri Jun  6 03:26:00 CDT 2025: NextJS server is not running. Skipping scheduled reports check.
Fri Jun  6 03:27:00 CDT 2025: Checking if NextJS server is running...
Fri Jun  6 03:27:00 CDT 2025: Running scheduled reports
/Users/sim/Project2/scripts/../scripts/run-simple-scheduled-reports.sh: line 16: node: command not found
Fri Jun  6 03:27:00 CDT 2025: NextJS server is not running. Skipping scheduled reports check.
Fri Jun  6 03:28:01 CDT 2025: Checking if NextJS server is running...
Fri Jun  6 03:28:01 CDT 2025: Running scheduled reports
/Users/sim/Project2/scripts/../scripts/run-simple-scheduled-reports.sh: line 16: node: command not found
Fri Jun  6 03:28:01 CDT 2025: NextJS server is not running. Skipping scheduled reports check.
Fri Jun  6 03:29:00 CDT 2025: Running scheduled reports
Fri Jun  6 03:29:00 CDT 2025: Checking if NextJS server is running...
/Users/sim/Project2/scripts/../scripts/run-simple-scheduled-reports.sh: line 16: node: command not found
Fri Jun  6 03:29:00 CDT 2025: NextJS server is not running. Skipping scheduled reports check.
Fri Jun  6 03:30:00 CDT 2025: Checking if NextJS server is running...
Fri Jun  6 03:30:00 CDT 2025: Running scheduled reports
/Users/sim/Project2/scripts/../scripts/run-simple-scheduled-reports.sh: line 16: node: command not found
Fri Jun  6 03:30:00 CDT 2025: NextJS server is not running. Skipping scheduled reports check.
Fri Jun  6 03:31:00 CDT 2025: Checking if NextJS server is running...
Fri Jun  6 03:31:00 CDT 2025: Running scheduled reports
/Users/sim/Project2/scripts/../scripts/run-simple-scheduled-reports.sh: line 16: node: command not found
Fri Jun  6 03:31:00 CDT 2025: NextJS server is not running. Skipping scheduled reports check.
Fri Jun  6 03:32:00 CDT 2025: Checking if NextJS server is running...
Fri Jun  6 03:32:00 CDT 2025: Running scheduled reports
/Users/sim/Project2/scripts/../scripts/run-simple-scheduled-reports.sh: line 16: node: command not found
Fri Jun  6 03:32:00 CDT 2025: NextJS server is not running. Skipping scheduled reports check.
Fri Jun  6 03:33:00 CDT 2025: Checking if NextJS server is running...
Fri Jun  6 03:33:00 CDT 2025: Running scheduled reports
/Users/sim/Project2/scripts/../scripts/run-simple-scheduled-reports.sh: line 16: node: command not found
Fri Jun  6 03:33:00 CDT 2025: NextJS server is not running. Skipping scheduled reports check.
Fri Jun  6 03:34:01 CDT 2025: Running scheduled reports
Fri Jun  6 03:34:01 CDT 2025: Checking if NextJS server is running...
/Users/sim/Project2/scripts/../scripts/run-simple-scheduled-reports.sh: line 16: node: command not found
Fri Jun  6 03:34:01 CDT 2025: NextJS server is not running. Skipping scheduled reports check.
Fri Jun  6 03:35:00 CDT 2025: Checking if NextJS server is running...
Fri Jun  6 03:35:00 CDT 2025: Running scheduled reports
/Users/sim/Project2/scripts/../scripts/run-simple-scheduled-reports.sh: line 16: node: command not found
Fri Jun  6 03:35:00 CDT 2025: NextJS server is not running. Skipping scheduled reports check.
Fri Jun  6 03:36:00 CDT 2025: Checking if NextJS server is running...
Fri Jun  6 03:36:00 CDT 2025: Running scheduled reports
/Users/sim/Project2/scripts/../scripts/run-simple-scheduled-reports.sh: line 16: node: command not found
Fri Jun  6 03:36:00 CDT 2025: NextJS server is not running. Skipping scheduled reports check.
Fri Jun  6 03:37:00 CDT 2025: Checking if NextJS server is running...
Fri Jun  6 03:37:00 CDT 2025: Running scheduled reports
/Users/sim/Project2/scripts/../scripts/run-simple-scheduled-reports.sh: line 16: node: command not found
Fri Jun  6 03:37:00 CDT 2025: NextJS server is not running. Skipping scheduled reports check.
Fri Jun  6 03:38:00 CDT 2025: Running scheduled reports
Fri Jun  6 03:38:00 CDT 2025: Checking if NextJS server is running...
/Users/sim/Project2/scripts/../scripts/run-simple-scheduled-reports.sh: line 16: node: command not found
Fri Jun  6 03:38:00 CDT 2025: NextJS server is not running. Skipping scheduled reports check.
Fri Jun  6 03:39:00 CDT 2025: Running scheduled reports
Fri Jun  6 03:39:00 CDT 2025: Checking if NextJS server is running...
/Users/sim/Project2/scripts/../scripts/run-simple-scheduled-reports.sh: line 16: node: command not found
Fri Jun  6 03:39:00 CDT 2025: NextJS server is not running. Skipping scheduled reports check.
Fri Jun  6 03:40:00 CDT 2025: Checking if NextJS server is running...
Fri Jun  6 03:40:00 CDT 2025: Running scheduled reports
/Users/sim/Project2/scripts/../scripts/run-simple-scheduled-reports.sh: line 16: node: command not found
Fri Jun  6 03:40:01 CDT 2025: NextJS server is not running. Skipping scheduled reports check.
Fri Jun  6 03:41:00 CDT 2025: Checking if NextJS server is running...
Fri Jun  6 03:41:00 CDT 2025: Running scheduled reports
/Users/sim/Project2/scripts/../scripts/run-simple-scheduled-reports.sh: line 16: node: command not found
Fri Jun  6 03:41:00 CDT 2025: NextJS server is not running. Skipping scheduled reports check.
Fri Jun  6 03:42:00 CDT 2025: Running scheduled reports
Fri Jun  6 03:42:00 CDT 2025: Checking if NextJS server is running...
/Users/sim/Project2/scripts/../scripts/run-simple-scheduled-reports.sh: line 16: node: command not found
Fri Jun  6 03:42:00 CDT 2025: NextJS server is not running. Skipping scheduled reports check.
Fri Jun  6 03:43:00 CDT 2025: Checking if NextJS server is running...
Fri Jun  6 03:43:00 CDT 2025: Running scheduled reports
/Users/sim/Project2/scripts/../scripts/run-simple-scheduled-reports.sh: line 16: node: command not found
Fri Jun  6 03:43:00 CDT 2025: NextJS server is not running. Skipping scheduled reports check.
Fri Jun  6 03:44:00 CDT 2025: Running scheduled reports
Fri Jun  6 03:44:00 CDT 2025: Checking if NextJS server is running...
/Users/sim/Project2/scripts/../scripts/run-simple-scheduled-reports.sh: line 16: node: command not found
Fri Jun  6 03:44:00 CDT 2025: NextJS server is not running. Skipping scheduled reports check.
Fri Jun  6 03:45:00 CDT 2025: Running scheduled reports
Fri Jun  6 03:45:00 CDT 2025: Checking if NextJS server is running...
/Users/sim/Project2/scripts/../scripts/run-simple-scheduled-reports.sh: line 16: node: command not found
Fri Jun  6 03:45:00 CDT 2025: NextJS server is not running. Skipping scheduled reports check.
Fri Jun  6 03:46:00 CDT 2025: Checking if NextJS server is running...
Fri Jun  6 03:46:00 CDT 2025: Running scheduled reports
/Users/sim/Project2/scripts/../scripts/run-simple-scheduled-reports.sh: line 16: node: command not found
Fri Jun  6 03:46:00 CDT 2025: NextJS server is not running. Skipping scheduled reports check.
Fri Jun  6 03:47:01 CDT 2025: Running scheduled reports
Fri Jun  6 03:47:01 CDT 2025: Checking if NextJS server is running...
/Users/sim/Project2/scripts/../scripts/run-simple-scheduled-reports.sh: line 16: node: command not found
Fri Jun  6 03:47:01 CDT 2025: NextJS server is not running. Skipping scheduled reports check.
Fri Jun  6 03:48:00 CDT 2025: Running scheduled reports
Fri Jun  6 03:48:00 CDT 2025: Checking if NextJS server is running...
/Users/sim/Project2/scripts/../scripts/run-simple-scheduled-reports.sh: line 16: node: command not found
Fri Jun  6 03:48:00 CDT 2025: NextJS server is not running. Skipping scheduled reports check.
Fri Jun  6 03:49:00 CDT 2025: Checking if NextJS server is running...
Fri Jun  6 03:49:00 CDT 2025: Running scheduled reports
/Users/sim/Project2/scripts/../scripts/run-simple-scheduled-reports.sh: line 16: node: command not found
Fri Jun  6 03:49:00 CDT 2025: NextJS server is not running. Skipping scheduled reports check.
Fri Jun  6 03:50:00 CDT 2025: Checking if NextJS server is running...
Fri Jun  6 03:50:00 CDT 2025: Running scheduled reports
/Users/sim/Project2/scripts/../scripts/run-simple-scheduled-reports.sh: line 16: node: command not found
Fri Jun  6 03:50:00 CDT 2025: NextJS server is not running. Skipping scheduled reports check.
Fri Jun  6 03:51:00 CDT 2025: Running scheduled reports
Fri Jun  6 03:51:00 CDT 2025: Checking if NextJS server is running...
/Users/sim/Project2/scripts/../scripts/run-simple-scheduled-reports.sh: line 16: node: command not found
Fri Jun  6 03:51:00 CDT 2025: NextJS server is not running. Skipping scheduled reports check.
Fri Jun  6 03:52:00 CDT 2025: Running scheduled reports
Fri Jun  6 03:52:00 CDT 2025: Checking if NextJS server is running...
/Users/sim/Project2/scripts/../scripts/run-simple-scheduled-reports.sh: line 16: node: command not found
Fri Jun  6 03:52:00 CDT 2025: NextJS server is not running. Skipping scheduled reports check.
Fri Jun  6 03:53:01 CDT 2025: Checking if NextJS server is running...
Fri Jun  6 03:53:01 CDT 2025: Running scheduled reports
/Users/sim/Project2/scripts/../scripts/run-simple-scheduled-reports.sh: line 16: node: command not found
Fri Jun  6 03:53:01 CDT 2025: NextJS server is not running. Skipping scheduled reports check.
Fri Jun  6 03:54:00 CDT 2025: Checking if NextJS server is running...
Fri Jun  6 03:54:00 CDT 2025: Running scheduled reports
/Users/sim/Project2/scripts/../scripts/run-simple-scheduled-reports.sh: line 16: node: command not found
Fri Jun  6 03:54:00 CDT 2025: NextJS server is not running. Skipping scheduled reports check.
Fri Jun  6 03:55:00 CDT 2025: Running scheduled reports
Fri Jun  6 03:55:00 CDT 2025: Checking if NextJS server is running...
/Users/sim/Project2/scripts/../scripts/run-simple-scheduled-reports.sh: line 16: node: command not found
Fri Jun  6 03:55:00 CDT 2025: NextJS server is not running. Skipping scheduled reports check.
Fri Jun  6 03:56:00 CDT 2025: Checking if NextJS server is running...
Fri Jun  6 03:56:00 CDT 2025: Running scheduled reports
/Users/sim/Project2/scripts/../scripts/run-simple-scheduled-reports.sh: line 16: node: command not found
Fri Jun  6 03:56:00 CDT 2025: NextJS server is not running. Skipping scheduled reports check.
Fri Jun  6 03:57:00 CDT 2025: Checking if NextJS server is running...
Fri Jun  6 03:57:00 CDT 2025: Running scheduled reports
/Users/sim/Project2/scripts/../scripts/run-simple-scheduled-reports.sh: line 16: node: command not found
Fri Jun  6 03:57:00 CDT 2025: NextJS server is not running. Skipping scheduled reports check.
Fri Jun  6 03:58:00 CDT 2025: Running scheduled reports
Fri Jun  6 03:58:00 CDT 2025: Checking if NextJS server is running...
/Users/sim/Project2/scripts/../scripts/run-simple-scheduled-reports.sh: line 16: node: command not found
Fri Jun  6 03:58:01 CDT 2025: NextJS server is not running. Skipping scheduled reports check.
Fri Jun  6 03:59:00 CDT 2025: Checking if NextJS server is running...
Fri Jun  6 03:59:00 CDT 2025: Running scheduled reports
/Users/sim/Project2/scripts/../scripts/run-simple-scheduled-reports.sh: line 16: node: command not found
Fri Jun  6 03:59:00 CDT 2025: NextJS server is not running. Skipping scheduled reports check.
Fri Jun  6 04:00:00 CDT 2025: Running scheduled reports
Fri Jun  6 04:00:00 CDT 2025: Checking if NextJS server is running...
/Users/sim/Project2/scripts/../scripts/run-simple-scheduled-reports.sh: line 16: node: command not found
Fri Jun  6 04:00:00 CDT 2025: NextJS server is not running. Skipping scheduled reports check.
Fri Jun  6 04:01:00 CDT 2025: Running scheduled reports
Fri Jun  6 04:01:00 CDT 2025: Checking if NextJS server is running...
/Users/sim/Project2/scripts/../scripts/run-simple-scheduled-reports.sh: line 16: node: command not found
Fri Jun  6 04:01:00 CDT 2025: NextJS server is not running. Skipping scheduled reports check.
Fri Jun  6 04:02:01 CDT 2025: Checking if NextJS server is running...
Fri Jun  6 04:02:01 CDT 2025: Running scheduled reports
/Users/sim/Project2/scripts/../scripts/run-simple-scheduled-reports.sh: line 16: node: command not found
Fri Jun  6 04:02:01 CDT 2025: NextJS server is not running. Skipping scheduled reports check.
Fri Jun  6 04:03:00 CDT 2025: Running scheduled reports
Fri Jun  6 04:03:00 CDT 2025: Checking if NextJS server is running...
/Users/sim/Project2/scripts/../scripts/run-simple-scheduled-reports.sh: line 16: node: command not found
Fri Jun  6 04:03:00 CDT 2025: NextJS server is not running. Skipping scheduled reports check.
Fri Jun  6 04:04:00 CDT 2025: Checking if NextJS server is running...
Fri Jun  6 04:04:00 CDT 2025: Running scheduled reports
/Users/sim/Project2/scripts/../scripts/run-simple-scheduled-reports.sh: line 16: node: command not found
Fri Jun  6 04:04:00 CDT 2025: NextJS server is not running. Skipping scheduled reports check.
Fri Jun  6 04:05:01 CDT 2025: Checking if NextJS server is running...
Fri Jun  6 04:05:01 CDT 2025: Running scheduled reports
/Users/sim/Project2/scripts/../scripts/run-simple-scheduled-reports.sh: line 16: node: command not found
Fri Jun  6 04:05:01 CDT 2025: NextJS server is not running. Skipping scheduled reports check.
Fri Jun  6 04:06:00 CDT 2025: Running scheduled reports
Fri Jun  6 04:06:00 CDT 2025: Checking if NextJS server is running...
/Users/sim/Project2/scripts/../scripts/run-simple-scheduled-reports.sh: line 16: node: command not found
Fri Jun  6 04:06:00 CDT 2025: NextJS server is not running. Skipping scheduled reports check.
Fri Jun  6 04:07:00 CDT 2025: Running scheduled reports
Fri Jun  6 04:07:00 CDT 2025: Checking if NextJS server is running...
/Users/sim/Project2/scripts/../scripts/run-simple-scheduled-reports.sh: line 16: node: command not found
Fri Jun  6 04:07:00 CDT 2025: NextJS server is not running. Skipping scheduled reports check.
Fri Jun  6 04:08:00 CDT 2025: Running scheduled reports
Fri Jun  6 04:08:00 CDT 2025: Checking if NextJS server is running...
/Users/sim/Project2/scripts/../scripts/run-simple-scheduled-reports.sh: line 16: node: command not found
Fri Jun  6 04:08:00 CDT 2025: NextJS server is not running. Skipping scheduled reports check.
Fri Jun  6 04:09:00 CDT 2025: Checking if NextJS server is running...
Fri Jun  6 04:09:00 CDT 2025: Running scheduled reports
/Users/sim/Project2/scripts/../scripts/run-simple-scheduled-reports.sh: line 16: node: command not found
Fri Jun  6 04:09:00 CDT 2025: NextJS server is not running. Skipping scheduled reports check.
Fri Jun  6 04:10:00 CDT 2025: Checking if NextJS server is running...
Fri Jun  6 04:10:00 CDT 2025: Running scheduled reports
/Users/sim/Project2/scripts/../scripts/run-simple-scheduled-reports.sh: line 16: node: command not found
Fri Jun  6 04:10:00 CDT 2025: NextJS server is not running. Skipping scheduled reports check.
Fri Jun  6 04:11:01 CDT 2025: Running scheduled reports
Fri Jun  6 04:11:01 CDT 2025: Checking if NextJS server is running...
/Users/sim/Project2/scripts/../scripts/run-simple-scheduled-reports.sh: line 16: node: command not found
Fri Jun  6 04:11:01 CDT 2025: NextJS server is not running. Skipping scheduled reports check.
Fri Jun  6 04:12:00 CDT 2025: Running scheduled reports
Fri Jun  6 04:12:00 CDT 2025: Checking if NextJS server is running...
/Users/sim/Project2/scripts/../scripts/run-simple-scheduled-reports.sh: line 16: node: command not found
Fri Jun  6 04:12:00 CDT 2025: NextJS server is not running. Skipping scheduled reports check.
Fri Jun  6 04:13:00 CDT 2025: Running scheduled reports
Fri Jun  6 04:13:00 CDT 2025: Checking if NextJS server is running...
/Users/sim/Project2/scripts/../scripts/run-simple-scheduled-reports.sh: line 16: node: command not found
Fri Jun  6 04:13:00 CDT 2025: NextJS server is not running. Skipping scheduled reports check.
Fri Jun  6 04:14:00 CDT 2025: Running scheduled reports
Fri Jun  6 04:14:00 CDT 2025: Checking if NextJS server is running...
/Users/sim/Project2/scripts/../scripts/run-simple-scheduled-reports.sh: line 16: node: command not found
Fri Jun  6 04:14:00 CDT 2025: NextJS server is not running. Skipping scheduled reports check.
Fri Jun  6 04:15:00 CDT 2025: Running scheduled reports
Fri Jun  6 04:15:00 CDT 2025: Checking if NextJS server is running...
/Users/sim/Project2/scripts/../scripts/run-simple-scheduled-reports.sh: line 16: node: command not found
Fri Jun  6 04:15:00 CDT 2025: NextJS server is not running. Skipping scheduled reports check.
Fri Jun  6 04:16:00 CDT 2025: Checking if NextJS server is running...
Fri Jun  6 04:16:00 CDT 2025: Running scheduled reports
/Users/sim/Project2/scripts/../scripts/run-simple-scheduled-reports.sh: line 16: node: command not found
Fri Jun  6 04:16:00 CDT 2025: NextJS server is not running. Skipping scheduled reports check.
Fri Jun  6 04:17:01 CDT 2025: Running scheduled reports
Fri Jun  6 04:17:01 CDT 2025: Checking if NextJS server is running...
/Users/sim/Project2/scripts/../scripts/run-simple-scheduled-reports.sh: line 16: node: command not found
Fri Jun  6 04:17:01 CDT 2025: NextJS server is not running. Skipping scheduled reports check.
Fri Jun  6 04:18:00 CDT 2025: Running scheduled reports
Fri Jun  6 04:18:00 CDT 2025: Checking if NextJS server is running...
/Users/sim/Project2/scripts/../scripts/run-simple-scheduled-reports.sh: line 16: node: command not found
Fri Jun  6 04:18:00 CDT 2025: NextJS server is not running. Skipping scheduled reports check.
Fri Jun  6 04:19:00 CDT 2025: Running scheduled reports
Fri Jun  6 04:19:00 CDT 2025: Checking if NextJS server is running...
/Users/sim/Project2/scripts/../scripts/run-simple-scheduled-reports.sh: line 16: node: command not found
Fri Jun  6 04:19:00 CDT 2025: NextJS server is not running. Skipping scheduled reports check.
Fri Jun  6 04:20:00 CDT 2025: Checking if NextJS server is running...
Fri Jun  6 04:20:00 CDT 2025: Running scheduled reports
/Users/sim/Project2/scripts/../scripts/run-simple-scheduled-reports.sh: line 16: node: command not found
Fri Jun  6 04:20:00 CDT 2025: NextJS server is not running. Skipping scheduled reports check.
Fri Jun  6 04:21:00 CDT 2025: Checking if NextJS server is running...
Fri Jun  6 04:21:00 CDT 2025: Running scheduled reports
/Users/sim/Project2/scripts/../scripts/run-simple-scheduled-reports.sh: line 16: node: command not found
Fri Jun  6 04:21:01 CDT 2025: NextJS server is not running. Skipping scheduled reports check.
Fri Jun  6 04:22:01 CDT 2025: Running scheduled reports
Fri Jun  6 04:22:01 CDT 2025: Checking if NextJS server is running...
/Users/sim/Project2/scripts/../scripts/run-simple-scheduled-reports.sh: line 16: node: command not found
Fri Jun  6 04:22:01 CDT 2025: NextJS server is not running. Skipping scheduled reports check.
Fri Jun  6 04:23:00 CDT 2025: Checking if NextJS server is running...
Fri Jun  6 04:23:00 CDT 2025: Running scheduled reports
/Users/sim/Project2/scripts/../scripts/run-simple-scheduled-reports.sh: line 16: node: command not found
Fri Jun  6 04:23:00 CDT 2025: NextJS server is not running. Skipping scheduled reports check.
Fri Jun  6 04:24:00 CDT 2025: Running scheduled reports
Fri Jun  6 04:24:00 CDT 2025: Checking if NextJS server is running...
/Users/sim/Project2/scripts/../scripts/run-simple-scheduled-reports.sh: line 16: node: command not found
Fri Jun  6 04:24:00 CDT 2025: NextJS server is not running. Skipping scheduled reports check.
Fri Jun  6 04:25:00 CDT 2025: Running scheduled reports
Fri Jun  6 04:25:00 CDT 2025: Checking if NextJS server is running...
/Users/sim/Project2/scripts/../scripts/run-simple-scheduled-reports.sh: line 16: node: command not found
Fri Jun  6 04:25:00 CDT 2025: NextJS server is not running. Skipping scheduled reports check.
Fri Jun  6 04:26:00 CDT 2025: Running scheduled reports
Fri Jun  6 04:26:00 CDT 2025: Checking if NextJS server is running...
/Users/sim/Project2/scripts/../scripts/run-simple-scheduled-reports.sh: line 16: node: command not found
Fri Jun  6 04:26:00 CDT 2025: NextJS server is not running. Skipping scheduled reports check.
Fri Jun  6 04:27:00 CDT 2025: Checking if NextJS server is running...
Fri Jun  6 04:27:00 CDT 2025: Running scheduled reports
/Users/sim/Project2/scripts/../scripts/run-simple-scheduled-reports.sh: line 16: node: command not found
Fri Jun  6 04:27:00 CDT 2025: NextJS server is not running. Skipping scheduled reports check.
Fri Jun  6 04:28:00 CDT 2025: Checking if NextJS server is running...
Fri Jun  6 04:28:00 CDT 2025: Running scheduled reports
/Users/sim/Project2/scripts/../scripts/run-simple-scheduled-reports.sh: line 16: node: command not found
Fri Jun  6 04:28:00 CDT 2025: NextJS server is not running. Skipping scheduled reports check.
Fri Jun  6 04:29:01 CDT 2025: Checking if NextJS server is running...
Fri Jun  6 04:29:01 CDT 2025: Running scheduled reports
/Users/sim/Project2/scripts/../scripts/run-simple-scheduled-reports.sh: line 16: node: command not found
Fri Jun  6 04:29:01 CDT 2025: NextJS server is not running. Skipping scheduled reports check.
Fri Jun  6 04:30:00 CDT 2025: Running scheduled reports
Fri Jun  6 04:30:00 CDT 2025: Checking if NextJS server is running...
/Users/sim/Project2/scripts/../scripts/run-simple-scheduled-reports.sh: line 16: node: command not found
Fri Jun  6 04:30:00 CDT 2025: NextJS server is not running. Skipping scheduled reports check.
Fri Jun  6 04:31:00 CDT 2025: Checking if NextJS server is running...
Fri Jun  6 04:31:00 CDT 2025: Running scheduled reports
/Users/sim/Project2/scripts/../scripts/run-simple-scheduled-reports.sh: line 16: node: command not found
Fri Jun  6 04:31:00 CDT 2025: NextJS server is not running. Skipping scheduled reports check.
Fri Jun  6 04:32:00 CDT 2025: Running scheduled reports
Fri Jun  6 04:32:00 CDT 2025: Checking if NextJS server is running...
/Users/sim/Project2/scripts/../scripts/run-simple-scheduled-reports.sh: line 16: node: command not found
Fri Jun  6 04:32:00 CDT 2025: NextJS server is not running. Skipping scheduled reports check.
Fri Jun  6 04:33:00 CDT 2025: Checking if NextJS server is running...
Fri Jun  6 04:33:00 CDT 2025: Running scheduled reports
/Users/sim/Project2/scripts/../scripts/run-simple-scheduled-reports.sh: line 16: node: command not found
Fri Jun  6 04:33:00 CDT 2025: NextJS server is not running. Skipping scheduled reports check.
Fri Jun  6 04:34:00 CDT 2025: Checking if NextJS server is running...
Fri Jun  6 04:34:00 CDT 2025: Running scheduled reports
/Users/sim/Project2/scripts/../scripts/run-simple-scheduled-reports.sh: line 16: node: command not found
Fri Jun  6 04:34:00 CDT 2025: NextJS server is not running. Skipping scheduled reports check.
Fri Jun  6 04:35:01 CDT 2025: Checking if NextJS server is running...
Fri Jun  6 04:35:01 CDT 2025: Running scheduled reports
/Users/sim/Project2/scripts/../scripts/run-simple-scheduled-reports.sh: line 16: node: command not found
Fri Jun  6 04:35:01 CDT 2025: NextJS server is not running. Skipping scheduled reports check.
Fri Jun  6 04:36:00 CDT 2025: Running scheduled reports
Fri Jun  6 04:36:00 CDT 2025: Checking if NextJS server is running...
/Users/sim/Project2/scripts/../scripts/run-simple-scheduled-reports.sh: line 16: node: command not found
Fri Jun  6 04:36:00 CDT 2025: NextJS server is not running. Skipping scheduled reports check.
Fri Jun  6 04:37:00 CDT 2025: Running scheduled reports
Fri Jun  6 04:37:00 CDT 2025: Checking if NextJS server is running...
/Users/sim/Project2/scripts/../scripts/run-simple-scheduled-reports.sh: line 16: node: command not found
Fri Jun  6 04:37:00 CDT 2025: NextJS server is not running. Skipping scheduled reports check.
Fri Jun  6 04:38:00 CDT 2025: Checking if NextJS server is running...
Fri Jun  6 04:38:00 CDT 2025: Running scheduled reports
/Users/sim/Project2/scripts/../scripts/run-simple-scheduled-reports.sh: line 16: node: command not found
Fri Jun  6 04:38:00 CDT 2025: NextJS server is not running. Skipping scheduled reports check.
Fri Jun  6 04:39:00 CDT 2025: Running scheduled reports
Fri Jun  6 04:39:00 CDT 2025: Checking if NextJS server is running...
/Users/sim/Project2/scripts/../scripts/run-simple-scheduled-reports.sh: line 16: node: command not found
Fri Jun  6 04:39:00 CDT 2025: NextJS server is not running. Skipping scheduled reports check.
Fri Jun  6 04:40:00 CDT 2025: Running scheduled reports
Fri Jun  6 04:40:00 CDT 2025: Checking if NextJS server is running...
/Users/sim/Project2/scripts/../scripts/run-simple-scheduled-reports.sh: line 16: node: command not found
Fri Jun  6 04:40:00 CDT 2025: NextJS server is not running. Skipping scheduled reports check.
Fri Jun  6 04:41:01 CDT 2025: Running scheduled reports
Fri Jun  6 04:41:01 CDT 2025: Checking if NextJS server is running...
/Users/sim/Project2/scripts/../scripts/run-simple-scheduled-reports.sh: line 16: node: command not found
Fri Jun  6 04:41:01 CDT 2025: NextJS server is not running. Skipping scheduled reports check.
Fri Jun  6 04:42:00 CDT 2025: Checking if NextJS server is running...
Fri Jun  6 04:42:00 CDT 2025: Running scheduled reports
/Users/sim/Project2/scripts/../scripts/run-simple-scheduled-reports.sh: line 16: node: command not found
Fri Jun  6 04:42:00 CDT 2025: NextJS server is not running. Skipping scheduled reports check.
Fri Jun  6 04:43:00 CDT 2025: Checking if NextJS server is running...
Fri Jun  6 04:43:00 CDT 2025: Running scheduled reports
/Users/sim/Project2/scripts/../scripts/run-simple-scheduled-reports.sh: line 16: node: command not found
Fri Jun  6 04:43:00 CDT 2025: NextJS server is not running. Skipping scheduled reports check.
Fri Jun  6 04:44:00 CDT 2025: Running scheduled reports
Fri Jun  6 04:44:00 CDT 2025: Checking if NextJS server is running...
/Users/sim/Project2/scripts/../scripts/run-simple-scheduled-reports.sh: line 16: node: command not found
Fri Jun  6 04:44:00 CDT 2025: NextJS server is not running. Skipping scheduled reports check.
Fri Jun  6 04:45:00 CDT 2025: Running scheduled reports
Fri Jun  6 04:45:00 CDT 2025: Checking if NextJS server is running...
/Users/sim/Project2/scripts/../scripts/run-simple-scheduled-reports.sh: line 16: node: command not found
Fri Jun  6 04:45:00 CDT 2025: NextJS server is not running. Skipping scheduled reports check.
Fri Jun  6 04:46:00 CDT 2025: Checking if NextJS server is running...
Fri Jun  6 04:46:00 CDT 2025: Running scheduled reports
/Users/sim/Project2/scripts/../scripts/run-simple-scheduled-reports.sh: line 16: node: command not found
Fri Jun  6 04:46:01 CDT 2025: NextJS server is not running. Skipping scheduled reports check.
Fri Jun  6 04:47:00 CDT 2025: Checking if NextJS server is running...
Fri Jun  6 04:47:00 CDT 2025: Running scheduled reports
/Users/sim/Project2/scripts/../scripts/run-simple-scheduled-reports.sh: line 16: node: command not found
Fri Jun  6 04:47:00 CDT 2025: NextJS server is not running. Skipping scheduled reports check.
Fri Jun  6 04:48:00 CDT 2025: Running scheduled reports
Fri Jun  6 04:48:00 CDT 2025: Checking if NextJS server is running...
/Users/sim/Project2/scripts/../scripts/run-simple-scheduled-reports.sh: line 16: node: command not found
Fri Jun  6 04:48:00 CDT 2025: NextJS server is not running. Skipping scheduled reports check.
Fri Jun  6 04:49:00 CDT 2025: Running scheduled reports
Fri Jun  6 04:49:00 CDT 2025: Checking if NextJS server is running...
/Users/sim/Project2/scripts/../scripts/run-simple-scheduled-reports.sh: line 16: node: command not found
Fri Jun  6 04:49:00 CDT 2025: NextJS server is not running. Skipping scheduled reports check.
Fri Jun  6 04:50:00 CDT 2025: Checking if NextJS server is running...
Fri Jun  6 04:50:00 CDT 2025: Running scheduled reports
/Users/sim/Project2/scripts/../scripts/run-simple-scheduled-reports.sh: line 16: node: command not found
Fri Jun  6 04:50:00 CDT 2025: NextJS server is not running. Skipping scheduled reports check.
Fri Jun  6 04:51:00 CDT 2025: Checking if NextJS server is running...
Fri Jun  6 04:51:00 CDT 2025: Running scheduled reports
/Users/sim/Project2/scripts/../scripts/run-simple-scheduled-reports.sh: line 16: node: command not found
Fri Jun  6 04:51:00 CDT 2025: NextJS server is not running. Skipping scheduled reports check.
Fri Jun  6 04:52:01 CDT 2025: Checking if NextJS server is running...
Fri Jun  6 04:52:01 CDT 2025: Running scheduled reports
/Users/sim/Project2/scripts/../scripts/run-simple-scheduled-reports.sh: line 16: node: command not found
Fri Jun  6 04:52:01 CDT 2025: NextJS server is not running. Skipping scheduled reports check.
Fri Jun  6 04:53:00 CDT 2025: Checking if NextJS server is running...
Fri Jun  6 04:53:00 CDT 2025: Running scheduled reports
/Users/sim/Project2/scripts/../scripts/run-simple-scheduled-reports.sh: line 16: node: command not found
Fri Jun  6 04:53:00 CDT 2025: NextJS server is not running. Skipping scheduled reports check.
Fri Jun  6 04:54:00 CDT 2025: Running scheduled reports
Fri Jun  6 04:54:00 CDT 2025: Checking if NextJS server is running...
/Users/sim/Project2/scripts/../scripts/run-simple-scheduled-reports.sh: line 16: node: command not found
Fri Jun  6 04:54:00 CDT 2025: NextJS server is not running. Skipping scheduled reports check.
Fri Jun  6 04:55:00 CDT 2025: Running scheduled reports
Fri Jun  6 04:55:00 CDT 2025: Checking if NextJS server is running...
/Users/sim/Project2/scripts/../scripts/run-simple-scheduled-reports.sh: line 16: node: command not found
Fri Jun  6 04:55:00 CDT 2025: NextJS server is not running. Skipping scheduled reports check.
Fri Jun  6 04:56:00 CDT 2025: Checking if NextJS server is running...
Fri Jun  6 04:56:00 CDT 2025: Running scheduled reports
/Users/sim/Project2/scripts/../scripts/run-simple-scheduled-reports.sh: line 16: node: command not found
Fri Jun  6 04:56:00 CDT 2025: NextJS server is not running. Skipping scheduled reports check.
Fri Jun  6 04:57:01 CDT 2025: Checking if NextJS server is running...
Fri Jun  6 04:57:01 CDT 2025: Running scheduled reports
/Users/sim/Project2/scripts/../scripts/run-simple-scheduled-reports.sh: line 16: node: command not found
Fri Jun  6 04:57:01 CDT 2025: NextJS server is not running. Skipping scheduled reports check.
Fri Jun  6 04:58:00 CDT 2025: Running scheduled reports
Fri Jun  6 04:58:00 CDT 2025: Checking if NextJS server is running...
/Users/sim/Project2/scripts/../scripts/run-simple-scheduled-reports.sh: line 16: node: command not found
Fri Jun  6 04:58:00 CDT 2025: NextJS server is not running. Skipping scheduled reports check.
Fri Jun  6 04:59:00 CDT 2025: Checking if NextJS server is running...
Fri Jun  6 04:59:00 CDT 2025: Running scheduled reports
/Users/sim/Project2/scripts/../scripts/run-simple-scheduled-reports.sh: line 16: node: command not found
Fri Jun  6 04:59:00 CDT 2025: NextJS server is not running. Skipping scheduled reports check.
Fri Jun  6 05:00:00 CDT 2025: Running scheduled reports
Fri Jun  6 05:00:00 CDT 2025: Checking if NextJS server is running...
/Users/sim/Project2/scripts/../scripts/run-simple-scheduled-reports.sh: line 16: node: command not found
Fri Jun  6 05:00:00 CDT 2025: NextJS server is not running. Skipping scheduled reports check.
Fri Jun  6 05:01:00 CDT 2025: Running scheduled reports
Fri Jun  6 05:01:00 CDT 2025: Checking if NextJS server is running...
/Users/sim/Project2/scripts/../scripts/run-simple-scheduled-reports.sh: line 16: node: command not found
Fri Jun  6 05:01:00 CDT 2025: NextJS server is not running. Skipping scheduled reports check.
Fri Jun  6 05:02:00 CDT 2025: Running scheduled reports
Fri Jun  6 05:02:00 CDT 2025: Checking if NextJS server is running...
/Users/sim/Project2/scripts/../scripts/run-simple-scheduled-reports.sh: line 16: node: command not found
Fri Jun  6 05:02:01 CDT 2025: NextJS server is not running. Skipping scheduled reports check.
Fri Jun  6 05:03:00 CDT 2025: Checking if NextJS server is running...
Fri Jun  6 05:03:00 CDT 2025: Running scheduled reports
/Users/sim/Project2/scripts/../scripts/run-simple-scheduled-reports.sh: line 16: node: command not found
Fri Jun  6 05:03:00 CDT 2025: NextJS server is not running. Skipping scheduled reports check.
Fri Jun  6 05:04:00 CDT 2025: Checking if NextJS server is running...
Fri Jun  6 05:04:00 CDT 2025: Running scheduled reports
/Users/sim/Project2/scripts/../scripts/run-simple-scheduled-reports.sh: line 16: node: command not found
Fri Jun  6 05:04:00 CDT 2025: NextJS server is not running. Skipping scheduled reports check.
Fri Jun  6 05:05:00 CDT 2025: Checking if NextJS server is running...
Fri Jun  6 05:05:00 CDT 2025: Running scheduled reports
/Users/sim/Project2/scripts/../scripts/run-simple-scheduled-reports.sh: line 16: node: command not found
Fri Jun  6 05:05:00 CDT 2025: NextJS server is not running. Skipping scheduled reports check.
Fri Jun  6 05:06:00 CDT 2025: Running scheduled reports
Fri Jun  6 05:06:00 CDT 2025: Checking if NextJS server is running...
/Users/sim/Project2/scripts/../scripts/run-simple-scheduled-reports.sh: line 16: node: command not found
Fri Jun  6 05:06:00 CDT 2025: NextJS server is not running. Skipping scheduled reports check.
Fri Jun  6 05:07:01 CDT 2025: Checking if NextJS server is running...
Fri Jun  6 05:07:01 CDT 2025: Running scheduled reports
/Users/sim/Project2/scripts/../scripts/run-simple-scheduled-reports.sh: line 16: node: command not found
Fri Jun  6 05:07:01 CDT 2025: NextJS server is not running. Skipping scheduled reports check.
Fri Jun  6 05:08:00 CDT 2025: Running scheduled reports
Fri Jun  6 05:08:00 CDT 2025: Checking if NextJS server is running...
/Users/sim/Project2/scripts/../scripts/run-simple-scheduled-reports.sh: line 16: node: command not found
Fri Jun  6 05:08:00 CDT 2025: NextJS server is not running. Skipping scheduled reports check.
Fri Jun  6 05:09:03 CDT 2025: Checking if NextJS server is running...
Fri Jun  6 05:09:03 CDT 2025: Running scheduled reports
/Users/sim/Project2/scripts/../scripts/run-simple-scheduled-reports.sh: line 16: node: command not found
Fri Jun  6 05:09:03 CDT 2025: NextJS server is not running. Skipping scheduled reports check.
Fri Jun  6 05:10:05 CDT 2025: Running scheduled reports
/Users/sim/Project2/scripts/../scripts/run-simple-scheduled-reports.sh: line 16: node: command not found
Fri Jun  6 05:10:05 CDT 2025: Checking if NextJS server is running...
Fri Jun  6 05:10:05 CDT 2025: NextJS server is not running. Skipping scheduled reports check.
Fri Jun  6 05:11:01 CDT 2025: Checking if NextJS server is running...
Fri Jun  6 05:11:01 CDT 2025: Running scheduled reports
/Users/sim/Project2/scripts/../scripts/run-simple-scheduled-reports.sh: line 16: node: command not found
Fri Jun  6 05:11:01 CDT 2025: NextJS server is not running. Skipping scheduled reports check.
Fri Jun  6 05:12:00 CDT 2025: Checking if NextJS server is running...
Fri Jun  6 05:12:00 CDT 2025: Running scheduled reports
/Users/sim/Project2/scripts/../scripts/run-simple-scheduled-reports.sh: line 16: node: command not found
Fri Jun  6 05:12:00 CDT 2025: NextJS server is not running. Skipping scheduled reports check.
Fri Jun  6 05:13:00 CDT 2025: Running scheduled reports
Fri Jun  6 05:13:00 CDT 2025: Checking if NextJS server is running...
/Users/sim/Project2/scripts/../scripts/run-simple-scheduled-reports.sh: line 16: node: command not found
Fri Jun  6 05:13:00 CDT 2025: NextJS server is not running. Skipping scheduled reports check.
Fri Jun  6 05:14:00 CDT 2025: Checking if NextJS server is running...
Fri Jun  6 05:14:00 CDT 2025: Running scheduled reports
/Users/sim/Project2/scripts/../scripts/run-simple-scheduled-reports.sh: line 16: node: command not found
Fri Jun  6 05:14:00 CDT 2025: NextJS server is not running. Skipping scheduled reports check.
Fri Jun  6 05:15:01 CDT 2025: Running scheduled reports
Fri Jun  6 05:15:01 CDT 2025: Checking if NextJS server is running...
/Users/sim/Project2/scripts/../scripts/run-simple-scheduled-reports.sh: line 16: node: command not found
Fri Jun  6 05:15:01 CDT 2025: NextJS server is not running. Skipping scheduled reports check.
Fri Jun  6 05:16:01 CDT 2025: Running scheduled reports
Fri Jun  6 05:16:01 CDT 2025: Checking if NextJS server is running...
/Users/sim/Project2/scripts/../scripts/run-simple-scheduled-reports.sh: line 16: node: command not found
Fri Jun  6 05:16:01 CDT 2025: NextJS server is not running. Skipping scheduled reports check.
Fri Jun  6 05:17:01 CDT 2025: Running scheduled reports
Fri Jun  6 05:17:01 CDT 2025: Checking if NextJS server is running...
/Users/sim/Project2/scripts/../scripts/run-simple-scheduled-reports.sh: line 16: node: command not found
Fri Jun  6 05:17:01 CDT 2025: NextJS server is not running. Skipping scheduled reports check.
Fri Jun  6 05:18:02 CDT 2025: Checking if NextJS server is running...
Fri Jun  6 05:18:02 CDT 2025: Running scheduled reports
/Users/sim/Project2/scripts/../scripts/run-simple-scheduled-reports.sh: line 16: node: command not found
Fri Jun  6 05:18:02 CDT 2025: NextJS server is not running. Skipping scheduled reports check.
Fri Jun  6 05:19:01 CDT 2025: Running scheduled reports
Fri Jun  6 05:19:01 CDT 2025: Checking if NextJS server is running...
/Users/sim/Project2/scripts/../scripts/run-simple-scheduled-reports.sh: line 16: node: command not found
Fri Jun  6 05:19:01 CDT 2025: NextJS server is not running. Skipping scheduled reports check.
Fri Jun  6 05:20:01 CDT 2025: Running scheduled reports
Fri Jun  6 05:20:01 CDT 2025: Checking if NextJS server is running...
/Users/sim/Project2/scripts/../scripts/run-simple-scheduled-reports.sh: line 16: node: command not found
Fri Jun  6 05:20:01 CDT 2025: NextJS server is not running. Skipping scheduled reports check.
Fri Jun  6 05:21:01 CDT 2025: Running scheduled reports
Fri Jun  6 05:21:01 CDT 2025: Checking if NextJS server is running...
/Users/sim/Project2/scripts/../scripts/run-simple-scheduled-reports.sh: line 16: node: command not found
Fri Jun  6 05:21:02 CDT 2025: NextJS server is not running. Skipping scheduled reports check.
Fri Jun  6 05:22:00 CDT 2025: Running scheduled reports
Fri Jun  6 05:22:00 CDT 2025: Checking if NextJS server is running...
/Users/sim/Project2/scripts/../scripts/run-simple-scheduled-reports.sh: line 16: node: command not found
Fri Jun  6 05:22:00 CDT 2025: NextJS server is not running. Skipping scheduled reports check.
Fri Jun  6 05:23:00 CDT 2025: Running scheduled reports
Fri Jun  6 05:23:00 CDT 2025: Checking if NextJS server is running...
/Users/sim/Project2/scripts/../scripts/run-simple-scheduled-reports.sh: line 16: node: command not found
Fri Jun  6 05:23:00 CDT 2025: NextJS server is not running. Skipping scheduled reports check.
Fri Jun  6 05:24:00 CDT 2025: Checking if NextJS server is running...
Fri Jun  6 05:24:00 CDT 2025: Running scheduled reports
/Users/sim/Project2/scripts/../scripts/run-simple-scheduled-reports.sh: line 16: node: command not found
Fri Jun  6 05:24:00 CDT 2025: NextJS server is not running. Skipping scheduled reports check.
Fri Jun  6 05:25:01 CDT 2025: Checking if NextJS server is running...
Fri Jun  6 05:25:01 CDT 2025: Running scheduled reports
/Users/sim/Project2/scripts/../scripts/run-simple-scheduled-reports.sh: line 16: node: command not found
Fri Jun  6 05:25:01 CDT 2025: NextJS server is not running. Skipping scheduled reports check.
Fri Jun  6 05:26:00 CDT 2025: Checking if NextJS server is running...
Fri Jun  6 05:26:00 CDT 2025: Running scheduled reports
/Users/sim/Project2/scripts/../scripts/run-simple-scheduled-reports.sh: line 16: node: command not found
Fri Jun  6 05:26:00 CDT 2025: NextJS server is not running. Skipping scheduled reports check.
Fri Jun  6 05:27:00 CDT 2025: Checking if NextJS server is running...
Fri Jun  6 05:27:00 CDT 2025: Running scheduled reports
/Users/sim/Project2/scripts/../scripts/run-simple-scheduled-reports.sh: line 16: node: command not found
Fri Jun  6 05:27:00 CDT 2025: NextJS server is not running. Skipping scheduled reports check.
Fri Jun  6 05:28:00 CDT 2025: Running scheduled reports
Fri Jun  6 05:28:00 CDT 2025: Checking if NextJS server is running...
/Users/sim/Project2/scripts/../scripts/run-simple-scheduled-reports.sh: line 16: node: command not found
Fri Jun  6 05:28:00 CDT 2025: NextJS server is not running. Skipping scheduled reports check.
Fri Jun  6 05:29:01 CDT 2025: Running scheduled reports
Fri Jun  6 05:29:01 CDT 2025: Checking if NextJS server is running...
/Users/sim/Project2/scripts/../scripts/run-simple-scheduled-reports.sh: line 16: node: command not found
Fri Jun  6 05:29:01 CDT 2025: NextJS server is not running. Skipping scheduled reports check.
Fri Jun  6 05:30:00 CDT 2025: Checking if NextJS server is running...
Fri Jun  6 05:30:00 CDT 2025: Running scheduled reports
/Users/sim/Project2/scripts/../scripts/run-simple-scheduled-reports.sh: line 16: node: command not found
Fri Jun  6 05:30:00 CDT 2025: NextJS server is not running. Skipping scheduled reports check.
Fri Jun  6 05:31:00 CDT 2025: Checking if NextJS server is running...
Fri Jun  6 05:31:00 CDT 2025: Running scheduled reports
/Users/sim/Project2/scripts/../scripts/run-simple-scheduled-reports.sh: line 16: node: command not found
Fri Jun  6 05:31:00 CDT 2025: NextJS server is not running. Skipping scheduled reports check.
Fri Jun  6 05:32:00 CDT 2025: Checking if NextJS server is running...
Fri Jun  6 05:32:00 CDT 2025: Running scheduled reports
/Users/sim/Project2/scripts/../scripts/run-simple-scheduled-reports.sh: line 16: node: command not found
Fri Jun  6 05:32:00 CDT 2025: NextJS server is not running. Skipping scheduled reports check.
Fri Jun  6 05:33:01 CDT 2025: Checking if NextJS server is running...
Fri Jun  6 05:33:01 CDT 2025: Running scheduled reports
/Users/sim/Project2/scripts/../scripts/run-simple-scheduled-reports.sh: line 16: node: command not found
Fri Jun  6 05:33:01 CDT 2025: NextJS server is not running. Skipping scheduled reports check.
Fri Jun  6 05:38:59 CDT 2025: Running scheduled reports
Fri Jun  6 05:38:59 CDT 2025: Checking if NextJS server is running...
/Users/sim/Project2/scripts/../scripts/run-simple-scheduled-reports.sh: line 16: node: command not found
Fri Jun  6 05:38:59 CDT 2025: NextJS server is not running. Skipping scheduled reports check.
Fri Jun  6 05:39:00 CDT 2025: Running scheduled reports
Fri Jun  6 05:39:00 CDT 2025: Checking if NextJS server is running...
/Users/sim/Project2/scripts/../scripts/run-simple-scheduled-reports.sh: line 16: node: command not found
Fri Jun  6 05:39:00 CDT 2025: NextJS server is not running. Skipping scheduled reports check.
Fri Jun  6 05:40:01 CDT 2025: Checking if NextJS server is running...
Fri Jun  6 05:40:01 CDT 2025: Running scheduled reports
/Users/sim/Project2/scripts/../scripts/run-simple-scheduled-reports.sh: line 16: node: command not found
Fri Jun  6 05:40:01 CDT 2025: NextJS server is not running. Skipping scheduled reports check.
Fri Jun  6 05:41:00 CDT 2025: Running scheduled reports
Fri Jun  6 05:41:00 CDT 2025: Checking if NextJS server is running...
/Users/sim/Project2/scripts/../scripts/run-simple-scheduled-reports.sh: line 16: node: command not found
Fri Jun  6 05:41:00 CDT 2025: NextJS server is not running. Skipping scheduled reports check.
Fri Jun  6 05:42:00 CDT 2025: Running scheduled reports
Fri Jun  6 05:42:00 CDT 2025: Checking if NextJS server is running...
/Users/sim/Project2/scripts/../scripts/run-simple-scheduled-reports.sh: line 16: node: command not found
Fri Jun  6 05:42:00 CDT 2025: NextJS server is not running. Skipping scheduled reports check.
Fri Jun  6 05:43:01 CDT 2025: Running scheduled reports
Fri Jun  6 05:43:01 CDT 2025: Checking if NextJS server is running...
/Users/sim/Project2/scripts/../scripts/run-simple-scheduled-reports.sh: line 16: node: command not found
Fri Jun  6 05:43:01 CDT 2025: NextJS server is not running. Skipping scheduled reports check.
Fri Jun  6 05:44:00 CDT 2025: Checking if NextJS server is running...
Fri Jun  6 05:44:00 CDT 2025: Running scheduled reports
/Users/sim/Project2/scripts/../scripts/run-simple-scheduled-reports.sh: line 16: node: command not found
Fri Jun  6 05:44:00 CDT 2025: NextJS server is not running. Skipping scheduled reports check.
Fri Jun  6 05:45:00 CDT 2025: Checking if NextJS server is running...
Fri Jun  6 05:45:00 CDT 2025: Running scheduled reports
/Users/sim/Project2/scripts/../scripts/run-simple-scheduled-reports.sh: line 16: node: command not found
Fri Jun  6 05:45:00 CDT 2025: NextJS server is not running. Skipping scheduled reports check.
Fri Jun  6 05:46:00 CDT 2025: Running scheduled reports
Fri Jun  6 05:46:00 CDT 2025: Checking if NextJS server is running...
/Users/sim/Project2/scripts/../scripts/run-simple-scheduled-reports.sh: line 16: node: command not found
Fri Jun  6 05:46:00 CDT 2025: NextJS server is not running. Skipping scheduled reports check.
Fri Jun  6 05:47:01 CDT 2025: Running scheduled reports
Fri Jun  6 05:47:01 CDT 2025: Checking if NextJS server is running...
/Users/sim/Project2/scripts/../scripts/run-simple-scheduled-reports.sh: line 16: node: command not found
Fri Jun  6 05:47:01 CDT 2025: NextJS server is not running. Skipping scheduled reports check.
Fri Jun  6 05:48:00 CDT 2025: Running scheduled reports
Fri Jun  6 05:48:00 CDT 2025: Checking if NextJS server is running...
/Users/sim/Project2/scripts/../scripts/run-simple-scheduled-reports.sh: line 16: node: command not found
Fri Jun  6 05:48:00 CDT 2025: NextJS server is not running. Skipping scheduled reports check.
Fri Jun  6 05:49:00 CDT 2025: Running scheduled reports
Fri Jun  6 05:49:00 CDT 2025: Checking if NextJS server is running...
/Users/sim/Project2/scripts/../scripts/run-simple-scheduled-reports.sh: line 16: node: command not found
Fri Jun  6 05:49:00 CDT 2025: NextJS server is not running. Skipping scheduled reports check.
Fri Jun  6 05:50:00 CDT 2025: Running scheduled reports
Fri Jun  6 05:50:00 CDT 2025: Checking if NextJS server is running...
/Users/sim/Project2/scripts/../scripts/run-simple-scheduled-reports.sh: line 16: node: command not found
Fri Jun  6 05:50:00 CDT 2025: NextJS server is not running. Skipping scheduled reports check.
Fri Jun  6 05:51:01 CDT 2025: Running scheduled reports
Fri Jun  6 05:51:01 CDT 2025: Checking if NextJS server is running...
/Users/sim/Project2/scripts/../scripts/run-simple-scheduled-reports.sh: line 16: node: command not found
Fri Jun  6 05:51:01 CDT 2025: NextJS server is not running. Skipping scheduled reports check.
Fri Jun  6 05:52:00 CDT 2025: Checking if NextJS server is running...
Fri Jun  6 05:52:00 CDT 2025: Running scheduled reports
/Users/sim/Project2/scripts/../scripts/run-simple-scheduled-reports.sh: line 16: node: command not found
Fri Jun  6 05:52:00 CDT 2025: NextJS server is not running. Skipping scheduled reports check.
Fri Jun  6 05:53:00 CDT 2025: Checking if NextJS server is running...
Fri Jun  6 05:53:00 CDT 2025: Running scheduled reports
/Users/sim/Project2/scripts/../scripts/run-simple-scheduled-reports.sh: line 16: node: command not found
Fri Jun  6 05:53:00 CDT 2025: NextJS server is not running. Skipping scheduled reports check.
Fri Jun  6 05:54:00 CDT 2025: Checking if NextJS server is running...
Fri Jun  6 05:54:00 CDT 2025: Running scheduled reports
/Users/sim/Project2/scripts/../scripts/run-simple-scheduled-reports.sh: line 16: node: command not found
Fri Jun  6 05:54:00 CDT 2025: NextJS server is not running. Skipping scheduled reports check.
Fri Jun  6 05:55:00 CDT 2025: Running scheduled reports
Fri Jun  6 05:55:00 CDT 2025: Checking if NextJS server is running...
/Users/sim/Project2/scripts/../scripts/run-simple-scheduled-reports.sh: line 16: node: command not found
Fri Jun  6 05:55:01 CDT 2025: NextJS server is not running. Skipping scheduled reports check.
Fri Jun  6 05:56:00 CDT 2025: Checking if NextJS server is running...
Fri Jun  6 05:56:00 CDT 2025: Running scheduled reports
/Users/sim/Project2/scripts/../scripts/run-simple-scheduled-reports.sh: line 16: node: command not found
Fri Jun  6 05:56:00 CDT 2025: NextJS server is not running. Skipping scheduled reports check.
Fri Jun  6 05:57:00 CDT 2025: Running scheduled reports
Fri Jun  6 05:57:00 CDT 2025: Checking if NextJS server is running...
/Users/sim/Project2/scripts/../scripts/run-simple-scheduled-reports.sh: line 16: node: command not found
Fri Jun  6 05:57:00 CDT 2025: NextJS server is not running. Skipping scheduled reports check.
Fri Jun  6 05:58:00 CDT 2025: Running scheduled reports
Fri Jun  6 05:58:00 CDT 2025: Checking if NextJS server is running...
/Users/sim/Project2/scripts/../scripts/run-simple-scheduled-reports.sh: line 16: node: command not found
Fri Jun  6 05:58:00 CDT 2025: NextJS server is not running. Skipping scheduled reports check.
Fri Jun  6 05:59:00 CDT 2025: Checking if NextJS server is running...
Fri Jun  6 05:59:00 CDT 2025: Running scheduled reports
/Users/sim/Project2/scripts/../scripts/run-simple-scheduled-reports.sh: line 16: node: command not found
Fri Jun  6 05:59:00 CDT 2025: NextJS server is not running. Skipping scheduled reports check.
Fri Jun  6 06:00:01 CDT 2025: Running scheduled reports
Fri Jun  6 06:00:01 CDT 2025: Checking if NextJS server is running...
/Users/sim/Project2/scripts/../scripts/run-simple-scheduled-reports.sh: line 16: node: command not found
Fri Jun  6 06:00:01 CDT 2025: NextJS server is not running. Skipping scheduled reports check.
Fri Jun  6 06:01:00 CDT 2025: Running scheduled reports
Fri Jun  6 06:01:00 CDT 2025: Checking if NextJS server is running...
/Users/sim/Project2/scripts/../scripts/run-simple-scheduled-reports.sh: line 16: node: command not found
Fri Jun  6 06:01:00 CDT 2025: NextJS server is not running. Skipping scheduled reports check.
Fri Jun  6 06:02:00 CDT 2025: Checking if NextJS server is running...
Fri Jun  6 06:02:00 CDT 2025: Running scheduled reports
/Users/sim/Project2/scripts/../scripts/run-simple-scheduled-reports.sh: line 16: node: command not found
Fri Jun  6 06:02:00 CDT 2025: NextJS server is not running. Skipping scheduled reports check.
Fri Jun  6 06:03:00 CDT 2025: Running scheduled reports
Fri Jun  6 06:03:00 CDT 2025: Checking if NextJS server is running...
/Users/sim/Project2/scripts/../scripts/run-simple-scheduled-reports.sh: line 16: node: command not found
Fri Jun  6 06:03:00 CDT 2025: NextJS server is not running. Skipping scheduled reports check.
Fri Jun  6 06:04:01 CDT 2025: Checking if NextJS server is running...
Fri Jun  6 06:04:01 CDT 2025: Running scheduled reports
/Users/sim/Project2/scripts/../scripts/run-simple-scheduled-reports.sh: line 16: node: command not found
Fri Jun  6 06:04:01 CDT 2025: NextJS server is not running. Skipping scheduled reports check.
Fri Jun  6 06:05:00 CDT 2025: Checking if NextJS server is running...
Fri Jun  6 06:05:00 CDT 2025: Running scheduled reports
/Users/sim/Project2/scripts/../scripts/run-simple-scheduled-reports.sh: line 16: node: command not found
Fri Jun  6 06:05:00 CDT 2025: NextJS server is not running. Skipping scheduled reports check.
Fri Jun  6 06:06:00 CDT 2025: Running scheduled reports
Fri Jun  6 06:06:00 CDT 2025: Checking if NextJS server is running...
/Users/sim/Project2/scripts/../scripts/run-simple-scheduled-reports.sh: line 16: node: command not found
Fri Jun  6 06:06:00 CDT 2025: NextJS server is not running. Skipping scheduled reports check.
Fri Jun  6 06:07:00 CDT 2025: Running scheduled reports
Fri Jun  6 06:07:00 CDT 2025: Checking if NextJS server is running...
/Users/sim/Project2/scripts/../scripts/run-simple-scheduled-reports.sh: line 16: node: command not found
Fri Jun  6 06:07:00 CDT 2025: NextJS server is not running. Skipping scheduled reports check.
Fri Jun  6 06:08:00 CDT 2025: Running scheduled reports
Fri Jun  6 06:08:00 CDT 2025: Checking if NextJS server is running...
/Users/sim/Project2/scripts/../scripts/run-simple-scheduled-reports.sh: line 16: node: command not found
Fri Jun  6 06:08:00 CDT 2025: NextJS server is not running. Skipping scheduled reports check.
Fri Jun  6 06:09:01 CDT 2025: Checking if NextJS server is running...
Fri Jun  6 06:09:01 CDT 2025: Running scheduled reports
/Users/sim/Project2/scripts/../scripts/run-simple-scheduled-reports.sh: line 16: node: command not found
Fri Jun  6 06:09:01 CDT 2025: NextJS server is not running. Skipping scheduled reports check.
Fri Jun  6 06:10:00 CDT 2025: Running scheduled reports
Fri Jun  6 06:10:00 CDT 2025: Checking if NextJS server is running...
/Users/sim/Project2/scripts/../scripts/run-simple-scheduled-reports.sh: line 16: node: command not found
Fri Jun  6 06:10:00 CDT 2025: NextJS server is not running. Skipping scheduled reports check.
Fri Jun  6 06:11:00 CDT 2025: Checking if NextJS server is running...
Fri Jun  6 06:11:00 CDT 2025: Running scheduled reports
/Users/sim/Project2/scripts/../scripts/run-simple-scheduled-reports.sh: line 16: node: command not found
Fri Jun  6 06:11:00 CDT 2025: NextJS server is not running. Skipping scheduled reports check.
Fri Jun  6 06:12:00 CDT 2025: Running scheduled reports
Fri Jun  6 06:12:00 CDT 2025: Checking if NextJS server is running...
/Users/sim/Project2/scripts/../scripts/run-simple-scheduled-reports.sh: line 16: node: command not found
Fri Jun  6 06:12:00 CDT 2025: NextJS server is not running. Skipping scheduled reports check.
Fri Jun  6 06:13:01 CDT 2025: Running scheduled reports
Fri Jun  6 06:13:01 CDT 2025: Checking if NextJS server is running...
/Users/sim/Project2/scripts/../scripts/run-simple-scheduled-reports.sh: line 16: node: command not found
Fri Jun  6 06:13:01 CDT 2025: NextJS server is not running. Skipping scheduled reports check.
Fri Jun  6 06:14:00 CDT 2025: Checking if NextJS server is running...
Fri Jun  6 06:14:00 CDT 2025: Running scheduled reports
/Users/sim/Project2/scripts/../scripts/run-simple-scheduled-reports.sh: line 16: node: command not found
Fri Jun  6 06:14:00 CDT 2025: NextJS server is not running. Skipping scheduled reports check.
Fri Jun  6 06:15:00 CDT 2025: Running scheduled reports
Fri Jun  6 06:15:00 CDT 2025: Checking if NextJS server is running...
/Users/sim/Project2/scripts/../scripts/run-simple-scheduled-reports.sh: line 16: node: command not found
Fri Jun  6 06:15:00 CDT 2025: NextJS server is not running. Skipping scheduled reports check.
Fri Jun  6 06:16:00 CDT 2025: Checking if NextJS server is running...
Fri Jun  6 06:16:00 CDT 2025: Running scheduled reports
/Users/sim/Project2/scripts/../scripts/run-simple-scheduled-reports.sh: line 16: node: command not found
Fri Jun  6 06:16:00 CDT 2025: NextJS server is not running. Skipping scheduled reports check.
Fri Jun  6 06:17:00 CDT 2025: Checking if NextJS server is running...
Fri Jun  6 06:17:00 CDT 2025: Running scheduled reports
/Users/sim/Project2/scripts/../scripts/run-simple-scheduled-reports.sh: line 16: node: command not found
Fri Jun  6 06:17:00 CDT 2025: NextJS server is not running. Skipping scheduled reports check.
Fri Jun  6 06:18:01 CDT 2025: Running scheduled reports
Fri Jun  6 06:18:01 CDT 2025: Checking if NextJS server is running...
/Users/sim/Project2/scripts/../scripts/run-simple-scheduled-reports.sh: line 16: node: command not found
Fri Jun  6 06:18:01 CDT 2025: NextJS server is not running. Skipping scheduled reports check.
Fri Jun  6 06:19:00 CDT 2025: Running scheduled reports
Fri Jun  6 06:19:00 CDT 2025: Checking if NextJS server is running...
/Users/sim/Project2/scripts/../scripts/run-simple-scheduled-reports.sh: line 16: node: command not found
Fri Jun  6 06:19:00 CDT 2025: NextJS server is not running. Skipping scheduled reports check.
Fri Jun  6 06:20:00 CDT 2025: Checking if NextJS server is running...
Fri Jun  6 06:20:00 CDT 2025: Running scheduled reports
/Users/sim/Project2/scripts/../scripts/run-simple-scheduled-reports.sh: line 16: node: command not found
Fri Jun  6 06:20:00 CDT 2025: NextJS server is not running. Skipping scheduled reports check.
Fri Jun  6 06:21:00 CDT 2025: Checking if NextJS server is running...
Fri Jun  6 06:21:00 CDT 2025: Running scheduled reports
/Users/sim/Project2/scripts/../scripts/run-simple-scheduled-reports.sh: line 16: node: command not found
Fri Jun  6 06:21:00 CDT 2025: NextJS server is not running. Skipping scheduled reports check.
Fri Jun  6 06:22:01 CDT 2025: Checking if NextJS server is running...
Fri Jun  6 06:22:01 CDT 2025: Running scheduled reports
/Users/sim/Project2/scripts/../scripts/run-simple-scheduled-reports.sh: line 16: node: command not found
Fri Jun  6 06:22:01 CDT 2025: NextJS server is not running. Skipping scheduled reports check.
Fri Jun  6 06:23:00 CDT 2025: Checking if NextJS server is running...
Fri Jun  6 06:23:00 CDT 2025: Running scheduled reports
/Users/sim/Project2/scripts/../scripts/run-simple-scheduled-reports.sh: line 16: node: command not found
Fri Jun  6 06:23:00 CDT 2025: NextJS server is not running. Skipping scheduled reports check.
Fri Jun  6 06:24:00 CDT 2025: Running scheduled reports
Fri Jun  6 06:24:00 CDT 2025: Checking if NextJS server is running...
/Users/sim/Project2/scripts/../scripts/run-simple-scheduled-reports.sh: line 16: node: command not found
Fri Jun  6 06:24:00 CDT 2025: NextJS server is not running. Skipping scheduled reports check.
Fri Jun  6 06:25:00 CDT 2025: Running scheduled reports
Fri Jun  6 06:25:00 CDT 2025: Checking if NextJS server is running...
/Users/sim/Project2/scripts/../scripts/run-simple-scheduled-reports.sh: line 16: node: command not found
Fri Jun  6 06:25:00 CDT 2025: NextJS server is not running. Skipping scheduled reports check.
Fri Jun  6 06:26:01 CDT 2025: Running scheduled reports
Fri Jun  6 06:26:01 CDT 2025: Checking if NextJS server is running...
/Users/sim/Project2/scripts/../scripts/run-simple-scheduled-reports.sh: line 16: node: command not found
Fri Jun  6 06:26:01 CDT 2025: NextJS server is not running. Skipping scheduled reports check.
Fri Jun  6 06:27:00 CDT 2025: Running scheduled reports
Fri Jun  6 06:27:00 CDT 2025: Checking if NextJS server is running...
/Users/sim/Project2/scripts/../scripts/run-simple-scheduled-reports.sh: line 16: node: command not found
Fri Jun  6 06:27:00 CDT 2025: NextJS server is not running. Skipping scheduled reports check.
Fri Jun  6 06:28:00 CDT 2025: Checking if NextJS server is running...
Fri Jun  6 06:28:00 CDT 2025: Running scheduled reports
/Users/sim/Project2/scripts/../scripts/run-simple-scheduled-reports.sh: line 16: node: command not found
Fri Jun  6 06:28:00 CDT 2025: NextJS server is not running. Skipping scheduled reports check.
Fri Jun  6 06:29:00 CDT 2025: Running scheduled reports
Fri Jun  6 06:29:00 CDT 2025: Checking if NextJS server is running...
/Users/sim/Project2/scripts/../scripts/run-simple-scheduled-reports.sh: line 16: node: command not found
Fri Jun  6 06:29:00 CDT 2025: NextJS server is not running. Skipping scheduled reports check.
Fri Jun  6 06:30:01 CDT 2025: Checking if NextJS server is running...
Fri Jun  6 06:30:01 CDT 2025: Running scheduled reports
/Users/sim/Project2/scripts/../scripts/run-simple-scheduled-reports.sh: line 16: node: command not found
Fri Jun  6 06:30:01 CDT 2025: NextJS server is not running. Skipping scheduled reports check.
Fri Jun  6 06:31:00 CDT 2025: Checking if NextJS server is running...
Fri Jun  6 06:31:00 CDT 2025: Running scheduled reports
/Users/sim/Project2/scripts/../scripts/run-simple-scheduled-reports.sh: line 16: node: command not found
Fri Jun  6 06:31:00 CDT 2025: NextJS server is not running. Skipping scheduled reports check.
Fri Jun  6 06:32:00 CDT 2025: Running scheduled reports
Fri Jun  6 06:32:00 CDT 2025: Checking if NextJS server is running...
/Users/sim/Project2/scripts/../scripts/run-simple-scheduled-reports.sh: line 16: node: command not found
Fri Jun  6 06:32:00 CDT 2025: NextJS server is not running. Skipping scheduled reports check.
Fri Jun  6 06:33:00 CDT 2025: Running scheduled reports
Fri Jun  6 06:33:00 CDT 2025: Checking if NextJS server is running...
/Users/sim/Project2/scripts/../scripts/run-simple-scheduled-reports.sh: line 16: node: command not found
Fri Jun  6 06:33:00 CDT 2025: NextJS server is not running. Skipping scheduled reports check.
Fri Jun  6 06:34:01 CDT 2025: Running scheduled reports
Fri Jun  6 06:34:01 CDT 2025: Checking if NextJS server is running...
/Users/sim/Project2/scripts/../scripts/run-simple-scheduled-reports.sh: line 16: node: command not found
Fri Jun  6 06:34:01 CDT 2025: NextJS server is not running. Skipping scheduled reports check.
Fri Jun  6 06:35:00 CDT 2025: Running scheduled reports
Fri Jun  6 06:35:00 CDT 2025: Checking if NextJS server is running...
/Users/sim/Project2/scripts/../scripts/run-simple-scheduled-reports.sh: line 16: node: command not found
Fri Jun  6 06:35:00 CDT 2025: NextJS server is not running. Skipping scheduled reports check.
Fri Jun  6 06:36:00 CDT 2025: Checking if NextJS server is running...
Fri Jun  6 06:36:00 CDT 2025: Running scheduled reports
/Users/sim/Project2/scripts/../scripts/run-simple-scheduled-reports.sh: line 16: node: command not found
Fri Jun  6 06:36:00 CDT 2025: NextJS server is not running. Skipping scheduled reports check.
Fri Jun  6 06:37:00 CDT 2025: Checking if NextJS server is running...
Fri Jun  6 06:37:00 CDT 2025: Running scheduled reports
/Users/sim/Project2/scripts/../scripts/run-simple-scheduled-reports.sh: line 16: node: command not found
Fri Jun  6 06:37:00 CDT 2025: NextJS server is not running. Skipping scheduled reports check.
Fri Jun  6 06:38:00 CDT 2025: Running scheduled reports
Fri Jun  6 06:38:00 CDT 2025: Checking if NextJS server is running...
/Users/sim/Project2/scripts/../scripts/run-simple-scheduled-reports.sh: line 16: node: command not found
Fri Jun  6 06:38:00 CDT 2025: NextJS server is not running. Skipping scheduled reports check.
Fri Jun  6 06:39:00 CDT 2025: Running scheduled reports
Fri Jun  6 06:39:00 CDT 2025: Checking if NextJS server is running...
/Users/sim/Project2/scripts/../scripts/run-simple-scheduled-reports.sh: line 16: node: command not found
Fri Jun  6 06:39:00 CDT 2025: NextJS server is not running. Skipping scheduled reports check.
Fri Jun  6 06:40:00 CDT 2025: Checking if NextJS server is running...
Fri Jun  6 06:40:00 CDT 2025: Running scheduled reports
/Users/sim/Project2/scripts/../scripts/run-simple-scheduled-reports.sh: line 16: node: command not found
Fri Jun  6 06:40:00 CDT 2025: NextJS server is not running. Skipping scheduled reports check.
Fri Jun  6 06:41:00 CDT 2025: Running scheduled reports
Fri Jun  6 06:41:00 CDT 2025: Checking if NextJS server is running...
/Users/sim/Project2/scripts/../scripts/run-simple-scheduled-reports.sh: line 16: node: command not found
Fri Jun  6 06:41:00 CDT 2025: NextJS server is not running. Skipping scheduled reports check.
Fri Jun  6 06:42:01 CDT 2025: Checking if NextJS server is running...
Fri Jun  6 06:42:01 CDT 2025: Running scheduled reports
/Users/sim/Project2/scripts/../scripts/run-simple-scheduled-reports.sh: line 16: node: command not found
Fri Jun  6 06:42:01 CDT 2025: NextJS server is not running. Skipping scheduled reports check.
Fri Jun  6 06:43:00 CDT 2025: Checking if NextJS server is running...
Fri Jun  6 06:43:00 CDT 2025: Running scheduled reports
/Users/sim/Project2/scripts/../scripts/run-simple-scheduled-reports.sh: line 16: node: command not found
Fri Jun  6 06:43:00 CDT 2025: NextJS server is not running. Skipping scheduled reports check.
Fri Jun  6 06:44:00 CDT 2025: Checking if NextJS server is running...
Fri Jun  6 06:44:00 CDT 2025: Running scheduled reports
/Users/sim/Project2/scripts/../scripts/run-simple-scheduled-reports.sh: line 16: node: command not found
Fri Jun  6 06:44:00 CDT 2025: NextJS server is not running. Skipping scheduled reports check.
Fri Jun  6 06:45:00 CDT 2025: Checking if NextJS server is running...
Fri Jun  6 06:45:00 CDT 2025: Running scheduled reports
/Users/sim/Project2/scripts/../scripts/run-simple-scheduled-reports.sh: line 16: node: command not found
Fri Jun  6 06:45:00 CDT 2025: NextJS server is not running. Skipping scheduled reports check.
Fri Jun  6 06:46:01 CDT 2025: Checking if NextJS server is running...
Fri Jun  6 06:46:01 CDT 2025: Running scheduled reports
/Users/sim/Project2/scripts/../scripts/run-simple-scheduled-reports.sh: line 16: node: command not found
Fri Jun  6 06:46:01 CDT 2025: NextJS server is not running. Skipping scheduled reports check.
Fri Jun  6 06:47:00 CDT 2025: Checking if NextJS server is running...
Fri Jun  6 06:47:00 CDT 2025: Running scheduled reports
/Users/sim/Project2/scripts/../scripts/run-simple-scheduled-reports.sh: line 16: node: command not found
Fri Jun  6 06:47:00 CDT 2025: NextJS server is not running. Skipping scheduled reports check.
Fri Jun  6 06:48:00 CDT 2025: Running scheduled reports
Fri Jun  6 06:48:00 CDT 2025: Checking if NextJS server is running...
/Users/sim/Project2/scripts/../scripts/run-simple-scheduled-reports.sh: line 16: node: command not found
Fri Jun  6 06:48:00 CDT 2025: NextJS server is not running. Skipping scheduled reports check.
Fri Jun  6 06:49:00 CDT 2025: Running scheduled reports
Fri Jun  6 06:49:00 CDT 2025: Checking if NextJS server is running...
/Users/sim/Project2/scripts/../scripts/run-simple-scheduled-reports.sh: line 16: node: command not found
Fri Jun  6 06:49:00 CDT 2025: NextJS server is not running. Skipping scheduled reports check.
Fri Jun  6 06:50:01 CDT 2025: Running scheduled reports
Fri Jun  6 06:50:01 CDT 2025: Checking if NextJS server is running...
/Users/sim/Project2/scripts/../scripts/run-simple-scheduled-reports.sh: line 16: node: command not found
Fri Jun  6 06:50:01 CDT 2025: NextJS server is not running. Skipping scheduled reports check.
Fri Jun  6 06:51:00 CDT 2025: Checking if NextJS server is running...
Fri Jun  6 06:51:00 CDT 2025: Running scheduled reports
/Users/sim/Project2/scripts/../scripts/run-simple-scheduled-reports.sh: line 16: node: command not found
Fri Jun  6 06:51:00 CDT 2025: NextJS server is not running. Skipping scheduled reports check.
Fri Jun  6 06:52:00 CDT 2025: Checking if NextJS server is running...
Fri Jun  6 06:52:00 CDT 2025: Running scheduled reports
/Users/sim/Project2/scripts/../scripts/run-simple-scheduled-reports.sh: line 16: node: command not found
Fri Jun  6 06:52:00 CDT 2025: NextJS server is not running. Skipping scheduled reports check.
Fri Jun  6 06:53:00 CDT 2025: Running scheduled reports
Fri Jun  6 06:53:00 CDT 2025: Checking if NextJS server is running...
/Users/sim/Project2/scripts/../scripts/run-simple-scheduled-reports.sh: line 16: node: command not found
Fri Jun  6 06:53:00 CDT 2025: NextJS server is not running. Skipping scheduled reports check.
Fri Jun  6 06:54:00 CDT 2025: Running scheduled reports
Fri Jun  6 06:54:00 CDT 2025: Checking if NextJS server is running...
/Users/sim/Project2/scripts/../scripts/run-simple-scheduled-reports.sh: line 16: node: command not found
Fri Jun  6 06:54:00 CDT 2025: NextJS server is not running. Skipping scheduled reports check.
Fri Jun  6 06:55:04 CDT 2025: Checking if NextJS server is running...
Fri Jun  6 06:55:04 CDT 2025: Running scheduled reports
/Users/sim/Project2/scripts/../scripts/run-simple-scheduled-reports.sh: line 16: node: command not found
Fri Jun  6 06:55:04 CDT 2025: NextJS server is not running. Skipping scheduled reports check.
Fri Jun  6 06:56:08 CDT 2025: Running scheduled reports
Fri Jun  6 06:56:08 CDT 2025: Checking if NextJS server is running...
/Users/sim/Project2/scripts/../scripts/run-simple-scheduled-reports.sh: line 16: node: command not found
Fri Jun  6 06:56:08 CDT 2025: NextJS server is not running. Skipping scheduled reports check.
Fri Jun  6 06:57:04 CDT 2025: Checking if NextJS server is running...
Fri Jun  6 06:57:04 CDT 2025: Running scheduled reports
/Users/sim/Project2/scripts/../scripts/run-simple-scheduled-reports.sh: line 16: node: command not found
Fri Jun  6 06:57:04 CDT 2025: NextJS server is not running. Skipping scheduled reports check.
Fri Jun  6 06:58:05 CDT 2025: Running scheduled reports
Fri Jun  6 06:58:05 CDT 2025: Checking if NextJS server is running...
/Users/sim/Project2/scripts/../scripts/run-simple-scheduled-reports.sh: line 16: node: command not found
Fri Jun  6 06:58:05 CDT 2025: NextJS server is not running. Skipping scheduled reports check.
Fri Jun  6 06:59:04 CDT 2025: Running scheduled reports
Fri Jun  6 06:59:04 CDT 2025: Checking if NextJS server is running...
/Users/sim/Project2/scripts/../scripts/run-simple-scheduled-reports.sh: line 16: node: command not found
Fri Jun  6 06:59:04 CDT 2025: NextJS server is not running. Skipping scheduled reports check.
Fri Jun  6 07:00:07 CDT 2025: Checking if NextJS server is running...
Fri Jun  6 07:00:07 CDT 2025: Running scheduled reports
/Users/sim/Project2/scripts/../scripts/run-simple-scheduled-reports.sh: line 16: node: command not found
Fri Jun  6 07:00:07 CDT 2025: NextJS server is not running. Skipping scheduled reports check.
Fri Jun  6 07:01:06 CDT 2025: Running scheduled reports
Fri Jun  6 07:01:06 CDT 2025: Checking if NextJS server is running...
/Users/sim/Project2/scripts/../scripts/run-simple-scheduled-reports.sh: line 16: node: command not found
Fri Jun  6 07:01:06 CDT 2025: NextJS server is not running. Skipping scheduled reports check.
Fri Jun  6 07:02:05 CDT 2025: Running scheduled reports
Fri Jun  6 07:02:05 CDT 2025: Checking if NextJS server is running...
/Users/sim/Project2/scripts/../scripts/run-simple-scheduled-reports.sh: line 16: node: command not found
Fri Jun  6 07:02:05 CDT 2025: NextJS server is not running. Skipping scheduled reports check.
Fri Jun  6 07:03:06 CDT 2025: Running scheduled reports
Fri Jun  6 07:03:06 CDT 2025: Checking if NextJS server is running...
/Users/sim/Project2/scripts/../scripts/run-simple-scheduled-reports.sh: line 16: node: command not found
Fri Jun  6 07:03:06 CDT 2025: NextJS server is not running. Skipping scheduled reports check.
Fri Jun  6 07:04:03 CDT 2025: Checking if NextJS server is running...
Fri Jun  6 07:04:03 CDT 2025: Running scheduled reports
/Users/sim/Project2/scripts/../scripts/run-simple-scheduled-reports.sh: line 16: node: command not found
Fri Jun  6 07:04:03 CDT 2025: NextJS server is not running. Skipping scheduled reports check.
Fri Jun  6 07:05:04 CDT 2025: Checking if NextJS server is running...
Fri Jun  6 07:05:04 CDT 2025: Running scheduled reports
/Users/sim/Project2/scripts/../scripts/run-simple-scheduled-reports.sh: line 16: node: command not found
Fri Jun  6 07:05:04 CDT 2025: NextJS server is not running. Skipping scheduled reports check.
Fri Jun  6 07:06:05 CDT 2025: Checking if NextJS server is running...
Fri Jun  6 07:06:05 CDT 2025: Running scheduled reports
/Users/sim/Project2/scripts/../scripts/run-simple-scheduled-reports.sh: line 16: node: command not found
Fri Jun  6 07:06:05 CDT 2025: NextJS server is not running. Skipping scheduled reports check.
Fri Jun  6 07:07:05 CDT 2025: Running scheduled reports
Fri Jun  6 07:07:05 CDT 2025: Checking if NextJS server is running...
/Users/sim/Project2/scripts/../scripts/run-simple-scheduled-reports.sh: line 16: node: command not found
Fri Jun  6 07:07:05 CDT 2025: NextJS server is not running. Skipping scheduled reports check.
Fri Jun  6 07:08:04 CDT 2025: Running scheduled reports
Fri Jun  6 07:08:04 CDT 2025: Checking if NextJS server is running...
/Users/sim/Project2/scripts/../scripts/run-simple-scheduled-reports.sh: line 16: node: command not found
Fri Jun  6 07:08:04 CDT 2025: NextJS server is not running. Skipping scheduled reports check.
Fri Jun  6 07:09:04 CDT 2025: Checking if NextJS server is running...
Fri Jun  6 07:09:04 CDT 2025: Running scheduled reports
/Users/sim/Project2/scripts/../scripts/run-simple-scheduled-reports.sh: line 16: node: command not found
Fri Jun  6 07:09:04 CDT 2025: NextJS server is not running. Skipping scheduled reports check.
Fri Jun  6 07:10:04 CDT 2025: Running scheduled reports
Fri Jun  6 07:10:04 CDT 2025: Checking if NextJS server is running...
/Users/sim/Project2/scripts/../scripts/run-simple-scheduled-reports.sh: line 16: node: command not found
Fri Jun  6 07:10:04 CDT 2025: NextJS server is not running. Skipping scheduled reports check.
Fri Jun  6 07:11:04 CDT 2025: Running scheduled reports
Fri Jun  6 07:11:04 CDT 2025: Checking if NextJS server is running...
/Users/sim/Project2/scripts/../scripts/run-simple-scheduled-reports.sh: line 16: node: command not found
Fri Jun  6 07:11:04 CDT 2025: NextJS server is not running. Skipping scheduled reports check.
Fri Jun  6 07:12:03 CDT 2025: Running scheduled reports
Fri Jun  6 07:12:03 CDT 2025: Checking if NextJS server is running...
/Users/sim/Project2/scripts/../scripts/run-simple-scheduled-reports.sh: line 16: node: command not found
Fri Jun  6 07:12:03 CDT 2025: NextJS server is not running. Skipping scheduled reports check.
Fri Jun  6 07:13:00 CDT 2025: Checking if NextJS server is running...
Fri Jun  6 07:13:00 CDT 2025: Running scheduled reports
/Users/sim/Project2/scripts/../scripts/run-simple-scheduled-reports.sh: line 16: node: command not found
Fri Jun  6 07:13:00 CDT 2025: NextJS server is not running. Skipping scheduled reports check.
Fri Jun  6 07:14:01 CDT 2025: Running scheduled reports
Fri Jun  6 07:14:01 CDT 2025: Checking if NextJS server is running...
/Users/sim/Project2/scripts/../scripts/run-simple-scheduled-reports.sh: line 16: node: command not found
Fri Jun  6 07:14:01 CDT 2025: NextJS server is not running. Skipping scheduled reports check.
Fri Jun  6 07:15:00 CDT 2025: Running scheduled reports
Fri Jun  6 07:15:00 CDT 2025: Checking if NextJS server is running...
/Users/sim/Project2/scripts/../scripts/run-simple-scheduled-reports.sh: line 16: node: command not found
Fri Jun  6 07:15:00 CDT 2025: NextJS server is not running. Skipping scheduled reports check.
Fri Jun  6 07:16:00 CDT 2025: Running scheduled reports
Fri Jun  6 07:16:00 CDT 2025: Checking if NextJS server is running...
/Users/sim/Project2/scripts/../scripts/run-simple-scheduled-reports.sh: line 16: node: command not found
Fri Jun  6 07:16:00 CDT 2025: NextJS server is not running. Skipping scheduled reports check.
Fri Jun  6 07:17:00 CDT 2025: Checking if NextJS server is running...
Fri Jun  6 07:17:00 CDT 2025: Running scheduled reports
/Users/sim/Project2/scripts/../scripts/run-simple-scheduled-reports.sh: line 16: node: command not found
Fri Jun  6 07:17:00 CDT 2025: NextJS server is not running. Skipping scheduled reports check.
Fri Jun  6 07:18:00 CDT 2025: Running scheduled reports
Fri Jun  6 07:18:00 CDT 2025: Checking if NextJS server is running...
/Users/sim/Project2/scripts/../scripts/run-simple-scheduled-reports.sh: line 16: node: command not found
Fri Jun  6 07:18:00 CDT 2025: NextJS server is not running. Skipping scheduled reports check.
Fri Jun  6 07:19:00 CDT 2025: Running scheduled reports
Fri Jun  6 07:19:00 CDT 2025: Checking if NextJS server is running...
/Users/sim/Project2/scripts/../scripts/run-simple-scheduled-reports.sh: line 16: node: command not found
Fri Jun  6 07:19:01 CDT 2025: NextJS server is not running. Skipping scheduled reports check.
Fri Jun  6 07:20:00 CDT 2025: Running scheduled reports
Fri Jun  6 07:20:00 CDT 2025: Checking if NextJS server is running...
/Users/sim/Project2/scripts/../scripts/run-simple-scheduled-reports.sh: line 16: node: command not found
Fri Jun  6 07:20:00 CDT 2025: NextJS server is not running. Skipping scheduled reports check.
Fri Jun  6 07:21:00 CDT 2025: Checking if NextJS server is running...
Fri Jun  6 07:21:00 CDT 2025: Running scheduled reports
/Users/sim/Project2/scripts/../scripts/run-simple-scheduled-reports.sh: line 16: node: command not found
Fri Jun  6 07:21:00 CDT 2025: NextJS server is not running. Skipping scheduled reports check.
Fri Jun  6 07:22:00 CDT 2025: Running scheduled reports
Fri Jun  6 07:22:00 CDT 2025: Checking if NextJS server is running...
/Users/sim/Project2/scripts/../scripts/run-simple-scheduled-reports.sh: line 16: node: command not found
Fri Jun  6 07:22:00 CDT 2025: NextJS server is not running. Skipping scheduled reports check.
Fri Jun  6 07:23:00 CDT 2025: Checking if NextJS server is running...
Fri Jun  6 07:23:00 CDT 2025: Running scheduled reports
/Users/sim/Project2/scripts/../scripts/run-simple-scheduled-reports.sh: line 16: node: command not found
Fri Jun  6 07:23:00 CDT 2025: NextJS server is not running. Skipping scheduled reports check.
Fri Jun  6 07:24:01 CDT 2025: Checking if NextJS server is running...
Fri Jun  6 07:24:01 CDT 2025: Running scheduled reports
/Users/sim/Project2/scripts/../scripts/run-simple-scheduled-reports.sh: line 16: node: command not found
Fri Jun  6 07:24:01 CDT 2025: NextJS server is not running. Skipping scheduled reports check.
Fri Jun  6 07:25:00 CDT 2025: Checking if NextJS server is running...
Fri Jun  6 07:25:00 CDT 2025: Running scheduled reports
/Users/sim/Project2/scripts/../scripts/run-simple-scheduled-reports.sh: line 16: node: command not found
Fri Jun  6 07:25:00 CDT 2025: NextJS server is not running. Skipping scheduled reports check.
Fri Jun  6 07:26:00 CDT 2025: Running scheduled reports
Fri Jun  6 07:26:00 CDT 2025: Checking if NextJS server is running...
/Users/sim/Project2/scripts/../scripts/run-simple-scheduled-reports.sh: line 16: node: command not found
Fri Jun  6 07:26:00 CDT 2025: NextJS server is not running. Skipping scheduled reports check.
Fri Jun  6 07:27:02 CDT 2025: Checking if NextJS server is running...
Fri Jun  6 07:27:02 CDT 2025: Running scheduled reports
/Users/sim/Project2/scripts/../scripts/run-simple-scheduled-reports.sh: line 16: node: command not found
Fri Jun  6 07:27:02 CDT 2025: NextJS server is not running. Skipping scheduled reports check.
Fri Jun  6 07:28:04 CDT 2025: Running scheduled reports
Fri Jun  6 07:28:04 CDT 2025: Checking if NextJS server is running...
/Users/sim/Project2/scripts/../scripts/run-simple-scheduled-reports.sh: line 16: node: command not found
Fri Jun  6 07:28:04 CDT 2025: NextJS server is not running. Skipping scheduled reports check.
Fri Jun  6 07:29:06 CDT 2025: Running scheduled reports
Fri Jun  6 07:29:06 CDT 2025: Checking if NextJS server is running...
/Users/sim/Project2/scripts/../scripts/run-simple-scheduled-reports.sh: line 16: node: command not found
Fri Jun  6 07:29:06 CDT 2025: NextJS server is not running. Skipping scheduled reports check.
Fri Jun  6 07:30:04 CDT 2025: Checking if NextJS server is running...
Fri Jun  6 07:30:04 CDT 2025: Running scheduled reports
/Users/sim/Project2/scripts/../scripts/run-simple-scheduled-reports.sh: line 16: node: command not found
Fri Jun  6 07:30:04 CDT 2025: NextJS server is not running. Skipping scheduled reports check.
Fri Jun  6 07:31:06 CDT 2025: Running scheduled reports
Fri Jun  6 07:31:06 CDT 2025: Checking if NextJS server is running...
/Users/sim/Project2/scripts/../scripts/run-simple-scheduled-reports.sh: line 16: node: command not found
Fri Jun  6 07:31:06 CDT 2025: NextJS server is not running. Skipping scheduled reports check.
Fri Jun  6 07:32:05 CDT 2025: Checking if NextJS server is running...
Fri Jun  6 07:32:05 CDT 2025: Running scheduled reports
/Users/sim/Project2/scripts/../scripts/run-simple-scheduled-reports.sh: line 16: node: command not found
Fri Jun  6 07:32:05 CDT 2025: NextJS server is not running. Skipping scheduled reports check.
Fri Jun  6 07:33:05 CDT 2025: Checking if NextJS server is running...
Fri Jun  6 07:33:05 CDT 2025: Running scheduled reports
/Users/sim/Project2/scripts/../scripts/run-simple-scheduled-reports.sh: line 16: node: command not found
Fri Jun  6 07:33:05 CDT 2025: NextJS server is not running. Skipping scheduled reports check.
Fri Jun  6 07:34:04 CDT 2025: Running scheduled reports
Fri Jun  6 07:34:04 CDT 2025: Checking if NextJS server is running...
/Users/sim/Project2/scripts/../scripts/run-simple-scheduled-reports.sh: line 16: node: command not found
Fri Jun  6 07:34:04 CDT 2025: NextJS server is not running. Skipping scheduled reports check.
Fri Jun  6 07:35:05 CDT 2025: Checking if NextJS server is running...
Fri Jun  6 07:35:05 CDT 2025: Running scheduled reports
/Users/sim/Project2/scripts/../scripts/run-simple-scheduled-reports.sh: line 16: node: command not found
Fri Jun  6 07:35:05 CDT 2025: NextJS server is not running. Skipping scheduled reports check.
Fri Jun  6 07:36:05 CDT 2025: Running scheduled reports
Fri Jun  6 07:36:05 CDT 2025: Checking if NextJS server is running...
/Users/sim/Project2/scripts/../scripts/run-simple-scheduled-reports.sh: line 16: node: command not found
Fri Jun  6 07:36:05 CDT 2025: NextJS server is not running. Skipping scheduled reports check.
Fri Jun  6 07:37:05 CDT 2025: Checking if NextJS server is running...
Fri Jun  6 07:37:05 CDT 2025: Running scheduled reports
/Users/sim/Project2/scripts/../scripts/run-simple-scheduled-reports.sh: line 16: node: command not found
Fri Jun  6 07:37:05 CDT 2025: NextJS server is not running. Skipping scheduled reports check.
Fri Jun  6 07:38:04 CDT 2025: Checking if NextJS server is running...
Fri Jun  6 07:38:04 CDT 2025: Running scheduled reports
/Users/sim/Project2/scripts/../scripts/run-simple-scheduled-reports.sh: line 16: node: command not found
Fri Jun  6 07:38:04 CDT 2025: NextJS server is not running. Skipping scheduled reports check.
Fri Jun  6 07:39:05 CDT 2025: Checking if NextJS server is running...
Fri Jun  6 07:39:05 CDT 2025: Running scheduled reports
/Users/sim/Project2/scripts/../scripts/run-simple-scheduled-reports.sh: line 16: node: command not found
Fri Jun  6 07:39:05 CDT 2025: NextJS server is not running. Skipping scheduled reports check.
Fri Jun  6 07:40:04 CDT 2025: Running scheduled reports
Fri Jun  6 07:40:04 CDT 2025: Checking if NextJS server is running...
/Users/sim/Project2/scripts/../scripts/run-simple-scheduled-reports.sh: line 16: node: command not found
Fri Jun  6 07:40:04 CDT 2025: NextJS server is not running. Skipping scheduled reports check.
Fri Jun  6 07:41:03 CDT 2025: Running scheduled reports
Fri Jun  6 07:41:03 CDT 2025: Checking if NextJS server is running...
/Users/sim/Project2/scripts/../scripts/run-simple-scheduled-reports.sh: line 16: node: command not found
Fri Jun  6 07:41:03 CDT 2025: NextJS server is not running. Skipping scheduled reports check.
Fri Jun  6 07:42:05 CDT 2025: Checking if NextJS server is running...
Fri Jun  6 07:42:05 CDT 2025: Running scheduled reports
/Users/sim/Project2/scripts/../scripts/run-simple-scheduled-reports.sh: line 16: node: command not found
Fri Jun  6 07:42:05 CDT 2025: NextJS server is not running. Skipping scheduled reports check.
Fri Jun  6 07:43:04 CDT 2025: Checking if NextJS server is running...
Fri Jun  6 07:43:04 CDT 2025: Running scheduled reports
/Users/sim/Project2/scripts/../scripts/run-simple-scheduled-reports.sh: line 16: node: command not found
Fri Jun  6 07:43:04 CDT 2025: NextJS server is not running. Skipping scheduled reports check.
Fri Jun  6 07:44:06 CDT 2025: Checking if NextJS server is running...
Fri Jun  6 07:44:06 CDT 2025: Running scheduled reports
/Users/sim/Project2/scripts/../scripts/run-simple-scheduled-reports.sh: line 16: node: command not found
Fri Jun  6 07:44:06 CDT 2025: NextJS server is not running. Skipping scheduled reports check.
Fri Jun  6 07:45:05 CDT 2025: Checking if NextJS server is running...
Fri Jun  6 07:45:05 CDT 2025: Running scheduled reports
/Users/sim/Project2/scripts/../scripts/run-simple-scheduled-reports.sh: line 16: node: command not found
Fri Jun  6 07:45:05 CDT 2025: NextJS server is not running. Skipping scheduled reports check.
Fri Jun  6 07:46:04 CDT 2025: Checking if NextJS server is running...
Fri Jun  6 07:46:04 CDT 2025: Running scheduled reports
/Users/sim/Project2/scripts/../scripts/run-simple-scheduled-reports.sh: line 16: node: command not found
Fri Jun  6 07:46:04 CDT 2025: NextJS server is not running. Skipping scheduled reports check.
Fri Jun  6 07:47:06 CDT 2025: Checking if NextJS server is running...
Fri Jun  6 07:47:06 CDT 2025: Running scheduled reports
/Users/sim/Project2/scripts/../scripts/run-simple-scheduled-reports.sh: line 16: node: command not found
Fri Jun  6 07:47:06 CDT 2025: NextJS server is not running. Skipping scheduled reports check.
Fri Jun  6 07:48:06 CDT 2025: Checking if NextJS server is running...
Fri Jun  6 07:48:06 CDT 2025: Running scheduled reports
/Users/sim/Project2/scripts/../scripts/run-simple-scheduled-reports.sh: line 16: node: command not found
Fri Jun  6 07:48:06 CDT 2025: NextJS server is not running. Skipping scheduled reports check.
Fri Jun  6 07:49:05 CDT 2025: Running scheduled reports
Fri Jun  6 07:49:05 CDT 2025: Checking if NextJS server is running...
/Users/sim/Project2/scripts/../scripts/run-simple-scheduled-reports.sh: line 16: node: command not found
Fri Jun  6 07:49:05 CDT 2025: NextJS server is not running. Skipping scheduled reports check.
Fri Jun  6 07:50:06 CDT 2025: Checking if NextJS server is running...
Fri Jun  6 07:50:06 CDT 2025: Running scheduled reports
/Users/sim/Project2/scripts/../scripts/run-simple-scheduled-reports.sh: line 16: node: command not found
Fri Jun  6 07:50:06 CDT 2025: NextJS server is not running. Skipping scheduled reports check.
Fri Jun  6 07:51:03 CDT 2025: Checking if NextJS server is running...
Fri Jun  6 07:51:03 CDT 2025: Running scheduled reports
/Users/sim/Project2/scripts/../scripts/run-simple-scheduled-reports.sh: line 16: node: command not found
Fri Jun  6 07:51:03 CDT 2025: NextJS server is not running. Skipping scheduled reports check.
Fri Jun  6 07:52:03 CDT 2025: Checking if NextJS server is running...
Fri Jun  6 07:52:03 CDT 2025: Running scheduled reports
/Users/sim/Project2/scripts/../scripts/run-simple-scheduled-reports.sh: line 16: node: command not found
Fri Jun  6 07:52:03 CDT 2025: NextJS server is not running. Skipping scheduled reports check.
Fri Jun  6 07:53:02 CDT 2025: Checking if NextJS server is running...
Fri Jun  6 07:53:02 CDT 2025: Running scheduled reports
/Users/sim/Project2/scripts/../scripts/run-simple-scheduled-reports.sh: line 16: node: command not found
Fri Jun  6 07:53:02 CDT 2025: NextJS server is not running. Skipping scheduled reports check.
Fri Jun  6 07:54:06 CDT 2025: Checking if NextJS server is running...
Fri Jun  6 07:54:06 CDT 2025: Running scheduled reports
/Users/sim/Project2/scripts/../scripts/run-simple-scheduled-reports.sh: line 16: node: command not found
Fri Jun  6 07:54:06 CDT 2025: NextJS server is not running. Skipping scheduled reports check.
Fri Jun  6 07:55:05 CDT 2025: Running scheduled reports
Fri Jun  6 07:55:05 CDT 2025: Checking if NextJS server is running...
/Users/sim/Project2/scripts/../scripts/run-simple-scheduled-reports.sh: line 16: node: command not found
Fri Jun  6 07:55:05 CDT 2025: NextJS server is not running. Skipping scheduled reports check.
Fri Jun  6 07:56:05 CDT 2025: Running scheduled reports
Fri Jun  6 07:56:05 CDT 2025: Checking if NextJS server is running...
/Users/sim/Project2/scripts/../scripts/run-simple-scheduled-reports.sh: line 16: node: command not found
Fri Jun  6 07:56:05 CDT 2025: NextJS server is not running. Skipping scheduled reports check.
Fri Jun  6 07:57:05 CDT 2025: Running scheduled reports
Fri Jun  6 07:57:05 CDT 2025: Checking if NextJS server is running...
/Users/sim/Project2/scripts/../scripts/run-simple-scheduled-reports.sh: line 16: node: command not found
Fri Jun  6 07:57:05 CDT 2025: NextJS server is not running. Skipping scheduled reports check.
Fri Jun  6 07:58:05 CDT 2025: Running scheduled reports
Fri Jun  6 07:58:05 CDT 2025: Checking if NextJS server is running...
/Users/sim/Project2/scripts/../scripts/run-simple-scheduled-reports.sh: line 16: node: command not found
Fri Jun  6 07:58:05 CDT 2025: NextJS server is not running. Skipping scheduled reports check.
Fri Jun  6 07:59:06 CDT 2025: Checking if NextJS server is running...
Fri Jun  6 07:59:06 CDT 2025: Running scheduled reports
/Users/sim/Project2/scripts/../scripts/run-simple-scheduled-reports.sh: line 16: node: command not found
Fri Jun  6 07:59:06 CDT 2025: NextJS server is not running. Skipping scheduled reports check.
Fri Jun  6 08:00:05 CDT 2025: Checking if NextJS server is running...
Fri Jun  6 08:00:05 CDT 2025: Running scheduled reports
/Users/sim/Project2/scripts/../scripts/run-simple-scheduled-reports.sh: line 16: node: command not found
Fri Jun  6 08:00:05 CDT 2025: NextJS server is not running. Skipping scheduled reports check.
Fri Jun  6 08:01:05 CDT 2025: Checking if NextJS server is running...
Fri Jun  6 08:01:05 CDT 2025: Running scheduled reports
/Users/sim/Project2/scripts/../scripts/run-simple-scheduled-reports.sh: line 16: node: command not found
Fri Jun  6 08:01:05 CDT 2025: NextJS server is not running. Skipping scheduled reports check.
Fri Jun  6 08:02:05 CDT 2025: Running scheduled reports
Fri Jun  6 08:02:05 CDT 2025: Checking if NextJS server is running...
/Users/sim/Project2/scripts/../scripts/run-simple-scheduled-reports.sh: line 16: node: command not found
Fri Jun  6 08:02:05 CDT 2025: NextJS server is not running. Skipping scheduled reports check.
Fri Jun  6 08:03:04 CDT 2025: Running scheduled reports
Fri Jun  6 08:03:04 CDT 2025: Checking if NextJS server is running...
/Users/sim/Project2/scripts/../scripts/run-simple-scheduled-reports.sh: line 16: node: command not found
Fri Jun  6 08:03:04 CDT 2025: NextJS server is not running. Skipping scheduled reports check.
Fri Jun  6 08:04:07 CDT 2025: Checking if NextJS server is running...
Fri Jun  6 08:04:07 CDT 2025: Running scheduled reports
/Users/sim/Project2/scripts/../scripts/run-simple-scheduled-reports.sh: line 16: node: command not found
Fri Jun  6 08:04:07 CDT 2025: NextJS server is not running. Skipping scheduled reports check.
Fri Jun  6 08:05:05 CDT 2025: Checking if NextJS server is running...
Fri Jun  6 08:05:05 CDT 2025: Running scheduled reports
/Users/sim/Project2/scripts/../scripts/run-simple-scheduled-reports.sh: line 16: node: command not found
Fri Jun  6 08:05:05 CDT 2025: NextJS server is not running. Skipping scheduled reports check.
Fri Jun  6 08:06:06 CDT 2025: Checking if NextJS server is running...
Fri Jun  6 08:06:06 CDT 2025: Running scheduled reports
/Users/sim/Project2/scripts/../scripts/run-simple-scheduled-reports.sh: line 16: node: command not found
Fri Jun  6 08:06:06 CDT 2025: NextJS server is not running. Skipping scheduled reports check.
Fri Jun  6 08:07:05 CDT 2025: Checking if NextJS server is running...
Fri Jun  6 08:07:05 CDT 2025: Running scheduled reports
/Users/sim/Project2/scripts/../scripts/run-simple-scheduled-reports.sh: line 16: node: command not found
Fri Jun  6 08:07:05 CDT 2025: NextJS server is not running. Skipping scheduled reports check.
Fri Jun  6 08:08:05 CDT 2025: Checking if NextJS server is running...
Fri Jun  6 08:08:05 CDT 2025: Running scheduled reports
/Users/sim/Project2/scripts/../scripts/run-simple-scheduled-reports.sh: line 16: node: command not found
Fri Jun  6 08:08:05 CDT 2025: NextJS server is not running. Skipping scheduled reports check.
Fri Jun  6 08:09:05 CDT 2025: Running scheduled reports
Fri Jun  6 08:09:05 CDT 2025: Checking if NextJS server is running...
/Users/sim/Project2/scripts/../scripts/run-simple-scheduled-reports.sh: line 16: node: command not found
Fri Jun  6 08:09:05 CDT 2025: NextJS server is not running. Skipping scheduled reports check.
Fri Jun  6 08:10:05 CDT 2025: Checking if NextJS server is running...
Fri Jun  6 08:10:05 CDT 2025: Running scheduled reports
/Users/sim/Project2/scripts/../scripts/run-simple-scheduled-reports.sh: line 16: node: command not found
Fri Jun  6 08:10:05 CDT 2025: NextJS server is not running. Skipping scheduled reports check.
Fri Jun  6 08:11:05 CDT 2025: Checking if NextJS server is running...
Fri Jun  6 08:11:05 CDT 2025: Running scheduled reports
/Users/sim/Project2/scripts/../scripts/run-simple-scheduled-reports.sh: line 16: node: command not found
Fri Jun  6 08:11:05 CDT 2025: NextJS server is not running. Skipping scheduled reports check.
Fri Jun  6 08:12:05 CDT 2025: Checking if NextJS server is running...
Fri Jun  6 08:12:05 CDT 2025: Running scheduled reports
/Users/sim/Project2/scripts/../scripts/run-simple-scheduled-reports.sh: line 16: node: command not found
Fri Jun  6 08:12:05 CDT 2025: NextJS server is not running. Skipping scheduled reports check.
Fri Jun  6 08:13:05 CDT 2025: Checking if NextJS server is running...
Fri Jun  6 08:13:05 CDT 2025: Running scheduled reports
/Users/sim/Project2/scripts/../scripts/run-simple-scheduled-reports.sh: line 16: node: command not found
Fri Jun  6 08:13:05 CDT 2025: NextJS server is not running. Skipping scheduled reports check.
Fri Jun  6 08:14:06 CDT 2025: Running scheduled reports
Fri Jun  6 08:14:06 CDT 2025: Checking if NextJS server is running...
/Users/sim/Project2/scripts/../scripts/run-simple-scheduled-reports.sh: line 16: node: command not found
Fri Jun  6 08:14:06 CDT 2025: NextJS server is not running. Skipping scheduled reports check.
Fri Jun  6 08:15:05 CDT 2025: Running scheduled reports
Fri Jun  6 08:15:05 CDT 2025: Checking if NextJS server is running...
/Users/sim/Project2/scripts/../scripts/run-simple-scheduled-reports.sh: line 16: node: command not found
Fri Jun  6 08:15:05 CDT 2025: NextJS server is not running. Skipping scheduled reports check.
Fri Jun  6 08:16:05 CDT 2025: Running scheduled reports
Fri Jun  6 08:16:05 CDT 2025: Checking if NextJS server is running...
/Users/sim/Project2/scripts/../scripts/run-simple-scheduled-reports.sh: line 16: node: command not found
Fri Jun  6 08:16:05 CDT 2025: NextJS server is not running. Skipping scheduled reports check.
Fri Jun  6 08:17:05 CDT 2025: Checking if NextJS server is running...
Fri Jun  6 08:17:05 CDT 2025: Running scheduled reports
/Users/sim/Project2/scripts/../scripts/run-simple-scheduled-reports.sh: line 16: node: command not found
Fri Jun  6 08:17:05 CDT 2025: NextJS server is not running. Skipping scheduled reports check.
Fri Jun  6 08:18:05 CDT 2025: Running scheduled reports
Fri Jun  6 08:18:05 CDT 2025: Checking if NextJS server is running...
/Users/sim/Project2/scripts/../scripts/run-simple-scheduled-reports.sh: line 16: node: command not found
Fri Jun  6 08:18:05 CDT 2025: NextJS server is not running. Skipping scheduled reports check.
Fri Jun  6 08:19:04 CDT 2025: Checking if NextJS server is running...
Fri Jun  6 08:19:04 CDT 2025: Running scheduled reports
/Users/sim/Project2/scripts/../scripts/run-simple-scheduled-reports.sh: line 16: node: command not found
Fri Jun  6 08:19:05 CDT 2025: NextJS server is not running. Skipping scheduled reports check.
Fri Jun  6 08:20:06 CDT 2025: Running scheduled reports
Fri Jun  6 08:20:06 CDT 2025: Checking if NextJS server is running...
/Users/sim/Project2/scripts/../scripts/run-simple-scheduled-reports.sh: line 16: node: command not found
Fri Jun  6 08:20:06 CDT 2025: NextJS server is not running. Skipping scheduled reports check.
Fri Jun  6 08:21:04 CDT 2025: Checking if NextJS server is running...
Fri Jun  6 08:21:04 CDT 2025: Running scheduled reports
/Users/sim/Project2/scripts/../scripts/run-simple-scheduled-reports.sh: line 16: node: command not found
Fri Jun  6 08:21:05 CDT 2025: NextJS server is not running. Skipping scheduled reports check.
Fri Jun  6 08:22:05 CDT 2025: Running scheduled reports
Fri Jun  6 08:22:05 CDT 2025: Checking if NextJS server is running...
/Users/sim/Project2/scripts/../scripts/run-simple-scheduled-reports.sh: line 16: node: command not found
Fri Jun  6 08:22:05 CDT 2025: NextJS server is not running. Skipping scheduled reports check.
Fri Jun  6 08:23:05 CDT 2025: Checking if NextJS server is running...
Fri Jun  6 08:23:05 CDT 2025: Running scheduled reports
/Users/sim/Project2/scripts/../scripts/run-simple-scheduled-reports.sh: line 16: node: command not found
Fri Jun  6 08:23:05 CDT 2025: NextJS server is not running. Skipping scheduled reports check.
Fri Jun  6 08:24:04 CDT 2025: Running scheduled reports
Fri Jun  6 08:24:04 CDT 2025: Checking if NextJS server is running...
/Users/sim/Project2/scripts/../scripts/run-simple-scheduled-reports.sh: line 16: node: command not found
Fri Jun  6 08:24:04 CDT 2025: NextJS server is not running. Skipping scheduled reports check.
Fri Jun  6 08:25:03 CDT 2025: Running scheduled reports
Fri Jun  6 08:25:03 CDT 2025: Checking if NextJS server is running...
/Users/sim/Project2/scripts/../scripts/run-simple-scheduled-reports.sh: line 16: node: command not found
Fri Jun  6 08:25:03 CDT 2025: NextJS server is not running. Skipping scheduled reports check.
Fri Jun  6 08:26:03 CDT 2025: Running scheduled reports
Fri Jun  6 08:26:03 CDT 2025: Checking if NextJS server is running...
/Users/sim/Project2/scripts/../scripts/run-simple-scheduled-reports.sh: line 16: node: command not found
Fri Jun  6 08:26:04 CDT 2025: NextJS server is not running. Skipping scheduled reports check.
Fri Jun  6 08:27:04 CDT 2025: Checking if NextJS server is running...
Fri Jun  6 08:27:04 CDT 2025: Running scheduled reports
/Users/sim/Project2/scripts/../scripts/run-simple-scheduled-reports.sh: line 16: node: command not found
Fri Jun  6 08:27:04 CDT 2025: NextJS server is not running. Skipping scheduled reports check.
Fri Jun  6 08:28:04 CDT 2025: Running scheduled reports
Fri Jun  6 08:28:04 CDT 2025: Checking if NextJS server is running...
/Users/sim/Project2/scripts/../scripts/run-simple-scheduled-reports.sh: line 16: node: command not found
Fri Jun  6 08:28:04 CDT 2025: NextJS server is not running. Skipping scheduled reports check.
Fri Jun  6 08:29:05 CDT 2025: Running scheduled reports
Fri Jun  6 08:29:05 CDT 2025: Checking if NextJS server is running...
/Users/sim/Project2/scripts/../scripts/run-simple-scheduled-reports.sh: line 16: node: command not found
Fri Jun  6 08:29:05 CDT 2025: NextJS server is not running. Skipping scheduled reports check.
Fri Jun  6 08:30:03 CDT 2025: Running scheduled reports
Fri Jun  6 08:30:03 CDT 2025: Checking if NextJS server is running...
/Users/sim/Project2/scripts/../scripts/run-simple-scheduled-reports.sh: line 16: node: command not found
Fri Jun  6 08:30:03 CDT 2025: NextJS server is not running. Skipping scheduled reports check.
Fri Jun  6 08:31:06 CDT 2025: Checking if NextJS server is running...
Fri Jun  6 08:31:06 CDT 2025: Running scheduled reports
/Users/sim/Project2/scripts/../scripts/run-simple-scheduled-reports.sh: line 16: node: command not found
Fri Jun  6 08:31:06 CDT 2025: NextJS server is not running. Skipping scheduled reports check.
Fri Jun  6 08:32:04 CDT 2025: Checking if NextJS server is running...
Fri Jun  6 08:32:04 CDT 2025: Running scheduled reports
/Users/sim/Project2/scripts/../scripts/run-simple-scheduled-reports.sh: line 16: node: command not found
Fri Jun  6 08:32:04 CDT 2025: NextJS server is not running. Skipping scheduled reports check.
Fri Jun  6 08:33:05 CDT 2025: Running scheduled reports
Fri Jun  6 08:33:05 CDT 2025: Checking if NextJS server is running...
/Users/sim/Project2/scripts/../scripts/run-simple-scheduled-reports.sh: line 16: node: command not found
Fri Jun  6 08:33:05 CDT 2025: NextJS server is not running. Skipping scheduled reports check.
Fri Jun  6 08:34:05 CDT 2025: Checking if NextJS server is running...
Fri Jun  6 08:34:05 CDT 2025: Running scheduled reports
/Users/sim/Project2/scripts/../scripts/run-simple-scheduled-reports.sh: line 16: node: command not found
Fri Jun  6 08:34:05 CDT 2025: NextJS server is not running. Skipping scheduled reports check.
Fri Jun  6 08:35:04 CDT 2025: Running scheduled reports
Fri Jun  6 08:35:04 CDT 2025: Checking if NextJS server is running...
/Users/sim/Project2/scripts/../scripts/run-simple-scheduled-reports.sh: line 16: node: command not found
Fri Jun  6 08:35:04 CDT 2025: NextJS server is not running. Skipping scheduled reports check.
Fri Jun  6 08:36:05 CDT 2025: Running scheduled reports
Fri Jun  6 08:36:05 CDT 2025: Checking if NextJS server is running...
/Users/sim/Project2/scripts/../scripts/run-simple-scheduled-reports.sh: line 16: node: command not found
Fri Jun  6 08:36:05 CDT 2025: NextJS server is not running. Skipping scheduled reports check.
Fri Jun  6 08:37:05 CDT 2025: Checking if NextJS server is running...
Fri Jun  6 08:37:05 CDT 2025: Running scheduled reports
/Users/sim/Project2/scripts/../scripts/run-simple-scheduled-reports.sh: line 16: node: command not found
Fri Jun  6 08:37:05 CDT 2025: NextJS server is not running. Skipping scheduled reports check.
Fri Jun  6 08:38:04 CDT 2025: Checking if NextJS server is running...
Fri Jun  6 08:38:04 CDT 2025: Running scheduled reports
/Users/sim/Project2/scripts/../scripts/run-simple-scheduled-reports.sh: line 16: node: command not found
Fri Jun  6 08:38:04 CDT 2025: NextJS server is not running. Skipping scheduled reports check.
Fri Jun  6 08:39:04 CDT 2025: Checking if NextJS server is running...
Fri Jun  6 08:39:04 CDT 2025: Running scheduled reports
/Users/sim/Project2/scripts/../scripts/run-simple-scheduled-reports.sh: line 16: node: command not found
Fri Jun  6 08:39:04 CDT 2025: NextJS server is not running. Skipping scheduled reports check.
Fri Jun  6 08:40:06 CDT 2025: Checking if NextJS server is running...
Fri Jun  6 08:40:06 CDT 2025: Running scheduled reports
/Users/sim/Project2/scripts/../scripts/run-simple-scheduled-reports.sh: line 16: node: command not found
Fri Jun  6 08:40:06 CDT 2025: NextJS server is not running. Skipping scheduled reports check.
Fri Jun  6 08:41:05 CDT 2025: Checking if NextJS server is running...
Fri Jun  6 08:41:05 CDT 2025: Running scheduled reports
/Users/sim/Project2/scripts/../scripts/run-simple-scheduled-reports.sh: line 16: node: command not found
Fri Jun  6 08:41:05 CDT 2025: NextJS server is not running. Skipping scheduled reports check.
Fri Jun  6 08:42:07 CDT 2025: Checking if NextJS server is running...
Fri Jun  6 08:42:07 CDT 2025: Running scheduled reports
Fri Jun  6 08:42:07 CDT 2025: NextJS server is not running. Skipping scheduled reports check.
/Users/sim/Project2/scripts/../scripts/run-simple-scheduled-reports.sh: line 16: node: command not found
Fri Jun  6 08:43:05 CDT 2025: Checking if NextJS server is running...
Fri Jun  6 08:43:05 CDT 2025: Running scheduled reports
/Users/sim/Project2/scripts/../scripts/run-simple-scheduled-reports.sh: line 16: node: command not found
Fri Jun  6 08:43:05 CDT 2025: NextJS server is not running. Skipping scheduled reports check.
Fri Jun  6 08:44:05 CDT 2025: Checking if NextJS server is running...
Fri Jun  6 08:44:05 CDT 2025: Running scheduled reports
/Users/sim/Project2/scripts/../scripts/run-simple-scheduled-reports.sh: line 16: node: command not found
Fri Jun  6 08:44:05 CDT 2025: NextJS server is not running. Skipping scheduled reports check.
Fri Jun  6 08:45:06 CDT 2025: Checking if NextJS server is running...
Fri Jun  6 08:45:06 CDT 2025: Running scheduled reports
/Users/sim/Project2/scripts/../scripts/run-simple-scheduled-reports.sh: line 16: node: command not found
Fri Jun  6 08:45:06 CDT 2025: NextJS server is not running. Skipping scheduled reports check.
Fri Jun  6 08:46:04 CDT 2025: Running scheduled reports
Fri Jun  6 08:46:04 CDT 2025: Checking if NextJS server is running...
/Users/sim/Project2/scripts/../scripts/run-simple-scheduled-reports.sh: line 16: node: command not found
Fri Jun  6 08:46:04 CDT 2025: NextJS server is not running. Skipping scheduled reports check.
Fri Jun  6 08:47:04 CDT 2025: Running scheduled reports
Fri Jun  6 08:47:04 CDT 2025: Checking if NextJS server is running...
/Users/sim/Project2/scripts/../scripts/run-simple-scheduled-reports.sh: line 16: node: command not found
Fri Jun  6 08:47:04 CDT 2025: NextJS server is not running. Skipping scheduled reports check.
Fri Jun  6 08:48:05 CDT 2025: Running scheduled reports
Fri Jun  6 08:48:05 CDT 2025: Checking if NextJS server is running...
/Users/sim/Project2/scripts/../scripts/run-simple-scheduled-reports.sh: line 16: node: command not found
Fri Jun  6 08:48:05 CDT 2025: NextJS server is not running. Skipping scheduled reports check.
Fri Jun  6 08:49:05 CDT 2025: Running scheduled reports
Fri Jun  6 08:49:05 CDT 2025: Checking if NextJS server is running...
/Users/sim/Project2/scripts/../scripts/run-simple-scheduled-reports.sh: line 16: node: command not found
Fri Jun  6 08:49:05 CDT 2025: NextJS server is not running. Skipping scheduled reports check.
Fri Jun  6 08:50:05 CDT 2025: Running scheduled reports
Fri Jun  6 08:50:05 CDT 2025: Checking if NextJS server is running...
/Users/sim/Project2/scripts/../scripts/run-simple-scheduled-reports.sh: line 16: node: command not found
Fri Jun  6 08:50:05 CDT 2025: NextJS server is not running. Skipping scheduled reports check.
Fri Jun  6 08:51:04 CDT 2025: Checking if NextJS server is running...
Fri Jun  6 08:51:04 CDT 2025: Running scheduled reports
/Users/sim/Project2/scripts/../scripts/run-simple-scheduled-reports.sh: line 16: node: command not found
Fri Jun  6 08:51:04 CDT 2025: NextJS server is not running. Skipping scheduled reports check.
Fri Jun  6 08:52:04 CDT 2025: Running scheduled reports
Fri Jun  6 08:52:04 CDT 2025: Checking if NextJS server is running...
/Users/sim/Project2/scripts/../scripts/run-simple-scheduled-reports.sh: line 16: node: command not found
Fri Jun  6 08:52:04 CDT 2025: NextJS server is not running. Skipping scheduled reports check.
Fri Jun  6 08:53:06 CDT 2025: Checking if NextJS server is running...
Fri Jun  6 08:53:06 CDT 2025: Running scheduled reports
Fri Jun  6 08:53:06 CDT 2025: NextJS server is not running. Skipping scheduled reports check.
/Users/sim/Project2/scripts/../scripts/run-simple-scheduled-reports.sh: line 16: node: command not found
Fri Jun  6 08:54:05 CDT 2025: Running scheduled reports
Fri Jun  6 08:54:05 CDT 2025: Checking if NextJS server is running...
/Users/sim/Project2/scripts/../scripts/run-simple-scheduled-reports.sh: line 16: node: command not found
Fri Jun  6 08:54:05 CDT 2025: NextJS server is not running. Skipping scheduled reports check.
Fri Jun  6 08:55:05 CDT 2025: Checking if NextJS server is running...
Fri Jun  6 08:55:05 CDT 2025: Running scheduled reports
/Users/sim/Project2/scripts/../scripts/run-simple-scheduled-reports.sh: line 16: node: command not found
Fri Jun  6 08:55:05 CDT 2025: NextJS server is not running. Skipping scheduled reports check.
Fri Jun  6 08:56:05 CDT 2025: Running scheduled reports
Fri Jun  6 08:56:05 CDT 2025: Checking if NextJS server is running...
/Users/sim/Project2/scripts/../scripts/run-simple-scheduled-reports.sh: line 16: node: command not found
Fri Jun  6 08:56:05 CDT 2025: NextJS server is not running. Skipping scheduled reports check.
Fri Jun  6 08:57:03 CDT 2025: Checking if NextJS server is running...
Fri Jun  6 08:57:03 CDT 2025: Running scheduled reports
/Users/sim/Project2/scripts/../scripts/run-simple-scheduled-reports.sh: line 16: node: command not found
Fri Jun  6 08:57:03 CDT 2025: NextJS server is not running. Skipping scheduled reports check.
Fri Jun  6 08:58:04 CDT 2025: Checking if NextJS server is running...
Fri Jun  6 08:58:04 CDT 2025: Running scheduled reports
/Users/sim/Project2/scripts/../scripts/run-simple-scheduled-reports.sh: line 16: node: command not found
Fri Jun  6 08:58:04 CDT 2025: NextJS server is not running. Skipping scheduled reports check.
Fri Jun  6 08:59:05 CDT 2025: Running scheduled reports
Fri Jun  6 08:59:05 CDT 2025: Checking if NextJS server is running...
/Users/sim/Project2/scripts/../scripts/run-simple-scheduled-reports.sh: line 16: node: command not found
Fri Jun  6 08:59:05 CDT 2025: NextJS server is not running. Skipping scheduled reports check.
Fri Jun  6 09:00:04 CDT 2025: Running scheduled reports
Fri Jun  6 09:00:04 CDT 2025: Checking if NextJS server is running...
/Users/sim/Project2/scripts/../scripts/run-simple-scheduled-reports.sh: line 16: node: command not found
Fri Jun  6 09:00:04 CDT 2025: NextJS server is not running. Skipping scheduled reports check.
Fri Jun  6 09:01:04 CDT 2025: Running scheduled reports
Fri Jun  6 09:01:04 CDT 2025: Checking if NextJS server is running...
/Users/sim/Project2/scripts/../scripts/run-simple-scheduled-reports.sh: line 16: node: command not found
Fri Jun  6 09:01:04 CDT 2025: NextJS server is not running. Skipping scheduled reports check.
Fri Jun  6 09:02:06 CDT 2025: Checking if NextJS server is running...
Fri Jun  6 09:02:06 CDT 2025: Running scheduled reports
/Users/sim/Project2/scripts/../scripts/run-simple-scheduled-reports.sh: line 16: node: command not found
Fri Jun  6 09:02:07 CDT 2025: NextJS server is not running. Skipping scheduled reports check.
Fri Jun  6 09:03:05 CDT 2025: Checking if NextJS server is running...
Fri Jun  6 09:03:05 CDT 2025: Running scheduled reports
/Users/sim/Project2/scripts/../scripts/run-simple-scheduled-reports.sh: line 16: node: command not found
Fri Jun  6 09:03:05 CDT 2025: NextJS server is not running. Skipping scheduled reports check.
Fri Jun  6 09:04:05 CDT 2025: Checking if NextJS server is running...
Fri Jun  6 09:04:05 CDT 2025: Running scheduled reports
/Users/sim/Project2/scripts/../scripts/run-simple-scheduled-reports.sh: line 16: node: command not found
Fri Jun  6 09:04:05 CDT 2025: NextJS server is not running. Skipping scheduled reports check.
Fri Jun  6 09:05:05 CDT 2025: Checking if NextJS server is running...
Fri Jun  6 09:05:05 CDT 2025: Running scheduled reports
/Users/sim/Project2/scripts/../scripts/run-simple-scheduled-reports.sh: line 16: node: command not found
Fri Jun  6 09:05:05 CDT 2025: NextJS server is not running. Skipping scheduled reports check.
Fri Jun  6 09:06:04 CDT 2025: Running scheduled reports
Fri Jun  6 09:06:04 CDT 2025: Checking if NextJS server is running...
/Users/sim/Project2/scripts/../scripts/run-simple-scheduled-reports.sh: line 16: node: command not found
Fri Jun  6 09:06:04 CDT 2025: NextJS server is not running. Skipping scheduled reports check.
Fri Jun  6 09:07:04 CDT 2025: Running scheduled reports
Fri Jun  6 09:07:04 CDT 2025: Checking if NextJS server is running...
/Users/sim/Project2/scripts/../scripts/run-simple-scheduled-reports.sh: line 16: node: command not found
Fri Jun  6 09:07:04 CDT 2025: NextJS server is not running. Skipping scheduled reports check.
Fri Jun  6 09:08:05 CDT 2025: Running scheduled reports
Fri Jun  6 09:08:05 CDT 2025: Checking if NextJS server is running...
/Users/sim/Project2/scripts/../scripts/run-simple-scheduled-reports.sh: line 16: node: command not found
Fri Jun  6 09:08:05 CDT 2025: NextJS server is not running. Skipping scheduled reports check.
Fri Jun  6 09:09:05 CDT 2025: Running scheduled reports
Fri Jun  6 09:09:05 CDT 2025: Checking if NextJS server is running...
/Users/sim/Project2/scripts/../scripts/run-simple-scheduled-reports.sh: line 16: node: command not found
Fri Jun  6 09:09:05 CDT 2025: NextJS server is not running. Skipping scheduled reports check.
Fri Jun  6 09:10:06 CDT 2025: Running scheduled reports
Fri Jun  6 09:10:06 CDT 2025: Checking if NextJS server is running...
/Users/sim/Project2/scripts/../scripts/run-simple-scheduled-reports.sh: line 16: node: command not found
Fri Jun  6 09:10:06 CDT 2025: NextJS server is not running. Skipping scheduled reports check.
Fri Jun  6 09:11:04 CDT 2025: Checking if NextJS server is running...
Fri Jun  6 09:11:04 CDT 2025: Running scheduled reports
/Users/sim/Project2/scripts/../scripts/run-simple-scheduled-reports.sh: line 16: node: command not found
Fri Jun  6 09:11:04 CDT 2025: NextJS server is not running. Skipping scheduled reports check.
Fri Jun  6 09:12:04 CDT 2025: Checking if NextJS server is running...
Fri Jun  6 09:12:04 CDT 2025: Running scheduled reports
/Users/sim/Project2/scripts/../scripts/run-simple-scheduled-reports.sh: line 16: node: command not found
Fri Jun  6 09:12:04 CDT 2025: NextJS server is not running. Skipping scheduled reports check.
Fri Jun  6 09:13:06 CDT 2025: Running scheduled reports
Fri Jun  6 09:13:06 CDT 2025: Checking if NextJS server is running...
/Users/sim/Project2/scripts/../scripts/run-simple-scheduled-reports.sh: line 16: node: command not found
Fri Jun  6 09:13:06 CDT 2025: NextJS server is not running. Skipping scheduled reports check.
Fri Jun  6 09:14:04 CDT 2025: Running scheduled reports
Fri Jun  6 09:14:04 CDT 2025: Checking if NextJS server is running...
/Users/sim/Project2/scripts/../scripts/run-simple-scheduled-reports.sh: line 16: node: command not found
Fri Jun  6 09:14:04 CDT 2025: NextJS server is not running. Skipping scheduled reports check.
Fri Jun  6 09:15:06 CDT 2025: Checking if NextJS server is running...
Fri Jun  6 09:15:06 CDT 2025: Running scheduled reports
/Users/sim/Project2/scripts/../scripts/run-simple-scheduled-reports.sh: line 16: node: command not found
Fri Jun  6 09:15:06 CDT 2025: NextJS server is not running. Skipping scheduled reports check.
Fri Jun  6 09:16:05 CDT 2025: Checking if NextJS server is running...
Fri Jun  6 09:16:05 CDT 2025: Running scheduled reports
/Users/sim/Project2/scripts/../scripts/run-simple-scheduled-reports.sh: line 16: node: command not found
Fri Jun  6 09:16:05 CDT 2025: NextJS server is not running. Skipping scheduled reports check.
Fri Jun  6 09:17:03 CDT 2025: Running scheduled reports
Fri Jun  6 09:17:03 CDT 2025: Checking if NextJS server is running...
/Users/sim/Project2/scripts/../scripts/run-simple-scheduled-reports.sh: line 16: node: command not found
Fri Jun  6 09:17:03 CDT 2025: NextJS server is not running. Skipping scheduled reports check.
Fri Jun  6 09:18:06 CDT 2025: Checking if NextJS server is running...
Fri Jun  6 09:18:06 CDT 2025: Running scheduled reports
/Users/sim/Project2/scripts/../scripts/run-simple-scheduled-reports.sh: line 16: node: command not found
Fri Jun  6 09:18:06 CDT 2025: NextJS server is not running. Skipping scheduled reports check.
Fri Jun  6 09:19:05 CDT 2025: Running scheduled reports
Fri Jun  6 09:19:05 CDT 2025: Checking if NextJS server is running...
/Users/sim/Project2/scripts/../scripts/run-simple-scheduled-reports.sh: line 16: node: command not found
Fri Jun  6 09:19:05 CDT 2025: NextJS server is not running. Skipping scheduled reports check.
Fri Jun  6 09:20:05 CDT 2025: Running scheduled reports
Fri Jun  6 09:20:05 CDT 2025: Checking if NextJS server is running...
/Users/sim/Project2/scripts/../scripts/run-simple-scheduled-reports.sh: line 16: node: command not found
Fri Jun  6 09:20:05 CDT 2025: NextJS server is not running. Skipping scheduled reports check.
Fri Jun  6 09:21:05 CDT 2025: Running scheduled reports
Fri Jun  6 09:21:05 CDT 2025: Checking if NextJS server is running...
/Users/sim/Project2/scripts/../scripts/run-simple-scheduled-reports.sh: line 16: node: command not found
Fri Jun  6 09:21:05 CDT 2025: NextJS server is not running. Skipping scheduled reports check.
Fri Jun  6 09:22:05 CDT 2025: Running scheduled reports
Fri Jun  6 09:22:05 CDT 2025: Checking if NextJS server is running...
/Users/sim/Project2/scripts/../scripts/run-simple-scheduled-reports.sh: line 16: node: command not found
Fri Jun  6 09:22:05 CDT 2025: NextJS server is not running. Skipping scheduled reports check.
Fri Jun  6 09:23:06 CDT 2025: Running scheduled reports
Fri Jun  6 09:23:06 CDT 2025: Checking if NextJS server is running...
/Users/sim/Project2/scripts/../scripts/run-simple-scheduled-reports.sh: line 16: node: command not found
Fri Jun  6 09:23:07 CDT 2025: NextJS server is not running. Skipping scheduled reports check.
Fri Jun  6 09:24:04 CDT 2025: Checking if NextJS server is running...
Fri Jun  6 09:24:04 CDT 2025: Running scheduled reports
/Users/sim/Project2/scripts/../scripts/run-simple-scheduled-reports.sh: line 16: node: command not found
Fri Jun  6 09:24:04 CDT 2025: NextJS server is not running. Skipping scheduled reports check.
Fri Jun  6 09:25:06 CDT 2025: Running scheduled reports
Fri Jun  6 09:25:06 CDT 2025: Checking if NextJS server is running...
/Users/sim/Project2/scripts/../scripts/run-simple-scheduled-reports.sh: line 16: node: command not found
Fri Jun  6 09:25:06 CDT 2025: NextJS server is not running. Skipping scheduled reports check.
Fri Jun  6 09:26:05 CDT 2025: Running scheduled reports
Fri Jun  6 09:26:05 CDT 2025: Checking if NextJS server is running...
/Users/sim/Project2/scripts/../scripts/run-simple-scheduled-reports.sh: line 16: node: command not found
Fri Jun  6 09:26:05 CDT 2025: NextJS server is not running. Skipping scheduled reports check.
Fri Jun  6 09:27:06 CDT 2025: Running scheduled reports
Fri Jun  6 09:27:06 CDT 2025: Checking if NextJS server is running...
/Users/sim/Project2/scripts/../scripts/run-simple-scheduled-reports.sh: line 16: node: command not found
Fri Jun  6 09:27:06 CDT 2025: NextJS server is not running. Skipping scheduled reports check.
Fri Jun  6 09:28:05 CDT 2025: Checking if NextJS server is running...
Fri Jun  6 09:28:05 CDT 2025: Running scheduled reports
/Users/sim/Project2/scripts/../scripts/run-simple-scheduled-reports.sh: line 16: node: command not found
Fri Jun  6 09:28:05 CDT 2025: NextJS server is not running. Skipping scheduled reports check.
Fri Jun  6 09:29:02 CDT 2025: Running scheduled reports
Fri Jun  6 09:29:02 CDT 2025: Checking if NextJS server is running...
/Users/sim/Project2/scripts/../scripts/run-simple-scheduled-reports.sh: line 16: node: command not found
Fri Jun  6 09:29:02 CDT 2025: NextJS server is not running. Skipping scheduled reports check.
Fri Jun  6 09:30:03 CDT 2025: Running scheduled reports
Fri Jun  6 09:30:03 CDT 2025: Checking if NextJS server is running...
/Users/sim/Project2/scripts/../scripts/run-simple-scheduled-reports.sh: line 16: node: command not found
Fri Jun  6 09:30:03 CDT 2025: NextJS server is not running. Skipping scheduled reports check.
Fri Jun  6 09:31:05 CDT 2025: Running scheduled reports
Fri Jun  6 09:31:05 CDT 2025: Checking if NextJS server is running...
/Users/sim/Project2/scripts/../scripts/run-simple-scheduled-reports.sh: line 16: node: command not found
Fri Jun  6 09:31:05 CDT 2025: NextJS server is not running. Skipping scheduled reports check.
Fri Jun  6 09:32:04 CDT 2025: Running scheduled reports
Fri Jun  6 09:32:04 CDT 2025: Checking if NextJS server is running...
/Users/sim/Project2/scripts/../scripts/run-simple-scheduled-reports.sh: line 16: node: command not found
Fri Jun  6 09:32:04 CDT 2025: NextJS server is not running. Skipping scheduled reports check.
Fri Jun  6 09:33:06 CDT 2025: Checking if NextJS server is running...
Fri Jun  6 09:33:06 CDT 2025: Running scheduled reports
/Users/sim/Project2/scripts/../scripts/run-simple-scheduled-reports.sh: line 16: node: command not found
Fri Jun  6 09:33:06 CDT 2025: NextJS server is not running. Skipping scheduled reports check.
Fri Jun  6 09:34:05 CDT 2025: Running scheduled reports
Fri Jun  6 09:34:05 CDT 2025: Checking if NextJS server is running...
/Users/sim/Project2/scripts/../scripts/run-simple-scheduled-reports.sh: line 16: node: command not found
Fri Jun  6 09:34:05 CDT 2025: NextJS server is not running. Skipping scheduled reports check.
Fri Jun  6 09:35:05 CDT 2025: Checking if NextJS server is running...
Fri Jun  6 09:35:05 CDT 2025: Running scheduled reports
/Users/sim/Project2/scripts/../scripts/run-simple-scheduled-reports.sh: line 16: node: command not found
Fri Jun  6 09:35:05 CDT 2025: NextJS server is not running. Skipping scheduled reports check.
Fri Jun  6 09:36:04 CDT 2025: Checking if NextJS server is running...
Fri Jun  6 09:36:04 CDT 2025: Running scheduled reports
/Users/sim/Project2/scripts/../scripts/run-simple-scheduled-reports.sh: line 16: node: command not found
Fri Jun  6 09:36:04 CDT 2025: NextJS server is not running. Skipping scheduled reports check.
Fri Jun  6 09:37:06 CDT 2025: Checking if NextJS server is running...
Fri Jun  6 09:37:06 CDT 2025: Running scheduled reports
/Users/sim/Project2/scripts/../scripts/run-simple-scheduled-reports.sh: line 16: node: command not found
Fri Jun  6 09:37:06 CDT 2025: NextJS server is not running. Skipping scheduled reports check.
Fri Jun  6 09:38:04 CDT 2025: Checking if NextJS server is running...
Fri Jun  6 09:38:04 CDT 2025: Running scheduled reports
/Users/sim/Project2/scripts/../scripts/run-simple-scheduled-reports.sh: line 16: node: command not found
Fri Jun  6 09:38:04 CDT 2025: NextJS server is not running. Skipping scheduled reports check.
Fri Jun  6 09:39:06 CDT 2025: Running scheduled reports
Fri Jun  6 09:39:06 CDT 2025: Checking if NextJS server is running...
/Users/sim/Project2/scripts/../scripts/run-simple-scheduled-reports.sh: line 16: node: command not found
Fri Jun  6 09:39:06 CDT 2025: NextJS server is not running. Skipping scheduled reports check.
Fri Jun  6 09:40:06 CDT 2025: Running scheduled reports
Fri Jun  6 09:40:06 CDT 2025: Checking if NextJS server is running...
/Users/sim/Project2/scripts/../scripts/run-simple-scheduled-reports.sh: line 16: node: command not found
Fri Jun  6 09:40:06 CDT 2025: NextJS server is not running. Skipping scheduled reports check.
Fri Jun  6 09:41:04 CDT 2025: Running scheduled reports
Fri Jun  6 09:41:04 CDT 2025: Checking if NextJS server is running...
/Users/sim/Project2/scripts/../scripts/run-simple-scheduled-reports.sh: line 16: node: command not found
Fri Jun  6 09:41:04 CDT 2025: NextJS server is not running. Skipping scheduled reports check.
Fri Jun  6 09:42:05 CDT 2025: Running scheduled reports
Fri Jun  6 09:42:05 CDT 2025: Checking if NextJS server is running...
/Users/sim/Project2/scripts/../scripts/run-simple-scheduled-reports.sh: line 16: node: command not found
Fri Jun  6 09:42:05 CDT 2025: NextJS server is not running. Skipping scheduled reports check.
Fri Jun  6 09:43:05 CDT 2025: Running scheduled reports
Fri Jun  6 09:43:05 CDT 2025: Checking if NextJS server is running...
/Users/sim/Project2/scripts/../scripts/run-simple-scheduled-reports.sh: line 16: node: command not found
Fri Jun  6 09:43:06 CDT 2025: NextJS server is not running. Skipping scheduled reports check.
Fri Jun  6 09:44:06 CDT 2025: Checking if NextJS server is running...
Fri Jun  6 09:44:06 CDT 2025: Running scheduled reports
/Users/sim/Project2/scripts/../scripts/run-simple-scheduled-reports.sh: line 16: node: command not found
Fri Jun  6 09:44:06 CDT 2025: NextJS server is not running. Skipping scheduled reports check.
Fri Jun  6 09:45:05 CDT 2025: Checking if NextJS server is running...
Fri Jun  6 09:45:05 CDT 2025: Running scheduled reports
/Users/sim/Project2/scripts/../scripts/run-simple-scheduled-reports.sh: line 16: node: command not found
Fri Jun  6 09:45:05 CDT 2025: NextJS server is not running. Skipping scheduled reports check.
Fri Jun  6 09:46:04 CDT 2025: Running scheduled reports
Fri Jun  6 09:46:04 CDT 2025: Checking if NextJS server is running...
/Users/sim/Project2/scripts/../scripts/run-simple-scheduled-reports.sh: line 16: node: command not found
Fri Jun  6 09:46:04 CDT 2025: NextJS server is not running. Skipping scheduled reports check.
Fri Jun  6 09:47:06 CDT 2025: Running scheduled reports
Fri Jun  6 09:47:06 CDT 2025: Checking if NextJS server is running...
/Users/sim/Project2/scripts/../scripts/run-simple-scheduled-reports.sh: line 16: node: command not found
Fri Jun  6 09:47:06 CDT 2025: NextJS server is not running. Skipping scheduled reports check.
Fri Jun  6 09:48:05 CDT 2025: Checking if NextJS server is running...
Fri Jun  6 09:48:05 CDT 2025: Running scheduled reports
/Users/sim/Project2/scripts/../scripts/run-simple-scheduled-reports.sh: line 16: node: command not found
Fri Jun  6 09:48:05 CDT 2025: NextJS server is not running. Skipping scheduled reports check.
Fri Jun  6 09:49:05 CDT 2025: Checking if NextJS server is running...
Fri Jun  6 09:49:05 CDT 2025: Running scheduled reports
/Users/sim/Project2/scripts/../scripts/run-simple-scheduled-reports.sh: line 16: node: command not found
Fri Jun  6 09:49:05 CDT 2025: NextJS server is not running. Skipping scheduled reports check.
Fri Jun  6 09:50:04 CDT 2025: Running scheduled reports
Fri Jun  6 09:50:04 CDT 2025: Checking if NextJS server is running...
/Users/sim/Project2/scripts/../scripts/run-simple-scheduled-reports.sh: line 16: node: command not found
Fri Jun  6 09:50:04 CDT 2025: NextJS server is not running. Skipping scheduled reports check.
Fri Jun  6 09:51:04 CDT 2025: Checking if NextJS server is running...
Fri Jun  6 09:51:04 CDT 2025: Running scheduled reports
/Users/sim/Project2/scripts/../scripts/run-simple-scheduled-reports.sh: line 16: node: command not found
Fri Jun  6 09:51:05 CDT 2025: NextJS server is not running. Skipping scheduled reports check.
Fri Jun  6 09:52:05 CDT 2025: Running scheduled reports
Fri Jun  6 09:52:05 CDT 2025: Checking if NextJS server is running...
/Users/sim/Project2/scripts/../scripts/run-simple-scheduled-reports.sh: line 16: node: command not found
Fri Jun  6 09:52:05 CDT 2025: NextJS server is not running. Skipping scheduled reports check.
Fri Jun  6 09:53:04 CDT 2025: Running scheduled reports
Fri Jun  6 09:53:04 CDT 2025: Checking if NextJS server is running...
/Users/sim/Project2/scripts/../scripts/run-simple-scheduled-reports.sh: line 16: node: command not found
Fri Jun  6 09:53:04 CDT 2025: NextJS server is not running. Skipping scheduled reports check.
Fri Jun  6 09:54:06 CDT 2025: Checking if NextJS server is running...
Fri Jun  6 09:54:06 CDT 2025: Running scheduled reports
/Users/sim/Project2/scripts/../scripts/run-simple-scheduled-reports.sh: line 16: node: command not found
Fri Jun  6 09:54:06 CDT 2025: NextJS server is not running. Skipping scheduled reports check.
Fri Jun  6 09:55:05 CDT 2025: Running scheduled reports
Fri Jun  6 09:55:05 CDT 2025: Checking if NextJS server is running...
/Users/sim/Project2/scripts/../scripts/run-simple-scheduled-reports.sh: line 16: node: command not found
Fri Jun  6 09:55:05 CDT 2025: NextJS server is not running. Skipping scheduled reports check.
Fri Jun  6 09:56:05 CDT 2025: Checking if NextJS server is running...
Fri Jun  6 09:56:05 CDT 2025: Running scheduled reports
/Users/sim/Project2/scripts/../scripts/run-simple-scheduled-reports.sh: line 16: node: command not found
Fri Jun  6 09:56:05 CDT 2025: NextJS server is not running. Skipping scheduled reports check.
Fri Jun  6 09:57:05 CDT 2025: Running scheduled reports
Fri Jun  6 09:57:05 CDT 2025: Checking if NextJS server is running...
/Users/sim/Project2/scripts/../scripts/run-simple-scheduled-reports.sh: line 16: node: command not found
Fri Jun  6 09:57:05 CDT 2025: NextJS server is not running. Skipping scheduled reports check.
Fri Jun  6 09:58:05 CDT 2025: Running scheduled reports
Fri Jun  6 09:58:05 CDT 2025: Checking if NextJS server is running...
/Users/sim/Project2/scripts/../scripts/run-simple-scheduled-reports.sh: line 16: node: command not found
Fri Jun  6 09:58:05 CDT 2025: NextJS server is not running. Skipping scheduled reports check.
Fri Jun  6 09:59:04 CDT 2025: Running scheduled reports
Fri Jun  6 09:59:04 CDT 2025: Checking if NextJS server is running...
/Users/sim/Project2/scripts/../scripts/run-simple-scheduled-reports.sh: line 16: node: command not found
Fri Jun  6 09:59:04 CDT 2025: NextJS server is not running. Skipping scheduled reports check.
Fri Jun  6 10:00:05 CDT 2025: Running scheduled reports
Fri Jun  6 10:00:05 CDT 2025: Checking if NextJS server is running...
/Users/sim/Project2/scripts/../scripts/run-simple-scheduled-reports.sh: line 16: node: command not found
Fri Jun  6 10:00:05 CDT 2025: NextJS server is not running. Skipping scheduled reports check.
Fri Jun  6 10:01:05 CDT 2025: Checking if NextJS server is running...
Fri Jun  6 10:01:05 CDT 2025: Running scheduled reports
/Users/sim/Project2/scripts/../scripts/run-simple-scheduled-reports.sh: line 16: node: command not found
Fri Jun  6 10:01:05 CDT 2025: NextJS server is not running. Skipping scheduled reports check.
Fri Jun  6 10:02:05 CDT 2025: Running scheduled reports
Fri Jun  6 10:02:05 CDT 2025: Checking if NextJS server is running...
/Users/sim/Project2/scripts/../scripts/run-simple-scheduled-reports.sh: line 16: node: command not found
Fri Jun  6 10:02:05 CDT 2025: NextJS server is not running. Skipping scheduled reports check.
Fri Jun  6 10:03:02 CDT 2025: Running scheduled reports
Fri Jun  6 10:03:02 CDT 2025: Checking if NextJS server is running...
/Users/sim/Project2/scripts/../scripts/run-simple-scheduled-reports.sh: line 16: node: command not found
Fri Jun  6 10:03:02 CDT 2025: NextJS server is not running. Skipping scheduled reports check.
Fri Jun  6 10:04:06 CDT 2025: Checking if NextJS server is running...
Fri Jun  6 10:04:06 CDT 2025: Running scheduled reports
/Users/sim/Project2/scripts/../scripts/run-simple-scheduled-reports.sh: line 16: node: command not found
Fri Jun  6 10:04:06 CDT 2025: NextJS server is not running. Skipping scheduled reports check.
Fri Jun  6 10:05:04 CDT 2025: Running scheduled reports
Fri Jun  6 10:05:04 CDT 2025: Checking if NextJS server is running...
/Users/sim/Project2/scripts/../scripts/run-simple-scheduled-reports.sh: line 16: node: command not found
Fri Jun  6 10:05:04 CDT 2025: NextJS server is not running. Skipping scheduled reports check.
Fri Jun  6 10:06:07 CDT 2025: Running scheduled reports
Fri Jun  6 10:06:07 CDT 2025: Checking if NextJS server is running...
/Users/sim/Project2/scripts/../scripts/run-simple-scheduled-reports.sh: line 16: node: command not found
Fri Jun  6 10:06:07 CDT 2025: NextJS server is not running. Skipping scheduled reports check.
Fri Jun  6 10:07:05 CDT 2025: Checking if NextJS server is running...
Fri Jun  6 10:07:05 CDT 2025: Running scheduled reports
/Users/sim/Project2/scripts/../scripts/run-simple-scheduled-reports.sh: line 16: node: command not found
Fri Jun  6 10:07:05 CDT 2025: NextJS server is not running. Skipping scheduled reports check.
Fri Jun  6 10:08:07 CDT 2025: Checking if NextJS server is running...
Fri Jun  6 10:08:07 CDT 2025: Running scheduled reports
/Users/sim/Project2/scripts/../scripts/run-simple-scheduled-reports.sh: line 16: node: command not found
Fri Jun  6 10:08:07 CDT 2025: NextJS server is not running. Skipping scheduled reports check.
Fri Jun  6 10:09:04 CDT 2025: Checking if NextJS server is running...
Fri Jun  6 10:09:04 CDT 2025: Running scheduled reports
/Users/sim/Project2/scripts/../scripts/run-simple-scheduled-reports.sh: line 16: node: command not found
Fri Jun  6 10:09:04 CDT 2025: NextJS server is not running. Skipping scheduled reports check.
Fri Jun  6 10:10:04 CDT 2025: Running scheduled reports
Fri Jun  6 10:10:04 CDT 2025: Checking if NextJS server is running...
/Users/sim/Project2/scripts/../scripts/run-simple-scheduled-reports.sh: line 16: node: command not found
Fri Jun  6 10:10:04 CDT 2025: NextJS server is not running. Skipping scheduled reports check.
Fri Jun  6 10:11:05 CDT 2025: Running scheduled reports
Fri Jun  6 10:11:05 CDT 2025: Checking if NextJS server is running...
/Users/sim/Project2/scripts/../scripts/run-simple-scheduled-reports.sh: line 16: node: command not found
Fri Jun  6 10:11:05 CDT 2025: NextJS server is not running. Skipping scheduled reports check.
Fri Jun  6 10:12:05 CDT 2025: Running scheduled reports
Fri Jun  6 10:12:05 CDT 2025: Checking if NextJS server is running...
/Users/sim/Project2/scripts/../scripts/run-simple-scheduled-reports.sh: line 16: node: command not found
Fri Jun  6 10:12:05 CDT 2025: NextJS server is not running. Skipping scheduled reports check.
Fri Jun  6 10:13:04 CDT 2025: Running scheduled reports
Fri Jun  6 10:13:04 CDT 2025: Checking if NextJS server is running...
/Users/sim/Project2/scripts/../scripts/run-simple-scheduled-reports.sh: line 16: node: command not found
Fri Jun  6 10:13:04 CDT 2025: NextJS server is not running. Skipping scheduled reports check.
Fri Jun  6 10:14:06 CDT 2025: Checking if NextJS server is running...
Fri Jun  6 10:14:06 CDT 2025: Running scheduled reports
/Users/sim/Project2/scripts/../scripts/run-simple-scheduled-reports.sh: line 16: node: command not found
Fri Jun  6 10:14:06 CDT 2025: NextJS server is not running. Skipping scheduled reports check.
Fri Jun  6 10:15:04 CDT 2025: Checking if NextJS server is running...
Fri Jun  6 10:15:04 CDT 2025: Running scheduled reports
/Users/sim/Project2/scripts/../scripts/run-simple-scheduled-reports.sh: line 16: node: command not found
Fri Jun  6 10:15:04 CDT 2025: NextJS server is not running. Skipping scheduled reports check.
Fri Jun  6 10:16:05 CDT 2025: Running scheduled reports
Fri Jun  6 10:16:05 CDT 2025: Checking if NextJS server is running...
/Users/sim/Project2/scripts/../scripts/run-simple-scheduled-reports.sh: line 16: node: command not found
Fri Jun  6 10:16:05 CDT 2025: NextJS server is not running. Skipping scheduled reports check.
Fri Jun  6 10:17:05 CDT 2025: Running scheduled reports
Fri Jun  6 10:17:05 CDT 2025: Checking if NextJS server is running...
/Users/sim/Project2/scripts/../scripts/run-simple-scheduled-reports.sh: line 16: node: command not found
Fri Jun  6 10:17:05 CDT 2025: NextJS server is not running. Skipping scheduled reports check.
Fri Jun  6 10:18:04 CDT 2025: Running scheduled reports
Fri Jun  6 10:18:04 CDT 2025: Checking if NextJS server is running...
/Users/sim/Project2/scripts/../scripts/run-simple-scheduled-reports.sh: line 16: node: command not found
Fri Jun  6 10:18:04 CDT 2025: NextJS server is not running. Skipping scheduled reports check.
Fri Jun  6 10:19:05 CDT 2025: Checking if NextJS server is running...
Fri Jun  6 10:19:05 CDT 2025: Running scheduled reports
/Users/sim/Project2/scripts/../scripts/run-simple-scheduled-reports.sh: line 16: node: command not found
Fri Jun  6 10:19:05 CDT 2025: NextJS server is not running. Skipping scheduled reports check.
Fri Jun  6 10:20:05 CDT 2025: Running scheduled reports
Fri Jun  6 10:20:05 CDT 2025: Checking if NextJS server is running...
/Users/sim/Project2/scripts/../scripts/run-simple-scheduled-reports.sh: line 16: node: command not found
Fri Jun  6 10:20:05 CDT 2025: NextJS server is not running. Skipping scheduled reports check.
Fri Jun  6 10:21:04 CDT 2025: Running scheduled reports
Fri Jun  6 10:21:04 CDT 2025: Checking if NextJS server is running...
/Users/sim/Project2/scripts/../scripts/run-simple-scheduled-reports.sh: line 16: node: command not found
Fri Jun  6 10:21:04 CDT 2025: NextJS server is not running. Skipping scheduled reports check.
Fri Jun  6 10:22:06 CDT 2025: Running scheduled reports
Fri Jun  6 10:22:06 CDT 2025: Checking if NextJS server is running...
/Users/sim/Project2/scripts/../scripts/run-simple-scheduled-reports.sh: line 16: node: command not found
Fri Jun  6 10:22:06 CDT 2025: NextJS server is not running. Skipping scheduled reports check.
Fri Jun  6 10:23:05 CDT 2025: Checking if NextJS server is running...
Fri Jun  6 10:23:05 CDT 2025: Running scheduled reports
/Users/sim/Project2/scripts/../scripts/run-simple-scheduled-reports.sh: line 16: node: command not found
Fri Jun  6 10:23:05 CDT 2025: NextJS server is not running. Skipping scheduled reports check.
Fri Jun  6 10:24:06 CDT 2025: Checking if NextJS server is running...
Fri Jun  6 10:24:06 CDT 2025: Running scheduled reports
/Users/sim/Project2/scripts/../scripts/run-simple-scheduled-reports.sh: line 16: node: command not found
Fri Jun  6 10:24:06 CDT 2025: NextJS server is not running. Skipping scheduled reports check.
Fri Jun  6 10:25:05 CDT 2025: Running scheduled reports
Fri Jun  6 10:25:05 CDT 2025: Checking if NextJS server is running...
/Users/sim/Project2/scripts/../scripts/run-simple-scheduled-reports.sh: line 16: node: command not found
Fri Jun  6 10:25:05 CDT 2025: NextJS server is not running. Skipping scheduled reports check.
Fri Jun  6 10:26:04 CDT 2025: Checking if NextJS server is running...
Fri Jun  6 10:26:04 CDT 2025: Running scheduled reports
/Users/sim/Project2/scripts/../scripts/run-simple-scheduled-reports.sh: line 16: node: command not found
Fri Jun  6 10:26:04 CDT 2025: NextJS server is not running. Skipping scheduled reports check.
Fri Jun  6 10:27:06 CDT 2025: Checking if NextJS server is running...
Fri Jun  6 10:27:06 CDT 2025: Running scheduled reports
/Users/sim/Project2/scripts/../scripts/run-simple-scheduled-reports.sh: line 16: node: command not found
Fri Jun  6 10:27:06 CDT 2025: NextJS server is not running. Skipping scheduled reports check.
Fri Jun  6 10:28:04 CDT 2025: Running scheduled reports
Fri Jun  6 10:28:04 CDT 2025: Checking if NextJS server is running...
/Users/sim/Project2/scripts/../scripts/run-simple-scheduled-reports.sh: line 16: node: command not found
Fri Jun  6 10:28:04 CDT 2025: NextJS server is not running. Skipping scheduled reports check.
Fri Jun  6 10:29:06 CDT 2025: Running scheduled reports
Fri Jun  6 10:29:06 CDT 2025: Checking if NextJS server is running...
/Users/sim/Project2/scripts/../scripts/run-simple-scheduled-reports.sh: line 16: node: command not found
Fri Jun  6 10:29:06 CDT 2025: NextJS server is not running. Skipping scheduled reports check.
Fri Jun  6 10:30:05 CDT 2025: Running scheduled reports
Fri Jun  6 10:30:05 CDT 2025: Checking if NextJS server is running...
/Users/sim/Project2/scripts/../scripts/run-simple-scheduled-reports.sh: line 16: node: command not found
Fri Jun  6 10:30:05 CDT 2025: NextJS server is not running. Skipping scheduled reports check.
Fri Jun  6 10:31:05 CDT 2025: Running scheduled reports
Fri Jun  6 10:31:05 CDT 2025: Checking if NextJS server is running...
/Users/sim/Project2/scripts/../scripts/run-simple-scheduled-reports.sh: line 16: node: command not found
Fri Jun  6 10:31:05 CDT 2025: NextJS server is not running. Skipping scheduled reports check.
Fri Jun  6 10:32:06 CDT 2025: Checking if NextJS server is running...
Fri Jun  6 10:32:06 CDT 2025: Running scheduled reports
/Users/sim/Project2/scripts/../scripts/run-simple-scheduled-reports.sh: line 16: node: command not found
Fri Jun  6 10:32:06 CDT 2025: NextJS server is not running. Skipping scheduled reports check.
Fri Jun  6 10:33:05 CDT 2025: Checking if NextJS server is running...
Fri Jun  6 10:33:05 CDT 2025: Running scheduled reports
/Users/sim/Project2/scripts/../scripts/run-simple-scheduled-reports.sh: line 16: node: command not found
Fri Jun  6 10:33:05 CDT 2025: NextJS server is not running. Skipping scheduled reports check.
Fri Jun  6 10:34:04 CDT 2025: Checking if NextJS server is running...
Fri Jun  6 10:34:04 CDT 2025: Running scheduled reports
/Users/sim/Project2/scripts/../scripts/run-simple-scheduled-reports.sh: line 16: node: command not found
Fri Jun  6 10:34:04 CDT 2025: NextJS server is not running. Skipping scheduled reports check.
Fri Jun  6 10:35:01 CDT 2025: Checking if NextJS server is running...
Fri Jun  6 10:35:01 CDT 2025: Running scheduled reports
/Users/sim/Project2/scripts/../scripts/run-simple-scheduled-reports.sh: line 16: node: command not found
Fri Jun  6 10:35:01 CDT 2025: NextJS server is not running. Skipping scheduled reports check.
Fri Jun  6 10:36:05 CDT 2025: Checking if NextJS server is running...
Fri Jun  6 10:36:05 CDT 2025: Running scheduled reports
/Users/sim/Project2/scripts/../scripts/run-simple-scheduled-reports.sh: line 16: node: command not found
Fri Jun  6 10:36:05 CDT 2025: NextJS server is not running. Skipping scheduled reports check.
Fri Jun  6 10:37:04 CDT 2025: Running scheduled reports
Fri Jun  6 10:37:04 CDT 2025: Checking if NextJS server is running...
/Users/sim/Project2/scripts/../scripts/run-simple-scheduled-reports.sh: line 16: node: command not found
Fri Jun  6 10:37:04 CDT 2025: NextJS server is not running. Skipping scheduled reports check.
Fri Jun  6 10:38:05 CDT 2025: Checking if NextJS server is running...
Fri Jun  6 10:38:05 CDT 2025: Running scheduled reports
/Users/sim/Project2/scripts/../scripts/run-simple-scheduled-reports.sh: line 16: node: command not found
Fri Jun  6 10:38:05 CDT 2025: NextJS server is not running. Skipping scheduled reports check.
Fri Jun  6 10:39:06 CDT 2025: Running scheduled reports
Fri Jun  6 10:39:06 CDT 2025: Checking if NextJS server is running...
/Users/sim/Project2/scripts/../scripts/run-simple-scheduled-reports.sh: line 16: node: command not found
Fri Jun  6 10:39:06 CDT 2025: NextJS server is not running. Skipping scheduled reports check.
Fri Jun  6 10:40:04 CDT 2025: Running scheduled reports
Fri Jun  6 10:40:04 CDT 2025: Checking if NextJS server is running...
/Users/sim/Project2/scripts/../scripts/run-simple-scheduled-reports.sh: line 16: node: command not found
Fri Jun  6 10:40:04 CDT 2025: NextJS server is not running. Skipping scheduled reports check.
Fri Jun  6 10:41:06 CDT 2025: Running scheduled reports
Fri Jun  6 10:41:06 CDT 2025: Checking if NextJS server is running...
/Users/sim/Project2/scripts/../scripts/run-simple-scheduled-reports.sh: line 16: node: command not found
Fri Jun  6 10:41:06 CDT 2025: NextJS server is not running. Skipping scheduled reports check.
Fri Jun  6 10:42:04 CDT 2025: Running scheduled reports
Fri Jun  6 10:42:04 CDT 2025: Checking if NextJS server is running...
/Users/sim/Project2/scripts/../scripts/run-simple-scheduled-reports.sh: line 16: node: command not found
Fri Jun  6 10:42:05 CDT 2025: NextJS server is not running. Skipping scheduled reports check.
Fri Jun  6 10:43:06 CDT 2025: Checking if NextJS server is running...
Fri Jun  6 10:43:06 CDT 2025: Running scheduled reports
/Users/sim/Project2/scripts/../scripts/run-simple-scheduled-reports.sh: line 16: node: command not found
Fri Jun  6 10:43:06 CDT 2025: NextJS server is not running. Skipping scheduled reports check.
Fri Jun  6 10:44:05 CDT 2025: Running scheduled reports
Fri Jun  6 10:44:05 CDT 2025: Checking if NextJS server is running...
/Users/sim/Project2/scripts/../scripts/run-simple-scheduled-reports.sh: line 16: node: command not found
Fri Jun  6 10:44:06 CDT 2025: NextJS server is not running. Skipping scheduled reports check.
Fri Jun  6 10:45:03 CDT 2025: Checking if NextJS server is running...
Fri Jun  6 10:45:03 CDT 2025: Running scheduled reports
/Users/sim/Project2/scripts/../scripts/run-simple-scheduled-reports.sh: line 16: node: command not found
Fri Jun  6 10:45:04 CDT 2025: NextJS server is not running. Skipping scheduled reports check.
Fri Jun  6 10:46:06 CDT 2025: Running scheduled reports
Fri Jun  6 10:46:06 CDT 2025: Checking if NextJS server is running...
/Users/sim/Project2/scripts/../scripts/run-simple-scheduled-reports.sh: line 16: node: command not found
Fri Jun  6 10:46:06 CDT 2025: NextJS server is not running. Skipping scheduled reports check.
Fri Jun  6 10:47:01 CDT 2025: Running scheduled reports
Fri Jun  6 10:47:01 CDT 2025: Checking if NextJS server is running...
/Users/sim/Project2/scripts/../scripts/run-simple-scheduled-reports.sh: line 16: node: command not found
Fri Jun  6 10:47:01 CDT 2025: NextJS server is not running. Skipping scheduled reports check.
Fri Jun  6 10:48:05 CDT 2025: Checking if NextJS server is running...
Fri Jun  6 10:48:05 CDT 2025: Running scheduled reports
/Users/sim/Project2/scripts/../scripts/run-simple-scheduled-reports.sh: line 16: node: command not found
Fri Jun  6 10:48:05 CDT 2025: NextJS server is not running. Skipping scheduled reports check.
Fri Jun  6 10:49:05 CDT 2025: Checking if NextJS server is running...
Fri Jun  6 10:49:05 CDT 2025: Running scheduled reports
/Users/sim/Project2/scripts/../scripts/run-simple-scheduled-reports.sh: line 16: node: command not found
Fri Jun  6 10:49:05 CDT 2025: NextJS server is not running. Skipping scheduled reports check.
Fri Jun  6 10:50:04 CDT 2025: Running scheduled reports
Fri Jun  6 10:50:04 CDT 2025: Checking if NextJS server is running...
/Users/sim/Project2/scripts/../scripts/run-simple-scheduled-reports.sh: line 16: node: command not found
Fri Jun  6 10:50:04 CDT 2025: NextJS server is not running. Skipping scheduled reports check.
Fri Jun  6 10:51:06 CDT 2025: Running scheduled reports
Fri Jun  6 10:51:06 CDT 2025: Checking if NextJS server is running...
/Users/sim/Project2/scripts/../scripts/run-simple-scheduled-reports.sh: line 16: node: command not found
Fri Jun  6 10:51:06 CDT 2025: NextJS server is not running. Skipping scheduled reports check.
Fri Jun  6 10:52:04 CDT 2025: Running scheduled reports
Fri Jun  6 10:52:04 CDT 2025: Checking if NextJS server is running...
/Users/sim/Project2/scripts/../scripts/run-simple-scheduled-reports.sh: line 16: node: command not found
Fri Jun  6 10:52:04 CDT 2025: NextJS server is not running. Skipping scheduled reports check.
Fri Jun  6 10:53:05 CDT 2025: Checking if NextJS server is running...
Fri Jun  6 10:53:05 CDT 2025: Running scheduled reports
/Users/sim/Project2/scripts/../scripts/run-simple-scheduled-reports.sh: line 16: node: command not found
Fri Jun  6 10:53:05 CDT 2025: NextJS server is not running. Skipping scheduled reports check.
Fri Jun  6 10:54:06 CDT 2025: Running scheduled reports
Fri Jun  6 10:54:06 CDT 2025: Checking if NextJS server is running...
/Users/sim/Project2/scripts/../scripts/run-simple-scheduled-reports.sh: line 16: node: command not found
Fri Jun  6 10:54:06 CDT 2025: NextJS server is not running. Skipping scheduled reports check.
Fri Jun  6 10:55:05 CDT 2025: Running scheduled reports
Fri Jun  6 10:55:05 CDT 2025: Checking if NextJS server is running...
/Users/sim/Project2/scripts/../scripts/run-simple-scheduled-reports.sh: line 16: node: command not found
Fri Jun  6 10:55:05 CDT 2025: NextJS server is not running. Skipping scheduled reports check.
Fri Jun  6 10:56:06 CDT 2025: Running scheduled reports
Fri Jun  6 10:56:06 CDT 2025: Checking if NextJS server is running...
/Users/sim/Project2/scripts/../scripts/run-simple-scheduled-reports.sh: line 16: node: command not found
Fri Jun  6 10:56:06 CDT 2025: NextJS server is not running. Skipping scheduled reports check.
Fri Jun  6 10:57:06 CDT 2025: Running scheduled reports
Fri Jun  6 10:57:06 CDT 2025: Checking if NextJS server is running...
/Users/sim/Project2/scripts/../scripts/run-simple-scheduled-reports.sh: line 16: node: command not found
Fri Jun  6 10:57:06 CDT 2025: NextJS server is not running. Skipping scheduled reports check.
Fri Jun  6 10:58:04 CDT 2025: Checking if NextJS server is running...
Fri Jun  6 10:58:04 CDT 2025: Running scheduled reports
/Users/sim/Project2/scripts/../scripts/run-simple-scheduled-reports.sh: line 16: node: command not found
Fri Jun  6 10:58:04 CDT 2025: NextJS server is not running. Skipping scheduled reports check.
Fri Jun  6 10:59:06 CDT 2025: Checking if NextJS server is running...
Fri Jun  6 10:59:06 CDT 2025: Running scheduled reports
/Users/sim/Project2/scripts/../scripts/run-simple-scheduled-reports.sh: line 16: node: command not found
Fri Jun  6 10:59:06 CDT 2025: NextJS server is not running. Skipping scheduled reports check.
Fri Jun  6 11:00:03 CDT 2025: Running scheduled reports
Fri Jun  6 11:00:03 CDT 2025: Checking if NextJS server is running...
/Users/sim/Project2/scripts/../scripts/run-simple-scheduled-reports.sh: line 16: node: command not found
Fri Jun  6 11:00:03 CDT 2025: NextJS server is not running. Skipping scheduled reports check.
Fri Jun  6 11:01:06 CDT 2025: Running scheduled reports
Fri Jun  6 11:01:06 CDT 2025: Checking if NextJS server is running...
/Users/sim/Project2/scripts/../scripts/run-simple-scheduled-reports.sh: line 16: node: command not found
Fri Jun  6 11:01:06 CDT 2025: NextJS server is not running. Skipping scheduled reports check.
Fri Jun  6 11:02:05 CDT 2025: Running scheduled reports
Fri Jun  6 11:02:05 CDT 2025: Checking if NextJS server is running...
/Users/sim/Project2/scripts/../scripts/run-simple-scheduled-reports.sh: line 16: node: command not found
Fri Jun  6 11:02:05 CDT 2025: NextJS server is not running. Skipping scheduled reports check.
Fri Jun  6 11:03:05 CDT 2025: Running scheduled reports
Fri Jun  6 11:03:05 CDT 2025: Checking if NextJS server is running...
/Users/sim/Project2/scripts/../scripts/run-simple-scheduled-reports.sh: line 16: node: command not found
Fri Jun  6 11:03:05 CDT 2025: NextJS server is not running. Skipping scheduled reports check.
Fri Jun  6 11:04:04 CDT 2025: Checking if NextJS server is running...
Fri Jun  6 11:04:04 CDT 2025: Running scheduled reports
/Users/sim/Project2/scripts/../scripts/run-simple-scheduled-reports.sh: line 16: node: command not found
Fri Jun  6 11:04:04 CDT 2025: NextJS server is not running. Skipping scheduled reports check.
Fri Jun  6 11:05:04 CDT 2025: Running scheduled reports
Fri Jun  6 11:05:04 CDT 2025: Checking if NextJS server is running...
/Users/sim/Project2/scripts/../scripts/run-simple-scheduled-reports.sh: line 16: node: command not found
Fri Jun  6 11:05:04 CDT 2025: NextJS server is not running. Skipping scheduled reports check.
Fri Jun  6 11:06:06 CDT 2025: Checking if NextJS server is running...
Fri Jun  6 11:06:06 CDT 2025: Running scheduled reports
/Users/sim/Project2/scripts/../scripts/run-simple-scheduled-reports.sh: line 16: node: command not found
Fri Jun  6 11:06:06 CDT 2025: NextJS server is not running. Skipping scheduled reports check.
Fri Jun  6 11:07:02 CDT 2025: Running scheduled reports
Fri Jun  6 11:07:02 CDT 2025: Checking if NextJS server is running...
/Users/sim/Project2/scripts/../scripts/run-simple-scheduled-reports.sh: line 16: node: command not found
Fri Jun  6 11:07:02 CDT 2025: NextJS server is not running. Skipping scheduled reports check.
Fri Jun  6 11:08:06 CDT 2025: Running scheduled reports
Fri Jun  6 11:08:06 CDT 2025: Checking if NextJS server is running...
/Users/sim/Project2/scripts/../scripts/run-simple-scheduled-reports.sh: line 16: node: command not found
Fri Jun  6 11:08:06 CDT 2025: NextJS server is not running. Skipping scheduled reports check.
Fri Jun  6 11:09:04 CDT 2025: Running scheduled reports
Fri Jun  6 11:09:04 CDT 2025: Checking if NextJS server is running...
/Users/sim/Project2/scripts/../scripts/run-simple-scheduled-reports.sh: line 16: node: command not found
Fri Jun  6 11:09:04 CDT 2025: NextJS server is not running. Skipping scheduled reports check.
Fri Jun  6 11:10:05 CDT 2025: Checking if NextJS server is running...
Fri Jun  6 11:10:05 CDT 2025: Running scheduled reports
/Users/sim/Project2/scripts/../scripts/run-simple-scheduled-reports.sh: line 16: node: command not found
Fri Jun  6 11:10:05 CDT 2025: NextJS server is not running. Skipping scheduled reports check.
Fri Jun  6 11:11:04 CDT 2025: Running scheduled reports
Fri Jun  6 11:11:04 CDT 2025: Checking if NextJS server is running...
/Users/sim/Project2/scripts/../scripts/run-simple-scheduled-reports.sh: line 16: node: command not found
Fri Jun  6 11:11:04 CDT 2025: NextJS server is not running. Skipping scheduled reports check.
Fri Jun  6 11:12:05 CDT 2025: Checking if NextJS server is running...
Fri Jun  6 11:12:05 CDT 2025: Running scheduled reports
/Users/sim/Project2/scripts/../scripts/run-simple-scheduled-reports.sh: line 16: node: command not found
Fri Jun  6 11:12:05 CDT 2025: NextJS server is not running. Skipping scheduled reports check.
Fri Jun  6 11:13:04 CDT 2025: Running scheduled reports
Fri Jun  6 11:13:04 CDT 2025: Checking if NextJS server is running...
/Users/sim/Project2/scripts/../scripts/run-simple-scheduled-reports.sh: line 16: node: command not found
Fri Jun  6 11:13:04 CDT 2025: NextJS server is not running. Skipping scheduled reports check.
Fri Jun  6 11:14:05 CDT 2025: Checking if NextJS server is running...
Fri Jun  6 11:14:05 CDT 2025: Running scheduled reports
/Users/sim/Project2/scripts/../scripts/run-simple-scheduled-reports.sh: line 16: node: command not found
Fri Jun  6 11:14:05 CDT 2025: NextJS server is not running. Skipping scheduled reports check.
Fri Jun  6 11:15:04 CDT 2025: Running scheduled reports
Fri Jun  6 11:15:04 CDT 2025: Checking if NextJS server is running...
/Users/sim/Project2/scripts/../scripts/run-simple-scheduled-reports.sh: line 16: node: command not found
Fri Jun  6 11:15:05 CDT 2025: NextJS server is not running. Skipping scheduled reports check.
Fri Jun  6 11:16:04 CDT 2025: Checking if NextJS server is running...
Fri Jun  6 11:16:04 CDT 2025: Running scheduled reports
/Users/sim/Project2/scripts/../scripts/run-simple-scheduled-reports.sh: line 16: node: command not found
Fri Jun  6 11:16:04 CDT 2025: NextJS server is not running. Skipping scheduled reports check.
Fri Jun  6 11:17:05 CDT 2025: Checking if NextJS server is running...
Fri Jun  6 11:17:05 CDT 2025: Running scheduled reports
/Users/sim/Project2/scripts/../scripts/run-simple-scheduled-reports.sh: line 16: node: command not found
Fri Jun  6 11:17:05 CDT 2025: NextJS server is not running. Skipping scheduled reports check.
Fri Jun  6 11:18:05 CDT 2025: Checking if NextJS server is running...
Fri Jun  6 11:18:05 CDT 2025: Running scheduled reports
/Users/sim/Project2/scripts/../scripts/run-simple-scheduled-reports.sh: line 16: node: command not found
Fri Jun  6 11:18:05 CDT 2025: NextJS server is not running. Skipping scheduled reports check.
Fri Jun  6 11:19:05 CDT 2025: Running scheduled reports
Fri Jun  6 11:19:05 CDT 2025: Checking if NextJS server is running...
/Users/sim/Project2/scripts/../scripts/run-simple-scheduled-reports.sh: line 16: node: command not found
Fri Jun  6 11:19:05 CDT 2025: NextJS server is not running. Skipping scheduled reports check.
Fri Jun  6 11:20:04 CDT 2025: Checking if NextJS server is running...
Fri Jun  6 11:20:04 CDT 2025: Running scheduled reports
/Users/sim/Project2/scripts/../scripts/run-simple-scheduled-reports.sh: line 16: node: command not found
Fri Jun  6 11:20:04 CDT 2025: NextJS server is not running. Skipping scheduled reports check.
Fri Jun  6 11:21:06 CDT 2025: Checking if NextJS server is running...
Fri Jun  6 11:21:06 CDT 2025: Running scheduled reports
/Users/sim/Project2/scripts/../scripts/run-simple-scheduled-reports.sh: line 16: node: command not found
Fri Jun  6 11:21:06 CDT 2025: NextJS server is not running. Skipping scheduled reports check.
Fri Jun  6 11:22:04 CDT 2025: Running scheduled reports
Fri Jun  6 11:22:04 CDT 2025: Checking if NextJS server is running...
/Users/sim/Project2/scripts/../scripts/run-simple-scheduled-reports.sh: line 16: node: command not found
Fri Jun  6 11:22:05 CDT 2025: NextJS server is not running. Skipping scheduled reports check.
Fri Jun  6 11:23:05 CDT 2025: Checking if NextJS server is running...
Fri Jun  6 11:23:05 CDT 2025: Running scheduled reports
/Users/sim/Project2/scripts/../scripts/run-simple-scheduled-reports.sh: line 16: node: command not found
Fri Jun  6 11:23:05 CDT 2025: NextJS server is not running. Skipping scheduled reports check.
Fri Jun  6 11:24:05 CDT 2025: Running scheduled reports
Fri Jun  6 11:24:05 CDT 2025: Checking if NextJS server is running...
/Users/sim/Project2/scripts/../scripts/run-simple-scheduled-reports.sh: line 16: node: command not found
Fri Jun  6 11:24:05 CDT 2025: NextJS server is not running. Skipping scheduled reports check.
Fri Jun  6 11:25:04 CDT 2025: Checking if NextJS server is running...
Fri Jun  6 11:25:04 CDT 2025: Running scheduled reports
/Users/sim/Project2/scripts/../scripts/run-simple-scheduled-reports.sh: line 16: node: command not found
Fri Jun  6 11:25:04 CDT 2025: NextJS server is not running. Skipping scheduled reports check.
Fri Jun  6 11:26:05 CDT 2025: Checking if NextJS server is running...
Fri Jun  6 11:26:05 CDT 2025: Running scheduled reports
/Users/sim/Project2/scripts/../scripts/run-simple-scheduled-reports.sh: line 16: node: command not found
Fri Jun  6 11:26:05 CDT 2025: NextJS server is not running. Skipping scheduled reports check.
Fri Jun  6 11:27:05 CDT 2025: Checking if NextJS server is running...
Fri Jun  6 11:27:05 CDT 2025: Running scheduled reports
/Users/sim/Project2/scripts/../scripts/run-simple-scheduled-reports.sh: line 16: node: command not found
Fri Jun  6 11:27:05 CDT 2025: NextJS server is not running. Skipping scheduled reports check.
Fri Jun  6 11:28:04 CDT 2025: Running scheduled reports
Fri Jun  6 11:28:04 CDT 2025: Checking if NextJS server is running...
/Users/sim/Project2/scripts/../scripts/run-simple-scheduled-reports.sh: line 16: node: command not found
Fri Jun  6 11:28:04 CDT 2025: NextJS server is not running. Skipping scheduled reports check.
Fri Jun  6 11:29:05 CDT 2025: Checking if NextJS server is running...
Fri Jun  6 11:29:05 CDT 2025: Running scheduled reports
/Users/sim/Project2/scripts/../scripts/run-simple-scheduled-reports.sh: line 16: node: command not found
Fri Jun  6 11:29:05 CDT 2025: NextJS server is not running. Skipping scheduled reports check.
Fri Jun  6 11:30:05 CDT 2025: Checking if NextJS server is running...
Fri Jun  6 11:30:05 CDT 2025: Running scheduled reports
/Users/sim/Project2/scripts/../scripts/run-simple-scheduled-reports.sh: line 16: node: command not found
Fri Jun  6 11:30:05 CDT 2025: NextJS server is not running. Skipping scheduled reports check.
Fri Jun  6 11:31:05 CDT 2025: Running scheduled reports
Fri Jun  6 11:31:05 CDT 2025: Checking if NextJS server is running...
/Users/sim/Project2/scripts/../scripts/run-simple-scheduled-reports.sh: line 16: node: command not found
Fri Jun  6 11:31:05 CDT 2025: NextJS server is not running. Skipping scheduled reports check.
Fri Jun  6 11:32:05 CDT 2025: Checking if NextJS server is running...
Fri Jun  6 11:32:05 CDT 2025: Running scheduled reports
/Users/sim/Project2/scripts/../scripts/run-simple-scheduled-reports.sh: line 16: node: command not found
Fri Jun  6 11:32:05 CDT 2025: NextJS server is not running. Skipping scheduled reports check.
Fri Jun  6 11:33:04 CDT 2025: Running scheduled reports
Fri Jun  6 11:33:04 CDT 2025: Checking if NextJS server is running...
/Users/sim/Project2/scripts/../scripts/run-simple-scheduled-reports.sh: line 16: node: command not found
Fri Jun  6 11:33:04 CDT 2025: NextJS server is not running. Skipping scheduled reports check.
Fri Jun  6 11:34:05 CDT 2025: Checking if NextJS server is running...
Fri Jun  6 11:34:05 CDT 2025: Running scheduled reports
/Users/sim/Project2/scripts/../scripts/run-simple-scheduled-reports.sh: line 16: node: command not found
Fri Jun  6 11:34:05 CDT 2025: NextJS server is not running. Skipping scheduled reports check.
Fri Jun  6 11:35:06 CDT 2025: Running scheduled reports
Fri Jun  6 11:35:06 CDT 2025: Checking if NextJS server is running...
/Users/sim/Project2/scripts/../scripts/run-simple-scheduled-reports.sh: line 16: node: command not found
Fri Jun  6 11:35:06 CDT 2025: NextJS server is not running. Skipping scheduled reports check.
Fri Jun  6 11:36:04 CDT 2025: Checking if NextJS server is running...
Fri Jun  6 11:36:04 CDT 2025: Running scheduled reports
/Users/sim/Project2/scripts/../scripts/run-simple-scheduled-reports.sh: line 16: node: command not found
Fri Jun  6 11:36:04 CDT 2025: NextJS server is not running. Skipping scheduled reports check.
Fri Jun  6 11:37:06 CDT 2025: Checking if NextJS server is running...
Fri Jun  6 11:37:06 CDT 2025: Running scheduled reports
/Users/sim/Project2/scripts/../scripts/run-simple-scheduled-reports.sh: line 16: node: command not found
Fri Jun  6 11:37:06 CDT 2025: NextJS server is not running. Skipping scheduled reports check.
Fri Jun  6 11:38:05 CDT 2025: Running scheduled reports
Fri Jun  6 11:38:05 CDT 2025: Checking if NextJS server is running...
/Users/sim/Project2/scripts/../scripts/run-simple-scheduled-reports.sh: line 16: node: command not found
Fri Jun  6 11:38:05 CDT 2025: NextJS server is not running. Skipping scheduled reports check.
Fri Jun  6 11:39:03 CDT 2025: Running scheduled reports
Fri Jun  6 11:39:03 CDT 2025: Checking if NextJS server is running...
/Users/sim/Project2/scripts/../scripts/run-simple-scheduled-reports.sh: line 16: node: command not found
Fri Jun  6 11:39:04 CDT 2025: NextJS server is not running. Skipping scheduled reports check.
Fri Jun  6 11:40:03 CDT 2025: Running scheduled reports
Fri Jun  6 11:40:03 CDT 2025: Checking if NextJS server is running...
/Users/sim/Project2/scripts/../scripts/run-simple-scheduled-reports.sh: line 16: node: command not found
Fri Jun  6 11:40:03 CDT 2025: NextJS server is not running. Skipping scheduled reports check.
Fri Jun  6 11:41:04 CDT 2025: Checking if NextJS server is running...
Fri Jun  6 11:41:04 CDT 2025: Running scheduled reports
/Users/sim/Project2/scripts/../scripts/run-simple-scheduled-reports.sh: line 16: node: command not found
Fri Jun  6 11:41:04 CDT 2025: NextJS server is not running. Skipping scheduled reports check.
Fri Jun  6 11:42:05 CDT 2025: Running scheduled reports
Fri Jun  6 11:42:05 CDT 2025: Checking if NextJS server is running...
/Users/sim/Project2/scripts/../scripts/run-simple-scheduled-reports.sh: line 16: node: command not found
Fri Jun  6 11:42:05 CDT 2025: NextJS server is not running. Skipping scheduled reports check.
Fri Jun  6 11:43:05 CDT 2025: Running scheduled reports
Fri Jun  6 11:43:05 CDT 2025: Checking if NextJS server is running...
/Users/sim/Project2/scripts/../scripts/run-simple-scheduled-reports.sh: line 16: node: command not found
Fri Jun  6 11:43:05 CDT 2025: NextJS server is not running. Skipping scheduled reports check.
Fri Jun  6 11:44:05 CDT 2025: Checking if NextJS server is running...
Fri Jun  6 11:44:05 CDT 2025: Running scheduled reports
/Users/sim/Project2/scripts/../scripts/run-simple-scheduled-reports.sh: line 16: node: command not found
Fri Jun  6 11:44:05 CDT 2025: NextJS server is not running. Skipping scheduled reports check.
Fri Jun  6 11:45:04 CDT 2025: Running scheduled reports
Fri Jun  6 11:45:04 CDT 2025: Checking if NextJS server is running...
/Users/sim/Project2/scripts/../scripts/run-simple-scheduled-reports.sh: line 16: node: command not found
Fri Jun  6 11:45:05 CDT 2025: NextJS server is not running. Skipping scheduled reports check.
Fri Jun  6 11:46:04 CDT 2025: Checking if NextJS server is running...
Fri Jun  6 11:46:04 CDT 2025: Running scheduled reports
/Users/sim/Project2/scripts/../scripts/run-simple-scheduled-reports.sh: line 16: node: command not found
Fri Jun  6 11:46:04 CDT 2025: NextJS server is not running. Skipping scheduled reports check.
Fri Jun  6 11:47:04 CDT 2025: Checking if NextJS server is running...
Fri Jun  6 11:47:04 CDT 2025: Running scheduled reports
/Users/sim/Project2/scripts/../scripts/run-simple-scheduled-reports.sh: line 16: node: command not found
Fri Jun  6 11:47:04 CDT 2025: NextJS server is not running. Skipping scheduled reports check.
Fri Jun  6 11:48:06 CDT 2025: Checking if NextJS server is running...
Fri Jun  6 11:48:06 CDT 2025: Running scheduled reports
/Users/sim/Project2/scripts/../scripts/run-simple-scheduled-reports.sh: line 16: node: command not found
Fri Jun  6 11:48:06 CDT 2025: NextJS server is not running. Skipping scheduled reports check.
Fri Jun  6 11:49:05 CDT 2025: Running scheduled reports
Fri Jun  6 11:49:05 CDT 2025: Checking if NextJS server is running...
/Users/sim/Project2/scripts/../scripts/run-simple-scheduled-reports.sh: line 16: node: command not found
Fri Jun  6 11:49:05 CDT 2025: NextJS server is not running. Skipping scheduled reports check.
Fri Jun  6 11:50:05 CDT 2025: Checking if NextJS server is running...
Fri Jun  6 11:50:05 CDT 2025: Running scheduled reports
/Users/sim/Project2/scripts/../scripts/run-simple-scheduled-reports.sh: line 16: node: command not found
Fri Jun  6 11:50:05 CDT 2025: NextJS server is not running. Skipping scheduled reports check.
Fri Jun  6 11:51:05 CDT 2025: Checking if NextJS server is running...
Fri Jun  6 11:51:05 CDT 2025: Running scheduled reports
Fri Jun  6 11:51:05 CDT 2025: NextJS server is not running. Skipping scheduled reports check.
/Users/sim/Project2/scripts/../scripts/run-simple-scheduled-reports.sh: line 16: node: command not found
Fri Jun  6 11:52:05 CDT 2025: Checking if NextJS server is running...
Fri Jun  6 11:52:05 CDT 2025: Running scheduled reports
/Users/sim/Project2/scripts/../scripts/run-simple-scheduled-reports.sh: line 16: node: command not found
Fri Jun  6 11:52:05 CDT 2025: NextJS server is not running. Skipping scheduled reports check.
Fri Jun  6 11:53:05 CDT 2025: Checking if NextJS server is running...
Fri Jun  6 11:53:05 CDT 2025: Running scheduled reports
/Users/sim/Project2/scripts/../scripts/run-simple-scheduled-reports.sh: line 16: node: command not found
Fri Jun  6 11:53:05 CDT 2025: NextJS server is not running. Skipping scheduled reports check.
Fri Jun  6 11:54:05 CDT 2025: Running scheduled reports
Fri Jun  6 11:54:05 CDT 2025: Checking if NextJS server is running...
/Users/sim/Project2/scripts/../scripts/run-simple-scheduled-reports.sh: line 16: node: command not found
Fri Jun  6 11:54:05 CDT 2025: NextJS server is not running. Skipping scheduled reports check.
Fri Jun  6 11:55:05 CDT 2025: Running scheduled reports
Fri Jun  6 11:55:05 CDT 2025: Checking if NextJS server is running...
/Users/sim/Project2/scripts/../scripts/run-simple-scheduled-reports.sh: line 16: node: command not found
Fri Jun  6 11:55:05 CDT 2025: NextJS server is not running. Skipping scheduled reports check.
Fri Jun  6 11:56:06 CDT 2025: Checking if NextJS server is running...
Fri Jun  6 11:56:06 CDT 2025: Running scheduled reports
/Users/sim/Project2/scripts/../scripts/run-simple-scheduled-reports.sh: line 16: node: command not found
Fri Jun  6 11:56:06 CDT 2025: NextJS server is not running. Skipping scheduled reports check.
Fri Jun  6 11:57:05 CDT 2025: Running scheduled reports
Fri Jun  6 11:57:05 CDT 2025: Checking if NextJS server is running...
/Users/sim/Project2/scripts/../scripts/run-simple-scheduled-reports.sh: line 16: node: command not found
Fri Jun  6 11:57:05 CDT 2025: NextJS server is not running. Skipping scheduled reports check.
Fri Jun  6 11:58:05 CDT 2025: Running scheduled reports
Fri Jun  6 11:58:05 CDT 2025: Checking if NextJS server is running...
/Users/sim/Project2/scripts/../scripts/run-simple-scheduled-reports.sh: line 16: node: command not found
Fri Jun  6 11:58:06 CDT 2025: NextJS server is not running. Skipping scheduled reports check.
Fri Jun  6 11:59:04 CDT 2025: Checking if NextJS server is running...
Fri Jun  6 11:59:04 CDT 2025: Running scheduled reports
/Users/sim/Project2/scripts/../scripts/run-simple-scheduled-reports.sh: line 16: node: command not found
Fri Jun  6 11:59:04 CDT 2025: NextJS server is not running. Skipping scheduled reports check.
Fri Jun  6 12:00:05 CDT 2025: Running scheduled reports
Fri Jun  6 12:00:05 CDT 2025: Checking if NextJS server is running...
/Users/sim/Project2/scripts/../scripts/run-simple-scheduled-reports.sh: line 16: node: command not found
Fri Jun  6 12:00:05 CDT 2025: NextJS server is not running. Skipping scheduled reports check.
Fri Jun  6 12:01:04 CDT 2025: Checking if NextJS server is running...
Fri Jun  6 12:01:04 CDT 2025: Running scheduled reports
/Users/sim/Project2/scripts/../scripts/run-simple-scheduled-reports.sh: line 16: node: command not found
Fri Jun  6 12:01:05 CDT 2025: NextJS server is not running. Skipping scheduled reports check.
Fri Jun  6 12:02:06 CDT 2025: Checking if NextJS server is running...
Fri Jun  6 12:02:06 CDT 2025: Running scheduled reports
/Users/sim/Project2/scripts/../scripts/run-simple-scheduled-reports.sh: line 16: node: command not found
Fri Jun  6 12:02:06 CDT 2025: NextJS server is not running. Skipping scheduled reports check.
Fri Jun  6 12:03:03 CDT 2025: Checking if NextJS server is running...
Fri Jun  6 12:03:03 CDT 2025: Running scheduled reports
/Users/sim/Project2/scripts/../scripts/run-simple-scheduled-reports.sh: line 16: node: command not found
Fri Jun  6 12:03:03 CDT 2025: NextJS server is not running. Skipping scheduled reports check.
Fri Jun  6 12:04:05 CDT 2025: Checking if NextJS server is running...
Fri Jun  6 12:04:05 CDT 2025: Running scheduled reports
/Users/sim/Project2/scripts/../scripts/run-simple-scheduled-reports.sh: line 16: node: command not found
Fri Jun  6 12:04:05 CDT 2025: NextJS server is not running. Skipping scheduled reports check.
Fri Jun  6 12:05:05 CDT 2025: Running scheduled reports
Fri Jun  6 12:05:05 CDT 2025: Checking if NextJS server is running...
/Users/sim/Project2/scripts/../scripts/run-simple-scheduled-reports.sh: line 16: node: command not found
Fri Jun  6 12:05:05 CDT 2025: NextJS server is not running. Skipping scheduled reports check.
Fri Jun  6 12:06:05 CDT 2025: Running scheduled reports
Fri Jun  6 12:06:05 CDT 2025: Checking if NextJS server is running...
/Users/sim/Project2/scripts/../scripts/run-simple-scheduled-reports.sh: line 16: node: command not found
Fri Jun  6 12:06:06 CDT 2025: NextJS server is not running. Skipping scheduled reports check.
Fri Jun  6 12:07:03 CDT 2025: Running scheduled reports
Fri Jun  6 12:07:03 CDT 2025: Checking if NextJS server is running...
/Users/sim/Project2/scripts/../scripts/run-simple-scheduled-reports.sh: line 16: node: command not found
Fri Jun  6 12:07:03 CDT 2025: NextJS server is not running. Skipping scheduled reports check.
Fri Jun  6 12:08:06 CDT 2025: Checking if NextJS server is running...
Fri Jun  6 12:08:06 CDT 2025: Running scheduled reports
/Users/sim/Project2/scripts/../scripts/run-simple-scheduled-reports.sh: line 16: node: command not found
Fri Jun  6 12:08:06 CDT 2025: NextJS server is not running. Skipping scheduled reports check.
Fri Jun  6 12:09:04 CDT 2025: Running scheduled reports
Fri Jun  6 12:09:04 CDT 2025: Checking if NextJS server is running...
/Users/sim/Project2/scripts/../scripts/run-simple-scheduled-reports.sh: line 16: node: command not found
Fri Jun  6 12:09:04 CDT 2025: NextJS server is not running. Skipping scheduled reports check.
Fri Jun  6 12:10:05 CDT 2025: Checking if NextJS server is running...
Fri Jun  6 12:10:05 CDT 2025: Running scheduled reports
/Users/sim/Project2/scripts/../scripts/run-simple-scheduled-reports.sh: line 16: node: command not found
Fri Jun  6 12:10:05 CDT 2025: NextJS server is not running. Skipping scheduled reports check.
Fri Jun  6 12:11:05 CDT 2025: Running scheduled reports
Fri Jun  6 12:11:05 CDT 2025: Checking if NextJS server is running...
/Users/sim/Project2/scripts/../scripts/run-simple-scheduled-reports.sh: line 16: node: command not found
Fri Jun  6 12:11:05 CDT 2025: NextJS server is not running. Skipping scheduled reports check.
Fri Jun  6 12:12:02 CDT 2025: Checking if NextJS server is running...
Fri Jun  6 12:12:02 CDT 2025: Running scheduled reports
/Users/sim/Project2/scripts/../scripts/run-simple-scheduled-reports.sh: line 16: node: command not found
Fri Jun  6 12:12:02 CDT 2025: NextJS server is not running. Skipping scheduled reports check.
Fri Jun  6 12:13:03 CDT 2025: Checking if NextJS server is running...
Fri Jun  6 12:13:03 CDT 2025: Running scheduled reports
/Users/sim/Project2/scripts/../scripts/run-simple-scheduled-reports.sh: line 16: node: command not found
Fri Jun  6 12:13:03 CDT 2025: NextJS server is not running. Skipping scheduled reports check.
Fri Jun  6 12:14:04 CDT 2025: Running scheduled reports
Fri Jun  6 12:14:04 CDT 2025: Checking if NextJS server is running...
/Users/sim/Project2/scripts/../scripts/run-simple-scheduled-reports.sh: line 16: node: command not found
Fri Jun  6 12:14:04 CDT 2025: NextJS server is not running. Skipping scheduled reports check.
Fri Jun  6 12:15:05 CDT 2025: Checking if NextJS server is running...
Fri Jun  6 12:15:05 CDT 2025: Running scheduled reports
/Users/sim/Project2/scripts/../scripts/run-simple-scheduled-reports.sh: line 16: node: command not found
Fri Jun  6 12:15:05 CDT 2025: NextJS server is not running. Skipping scheduled reports check.
Fri Jun  6 12:16:02 CDT 2025: Checking if NextJS server is running...
Fri Jun  6 12:16:02 CDT 2025: Running scheduled reports
/Users/sim/Project2/scripts/../scripts/run-simple-scheduled-reports.sh: line 16: node: command not found
Fri Jun  6 12:16:02 CDT 2025: NextJS server is not running. Skipping scheduled reports check.
Fri Jun  6 12:17:00 CDT 2025: Running scheduled reports
Fri Jun  6 12:17:00 CDT 2025: Checking if NextJS server is running...
/Users/sim/Project2/scripts/../scripts/run-simple-scheduled-reports.sh: line 16: node: command not found
Fri Jun  6 12:17:00 CDT 2025: NextJS server is not running. Skipping scheduled reports check.
Fri Jun  6 12:18:01 CDT 2025: Running scheduled reports
Fri Jun  6 12:18:01 CDT 2025: Checking if NextJS server is running...
/Users/sim/Project2/scripts/../scripts/run-simple-scheduled-reports.sh: line 16: node: command not found
Fri Jun  6 12:18:01 CDT 2025: NextJS server is not running. Skipping scheduled reports check.
Fri Jun  6 12:19:00 CDT 2025: Checking if NextJS server is running...
Fri Jun  6 12:19:00 CDT 2025: Running scheduled reports
/Users/sim/Project2/scripts/../scripts/run-simple-scheduled-reports.sh: line 16: node: command not found
Fri Jun  6 12:19:00 CDT 2025: NextJS server is not running. Skipping scheduled reports check.
Fri Jun  6 12:20:00 CDT 2025: Checking if NextJS server is running...
Fri Jun  6 12:20:00 CDT 2025: Running scheduled reports
/Users/sim/Project2/scripts/../scripts/run-simple-scheduled-reports.sh: line 16: node: command not found
Fri Jun  6 12:20:00 CDT 2025: NextJS server is not running. Skipping scheduled reports check.
Fri Jun  6 12:21:00 CDT 2025: Running scheduled reports
Fri Jun  6 12:21:00 CDT 2025: Checking if NextJS server is running...
/Users/sim/Project2/scripts/../scripts/run-simple-scheduled-reports.sh: line 16: node: command not found
Fri Jun  6 12:21:00 CDT 2025: NextJS server is not running. Skipping scheduled reports check.
Fri Jun  6 12:22:00 CDT 2025: Checking if NextJS server is running...
Fri Jun  6 12:22:00 CDT 2025: Running scheduled reports
/Users/sim/Project2/scripts/../scripts/run-simple-scheduled-reports.sh: line 16: node: command not found
Fri Jun  6 12:22:00 CDT 2025: NextJS server is not running. Skipping scheduled reports check.
Fri Jun  6 12:23:00 CDT 2025: Checking if NextJS server is running...
Fri Jun  6 12:23:00 CDT 2025: Running scheduled reports
/Users/sim/Project2/scripts/../scripts/run-simple-scheduled-reports.sh: line 16: node: command not found
Fri Jun  6 12:23:00 CDT 2025: NextJS server is not running. Skipping scheduled reports check.
Fri Jun  6 12:24:01 CDT 2025: Running scheduled reports
Fri Jun  6 12:24:01 CDT 2025: Checking if NextJS server is running...
/Users/sim/Project2/scripts/../scripts/run-simple-scheduled-reports.sh: line 16: node: command not found
Fri Jun  6 12:24:01 CDT 2025: NextJS server is not running. Skipping scheduled reports check.
Fri Jun  6 12:25:00 CDT 2025: Checking if NextJS server is running...
Fri Jun  6 12:25:00 CDT 2025: Running scheduled reports
/Users/sim/Project2/scripts/../scripts/run-simple-scheduled-reports.sh: line 16: node: command not found
Fri Jun  6 12:25:00 CDT 2025: NextJS server is not running. Skipping scheduled reports check.
Fri Jun  6 12:26:00 CDT 2025: Running scheduled reports
Fri Jun  6 12:26:00 CDT 2025: Checking if NextJS server is running...
/Users/sim/Project2/scripts/../scripts/run-simple-scheduled-reports.sh: line 16: node: command not found
Fri Jun  6 12:26:00 CDT 2025: NextJS server is not running. Skipping scheduled reports check.
Fri Jun  6 12:27:00 CDT 2025: Checking if NextJS server is running...
Fri Jun  6 12:27:00 CDT 2025: Running scheduled reports
/Users/sim/Project2/scripts/../scripts/run-simple-scheduled-reports.sh: line 16: node: command not found
Fri Jun  6 12:27:00 CDT 2025: NextJS server is not running. Skipping scheduled reports check.
Fri Jun  6 12:28:00 CDT 2025: Running scheduled reports
Fri Jun  6 12:28:00 CDT 2025: Checking if NextJS server is running...
/Users/sim/Project2/scripts/../scripts/run-simple-scheduled-reports.sh: line 16: node: command not found
Fri Jun  6 12:28:00 CDT 2025: NextJS server is not running. Skipping scheduled reports check.
Fri Jun  6 12:29:00 CDT 2025: Checking if NextJS server is running...
Fri Jun  6 12:29:00 CDT 2025: Running scheduled reports
/Users/sim/Project2/scripts/../scripts/run-simple-scheduled-reports.sh: line 16: node: command not found
Fri Jun  6 12:29:00 CDT 2025: NextJS server is not running. Skipping scheduled reports check.
Fri Jun  6 12:30:01 CDT 2025: Running scheduled reports
Fri Jun  6 12:30:01 CDT 2025: Checking if NextJS server is running...
/Users/sim/Project2/scripts/../scripts/run-simple-scheduled-reports.sh: line 16: node: command not found
Fri Jun  6 12:30:01 CDT 2025: NextJS server is not running. Skipping scheduled reports check.
Fri Jun  6 12:31:00 CDT 2025: Checking if NextJS server is running...
Fri Jun  6 12:31:00 CDT 2025: Running scheduled reports
/Users/sim/Project2/scripts/../scripts/run-simple-scheduled-reports.sh: line 16: node: command not found
Fri Jun  6 12:31:00 CDT 2025: NextJS server is not running. Skipping scheduled reports check.
Fri Jun  6 12:32:00 CDT 2025: Checking if NextJS server is running...
Fri Jun  6 12:32:00 CDT 2025: Running scheduled reports
/Users/sim/Project2/scripts/../scripts/run-simple-scheduled-reports.sh: line 16: node: command not found
Fri Jun  6 12:32:00 CDT 2025: NextJS server is not running. Skipping scheduled reports check.
Fri Jun  6 12:33:00 CDT 2025: Checking if NextJS server is running...
Fri Jun  6 12:33:00 CDT 2025: Running scheduled reports
/Users/sim/Project2/scripts/../scripts/run-simple-scheduled-reports.sh: line 16: node: command not found
Fri Jun  6 12:33:00 CDT 2025: NextJS server is not running. Skipping scheduled reports check.
Fri Jun  6 12:34:00 CDT 2025: Checking if NextJS server is running...
Fri Jun  6 12:34:00 CDT 2025: Running scheduled reports
/Users/sim/Project2/scripts/../scripts/run-simple-scheduled-reports.sh: line 16: node: command not found
Fri Jun  6 12:34:00 CDT 2025: NextJS server is not running. Skipping scheduled reports check.
Fri Jun  6 12:35:00 CDT 2025: Running scheduled reports
Fri Jun  6 12:35:00 CDT 2025: Checking if NextJS server is running...
/Users/sim/Project2/scripts/../scripts/run-simple-scheduled-reports.sh: line 16: node: command not found
Fri Jun  6 12:35:00 CDT 2025: NextJS server is not running. Skipping scheduled reports check.
Fri Jun  6 12:36:00 CDT 2025: Running scheduled reports
Fri Jun  6 12:36:00 CDT 2025: Checking if NextJS server is running...
/Users/sim/Project2/scripts/../scripts/run-simple-scheduled-reports.sh: line 16: node: command not found
Fri Jun  6 12:36:00 CDT 2025: NextJS server is not running. Skipping scheduled reports check.
Fri Jun  6 12:37:01 CDT 2025: Checking if NextJS server is running...
Fri Jun  6 12:37:01 CDT 2025: Running scheduled reports
/Users/sim/Project2/scripts/../scripts/run-simple-scheduled-reports.sh: line 16: node: command not found
Fri Jun  6 12:37:01 CDT 2025: NextJS server is not running. Skipping scheduled reports check.
Fri Jun  6 12:38:00 CDT 2025: Running scheduled reports
Fri Jun  6 12:38:00 CDT 2025: Checking if NextJS server is running...
/Users/sim/Project2/scripts/../scripts/run-simple-scheduled-reports.sh: line 16: node: command not found
Fri Jun  6 12:38:00 CDT 2025: NextJS server is not running. Skipping scheduled reports check.
Fri Jun  6 12:39:00 CDT 2025: Checking if NextJS server is running...
Fri Jun  6 12:39:00 CDT 2025: Running scheduled reports
/Users/sim/Project2/scripts/../scripts/run-simple-scheduled-reports.sh: line 16: node: command not found
Fri Jun  6 12:39:00 CDT 2025: NextJS server is not running. Skipping scheduled reports check.
Fri Jun  6 12:40:00 CDT 2025: Running scheduled reports
Fri Jun  6 12:40:00 CDT 2025: Checking if NextJS server is running...
/Users/sim/Project2/scripts/../scripts/run-simple-scheduled-reports.sh: line 16: node: command not found
Fri Jun  6 12:40:00 CDT 2025: NextJS server is not running. Skipping scheduled reports check.
Fri Jun  6 12:41:00 CDT 2025: Running scheduled reports
Fri Jun  6 12:41:00 CDT 2025: Checking if NextJS server is running...
/Users/sim/Project2/scripts/../scripts/run-simple-scheduled-reports.sh: line 16: node: command not found
Fri Jun  6 12:41:00 CDT 2025: NextJS server is not running. Skipping scheduled reports check.
Fri Jun  6 12:42:00 CDT 2025: Checking if NextJS server is running...
Fri Jun  6 12:42:00 CDT 2025: Running scheduled reports
/Users/sim/Project2/scripts/../scripts/run-simple-scheduled-reports.sh: line 16: node: command not found
Fri Jun  6 12:42:00 CDT 2025: NextJS server is not running. Skipping scheduled reports check.
Fri Jun  6 12:43:01 CDT 2025: Running scheduled reports
Fri Jun  6 12:43:01 CDT 2025: Checking if NextJS server is running...
/Users/sim/Project2/scripts/../scripts/run-simple-scheduled-reports.sh: line 16: node: command not found
Fri Jun  6 12:43:01 CDT 2025: NextJS server is not running. Skipping scheduled reports check.
Fri Jun  6 12:44:00 CDT 2025: Running scheduled reports
Fri Jun  6 12:44:00 CDT 2025: Checking if NextJS server is running...
/Users/sim/Project2/scripts/../scripts/run-simple-scheduled-reports.sh: line 16: node: command not found
Fri Jun  6 12:44:00 CDT 2025: NextJS server is not running. Skipping scheduled reports check.
Fri Jun  6 12:45:00 CDT 2025: Checking if NextJS server is running...
Fri Jun  6 12:45:00 CDT 2025: Running scheduled reports
/Users/sim/Project2/scripts/../scripts/run-simple-scheduled-reports.sh: line 16: node: command not found
Fri Jun  6 12:45:00 CDT 2025: NextJS server is not running. Skipping scheduled reports check.
Fri Jun  6 12:46:00 CDT 2025: Running scheduled reports
Fri Jun  6 12:46:00 CDT 2025: Checking if NextJS server is running...
/Users/sim/Project2/scripts/../scripts/run-simple-scheduled-reports.sh: line 16: node: command not found
Fri Jun  6 12:46:00 CDT 2025: NextJS server is not running. Skipping scheduled reports check.
Fri Jun  6 12:47:00 CDT 2025: Running scheduled reports
Fri Jun  6 12:47:00 CDT 2025: Checking if NextJS server is running...
/Users/sim/Project2/scripts/../scripts/run-simple-scheduled-reports.sh: line 16: node: command not found
Fri Jun  6 12:47:00 CDT 2025: NextJS server is not running. Skipping scheduled reports check.
Fri Jun  6 12:48:00 CDT 2025: Checking if NextJS server is running...
Fri Jun  6 12:48:00 CDT 2025: Running scheduled reports
/Users/sim/Project2/scripts/../scripts/run-simple-scheduled-reports.sh: line 16: node: command not found
Fri Jun  6 12:48:00 CDT 2025: NextJS server is not running. Skipping scheduled reports check.
Fri Jun  6 12:49:01 CDT 2025: Checking if NextJS server is running...
Fri Jun  6 12:49:01 CDT 2025: Running scheduled reports
/Users/sim/Project2/scripts/../scripts/run-simple-scheduled-reports.sh: line 16: node: command not found
Fri Jun  6 12:49:01 CDT 2025: NextJS server is not running. Skipping scheduled reports check.
Fri Jun  6 12:50:00 CDT 2025: Running scheduled reports
Fri Jun  6 12:50:00 CDT 2025: Checking if NextJS server is running...
/Users/sim/Project2/scripts/../scripts/run-simple-scheduled-reports.sh: line 16: node: command not found
Fri Jun  6 12:50:00 CDT 2025: NextJS server is not running. Skipping scheduled reports check.
Fri Jun  6 12:51:00 CDT 2025: Running scheduled reports
Fri Jun  6 12:51:00 CDT 2025: Checking if NextJS server is running...
/Users/sim/Project2/scripts/../scripts/run-simple-scheduled-reports.sh: line 16: node: command not found
Fri Jun  6 12:51:00 CDT 2025: NextJS server is not running. Skipping scheduled reports check.
Fri Jun  6 12:52:00 CDT 2025: Running scheduled reports
Fri Jun  6 12:52:00 CDT 2025: Checking if NextJS server is running...
/Users/sim/Project2/scripts/../scripts/run-simple-scheduled-reports.sh: line 16: node: command not found
Fri Jun  6 12:52:00 CDT 2025: NextJS server is not running. Skipping scheduled reports check.
Fri Jun  6 12:53:00 CDT 2025: Running scheduled reports
Fri Jun  6 12:53:00 CDT 2025: Checking if NextJS server is running...
/Users/sim/Project2/scripts/../scripts/run-simple-scheduled-reports.sh: line 16: node: command not found
Fri Jun  6 12:53:00 CDT 2025: NextJS server is not running. Skipping scheduled reports check.
Fri Jun  6 12:54:00 CDT 2025: Running scheduled reports
Fri Jun  6 12:54:00 CDT 2025: Checking if NextJS server is running...
/Users/sim/Project2/scripts/../scripts/run-simple-scheduled-reports.sh: line 16: node: command not found
Fri Jun  6 12:54:00 CDT 2025: NextJS server is not running. Skipping scheduled reports check.
Fri Jun  6 12:55:01 CDT 2025: Checking if NextJS server is running...
Fri Jun  6 12:55:01 CDT 2025: Running scheduled reports
/Users/sim/Project2/scripts/../scripts/run-simple-scheduled-reports.sh: line 16: node: command not found
Fri Jun  6 12:55:01 CDT 2025: NextJS server is not running. Skipping scheduled reports check.
Fri Jun  6 12:56:00 CDT 2025: Running scheduled reports
Fri Jun  6 12:56:00 CDT 2025: Checking if NextJS server is running...
/Users/sim/Project2/scripts/../scripts/run-simple-scheduled-reports.sh: line 16: node: command not found
Fri Jun  6 12:56:00 CDT 2025: NextJS server is not running. Skipping scheduled reports check.
Fri Jun  6 12:57:00 CDT 2025: Checking if NextJS server is running...
Fri Jun  6 12:57:00 CDT 2025: Running scheduled reports
/Users/sim/Project2/scripts/../scripts/run-simple-scheduled-reports.sh: line 16: node: command not found
Fri Jun  6 12:57:00 CDT 2025: NextJS server is not running. Skipping scheduled reports check.
Fri Jun  6 12:58:00 CDT 2025: Checking if NextJS server is running...
Fri Jun  6 12:58:00 CDT 2025: Running scheduled reports
/Users/sim/Project2/scripts/../scripts/run-simple-scheduled-reports.sh: line 16: node: command not found
Fri Jun  6 12:58:00 CDT 2025: NextJS server is not running. Skipping scheduled reports check.
Fri Jun  6 12:59:00 CDT 2025: Running scheduled reports
Fri Jun  6 12:59:00 CDT 2025: Checking if NextJS server is running...
/Users/sim/Project2/scripts/../scripts/run-simple-scheduled-reports.sh: line 16: node: command not found
Fri Jun  6 12:59:00 CDT 2025: NextJS server is not running. Skipping scheduled reports check.
Fri Jun  6 13:00:01 CDT 2025: Running scheduled reports
Fri Jun  6 13:00:01 CDT 2025: Checking if NextJS server is running...
/Users/sim/Project2/scripts/../scripts/run-simple-scheduled-reports.sh: line 16: node: command not found
Fri Jun  6 13:00:01 CDT 2025: NextJS server is not running. Skipping scheduled reports check.
Fri Jun  6 13:01:00 CDT 2025: Checking if NextJS server is running...
Fri Jun  6 13:01:00 CDT 2025: Running scheduled reports
/Users/sim/Project2/scripts/../scripts/run-simple-scheduled-reports.sh: line 16: node: command not found
Fri Jun  6 13:01:00 CDT 2025: NextJS server is not running. Skipping scheduled reports check.
Fri Jun  6 13:02:00 CDT 2025: Running scheduled reports
Fri Jun  6 13:02:00 CDT 2025: Checking if NextJS server is running...
/Users/sim/Project2/scripts/../scripts/run-simple-scheduled-reports.sh: line 16: node: command not found
Fri Jun  6 13:02:00 CDT 2025: NextJS server is not running. Skipping scheduled reports check.
Fri Jun  6 13:03:00 CDT 2025: Running scheduled reports
Fri Jun  6 13:03:00 CDT 2025: Checking if NextJS server is running...
/Users/sim/Project2/scripts/../scripts/run-simple-scheduled-reports.sh: line 16: node: command not found
Fri Jun  6 13:03:00 CDT 2025: NextJS server is not running. Skipping scheduled reports check.
Fri Jun  6 13:04:00 CDT 2025: Checking if NextJS server is running...
Fri Jun  6 13:04:00 CDT 2025: Running scheduled reports
/Users/sim/Project2/scripts/../scripts/run-simple-scheduled-reports.sh: line 16: node: command not found
Fri Jun  6 13:04:00 CDT 2025: NextJS server is not running. Skipping scheduled reports check.
Fri Jun  6 13:05:00 CDT 2025: Running scheduled reports
Fri Jun  6 13:05:00 CDT 2025: Checking if NextJS server is running...
/Users/sim/Project2/scripts/../scripts/run-simple-scheduled-reports.sh: line 16: node: command not found
Fri Jun  6 13:05:00 CDT 2025: NextJS server is not running. Skipping scheduled reports check.
Fri Jun  6 13:06:00 CDT 2025: Checking if NextJS server is running...
Fri Jun  6 13:06:00 CDT 2025: Running scheduled reports
/Users/sim/Project2/scripts/../scripts/run-simple-scheduled-reports.sh: line 16: node: command not found
Fri Jun  6 13:06:01 CDT 2025: NextJS server is not running. Skipping scheduled reports check.
Fri Jun  6 13:07:00 CDT 2025: Running scheduled reports
Fri Jun  6 13:07:00 CDT 2025: Checking if NextJS server is running...
/Users/sim/Project2/scripts/../scripts/run-simple-scheduled-reports.sh: line 16: node: command not found
Fri Jun  6 13:07:00 CDT 2025: NextJS server is not running. Skipping scheduled reports check.
Fri Jun  6 13:08:00 CDT 2025: Running scheduled reports
Fri Jun  6 13:08:00 CDT 2025: Checking if NextJS server is running...
/Users/sim/Project2/scripts/../scripts/run-simple-scheduled-reports.sh: line 16: node: command not found
Fri Jun  6 13:08:00 CDT 2025: NextJS server is not running. Skipping scheduled reports check.
Fri Jun  6 13:09:00 CDT 2025: Checking if NextJS server is running...
Fri Jun  6 13:09:00 CDT 2025: Running scheduled reports
/Users/sim/Project2/scripts/../scripts/run-simple-scheduled-reports.sh: line 16: node: command not found
Fri Jun  6 13:09:00 CDT 2025: NextJS server is not running. Skipping scheduled reports check.
Fri Jun  6 13:10:00 CDT 2025: Running scheduled reports
Fri Jun  6 13:10:00 CDT 2025: Checking if NextJS server is running...
/Users/sim/Project2/scripts/../scripts/run-simple-scheduled-reports.sh: line 16: node: command not found
Fri Jun  6 13:10:00 CDT 2025: NextJS server is not running. Skipping scheduled reports check.
Fri Jun  6 13:11:00 CDT 2025: Running scheduled reports
Fri Jun  6 13:11:00 CDT 2025: Checking if NextJS server is running...
/Users/sim/Project2/scripts/../scripts/run-simple-scheduled-reports.sh: line 16: node: command not found
Fri Jun  6 13:11:00 CDT 2025: NextJS server is not running. Skipping scheduled reports check.
Fri Jun  6 13:12:01 CDT 2025: Running scheduled reports
Fri Jun  6 13:12:01 CDT 2025: Checking if NextJS server is running...
/Users/sim/Project2/scripts/../scripts/run-simple-scheduled-reports.sh: line 16: node: command not found
Fri Jun  6 13:12:01 CDT 2025: NextJS server is not running. Skipping scheduled reports check.
Fri Jun  6 13:13:00 CDT 2025: Checking if NextJS server is running...
Fri Jun  6 13:13:00 CDT 2025: Running scheduled reports
/Users/sim/Project2/scripts/../scripts/run-simple-scheduled-reports.sh: line 16: node: command not found
Fri Jun  6 13:13:00 CDT 2025: NextJS server is not running. Skipping scheduled reports check.
Fri Jun  6 13:14:00 CDT 2025: Running scheduled reports
Fri Jun  6 13:14:00 CDT 2025: Checking if NextJS server is running...
/Users/sim/Project2/scripts/../scripts/run-simple-scheduled-reports.sh: line 16: node: command not found
Fri Jun  6 13:14:00 CDT 2025: NextJS server is not running. Skipping scheduled reports check.
Fri Jun  6 13:15:00 CDT 2025: Checking if NextJS server is running...
Fri Jun  6 13:15:00 CDT 2025: Running scheduled reports
/Users/sim/Project2/scripts/../scripts/run-simple-scheduled-reports.sh: line 16: node: command not found
Fri Jun  6 13:15:00 CDT 2025: NextJS server is not running. Skipping scheduled reports check.
Fri Jun  6 13:16:01 CDT 2025: Checking if NextJS server is running...
Fri Jun  6 13:16:01 CDT 2025: Running scheduled reports
/Users/sim/Project2/scripts/../scripts/run-simple-scheduled-reports.sh: line 16: node: command not found
Fri Jun  6 13:16:01 CDT 2025: NextJS server is not running. Skipping scheduled reports check.
Fri Jun  6 13:17:00 CDT 2025: Checking if NextJS server is running...
Fri Jun  6 13:17:00 CDT 2025: Running scheduled reports
/Users/sim/Project2/scripts/../scripts/run-simple-scheduled-reports.sh: line 16: node: command not found
Fri Jun  6 13:17:00 CDT 2025: NextJS server is not running. Skipping scheduled reports check.
Fri Jun  6 13:18:00 CDT 2025: Checking if NextJS server is running...
Fri Jun  6 13:18:00 CDT 2025: Running scheduled reports
/Users/sim/Project2/scripts/../scripts/run-simple-scheduled-reports.sh: line 16: node: command not found
Fri Jun  6 13:18:00 CDT 2025: NextJS server is not running. Skipping scheduled reports check.
Fri Jun  6 13:19:00 CDT 2025: Checking if NextJS server is running...
Fri Jun  6 13:19:00 CDT 2025: Running scheduled reports
/Users/sim/Project2/scripts/../scripts/run-simple-scheduled-reports.sh: line 16: node: command not found
Fri Jun  6 13:19:00 CDT 2025: NextJS server is not running. Skipping scheduled reports check.
Fri Jun  6 13:20:01 CDT 2025: Checking if NextJS server is running...
Fri Jun  6 13:20:01 CDT 2025: Running scheduled reports
/Users/sim/Project2/scripts/../scripts/run-simple-scheduled-reports.sh: line 16: node: command not found
Fri Jun  6 13:20:01 CDT 2025: NextJS server is not running. Skipping scheduled reports check.
Fri Jun  6 13:21:00 CDT 2025: Checking if NextJS server is running...
Fri Jun  6 13:21:00 CDT 2025: Running scheduled reports
/Users/sim/Project2/scripts/../scripts/run-simple-scheduled-reports.sh: line 16: node: command not found
Fri Jun  6 13:21:00 CDT 2025: NextJS server is not running. Skipping scheduled reports check.
Fri Jun  6 13:22:00 CDT 2025: Checking if NextJS server is running...
Fri Jun  6 13:22:00 CDT 2025: Running scheduled reports
/Users/sim/Project2/scripts/../scripts/run-simple-scheduled-reports.sh: line 16: node: command not found
Fri Jun  6 13:22:00 CDT 2025: NextJS server is not running. Skipping scheduled reports check.
Fri Jun  6 13:23:00 CDT 2025: Checking if NextJS server is running...
Fri Jun  6 13:23:00 CDT 2025: Running scheduled reports
/Users/sim/Project2/scripts/../scripts/run-simple-scheduled-reports.sh: line 16: node: command not found
Fri Jun  6 13:23:00 CDT 2025: NextJS server is not running. Skipping scheduled reports check.
Fri Jun  6 13:24:00 CDT 2025: Running scheduled reports
Fri Jun  6 13:24:00 CDT 2025: Checking if NextJS server is running...
/Users/sim/Project2/scripts/../scripts/run-simple-scheduled-reports.sh: line 16: node: command not found
Fri Jun  6 13:24:01 CDT 2025: NextJS server is not running. Skipping scheduled reports check.
Fri Jun  6 13:25:00 CDT 2025: Checking if NextJS server is running...
Fri Jun  6 13:25:00 CDT 2025: Running scheduled reports
/Users/sim/Project2/scripts/../scripts/run-simple-scheduled-reports.sh: line 16: node: command not found
Fri Jun  6 13:25:00 CDT 2025: NextJS server is not running. Skipping scheduled reports check.
Fri Jun  6 13:26:00 CDT 2025: Checking if NextJS server is running...
Fri Jun  6 13:26:00 CDT 2025: Running scheduled reports
/Users/sim/Project2/scripts/../scripts/run-simple-scheduled-reports.sh: line 16: node: command not found
Fri Jun  6 13:26:00 CDT 2025: NextJS server is not running. Skipping scheduled reports check.
Fri Jun  6 13:27:00 CDT 2025: Checking if NextJS server is running...
Fri Jun  6 13:27:00 CDT 2025: Running scheduled reports
/Users/sim/Project2/scripts/../scripts/run-simple-scheduled-reports.sh: line 16: node: command not found
Fri Jun  6 13:27:00 CDT 2025: NextJS server is not running. Skipping scheduled reports check.
Fri Jun  6 13:28:00 CDT 2025: Checking if NextJS server is running...
Fri Jun  6 13:28:00 CDT 2025: Running scheduled reports
/Users/sim/Project2/scripts/../scripts/run-simple-scheduled-reports.sh: line 16: node: command not found
Fri Jun  6 13:28:00 CDT 2025: NextJS server is not running. Skipping scheduled reports check.
Fri Jun  6 13:29:01 CDT 2025: Checking if NextJS server is running...
Fri Jun  6 13:29:01 CDT 2025: Running scheduled reports
/Users/sim/Project2/scripts/../scripts/run-simple-scheduled-reports.sh: line 16: node: command not found
Fri Jun  6 13:29:01 CDT 2025: NextJS server is not running. Skipping scheduled reports check.
Fri Jun  6 13:30:00 CDT 2025: Checking if NextJS server is running...
Fri Jun  6 13:30:00 CDT 2025: Running scheduled reports
/Users/sim/Project2/scripts/../scripts/run-simple-scheduled-reports.sh: line 16: node: command not found
Fri Jun  6 13:30:00 CDT 2025: NextJS server is not running. Skipping scheduled reports check.
Fri Jun  6 13:31:00 CDT 2025: Running scheduled reports
Fri Jun  6 13:31:00 CDT 2025: Checking if NextJS server is running...
/Users/sim/Project2/scripts/../scripts/run-simple-scheduled-reports.sh: line 16: node: command not found
Fri Jun  6 13:31:00 CDT 2025: NextJS server is not running. Skipping scheduled reports check.
Fri Jun  6 13:32:00 CDT 2025: Checking if NextJS server is running...
Fri Jun  6 13:32:00 CDT 2025: Running scheduled reports
/Users/sim/Project2/scripts/../scripts/run-simple-scheduled-reports.sh: line 16: node: command not found
Fri Jun  6 13:32:00 CDT 2025: NextJS server is not running. Skipping scheduled reports check.
Fri Jun  6 13:33:00 CDT 2025: Checking if NextJS server is running...
Fri Jun  6 13:33:00 CDT 2025: Running scheduled reports
/Users/sim/Project2/scripts/../scripts/run-simple-scheduled-reports.sh: line 16: node: command not found
Fri Jun  6 13:33:00 CDT 2025: NextJS server is not running. Skipping scheduled reports check.
Fri Jun  6 13:34:00 CDT 2025: Checking if NextJS server is running...
Fri Jun  6 13:34:00 CDT 2025: Running scheduled reports
/Users/sim/Project2/scripts/../scripts/run-simple-scheduled-reports.sh: line 16: node: command not found
Fri Jun  6 13:34:00 CDT 2025: NextJS server is not running. Skipping scheduled reports check.
Fri Jun  6 13:35:01 CDT 2025: Running scheduled reports
Fri Jun  6 13:35:01 CDT 2025: Checking if NextJS server is running...
/Users/sim/Project2/scripts/../scripts/run-simple-scheduled-reports.sh: line 16: node: command not found
Fri Jun  6 13:35:01 CDT 2025: NextJS server is not running. Skipping scheduled reports check.
Fri Jun  6 13:36:00 CDT 2025: Running scheduled reports
Fri Jun  6 13:36:00 CDT 2025: Checking if NextJS server is running...
/Users/sim/Project2/scripts/../scripts/run-simple-scheduled-reports.sh: line 16: node: command not found
Fri Jun  6 13:36:00 CDT 2025: NextJS server is not running. Skipping scheduled reports check.
Fri Jun  6 13:37:00 CDT 2025: Checking if NextJS server is running...
Fri Jun  6 13:37:00 CDT 2025: Running scheduled reports
/Users/sim/Project2/scripts/../scripts/run-simple-scheduled-reports.sh: line 16: node: command not found
Fri Jun  6 13:37:00 CDT 2025: NextJS server is not running. Skipping scheduled reports check.
Fri Jun  6 13:38:00 CDT 2025: Running scheduled reports
Fri Jun  6 13:38:00 CDT 2025: Checking if NextJS server is running...
/Users/sim/Project2/scripts/../scripts/run-simple-scheduled-reports.sh: line 16: node: command not found
Fri Jun  6 13:38:00 CDT 2025: NextJS server is not running. Skipping scheduled reports check.
Fri Jun  6 13:39:01 CDT 2025: Running scheduled reports
Fri Jun  6 13:39:01 CDT 2025: Checking if NextJS server is running...
/Users/sim/Project2/scripts/../scripts/run-simple-scheduled-reports.sh: line 16: node: command not found
Fri Jun  6 13:39:01 CDT 2025: NextJS server is not running. Skipping scheduled reports check.
Fri Jun  6 13:40:00 CDT 2025: Checking if NextJS server is running...
Fri Jun  6 13:40:00 CDT 2025: Running scheduled reports
/Users/sim/Project2/scripts/../scripts/run-simple-scheduled-reports.sh: line 16: node: command not found
Fri Jun  6 13:40:00 CDT 2025: NextJS server is not running. Skipping scheduled reports check.
Fri Jun  6 13:41:00 CDT 2025: Running scheduled reports
Fri Jun  6 13:41:00 CDT 2025: Checking if NextJS server is running...
/Users/sim/Project2/scripts/../scripts/run-simple-scheduled-reports.sh: line 16: node: command not found
Fri Jun  6 13:41:00 CDT 2025: NextJS server is not running. Skipping scheduled reports check.
Fri Jun  6 13:42:00 CDT 2025: Running scheduled reports
Fri Jun  6 13:42:00 CDT 2025: Checking if NextJS server is running...
/Users/sim/Project2/scripts/../scripts/run-simple-scheduled-reports.sh: line 16: node: command not found
Fri Jun  6 13:42:00 CDT 2025: NextJS server is not running. Skipping scheduled reports check.
Fri Jun  6 13:43:00 CDT 2025: Running scheduled reports
Fri Jun  6 13:43:00 CDT 2025: Checking if NextJS server is running...
/Users/sim/Project2/scripts/../scripts/run-simple-scheduled-reports.sh: line 16: node: command not found
Fri Jun  6 13:43:00 CDT 2025: NextJS server is not running. Skipping scheduled reports check.
Fri Jun  6 13:44:00 CDT 2025: Checking if NextJS server is running...
Fri Jun  6 13:44:00 CDT 2025: Running scheduled reports
/Users/sim/Project2/scripts/../scripts/run-simple-scheduled-reports.sh: line 16: node: command not found
Fri Jun  6 13:44:01 CDT 2025: NextJS server is not running. Skipping scheduled reports check.
Fri Jun  6 13:45:00 CDT 2025: Checking if NextJS server is running...
Fri Jun  6 13:45:00 CDT 2025: Running scheduled reports
/Users/sim/Project2/scripts/../scripts/run-simple-scheduled-reports.sh: line 16: node: command not found
Fri Jun  6 13:45:00 CDT 2025: NextJS server is not running. Skipping scheduled reports check.
Fri Jun  6 13:46:00 CDT 2025: Checking if NextJS server is running...
Fri Jun  6 13:46:00 CDT 2025: Running scheduled reports
/Users/sim/Project2/scripts/../scripts/run-simple-scheduled-reports.sh: line 16: node: command not found
Fri Jun  6 13:46:00 CDT 2025: NextJS server is not running. Skipping scheduled reports check.
Fri Jun  6 13:47:00 CDT 2025: Checking if NextJS server is running...
Fri Jun  6 13:47:00 CDT 2025: Running scheduled reports
/Users/sim/Project2/scripts/../scripts/run-simple-scheduled-reports.sh: line 16: node: command not found
Fri Jun  6 13:47:00 CDT 2025: NextJS server is not running. Skipping scheduled reports check.
Fri Jun  6 13:48:00 CDT 2025: Checking if NextJS server is running...
Fri Jun  6 13:48:00 CDT 2025: Running scheduled reports
/Users/sim/Project2/scripts/../scripts/run-simple-scheduled-reports.sh: line 16: node: command not found
Fri Jun  6 13:48:00 CDT 2025: NextJS server is not running. Skipping scheduled reports check.
Fri Jun  6 13:49:01 CDT 2025: Checking if NextJS server is running...
Fri Jun  6 13:49:01 CDT 2025: Running scheduled reports
/Users/sim/Project2/scripts/../scripts/run-simple-scheduled-reports.sh: line 16: node: command not found
Fri Jun  6 13:49:01 CDT 2025: NextJS server is not running. Skipping scheduled reports check.
Fri Jun  6 13:50:00 CDT 2025: Checking if NextJS server is running...
Fri Jun  6 13:50:00 CDT 2025: Running scheduled reports
/Users/sim/Project2/scripts/../scripts/run-simple-scheduled-reports.sh: line 16: node: command not found
Fri Jun  6 13:50:00 CDT 2025: NextJS server is not running. Skipping scheduled reports check.
Fri Jun  6 13:51:00 CDT 2025: Checking if NextJS server is running...
Fri Jun  6 13:51:00 CDT 2025: Running scheduled reports
/Users/sim/Project2/scripts/../scripts/run-simple-scheduled-reports.sh: line 16: node: command not found
Fri Jun  6 13:51:00 CDT 2025: NextJS server is not running. Skipping scheduled reports check.
Fri Jun  6 13:52:00 CDT 2025: Checking if NextJS server is running...
Fri Jun  6 13:52:00 CDT 2025: Running scheduled reports
/Users/sim/Project2/scripts/../scripts/run-simple-scheduled-reports.sh: line 16: node: command not found
Fri Jun  6 13:52:00 CDT 2025: NextJS server is not running. Skipping scheduled reports check.
Fri Jun  6 13:53:00 CDT 2025: Checking if NextJS server is running...
Fri Jun  6 13:53:00 CDT 2025: Running scheduled reports
/Users/sim/Project2/scripts/../scripts/run-simple-scheduled-reports.sh: line 16: node: command not found
Fri Jun  6 13:53:00 CDT 2025: NextJS server is not running. Skipping scheduled reports check.
Fri Jun  6 13:54:00 CDT 2025: Running scheduled reports
Fri Jun  6 13:54:00 CDT 2025: Checking if NextJS server is running...
/Users/sim/Project2/scripts/../scripts/run-simple-scheduled-reports.sh: line 16: node: command not found
Fri Jun  6 13:54:00 CDT 2025: NextJS server is not running. Skipping scheduled reports check.
Fri Jun  6 13:55:00 CDT 2025: Checking if NextJS server is running...
Fri Jun  6 13:55:00 CDT 2025: Running scheduled reports
/Users/sim/Project2/scripts/../scripts/run-simple-scheduled-reports.sh: line 16: node: command not found
Fri Jun  6 13:55:00 CDT 2025: NextJS server is not running. Skipping scheduled reports check.
Fri Jun  6 13:56:01 CDT 2025: Running scheduled reports
Fri Jun  6 13:56:01 CDT 2025: Checking if NextJS server is running...
/Users/sim/Project2/scripts/../scripts/run-simple-scheduled-reports.sh: line 16: node: command not found
Fri Jun  6 13:56:01 CDT 2025: NextJS server is not running. Skipping scheduled reports check.
Fri Jun  6 13:57:00 CDT 2025: Running scheduled reports
Fri Jun  6 13:57:00 CDT 2025: Checking if NextJS server is running...
/Users/sim/Project2/scripts/../scripts/run-simple-scheduled-reports.sh: line 16: node: command not found
Fri Jun  6 13:57:00 CDT 2025: NextJS server is not running. Skipping scheduled reports check.
Fri Jun  6 13:58:00 CDT 2025: Checking if NextJS server is running...
Fri Jun  6 13:58:00 CDT 2025: Running scheduled reports
/Users/sim/Project2/scripts/../scripts/run-simple-scheduled-reports.sh: line 16: node: command not found
Fri Jun  6 13:58:00 CDT 2025: NextJS server is not running. Skipping scheduled reports check.
Fri Jun  6 13:59:00 CDT 2025: Checking if NextJS server is running...
Fri Jun  6 13:59:00 CDT 2025: Running scheduled reports
/Users/sim/Project2/scripts/../scripts/run-simple-scheduled-reports.sh: line 16: node: command not found
Fri Jun  6 13:59:00 CDT 2025: NextJS server is not running. Skipping scheduled reports check.
Fri Jun  6 14:00:00 CDT 2025: Checking if NextJS server is running...
Fri Jun  6 14:00:00 CDT 2025: Running scheduled reports
/Users/sim/Project2/scripts/../scripts/run-simple-scheduled-reports.sh: line 16: node: command not found
Fri Jun  6 14:00:00 CDT 2025: NextJS server is not running. Skipping scheduled reports check.
Fri Jun  6 14:01:00 CDT 2025: Running scheduled reports
Fri Jun  6 14:01:00 CDT 2025: Checking if NextJS server is running...
/Users/sim/Project2/scripts/../scripts/run-simple-scheduled-reports.sh: line 16: node: command not found
Fri Jun  6 14:01:00 CDT 2025: NextJS server is not running. Skipping scheduled reports check.
Fri Jun  6 14:02:01 CDT 2025: Checking if NextJS server is running...
Fri Jun  6 14:02:01 CDT 2025: Running scheduled reports
/Users/sim/Project2/scripts/../scripts/run-simple-scheduled-reports.sh: line 16: node: command not found
Fri Jun  6 14:02:01 CDT 2025: NextJS server is not running. Skipping scheduled reports check.
Fri Jun  6 14:03:00 CDT 2025: Running scheduled reports
Fri Jun  6 14:03:00 CDT 2025: Checking if NextJS server is running...
/Users/sim/Project2/scripts/../scripts/run-simple-scheduled-reports.sh: line 16: node: command not found
Fri Jun  6 14:03:00 CDT 2025: NextJS server is not running. Skipping scheduled reports check.
Fri Jun  6 14:04:00 CDT 2025: Running scheduled reports
Fri Jun  6 14:04:00 CDT 2025: Checking if NextJS server is running...
/Users/sim/Project2/scripts/../scripts/run-simple-scheduled-reports.sh: line 16: node: command not found
Fri Jun  6 14:04:00 CDT 2025: NextJS server is not running. Skipping scheduled reports check.
Fri Jun  6 14:05:00 CDT 2025: Running scheduled reports
Fri Jun  6 14:05:00 CDT 2025: Checking if NextJS server is running...
/Users/sim/Project2/scripts/../scripts/run-simple-scheduled-reports.sh: line 16: node: command not found
Fri Jun  6 14:05:00 CDT 2025: NextJS server is not running. Skipping scheduled reports check.
Fri Jun  6 14:06:00 CDT 2025: Running scheduled reports
Fri Jun  6 14:06:00 CDT 2025: Checking if NextJS server is running...
/Users/sim/Project2/scripts/../scripts/run-simple-scheduled-reports.sh: line 16: node: command not found
Fri Jun  6 14:06:00 CDT 2025: NextJS server is not running. Skipping scheduled reports check.
Fri Jun  6 14:07:00 CDT 2025: Checking if NextJS server is running...
Fri Jun  6 14:07:00 CDT 2025: Running scheduled reports
/Users/sim/Project2/scripts/../scripts/run-simple-scheduled-reports.sh: line 16: node: command not found
Fri Jun  6 14:07:01 CDT 2025: NextJS server is not running. Skipping scheduled reports check.
Fri Jun  6 14:08:00 CDT 2025: Running scheduled reports
Fri Jun  6 14:08:00 CDT 2025: Checking if NextJS server is running...
/Users/sim/Project2/scripts/../scripts/run-simple-scheduled-reports.sh: line 16: node: command not found
Fri Jun  6 14:08:00 CDT 2025: NextJS server is not running. Skipping scheduled reports check.
Fri Jun  6 14:09:00 CDT 2025: Running scheduled reports
Fri Jun  6 14:09:00 CDT 2025: Checking if NextJS server is running...
/Users/sim/Project2/scripts/../scripts/run-simple-scheduled-reports.sh: line 16: node: command not found
Fri Jun  6 14:09:00 CDT 2025: NextJS server is not running. Skipping scheduled reports check.
Fri Jun  6 14:10:00 CDT 2025: Running scheduled reports
Fri Jun  6 14:10:00 CDT 2025: Checking if NextJS server is running...
/Users/sim/Project2/scripts/../scripts/run-simple-scheduled-reports.sh: line 16: node: command not found
Fri Jun  6 14:10:00 CDT 2025: NextJS server is not running. Skipping scheduled reports check.
Fri Jun  6 14:11:00 CDT 2025: Checking if NextJS server is running...
Fri Jun  6 14:11:00 CDT 2025: Running scheduled reports
/Users/sim/Project2/scripts/../scripts/run-simple-scheduled-reports.sh: line 16: node: command not found
Fri Jun  6 14:11:00 CDT 2025: NextJS server is not running. Skipping scheduled reports check.
Fri Jun  6 14:12:00 CDT 2025: Running scheduled reports
Fri Jun  6 14:12:00 CDT 2025: Checking if NextJS server is running...
/Users/sim/Project2/scripts/../scripts/run-simple-scheduled-reports.sh: line 16: node: command not found
Fri Jun  6 14:12:00 CDT 2025: NextJS server is not running. Skipping scheduled reports check.
Fri Jun  6 14:13:01 CDT 2025: Checking if NextJS server is running...
Fri Jun  6 14:13:01 CDT 2025: Running scheduled reports
/Users/sim/Project2/scripts/../scripts/run-simple-scheduled-reports.sh: line 16: node: command not found
Fri Jun  6 14:13:01 CDT 2025: NextJS server is not running. Skipping scheduled reports check.
Fri Jun  6 14:14:00 CDT 2025: Checking if NextJS server is running...
Fri Jun  6 14:14:00 CDT 2025: Running scheduled reports
/Users/sim/Project2/scripts/../scripts/run-simple-scheduled-reports.sh: line 16: node: command not found
Fri Jun  6 14:14:00 CDT 2025: NextJS server is not running. Skipping scheduled reports check.
Fri Jun  6 14:15:00 CDT 2025: Checking if NextJS server is running...
Fri Jun  6 14:15:00 CDT 2025: Running scheduled reports
/Users/sim/Project2/scripts/../scripts/run-simple-scheduled-reports.sh: line 16: node: command not found
Fri Jun  6 14:15:00 CDT 2025: NextJS server is not running. Skipping scheduled reports check.
Fri Jun  6 14:16:00 CDT 2025: Running scheduled reports
Fri Jun  6 14:16:00 CDT 2025: Checking if NextJS server is running...
/Users/sim/Project2/scripts/../scripts/run-simple-scheduled-reports.sh: line 16: node: command not found
Fri Jun  6 14:16:00 CDT 2025: NextJS server is not running. Skipping scheduled reports check.
Fri Jun  6 14:17:00 CDT 2025: Running scheduled reports
Fri Jun  6 14:17:00 CDT 2025: Checking if NextJS server is running...
/Users/sim/Project2/scripts/../scripts/run-simple-scheduled-reports.sh: line 16: node: command not found
Fri Jun  6 14:17:00 CDT 2025: NextJS server is not running. Skipping scheduled reports check.
Fri Jun  6 14:18:00 CDT 2025: Checking if NextJS server is running...
Fri Jun  6 14:18:00 CDT 2025: Running scheduled reports
/Users/sim/Project2/scripts/../scripts/run-simple-scheduled-reports.sh: line 16: node: command not found
Fri Jun  6 14:18:00 CDT 2025: NextJS server is not running. Skipping scheduled reports check.
Fri Jun  6 14:19:01 CDT 2025: Checking if NextJS server is running...
Fri Jun  6 14:19:01 CDT 2025: Running scheduled reports
/Users/sim/Project2/scripts/../scripts/run-simple-scheduled-reports.sh: line 16: node: command not found
Fri Jun  6 14:19:01 CDT 2025: NextJS server is not running. Skipping scheduled reports check.
Fri Jun  6 14:20:00 CDT 2025: Running scheduled reports
Fri Jun  6 14:20:00 CDT 2025: Checking if NextJS server is running...
/Users/sim/Project2/scripts/../scripts/run-simple-scheduled-reports.sh: line 16: node: command not found
Fri Jun  6 14:20:00 CDT 2025: NextJS server is not running. Skipping scheduled reports check.
Fri Jun  6 14:21:00 CDT 2025: Running scheduled reports
Fri Jun  6 14:21:00 CDT 2025: Checking if NextJS server is running...
/Users/sim/Project2/scripts/../scripts/run-simple-scheduled-reports.sh: line 16: node: command not found
Fri Jun  6 14:21:00 CDT 2025: NextJS server is not running. Skipping scheduled reports check.
Fri Jun  6 14:22:00 CDT 2025: Running scheduled reports
Fri Jun  6 14:22:00 CDT 2025: Checking if NextJS server is running...
/Users/sim/Project2/scripts/../scripts/run-simple-scheduled-reports.sh: line 16: node: command not found
Fri Jun  6 14:22:00 CDT 2025: NextJS server is not running. Skipping scheduled reports check.
Fri Jun  6 14:23:00 CDT 2025: Running scheduled reports
Fri Jun  6 14:23:00 CDT 2025: Checking if NextJS server is running...
/Users/sim/Project2/scripts/../scripts/run-simple-scheduled-reports.sh: line 16: node: command not found
Fri Jun  6 14:23:00 CDT 2025: NextJS server is not running. Skipping scheduled reports check.
Fri Jun  6 14:24:00 CDT 2025: Running scheduled reports
Fri Jun  6 14:24:00 CDT 2025: Checking if NextJS server is running...
/Users/sim/Project2/scripts/../scripts/run-simple-scheduled-reports.sh: line 16: node: command not found
Fri Jun  6 14:24:00 CDT 2025: NextJS server is not running. Skipping scheduled reports check.
Fri Jun  6 14:25:01 CDT 2025: Running scheduled reports
Fri Jun  6 14:25:01 CDT 2025: Checking if NextJS server is running...
/Users/sim/Project2/scripts/../scripts/run-simple-scheduled-reports.sh: line 16: node: command not found
Fri Jun  6 14:25:01 CDT 2025: NextJS server is not running. Skipping scheduled reports check.
Fri Jun  6 14:26:00 CDT 2025: Checking if NextJS server is running...
Fri Jun  6 14:26:00 CDT 2025: Running scheduled reports
/Users/sim/Project2/scripts/../scripts/run-simple-scheduled-reports.sh: line 16: node: command not found
Fri Jun  6 14:26:00 CDT 2025: NextJS server is not running. Skipping scheduled reports check.
Fri Jun  6 14:27:00 CDT 2025: Checking if NextJS server is running...
Fri Jun  6 14:27:00 CDT 2025: Running scheduled reports
/Users/sim/Project2/scripts/../scripts/run-simple-scheduled-reports.sh: line 16: node: command not found
Fri Jun  6 14:27:00 CDT 2025: NextJS server is not running. Skipping scheduled reports check.
Fri Jun  6 14:28:00 CDT 2025: Checking if NextJS server is running...
Fri Jun  6 14:28:00 CDT 2025: Running scheduled reports
/Users/sim/Project2/scripts/../scripts/run-simple-scheduled-reports.sh: line 16: node: command not found
Fri Jun  6 14:28:00 CDT 2025: NextJS server is not running. Skipping scheduled reports check.
Fri Jun  6 14:29:00 CDT 2025: Running scheduled reports
Fri Jun  6 14:29:00 CDT 2025: Checking if NextJS server is running...
/Users/sim/Project2/scripts/../scripts/run-simple-scheduled-reports.sh: line 16: node: command not found
Fri Jun  6 14:29:04 CDT 2025: NextJS server is not running. Skipping scheduled reports check.
Fri Jun  6 14:30:00 CDT 2025: Running scheduled reports
Fri Jun  6 14:30:00 CDT 2025: Checking if NextJS server is running...
/Users/sim/Project2/scripts/../scripts/run-simple-scheduled-reports.sh: line 16: node: command not found
Fri Jun  6 14:30:00 CDT 2025: NextJS server is not running. Skipping scheduled reports check.
Fri Jun  6 14:31:00 CDT 2025: Checking if NextJS server is running...
Fri Jun  6 14:31:00 CDT 2025: Running scheduled reports
/Users/sim/Project2/scripts/../scripts/run-simple-scheduled-reports.sh: line 16: node: command not found
Fri Jun  6 14:31:00 CDT 2025: NextJS server is not running. Skipping scheduled reports check.
Fri Jun  6 14:32:01 CDT 2025: Running scheduled reports
Fri Jun  6 14:32:01 CDT 2025: Checking if NextJS server is running...
/Users/sim/Project2/scripts/../scripts/run-simple-scheduled-reports.sh: line 16: node: command not found
Fri Jun  6 14:32:01 CDT 2025: NextJS server is not running. Skipping scheduled reports check.
Fri Jun  6 14:33:00 CDT 2025: Checking if NextJS server is running...
Fri Jun  6 14:33:00 CDT 2025: Running scheduled reports
/Users/sim/Project2/scripts/../scripts/run-simple-scheduled-reports.sh: line 16: node: command not found
Fri Jun  6 14:33:00 CDT 2025: NextJS server is not running. Skipping scheduled reports check.
Fri Jun  6 14:34:00 CDT 2025: Checking if NextJS server is running...
Fri Jun  6 14:34:00 CDT 2025: Running scheduled reports
/Users/sim/Project2/scripts/../scripts/run-simple-scheduled-reports.sh: line 16: node: command not found
Fri Jun  6 14:34:00 CDT 2025: NextJS server is not running. Skipping scheduled reports check.
Fri Jun  6 14:35:00 CDT 2025: Checking if NextJS server is running...
Fri Jun  6 14:35:00 CDT 2025: Running scheduled reports
/Users/sim/Project2/scripts/../scripts/run-simple-scheduled-reports.sh: line 16: node: command not found
Fri Jun  6 14:35:00 CDT 2025: NextJS server is not running. Skipping scheduled reports check.
Fri Jun  6 14:36:00 CDT 2025: Running scheduled reports
Fri Jun  6 14:36:00 CDT 2025: Checking if NextJS server is running...
/Users/sim/Project2/scripts/../scripts/run-simple-scheduled-reports.sh: line 16: node: command not found
Fri Jun  6 14:36:00 CDT 2025: NextJS server is not running. Skipping scheduled reports check.
Fri Jun  6 14:37:00 CDT 2025: Running scheduled reports
Fri Jun  6 14:37:00 CDT 2025: Checking if NextJS server is running...
/Users/sim/Project2/scripts/../scripts/run-simple-scheduled-reports.sh: line 16: node: command not found
Fri Jun  6 14:37:00 CDT 2025: NextJS server is not running. Skipping scheduled reports check.
Fri Jun  6 14:38:00 CDT 2025: Running scheduled reports
Fri Jun  6 14:38:00 CDT 2025: Checking if NextJS server is running...
/Users/sim/Project2/scripts/../scripts/run-simple-scheduled-reports.sh: line 16: node: command not found
Fri Jun  6 14:38:01 CDT 2025: NextJS server is not running. Skipping scheduled reports check.
Fri Jun  6 14:39:00 CDT 2025: Checking if NextJS server is running...
Fri Jun  6 14:39:00 CDT 2025: Running scheduled reports
/Users/sim/Project2/scripts/../scripts/run-simple-scheduled-reports.sh: line 16: node: command not found
Fri Jun  6 14:39:00 CDT 2025: NextJS server is not running. Skipping scheduled reports check.
Fri Jun  6 14:40:00 CDT 2025: Running scheduled reports
Fri Jun  6 14:40:00 CDT 2025: Checking if NextJS server is running...
/Users/sim/Project2/scripts/../scripts/run-simple-scheduled-reports.sh: line 16: node: command not found
Fri Jun  6 14:40:00 CDT 2025: NextJS server is not running. Skipping scheduled reports check.
Fri Jun  6 14:41:00 CDT 2025: Running scheduled reports
Fri Jun  6 14:41:00 CDT 2025: Checking if NextJS server is running...
/Users/sim/Project2/scripts/../scripts/run-simple-scheduled-reports.sh: line 16: node: command not found
Fri Jun  6 14:41:00 CDT 2025: NextJS server is not running. Skipping scheduled reports check.
Fri Jun  6 14:42:00 CDT 2025: Checking if NextJS server is running...
Fri Jun  6 14:42:00 CDT 2025: Running scheduled reports
/Users/sim/Project2/scripts/../scripts/run-simple-scheduled-reports.sh: line 16: node: command not found
Fri Jun  6 14:42:00 CDT 2025: NextJS server is not running. Skipping scheduled reports check.
Fri Jun  6 14:43:00 CDT 2025: Running scheduled reports
Fri Jun  6 14:43:00 CDT 2025: Checking if NextJS server is running...
/Users/sim/Project2/scripts/../scripts/run-simple-scheduled-reports.sh: line 16: node: command not found
Fri Jun  6 14:43:00 CDT 2025: NextJS server is not running. Skipping scheduled reports check.
Fri Jun  6 14:44:00 CDT 2025: Running scheduled reports
Fri Jun  6 14:44:00 CDT 2025: Checking if NextJS server is running...
/Users/sim/Project2/scripts/../scripts/run-simple-scheduled-reports.sh: line 16: node: command not found
Fri Jun  6 14:44:00 CDT 2025: NextJS server is not running. Skipping scheduled reports check.
Fri Jun  6 14:45:01 CDT 2025: Checking if NextJS server is running...
Fri Jun  6 14:45:01 CDT 2025: Running scheduled reports
/Users/sim/Project2/scripts/../scripts/run-simple-scheduled-reports.sh: line 16: node: command not found
Fri Jun  6 14:45:01 CDT 2025: NextJS server is not running. Skipping scheduled reports check.
Fri Jun  6 14:46:00 CDT 2025: Running scheduled reports
Fri Jun  6 14:46:00 CDT 2025: Checking if NextJS server is running...
/Users/sim/Project2/scripts/../scripts/run-simple-scheduled-reports.sh: line 16: node: command not found
Fri Jun  6 14:46:00 CDT 2025: NextJS server is not running. Skipping scheduled reports check.
Fri Jun  6 14:47:00 CDT 2025: Checking if NextJS server is running...
Fri Jun  6 14:47:00 CDT 2025: Running scheduled reports
/Users/sim/Project2/scripts/../scripts/run-simple-scheduled-reports.sh: line 16: node: command not found
Fri Jun  6 14:47:00 CDT 2025: NextJS server is not running. Skipping scheduled reports check.
Fri Jun  6 14:48:00 CDT 2025: Checking if NextJS server is running...
Fri Jun  6 14:48:00 CDT 2025: Running scheduled reports
/Users/sim/Project2/scripts/../scripts/run-simple-scheduled-reports.sh: line 16: node: command not found
Fri Jun  6 14:48:00 CDT 2025: NextJS server is not running. Skipping scheduled reports check.
Fri Jun  6 14:49:00 CDT 2025: Checking if NextJS server is running...
Fri Jun  6 14:49:00 CDT 2025: Running scheduled reports
/Users/sim/Project2/scripts/../scripts/run-simple-scheduled-reports.sh: line 16: node: command not found
Fri Jun  6 14:49:00 CDT 2025: NextJS server is not running. Skipping scheduled reports check.
Fri Jun  6 14:50:00 CDT 2025: Checking if NextJS server is running...
Fri Jun  6 14:50:00 CDT 2025: Running scheduled reports
/Users/sim/Project2/scripts/../scripts/run-simple-scheduled-reports.sh: line 16: node: command not found
Fri Jun  6 14:50:01 CDT 2025: NextJS server is not running. Skipping scheduled reports check.
Fri Jun  6 14:51:00 CDT 2025: Checking if NextJS server is running...
Fri Jun  6 14:51:00 CDT 2025: Running scheduled reports
/Users/sim/Project2/scripts/../scripts/run-simple-scheduled-reports.sh: line 16: node: command not found
Fri Jun  6 14:51:00 CDT 2025: NextJS server is not running. Skipping scheduled reports check.
Fri Jun  6 14:52:00 CDT 2025: Running scheduled reports
Fri Jun  6 14:52:00 CDT 2025: Checking if NextJS server is running...
/Users/sim/Project2/scripts/../scripts/run-simple-scheduled-reports.sh: line 16: node: command not found
Fri Jun  6 14:52:00 CDT 2025: NextJS server is not running. Skipping scheduled reports check.
Fri Jun  6 14:53:00 CDT 2025: Checking if NextJS server is running...
Fri Jun  6 14:53:00 CDT 2025: Running scheduled reports
/Users/sim/Project2/scripts/../scripts/run-simple-scheduled-reports.sh: line 16: node: command not found
Fri Jun  6 14:53:00 CDT 2025: NextJS server is not running. Skipping scheduled reports check.
Fri Jun  6 14:54:00 CDT 2025: Running scheduled reports
Fri Jun  6 14:54:00 CDT 2025: Checking if NextJS server is running...
/Users/sim/Project2/scripts/../scripts/run-simple-scheduled-reports.sh: line 16: node: command not found
Fri Jun  6 14:54:00 CDT 2025: NextJS server is not running. Skipping scheduled reports check.
Fri Jun  6 14:55:00 CDT 2025: Checking if NextJS server is running...
Fri Jun  6 14:55:00 CDT 2025: Running scheduled reports
/Users/sim/Project2/scripts/../scripts/run-simple-scheduled-reports.sh: line 16: node: command not found
Fri Jun  6 14:55:00 CDT 2025: NextJS server is not running. Skipping scheduled reports check.
Fri Jun  6 14:56:01 CDT 2025: Checking if NextJS server is running...
Fri Jun  6 14:56:01 CDT 2025: Running scheduled reports
/Users/sim/Project2/scripts/../scripts/run-simple-scheduled-reports.sh: line 16: node: command not found
Fri Jun  6 14:56:01 CDT 2025: NextJS server is not running. Skipping scheduled reports check.
Fri Jun  6 14:57:00 CDT 2025: Checking if NextJS server is running...
Fri Jun  6 14:57:00 CDT 2025: Running scheduled reports
/Users/sim/Project2/scripts/../scripts/run-simple-scheduled-reports.sh: line 16: node: command not found
Fri Jun  6 14:57:00 CDT 2025: NextJS server is not running. Skipping scheduled reports check.
Fri Jun  6 14:58:00 CDT 2025: Checking if NextJS server is running...
Fri Jun  6 14:58:00 CDT 2025: Running scheduled reports
/Users/sim/Project2/scripts/../scripts/run-simple-scheduled-reports.sh: line 16: node: command not found
Fri Jun  6 14:58:00 CDT 2025: NextJS server is not running. Skipping scheduled reports check.
Fri Jun  6 14:59:00 CDT 2025: Checking if NextJS server is running...
Fri Jun  6 14:59:00 CDT 2025: Running scheduled reports
/Users/sim/Project2/scripts/../scripts/run-simple-scheduled-reports.sh: line 16: node: command not found
Fri Jun  6 14:59:00 CDT 2025: NextJS server is not running. Skipping scheduled reports check.
Fri Jun  6 15:00:00 CDT 2025: Checking if NextJS server is running...
Fri Jun  6 15:00:00 CDT 2025: Running scheduled reports
/Users/sim/Project2/scripts/../scripts/run-simple-scheduled-reports.sh: line 16: node: command not found
Fri Jun  6 15:00:00 CDT 2025: NextJS server is not running. Skipping scheduled reports check.
Fri Jun  6 15:01:00 CDT 2025: Running scheduled reports
Fri Jun  6 15:01:00 CDT 2025: Checking if NextJS server is running...
/Users/sim/Project2/scripts/../scripts/run-simple-scheduled-reports.sh: line 16: node: command not found
Fri Jun  6 15:01:00 CDT 2025: NextJS server is not running. Skipping scheduled reports check.
Fri Jun  6 15:02:01 CDT 2025: Checking if NextJS server is running...
Fri Jun  6 15:02:01 CDT 2025: Running scheduled reports
/Users/sim/Project2/scripts/../scripts/run-simple-scheduled-reports.sh: line 16: node: command not found
Fri Jun  6 15:02:01 CDT 2025: NextJS server is not running. Skipping scheduled reports check.
Fri Jun  6 15:03:00 CDT 2025: Checking if NextJS server is running...
Fri Jun  6 15:03:00 CDT 2025: Running scheduled reports
/Users/sim/Project2/scripts/../scripts/run-simple-scheduled-reports.sh: line 16: node: command not found
Fri Jun  6 15:03:00 CDT 2025: NextJS server is not running. Skipping scheduled reports check.
Fri Jun  6 15:04:00 CDT 2025: Checking if NextJS server is running...
Fri Jun  6 15:04:00 CDT 2025: Running scheduled reports
/Users/sim/Project2/scripts/../scripts/run-simple-scheduled-reports.sh: line 16: node: command not found
Fri Jun  6 15:04:00 CDT 2025: NextJS server is not running. Skipping scheduled reports check.
Fri Jun  6 15:05:00 CDT 2025: Checking if NextJS server is running...
Fri Jun  6 15:05:00 CDT 2025: Running scheduled reports
/Users/sim/Project2/scripts/../scripts/run-simple-scheduled-reports.sh: line 16: node: command not found
Fri Jun  6 15:05:00 CDT 2025: NextJS server is not running. Skipping scheduled reports check.
Fri Jun  6 15:06:01 CDT 2025: Running scheduled reports
Fri Jun  6 15:06:01 CDT 2025: Checking if NextJS server is running...
/Users/sim/Project2/scripts/../scripts/run-simple-scheduled-reports.sh: line 16: node: command not found
Fri Jun  6 15:06:01 CDT 2025: NextJS server is not running. Skipping scheduled reports check.
Fri Jun  6 15:07:00 CDT 2025: Running scheduled reports
Fri Jun  6 15:07:00 CDT 2025: Checking if NextJS server is running...
/Users/sim/Project2/scripts/../scripts/run-simple-scheduled-reports.sh: line 16: node: command not found
Fri Jun  6 15:07:00 CDT 2025: NextJS server is not running. Skipping scheduled reports check.
Fri Jun  6 15:08:00 CDT 2025: Checking if NextJS server is running...
Fri Jun  6 15:08:00 CDT 2025: Running scheduled reports
/Users/sim/Project2/scripts/../scripts/run-simple-scheduled-reports.sh: line 16: node: command not found
Fri Jun  6 15:08:00 CDT 2025: NextJS server is not running. Skipping scheduled reports check.
Fri Jun  6 15:09:00 CDT 2025: Checking if NextJS server is running...
Fri Jun  6 15:09:00 CDT 2025: Running scheduled reports
/Users/sim/Project2/scripts/../scripts/run-simple-scheduled-reports.sh: line 16: node: command not found
Fri Jun  6 15:09:00 CDT 2025: NextJS server is not running. Skipping scheduled reports check.
Fri Jun  6 15:10:00 CDT 2025: Running scheduled reports
Fri Jun  6 15:10:00 CDT 2025: Checking if NextJS server is running...
/Users/sim/Project2/scripts/../scripts/run-simple-scheduled-reports.sh: line 16: node: command not found
Fri Jun  6 15:10:00 CDT 2025: NextJS server is not running. Skipping scheduled reports check.
Fri Jun  6 15:11:01 CDT 2025: Checking if NextJS server is running...
Fri Jun  6 15:11:01 CDT 2025: Running scheduled reports
/Users/sim/Project2/scripts/../scripts/run-simple-scheduled-reports.sh: line 16: node: command not found
Fri Jun  6 15:11:01 CDT 2025: NextJS server is not running. Skipping scheduled reports check.
Fri Jun  6 15:12:00 CDT 2025: Checking if NextJS server is running...
Fri Jun  6 15:12:00 CDT 2025: Running scheduled reports
/Users/sim/Project2/scripts/../scripts/run-simple-scheduled-reports.sh: line 16: node: command not found
Fri Jun  6 15:12:00 CDT 2025: NextJS server is not running. Skipping scheduled reports check.
Fri Jun  6 15:13:00 CDT 2025: Checking if NextJS server is running...
Fri Jun  6 15:13:00 CDT 2025: Running scheduled reports
/Users/sim/Project2/scripts/../scripts/run-simple-scheduled-reports.sh: line 16: node: command not found
Fri Jun  6 15:13:00 CDT 2025: NextJS server is not running. Skipping scheduled reports check.
Fri Jun  6 15:14:00 CDT 2025: Running scheduled reports
Fri Jun  6 15:14:00 CDT 2025: Checking if NextJS server is running...
/Users/sim/Project2/scripts/../scripts/run-simple-scheduled-reports.sh: line 16: node: command not found
Fri Jun  6 15:14:00 CDT 2025: NextJS server is not running. Skipping scheduled reports check.
Fri Jun  6 15:15:00 CDT 2025: Running scheduled reports
Fri Jun  6 15:15:00 CDT 2025: Checking if NextJS server is running...
/Users/sim/Project2/scripts/../scripts/run-simple-scheduled-reports.sh: line 16: node: command not found
Fri Jun  6 15:15:00 CDT 2025: NextJS server is not running. Skipping scheduled reports check.
Fri Jun  6 15:16:00 CDT 2025: Running scheduled reports
Fri Jun  6 15:16:00 CDT 2025: Checking if NextJS server is running...
/Users/sim/Project2/scripts/../scripts/run-simple-scheduled-reports.sh: line 16: node: command not found
Fri Jun  6 15:16:00 CDT 2025: NextJS server is not running. Skipping scheduled reports check.
Fri Jun  6 15:17:01 CDT 2025: Checking if NextJS server is running...
Fri Jun  6 15:17:01 CDT 2025: Running scheduled reports
/Users/sim/Project2/scripts/../scripts/run-simple-scheduled-reports.sh: line 16: node: command not found
Fri Jun  6 15:17:01 CDT 2025: NextJS server is not running. Skipping scheduled reports check.
Fri Jun  6 15:18:00 CDT 2025: Running scheduled reports
Fri Jun  6 15:18:00 CDT 2025: Checking if NextJS server is running...
/Users/sim/Project2/scripts/../scripts/run-simple-scheduled-reports.sh: line 16: node: command not found
Fri Jun  6 15:18:00 CDT 2025: NextJS server is not running. Skipping scheduled reports check.
Fri Jun  6 15:19:00 CDT 2025: Running scheduled reports
Fri Jun  6 15:19:00 CDT 2025: Checking if NextJS server is running...
/Users/sim/Project2/scripts/../scripts/run-simple-scheduled-reports.sh: line 16: node: command not found
Fri Jun  6 15:19:00 CDT 2025: NextJS server is not running. Skipping scheduled reports check.
Fri Jun  6 15:20:00 CDT 2025: Running scheduled reports
Fri Jun  6 15:20:00 CDT 2025: Checking if NextJS server is running...
/Users/sim/Project2/scripts/../scripts/run-simple-scheduled-reports.sh: line 16: node: command not found
Fri Jun  6 15:20:00 CDT 2025: NextJS server is not running. Skipping scheduled reports check.
Fri Jun  6 15:21:00 CDT 2025: Running scheduled reports
Fri Jun  6 15:21:00 CDT 2025: Checking if NextJS server is running...
/Users/sim/Project2/scripts/../scripts/run-simple-scheduled-reports.sh: line 16: node: command not found
Fri Jun  6 15:21:01 CDT 2025: NextJS server is not running. Skipping scheduled reports check.
Fri Jun  6 15:22:00 CDT 2025: Running scheduled reports
Fri Jun  6 15:22:00 CDT 2025: Checking if NextJS server is running...
/Users/sim/Project2/scripts/../scripts/run-simple-scheduled-reports.sh: line 16: node: command not found
Fri Jun  6 15:22:00 CDT 2025: NextJS server is not running. Skipping scheduled reports check.
Fri Jun  6 15:23:00 CDT 2025: Running scheduled reports
Fri Jun  6 15:23:00 CDT 2025: Checking if NextJS server is running...
/Users/sim/Project2/scripts/../scripts/run-simple-scheduled-reports.sh: line 16: node: command not found
Fri Jun  6 15:23:00 CDT 2025: NextJS server is not running. Skipping scheduled reports check.
Fri Jun  6 15:24:00 CDT 2025: Running scheduled reports
Fri Jun  6 15:24:00 CDT 2025: Checking if NextJS server is running...
/Users/sim/Project2/scripts/../scripts/run-simple-scheduled-reports.sh: line 16: node: command not found
Fri Jun  6 15:24:00 CDT 2025: NextJS server is not running. Skipping scheduled reports check.
Fri Jun  6 15:25:00 CDT 2025: Checking if NextJS server is running...
Fri Jun  6 15:25:00 CDT 2025: Running scheduled reports
/Users/sim/Project2/scripts/../scripts/run-simple-scheduled-reports.sh: line 16: node: command not found
Fri Jun  6 15:25:00 CDT 2025: NextJS server is not running. Skipping scheduled reports check.
Fri Jun  6 15:26:00 CDT 2025: Running scheduled reports
Fri Jun  6 15:26:00 CDT 2025: Checking if NextJS server is running...
/Users/sim/Project2/scripts/../scripts/run-simple-scheduled-reports.sh: line 16: node: command not found
Fri Jun  6 15:26:00 CDT 2025: NextJS server is not running. Skipping scheduled reports check.
Fri Jun  6 15:27:00 CDT 2025: Running scheduled reports
Fri Jun  6 15:27:00 CDT 2025: Checking if NextJS server is running...
/Users/sim/Project2/scripts/../scripts/run-simple-scheduled-reports.sh: line 16: node: command not found
Fri Jun  6 15:27:01 CDT 2025: NextJS server is not running. Skipping scheduled reports check.
Fri Jun  6 15:28:00 CDT 2025: Running scheduled reports
Fri Jun  6 15:28:00 CDT 2025: Checking if NextJS server is running...
/Users/sim/Project2/scripts/../scripts/run-simple-scheduled-reports.sh: line 16: node: command not found
Fri Jun  6 15:28:00 CDT 2025: NextJS server is not running. Skipping scheduled reports check.
Fri Jun  6 15:29:00 CDT 2025: Checking if NextJS server is running...
Fri Jun  6 15:29:00 CDT 2025: Running scheduled reports
/Users/sim/Project2/scripts/../scripts/run-simple-scheduled-reports.sh: line 16: node: command not found
Fri Jun  6 15:29:00 CDT 2025: NextJS server is not running. Skipping scheduled reports check.
Fri Jun  6 15:30:00 CDT 2025: Checking if NextJS server is running...
Fri Jun  6 15:30:00 CDT 2025: Running scheduled reports
/Users/sim/Project2/scripts/../scripts/run-simple-scheduled-reports.sh: line 16: node: command not found
Fri Jun  6 15:30:00 CDT 2025: NextJS server is not running. Skipping scheduled reports check.
Fri Jun  6 15:31:00 CDT 2025: Checking if NextJS server is running...
Fri Jun  6 15:31:00 CDT 2025: Running scheduled reports
/Users/sim/Project2/scripts/../scripts/run-simple-scheduled-reports.sh: line 16: node: command not found
Fri Jun  6 15:31:01 CDT 2025: NextJS server is not running. Skipping scheduled reports check.
Fri Jun  6 15:32:00 CDT 2025: Checking if NextJS server is running...
Fri Jun  6 15:32:00 CDT 2025: Running scheduled reports
/Users/sim/Project2/scripts/../scripts/run-simple-scheduled-reports.sh: line 16: node: command not found
Fri Jun  6 15:32:00 CDT 2025: NextJS server is not running. Skipping scheduled reports check.
Fri Jun  6 15:33:00 CDT 2025: Checking if NextJS server is running...
Fri Jun  6 15:33:00 CDT 2025: Running scheduled reports
/Users/sim/Project2/scripts/../scripts/run-simple-scheduled-reports.sh: line 16: node: command not found
Fri Jun  6 15:33:00 CDT 2025: NextJS server is not running. Skipping scheduled reports check.
Fri Jun  6 15:34:00 CDT 2025: Checking if NextJS server is running...
Fri Jun  6 15:34:00 CDT 2025: Running scheduled reports
/Users/sim/Project2/scripts/../scripts/run-simple-scheduled-reports.sh: line 16: node: command not found
Fri Jun  6 15:34:00 CDT 2025: NextJS server is not running. Skipping scheduled reports check.
Fri Jun  6 15:35:00 CDT 2025: Running scheduled reports
Fri Jun  6 15:35:00 CDT 2025: Checking if NextJS server is running...
/Users/sim/Project2/scripts/../scripts/run-simple-scheduled-reports.sh: line 16: node: command not found
Fri Jun  6 15:35:00 CDT 2025: NextJS server is not running. Skipping scheduled reports check.
Fri Jun  6 15:36:00 CDT 2025: Running scheduled reports
Fri Jun  6 15:36:00 CDT 2025: Checking if NextJS server is running...
/Users/sim/Project2/scripts/../scripts/run-simple-scheduled-reports.sh: line 16: node: command not found
Fri Jun  6 15:36:00 CDT 2025: NextJS server is not running. Skipping scheduled reports check.
Fri Jun  6 15:37:00 CDT 2025: Checking if NextJS server is running...
Fri Jun  6 15:37:00 CDT 2025: Running scheduled reports
/Users/sim/Project2/scripts/../scripts/run-simple-scheduled-reports.sh: line 16: node: command not found
Fri Jun  6 15:37:01 CDT 2025: NextJS server is not running. Skipping scheduled reports check.
Fri Jun  6 15:38:00 CDT 2025: Running scheduled reports
Fri Jun  6 15:38:00 CDT 2025: Checking if NextJS server is running...
/Users/sim/Project2/scripts/../scripts/run-simple-scheduled-reports.sh: line 16: node: command not found
Fri Jun  6 15:38:00 CDT 2025: NextJS server is not running. Skipping scheduled reports check.
Fri Jun  6 15:39:00 CDT 2025: Checking if NextJS server is running...
Fri Jun  6 15:39:00 CDT 2025: Running scheduled reports
/Users/sim/Project2/scripts/../scripts/run-simple-scheduled-reports.sh: line 16: node: command not found
Fri Jun  6 15:39:00 CDT 2025: NextJS server is not running. Skipping scheduled reports check.
Fri Jun  6 15:40:00 CDT 2025: Running scheduled reports
Fri Jun  6 15:40:00 CDT 2025: Checking if NextJS server is running...
/Users/sim/Project2/scripts/../scripts/run-simple-scheduled-reports.sh: line 16: node: command not found
Fri Jun  6 15:40:00 CDT 2025: NextJS server is not running. Skipping scheduled reports check.
Fri Jun  6 15:41:00 CDT 2025: Running scheduled reports
Fri Jun  6 15:41:00 CDT 2025: Checking if NextJS server is running...
/Users/sim/Project2/scripts/../scripts/run-simple-scheduled-reports.sh: line 16: node: command not found
Fri Jun  6 15:41:00 CDT 2025: NextJS server is not running. Skipping scheduled reports check.
Fri Jun  6 15:42:00 CDT 2025: Checking if NextJS server is running...
Fri Jun  6 15:42:00 CDT 2025: Running scheduled reports
/Users/sim/Project2/scripts/../scripts/run-simple-scheduled-reports.sh: line 16: node: command not found
Fri Jun  6 15:42:00 CDT 2025: NextJS server is not running. Skipping scheduled reports check.
Fri Jun  6 15:43:01 CDT 2025: Checking if NextJS server is running...
Fri Jun  6 15:43:01 CDT 2025: Running scheduled reports
/Users/sim/Project2/scripts/../scripts/run-simple-scheduled-reports.sh: line 16: node: command not found
Fri Jun  6 15:43:01 CDT 2025: NextJS server is not running. Skipping scheduled reports check.
Fri Jun  6 15:44:00 CDT 2025: Checking if NextJS server is running...
Fri Jun  6 15:44:00 CDT 2025: Running scheduled reports
/Users/sim/Project2/scripts/../scripts/run-simple-scheduled-reports.sh: line 16: node: command not found
Fri Jun  6 15:44:00 CDT 2025: NextJS server is not running. Skipping scheduled reports check.
Fri Jun  6 15:45:00 CDT 2025: Checking if NextJS server is running...
Fri Jun  6 15:45:00 CDT 2025: Running scheduled reports
/Users/sim/Project2/scripts/../scripts/run-simple-scheduled-reports.sh: line 16: node: command not found
Fri Jun  6 15:45:00 CDT 2025: NextJS server is not running. Skipping scheduled reports check.
