Fri Jun 20 06:29:55 CDT 2025: Checking if NextJS server is running...
Fri Jun 20 06:29:55 CDT 2025: Running scheduled reports
/Users/sim/Project2/scripts/../scripts/run-simple-scheduled-reports.sh: line 16: node: command not found
Fri Jun 20 06:29:55 CDT 2025: NextJS server is not running. Skipping scheduled reports check.
Fri Jun 20 06:30:00 CDT 2025: Checking if NextJS server is running...
Fri Jun 20 06:30:00 CDT 2025: Running scheduled reports
/Users/sim/Project2/scripts/../scripts/run-simple-scheduled-reports.sh: line 16: node: command not found
Fri Jun 20 06:30:00 CDT 2025: NextJS server is not running. Skipping scheduled reports check.
Fri Jun 20 06:31:00 CDT 2025: Running scheduled reports
Fri Jun 20 06:31:00 CDT 2025: Checking if NextJS server is running...
/Users/sim/Project2/scripts/../scripts/run-simple-scheduled-reports.sh: line 16: node: command not found
Fri Jun 20 06:31:00 CDT 2025: NextJS server is running. Running scheduled reports check...
/Users/sim/Project2/scripts/../scripts/run-scheduled-reports-cron.sh: line 25: node: command not found
Fri Jun 20 06:32:00 CDT 2025: Running scheduled reports
Fri Jun 20 06:32:00 CDT 2025: Checking if NextJS server is running...
/Users/sim/Project2/scripts/../scripts/run-simple-scheduled-reports.sh: line 16: node: command not found
Fri Jun 20 06:32:00 CDT 2025: NextJS server is running. Running scheduled reports check...
/Users/sim/Project2/scripts/../scripts/run-scheduled-reports-cron.sh: line 25: node: command not found
Fri Jun 20 06:33:00 CDT 2025: Running scheduled reports
Fri Jun 20 06:33:00 CDT 2025: Checking if NextJS server is running...
/Users/sim/Project2/scripts/../scripts/run-simple-scheduled-reports.sh: line 16: node: command not found
Fri Jun 20 06:33:00 CDT 2025: NextJS server is running. Running scheduled reports check...
/Users/sim/Project2/scripts/../scripts/run-scheduled-reports-cron.sh: line 25: node: command not found
Fri Jun 20 06:34:01 CDT 2025: Checking if NextJS server is running...
Fri Jun 20 06:34:01 CDT 2025: Running scheduled reports
/Users/sim/Project2/scripts/../scripts/run-simple-scheduled-reports.sh: line 16: node: command not found
Fri Jun 20 06:34:01 CDT 2025: NextJS server is running. Running scheduled reports check...
/Users/sim/Project2/scripts/../scripts/run-scheduled-reports-cron.sh: line 25: node: command not found
Fri Jun 20 06:35:00 CDT 2025: Running scheduled reports
Fri Jun 20 06:35:00 CDT 2025: Checking if NextJS server is running...
/Users/sim/Project2/scripts/../scripts/run-simple-scheduled-reports.sh: line 16: node: command not found
Fri Jun 20 06:35:00 CDT 2025: NextJS server is running. Running scheduled reports check...
/Users/sim/Project2/scripts/../scripts/run-scheduled-reports-cron.sh: line 25: node: command not found
Fri Jun 20 06:36:00 CDT 2025: Checking if NextJS server is running...
Fri Jun 20 06:36:00 CDT 2025: Running scheduled reports
/Users/sim/Project2/scripts/../scripts/run-simple-scheduled-reports.sh: line 16: node: command not found
Fri Jun 20 06:36:00 CDT 2025: NextJS server is running. Running scheduled reports check...
/Users/sim/Project2/scripts/../scripts/run-scheduled-reports-cron.sh: line 25: node: command not found
Fri Jun 20 06:37:00 CDT 2025: Checking if NextJS server is running...
Fri Jun 20 06:37:00 CDT 2025: Running scheduled reports
/Users/sim/Project2/scripts/../scripts/run-simple-scheduled-reports.sh: line 16: node: command not found
Fri Jun 20 06:37:00 CDT 2025: NextJS server is running. Running scheduled reports check...
/Users/sim/Project2/scripts/../scripts/run-scheduled-reports-cron.sh: line 25: node: command not found
Fri Jun 20 06:38:00 CDT 2025: Checking if NextJS server is running...
Fri Jun 20 06:38:00 CDT 2025: Running scheduled reports
/Users/sim/Project2/scripts/../scripts/run-simple-scheduled-reports.sh: line 16: node: command not found
Fri Jun 20 06:38:00 CDT 2025: NextJS server is running. Running scheduled reports check...
/Users/sim/Project2/scripts/../scripts/run-scheduled-reports-cron.sh: line 25: node: command not found
Fri Jun 20 06:39:00 CDT 2025: Running scheduled reports
Fri Jun 20 06:39:00 CDT 2025: Checking if NextJS server is running...
/Users/sim/Project2/scripts/../scripts/run-simple-scheduled-reports.sh: line 16: node: command not found
Fri Jun 20 06:39:00 CDT 2025: NextJS server is running. Running scheduled reports check...
/Users/sim/Project2/scripts/../scripts/run-scheduled-reports-cron.sh: line 25: node: command not found
Fri Jun 20 06:40:01 CDT 2025: Checking if NextJS server is running...
Fri Jun 20 06:40:01 CDT 2025: Running scheduled reports
/Users/sim/Project2/scripts/../scripts/run-simple-scheduled-reports.sh: line 16: node: command not found
Fri Jun 20 06:40:01 CDT 2025: NextJS server is running. Running scheduled reports check...
/Users/sim/Project2/scripts/../scripts/run-scheduled-reports-cron.sh: line 25: node: command not found
Fri Jun 20 06:41:00 CDT 2025: Checking if NextJS server is running...
Fri Jun 20 06:41:00 CDT 2025: Running scheduled reports
/Users/sim/Project2/scripts/../scripts/run-simple-scheduled-reports.sh: line 16: node: command not found
Fri Jun 20 06:41:00 CDT 2025: NextJS server is running. Running scheduled reports check...
/Users/sim/Project2/scripts/../scripts/run-scheduled-reports-cron.sh: line 25: node: command not found
Fri Jun 20 06:42:00 CDT 2025: Running scheduled reports
Fri Jun 20 06:42:00 CDT 2025: Checking if NextJS server is running...
/Users/sim/Project2/scripts/../scripts/run-simple-scheduled-reports.sh: line 16: node: command not found
Fri Jun 20 06:42:00 CDT 2025: NextJS server is running. Running scheduled reports check...
/Users/sim/Project2/scripts/../scripts/run-scheduled-reports-cron.sh: line 25: node: command not found
Fri Jun 20 06:43:00 CDT 2025: Checking if NextJS server is running...
Fri Jun 20 06:43:00 CDT 2025: Running scheduled reports
/Users/sim/Project2/scripts/../scripts/run-simple-scheduled-reports.sh: line 16: node: command not found
Fri Jun 20 06:43:00 CDT 2025: NextJS server is running. Running scheduled reports check...
/Users/sim/Project2/scripts/../scripts/run-scheduled-reports-cron.sh: line 25: node: command not found
Fri Jun 20 06:44:00 CDT 2025: Running scheduled reports
Fri Jun 20 06:44:00 CDT 2025: Checking if NextJS server is running...
/Users/sim/Project2/scripts/../scripts/run-simple-scheduled-reports.sh: line 16: node: command not found
Fri Jun 20 06:44:00 CDT 2025: NextJS server is running. Running scheduled reports check...
/Users/sim/Project2/scripts/../scripts/run-scheduled-reports-cron.sh: line 25: node: command not found
Fri Jun 20 06:45:00 CDT 2025: Running scheduled reports
Fri Jun 20 06:45:00 CDT 2025: Checking if NextJS server is running...
/Users/sim/Project2/scripts/../scripts/run-simple-scheduled-reports.sh: line 16: node: command not found
Fri Jun 20 06:45:00 CDT 2025: NextJS server is running. Running scheduled reports check...
/Users/sim/Project2/scripts/../scripts/run-scheduled-reports-cron.sh: line 25: node: command not found
Fri Jun 20 06:46:01 CDT 2025: Checking if NextJS server is running...
Fri Jun 20 06:46:01 CDT 2025: Running scheduled reports
/Users/sim/Project2/scripts/../scripts/run-simple-scheduled-reports.sh: line 16: node: command not found
Fri Jun 20 06:46:01 CDT 2025: NextJS server is running. Running scheduled reports check...
/Users/sim/Project2/scripts/../scripts/run-scheduled-reports-cron.sh: line 25: node: command not found
Fri Jun 20 06:47:00 CDT 2025: Running scheduled reports
Fri Jun 20 06:47:00 CDT 2025: Checking if NextJS server is running...
/Users/sim/Project2/scripts/../scripts/run-simple-scheduled-reports.sh: line 16: node: command not found
Fri Jun 20 06:47:00 CDT 2025: NextJS server is running. Running scheduled reports check...
/Users/sim/Project2/scripts/../scripts/run-scheduled-reports-cron.sh: line 25: node: command not found
Fri Jun 20 06:48:00 CDT 2025: Checking if NextJS server is running...
Fri Jun 20 06:48:00 CDT 2025: Running scheduled reports
/Users/sim/Project2/scripts/../scripts/run-simple-scheduled-reports.sh: line 16: node: command not found
Fri Jun 20 06:48:00 CDT 2025: NextJS server is running. Running scheduled reports check...
/Users/sim/Project2/scripts/../scripts/run-scheduled-reports-cron.sh: line 25: node: command not found
Fri Jun 20 06:49:00 CDT 2025: Running scheduled reports
Fri Jun 20 06:49:00 CDT 2025: Checking if NextJS server is running...
/Users/sim/Project2/scripts/../scripts/run-simple-scheduled-reports.sh: line 16: node: command not found
Fri Jun 20 06:49:00 CDT 2025: NextJS server is running. Running scheduled reports check...
/Users/sim/Project2/scripts/../scripts/run-scheduled-reports-cron.sh: line 25: node: command not found
[2025-06-20T11:49:01.281Z] [INFO] Starting scheduled reports daemon with check interval of 30000ms
[2025-06-20T11:49:01.282Z] [INFO] Checking for scheduled reports...
[2025-06-20T11:49:02.349Z] [DEBUG] Connected to MongoDB
[2025-06-20T11:49:02.425Z] [INFO] Found 3 company databases
[2025-06-20T11:49:02.425Z] [DEBUG] Processing company database: company_9jxwph8g
[2025-06-20T11:49:02.498Z] [DEBUG] Finding reports to execute in company_9jxwph8g (current time: 2025-06-20T11:49:02.498Z)
[2025-06-20T11:49:02.590Z] [INFO] Found 3 reports to execute in company_9jxwph8g
[2025-06-20T11:49:02.590Z] [INFO] Processing report: 6851ce4fd0587f842175cdcb - anothny me employee
[2025-06-20T11:49:02.590Z] [DEBUG] Report frequency: custom, Custom minutes: 1, Custom hours: N/A
[2025-06-20T11:49:02.591Z] [INFO] Executing report: 6851ce4fd0587f842175cdcb - anothny me employee for company company_9jxwph8g
[2025-06-20T11:49:43.263Z] [INFO] Successfully executed report 6851ce4fd0587f842175cdcb. Generated report ID: 1750420147614
[2025-06-20T11:49:43.264Z] [DEBUG] Custom frequency calculation: 0 hours and 1 minutes = 1 total minutes
[2025-06-20T11:49:43.264Z] [DEBUG] Next execution for custom frequency: 2025-06-20T11:50:43.264Z
[2025-06-20T11:49:43.354Z] [INFO] Updated scheduled report 6851ce4fd0587f842175cdcb with next execution time: 2025-06-20T11:50:43.264Z
[2025-06-20T11:49:43.355Z] [INFO] Processing report: 6851d151d0587f842175cdcd - report on all employees
[2025-06-20T11:49:43.355Z] [DEBUG] Report frequency: custom, Custom minutes: N/A, Custom hours: N/A
[2025-06-20T11:49:43.355Z] [INFO] Executing report: 6851d151d0587f842175cdcd - report on all employees for company company_9jxwph8g
Fri Jun 20 06:50:00 CDT 2025: Checking if NextJS server is running...
Fri Jun 20 06:50:00 CDT 2025: Running scheduled reports
/Users/sim/Project2/scripts/../scripts/run-simple-scheduled-reports.sh: line 16: node: command not found
Fri Jun 20 06:50:00 CDT 2025: NextJS server is running. Running scheduled reports check...
/Users/sim/Project2/scripts/../scripts/run-scheduled-reports-cron.sh: line 25: node: command not found
[2025-06-20T11:50:13.013Z] [INFO] Successfully executed report 6851d151d0587f842175cdcd. Generated report ID: 1750420187682
[2025-06-20T11:50:13.016Z] [DEBUG] Custom frequency calculation: 0 hours and 0 minutes = 0 total minutes
[2025-06-20T11:50:13.016Z] [WARN] Invalid custom frequency (0 minutes), defaulting to daily
[2025-06-20T11:50:13.100Z] [INFO] Updated scheduled report 6851d151d0587f842175cdcd with next execution time: 2025-06-21T11:50:13.016Z
[2025-06-20T11:50:13.101Z] [INFO] Processing report: 68554824f80693d496001585 - my employee anthony
[2025-06-20T11:50:13.103Z] [DEBUG] Report frequency: custom, Custom minutes: 1, Custom hours: N/A
[2025-06-20T11:50:13.103Z] [INFO] Executing report: 68554824f80693d496001585 - my employee anthony for company company_9jxwph8g
[2025-06-20T11:50:22.558Z] [INFO] Starting scheduled reports daemon with check interval of 30000ms
[2025-06-20T11:50:22.560Z] [INFO] Checking for scheduled reports...
[2025-06-20T11:50:23.421Z] [DEBUG] Connected to MongoDB
[2025-06-20T11:50:24.150Z] [INFO] Found 3 company databases
[2025-06-20T11:50:24.151Z] [DEBUG] Processing company database: company_9jxwph8g
[2025-06-20T11:50:25.044Z] [DEBUG] Finding reports to execute in company_9jxwph8g (current time: 2025-06-20T11:50:25.044Z)
[2025-06-20T11:50:25.113Z] [INFO] Found 1 reports to execute in company_9jxwph8g
[2025-06-20T11:50:25.114Z] [INFO] Processing report: 68554824f80693d496001585 - my employee anthony
[2025-06-20T11:50:25.114Z] [DEBUG] Report frequency: custom, Custom minutes: 1, Custom hours: N/A
[2025-06-20T11:50:25.114Z] [INFO] Executing report: 68554824f80693d496001585 - my employee anthony for company company_9jxwph8g
[2025-06-20T11:50:45.094Z] [INFO] Successfully executed report 68554824f80693d496001585. Generated report ID: 1750420216433
[2025-06-20T11:50:45.095Z] [DEBUG] Custom frequency calculation: 0 hours and 1 minutes = 1 total minutes
[2025-06-20T11:50:45.095Z] [DEBUG] Next execution for custom frequency: 2025-06-20T11:51:45.095Z
[2025-06-20T11:50:45.224Z] [INFO] Updated scheduled report 68554824f80693d496001585 with next execution time: 2025-06-20T11:51:45.095Z
[2025-06-20T11:50:45.224Z] [DEBUG] Processing company database: company_gbyetzgz
[2025-06-20T11:50:45.291Z] [DEBUG] Skipping company_gbyetzgz: No scheduled reports collection found
[2025-06-20T11:50:45.291Z] [DEBUG] Processing company database: company_mqs4s3fr
[2025-06-20T11:50:45.358Z] [DEBUG] Skipping company_mqs4s3fr: No scheduled reports collection found
[2025-06-20T11:50:45.358Z] [INFO] Scheduled reports check completed
[2025-06-20T11:50:45.362Z] [DEBUG] MongoDB connection closed
[2025-06-20T11:50:45.363Z] [INFO] Daemon is now running continuously...
Fri Jun 20 06:51:00 CDT 2025: Checking if NextJS server is running...
Fri Jun 20 06:51:00 CDT 2025: Running scheduled reports
/Users/sim/Project2/scripts/../scripts/run-simple-scheduled-reports.sh: line 16: node: command not found
Fri Jun 20 06:51:01 CDT 2025: NextJS server is running. Running scheduled reports check...
/Users/sim/Project2/scripts/../scripts/run-scheduled-reports-cron.sh: line 25: node: command not found
[2025-06-20T11:51:04.289Z] [INFO] Successfully executed report 68554824f80693d496001585. Generated report ID: 1750420227901
[2025-06-20T11:51:04.290Z] [DEBUG] Custom frequency calculation: 0 hours and 1 minutes = 1 total minutes
[2025-06-20T11:51:04.290Z] [DEBUG] Next execution for custom frequency: 2025-06-20T11:52:04.290Z
[2025-06-20T11:51:04.351Z] [INFO] Updated scheduled report 68554824f80693d496001585 with next execution time: 2025-06-20T11:52:04.290Z
[2025-06-20T11:51:04.351Z] [DEBUG] Processing company database: company_gbyetzgz
[2025-06-20T11:51:04.409Z] [DEBUG] Skipping company_gbyetzgz: No scheduled reports collection found
[2025-06-20T11:51:04.410Z] [DEBUG] Processing company database: company_mqs4s3fr
[2025-06-20T11:51:04.481Z] [DEBUG] Skipping company_mqs4s3fr: No scheduled reports collection found
[2025-06-20T11:51:04.481Z] [INFO] Scheduled reports check completed
[2025-06-20T11:51:04.484Z] [DEBUG] MongoDB connection closed
[2025-06-20T11:51:04.484Z] [INFO] Daemon is now running continuously...
[2025-06-20T11:51:15.364Z] [INFO] Checking for scheduled reports...
[2025-06-20T11:51:16.295Z] [DEBUG] Connected to MongoDB
[2025-06-20T11:51:16.377Z] [INFO] Found 3 company databases
[2025-06-20T11:51:16.377Z] [DEBUG] Processing company database: company_9jxwph8g
[2025-06-20T11:51:16.437Z] [DEBUG] Finding reports to execute in company_9jxwph8g (current time: 2025-06-20T11:51:16.437Z)
[2025-06-20T11:51:16.505Z] [INFO] Found 1 reports to execute in company_9jxwph8g
[2025-06-20T11:51:16.505Z] [INFO] Processing report: 6851ce4fd0587f842175cdcb - anothny me employee
[2025-06-20T11:51:16.505Z] [DEBUG] Report frequency: custom, Custom minutes: 1, Custom hours: N/A
[2025-06-20T11:51:16.505Z] [INFO] Executing report: 6851ce4fd0587f842175cdcb - anothny me employee for company company_9jxwph8g
[2025-06-20T11:51:34.486Z] [INFO] Checking for scheduled reports...
[2025-06-20T11:51:35.215Z] [DEBUG] Connected to MongoDB
[2025-06-20T11:51:35.301Z] [INFO] Found 3 company databases
[2025-06-20T11:51:35.301Z] [DEBUG] Processing company database: company_9jxwph8g
[2025-06-20T11:51:35.376Z] [DEBUG] Finding reports to execute in company_9jxwph8g (current time: 2025-06-20T11:51:35.376Z)
[2025-06-20T11:51:35.436Z] [INFO] Found 1 reports to execute in company_9jxwph8g
[2025-06-20T11:51:35.436Z] [INFO] Processing report: 6851ce4fd0587f842175cdcb - anothny me employee
[2025-06-20T11:51:35.437Z] [DEBUG] Report frequency: custom, Custom minutes: 1, Custom hours: N/A
[2025-06-20T11:51:35.437Z] [INFO] Executing report: 6851ce4fd0587f842175cdcb - anothny me employee for company company_9jxwph8g
[2025-06-20T11:51:45.364Z] [INFO] Checking for scheduled reports...
[2025-06-20T11:51:46.061Z] [DEBUG] Connected to MongoDB
[2025-06-20T11:51:46.140Z] [INFO] Found 3 company databases
[2025-06-20T11:51:46.141Z] [DEBUG] Processing company database: company_9jxwph8g
[2025-06-20T11:51:46.204Z] [DEBUG] Finding reports to execute in company_9jxwph8g (current time: 2025-06-20T11:51:46.204Z)
[2025-06-20T11:51:46.275Z] [INFO] Found 1 reports to execute in company_9jxwph8g
[2025-06-20T11:51:46.277Z] [INFO] Processing report: 6851ce4fd0587f842175cdcb - anothny me employee
[2025-06-20T11:51:46.278Z] [DEBUG] Report frequency: custom, Custom minutes: 1, Custom hours: N/A
[2025-06-20T11:51:46.278Z] [INFO] Executing report: 6851ce4fd0587f842175cdcb - anothny me employee for company company_9jxwph8g
[2025-06-20T11:51:46.749Z] [INFO] Successfully executed report 6851ce4fd0587f842175cdcb. Generated report ID: 1750420279548
[2025-06-20T11:51:46.750Z] [DEBUG] Custom frequency calculation: 0 hours and 1 minutes = 1 total minutes
[2025-06-20T11:51:46.750Z] [DEBUG] Next execution for custom frequency: 2025-06-20T11:52:46.750Z
[2025-06-20T11:51:46.814Z] [INFO] Updated scheduled report 6851ce4fd0587f842175cdcb with next execution time: 2025-06-20T11:52:46.750Z
[2025-06-20T11:51:46.814Z] [DEBUG] Processing company database: company_gbyetzgz
[2025-06-20T11:51:46.873Z] [DEBUG] Skipping company_gbyetzgz: No scheduled reports collection found
[2025-06-20T11:51:46.874Z] [DEBUG] Processing company database: company_mqs4s3fr
[2025-06-20T11:51:46.931Z] [DEBUG] Skipping company_mqs4s3fr: No scheduled reports collection found
[2025-06-20T11:51:46.932Z] [INFO] Scheduled reports check completed
[2025-06-20T11:51:46.934Z] [DEBUG] MongoDB connection closed
[2025-06-20T11:51:49.953Z] [ERROR] Error executing report 6851ce4fd0587f842175cdcb: request to http://localhost:3000/api/scheduled-reports failed, reason: socket hang up
[2025-06-20T11:51:49.953Z] [ERROR] Error executing report 6851ce4fd0587f842175cdcb: request to http://localhost:3000/api/scheduled-reports failed, reason: socket hang up
[2025-06-20T11:51:49.954Z] [ERROR] Stack trace: FetchError: request to http://localhost:3000/api/scheduled-reports failed, reason: socket hang up
    at ClientRequest.<anonymous> (/Users/sim/Project2/node_modules/node-fetch/lib/index.js:1501:11)
    at ClientRequest.emit (node:events:507:28)
    at emitErrorEvent (node:_http_client:104:11)
    at Socket.socketOnEnd (node:_http_client:542:5)
    at Socket.emit (node:events:519:35)
    at endReadableNT (node:internal/streams/readable:1701:12)
    at process.processTicksAndRejections (node:internal/process/task_queues:90:21)
[2025-06-20T11:51:49.954Z] [ERROR] Stack trace: FetchError: request to http://localhost:3000/api/scheduled-reports failed, reason: socket hang up
    at ClientRequest.<anonymous> (/Users/sim/Project2/node_modules/node-fetch/lib/index.js:1501:11)
    at ClientRequest.emit (node:events:507:28)
    at emitErrorEvent (node:_http_client:104:11)
    at Socket.socketOnEnd (node:_http_client:542:5)
    at Socket.emit (node:events:519:35)
    at endReadableNT (node:internal/streams/readable:1701:12)
    at process.processTicksAndRejections (node:internal/process/task_queues:90:21)
[2025-06-20T11:51:49.955Z] [ERROR] Failed to execute report 6851ce4fd0587f842175cdcb: request to http://localhost:3000/api/scheduled-reports failed, reason: socket hang up
[2025-06-20T11:51:49.955Z] [ERROR] Failed to execute report 6851ce4fd0587f842175cdcb: request to http://localhost:3000/api/scheduled-reports failed, reason: socket hang up
[2025-06-20T11:51:49.955Z] [DEBUG] Processing company database: company_gbyetzgz
[2025-06-20T11:51:49.955Z] [DEBUG] Processing company database: company_gbyetzgz
[2025-06-20T11:51:50.025Z] [DEBUG] Skipping company_gbyetzgz: No scheduled reports collection found
[2025-06-20T11:51:50.025Z] [DEBUG] Skipping company_gbyetzgz: No scheduled reports collection found
[2025-06-20T11:51:50.026Z] [DEBUG] Processing company database: company_mqs4s3fr
[2025-06-20T11:51:50.026Z] [DEBUG] Processing company database: company_mqs4s3fr
[2025-06-20T11:51:50.085Z] [DEBUG] Skipping company_mqs4s3fr: No scheduled reports collection found
[2025-06-20T11:51:50.085Z] [DEBUG] Skipping company_mqs4s3fr: No scheduled reports collection found
[2025-06-20T11:51:50.086Z] [INFO] Scheduled reports check completed
[2025-06-20T11:51:50.087Z] [INFO] Scheduled reports check completed
[2025-06-20T11:51:50.090Z] [DEBUG] MongoDB connection closed
[2025-06-20T11:51:50.091Z] [DEBUG] MongoDB connection closed
Fri Jun 20 06:52:00 CDT 2025: Running scheduled reports
Fri Jun 20 06:52:00 CDT 2025: Checking if NextJS server is running...
/Users/sim/Project2/scripts/../scripts/run-simple-scheduled-reports.sh: line 16: node: command not found
Fri Jun 20 06:52:00 CDT 2025: NextJS server is not running. Skipping scheduled reports check.
[2025-06-20T11:52:04.487Z] [INFO] Checking for scheduled reports...
[2025-06-20T11:52:05.278Z] [DEBUG] Connected to MongoDB
[2025-06-20T11:52:05.400Z] [INFO] Found 3 company databases
[2025-06-20T11:52:05.400Z] [DEBUG] Processing company database: company_9jxwph8g
[2025-06-20T11:52:05.469Z] [DEBUG] Finding reports to execute in company_9jxwph8g (current time: 2025-06-20T11:52:05.469Z)
[2025-06-20T11:52:05.537Z] [INFO] Found 1 reports to execute in company_9jxwph8g
[2025-06-20T11:52:05.538Z] [INFO] Processing report: 68554824f80693d496001585 - my employee anthony
[2025-06-20T11:52:05.538Z] [DEBUG] Report frequency: custom, Custom minutes: 1, Custom hours: N/A
[2025-06-20T11:52:05.538Z] [INFO] Executing report: 68554824f80693d496001585 - my employee anthony for company company_9jxwph8g
[2025-06-20T11:52:05.541Z] [ERROR] Error executing report 68554824f80693d496001585: request to http://localhost:3000/api/scheduled-reports failed, reason: 
[2025-06-20T11:52:05.542Z] [ERROR] Stack trace: FetchError: request to http://localhost:3000/api/scheduled-reports failed, reason: 
    at ClientRequest.<anonymous> (/Users/sim/Project2/node_modules/node-fetch/lib/index.js:1501:11)
    at ClientRequest.emit (node:events:507:28)
    at emitErrorEvent (node:_http_client:104:11)
    at Socket.socketErrorListener (node:_http_client:518:5)
    at Socket.emit (node:events:507:28)
    at emitErrorNT (node:internal/streams/destroy:170:8)
    at emitErrorCloseNT (node:internal/streams/destroy:129:3)
    at process.processTicksAndRejections (node:internal/process/task_queues:90:21)
[2025-06-20T11:52:05.542Z] [ERROR] Failed to execute report 68554824f80693d496001585: request to http://localhost:3000/api/scheduled-reports failed, reason: 
[2025-06-20T11:52:05.542Z] [DEBUG] Processing company database: company_gbyetzgz
[2025-06-20T11:52:05.608Z] [DEBUG] Skipping company_gbyetzgz: No scheduled reports collection found
[2025-06-20T11:52:05.609Z] [DEBUG] Processing company database: company_mqs4s3fr
[2025-06-20T11:52:05.682Z] [DEBUG] Skipping company_mqs4s3fr: No scheduled reports collection found
[2025-06-20T11:52:05.682Z] [INFO] Scheduled reports check completed
[2025-06-20T11:52:05.683Z] [DEBUG] MongoDB connection closed
[2025-06-20T11:52:34.488Z] [INFO] Checking for scheduled reports...
[2025-06-20T11:52:35.442Z] [DEBUG] Connected to MongoDB
[2025-06-20T11:52:35.533Z] [INFO] Found 3 company databases
[2025-06-20T11:52:35.534Z] [DEBUG] Processing company database: company_9jxwph8g
[2025-06-20T11:52:35.608Z] [DEBUG] Finding reports to execute in company_9jxwph8g (current time: 2025-06-20T11:52:35.608Z)
[2025-06-20T11:52:35.669Z] [INFO] Found 1 reports to execute in company_9jxwph8g
[2025-06-20T11:52:35.670Z] [INFO] Processing report: 68554824f80693d496001585 - my employee anthony
[2025-06-20T11:52:35.670Z] [DEBUG] Report frequency: custom, Custom minutes: 1, Custom hours: N/A
[2025-06-20T11:52:35.670Z] [INFO] Executing report: 68554824f80693d496001585 - my employee anthony for company company_9jxwph8g
[2025-06-20T11:52:35.673Z] [ERROR] Error executing report 68554824f80693d496001585: request to http://localhost:3000/api/scheduled-reports failed, reason: 
[2025-06-20T11:52:35.673Z] [ERROR] Stack trace: FetchError: request to http://localhost:3000/api/scheduled-reports failed, reason: 
    at ClientRequest.<anonymous> (/Users/sim/Project2/node_modules/node-fetch/lib/index.js:1501:11)
    at ClientRequest.emit (node:events:507:28)
    at emitErrorEvent (node:_http_client:104:11)
    at Socket.socketErrorListener (node:_http_client:518:5)
    at Socket.emit (node:events:507:28)
    at emitErrorNT (node:internal/streams/destroy:170:8)
    at emitErrorCloseNT (node:internal/streams/destroy:129:3)
    at process.processTicksAndRejections (node:internal/process/task_queues:90:21)
[2025-06-20T11:52:35.673Z] [ERROR] Failed to execute report 68554824f80693d496001585: request to http://localhost:3000/api/scheduled-reports failed, reason: 
[2025-06-20T11:52:35.673Z] [DEBUG] Processing company database: company_gbyetzgz
[2025-06-20T11:52:35.735Z] [DEBUG] Skipping company_gbyetzgz: No scheduled reports collection found
[2025-06-20T11:52:35.736Z] [DEBUG] Processing company database: company_mqs4s3fr
[2025-06-20T11:52:35.801Z] [DEBUG] Skipping company_mqs4s3fr: No scheduled reports collection found
[2025-06-20T11:52:35.802Z] [INFO] Scheduled reports check completed
[2025-06-20T11:52:35.804Z] [DEBUG] MongoDB connection closed
Fri Jun 20 06:53:00 CDT 2025: Running scheduled reports
Fri Jun 20 06:53:00 CDT 2025: Checking if NextJS server is running...
/Users/sim/Project2/scripts/../scripts/run-simple-scheduled-reports.sh: line 16: node: command not found
Fri Jun 20 06:53:00 CDT 2025: NextJS server is not running. Skipping scheduled reports check.
[2025-06-20T11:53:04.488Z] [INFO] Checking for scheduled reports...
[2025-06-20T11:53:05.653Z] [DEBUG] Connected to MongoDB
[2025-06-20T11:53:05.727Z] [INFO] Found 3 company databases
[2025-06-20T11:53:05.728Z] [DEBUG] Processing company database: company_9jxwph8g
[2025-06-20T11:53:05.820Z] [DEBUG] Finding reports to execute in company_9jxwph8g (current time: 2025-06-20T11:53:05.820Z)
[2025-06-20T11:53:05.881Z] [INFO] Found 2 reports to execute in company_9jxwph8g
[2025-06-20T11:53:05.882Z] [INFO] Processing report: 6851ce4fd0587f842175cdcb - anothny me employee
[2025-06-20T11:53:05.883Z] [DEBUG] Report frequency: custom, Custom minutes: 1, Custom hours: N/A
[2025-06-20T11:53:05.883Z] [INFO] Executing report: 6851ce4fd0587f842175cdcb - anothny me employee for company company_9jxwph8g
[2025-06-20T11:53:05.886Z] [ERROR] Error executing report 6851ce4fd0587f842175cdcb: request to http://localhost:3000/api/scheduled-reports failed, reason: 
[2025-06-20T11:53:05.888Z] [ERROR] Stack trace: FetchError: request to http://localhost:3000/api/scheduled-reports failed, reason: 
    at ClientRequest.<anonymous> (/Users/sim/Project2/node_modules/node-fetch/lib/index.js:1501:11)
    at ClientRequest.emit (node:events:507:28)
    at emitErrorEvent (node:_http_client:104:11)
    at Socket.socketErrorListener (node:_http_client:518:5)
    at Socket.emit (node:events:507:28)
    at emitErrorNT (node:internal/streams/destroy:170:8)
    at emitErrorCloseNT (node:internal/streams/destroy:129:3)
    at process.processTicksAndRejections (node:internal/process/task_queues:90:21)
[2025-06-20T11:53:05.888Z] [ERROR] Failed to execute report 6851ce4fd0587f842175cdcb: request to http://localhost:3000/api/scheduled-reports failed, reason: 
[2025-06-20T11:53:05.889Z] [INFO] Processing report: 68554824f80693d496001585 - my employee anthony
[2025-06-20T11:53:05.889Z] [DEBUG] Report frequency: custom, Custom minutes: 1, Custom hours: N/A
[2025-06-20T11:53:05.889Z] [INFO] Executing report: 68554824f80693d496001585 - my employee anthony for company company_9jxwph8g
[2025-06-20T11:53:05.892Z] [ERROR] Error executing report 68554824f80693d496001585: request to http://localhost:3000/api/scheduled-reports failed, reason: 
[2025-06-20T11:53:05.892Z] [ERROR] Stack trace: FetchError: request to http://localhost:3000/api/scheduled-reports failed, reason: 
    at ClientRequest.<anonymous> (/Users/sim/Project2/node_modules/node-fetch/lib/index.js:1501:11)
    at ClientRequest.emit (node:events:507:28)
    at emitErrorEvent (node:_http_client:104:11)
    at Socket.socketErrorListener (node:_http_client:518:5)
    at Socket.emit (node:events:507:28)
    at emitErrorNT (node:internal/streams/destroy:170:8)
    at emitErrorCloseNT (node:internal/streams/destroy:129:3)
    at process.processTicksAndRejections (node:internal/process/task_queues:90:21)
[2025-06-20T11:53:05.892Z] [ERROR] Failed to execute report 68554824f80693d496001585: request to http://localhost:3000/api/scheduled-reports failed, reason: 
[2025-06-20T11:53:05.892Z] [DEBUG] Processing company database: company_gbyetzgz
[2025-06-20T11:53:05.958Z] [DEBUG] Skipping company_gbyetzgz: No scheduled reports collection found
[2025-06-20T11:53:05.959Z] [DEBUG] Processing company database: company_mqs4s3fr
[2025-06-20T11:53:06.037Z] [DEBUG] Skipping company_mqs4s3fr: No scheduled reports collection found
[2025-06-20T11:53:06.038Z] [INFO] Scheduled reports check completed
[2025-06-20T11:53:06.041Z] [DEBUG] MongoDB connection closed
[2025-06-20T11:53:34.489Z] [INFO] Checking for scheduled reports...
[2025-06-20T11:53:35.321Z] [DEBUG] Connected to MongoDB
[2025-06-20T11:53:35.392Z] [INFO] Found 3 company databases
[2025-06-20T11:53:35.393Z] [DEBUG] Processing company database: company_9jxwph8g
[2025-06-20T11:53:35.452Z] [DEBUG] Finding reports to execute in company_9jxwph8g (current time: 2025-06-20T11:53:35.452Z)
[2025-06-20T11:53:35.511Z] [INFO] Found 2 reports to execute in company_9jxwph8g
[2025-06-20T11:53:35.511Z] [INFO] Processing report: 6851ce4fd0587f842175cdcb - anothny me employee
[2025-06-20T11:53:35.511Z] [DEBUG] Report frequency: custom, Custom minutes: 1, Custom hours: N/A
[2025-06-20T11:53:35.512Z] [INFO] Executing report: 6851ce4fd0587f842175cdcb - anothny me employee for company company_9jxwph8g
[2025-06-20T11:53:35.514Z] [ERROR] Error executing report 6851ce4fd0587f842175cdcb: request to http://localhost:3000/api/scheduled-reports failed, reason: 
[2025-06-20T11:53:35.514Z] [ERROR] Stack trace: FetchError: request to http://localhost:3000/api/scheduled-reports failed, reason: 
    at ClientRequest.<anonymous> (/Users/sim/Project2/node_modules/node-fetch/lib/index.js:1501:11)
    at ClientRequest.emit (node:events:507:28)
    at emitErrorEvent (node:_http_client:104:11)
    at Socket.socketErrorListener (node:_http_client:518:5)
    at Socket.emit (node:events:507:28)
    at emitErrorNT (node:internal/streams/destroy:170:8)
    at emitErrorCloseNT (node:internal/streams/destroy:129:3)
    at process.processTicksAndRejections (node:internal/process/task_queues:90:21)
[2025-06-20T11:53:35.515Z] [ERROR] Failed to execute report 6851ce4fd0587f842175cdcb: request to http://localhost:3000/api/scheduled-reports failed, reason: 
[2025-06-20T11:53:35.515Z] [INFO] Processing report: 68554824f80693d496001585 - my employee anthony
[2025-06-20T11:53:35.515Z] [DEBUG] Report frequency: custom, Custom minutes: 1, Custom hours: N/A
[2025-06-20T11:53:35.515Z] [INFO] Executing report: 68554824f80693d496001585 - my employee anthony for company company_9jxwph8g
[2025-06-20T11:53:35.516Z] [ERROR] Error executing report 68554824f80693d496001585: request to http://localhost:3000/api/scheduled-reports failed, reason: 
[2025-06-20T11:53:35.517Z] [ERROR] Stack trace: FetchError: request to http://localhost:3000/api/scheduled-reports failed, reason: 
    at ClientRequest.<anonymous> (/Users/sim/Project2/node_modules/node-fetch/lib/index.js:1501:11)
    at ClientRequest.emit (node:events:507:28)
    at emitErrorEvent (node:_http_client:104:11)
    at Socket.socketErrorListener (node:_http_client:518:5)
    at Socket.emit (node:events:507:28)
    at emitErrorNT (node:internal/streams/destroy:170:8)
    at emitErrorCloseNT (node:internal/streams/destroy:129:3)
    at process.processTicksAndRejections (node:internal/process/task_queues:90:21)
[2025-06-20T11:53:35.517Z] [ERROR] Failed to execute report 68554824f80693d496001585: request to http://localhost:3000/api/scheduled-reports failed, reason: 
[2025-06-20T11:53:35.517Z] [DEBUG] Processing company database: company_gbyetzgz
[2025-06-20T11:53:35.576Z] [DEBUG] Skipping company_gbyetzgz: No scheduled reports collection found
[2025-06-20T11:53:35.577Z] [DEBUG] Processing company database: company_mqs4s3fr
[2025-06-20T11:53:35.635Z] [DEBUG] Skipping company_mqs4s3fr: No scheduled reports collection found
[2025-06-20T11:53:35.636Z] [INFO] Scheduled reports check completed
[2025-06-20T11:53:35.638Z] [DEBUG] MongoDB connection closed
Fri Jun 20 06:54:00 CDT 2025: Checking if NextJS server is running...
Fri Jun 20 06:54:00 CDT 2025: Running scheduled reports
/Users/sim/Project2/scripts/../scripts/run-simple-scheduled-reports.sh: line 16: node: command not found
Fri Jun 20 06:54:00 CDT 2025: NextJS server is not running. Skipping scheduled reports check.
[2025-06-20T11:54:04.490Z] [INFO] Checking for scheduled reports...
[2025-06-20T11:54:05.329Z] [DEBUG] Connected to MongoDB
[2025-06-20T11:54:05.517Z] [INFO] Found 3 company databases
[2025-06-20T11:54:05.518Z] [DEBUG] Processing company database: company_9jxwph8g
[2025-06-20T11:54:05.588Z] [DEBUG] Finding reports to execute in company_9jxwph8g (current time: 2025-06-20T11:54:05.588Z)
[2025-06-20T11:54:05.651Z] [INFO] Found 2 reports to execute in company_9jxwph8g
[2025-06-20T11:54:05.652Z] [INFO] Processing report: 6851ce4fd0587f842175cdcb - anothny me employee
[2025-06-20T11:54:05.652Z] [DEBUG] Report frequency: custom, Custom minutes: 1, Custom hours: N/A
[2025-06-20T11:54:05.653Z] [INFO] Executing report: 6851ce4fd0587f842175cdcb - anothny me employee for company company_9jxwph8g
[2025-06-20T11:54:05.660Z] [ERROR] Error executing report 6851ce4fd0587f842175cdcb: request to http://localhost:3000/api/scheduled-reports failed, reason: 
[2025-06-20T11:54:05.661Z] [ERROR] Stack trace: FetchError: request to http://localhost:3000/api/scheduled-reports failed, reason: 
    at ClientRequest.<anonymous> (/Users/sim/Project2/node_modules/node-fetch/lib/index.js:1501:11)
    at ClientRequest.emit (node:events:507:28)
    at emitErrorEvent (node:_http_client:104:11)
    at Socket.socketErrorListener (node:_http_client:518:5)
    at Socket.emit (node:events:507:28)
    at emitErrorNT (node:internal/streams/destroy:170:8)
    at emitErrorCloseNT (node:internal/streams/destroy:129:3)
    at process.processTicksAndRejections (node:internal/process/task_queues:90:21)
[2025-06-20T11:54:05.661Z] [ERROR] Failed to execute report 6851ce4fd0587f842175cdcb: request to http://localhost:3000/api/scheduled-reports failed, reason: 
[2025-06-20T11:54:05.661Z] [INFO] Processing report: 68554824f80693d496001585 - my employee anthony
[2025-06-20T11:54:05.662Z] [DEBUG] Report frequency: custom, Custom minutes: 1, Custom hours: N/A
[2025-06-20T11:54:05.663Z] [INFO] Executing report: 68554824f80693d496001585 - my employee anthony for company company_9jxwph8g
[2025-06-20T11:54:05.669Z] [ERROR] Error executing report 68554824f80693d496001585: request to http://localhost:3000/api/scheduled-reports failed, reason: 
[2025-06-20T11:54:05.670Z] [ERROR] Stack trace: FetchError: request to http://localhost:3000/api/scheduled-reports failed, reason: 
    at ClientRequest.<anonymous> (/Users/sim/Project2/node_modules/node-fetch/lib/index.js:1501:11)
    at ClientRequest.emit (node:events:507:28)
    at emitErrorEvent (node:_http_client:104:11)
    at Socket.socketErrorListener (node:_http_client:518:5)
    at Socket.emit (node:events:507:28)
    at emitErrorNT (node:internal/streams/destroy:170:8)
    at emitErrorCloseNT (node:internal/streams/destroy:129:3)
    at process.processTicksAndRejections (node:internal/process/task_queues:90:21)
[2025-06-20T11:54:05.670Z] [ERROR] Failed to execute report 68554824f80693d496001585: request to http://localhost:3000/api/scheduled-reports failed, reason: 
[2025-06-20T11:54:05.670Z] [DEBUG] Processing company database: company_gbyetzgz
[2025-06-20T11:54:05.727Z] [DEBUG] Skipping company_gbyetzgz: No scheduled reports collection found
[2025-06-20T11:54:05.727Z] [DEBUG] Processing company database: company_mqs4s3fr
[2025-06-20T11:54:05.786Z] [DEBUG] Skipping company_mqs4s3fr: No scheduled reports collection found
[2025-06-20T11:54:05.787Z] [INFO] Scheduled reports check completed
[2025-06-20T11:54:05.791Z] [DEBUG] MongoDB connection closed
[2025-06-20T11:54:34.491Z] [INFO] Checking for scheduled reports...
[2025-06-20T11:54:35.343Z] [DEBUG] Connected to MongoDB
[2025-06-20T11:54:35.426Z] [INFO] Found 3 company databases
[2025-06-20T11:54:35.428Z] [DEBUG] Processing company database: company_9jxwph8g
[2025-06-20T11:54:35.491Z] [DEBUG] Finding reports to execute in company_9jxwph8g (current time: 2025-06-20T11:54:35.491Z)
[2025-06-20T11:54:35.560Z] [INFO] Found 2 reports to execute in company_9jxwph8g
[2025-06-20T11:54:35.560Z] [INFO] Processing report: 6851ce4fd0587f842175cdcb - anothny me employee
[2025-06-20T11:54:35.561Z] [DEBUG] Report frequency: custom, Custom minutes: 1, Custom hours: N/A
[2025-06-20T11:54:35.561Z] [INFO] Executing report: 6851ce4fd0587f842175cdcb - anothny me employee for company company_9jxwph8g
[2025-06-20T11:54:35.563Z] [ERROR] Error executing report 6851ce4fd0587f842175cdcb: request to http://localhost:3000/api/scheduled-reports failed, reason: 
[2025-06-20T11:54:35.563Z] [ERROR] Stack trace: FetchError: request to http://localhost:3000/api/scheduled-reports failed, reason: 
    at ClientRequest.<anonymous> (/Users/sim/Project2/node_modules/node-fetch/lib/index.js:1501:11)
    at ClientRequest.emit (node:events:507:28)
    at emitErrorEvent (node:_http_client:104:11)
    at Socket.socketErrorListener (node:_http_client:518:5)
    at Socket.emit (node:events:507:28)
    at emitErrorNT (node:internal/streams/destroy:170:8)
    at emitErrorCloseNT (node:internal/streams/destroy:129:3)
    at process.processTicksAndRejections (node:internal/process/task_queues:90:21)
[2025-06-20T11:54:35.563Z] [ERROR] Failed to execute report 6851ce4fd0587f842175cdcb: request to http://localhost:3000/api/scheduled-reports failed, reason: 
[2025-06-20T11:54:35.563Z] [INFO] Processing report: 68554824f80693d496001585 - my employee anthony
[2025-06-20T11:54:35.563Z] [DEBUG] Report frequency: custom, Custom minutes: 1, Custom hours: N/A
[2025-06-20T11:54:35.563Z] [INFO] Executing report: 68554824f80693d496001585 - my employee anthony for company company_9jxwph8g
[2025-06-20T11:54:35.565Z] [ERROR] Error executing report 68554824f80693d496001585: request to http://localhost:3000/api/scheduled-reports failed, reason: 
[2025-06-20T11:54:35.565Z] [ERROR] Stack trace: FetchError: request to http://localhost:3000/api/scheduled-reports failed, reason: 
    at ClientRequest.<anonymous> (/Users/sim/Project2/node_modules/node-fetch/lib/index.js:1501:11)
    at ClientRequest.emit (node:events:507:28)
    at emitErrorEvent (node:_http_client:104:11)
    at Socket.socketErrorListener (node:_http_client:518:5)
    at Socket.emit (node:events:507:28)
    at emitErrorNT (node:internal/streams/destroy:170:8)
    at emitErrorCloseNT (node:internal/streams/destroy:129:3)
    at process.processTicksAndRejections (node:internal/process/task_queues:90:21)
[2025-06-20T11:54:35.565Z] [ERROR] Failed to execute report 68554824f80693d496001585: request to http://localhost:3000/api/scheduled-reports failed, reason: 
[2025-06-20T11:54:35.565Z] [DEBUG] Processing company database: company_gbyetzgz
[2025-06-20T11:54:35.627Z] [DEBUG] Skipping company_gbyetzgz: No scheduled reports collection found
[2025-06-20T11:54:35.627Z] [DEBUG] Processing company database: company_mqs4s3fr
[2025-06-20T11:54:35.686Z] [DEBUG] Skipping company_mqs4s3fr: No scheduled reports collection found
[2025-06-20T11:54:35.686Z] [INFO] Scheduled reports check completed
[2025-06-20T11:54:35.687Z] [DEBUG] MongoDB connection closed
Fri Jun 20 06:55:00 CDT 2025: Checking if NextJS server is running...
Fri Jun 20 06:55:00 CDT 2025: Running scheduled reports
/Users/sim/Project2/scripts/../scripts/run-simple-scheduled-reports.sh: line 16: node: command not found
Fri Jun 20 06:55:00 CDT 2025: NextJS server is not running. Skipping scheduled reports check.
[2025-06-20T11:55:04.491Z] [INFO] Checking for scheduled reports...
[2025-06-20T11:55:05.433Z] [DEBUG] Connected to MongoDB
[2025-06-20T11:55:05.508Z] [INFO] Found 3 company databases
[2025-06-20T11:55:05.509Z] [DEBUG] Processing company database: company_9jxwph8g
[2025-06-20T11:55:05.568Z] [DEBUG] Finding reports to execute in company_9jxwph8g (current time: 2025-06-20T11:55:05.568Z)
[2025-06-20T11:55:05.640Z] [INFO] Found 2 reports to execute in company_9jxwph8g
[2025-06-20T11:55:05.641Z] [INFO] Processing report: 6851ce4fd0587f842175cdcb - anothny me employee
[2025-06-20T11:55:05.642Z] [DEBUG] Report frequency: custom, Custom minutes: 1, Custom hours: N/A
[2025-06-20T11:55:05.642Z] [INFO] Executing report: 6851ce4fd0587f842175cdcb - anothny me employee for company company_9jxwph8g
[2025-06-20T11:55:05.645Z] [ERROR] Error executing report 6851ce4fd0587f842175cdcb: request to http://localhost:3000/api/scheduled-reports failed, reason: 
[2025-06-20T11:55:05.646Z] [ERROR] Stack trace: FetchError: request to http://localhost:3000/api/scheduled-reports failed, reason: 
    at ClientRequest.<anonymous> (/Users/sim/Project2/node_modules/node-fetch/lib/index.js:1501:11)
    at ClientRequest.emit (node:events:507:28)
    at emitErrorEvent (node:_http_client:104:11)
    at Socket.socketErrorListener (node:_http_client:518:5)
    at Socket.emit (node:events:507:28)
    at emitErrorNT (node:internal/streams/destroy:170:8)
    at emitErrorCloseNT (node:internal/streams/destroy:129:3)
    at process.processTicksAndRejections (node:internal/process/task_queues:90:21)
[2025-06-20T11:55:05.646Z] [ERROR] Failed to execute report 6851ce4fd0587f842175cdcb: request to http://localhost:3000/api/scheduled-reports failed, reason: 
[2025-06-20T11:55:05.646Z] [INFO] Processing report: 68554824f80693d496001585 - my employee anthony
[2025-06-20T11:55:05.647Z] [DEBUG] Report frequency: custom, Custom minutes: 1, Custom hours: N/A
[2025-06-20T11:55:05.647Z] [INFO] Executing report: 68554824f80693d496001585 - my employee anthony for company company_9jxwph8g
[2025-06-20T11:55:05.648Z] [ERROR] Error executing report 68554824f80693d496001585: request to http://localhost:3000/api/scheduled-reports failed, reason: 
[2025-06-20T11:55:05.648Z] [ERROR] Stack trace: FetchError: request to http://localhost:3000/api/scheduled-reports failed, reason: 
    at ClientRequest.<anonymous> (/Users/sim/Project2/node_modules/node-fetch/lib/index.js:1501:11)
    at ClientRequest.emit (node:events:507:28)
    at emitErrorEvent (node:_http_client:104:11)
    at Socket.socketErrorListener (node:_http_client:518:5)
    at Socket.emit (node:events:507:28)
    at emitErrorNT (node:internal/streams/destroy:170:8)
    at emitErrorCloseNT (node:internal/streams/destroy:129:3)
    at process.processTicksAndRejections (node:internal/process/task_queues:90:21)
[2025-06-20T11:55:05.649Z] [ERROR] Failed to execute report 68554824f80693d496001585: request to http://localhost:3000/api/scheduled-reports failed, reason: 
[2025-06-20T11:55:05.649Z] [DEBUG] Processing company database: company_gbyetzgz
[2025-06-20T11:55:05.714Z] [DEBUG] Skipping company_gbyetzgz: No scheduled reports collection found
[2025-06-20T11:55:05.714Z] [DEBUG] Processing company database: company_mqs4s3fr
[2025-06-20T11:55:05.776Z] [DEBUG] Skipping company_mqs4s3fr: No scheduled reports collection found
[2025-06-20T11:55:05.776Z] [INFO] Scheduled reports check completed
[2025-06-20T11:55:05.777Z] [DEBUG] MongoDB connection closed
[2025-06-20T11:55:18.023Z] [INFO] Starting scheduled reports daemon with check interval of 30000ms
[2025-06-20T11:55:18.026Z] [INFO] Checking for scheduled reports...
[2025-06-20T11:55:18.992Z] [DEBUG] Connected to MongoDB
[2025-06-20T11:55:19.073Z] [INFO] Found 3 company databases
[2025-06-20T11:55:19.073Z] [DEBUG] Processing company database: company_9jxwph8g
[2025-06-20T11:55:19.156Z] [DEBUG] Finding reports to execute in company_9jxwph8g (current time: 2025-06-20T11:55:19.156Z)
[2025-06-20T11:55:19.237Z] [INFO] Found 2 reports to execute in company_9jxwph8g
[2025-06-20T11:55:19.237Z] [INFO] Processing report: 6851ce4fd0587f842175cdcb - anothny me employee
[2025-06-20T11:55:19.237Z] [DEBUG] Report frequency: custom, Custom minutes: 1, Custom hours: N/A
[2025-06-20T11:55:19.237Z] [INFO] Executing report: 6851ce4fd0587f842175cdcb - anothny me employee for company company_9jxwph8g
[2025-06-20T11:55:34.493Z] [INFO] Checking for scheduled reports...
[2025-06-20T11:55:37.044Z] [DEBUG] Connected to MongoDB
[2025-06-20T11:55:37.164Z] [INFO] Found 3 company databases
[2025-06-20T11:55:37.165Z] [DEBUG] Processing company database: company_9jxwph8g
[2025-06-20T11:55:37.226Z] [DEBUG] Finding reports to execute in company_9jxwph8g (current time: 2025-06-20T11:55:37.225Z)
[2025-06-20T11:55:37.308Z] [INFO] Found 2 reports to execute in company_9jxwph8g
[2025-06-20T11:55:37.309Z] [INFO] Processing report: 6851ce4fd0587f842175cdcb - anothny me employee
[2025-06-20T11:55:37.311Z] [DEBUG] Report frequency: custom, Custom minutes: 1, Custom hours: N/A
[2025-06-20T11:55:37.313Z] [INFO] Executing report: 6851ce4fd0587f842175cdcb - anothny me employee for company company_9jxwph8g
[2025-06-20T11:56:00.650Z] [INFO] Successfully executed report 6851ce4fd0587f842175cdcb. Generated report ID: 1750420534091
[2025-06-20T11:56:00.653Z] [DEBUG] Custom frequency calculation: 0 hours and 1 minutes = 1 total minutes
[2025-06-20T11:56:00.653Z] [DEBUG] Next execution for custom frequency: 2025-06-20T11:57:00.653Z
Fri Jun 20 06:56:00 CDT 2025: Running scheduled reports
Fri Jun 20 06:56:00 CDT 2025: Checking if NextJS server is running...
/Users/sim/Project2/scripts/../scripts/run-simple-scheduled-reports.sh: line 16: node: command not found
[2025-06-20T11:56:00.748Z] [INFO] Updated scheduled report 6851ce4fd0587f842175cdcb with next execution time: 2025-06-20T11:57:00.653Z
[2025-06-20T11:56:00.749Z] [INFO] Processing report: 68554824f80693d496001585 - my employee anthony
[2025-06-20T11:56:00.749Z] [DEBUG] Report frequency: custom, Custom minutes: 1, Custom hours: N/A
[2025-06-20T11:56:00.750Z] [INFO] Executing report: 68554824f80693d496001585 - my employee anthony for company company_9jxwph8g
Fri Jun 20 06:56:00 CDT 2025: NextJS server is running. Running scheduled reports check...
/Users/sim/Project2/scripts/../scripts/run-scheduled-reports-cron.sh: line 25: node: command not found
[2025-06-20T11:56:04.518Z] [INFO] Checking for scheduled reports...
[2025-06-20T11:56:07.034Z] [DEBUG] Connected to MongoDB
[2025-06-20T11:56:07.212Z] [INFO] Found 3 company databases
[2025-06-20T11:56:07.213Z] [DEBUG] Processing company database: company_9jxwph8g
[2025-06-20T11:56:07.285Z] [DEBUG] Finding reports to execute in company_9jxwph8g (current time: 2025-06-20T11:56:07.285Z)
[2025-06-20T11:56:07.348Z] [INFO] Found 1 reports to execute in company_9jxwph8g
[2025-06-20T11:56:07.348Z] [INFO] Processing report: 68554824f80693d496001585 - my employee anthony
[2025-06-20T11:56:07.349Z] [DEBUG] Report frequency: custom, Custom minutes: 1, Custom hours: N/A
[2025-06-20T11:56:07.349Z] [INFO] Executing report: 68554824f80693d496001585 - my employee anthony for company company_9jxwph8g
[2025-06-20T11:56:11.448Z] [INFO] Successfully executed report 6851ce4fd0587f842175cdcb. Generated report ID: 1750420540917
[2025-06-20T11:56:11.449Z] [DEBUG] Custom frequency calculation: 0 hours and 1 minutes = 1 total minutes
[2025-06-20T11:56:11.450Z] [DEBUG] Next execution for custom frequency: 2025-06-20T11:57:11.449Z
[2025-06-20T11:56:11.516Z] [INFO] Updated scheduled report 6851ce4fd0587f842175cdcb with next execution time: 2025-06-20T11:57:11.449Z
[2025-06-20T11:56:11.517Z] [INFO] Processing report: 68554824f80693d496001585 - my employee anthony
[2025-06-20T11:56:11.518Z] [DEBUG] Report frequency: custom, Custom minutes: 1, Custom hours: N/A
[2025-06-20T11:56:11.518Z] [INFO] Executing report: 68554824f80693d496001585 - my employee anthony for company company_9jxwph8g
[2025-06-20T11:56:34.523Z] [INFO] Checking for scheduled reports...
[2025-06-20T11:56:35.095Z] [INFO] Successfully executed report 68554824f80693d496001585. Generated report ID: 1750420564074
[2025-06-20T11:56:35.096Z] [DEBUG] Custom frequency calculation: 0 hours and 1 minutes = 1 total minutes
[2025-06-20T11:56:35.096Z] [DEBUG] Next execution for custom frequency: 2025-06-20T11:57:35.096Z
[2025-06-20T11:56:35.199Z] [INFO] Updated scheduled report 68554824f80693d496001585 with next execution time: 2025-06-20T11:57:35.096Z
[2025-06-20T11:56:35.199Z] [DEBUG] Processing company database: company_gbyetzgz
[2025-06-20T11:56:35.265Z] [DEBUG] Skipping company_gbyetzgz: No scheduled reports collection found
[2025-06-20T11:56:35.266Z] [DEBUG] Processing company database: company_mqs4s3fr
[2025-06-20T11:56:35.398Z] [DEBUG] Skipping company_mqs4s3fr: No scheduled reports collection found
[2025-06-20T11:56:35.398Z] [INFO] Scheduled reports check completed
[2025-06-20T11:56:35.398Z] [DEBUG] Connected to MongoDB
[2025-06-20T11:56:35.401Z] [DEBUG] MongoDB connection closed
[2025-06-20T11:56:35.401Z] [INFO] Daemon is now running continuously...
[2025-06-20T11:56:35.504Z] [INFO] Found 3 company databases
[2025-06-20T11:56:35.505Z] [DEBUG] Processing company database: company_9jxwph8g
[2025-06-20T11:56:35.752Z] [DEBUG] Finding reports to execute in company_9jxwph8g (current time: 2025-06-20T11:56:35.752Z)
[2025-06-20T11:56:35.850Z] [INFO] Found 0 reports to execute in company_9jxwph8g
[2025-06-20T11:56:35.853Z] [DEBUG] Processing company database: company_gbyetzgz
[2025-06-20T11:56:35.912Z] [DEBUG] Skipping company_gbyetzgz: No scheduled reports collection found
[2025-06-20T11:56:35.912Z] [DEBUG] Processing company database: company_mqs4s3fr
[2025-06-20T11:56:35.982Z] [DEBUG] Skipping company_mqs4s3fr: No scheduled reports collection found
[2025-06-20T11:56:35.982Z] [INFO] Scheduled reports check completed
[2025-06-20T11:56:35.984Z] [DEBUG] MongoDB connection closed
[2025-06-20T11:56:40.035Z] [INFO] Successfully executed report 68554824f80693d496001585. Generated report ID: 1750420570314
[2025-06-20T11:56:40.036Z] [DEBUG] Custom frequency calculation: 0 hours and 1 minutes = 1 total minutes
[2025-06-20T11:56:40.036Z] [DEBUG] Next execution for custom frequency: 2025-06-20T11:57:40.036Z
[2025-06-20T11:56:40.101Z] [INFO] Updated scheduled report 68554824f80693d496001585 with next execution time: 2025-06-20T11:57:40.036Z
[2025-06-20T11:56:40.101Z] [DEBUG] Processing company database: company_gbyetzgz
[2025-06-20T11:56:40.167Z] [DEBUG] Skipping company_gbyetzgz: No scheduled reports collection found
[2025-06-20T11:56:40.168Z] [DEBUG] Processing company database: company_mqs4s3fr
[2025-06-20T11:56:40.228Z] [DEBUG] Skipping company_mqs4s3fr: No scheduled reports collection found
[2025-06-20T11:56:40.229Z] [INFO] Scheduled reports check completed
[2025-06-20T11:56:40.230Z] [DEBUG] MongoDB connection closed
[2025-06-20T11:56:49.315Z] [INFO] Successfully executed report 68554824f80693d496001585. Generated report ID: 1750420574291
[2025-06-20T11:56:49.317Z] [DEBUG] Custom frequency calculation: 0 hours and 1 minutes = 1 total minutes
[2025-06-20T11:56:49.318Z] [DEBUG] Next execution for custom frequency: 2025-06-20T11:57:49.317Z
[2025-06-20T11:56:49.404Z] [INFO] Updated scheduled report 68554824f80693d496001585 with next execution time: 2025-06-20T11:57:49.317Z
[2025-06-20T11:56:49.405Z] [DEBUG] Processing company database: company_gbyetzgz
[2025-06-20T11:56:49.469Z] [DEBUG] Skipping company_gbyetzgz: No scheduled reports collection found
[2025-06-20T11:56:49.469Z] [DEBUG] Processing company database: company_mqs4s3fr
[2025-06-20T11:56:49.568Z] [DEBUG] Skipping company_mqs4s3fr: No scheduled reports collection found
[2025-06-20T11:56:49.569Z] [INFO] Scheduled reports check completed
[2025-06-20T11:56:49.571Z] [DEBUG] MongoDB connection closed
Fri Jun 20 06:57:00 CDT 2025: Checking if NextJS server is running...
Fri Jun 20 06:57:00 CDT 2025: Running scheduled reports
/Users/sim/Project2/scripts/../scripts/run-simple-scheduled-reports.sh: line 16: node: command not found
Fri Jun 20 06:57:01 CDT 2025: NextJS server is running. Running scheduled reports check...
/Users/sim/Project2/scripts/../scripts/run-scheduled-reports-cron.sh: line 25: node: command not found
[2025-06-20T11:57:04.524Z] [INFO] Checking for scheduled reports...
[2025-06-20T11:57:05.403Z] [INFO] Checking for scheduled reports...
[2025-06-20T11:57:05.445Z] [DEBUG] Connected to MongoDB
[2025-06-20T11:57:05.554Z] [INFO] Found 3 company databases
[2025-06-20T11:57:05.555Z] [DEBUG] Processing company database: company_9jxwph8g
[2025-06-20T11:57:05.648Z] [DEBUG] Finding reports to execute in company_9jxwph8g (current time: 2025-06-20T11:57:05.648Z)
[2025-06-20T11:57:05.713Z] [INFO] Found 0 reports to execute in company_9jxwph8g
[2025-06-20T11:57:05.713Z] [DEBUG] Processing company database: company_gbyetzgz
[2025-06-20T11:57:05.843Z] [DEBUG] Skipping company_gbyetzgz: No scheduled reports collection found
[2025-06-20T11:57:05.843Z] [DEBUG] Processing company database: company_mqs4s3fr
[2025-06-20T11:57:05.925Z] [DEBUG] Skipping company_mqs4s3fr: No scheduled reports collection found
[2025-06-20T11:57:05.926Z] [INFO] Scheduled reports check completed
[2025-06-20T11:57:05.928Z] [DEBUG] MongoDB connection closed
[2025-06-20T11:57:06.253Z] [DEBUG] Connected to MongoDB
[2025-06-20T11:57:06.325Z] [INFO] Found 3 company databases
[2025-06-20T11:57:06.326Z] [DEBUG] Processing company database: company_9jxwph8g
[2025-06-20T11:57:06.409Z] [DEBUG] Finding reports to execute in company_9jxwph8g (current time: 2025-06-20T11:57:06.409Z)
[2025-06-20T11:57:06.470Z] [INFO] Found 0 reports to execute in company_9jxwph8g
[2025-06-20T11:57:06.471Z] [DEBUG] Processing company database: company_gbyetzgz
[2025-06-20T11:57:06.542Z] [DEBUG] Skipping company_gbyetzgz: No scheduled reports collection found
[2025-06-20T11:57:06.543Z] [DEBUG] Processing company database: company_mqs4s3fr
[2025-06-20T11:57:06.620Z] [DEBUG] Skipping company_mqs4s3fr: No scheduled reports collection found
[2025-06-20T11:57:06.621Z] [INFO] Scheduled reports check completed
[2025-06-20T11:57:06.625Z] [DEBUG] MongoDB connection closed
[2025-06-20T11:57:34.525Z] [INFO] Checking for scheduled reports...
[2025-06-20T11:57:35.313Z] [DEBUG] Connected to MongoDB
[2025-06-20T11:57:35.382Z] [INFO] Found 3 company databases
[2025-06-20T11:57:35.382Z] [DEBUG] Processing company database: company_9jxwph8g
[2025-06-20T11:57:35.404Z] [INFO] Checking for scheduled reports...
[2025-06-20T11:57:35.449Z] [DEBUG] Finding reports to execute in company_9jxwph8g (current time: 2025-06-20T11:57:35.449Z)
[2025-06-20T11:57:35.516Z] [INFO] Found 1 reports to execute in company_9jxwph8g
[2025-06-20T11:57:35.516Z] [INFO] Processing report: 6851ce4fd0587f842175cdcb - anothny me employee
[2025-06-20T11:57:35.516Z] [DEBUG] Report frequency: custom, Custom minutes: 1, Custom hours: N/A
[2025-06-20T11:57:35.516Z] [INFO] Executing report: 6851ce4fd0587f842175cdcb - anothny me employee for company company_9jxwph8g
[2025-06-20T11:57:36.190Z] [DEBUG] Connected to MongoDB
[2025-06-20T11:57:36.295Z] [INFO] Found 3 company databases
[2025-06-20T11:57:36.296Z] [DEBUG] Processing company database: company_9jxwph8g
[2025-06-20T11:57:36.427Z] [DEBUG] Finding reports to execute in company_9jxwph8g (current time: 2025-06-20T11:57:36.427Z)
[2025-06-20T11:57:36.493Z] [INFO] Found 1 reports to execute in company_9jxwph8g
[2025-06-20T11:57:36.494Z] [INFO] Processing report: 6851ce4fd0587f842175cdcb - anothny me employee
[2025-06-20T11:57:36.494Z] [DEBUG] Report frequency: custom, Custom minutes: 1, Custom hours: N/A
[2025-06-20T11:57:36.494Z] [INFO] Executing report: 6851ce4fd0587f842175cdcb - anothny me employee for company company_9jxwph8g
[2025-06-20T11:57:59.861Z] [INFO] Successfully executed report 6851ce4fd0587f842175cdcb. Generated report ID: 1750420657461
[2025-06-20T11:57:59.863Z] [DEBUG] Custom frequency calculation: 0 hours and 1 minutes = 1 total minutes
[2025-06-20T11:57:59.864Z] [DEBUG] Next execution for custom frequency: 2025-06-20T11:58:59.863Z
[2025-06-20T11:57:59.934Z] [INFO] Updated scheduled report 6851ce4fd0587f842175cdcb with next execution time: 2025-06-20T11:58:59.863Z
[2025-06-20T11:57:59.935Z] [DEBUG] Processing company database: company_gbyetzgz
[2025-06-20T11:57:59.993Z] [DEBUG] Skipping company_gbyetzgz: No scheduled reports collection found
[2025-06-20T11:57:59.994Z] [DEBUG] Processing company database: company_mqs4s3fr
[2025-06-20T11:58:00.063Z] [DEBUG] Skipping company_mqs4s3fr: No scheduled reports collection found
[2025-06-20T11:58:00.064Z] [INFO] Scheduled reports check completed
[2025-06-20T11:58:00.067Z] [DEBUG] MongoDB connection closed
Fri Jun 20 06:58:00 CDT 2025: Checking if NextJS server is running...
Fri Jun 20 06:58:00 CDT 2025: Running scheduled reports
/Users/sim/Project2/scripts/../scripts/run-simple-scheduled-reports.sh: line 16: node: command not found
Fri Jun 20 06:58:00 CDT 2025: NextJS server is running. Running scheduled reports check...
/Users/sim/Project2/scripts/../scripts/run-scheduled-reports-cron.sh: line 25: node: command not found
[2025-06-20T11:58:04.526Z] [INFO] Checking for scheduled reports...
[2025-06-20T11:58:05.322Z] [DEBUG] Connected to MongoDB
[2025-06-20T11:58:05.396Z] [INFO] Found 3 company databases
[2025-06-20T11:58:05.397Z] [DEBUG] Processing company database: company_9jxwph8g
[2025-06-20T11:58:05.406Z] [INFO] Checking for scheduled reports...
[2025-06-20T11:58:05.476Z] [DEBUG] Finding reports to execute in company_9jxwph8g (current time: 2025-06-20T11:58:05.476Z)
[2025-06-20T11:58:05.541Z] [INFO] Found 1 reports to execute in company_9jxwph8g
[2025-06-20T11:58:05.541Z] [INFO] Processing report: 68554824f80693d496001585 - my employee anthony
[2025-06-20T11:58:05.541Z] [DEBUG] Report frequency: custom, Custom minutes: 1, Custom hours: N/A
[2025-06-20T11:58:05.542Z] [INFO] Executing report: 68554824f80693d496001585 - my employee anthony for company company_9jxwph8g
[2025-06-20T11:58:07.546Z] [DEBUG] Connected to MongoDB
[2025-06-20T11:58:07.642Z] [INFO] Found 3 company databases
[2025-06-20T11:58:07.643Z] [DEBUG] Processing company database: company_9jxwph8g
[2025-06-20T11:58:07.770Z] [DEBUG] Finding reports to execute in company_9jxwph8g (current time: 2025-06-20T11:58:07.770Z)
[2025-06-20T11:58:08.489Z] [INFO] Found 1 reports to execute in company_9jxwph8g
[2025-06-20T11:58:08.490Z] [INFO] Processing report: 68554824f80693d496001585 - my employee anthony
[2025-06-20T11:58:08.491Z] [DEBUG] Report frequency: custom, Custom minutes: 1, Custom hours: N/A
[2025-06-20T11:58:08.493Z] [INFO] Executing report: 68554824f80693d496001585 - my employee anthony for company company_9jxwph8g
[2025-06-20T11:58:09.926Z] [INFO] Successfully executed report 6851ce4fd0587f842175cdcb. Generated report ID: 1750420658424
[2025-06-20T11:58:09.927Z] [DEBUG] Custom frequency calculation: 0 hours and 1 minutes = 1 total minutes
[2025-06-20T11:58:09.928Z] [DEBUG] Next execution for custom frequency: 2025-06-20T11:59:09.927Z
[2025-06-20T11:58:10.012Z] [INFO] Updated scheduled report 6851ce4fd0587f842175cdcb with next execution time: 2025-06-20T11:59:09.927Z
[2025-06-20T11:58:10.013Z] [DEBUG] Processing company database: company_gbyetzgz
[2025-06-20T11:58:10.125Z] [DEBUG] Skipping company_gbyetzgz: No scheduled reports collection found
[2025-06-20T11:58:10.126Z] [DEBUG] Processing company database: company_mqs4s3fr
[2025-06-20T11:58:10.444Z] [DEBUG] Skipping company_mqs4s3fr: No scheduled reports collection found
[2025-06-20T11:58:10.445Z] [INFO] Scheduled reports check completed
[2025-06-20T11:58:10.448Z] [DEBUG] MongoDB connection closed
[2025-06-20T11:58:16.465Z] [ERROR] Error executing report 68554824f80693d496001585: request to http://localhost:3000/api/scheduled-reports failed, reason: socket hang up
[2025-06-20T11:58:16.466Z] [ERROR] Stack trace: FetchError: request to http://localhost:3000/api/scheduled-reports failed, reason: socket hang up
    at ClientRequest.<anonymous> (/Users/sim/Project2/node_modules/node-fetch/lib/index.js:1501:11)
    at ClientRequest.emit (node:events:507:28)
    at emitErrorEvent (node:_http_client:104:11)
    at Socket.socketOnEnd (node:_http_client:542:5)
    at Socket.emit (node:events:519:35)
    at endReadableNT (node:internal/streams/readable:1701:12)
    at process.processTicksAndRejections (node:internal/process/task_queues:90:21)
[2025-06-20T11:58:16.467Z] [ERROR] Failed to execute report 68554824f80693d496001585: request to http://localhost:3000/api/scheduled-reports failed, reason: socket hang up
[2025-06-20T11:58:16.467Z] [DEBUG] Processing company database: company_gbyetzgz
[2025-06-20T11:58:16.553Z] [DEBUG] Skipping company_gbyetzgz: No scheduled reports collection found
[2025-06-20T11:58:16.554Z] [DEBUG] Processing company database: company_mqs4s3fr
[2025-06-20T11:58:16.629Z] [DEBUG] Skipping company_mqs4s3fr: No scheduled reports collection found
[2025-06-20T11:58:16.629Z] [INFO] Scheduled reports check completed
[2025-06-20T11:58:16.632Z] [DEBUG] MongoDB connection closed
[2025-06-20T11:58:34.528Z] [INFO] Checking for scheduled reports...
[2025-06-20T11:58:35.874Z] [DEBUG] Connected to MongoDB
[2025-06-20T11:58:35.946Z] [INFO] Found 3 company databases
[2025-06-20T11:58:35.946Z] [DEBUG] Processing company database: company_9jxwph8g
[2025-06-20T11:58:36.006Z] [DEBUG] Finding reports to execute in company_9jxwph8g (current time: 2025-06-20T11:58:36.006Z)
[2025-06-20T11:58:36.067Z] [INFO] Found 1 reports to execute in company_9jxwph8g
[2025-06-20T11:58:36.068Z] [INFO] Processing report: 68554824f80693d496001585 - my employee anthony
[2025-06-20T11:58:36.068Z] [DEBUG] Report frequency: custom, Custom minutes: 1, Custom hours: N/A
[2025-06-20T11:58:36.068Z] [INFO] Executing report: 68554824f80693d496001585 - my employee anthony for company company_9jxwph8g
[2025-06-20T11:58:36.070Z] [ERROR] Error executing report 68554824f80693d496001585: request to http://localhost:3000/api/scheduled-reports failed, reason: 
[2025-06-20T11:58:36.070Z] [ERROR] Stack trace: FetchError: request to http://localhost:3000/api/scheduled-reports failed, reason: 
    at ClientRequest.<anonymous> (/Users/sim/Project2/node_modules/node-fetch/lib/index.js:1501:11)
    at ClientRequest.emit (node:events:507:28)
    at emitErrorEvent (node:_http_client:104:11)
    at Socket.socketErrorListener (node:_http_client:518:5)
    at Socket.emit (node:events:507:28)
    at emitErrorNT (node:internal/streams/destroy:170:8)
    at emitErrorCloseNT (node:internal/streams/destroy:129:3)
    at process.processTicksAndRejections (node:internal/process/task_queues:90:21)
[2025-06-20T11:58:36.070Z] [ERROR] Failed to execute report 68554824f80693d496001585: request to http://localhost:3000/api/scheduled-reports failed, reason: 
[2025-06-20T11:58:36.070Z] [DEBUG] Processing company database: company_gbyetzgz
[2025-06-20T11:58:36.137Z] [DEBUG] Skipping company_gbyetzgz: No scheduled reports collection found
[2025-06-20T11:58:36.138Z] [DEBUG] Processing company database: company_mqs4s3fr
[2025-06-20T11:58:36.208Z] [DEBUG] Skipping company_mqs4s3fr: No scheduled reports collection found
[2025-06-20T11:58:36.208Z] [INFO] Scheduled reports check completed
[2025-06-20T11:58:36.210Z] [DEBUG] MongoDB connection closed
Fri Jun 20 06:59:00 CDT 2025: Checking if NextJS server is running...
Fri Jun 20 06:59:00 CDT 2025: Running scheduled reports
/Users/sim/Project2/scripts/../scripts/run-simple-scheduled-reports.sh: line 16: node: command not found
Fri Jun 20 06:59:00 CDT 2025: NextJS server is not running. Skipping scheduled reports check.
[2025-06-20T11:59:04.528Z] [INFO] Checking for scheduled reports...
[2025-06-20T11:59:05.486Z] [DEBUG] Connected to MongoDB
[2025-06-20T11:59:05.563Z] [INFO] Found 3 company databases
[2025-06-20T11:59:05.563Z] [DEBUG] Processing company database: company_9jxwph8g
[2025-06-20T11:59:05.637Z] [DEBUG] Finding reports to execute in company_9jxwph8g (current time: 2025-06-20T11:59:05.637Z)
[2025-06-20T11:59:05.708Z] [INFO] Found 1 reports to execute in company_9jxwph8g
[2025-06-20T11:59:05.708Z] [INFO] Processing report: 68554824f80693d496001585 - my employee anthony
[2025-06-20T11:59:05.709Z] [DEBUG] Report frequency: custom, Custom minutes: 1, Custom hours: N/A
[2025-06-20T11:59:05.709Z] [INFO] Executing report: 68554824f80693d496001585 - my employee anthony for company company_9jxwph8g
[2025-06-20T11:59:05.712Z] [ERROR] Error executing report 68554824f80693d496001585: request to http://localhost:3000/api/scheduled-reports failed, reason: 
[2025-06-20T11:59:05.712Z] [ERROR] Stack trace: FetchError: request to http://localhost:3000/api/scheduled-reports failed, reason: 
    at ClientRequest.<anonymous> (/Users/sim/Project2/node_modules/node-fetch/lib/index.js:1501:11)
    at ClientRequest.emit (node:events:507:28)
    at emitErrorEvent (node:_http_client:104:11)
    at Socket.socketErrorListener (node:_http_client:518:5)
    at Socket.emit (node:events:507:28)
    at emitErrorNT (node:internal/streams/destroy:170:8)
    at emitErrorCloseNT (node:internal/streams/destroy:129:3)
    at process.processTicksAndRejections (node:internal/process/task_queues:90:21)
[2025-06-20T11:59:05.712Z] [ERROR] Failed to execute report 68554824f80693d496001585: request to http://localhost:3000/api/scheduled-reports failed, reason: 
[2025-06-20T11:59:05.712Z] [DEBUG] Processing company database: company_gbyetzgz
[2025-06-20T11:59:05.829Z] [DEBUG] Skipping company_gbyetzgz: No scheduled reports collection found
[2025-06-20T11:59:05.829Z] [DEBUG] Processing company database: company_mqs4s3fr
[2025-06-20T11:59:06.435Z] [DEBUG] Skipping company_mqs4s3fr: No scheduled reports collection found
[2025-06-20T11:59:06.436Z] [INFO] Scheduled reports check completed
[2025-06-20T11:59:06.437Z] [DEBUG] MongoDB connection closed
[2025-06-20T11:59:34.530Z] [INFO] Checking for scheduled reports...
[2025-06-20T11:59:35.276Z] [DEBUG] Connected to MongoDB
[2025-06-20T11:59:35.369Z] [INFO] Found 3 company databases
[2025-06-20T11:59:35.369Z] [DEBUG] Processing company database: company_9jxwph8g
[2025-06-20T11:59:35.441Z] [DEBUG] Finding reports to execute in company_9jxwph8g (current time: 2025-06-20T11:59:35.441Z)
[2025-06-20T11:59:35.510Z] [INFO] Found 2 reports to execute in company_9jxwph8g
[2025-06-20T11:59:35.511Z] [INFO] Processing report: 6851ce4fd0587f842175cdcb - anothny me employee
[2025-06-20T11:59:35.511Z] [DEBUG] Report frequency: custom, Custom minutes: 1, Custom hours: N/A
[2025-06-20T11:59:35.511Z] [INFO] Executing report: 6851ce4fd0587f842175cdcb - anothny me employee for company company_9jxwph8g
[2025-06-20T11:59:35.513Z] [ERROR] Error executing report 6851ce4fd0587f842175cdcb: request to http://localhost:3000/api/scheduled-reports failed, reason: 
[2025-06-20T11:59:35.514Z] [ERROR] Stack trace: FetchError: request to http://localhost:3000/api/scheduled-reports failed, reason: 
    at ClientRequest.<anonymous> (/Users/sim/Project2/node_modules/node-fetch/lib/index.js:1501:11)
    at ClientRequest.emit (node:events:507:28)
    at emitErrorEvent (node:_http_client:104:11)
    at Socket.socketErrorListener (node:_http_client:518:5)
    at Socket.emit (node:events:507:28)
    at emitErrorNT (node:internal/streams/destroy:170:8)
    at emitErrorCloseNT (node:internal/streams/destroy:129:3)
    at process.processTicksAndRejections (node:internal/process/task_queues:90:21)
[2025-06-20T11:59:35.514Z] [ERROR] Failed to execute report 6851ce4fd0587f842175cdcb: request to http://localhost:3000/api/scheduled-reports failed, reason: 
[2025-06-20T11:59:35.514Z] [INFO] Processing report: 68554824f80693d496001585 - my employee anthony
[2025-06-20T11:59:35.514Z] [DEBUG] Report frequency: custom, Custom minutes: 1, Custom hours: N/A
[2025-06-20T11:59:35.514Z] [INFO] Executing report: 68554824f80693d496001585 - my employee anthony for company company_9jxwph8g
[2025-06-20T11:59:35.515Z] [ERROR] Error executing report 68554824f80693d496001585: request to http://localhost:3000/api/scheduled-reports failed, reason: 
[2025-06-20T11:59:35.515Z] [ERROR] Stack trace: FetchError: request to http://localhost:3000/api/scheduled-reports failed, reason: 
    at ClientRequest.<anonymous> (/Users/sim/Project2/node_modules/node-fetch/lib/index.js:1501:11)
    at ClientRequest.emit (node:events:507:28)
    at emitErrorEvent (node:_http_client:104:11)
    at Socket.socketErrorListener (node:_http_client:518:5)
    at Socket.emit (node:events:507:28)
    at emitErrorNT (node:internal/streams/destroy:170:8)
    at emitErrorCloseNT (node:internal/streams/destroy:129:3)
    at process.processTicksAndRejections (node:internal/process/task_queues:90:21)
[2025-06-20T11:59:35.516Z] [ERROR] Failed to execute report 68554824f80693d496001585: request to http://localhost:3000/api/scheduled-reports failed, reason: 
[2025-06-20T11:59:35.516Z] [DEBUG] Processing company database: company_gbyetzgz
[2025-06-20T11:59:35.581Z] [DEBUG] Skipping company_gbyetzgz: No scheduled reports collection found
[2025-06-20T11:59:35.582Z] [DEBUG] Processing company database: company_mqs4s3fr
[2025-06-20T11:59:35.661Z] [DEBUG] Skipping company_mqs4s3fr: No scheduled reports collection found
[2025-06-20T11:59:35.661Z] [INFO] Scheduled reports check completed
[2025-06-20T11:59:35.663Z] [DEBUG] MongoDB connection closed
Fri Jun 20 07:00:00 CDT 2025: Checking if NextJS server is running...
Fri Jun 20 07:00:00 CDT 2025: Running scheduled reports
/Users/sim/Project2/scripts/../scripts/run-simple-scheduled-reports.sh: line 16: node: command not found
Fri Jun 20 07:00:00 CDT 2025: NextJS server is not running. Skipping scheduled reports check.
[2025-06-20T12:00:04.531Z] [INFO] Checking for scheduled reports...
[2025-06-20T12:00:05.258Z] [DEBUG] Connected to MongoDB
[2025-06-20T12:00:05.337Z] [INFO] Found 3 company databases
[2025-06-20T12:00:05.338Z] [DEBUG] Processing company database: company_9jxwph8g
[2025-06-20T12:00:05.405Z] [DEBUG] Finding reports to execute in company_9jxwph8g (current time: 2025-06-20T12:00:05.405Z)
[2025-06-20T12:00:05.465Z] [INFO] Found 2 reports to execute in company_9jxwph8g
[2025-06-20T12:00:05.466Z] [INFO] Processing report: 6851ce4fd0587f842175cdcb - anothny me employee
[2025-06-20T12:00:05.466Z] [DEBUG] Report frequency: custom, Custom minutes: 1, Custom hours: N/A
[2025-06-20T12:00:05.466Z] [INFO] Executing report: 6851ce4fd0587f842175cdcb - anothny me employee for company company_9jxwph8g
[2025-06-20T12:00:05.468Z] [ERROR] Error executing report 6851ce4fd0587f842175cdcb: request to http://localhost:3000/api/scheduled-reports failed, reason: 
[2025-06-20T12:00:05.469Z] [ERROR] Stack trace: FetchError: request to http://localhost:3000/api/scheduled-reports failed, reason: 
    at ClientRequest.<anonymous> (/Users/sim/Project2/node_modules/node-fetch/lib/index.js:1501:11)
    at ClientRequest.emit (node:events:507:28)
    at emitErrorEvent (node:_http_client:104:11)
    at Socket.socketErrorListener (node:_http_client:518:5)
    at Socket.emit (node:events:507:28)
    at emitErrorNT (node:internal/streams/destroy:170:8)
    at emitErrorCloseNT (node:internal/streams/destroy:129:3)
    at process.processTicksAndRejections (node:internal/process/task_queues:90:21)
[2025-06-20T12:00:05.469Z] [ERROR] Failed to execute report 6851ce4fd0587f842175cdcb: request to http://localhost:3000/api/scheduled-reports failed, reason: 
[2025-06-20T12:00:05.469Z] [INFO] Processing report: 68554824f80693d496001585 - my employee anthony
[2025-06-20T12:00:05.469Z] [DEBUG] Report frequency: custom, Custom minutes: 1, Custom hours: N/A
[2025-06-20T12:00:05.469Z] [INFO] Executing report: 68554824f80693d496001585 - my employee anthony for company company_9jxwph8g
[2025-06-20T12:00:05.470Z] [ERROR] Error executing report 68554824f80693d496001585: request to http://localhost:3000/api/scheduled-reports failed, reason: 
[2025-06-20T12:00:05.471Z] [ERROR] Stack trace: FetchError: request to http://localhost:3000/api/scheduled-reports failed, reason: 
    at ClientRequest.<anonymous> (/Users/sim/Project2/node_modules/node-fetch/lib/index.js:1501:11)
    at ClientRequest.emit (node:events:507:28)
    at emitErrorEvent (node:_http_client:104:11)
    at Socket.socketErrorListener (node:_http_client:518:5)
    at Socket.emit (node:events:507:28)
    at emitErrorNT (node:internal/streams/destroy:170:8)
    at emitErrorCloseNT (node:internal/streams/destroy:129:3)
    at process.processTicksAndRejections (node:internal/process/task_queues:90:21)
[2025-06-20T12:00:05.471Z] [ERROR] Failed to execute report 68554824f80693d496001585: request to http://localhost:3000/api/scheduled-reports failed, reason: 
[2025-06-20T12:00:05.471Z] [DEBUG] Processing company database: company_gbyetzgz
[2025-06-20T12:00:05.532Z] [DEBUG] Skipping company_gbyetzgz: No scheduled reports collection found
[2025-06-20T12:00:05.532Z] [DEBUG] Processing company database: company_mqs4s3fr
[2025-06-20T12:00:05.591Z] [DEBUG] Skipping company_mqs4s3fr: No scheduled reports collection found
[2025-06-20T12:00:05.591Z] [INFO] Scheduled reports check completed
[2025-06-20T12:00:05.593Z] [DEBUG] MongoDB connection closed
[2025-06-20T12:00:34.532Z] [INFO] Checking for scheduled reports...
[2025-06-20T12:00:36.362Z] [DEBUG] Connected to MongoDB
[2025-06-20T12:00:36.436Z] [INFO] Found 3 company databases
[2025-06-20T12:00:36.437Z] [DEBUG] Processing company database: company_9jxwph8g
[2025-06-20T12:00:36.611Z] [DEBUG] Finding reports to execute in company_9jxwph8g (current time: 2025-06-20T12:00:36.611Z)
[2025-06-20T12:00:36.751Z] [INFO] Found 2 reports to execute in company_9jxwph8g
[2025-06-20T12:00:36.751Z] [INFO] Processing report: 6851ce4fd0587f842175cdcb - anothny me employee
[2025-06-20T12:00:36.751Z] [DEBUG] Report frequency: custom, Custom minutes: 1, Custom hours: N/A
[2025-06-20T12:00:36.752Z] [INFO] Executing report: 6851ce4fd0587f842175cdcb - anothny me employee for company company_9jxwph8g
[2025-06-20T12:00:36.754Z] [ERROR] Error executing report 6851ce4fd0587f842175cdcb: request to http://localhost:3000/api/scheduled-reports failed, reason: 
[2025-06-20T12:00:36.755Z] [ERROR] Stack trace: FetchError: request to http://localhost:3000/api/scheduled-reports failed, reason: 
    at ClientRequest.<anonymous> (/Users/sim/Project2/node_modules/node-fetch/lib/index.js:1501:11)
    at ClientRequest.emit (node:events:507:28)
    at emitErrorEvent (node:_http_client:104:11)
    at Socket.socketErrorListener (node:_http_client:518:5)
    at Socket.emit (node:events:507:28)
    at emitErrorNT (node:internal/streams/destroy:170:8)
    at emitErrorCloseNT (node:internal/streams/destroy:129:3)
    at process.processTicksAndRejections (node:internal/process/task_queues:90:21)
[2025-06-20T12:00:36.755Z] [ERROR] Failed to execute report 6851ce4fd0587f842175cdcb: request to http://localhost:3000/api/scheduled-reports failed, reason: 
[2025-06-20T12:00:36.755Z] [INFO] Processing report: 68554824f80693d496001585 - my employee anthony
[2025-06-20T12:00:36.755Z] [DEBUG] Report frequency: custom, Custom minutes: 1, Custom hours: N/A
[2025-06-20T12:00:36.756Z] [INFO] Executing report: 68554824f80693d496001585 - my employee anthony for company company_9jxwph8g
[2025-06-20T12:00:36.757Z] [ERROR] Error executing report 68554824f80693d496001585: request to http://localhost:3000/api/scheduled-reports failed, reason: 
[2025-06-20T12:00:36.758Z] [ERROR] Stack trace: FetchError: request to http://localhost:3000/api/scheduled-reports failed, reason: 
    at ClientRequest.<anonymous> (/Users/sim/Project2/node_modules/node-fetch/lib/index.js:1501:11)
    at ClientRequest.emit (node:events:507:28)
    at emitErrorEvent (node:_http_client:104:11)
    at Socket.socketErrorListener (node:_http_client:518:5)
    at Socket.emit (node:events:507:28)
    at emitErrorNT (node:internal/streams/destroy:170:8)
    at emitErrorCloseNT (node:internal/streams/destroy:129:3)
    at process.processTicksAndRejections (node:internal/process/task_queues:90:21)
[2025-06-20T12:00:36.758Z] [ERROR] Failed to execute report 68554824f80693d496001585: request to http://localhost:3000/api/scheduled-reports failed, reason: 
[2025-06-20T12:00:36.758Z] [DEBUG] Processing company database: company_gbyetzgz
[2025-06-20T12:00:36.861Z] [DEBUG] Skipping company_gbyetzgz: No scheduled reports collection found
[2025-06-20T12:00:36.861Z] [DEBUG] Processing company database: company_mqs4s3fr
[2025-06-20T12:00:37.231Z] [DEBUG] Skipping company_mqs4s3fr: No scheduled reports collection found
[2025-06-20T12:00:37.232Z] [INFO] Scheduled reports check completed
[2025-06-20T12:00:37.233Z] [DEBUG] MongoDB connection closed
Fri Jun 20 07:01:00 CDT 2025: Running scheduled reports
Fri Jun 20 07:01:00 CDT 2025: Checking if NextJS server is running...
/Users/sim/Project2/scripts/../scripts/run-simple-scheduled-reports.sh: line 16: node: command not found
Fri Jun 20 07:01:00 CDT 2025: NextJS server is not running. Skipping scheduled reports check.
[2025-06-20T12:01:04.533Z] [INFO] Checking for scheduled reports...
[2025-06-20T12:01:05.206Z] [DEBUG] Connected to MongoDB
[2025-06-20T12:01:05.279Z] [INFO] Found 3 company databases
[2025-06-20T12:01:05.280Z] [DEBUG] Processing company database: company_9jxwph8g
[2025-06-20T12:01:05.348Z] [DEBUG] Finding reports to execute in company_9jxwph8g (current time: 2025-06-20T12:01:05.348Z)
[2025-06-20T12:01:05.417Z] [INFO] Found 2 reports to execute in company_9jxwph8g
[2025-06-20T12:01:05.417Z] [INFO] Processing report: 6851ce4fd0587f842175cdcb - anothny me employee
[2025-06-20T12:01:05.418Z] [DEBUG] Report frequency: custom, Custom minutes: 1, Custom hours: N/A
[2025-06-20T12:01:05.418Z] [INFO] Executing report: 6851ce4fd0587f842175cdcb - anothny me employee for company company_9jxwph8g
[2025-06-20T12:01:05.422Z] [ERROR] Error executing report 6851ce4fd0587f842175cdcb: request to http://localhost:3000/api/scheduled-reports failed, reason: 
[2025-06-20T12:01:05.422Z] [ERROR] Stack trace: FetchError: request to http://localhost:3000/api/scheduled-reports failed, reason: 
    at ClientRequest.<anonymous> (/Users/sim/Project2/node_modules/node-fetch/lib/index.js:1501:11)
    at ClientRequest.emit (node:events:507:28)
    at emitErrorEvent (node:_http_client:104:11)
    at Socket.socketErrorListener (node:_http_client:518:5)
    at Socket.emit (node:events:507:28)
    at emitErrorNT (node:internal/streams/destroy:170:8)
    at emitErrorCloseNT (node:internal/streams/destroy:129:3)
    at process.processTicksAndRejections (node:internal/process/task_queues:90:21)
[2025-06-20T12:01:05.422Z] [ERROR] Failed to execute report 6851ce4fd0587f842175cdcb: request to http://localhost:3000/api/scheduled-reports failed, reason: 
[2025-06-20T12:01:05.423Z] [INFO] Processing report: 68554824f80693d496001585 - my employee anthony
[2025-06-20T12:01:05.423Z] [DEBUG] Report frequency: custom, Custom minutes: 1, Custom hours: N/A
[2025-06-20T12:01:05.423Z] [INFO] Executing report: 68554824f80693d496001585 - my employee anthony for company company_9jxwph8g
[2025-06-20T12:01:05.424Z] [ERROR] Error executing report 68554824f80693d496001585: request to http://localhost:3000/api/scheduled-reports failed, reason: 
[2025-06-20T12:01:05.425Z] [ERROR] Stack trace: FetchError: request to http://localhost:3000/api/scheduled-reports failed, reason: 
    at ClientRequest.<anonymous> (/Users/sim/Project2/node_modules/node-fetch/lib/index.js:1501:11)
    at ClientRequest.emit (node:events:507:28)
    at emitErrorEvent (node:_http_client:104:11)
    at Socket.socketErrorListener (node:_http_client:518:5)
    at Socket.emit (node:events:507:28)
    at emitErrorNT (node:internal/streams/destroy:170:8)
    at emitErrorCloseNT (node:internal/streams/destroy:129:3)
    at process.processTicksAndRejections (node:internal/process/task_queues:90:21)
[2025-06-20T12:01:05.425Z] [ERROR] Failed to execute report 68554824f80693d496001585: request to http://localhost:3000/api/scheduled-reports failed, reason: 
[2025-06-20T12:01:05.425Z] [DEBUG] Processing company database: company_gbyetzgz
[2025-06-20T12:01:05.497Z] [DEBUG] Skipping company_gbyetzgz: No scheduled reports collection found
[2025-06-20T12:01:05.497Z] [DEBUG] Processing company database: company_mqs4s3fr
[2025-06-20T12:01:05.558Z] [DEBUG] Skipping company_mqs4s3fr: No scheduled reports collection found
[2025-06-20T12:01:05.558Z] [INFO] Scheduled reports check completed
[2025-06-20T12:01:05.560Z] [DEBUG] MongoDB connection closed
[2025-06-20T12:01:34.534Z] [INFO] Checking for scheduled reports...
[2025-06-20T12:01:37.249Z] [DEBUG] Connected to MongoDB
[2025-06-20T12:01:37.337Z] [INFO] Found 3 company databases
[2025-06-20T12:01:37.338Z] [DEBUG] Processing company database: company_9jxwph8g
[2025-06-20T12:01:37.403Z] [DEBUG] Finding reports to execute in company_9jxwph8g (current time: 2025-06-20T12:01:37.403Z)
[2025-06-20T12:01:37.489Z] [INFO] Found 2 reports to execute in company_9jxwph8g
[2025-06-20T12:01:37.489Z] [INFO] Processing report: 6851ce4fd0587f842175cdcb - anothny me employee
[2025-06-20T12:01:37.490Z] [DEBUG] Report frequency: custom, Custom minutes: 1, Custom hours: N/A
[2025-06-20T12:01:37.490Z] [INFO] Executing report: 6851ce4fd0587f842175cdcb - anothny me employee for company company_9jxwph8g
[2025-06-20T12:01:37.492Z] [ERROR] Error executing report 6851ce4fd0587f842175cdcb: request to http://localhost:3000/api/scheduled-reports failed, reason: 
[2025-06-20T12:01:37.492Z] [ERROR] Stack trace: FetchError: request to http://localhost:3000/api/scheduled-reports failed, reason: 
    at ClientRequest.<anonymous> (/Users/sim/Project2/node_modules/node-fetch/lib/index.js:1501:11)
    at ClientRequest.emit (node:events:507:28)
    at emitErrorEvent (node:_http_client:104:11)
    at Socket.socketErrorListener (node:_http_client:518:5)
    at Socket.emit (node:events:507:28)
    at emitErrorNT (node:internal/streams/destroy:170:8)
    at emitErrorCloseNT (node:internal/streams/destroy:129:3)
    at process.processTicksAndRejections (node:internal/process/task_queues:90:21)
[2025-06-20T12:01:37.492Z] [ERROR] Failed to execute report 6851ce4fd0587f842175cdcb: request to http://localhost:3000/api/scheduled-reports failed, reason: 
[2025-06-20T12:01:37.493Z] [INFO] Processing report: 68554824f80693d496001585 - my employee anthony
[2025-06-20T12:01:37.493Z] [DEBUG] Report frequency: custom, Custom minutes: 1, Custom hours: N/A
[2025-06-20T12:01:37.493Z] [INFO] Executing report: 68554824f80693d496001585 - my employee anthony for company company_9jxwph8g
[2025-06-20T12:01:37.494Z] [ERROR] Error executing report 68554824f80693d496001585: request to http://localhost:3000/api/scheduled-reports failed, reason: 
[2025-06-20T12:01:37.494Z] [ERROR] Stack trace: FetchError: request to http://localhost:3000/api/scheduled-reports failed, reason: 
    at ClientRequest.<anonymous> (/Users/sim/Project2/node_modules/node-fetch/lib/index.js:1501:11)
    at ClientRequest.emit (node:events:507:28)
    at emitErrorEvent (node:_http_client:104:11)
    at Socket.socketErrorListener (node:_http_client:518:5)
    at Socket.emit (node:events:507:28)
    at emitErrorNT (node:internal/streams/destroy:170:8)
    at emitErrorCloseNT (node:internal/streams/destroy:129:3)
    at process.processTicksAndRejections (node:internal/process/task_queues:90:21)
[2025-06-20T12:01:37.494Z] [ERROR] Failed to execute report 68554824f80693d496001585: request to http://localhost:3000/api/scheduled-reports failed, reason: 
[2025-06-20T12:01:37.495Z] [DEBUG] Processing company database: company_gbyetzgz
[2025-06-20T12:01:37.841Z] [DEBUG] Skipping company_gbyetzgz: No scheduled reports collection found
[2025-06-20T12:01:37.841Z] [DEBUG] Processing company database: company_mqs4s3fr
[2025-06-20T12:01:37.971Z] [DEBUG] Skipping company_mqs4s3fr: No scheduled reports collection found
[2025-06-20T12:01:37.972Z] [INFO] Scheduled reports check completed
[2025-06-20T12:01:37.974Z] [DEBUG] MongoDB connection closed
Fri Jun 20 07:02:00 CDT 2025: Checking if NextJS server is running...
Fri Jun 20 07:02:00 CDT 2025: Running scheduled reports
/Users/sim/Project2/scripts/../scripts/run-simple-scheduled-reports.sh: line 16: node: command not found
Fri Jun 20 07:02:00 CDT 2025: NextJS server is not running. Skipping scheduled reports check.
[2025-06-20T12:02:04.534Z] [INFO] Checking for scheduled reports...
[2025-06-20T12:02:06.558Z] [DEBUG] Connected to MongoDB
[2025-06-20T12:02:06.642Z] [INFO] Found 2 company databases
[2025-06-20T12:02:06.642Z] [DEBUG] Processing company database: company_9jxwph8g
[2025-06-20T12:02:06.748Z] [DEBUG] Finding reports to execute in company_9jxwph8g (current time: 2025-06-20T12:02:06.748Z)
[2025-06-20T12:02:06.869Z] [INFO] Found 2 reports to execute in company_9jxwph8g
[2025-06-20T12:02:06.870Z] [INFO] Processing report: 6851ce4fd0587f842175cdcb - anothny me employee
[2025-06-20T12:02:06.870Z] [DEBUG] Report frequency: custom, Custom minutes: 1, Custom hours: N/A
[2025-06-20T12:02:06.870Z] [INFO] Executing report: 6851ce4fd0587f842175cdcb - anothny me employee for company company_9jxwph8g
[2025-06-20T12:02:06.873Z] [ERROR] Error executing report 6851ce4fd0587f842175cdcb: request to http://localhost:3000/api/scheduled-reports failed, reason: 
[2025-06-20T12:02:06.873Z] [ERROR] Stack trace: FetchError: request to http://localhost:3000/api/scheduled-reports failed, reason: 
    at ClientRequest.<anonymous> (/Users/sim/Project2/node_modules/node-fetch/lib/index.js:1501:11)
    at ClientRequest.emit (node:events:507:28)
    at emitErrorEvent (node:_http_client:104:11)
    at Socket.socketErrorListener (node:_http_client:518:5)
    at Socket.emit (node:events:507:28)
    at emitErrorNT (node:internal/streams/destroy:170:8)
    at emitErrorCloseNT (node:internal/streams/destroy:129:3)
    at process.processTicksAndRejections (node:internal/process/task_queues:90:21)
[2025-06-20T12:02:06.874Z] [ERROR] Failed to execute report 6851ce4fd0587f842175cdcb: request to http://localhost:3000/api/scheduled-reports failed, reason: 
[2025-06-20T12:02:06.874Z] [INFO] Processing report: 68554824f80693d496001585 - my employee anthony
[2025-06-20T12:02:06.874Z] [DEBUG] Report frequency: custom, Custom minutes: 1, Custom hours: N/A
[2025-06-20T12:02:06.874Z] [INFO] Executing report: 68554824f80693d496001585 - my employee anthony for company company_9jxwph8g
[2025-06-20T12:02:06.876Z] [ERROR] Error executing report 68554824f80693d496001585: request to http://localhost:3000/api/scheduled-reports failed, reason: 
[2025-06-20T12:02:06.876Z] [ERROR] Stack trace: FetchError: request to http://localhost:3000/api/scheduled-reports failed, reason: 
    at ClientRequest.<anonymous> (/Users/sim/Project2/node_modules/node-fetch/lib/index.js:1501:11)
    at ClientRequest.emit (node:events:507:28)
    at emitErrorEvent (node:_http_client:104:11)
    at Socket.socketErrorListener (node:_http_client:518:5)
    at Socket.emit (node:events:507:28)
    at emitErrorNT (node:internal/streams/destroy:170:8)
    at emitErrorCloseNT (node:internal/streams/destroy:129:3)
    at process.processTicksAndRejections (node:internal/process/task_queues:90:21)
[2025-06-20T12:02:06.876Z] [ERROR] Failed to execute report 68554824f80693d496001585: request to http://localhost:3000/api/scheduled-reports failed, reason: 
[2025-06-20T12:02:06.877Z] [DEBUG] Processing company database: company_gbyetzgz
[2025-06-20T12:02:06.954Z] [DEBUG] Skipping company_gbyetzgz: No scheduled reports collection found
[2025-06-20T12:02:06.954Z] [INFO] Scheduled reports check completed
[2025-06-20T12:02:06.956Z] [DEBUG] MongoDB connection closed
[2025-06-20T12:02:34.535Z] [INFO] Checking for scheduled reports...
[2025-06-20T12:02:35.275Z] [DEBUG] Connected to MongoDB
[2025-06-20T12:02:35.353Z] [INFO] Found 2 company databases
[2025-06-20T12:02:35.353Z] [DEBUG] Processing company database: company_9jxwph8g
[2025-06-20T12:02:35.419Z] [DEBUG] Finding reports to execute in company_9jxwph8g (current time: 2025-06-20T12:02:35.419Z)
[2025-06-20T12:02:35.480Z] [INFO] Found 2 reports to execute in company_9jxwph8g
[2025-06-20T12:02:35.480Z] [INFO] Processing report: 6851ce4fd0587f842175cdcb - anothny me employee
[2025-06-20T12:02:35.481Z] [DEBUG] Report frequency: custom, Custom minutes: 1, Custom hours: N/A
[2025-06-20T12:02:35.481Z] [INFO] Executing report: 6851ce4fd0587f842175cdcb - anothny me employee for company company_9jxwph8g
[2025-06-20T12:02:35.483Z] [ERROR] Error executing report 6851ce4fd0587f842175cdcb: request to http://localhost:3000/api/scheduled-reports failed, reason: 
[2025-06-20T12:02:35.483Z] [ERROR] Stack trace: FetchError: request to http://localhost:3000/api/scheduled-reports failed, reason: 
    at ClientRequest.<anonymous> (/Users/sim/Project2/node_modules/node-fetch/lib/index.js:1501:11)
    at ClientRequest.emit (node:events:507:28)
    at emitErrorEvent (node:_http_client:104:11)
    at Socket.socketErrorListener (node:_http_client:518:5)
    at Socket.emit (node:events:507:28)
    at emitErrorNT (node:internal/streams/destroy:170:8)
    at emitErrorCloseNT (node:internal/streams/destroy:129:3)
    at process.processTicksAndRejections (node:internal/process/task_queues:90:21)
[2025-06-20T12:02:35.484Z] [ERROR] Failed to execute report 6851ce4fd0587f842175cdcb: request to http://localhost:3000/api/scheduled-reports failed, reason: 
[2025-06-20T12:02:35.484Z] [INFO] Processing report: 68554824f80693d496001585 - my employee anthony
[2025-06-20T12:02:35.484Z] [DEBUG] Report frequency: custom, Custom minutes: 1, Custom hours: N/A
[2025-06-20T12:02:35.484Z] [INFO] Executing report: 68554824f80693d496001585 - my employee anthony for company company_9jxwph8g
[2025-06-20T12:02:35.485Z] [ERROR] Error executing report 68554824f80693d496001585: request to http://localhost:3000/api/scheduled-reports failed, reason: 
[2025-06-20T12:02:35.486Z] [ERROR] Stack trace: FetchError: request to http://localhost:3000/api/scheduled-reports failed, reason: 
    at ClientRequest.<anonymous> (/Users/sim/Project2/node_modules/node-fetch/lib/index.js:1501:11)
    at ClientRequest.emit (node:events:507:28)
    at emitErrorEvent (node:_http_client:104:11)
    at Socket.socketErrorListener (node:_http_client:518:5)
    at Socket.emit (node:events:507:28)
    at emitErrorNT (node:internal/streams/destroy:170:8)
    at emitErrorCloseNT (node:internal/streams/destroy:129:3)
    at process.processTicksAndRejections (node:internal/process/task_queues:90:21)
[2025-06-20T12:02:35.486Z] [ERROR] Failed to execute report 68554824f80693d496001585: request to http://localhost:3000/api/scheduled-reports failed, reason: 
[2025-06-20T12:02:35.486Z] [DEBUG] Processing company database: company_gbyetzgz
[2025-06-20T12:02:35.555Z] [DEBUG] Skipping company_gbyetzgz: No scheduled reports collection found
[2025-06-20T12:02:35.556Z] [INFO] Scheduled reports check completed
[2025-06-20T12:02:35.558Z] [DEBUG] MongoDB connection closed
Fri Jun 20 07:03:00 CDT 2025: Running scheduled reports
Fri Jun 20 07:03:00 CDT 2025: Checking if NextJS server is running...
/Users/sim/Project2/scripts/../scripts/run-simple-scheduled-reports.sh: line 16: node: command not found
Fri Jun 20 07:03:00 CDT 2025: NextJS server is not running. Skipping scheduled reports check.
[2025-06-20T12:03:04.536Z] [INFO] Checking for scheduled reports...
[2025-06-20T12:03:05.269Z] [DEBUG] Connected to MongoDB
[2025-06-20T12:03:05.348Z] [INFO] Found 2 company databases
[2025-06-20T12:03:05.348Z] [DEBUG] Processing company database: company_9jxwph8g
[2025-06-20T12:03:05.419Z] [DEBUG] Skipping company_9jxwph8g: No scheduled reports collection found
[2025-06-20T12:03:05.419Z] [DEBUG] Processing company database: company_gbyetzgz
[2025-06-20T12:03:05.505Z] [DEBUG] Skipping company_gbyetzgz: No scheduled reports collection found
[2025-06-20T12:03:05.505Z] [INFO] Scheduled reports check completed
[2025-06-20T12:03:05.507Z] [DEBUG] MongoDB connection closed
[2025-06-20T12:03:25.352Z] [INFO] Starting scheduled reports daemon with check interval of 30000ms
[2025-06-20T12:03:25.356Z] [INFO] Checking for scheduled reports...
[2025-06-20T12:03:26.233Z] [DEBUG] Connected to MongoDB
[2025-06-20T12:03:26.350Z] [INFO] Found 1 company databases
[2025-06-20T12:03:26.352Z] [DEBUG] Processing company database: company_9jxwph8g
[2025-06-20T12:03:26.426Z] [DEBUG] Skipping company_9jxwph8g: No scheduled reports collection found
[2025-06-20T12:03:26.426Z] [INFO] Scheduled reports check completed
[2025-06-20T12:03:26.430Z] [DEBUG] MongoDB connection closed
[2025-06-20T12:03:26.430Z] [INFO] Daemon is now running continuously...
[2025-06-20T12:03:34.538Z] [INFO] Checking for scheduled reports...
[2025-06-20T12:03:36.197Z] [DEBUG] Connected to MongoDB
[2025-06-20T12:03:36.286Z] [INFO] Found 1 company databases
[2025-06-20T12:03:36.286Z] [DEBUG] Processing company database: company_9jxwph8g
[2025-06-20T12:03:36.364Z] [DEBUG] Skipping company_9jxwph8g: No scheduled reports collection found
[2025-06-20T12:03:36.365Z] [INFO] Scheduled reports check completed
[2025-06-20T12:03:36.371Z] [DEBUG] MongoDB connection closed
[2025-06-20T12:03:56.434Z] [INFO] Checking for scheduled reports...
[2025-06-20T12:03:58.137Z] [DEBUG] Connected to MongoDB
[2025-06-20T12:03:58.225Z] [INFO] Found 1 company databases
[2025-06-20T12:03:58.226Z] [DEBUG] Processing company database: company_9jxwph8g
[2025-06-20T12:03:58.303Z] [DEBUG] Skipping company_9jxwph8g: No scheduled reports collection found
[2025-06-20T12:03:58.304Z] [INFO] Scheduled reports check completed
[2025-06-20T12:03:58.307Z] [DEBUG] MongoDB connection closed
Fri Jun 20 07:04:00 CDT 2025: Checking if NextJS server is running...
Fri Jun 20 07:04:00 CDT 2025: Running scheduled reports
/Users/sim/Project2/scripts/../scripts/run-simple-scheduled-reports.sh: line 16: node: command not found
Fri Jun 20 07:04:01 CDT 2025: NextJS server is running. Running scheduled reports check...
/Users/sim/Project2/scripts/../scripts/run-scheduled-reports-cron.sh: line 25: node: command not found
[2025-06-20T12:04:04.539Z] [INFO] Checking for scheduled reports...
[2025-06-20T12:04:05.255Z] [DEBUG] Connected to MongoDB
[2025-06-20T12:04:05.326Z] [INFO] Found 1 company databases
[2025-06-20T12:04:05.327Z] [DEBUG] Processing company database: company_9jxwph8g
[2025-06-20T12:04:05.384Z] [DEBUG] Skipping company_9jxwph8g: No scheduled reports collection found
[2025-06-20T12:04:05.385Z] [INFO] Scheduled reports check completed
[2025-06-20T12:04:05.388Z] [DEBUG] MongoDB connection closed
[2025-06-20T12:04:26.433Z] [INFO] Checking for scheduled reports...
[2025-06-20T12:04:27.283Z] [DEBUG] Connected to MongoDB
[2025-06-20T12:04:27.376Z] [INFO] Found 1 company databases
[2025-06-20T12:04:27.377Z] [DEBUG] Processing company database: company_9jxwph8g
[2025-06-20T12:04:27.436Z] [DEBUG] Skipping company_9jxwph8g: No scheduled reports collection found
[2025-06-20T12:04:27.436Z] [INFO] Scheduled reports check completed
[2025-06-20T12:04:27.440Z] [DEBUG] MongoDB connection closed
[2025-06-20T12:04:34.539Z] [INFO] Checking for scheduled reports...
[2025-06-20T12:04:35.269Z] [DEBUG] Connected to MongoDB
[2025-06-20T12:04:35.356Z] [INFO] Found 1 company databases
[2025-06-20T12:04:35.356Z] [DEBUG] Processing company database: company_9jxwph8g
[2025-06-20T12:04:35.415Z] [DEBUG] Skipping company_9jxwph8g: No scheduled reports collection found
[2025-06-20T12:04:35.416Z] [INFO] Scheduled reports check completed
[2025-06-20T12:04:35.418Z] [DEBUG] MongoDB connection closed
[2025-06-20T12:04:56.435Z] [INFO] Checking for scheduled reports...
[2025-06-20T12:04:57.265Z] [DEBUG] Connected to MongoDB
[2025-06-20T12:04:57.392Z] [INFO] Found 1 company databases
[2025-06-20T12:04:57.392Z] [DEBUG] Processing company database: company_9jxwph8g
[2025-06-20T12:04:57.480Z] [DEBUG] Skipping company_9jxwph8g: No scheduled reports collection found
[2025-06-20T12:04:57.480Z] [INFO] Scheduled reports check completed
[2025-06-20T12:04:57.481Z] [DEBUG] MongoDB connection closed
Fri Jun 20 07:05:00 CDT 2025: Checking if NextJS server is running...
Fri Jun 20 07:05:00 CDT 2025: Running scheduled reports
/Users/sim/Project2/scripts/../scripts/run-simple-scheduled-reports.sh: line 16: node: command not found
Fri Jun 20 07:05:00 CDT 2025: NextJS server is running. Running scheduled reports check...
/Users/sim/Project2/scripts/../scripts/run-scheduled-reports-cron.sh: line 25: node: command not found
[2025-06-20T12:05:04.541Z] [INFO] Checking for scheduled reports...
[2025-06-20T12:05:05.435Z] [DEBUG] Connected to MongoDB
[2025-06-20T12:05:05.540Z] [INFO] Found 1 company databases
[2025-06-20T12:05:05.541Z] [DEBUG] Processing company database: company_9jxwph8g
[2025-06-20T12:05:05.645Z] [DEBUG] Skipping company_9jxwph8g: No scheduled reports collection found
[2025-06-20T12:05:05.646Z] [INFO] Scheduled reports check completed
[2025-06-20T12:05:05.649Z] [DEBUG] MongoDB connection closed
[2025-06-20T12:05:26.436Z] [INFO] Checking for scheduled reports...
[2025-06-20T12:05:27.275Z] [DEBUG] Connected to MongoDB
[2025-06-20T12:05:27.347Z] [INFO] Found 1 company databases
[2025-06-20T12:05:27.348Z] [DEBUG] Processing company database: company_9jxwph8g
[2025-06-20T12:05:27.548Z] [DEBUG] Skipping company_9jxwph8g: No scheduled reports collection found
[2025-06-20T12:05:27.549Z] [INFO] Scheduled reports check completed
[2025-06-20T12:05:27.552Z] [DEBUG] MongoDB connection closed
[2025-06-20T12:05:34.543Z] [INFO] Checking for scheduled reports...
[2025-06-20T12:05:35.349Z] [DEBUG] Connected to MongoDB
[2025-06-20T12:05:35.515Z] [INFO] Found 1 company databases
[2025-06-20T12:05:35.516Z] [DEBUG] Processing company database: company_9jxwph8g
[2025-06-20T12:05:35.591Z] [DEBUG] Skipping company_9jxwph8g: No scheduled reports collection found
[2025-06-20T12:05:35.592Z] [INFO] Scheduled reports check completed
[2025-06-20T12:05:35.593Z] [DEBUG] MongoDB connection closed
[2025-06-20T12:05:56.437Z] [INFO] Checking for scheduled reports...
[2025-06-20T12:05:57.092Z] [DEBUG] Connected to MongoDB
[2025-06-20T12:05:57.163Z] [INFO] Found 1 company databases
[2025-06-20T12:05:57.164Z] [DEBUG] Processing company database: company_9jxwph8g
[2025-06-20T12:05:57.223Z] [DEBUG] Skipping company_9jxwph8g: No scheduled reports collection found
[2025-06-20T12:05:57.224Z] [INFO] Scheduled reports check completed
[2025-06-20T12:05:57.226Z] [DEBUG] MongoDB connection closed
Fri Jun 20 07:06:00 CDT 2025: Running scheduled reports
Fri Jun 20 07:06:00 CDT 2025: Checking if NextJS server is running...
/Users/sim/Project2/scripts/../scripts/run-simple-scheduled-reports.sh: line 16: node: command not found
Fri Jun 20 07:06:00 CDT 2025: NextJS server is running. Running scheduled reports check...
/Users/sim/Project2/scripts/../scripts/run-scheduled-reports-cron.sh: line 25: node: command not found
[2025-06-20T12:06:04.545Z] [INFO] Checking for scheduled reports...
[2025-06-20T12:06:05.272Z] [DEBUG] Connected to MongoDB
[2025-06-20T12:06:05.339Z] [INFO] Found 1 company databases
[2025-06-20T12:06:05.339Z] [DEBUG] Processing company database: company_9jxwph8g
[2025-06-20T12:06:05.422Z] [DEBUG] Skipping company_9jxwph8g: No scheduled reports collection found
[2025-06-20T12:06:05.422Z] [INFO] Scheduled reports check completed
[2025-06-20T12:06:05.423Z] [DEBUG] MongoDB connection closed
[2025-06-20T12:06:26.438Z] [INFO] Checking for scheduled reports...
[2025-06-20T12:06:27.337Z] [DEBUG] Connected to MongoDB
[2025-06-20T12:06:27.571Z] [INFO] Found 1 company databases
[2025-06-20T12:06:27.572Z] [DEBUG] Processing company database: company_9jxwph8g
[2025-06-20T12:06:27.899Z] [DEBUG] Skipping company_9jxwph8g: No scheduled reports collection found
[2025-06-20T12:06:27.901Z] [INFO] Scheduled reports check completed
[2025-06-20T12:06:27.904Z] [DEBUG] MongoDB connection closed
[2025-06-20T12:06:34.546Z] [INFO] Checking for scheduled reports...
[2025-06-20T12:06:35.448Z] [DEBUG] Connected to MongoDB
[2025-06-20T12:06:35.537Z] [INFO] Found 1 company databases
[2025-06-20T12:06:35.538Z] [DEBUG] Processing company database: company_9jxwph8g
[2025-06-20T12:06:35.624Z] [DEBUG] Skipping company_9jxwph8g: No scheduled reports collection found
[2025-06-20T12:06:35.624Z] [INFO] Scheduled reports check completed
[2025-06-20T12:06:35.627Z] [DEBUG] MongoDB connection closed
[2025-06-20T12:06:56.439Z] [INFO] Checking for scheduled reports...
[2025-06-20T12:06:58.270Z] [DEBUG] Connected to MongoDB
[2025-06-20T12:06:58.353Z] [INFO] Found 1 company databases
[2025-06-20T12:06:58.354Z] [DEBUG] Processing company database: company_9jxwph8g
[2025-06-20T12:06:58.414Z] [DEBUG] Skipping company_9jxwph8g: No scheduled reports collection found
[2025-06-20T12:06:58.414Z] [INFO] Scheduled reports check completed
[2025-06-20T12:06:58.419Z] [DEBUG] MongoDB connection closed
Fri Jun 20 07:07:00 CDT 2025: Running scheduled reports
Fri Jun 20 07:07:00 CDT 2025: Checking if NextJS server is running...
/Users/sim/Project2/scripts/../scripts/run-simple-scheduled-reports.sh: line 16: node: command not found
Fri Jun 20 07:07:00 CDT 2025: NextJS server is running. Running scheduled reports check...
/Users/sim/Project2/scripts/../scripts/run-scheduled-reports-cron.sh: line 25: node: command not found
[2025-06-20T12:07:04.547Z] [INFO] Checking for scheduled reports...
[2025-06-20T12:07:05.269Z] [DEBUG] Connected to MongoDB
[2025-06-20T12:07:05.349Z] [INFO] Found 1 company databases
[2025-06-20T12:07:05.350Z] [DEBUG] Processing company database: company_9jxwph8g
[2025-06-20T12:07:05.419Z] [DEBUG] Skipping company_9jxwph8g: No scheduled reports collection found
[2025-06-20T12:07:05.420Z] [INFO] Scheduled reports check completed
[2025-06-20T12:07:05.423Z] [DEBUG] MongoDB connection closed
[2025-06-20T12:07:26.440Z] [INFO] Checking for scheduled reports...
[2025-06-20T12:07:27.386Z] [DEBUG] Connected to MongoDB
[2025-06-20T12:07:27.481Z] [INFO] Found 1 company databases
[2025-06-20T12:07:27.482Z] [DEBUG] Processing company database: company_9jxwph8g
[2025-06-20T12:07:27.639Z] [DEBUG] Finding reports to execute in company_9jxwph8g (current time: 2025-06-20T12:07:27.639Z)
[2025-06-20T12:07:27.742Z] [INFO] Found 0 reports to execute in company_9jxwph8g
[2025-06-20T12:07:27.743Z] [INFO] Scheduled reports check completed
[2025-06-20T12:07:27.748Z] [DEBUG] MongoDB connection closed
[2025-06-20T12:07:34.549Z] [INFO] Checking for scheduled reports...
[2025-06-20T12:07:36.007Z] [DEBUG] Connected to MongoDB
[2025-06-20T12:07:36.088Z] [INFO] Found 1 company databases
[2025-06-20T12:07:36.089Z] [DEBUG] Processing company database: company_9jxwph8g
[2025-06-20T12:07:36.184Z] [DEBUG] Finding reports to execute in company_9jxwph8g (current time: 2025-06-20T12:07:36.184Z)
[2025-06-20T12:07:36.247Z] [INFO] Found 0 reports to execute in company_9jxwph8g
[2025-06-20T12:07:36.248Z] [INFO] Scheduled reports check completed
[2025-06-20T12:07:36.250Z] [DEBUG] MongoDB connection closed
[2025-06-20T12:07:56.441Z] [INFO] Checking for scheduled reports...
[2025-06-20T12:07:58.223Z] [DEBUG] Connected to MongoDB
[2025-06-20T12:07:58.295Z] [INFO] Found 1 company databases
[2025-06-20T12:07:58.296Z] [DEBUG] Processing company database: company_9jxwph8g
[2025-06-20T12:07:58.364Z] [DEBUG] Finding reports to execute in company_9jxwph8g (current time: 2025-06-20T12:07:58.364Z)
[2025-06-20T12:07:58.426Z] [INFO] Found 0 reports to execute in company_9jxwph8g
[2025-06-20T12:07:58.427Z] [INFO] Scheduled reports check completed
[2025-06-20T12:07:58.430Z] [DEBUG] MongoDB connection closed
Fri Jun 20 07:08:00 CDT 2025: Running scheduled reports
Fri Jun 20 07:08:00 CDT 2025: Checking if NextJS server is running...
/Users/sim/Project2/scripts/../scripts/run-simple-scheduled-reports.sh: line 16: node: command not found
Fri Jun 20 07:08:00 CDT 2025: NextJS server is running. Running scheduled reports check...
/Users/sim/Project2/scripts/../scripts/run-scheduled-reports-cron.sh: line 25: node: command not found
[2025-06-20T12:08:04.551Z] [INFO] Checking for scheduled reports...
[2025-06-20T12:08:06.070Z] [DEBUG] Connected to MongoDB
[2025-06-20T12:08:06.387Z] [INFO] Found 1 company databases
[2025-06-20T12:08:06.387Z] [DEBUG] Processing company database: company_9jxwph8g
[2025-06-20T12:08:07.018Z] [DEBUG] Finding reports to execute in company_9jxwph8g (current time: 2025-06-20T12:08:07.018Z)
[2025-06-20T12:08:07.650Z] [INFO] Found 0 reports to execute in company_9jxwph8g
[2025-06-20T12:08:07.651Z] [INFO] Scheduled reports check completed
[2025-06-20T12:08:07.654Z] [DEBUG] MongoDB connection closed
[2025-06-20T12:08:26.442Z] [INFO] Checking for scheduled reports...
[2025-06-20T12:08:27.186Z] [DEBUG] Connected to MongoDB
[2025-06-20T12:08:27.262Z] [INFO] Found 1 company databases
[2025-06-20T12:08:27.263Z] [DEBUG] Processing company database: company_9jxwph8g
[2025-06-20T12:08:27.382Z] [DEBUG] Finding reports to execute in company_9jxwph8g (current time: 2025-06-20T12:08:27.382Z)
[2025-06-20T12:08:27.492Z] [INFO] Found 0 reports to execute in company_9jxwph8g
[2025-06-20T12:08:27.493Z] [INFO] Scheduled reports check completed
[2025-06-20T12:08:27.495Z] [DEBUG] MongoDB connection closed
[2025-06-20T12:08:34.552Z] [INFO] Checking for scheduled reports...
[2025-06-20T12:08:35.480Z] [DEBUG] Connected to MongoDB
[2025-06-20T12:08:35.568Z] [INFO] Found 1 company databases
[2025-06-20T12:08:35.568Z] [DEBUG] Processing company database: company_9jxwph8g
[2025-06-20T12:08:35.751Z] [DEBUG] Finding reports to execute in company_9jxwph8g (current time: 2025-06-20T12:08:35.751Z)
[2025-06-20T12:08:35.812Z] [INFO] Found 0 reports to execute in company_9jxwph8g
[2025-06-20T12:08:35.813Z] [INFO] Scheduled reports check completed
[2025-06-20T12:08:35.816Z] [DEBUG] MongoDB connection closed
[2025-06-20T12:08:56.443Z] [INFO] Checking for scheduled reports...
[2025-06-20T12:08:59.090Z] [DEBUG] Connected to MongoDB
[2025-06-20T12:08:59.174Z] [INFO] Found 1 company databases
[2025-06-20T12:08:59.175Z] [DEBUG] Processing company database: company_9jxwph8g
[2025-06-20T12:08:59.242Z] [DEBUG] Finding reports to execute in company_9jxwph8g (current time: 2025-06-20T12:08:59.242Z)
[2025-06-20T12:08:59.362Z] [INFO] Found 1 reports to execute in company_9jxwph8g
[2025-06-20T12:08:59.363Z] [INFO] Processing report: 68554ef33612a0d6336ed861 - all employees
[2025-06-20T12:08:59.363Z] [DEBUG] Report frequency: custom, Custom minutes: 1, Custom hours: N/A
[2025-06-20T12:08:59.363Z] [INFO] Executing report: 68554ef33612a0d6336ed861 - all employees for company company_9jxwph8g
Fri Jun 20 07:09:00 CDT 2025: Checking if NextJS server is running...
Fri Jun 20 07:09:00 CDT 2025: Running scheduled reports
/Users/sim/Project2/scripts/../scripts/run-simple-scheduled-reports.sh: line 16: node: command not found
Fri Jun 20 07:09:01 CDT 2025: NextJS server is running. Running scheduled reports check...
/Users/sim/Project2/scripts/../scripts/run-scheduled-reports-cron.sh: line 25: node: command not found
[2025-06-20T12:09:04.552Z] [INFO] Checking for scheduled reports...
[2025-06-20T12:09:05.304Z] [DEBUG] Connected to MongoDB
[2025-06-20T12:09:05.371Z] [INFO] Found 1 company databases
[2025-06-20T12:09:05.372Z] [DEBUG] Processing company database: company_9jxwph8g
[2025-06-20T12:09:05.434Z] [DEBUG] Finding reports to execute in company_9jxwph8g (current time: 2025-06-20T12:09:05.434Z)
[2025-06-20T12:09:05.497Z] [INFO] Found 1 reports to execute in company_9jxwph8g
[2025-06-20T12:09:05.497Z] [INFO] Processing report: 68554ef33612a0d6336ed861 - all employees
[2025-06-20T12:09:05.497Z] [DEBUG] Report frequency: custom, Custom minutes: 1, Custom hours: N/A
[2025-06-20T12:09:05.497Z] [INFO] Executing report: 68554ef33612a0d6336ed861 - all employees for company company_9jxwph8g
[2025-06-20T12:09:26.443Z] [INFO] Checking for scheduled reports...
[2025-06-20T12:09:27.140Z] [DEBUG] Connected to MongoDB
[2025-06-20T12:09:27.217Z] [INFO] Found 1 company databases
[2025-06-20T12:09:27.217Z] [DEBUG] Processing company database: company_9jxwph8g
[2025-06-20T12:09:27.279Z] [DEBUG] Finding reports to execute in company_9jxwph8g (current time: 2025-06-20T12:09:27.279Z)
[2025-06-20T12:09:27.349Z] [INFO] Found 1 reports to execute in company_9jxwph8g
[2025-06-20T12:09:27.349Z] [INFO] Processing report: 68554ef33612a0d6336ed861 - all employees
[2025-06-20T12:09:27.349Z] [DEBUG] Report frequency: custom, Custom minutes: 1, Custom hours: N/A
[2025-06-20T12:09:27.350Z] [INFO] Executing report: 68554ef33612a0d6336ed861 - all employees for company company_9jxwph8g
[2025-06-20T12:09:28.902Z] [INFO] Successfully executed report 68554ef33612a0d6336ed861. Generated report ID: 1750421342927
[2025-06-20T12:09:28.903Z] [DEBUG] Custom frequency calculation: 0 hours and 1 minutes = 1 total minutes
[2025-06-20T12:09:28.903Z] [DEBUG] Next execution for custom frequency: 2025-06-20T12:10:28.903Z
[2025-06-20T12:09:28.966Z] [INFO] Updated scheduled report 68554ef33612a0d6336ed861 with next execution time: 2025-06-20T12:10:28.903Z
[2025-06-20T12:09:28.966Z] [INFO] Scheduled reports check completed
[2025-06-20T12:09:28.969Z] [DEBUG] MongoDB connection closed
[2025-06-20T12:09:34.553Z] [INFO] Checking for scheduled reports...
[2025-06-20T12:09:36.186Z] [DEBUG] Connected to MongoDB
[2025-06-20T12:09:36.326Z] [INFO] Found 1 company databases
[2025-06-20T12:09:36.326Z] [DEBUG] Processing company database: company_9jxwph8g
[2025-06-20T12:09:36.430Z] [DEBUG] Finding reports to execute in company_9jxwph8g (current time: 2025-06-20T12:09:36.430Z)
[2025-06-20T12:09:36.621Z] [INFO] Found 0 reports to execute in company_9jxwph8g
[2025-06-20T12:09:36.622Z] [INFO] Scheduled reports check completed
[2025-06-20T12:09:36.625Z] [DEBUG] MongoDB connection closed
[2025-06-20T12:09:38.169Z] [INFO] Successfully executed report 68554ef33612a0d6336ed861. Generated report ID: 1750421348303
[2025-06-20T12:09:38.169Z] [DEBUG] Custom frequency calculation: 0 hours and 1 minutes = 1 total minutes
[2025-06-20T12:09:38.169Z] [DEBUG] Next execution for custom frequency: 2025-06-20T12:10:38.169Z
[2025-06-20T12:09:38.494Z] [INFO] Updated scheduled report 68554ef33612a0d6336ed861 with next execution time: 2025-06-20T12:10:38.169Z
[2025-06-20T12:09:38.495Z] [INFO] Scheduled reports check completed
[2025-06-20T12:09:38.497Z] [DEBUG] MongoDB connection closed
[2025-06-20T12:09:55.768Z] [INFO] Successfully executed report 68554ef33612a0d6336ed861. Generated report ID: 1750421369744
[2025-06-20T12:09:55.770Z] [DEBUG] Custom frequency calculation: 0 hours and 1 minutes = 1 total minutes
[2025-06-20T12:09:55.770Z] [DEBUG] Next execution for custom frequency: 2025-06-20T12:10:55.770Z
[2025-06-20T12:09:55.850Z] [INFO] Updated scheduled report 68554ef33612a0d6336ed861 with next execution time: 2025-06-20T12:10:55.770Z
[2025-06-20T12:09:55.851Z] [INFO] Scheduled reports check completed
[2025-06-20T12:09:55.854Z] [DEBUG] MongoDB connection closed
[2025-06-20T12:09:56.444Z] [INFO] Checking for scheduled reports...
[2025-06-20T12:09:58.911Z] [DEBUG] Connected to MongoDB
[2025-06-20T12:09:58.988Z] [INFO] Found 1 company databases
[2025-06-20T12:09:58.989Z] [DEBUG] Processing company database: company_9jxwph8g
[2025-06-20T12:09:59.079Z] [DEBUG] Finding reports to execute in company_9jxwph8g (current time: 2025-06-20T12:09:59.079Z)
[2025-06-20T12:09:59.145Z] [INFO] Found 0 reports to execute in company_9jxwph8g
[2025-06-20T12:09:59.145Z] [INFO] Scheduled reports check completed
[2025-06-20T12:09:59.146Z] [DEBUG] MongoDB connection closed
Fri Jun 20 07:10:00 CDT 2025: Running scheduled reports
Fri Jun 20 07:10:00 CDT 2025: Checking if NextJS server is running...
/Users/sim/Project2/scripts/../scripts/run-simple-scheduled-reports.sh: line 16: node: command not found
Fri Jun 20 07:10:00 CDT 2025: NextJS server is running. Running scheduled reports check...
/Users/sim/Project2/scripts/../scripts/run-scheduled-reports-cron.sh: line 25: node: command not found
[2025-06-20T12:10:04.554Z] [INFO] Checking for scheduled reports...
[2025-06-20T12:10:06.380Z] [DEBUG] Connected to MongoDB
[2025-06-20T12:10:06.465Z] [INFO] Found 1 company databases
[2025-06-20T12:10:06.466Z] [DEBUG] Processing company database: company_9jxwph8g
[2025-06-20T12:10:06.531Z] [DEBUG] Finding reports to execute in company_9jxwph8g (current time: 2025-06-20T12:10:06.531Z)
[2025-06-20T12:10:06.594Z] [INFO] Found 0 reports to execute in company_9jxwph8g
[2025-06-20T12:10:06.594Z] [INFO] Scheduled reports check completed
[2025-06-20T12:10:06.597Z] [DEBUG] MongoDB connection closed
[2025-06-20T12:10:26.446Z] [INFO] Checking for scheduled reports...
[2025-06-20T12:10:27.525Z] [DEBUG] Connected to MongoDB
[2025-06-20T12:10:27.610Z] [INFO] Found 1 company databases
[2025-06-20T12:10:27.611Z] [DEBUG] Processing company database: company_9jxwph8g
[2025-06-20T12:10:27.686Z] [DEBUG] Finding reports to execute in company_9jxwph8g (current time: 2025-06-20T12:10:27.686Z)
[2025-06-20T12:10:27.763Z] [INFO] Found 0 reports to execute in company_9jxwph8g
[2025-06-20T12:10:27.764Z] [INFO] Scheduled reports check completed
[2025-06-20T12:10:27.766Z] [DEBUG] MongoDB connection closed
[2025-06-20T12:10:34.555Z] [INFO] Checking for scheduled reports...
[2025-06-20T12:10:36.435Z] [DEBUG] Connected to MongoDB
[2025-06-20T12:10:36.646Z] [INFO] Found 1 company databases
[2025-06-20T12:10:36.646Z] [DEBUG] Processing company database: company_9jxwph8g
[2025-06-20T12:10:36.776Z] [DEBUG] Finding reports to execute in company_9jxwph8g (current time: 2025-06-20T12:10:36.776Z)
[2025-06-20T12:10:36.847Z] [INFO] Found 0 reports to execute in company_9jxwph8g
[2025-06-20T12:10:36.847Z] [INFO] Scheduled reports check completed
[2025-06-20T12:10:36.850Z] [DEBUG] MongoDB connection closed
[2025-06-20T12:10:56.446Z] [INFO] Checking for scheduled reports...
[2025-06-20T12:10:57.175Z] [DEBUG] Connected to MongoDB
[2025-06-20T12:10:57.253Z] [INFO] Found 1 company databases
[2025-06-20T12:10:57.254Z] [DEBUG] Processing company database: company_9jxwph8g
[2025-06-20T12:10:57.323Z] [DEBUG] Finding reports to execute in company_9jxwph8g (current time: 2025-06-20T12:10:57.323Z)
[2025-06-20T12:10:57.426Z] [INFO] Found 1 reports to execute in company_9jxwph8g
[2025-06-20T12:10:57.427Z] [INFO] Processing report: 68554ef33612a0d6336ed861 - all employees
[2025-06-20T12:10:57.427Z] [DEBUG] Report frequency: custom, Custom minutes: 1, Custom hours: N/A
[2025-06-20T12:10:57.428Z] [INFO] Executing report: 68554ef33612a0d6336ed861 - all employees for company company_9jxwph8g
Fri Jun 20 07:11:00 CDT 2025: Checking if NextJS server is running...
Fri Jun 20 07:11:00 CDT 2025: Running scheduled reports
/Users/sim/Project2/scripts/../scripts/run-simple-scheduled-reports.sh: line 16: node: command not found
Fri Jun 20 07:11:00 CDT 2025: NextJS server is running. Running scheduled reports check...
/Users/sim/Project2/scripts/../scripts/run-scheduled-reports-cron.sh: line 25: node: command not found
[2025-06-20T12:11:04.556Z] [INFO] Checking for scheduled reports...
[2025-06-20T12:11:05.965Z] [DEBUG] Connected to MongoDB
[2025-06-20T12:11:06.052Z] [INFO] Found 1 company databases
[2025-06-20T12:11:06.053Z] [DEBUG] Processing company database: company_9jxwph8g
[2025-06-20T12:11:06.131Z] [DEBUG] Finding reports to execute in company_9jxwph8g (current time: 2025-06-20T12:11:06.131Z)
[2025-06-20T12:11:06.208Z] [INFO] Found 1 reports to execute in company_9jxwph8g
[2025-06-20T12:11:06.209Z] [INFO] Processing report: 68554ef33612a0d6336ed861 - all employees
[2025-06-20T12:11:06.210Z] [DEBUG] Report frequency: custom, Custom minutes: 1, Custom hours: N/A
[2025-06-20T12:11:06.210Z] [INFO] Executing report: 68554ef33612a0d6336ed861 - all employees for company company_9jxwph8g
[2025-06-20T12:11:26.447Z] [INFO] Checking for scheduled reports...
[2025-06-20T12:11:27.503Z] [DEBUG] Connected to MongoDB
[2025-06-20T12:11:27.586Z] [INFO] Found 1 company databases
[2025-06-20T12:11:27.586Z] [DEBUG] Processing company database: company_9jxwph8g
[2025-06-20T12:11:27.651Z] [DEBUG] Finding reports to execute in company_9jxwph8g (current time: 2025-06-20T12:11:27.651Z)
[2025-06-20T12:11:27.729Z] [INFO] Found 0 reports to execute in company_9jxwph8g
[2025-06-20T12:11:27.730Z] [INFO] Scheduled reports check completed
[2025-06-20T12:11:27.732Z] [DEBUG] MongoDB connection closed
[2025-06-20T12:11:33.264Z] [INFO] Successfully executed report 68554ef33612a0d6336ed861. Generated report ID: 1750421460287
[2025-06-20T12:11:33.264Z] [DEBUG] Custom frequency calculation: 0 hours and 1 minutes = 1 total minutes
[2025-06-20T12:11:33.265Z] [DEBUG] Next execution for custom frequency: 2025-06-20T12:12:33.264Z
[2025-06-20T12:11:33.337Z] [INFO] Updated scheduled report 68554ef33612a0d6336ed861 with next execution time: 2025-06-20T12:12:33.264Z
[2025-06-20T12:11:33.337Z] [INFO] Scheduled reports check completed
[2025-06-20T12:11:33.339Z] [DEBUG] MongoDB connection closed
[2025-06-20T12:11:34.558Z] [INFO] Checking for scheduled reports...
[2025-06-20T12:11:35.292Z] [DEBUG] Connected to MongoDB
[2025-06-20T12:11:35.361Z] [INFO] Found 1 company databases
[2025-06-20T12:11:35.361Z] [DEBUG] Processing company database: company_9jxwph8g
[2025-06-20T12:11:35.418Z] [DEBUG] Finding reports to execute in company_9jxwph8g (current time: 2025-06-20T12:11:35.418Z)
[2025-06-20T12:11:35.479Z] [INFO] Found 0 reports to execute in company_9jxwph8g
[2025-06-20T12:11:35.479Z] [INFO] Scheduled reports check completed
[2025-06-20T12:11:35.481Z] [DEBUG] MongoDB connection closed
[2025-06-20T12:11:40.279Z] [INFO] Successfully executed report 68554ef33612a0d6336ed861. Generated report ID: 1750421471014
[2025-06-20T12:11:40.280Z] [DEBUG] Custom frequency calculation: 0 hours and 1 minutes = 1 total minutes
[2025-06-20T12:11:40.280Z] [DEBUG] Next execution for custom frequency: 2025-06-20T12:12:40.280Z
[2025-06-20T12:11:40.364Z] [INFO] Updated scheduled report 68554ef33612a0d6336ed861 with next execution time: 2025-06-20T12:12:40.280Z
[2025-06-20T12:11:40.365Z] [INFO] Scheduled reports check completed
[2025-06-20T12:11:40.367Z] [DEBUG] MongoDB connection closed
[2025-06-20T12:11:56.448Z] [INFO] Checking for scheduled reports...
[2025-06-20T12:11:57.392Z] [DEBUG] Connected to MongoDB
[2025-06-20T12:11:57.506Z] [INFO] Found 1 company databases
[2025-06-20T12:11:57.506Z] [DEBUG] Processing company database: company_9jxwph8g
[2025-06-20T12:11:57.572Z] [DEBUG] Finding reports to execute in company_9jxwph8g (current time: 2025-06-20T12:11:57.572Z)
[2025-06-20T12:11:57.642Z] [INFO] Found 0 reports to execute in company_9jxwph8g
[2025-06-20T12:11:57.642Z] [INFO] Scheduled reports check completed
[2025-06-20T12:11:57.645Z] [DEBUG] MongoDB connection closed
Fri Jun 20 07:12:00 CDT 2025: Running scheduled reports
Fri Jun 20 07:12:00 CDT 2025: Checking if NextJS server is running...
/Users/sim/Project2/scripts/../scripts/run-simple-scheduled-reports.sh: line 16: node: command not found
Fri Jun 20 07:12:00 CDT 2025: NextJS server is running. Running scheduled reports check...
/Users/sim/Project2/scripts/../scripts/run-scheduled-reports-cron.sh: line 25: node: command not found
[2025-06-20T12:12:04.559Z] [INFO] Checking for scheduled reports...
[2025-06-20T12:12:05.418Z] [DEBUG] Connected to MongoDB
[2025-06-20T12:12:05.497Z] [INFO] Found 1 company databases
[2025-06-20T12:12:05.497Z] [DEBUG] Processing company database: company_9jxwph8g
[2025-06-20T12:12:05.574Z] [DEBUG] Finding reports to execute in company_9jxwph8g (current time: 2025-06-20T12:12:05.574Z)
[2025-06-20T12:12:05.638Z] [INFO] Found 0 reports to execute in company_9jxwph8g
[2025-06-20T12:12:05.638Z] [INFO] Scheduled reports check completed
[2025-06-20T12:12:05.641Z] [DEBUG] MongoDB connection closed
[2025-06-20T12:12:26.449Z] [INFO] Checking for scheduled reports...
[2025-06-20T12:12:27.473Z] [DEBUG] Connected to MongoDB
[2025-06-20T12:12:27.554Z] [INFO] Found 1 company databases
[2025-06-20T12:12:27.555Z] [DEBUG] Processing company database: company_9jxwph8g
[2025-06-20T12:12:27.617Z] [DEBUG] Finding reports to execute in company_9jxwph8g (current time: 2025-06-20T12:12:27.617Z)
[2025-06-20T12:12:27.687Z] [INFO] Found 0 reports to execute in company_9jxwph8g
[2025-06-20T12:12:27.688Z] [INFO] Scheduled reports check completed
[2025-06-20T12:12:27.691Z] [DEBUG] MongoDB connection closed
[2025-06-20T12:12:34.560Z] [INFO] Checking for scheduled reports...
[2025-06-20T12:12:35.540Z] [DEBUG] Connected to MongoDB
[2025-06-20T12:12:35.619Z] [INFO] Found 1 company databases
[2025-06-20T12:12:35.619Z] [DEBUG] Processing company database: company_9jxwph8g
[2025-06-20T12:12:35.687Z] [DEBUG] Finding reports to execute in company_9jxwph8g (current time: 2025-06-20T12:12:35.687Z)
[2025-06-20T12:12:35.750Z] [INFO] Found 0 reports to execute in company_9jxwph8g
[2025-06-20T12:12:35.751Z] [INFO] Scheduled reports check completed
[2025-06-20T12:12:35.754Z] [DEBUG] MongoDB connection closed
[2025-06-20T12:12:56.450Z] [INFO] Checking for scheduled reports...
[2025-06-20T12:12:57.389Z] [DEBUG] Connected to MongoDB
[2025-06-20T12:12:57.576Z] [INFO] Found 1 company databases
[2025-06-20T12:12:57.577Z] [DEBUG] Processing company database: company_9jxwph8g
[2025-06-20T12:12:57.652Z] [DEBUG] Finding reports to execute in company_9jxwph8g (current time: 2025-06-20T12:12:57.652Z)
[2025-06-20T12:12:57.762Z] [INFO] Found 0 reports to execute in company_9jxwph8g
[2025-06-20T12:12:57.763Z] [INFO] Scheduled reports check completed
[2025-06-20T12:12:57.765Z] [DEBUG] MongoDB connection closed
Fri Jun 20 07:13:00 CDT 2025: Checking if NextJS server is running...
Fri Jun 20 07:13:00 CDT 2025: Running scheduled reports
/Users/sim/Project2/scripts/../scripts/run-simple-scheduled-reports.sh: line 16: node: command not found
Fri Jun 20 07:13:00 CDT 2025: NextJS server is running. Running scheduled reports check...
/Users/sim/Project2/scripts/../scripts/run-scheduled-reports-cron.sh: line 25: node: command not found
[2025-06-20T12:13:04.561Z] [INFO] Checking for scheduled reports...
[2025-06-20T12:13:05.253Z] [DEBUG] Connected to MongoDB
[2025-06-20T12:13:05.325Z] [INFO] Found 1 company databases
[2025-06-20T12:13:05.325Z] [DEBUG] Processing company database: company_9jxwph8g
[2025-06-20T12:13:05.390Z] [DEBUG] Finding reports to execute in company_9jxwph8g (current time: 2025-06-20T12:13:05.390Z)
[2025-06-20T12:13:05.452Z] [INFO] Found 0 reports to execute in company_9jxwph8g
[2025-06-20T12:13:05.452Z] [INFO] Scheduled reports check completed
[2025-06-20T12:13:05.454Z] [DEBUG] MongoDB connection closed
[2025-06-20T12:13:26.452Z] [INFO] Checking for scheduled reports...
[2025-06-20T12:13:27.446Z] [DEBUG] Connected to MongoDB
[2025-06-20T12:13:27.532Z] [INFO] Found 1 company databases
[2025-06-20T12:13:27.533Z] [DEBUG] Processing company database: company_9jxwph8g
[2025-06-20T12:13:27.602Z] [DEBUG] Finding reports to execute in company_9jxwph8g (current time: 2025-06-20T12:13:27.602Z)
[2025-06-20T12:13:27.665Z] [INFO] Found 0 reports to execute in company_9jxwph8g
[2025-06-20T12:13:27.665Z] [INFO] Scheduled reports check completed
[2025-06-20T12:13:27.668Z] [DEBUG] MongoDB connection closed
[2025-06-20T12:13:34.562Z] [INFO] Checking for scheduled reports...
[2025-06-20T12:13:35.285Z] [DEBUG] Connected to MongoDB
[2025-06-20T12:13:35.369Z] [INFO] Found 1 company databases
[2025-06-20T12:13:35.370Z] [DEBUG] Processing company database: company_9jxwph8g
[2025-06-20T12:13:35.430Z] [DEBUG] Finding reports to execute in company_9jxwph8g (current time: 2025-06-20T12:13:35.430Z)
[2025-06-20T12:13:35.487Z] [INFO] Found 0 reports to execute in company_9jxwph8g
[2025-06-20T12:13:35.488Z] [INFO] Scheduled reports check completed
[2025-06-20T12:13:35.490Z] [DEBUG] MongoDB connection closed
[2025-06-20T12:13:56.453Z] [INFO] Checking for scheduled reports...
[2025-06-20T12:13:58.537Z] [DEBUG] Connected to MongoDB
[2025-06-20T12:13:58.633Z] [INFO] Found 1 company databases
[2025-06-20T12:13:58.634Z] [DEBUG] Processing company database: company_9jxwph8g
[2025-06-20T12:13:58.724Z] [DEBUG] Finding reports to execute in company_9jxwph8g (current time: 2025-06-20T12:13:58.724Z)
[2025-06-20T12:13:58.937Z] [INFO] Found 0 reports to execute in company_9jxwph8g
[2025-06-20T12:13:58.938Z] [INFO] Scheduled reports check completed
[2025-06-20T12:13:58.940Z] [DEBUG] MongoDB connection closed
Fri Jun 20 07:14:00 CDT 2025: Checking if NextJS server is running...
Fri Jun 20 07:14:00 CDT 2025: Running scheduled reports
/Users/sim/Project2/scripts/../scripts/run-simple-scheduled-reports.sh: line 16: node: command not found
Fri Jun 20 07:14:00 CDT 2025: NextJS server is running. Running scheduled reports check...
/Users/sim/Project2/scripts/../scripts/run-scheduled-reports-cron.sh: line 25: node: command not found
[2025-06-20T12:14:04.563Z] [INFO] Checking for scheduled reports...
[2025-06-20T12:14:05.282Z] [DEBUG] Connected to MongoDB
[2025-06-20T12:14:05.380Z] [INFO] Found 1 company databases
[2025-06-20T12:14:05.380Z] [DEBUG] Processing company database: company_9jxwph8g
[2025-06-20T12:14:05.445Z] [DEBUG] Finding reports to execute in company_9jxwph8g (current time: 2025-06-20T12:14:05.445Z)
[2025-06-20T12:14:05.521Z] [INFO] Found 0 reports to execute in company_9jxwph8g
[2025-06-20T12:14:05.521Z] [INFO] Scheduled reports check completed
[2025-06-20T12:14:05.522Z] [DEBUG] MongoDB connection closed
[2025-06-20T12:14:26.453Z] [INFO] Checking for scheduled reports...
[2025-06-20T12:14:27.177Z] [DEBUG] Connected to MongoDB
[2025-06-20T12:14:27.250Z] [INFO] Found 1 company databases
[2025-06-20T12:14:27.251Z] [DEBUG] Processing company database: company_9jxwph8g
[2025-06-20T12:14:27.324Z] [DEBUG] Finding reports to execute in company_9jxwph8g (current time: 2025-06-20T12:14:27.324Z)
[2025-06-20T12:14:27.390Z] [INFO] Found 0 reports to execute in company_9jxwph8g
[2025-06-20T12:14:27.390Z] [INFO] Scheduled reports check completed
[2025-06-20T12:14:27.392Z] [DEBUG] MongoDB connection closed
[2025-06-20T12:14:34.564Z] [INFO] Checking for scheduled reports...
[2025-06-20T12:14:36.204Z] [DEBUG] Connected to MongoDB
[2025-06-20T12:14:36.467Z] [INFO] Found 1 company databases
[2025-06-20T12:14:36.468Z] [DEBUG] Processing company database: company_9jxwph8g
[2025-06-20T12:14:36.770Z] [DEBUG] Finding reports to execute in company_9jxwph8g (current time: 2025-06-20T12:14:36.770Z)
[2025-06-20T12:14:36.889Z] [INFO] Found 0 reports to execute in company_9jxwph8g
[2025-06-20T12:14:36.890Z] [INFO] Scheduled reports check completed
[2025-06-20T12:14:36.893Z] [DEBUG] MongoDB connection closed
[2025-06-20T12:14:56.455Z] [INFO] Checking for scheduled reports...
[2025-06-20T12:14:57.281Z] [DEBUG] Connected to MongoDB
[2025-06-20T12:14:57.352Z] [INFO] Found 1 company databases
[2025-06-20T12:14:57.353Z] [DEBUG] Processing company database: company_9jxwph8g
[2025-06-20T12:14:57.415Z] [DEBUG] Finding reports to execute in company_9jxwph8g (current time: 2025-06-20T12:14:57.415Z)
[2025-06-20T12:14:57.475Z] [INFO] Found 0 reports to execute in company_9jxwph8g
[2025-06-20T12:14:57.475Z] [INFO] Scheduled reports check completed
[2025-06-20T12:14:57.478Z] [DEBUG] MongoDB connection closed
Fri Jun 20 07:15:01 CDT 2025: Running scheduled reports
Fri Jun 20 07:15:01 CDT 2025: Checking if NextJS server is running...
/Users/sim/Project2/scripts/../scripts/run-simple-scheduled-reports.sh: line 16: node: command not found
Fri Jun 20 07:15:01 CDT 2025: NextJS server is running. Running scheduled reports check...
/Users/sim/Project2/scripts/../scripts/run-scheduled-reports-cron.sh: line 25: node: command not found
[2025-06-20T12:15:04.566Z] [INFO] Checking for scheduled reports...
[2025-06-20T12:15:06.200Z] [DEBUG] Connected to MongoDB
[2025-06-20T12:15:06.291Z] [INFO] Found 1 company databases
[2025-06-20T12:15:06.291Z] [DEBUG] Processing company database: company_9jxwph8g
[2025-06-20T12:15:06.368Z] [DEBUG] Finding reports to execute in company_9jxwph8g (current time: 2025-06-20T12:15:06.368Z)
[2025-06-20T12:15:06.470Z] [INFO] Found 0 reports to execute in company_9jxwph8g
[2025-06-20T12:15:06.470Z] [INFO] Scheduled reports check completed
[2025-06-20T12:15:06.473Z] [DEBUG] MongoDB connection closed
[2025-06-20T12:15:26.456Z] [INFO] Checking for scheduled reports...
[2025-06-20T12:15:29.574Z] [DEBUG] Connected to MongoDB
[2025-06-20T12:15:29.716Z] [INFO] Found 1 company databases
[2025-06-20T12:15:29.717Z] [DEBUG] Processing company database: company_9jxwph8g
[2025-06-20T12:15:29.781Z] [DEBUG] Finding reports to execute in company_9jxwph8g (current time: 2025-06-20T12:15:29.781Z)
[2025-06-20T12:15:29.845Z] [INFO] Found 0 reports to execute in company_9jxwph8g
[2025-06-20T12:15:29.846Z] [INFO] Scheduled reports check completed
[2025-06-20T12:15:29.848Z] [DEBUG] MongoDB connection closed
[2025-06-20T12:15:34.568Z] [INFO] Checking for scheduled reports...
[2025-06-20T12:15:35.459Z] [DEBUG] Connected to MongoDB
[2025-06-20T12:15:35.547Z] [INFO] Found 1 company databases
[2025-06-20T12:15:35.547Z] [DEBUG] Processing company database: company_9jxwph8g
[2025-06-20T12:15:35.615Z] [DEBUG] Finding reports to execute in company_9jxwph8g (current time: 2025-06-20T12:15:35.615Z)
[2025-06-20T12:15:35.761Z] [INFO] Found 0 reports to execute in company_9jxwph8g
[2025-06-20T12:15:35.761Z] [INFO] Scheduled reports check completed
[2025-06-20T12:15:35.763Z] [DEBUG] MongoDB connection closed
[2025-06-20T12:15:56.457Z] [INFO] Checking for scheduled reports...
[2025-06-20T12:15:58.367Z] [DEBUG] Connected to MongoDB
[2025-06-20T12:15:58.469Z] [INFO] Found 1 company databases
[2025-06-20T12:15:58.470Z] [DEBUG] Processing company database: company_9jxwph8g
[2025-06-20T12:15:58.545Z] [DEBUG] Finding reports to execute in company_9jxwph8g (current time: 2025-06-20T12:15:58.545Z)
[2025-06-20T12:15:58.611Z] [INFO] Found 0 reports to execute in company_9jxwph8g
[2025-06-20T12:15:58.612Z] [INFO] Scheduled reports check completed
[2025-06-20T12:15:58.614Z] [DEBUG] MongoDB connection closed
Fri Jun 20 07:16:00 CDT 2025: Running scheduled reports
Fri Jun 20 07:16:00 CDT 2025: Checking if NextJS server is running...
/Users/sim/Project2/scripts/../scripts/run-simple-scheduled-reports.sh: line 16: node: command not found
Fri Jun 20 07:16:00 CDT 2025: NextJS server is running. Running scheduled reports check...
/Users/sim/Project2/scripts/../scripts/run-scheduled-reports-cron.sh: line 25: node: command not found
[2025-06-20T12:16:04.570Z] [INFO] Checking for scheduled reports...
[2025-06-20T12:16:06.159Z] [DEBUG] Connected to MongoDB
[2025-06-20T12:16:06.267Z] [INFO] Found 1 company databases
[2025-06-20T12:16:06.267Z] [DEBUG] Processing company database: company_9jxwph8g
[2025-06-20T12:16:06.345Z] [DEBUG] Finding reports to execute in company_9jxwph8g (current time: 2025-06-20T12:16:06.345Z)
[2025-06-20T12:16:06.407Z] [INFO] Found 0 reports to execute in company_9jxwph8g
[2025-06-20T12:16:06.407Z] [INFO] Scheduled reports check completed
[2025-06-20T12:16:06.409Z] [DEBUG] MongoDB connection closed
[2025-06-20T12:16:26.458Z] [INFO] Checking for scheduled reports...
[2025-06-20T12:16:27.344Z] [DEBUG] Connected to MongoDB
[2025-06-20T12:16:27.426Z] [INFO] Found 1 company databases
[2025-06-20T12:16:27.427Z] [DEBUG] Processing company database: company_9jxwph8g
[2025-06-20T12:16:27.534Z] [DEBUG] Finding reports to execute in company_9jxwph8g (current time: 2025-06-20T12:16:27.533Z)
[2025-06-20T12:16:27.616Z] [INFO] Found 0 reports to execute in company_9jxwph8g
[2025-06-20T12:16:27.617Z] [INFO] Scheduled reports check completed
[2025-06-20T12:16:27.619Z] [DEBUG] MongoDB connection closed
[2025-06-20T12:16:34.572Z] [INFO] Checking for scheduled reports...
[2025-06-20T12:16:35.416Z] [DEBUG] Connected to MongoDB
[2025-06-20T12:16:35.491Z] [INFO] Found 1 company databases
[2025-06-20T12:16:35.492Z] [DEBUG] Processing company database: company_9jxwph8g
[2025-06-20T12:16:35.572Z] [DEBUG] Finding reports to execute in company_9jxwph8g (current time: 2025-06-20T12:16:35.572Z)
[2025-06-20T12:16:35.633Z] [INFO] Found 0 reports to execute in company_9jxwph8g
[2025-06-20T12:16:35.634Z] [INFO] Scheduled reports check completed
[2025-06-20T12:16:35.636Z] [DEBUG] MongoDB connection closed
[2025-06-20T12:16:56.459Z] [INFO] Checking for scheduled reports...
[2025-06-20T12:16:57.194Z] [DEBUG] Connected to MongoDB
[2025-06-20T12:16:57.268Z] [INFO] Found 1 company databases
[2025-06-20T12:16:57.269Z] [DEBUG] Processing company database: company_9jxwph8g
[2025-06-20T12:16:57.329Z] [DEBUG] Finding reports to execute in company_9jxwph8g (current time: 2025-06-20T12:16:57.329Z)
[2025-06-20T12:16:57.395Z] [INFO] Found 0 reports to execute in company_9jxwph8g
[2025-06-20T12:16:57.396Z] [INFO] Scheduled reports check completed
[2025-06-20T12:16:57.398Z] [DEBUG] MongoDB connection closed
Fri Jun 20 07:17:00 CDT 2025: Running scheduled reports
Fri Jun 20 07:17:00 CDT 2025: Checking if NextJS server is running...
/Users/sim/Project2/scripts/../scripts/run-simple-scheduled-reports.sh: line 16: node: command not found
Fri Jun 20 07:17:01 CDT 2025: NextJS server is running. Running scheduled reports check...
/Users/sim/Project2/scripts/../scripts/run-scheduled-reports-cron.sh: line 25: node: command not found
[2025-06-20T12:17:04.573Z] [INFO] Checking for scheduled reports...
[2025-06-20T12:17:05.419Z] [DEBUG] Connected to MongoDB
[2025-06-20T12:17:05.500Z] [INFO] Found 1 company databases
[2025-06-20T12:17:05.501Z] [DEBUG] Processing company database: company_9jxwph8g
[2025-06-20T12:17:05.566Z] [DEBUG] Finding reports to execute in company_9jxwph8g (current time: 2025-06-20T12:17:05.566Z)
[2025-06-20T12:17:05.625Z] [INFO] Found 0 reports to execute in company_9jxwph8g
[2025-06-20T12:17:05.625Z] [INFO] Scheduled reports check completed
[2025-06-20T12:17:05.626Z] [DEBUG] MongoDB connection closed
[2025-06-20T12:17:26.460Z] [INFO] Checking for scheduled reports...
[2025-06-20T12:17:27.159Z] [DEBUG] Connected to MongoDB
[2025-06-20T12:17:27.231Z] [INFO] Found 1 company databases
[2025-06-20T12:17:27.232Z] [DEBUG] Processing company database: company_9jxwph8g
[2025-06-20T12:17:27.294Z] [DEBUG] Finding reports to execute in company_9jxwph8g (current time: 2025-06-20T12:17:27.294Z)
[2025-06-20T12:17:27.364Z] [INFO] Found 0 reports to execute in company_9jxwph8g
[2025-06-20T12:17:27.365Z] [INFO] Scheduled reports check completed
[2025-06-20T12:17:27.368Z] [DEBUG] MongoDB connection closed
[2025-06-20T12:17:34.574Z] [INFO] Checking for scheduled reports...
[2025-06-20T12:17:36.081Z] [DEBUG] Connected to MongoDB
[2025-06-20T12:17:36.169Z] [INFO] Found 1 company databases
[2025-06-20T12:17:36.170Z] [DEBUG] Processing company database: company_9jxwph8g
[2025-06-20T12:17:36.232Z] [DEBUG] Finding reports to execute in company_9jxwph8g (current time: 2025-06-20T12:17:36.232Z)
[2025-06-20T12:17:36.350Z] [INFO] Found 0 reports to execute in company_9jxwph8g
[2025-06-20T12:17:36.351Z] [INFO] Scheduled reports check completed
[2025-06-20T12:17:36.354Z] [DEBUG] MongoDB connection closed
[2025-06-20T12:17:56.461Z] [INFO] Checking for scheduled reports...
[2025-06-20T12:17:58.046Z] [DEBUG] Connected to MongoDB
[2025-06-20T12:17:58.129Z] [INFO] Found 1 company databases
[2025-06-20T12:17:58.129Z] [DEBUG] Processing company database: company_9jxwph8g
[2025-06-20T12:17:58.212Z] [DEBUG] Finding reports to execute in company_9jxwph8g (current time: 2025-06-20T12:17:58.212Z)
[2025-06-20T12:17:58.311Z] [INFO] Found 0 reports to execute in company_9jxwph8g
[2025-06-20T12:17:58.312Z] [INFO] Scheduled reports check completed
[2025-06-20T12:17:58.316Z] [DEBUG] MongoDB connection closed
Fri Jun 20 07:18:00 CDT 2025: Running scheduled reports
Fri Jun 20 07:18:00 CDT 2025: Checking if NextJS server is running...
/Users/sim/Project2/scripts/../scripts/run-simple-scheduled-reports.sh: line 16: node: command not found
Fri Jun 20 07:18:00 CDT 2025: NextJS server is running. Running scheduled reports check...
/Users/sim/Project2/scripts/../scripts/run-scheduled-reports-cron.sh: line 25: node: command not found
[2025-06-20T12:18:04.575Z] [INFO] Checking for scheduled reports...
[2025-06-20T12:18:05.409Z] [DEBUG] Connected to MongoDB
[2025-06-20T12:18:05.497Z] [INFO] Found 1 company databases
[2025-06-20T12:18:05.497Z] [DEBUG] Processing company database: company_9jxwph8g
[2025-06-20T12:18:05.564Z] [DEBUG] Finding reports to execute in company_9jxwph8g (current time: 2025-06-20T12:18:05.564Z)
[2025-06-20T12:18:05.673Z] [INFO] Found 0 reports to execute in company_9jxwph8g
[2025-06-20T12:18:05.674Z] [INFO] Scheduled reports check completed
[2025-06-20T12:18:05.677Z] [DEBUG] MongoDB connection closed
[2025-06-20T12:18:26.462Z] [INFO] Checking for scheduled reports...
[2025-06-20T12:18:27.244Z] [DEBUG] Connected to MongoDB
[2025-06-20T12:18:27.321Z] [INFO] Found 1 company databases
[2025-06-20T12:18:27.322Z] [DEBUG] Processing company database: company_9jxwph8g
[2025-06-20T12:18:27.408Z] [DEBUG] Finding reports to execute in company_9jxwph8g (current time: 2025-06-20T12:18:27.408Z)
[2025-06-20T12:18:27.486Z] [INFO] Found 0 reports to execute in company_9jxwph8g
[2025-06-20T12:18:27.486Z] [INFO] Scheduled reports check completed
[2025-06-20T12:18:27.489Z] [DEBUG] MongoDB connection closed
[2025-06-20T12:18:34.576Z] [INFO] Checking for scheduled reports...
[2025-06-20T12:18:35.335Z] [DEBUG] Connected to MongoDB
[2025-06-20T12:18:35.406Z] [INFO] Found 1 company databases
[2025-06-20T12:18:35.406Z] [DEBUG] Processing company database: company_9jxwph8g
[2025-06-20T12:18:35.472Z] [DEBUG] Finding reports to execute in company_9jxwph8g (current time: 2025-06-20T12:18:35.472Z)
[2025-06-20T12:18:35.531Z] [INFO] Found 0 reports to execute in company_9jxwph8g
[2025-06-20T12:18:35.531Z] [INFO] Scheduled reports check completed
[2025-06-20T12:18:35.533Z] [DEBUG] MongoDB connection closed
[2025-06-20T12:18:56.463Z] [INFO] Checking for scheduled reports...
[2025-06-20T12:18:57.082Z] [DEBUG] Connected to MongoDB
[2025-06-20T12:18:57.150Z] [INFO] Found 1 company databases
[2025-06-20T12:18:57.151Z] [DEBUG] Processing company database: company_9jxwph8g
[2025-06-20T12:18:57.209Z] [DEBUG] Finding reports to execute in company_9jxwph8g (current time: 2025-06-20T12:18:57.209Z)
[2025-06-20T12:18:57.266Z] [INFO] Found 0 reports to execute in company_9jxwph8g
[2025-06-20T12:18:57.266Z] [INFO] Scheduled reports check completed
[2025-06-20T12:18:57.269Z] [DEBUG] MongoDB connection closed
Fri Jun 20 07:19:00 CDT 2025: Running scheduled reports
Fri Jun 20 07:19:00 CDT 2025: Checking if NextJS server is running...
/Users/sim/Project2/scripts/../scripts/run-simple-scheduled-reports.sh: line 16: node: command not found
Fri Jun 20 07:19:01 CDT 2025: NextJS server is running. Running scheduled reports check...
/Users/sim/Project2/scripts/../scripts/run-scheduled-reports-cron.sh: line 25: node: command not found
[2025-06-20T12:19:04.577Z] [INFO] Checking for scheduled reports...
[2025-06-20T12:19:05.185Z] [DEBUG] Connected to MongoDB
[2025-06-20T12:19:05.253Z] [INFO] Found 1 company databases
[2025-06-20T12:19:05.254Z] [DEBUG] Processing company database: company_9jxwph8g
[2025-06-20T12:19:05.310Z] [DEBUG] Finding reports to execute in company_9jxwph8g (current time: 2025-06-20T12:19:05.310Z)
[2025-06-20T12:19:05.365Z] [INFO] Found 0 reports to execute in company_9jxwph8g
[2025-06-20T12:19:05.366Z] [INFO] Scheduled reports check completed
[2025-06-20T12:19:05.367Z] [DEBUG] MongoDB connection closed
[2025-06-20T12:19:26.465Z] [INFO] Checking for scheduled reports...
[2025-06-20T12:19:27.056Z] [DEBUG] Connected to MongoDB
[2025-06-20T12:19:27.124Z] [INFO] Found 1 company databases
[2025-06-20T12:19:27.124Z] [DEBUG] Processing company database: company_9jxwph8g
[2025-06-20T12:19:27.181Z] [DEBUG] Finding reports to execute in company_9jxwph8g (current time: 2025-06-20T12:19:27.181Z)
[2025-06-20T12:19:27.237Z] [INFO] Found 0 reports to execute in company_9jxwph8g
[2025-06-20T12:19:27.238Z] [INFO] Scheduled reports check completed
[2025-06-20T12:19:27.239Z] [DEBUG] MongoDB connection closed
[2025-06-20T12:19:34.580Z] [INFO] Checking for scheduled reports...
[2025-06-20T12:19:35.243Z] [DEBUG] Connected to MongoDB
[2025-06-20T12:19:35.310Z] [INFO] Found 1 company databases
[2025-06-20T12:19:35.311Z] [DEBUG] Processing company database: company_9jxwph8g
[2025-06-20T12:19:35.368Z] [DEBUG] Finding reports to execute in company_9jxwph8g (current time: 2025-06-20T12:19:35.368Z)
[2025-06-20T12:19:35.423Z] [INFO] Found 0 reports to execute in company_9jxwph8g
[2025-06-20T12:19:35.424Z] [INFO] Scheduled reports check completed
[2025-06-20T12:19:35.426Z] [DEBUG] MongoDB connection closed
Fri Jun 20 07:20:01 CDT 2025: Running scheduled reports
Fri Jun 20 07:20:01 CDT 2025: Checking if NextJS server is running...
/Users/sim/Project2/scripts/../scripts/run-simple-scheduled-reports.sh: line 16: node: command not found
Fri Jun 20 07:20:01 CDT 2025: NextJS server is not running. Skipping scheduled reports check.
[2025-06-20T12:20:04.581Z] [INFO] Checking for scheduled reports...
[2025-06-20T13:48:24.999Z] [INFO] Checking for scheduled reports...
[2025-06-20T13:48:25.070Z] [ERROR] Error in checkScheduledReports: getaddrinfo ENOTFOUND ac-wz3pdz3-shard-00-00.nen0dzs.mongodb.net
[2025-06-20T13:48:25.070Z] [ERROR] Stack trace: MongoServerSelectionError: getaddrinfo ENOTFOUND ac-wz3pdz3-shard-00-00.nen0dzs.mongodb.net
    at Topology.selectServer (/Users/sim/Project2/node_modules/mongodb/lib/sdam/topology.js:321:38)
    at async Topology._connect (/Users/sim/Project2/node_modules/mongodb/lib/sdam/topology.js:200:28)
    at async Topology.connect (/Users/sim/Project2/node_modules/mongodb/lib/sdam/topology.js:152:13)
    at async topologyConnect (/Users/sim/Project2/node_modules/mongodb/lib/mongo_client.js:233:17)
    at async MongoClient._connect (/Users/sim/Project2/node_modules/mongodb/lib/mongo_client.js:246:13)
    at async MongoClient.connect (/Users/sim/Project2/node_modules/mongodb/lib/mongo_client.js:171:13)
    at async MongoClient.connect (/Users/sim/Project2/node_modules/mongodb/lib/mongo_client.js:360:16)
    at async checkScheduledReports (/Users/sim/Project2/scripts/scheduled-reports-daemon.js:146:14)
    at async Timeout._onTimeout (/Users/sim/Project2/scripts/scheduled-reports-daemon.js:267:7)
[2025-06-20T13:48:25.070Z] [ERROR] Error in checkScheduledReports: querySrv ECONNREFUSED _mongodb._tcp.cluster0.nen0dzs.mongodb.net
[2025-06-20T13:48:25.070Z] [ERROR] Stack trace: Error: querySrv ECONNREFUSED _mongodb._tcp.cluster0.nen0dzs.mongodb.net
    at QueryReqWrap.onresolve [as oncomplete] (node:internal/dns/promises:294:17)
[2025-06-20T16:22:51.866Z] [INFO] Checking for scheduled reports...
[2025-06-20T16:22:51.870Z] [ERROR] Error in checkScheduledReports: querySrv ECONNREFUSED _mongodb._tcp.cluster0.nen0dzs.mongodb.net
[2025-06-20T16:22:51.871Z] [ERROR] Stack trace: Error: querySrv ECONNREFUSED _mongodb._tcp.cluster0.nen0dzs.mongodb.net
    at QueryReqWrap.onresolve [as oncomplete] (node:internal/dns/promises:294:17)
Fri Jun 20 12:24:01 CDT 2025: Running scheduled reports
Fri Jun 20 12:24:01 CDT 2025: Checking if NextJS server is running...
/Users/sim/Project2/scripts/../scripts/run-simple-scheduled-reports.sh: line 16: node: command not found
Fri Jun 20 12:24:01 CDT 2025: NextJS server is not running. Skipping scheduled reports check.
[2025-06-20T19:25:59.759Z] [INFO] Checking for scheduled reports...
[2025-06-20T19:25:59.762Z] [ERROR] Error in checkScheduledReports: querySrv ECONNREFUSED _mongodb._tcp.cluster0.nen0dzs.mongodb.net
[2025-06-20T19:25:59.762Z] [ERROR] Stack trace: Error: querySrv ECONNREFUSED _mongodb._tcp.cluster0.nen0dzs.mongodb.net
    at QueryReqWrap.onresolve [as oncomplete] (node:internal/dns/promises:294:17)
[2025-06-20T19:37:49.373Z] [INFO] Checking for scheduled reports...
[2025-06-20T19:37:49.377Z] [ERROR] Error in checkScheduledReports: querySrv ECONNREFUSED _mongodb._tcp.cluster0.nen0dzs.mongodb.net
[2025-06-20T19:37:49.377Z] [ERROR] Stack trace: Error: querySrv ECONNREFUSED _mongodb._tcp.cluster0.nen0dzs.mongodb.net
    at QueryReqWrap.onresolve [as oncomplete] (node:internal/dns/promises:294:17)
[2025-06-20T19:38:19.374Z] [INFO] Checking for scheduled reports...
[2025-06-20T19:38:19.377Z] [ERROR] Error in checkScheduledReports: querySrv ECONNREFUSED _mongodb._tcp.cluster0.nen0dzs.mongodb.net
[2025-06-20T19:38:19.378Z] [ERROR] Stack trace: Error: querySrv ECONNREFUSED _mongodb._tcp.cluster0.nen0dzs.mongodb.net
    at QueryReqWrap.onresolve [as oncomplete] (node:internal/dns/promises:294:17)
[2025-06-20T19:38:49.375Z] [INFO] Checking for scheduled reports...
[2025-06-20T19:38:49.379Z] [ERROR] Error in checkScheduledReports: querySrv ECONNREFUSED _mongodb._tcp.cluster0.nen0dzs.mongodb.net
[2025-06-20T19:38:49.379Z] [ERROR] Stack trace: Error: querySrv ECONNREFUSED _mongodb._tcp.cluster0.nen0dzs.mongodb.net
    at QueryReqWrap.onresolve [as oncomplete] (node:internal/dns/promises:294:17)
Fri Jun 20 14:39:00 CDT 2025: Running scheduled reports
Fri Jun 20 14:39:00 CDT 2025: Checking if NextJS server is running...
/Users/sim/Project2/scripts/../scripts/run-simple-scheduled-reports.sh: line 16: node: command not found
Fri Jun 20 14:39:00 CDT 2025: NextJS server is not running. Skipping scheduled reports check.
[2025-06-20T19:39:19.377Z] [INFO] Checking for scheduled reports...
[2025-06-20T19:39:19.380Z] [ERROR] Error in checkScheduledReports: querySrv ECONNREFUSED _mongodb._tcp.cluster0.nen0dzs.mongodb.net
[2025-06-20T19:39:19.380Z] [ERROR] Stack trace: Error: querySrv ECONNREFUSED _mongodb._tcp.cluster0.nen0dzs.mongodb.net
    at QueryReqWrap.onresolve [as oncomplete] (node:internal/dns/promises:294:17)
[2025-06-20T19:39:49.378Z] [INFO] Checking for scheduled reports...
[2025-06-20T19:39:49.382Z] [ERROR] Error in checkScheduledReports: querySrv ECONNREFUSED _mongodb._tcp.cluster0.nen0dzs.mongodb.net
[2025-06-20T19:39:49.382Z] [ERROR] Stack trace: Error: querySrv ECONNREFUSED _mongodb._tcp.cluster0.nen0dzs.mongodb.net
    at QueryReqWrap.onresolve [as oncomplete] (node:internal/dns/promises:294:17)
Fri Jun 20 14:40:00 CDT 2025: Checking if NextJS server is running...
Fri Jun 20 14:40:00 CDT 2025: Running scheduled reports
/Users/sim/Project2/scripts/../scripts/run-simple-scheduled-reports.sh: line 16: node: command not found
Fri Jun 20 14:40:00 CDT 2025: NextJS server is not running. Skipping scheduled reports check.
[2025-06-20T19:40:19.379Z] [INFO] Checking for scheduled reports...
[2025-06-20T19:40:19.382Z] [ERROR] Error in checkScheduledReports: querySrv ECONNREFUSED _mongodb._tcp.cluster0.nen0dzs.mongodb.net
[2025-06-20T19:40:19.383Z] [ERROR] Stack trace: Error: querySrv ECONNREFUSED _mongodb._tcp.cluster0.nen0dzs.mongodb.net
    at QueryReqWrap.onresolve [as oncomplete] (node:internal/dns/promises:294:17)
[2025-06-20T19:40:49.380Z] [INFO] Checking for scheduled reports...
[2025-06-20T19:40:49.383Z] [ERROR] Error in checkScheduledReports: querySrv ECONNREFUSED _mongodb._tcp.cluster0.nen0dzs.mongodb.net
[2025-06-20T19:40:49.384Z] [ERROR] Stack trace: Error: querySrv ECONNREFUSED _mongodb._tcp.cluster0.nen0dzs.mongodb.net
    at QueryReqWrap.onresolve [as oncomplete] (node:internal/dns/promises:294:17)
Fri Jun 20 14:41:00 CDT 2025: Checking if NextJS server is running...
Fri Jun 20 14:41:00 CDT 2025: Running scheduled reports
/Users/sim/Project2/scripts/../scripts/run-simple-scheduled-reports.sh: line 16: node: command not found
Fri Jun 20 14:41:00 CDT 2025: NextJS server is not running. Skipping scheduled reports check.
[2025-06-20T19:41:19.381Z] [INFO] Checking for scheduled reports...
[2025-06-20T19:41:19.384Z] [ERROR] Error in checkScheduledReports: querySrv ECONNREFUSED _mongodb._tcp.cluster0.nen0dzs.mongodb.net
[2025-06-20T19:41:19.385Z] [ERROR] Stack trace: Error: querySrv ECONNREFUSED _mongodb._tcp.cluster0.nen0dzs.mongodb.net
    at QueryReqWrap.onresolve [as oncomplete] (node:internal/dns/promises:294:17)
[2025-06-20T19:41:49.382Z] [INFO] Checking for scheduled reports...
[2025-06-20T19:41:49.385Z] [ERROR] Error in checkScheduledReports: querySrv ECONNREFUSED _mongodb._tcp.cluster0.nen0dzs.mongodb.net
[2025-06-20T19:41:49.386Z] [ERROR] Stack trace: Error: querySrv ECONNREFUSED _mongodb._tcp.cluster0.nen0dzs.mongodb.net
    at QueryReqWrap.onresolve [as oncomplete] (node:internal/dns/promises:294:17)
Fri Jun 20 14:42:00 CDT 2025: Running scheduled reports
Fri Jun 20 14:42:00 CDT 2025: Checking if NextJS server is running...
/Users/sim/Project2/scripts/../scripts/run-simple-scheduled-reports.sh: line 16: node: command not found
Fri Jun 20 14:42:00 CDT 2025: NextJS server is not running. Skipping scheduled reports check.
[2025-06-20T19:42:19.383Z] [INFO] Checking for scheduled reports...
[2025-06-20T19:42:19.387Z] [ERROR] Error in checkScheduledReports: querySrv ECONNREFUSED _mongodb._tcp.cluster0.nen0dzs.mongodb.net
[2025-06-20T19:42:19.387Z] [ERROR] Stack trace: Error: querySrv ECONNREFUSED _mongodb._tcp.cluster0.nen0dzs.mongodb.net
    at QueryReqWrap.onresolve [as oncomplete] (node:internal/dns/promises:294:17)
[2025-06-20T19:42:49.204Z] [INFO] Checking for scheduled reports...
[2025-06-20T19:42:50.390Z] [DEBUG] Connected to MongoDB
[2025-06-20T19:42:50.473Z] [INFO] Found 1 company databases
[2025-06-20T19:42:50.473Z] [DEBUG] Processing company database: company_9jxwph8g
[2025-06-20T19:42:50.545Z] [DEBUG] Finding reports to execute in company_9jxwph8g (current time: 2025-06-20T19:42:50.545Z)
[2025-06-20T19:42:50.616Z] [INFO] Found 0 reports to execute in company_9jxwph8g
[2025-06-20T19:42:50.616Z] [INFO] Scheduled reports check completed
[2025-06-20T19:42:50.617Z] [DEBUG] MongoDB connection closed
Fri Jun 20 14:43:00 CDT 2025: Running scheduled reports
Fri Jun 20 14:43:00 CDT 2025: Checking if NextJS server is running...
/Users/sim/Project2/scripts/../scripts/run-simple-scheduled-reports.sh: line 16: node: command not found
Fri Jun 20 14:43:00 CDT 2025: NextJS server is not running. Skipping scheduled reports check.
[2025-06-20T19:43:19.205Z] [INFO] Checking for scheduled reports...
[2025-06-20T19:43:19.961Z] [DEBUG] Connected to MongoDB
[2025-06-20T19:43:20.036Z] [INFO] Found 1 company databases
[2025-06-20T19:43:20.036Z] [DEBUG] Processing company database: company_9jxwph8g
[2025-06-20T19:43:20.107Z] [DEBUG] Finding reports to execute in company_9jxwph8g (current time: 2025-06-20T19:43:20.107Z)
[2025-06-20T19:43:20.171Z] [INFO] Found 0 reports to execute in company_9jxwph8g
[2025-06-20T19:43:20.171Z] [INFO] Scheduled reports check completed
[2025-06-20T19:43:20.173Z] [DEBUG] MongoDB connection closed
[2025-06-20T19:43:49.206Z] [INFO] Checking for scheduled reports...
[2025-06-20T19:43:50.028Z] [DEBUG] Connected to MongoDB
[2025-06-20T19:43:50.100Z] [INFO] Found 1 company databases
[2025-06-20T19:43:50.101Z] [DEBUG] Processing company database: company_9jxwph8g
[2025-06-20T19:43:50.191Z] [DEBUG] Finding reports to execute in company_9jxwph8g (current time: 2025-06-20T19:43:50.191Z)
[2025-06-20T19:43:50.252Z] [INFO] Found 0 reports to execute in company_9jxwph8g
[2025-06-20T19:43:50.252Z] [INFO] Scheduled reports check completed
[2025-06-20T19:43:50.253Z] [DEBUG] MongoDB connection closed
Fri Jun 20 14:44:00 CDT 2025: Checking if NextJS server is running...
Fri Jun 20 14:44:00 CDT 2025: Running scheduled reports
/Users/sim/Project2/scripts/../scripts/run-simple-scheduled-reports.sh: line 16: node: command not found
Fri Jun 20 14:44:00 CDT 2025: NextJS server is not running. Skipping scheduled reports check.
[2025-06-20T19:44:19.207Z] [INFO] Checking for scheduled reports...
[2025-06-20T19:44:20.015Z] [DEBUG] Connected to MongoDB
[2025-06-20T19:44:20.091Z] [INFO] Found 1 company databases
[2025-06-20T19:44:20.092Z] [DEBUG] Processing company database: company_9jxwph8g
[2025-06-20T19:44:20.163Z] [DEBUG] Finding reports to execute in company_9jxwph8g (current time: 2025-06-20T19:44:20.163Z)
[2025-06-20T19:44:20.232Z] [INFO] Found 0 reports to execute in company_9jxwph8g
[2025-06-20T19:44:20.232Z] [INFO] Scheduled reports check completed
[2025-06-20T19:44:20.234Z] [DEBUG] MongoDB connection closed
[2025-06-20T19:44:49.208Z] [INFO] Checking for scheduled reports...
[2025-06-20T19:44:49.938Z] [DEBUG] Connected to MongoDB
[2025-06-20T19:44:50.008Z] [INFO] Found 1 company databases
[2025-06-20T19:44:50.009Z] [DEBUG] Processing company database: company_9jxwph8g
[2025-06-20T19:44:50.067Z] [DEBUG] Finding reports to execute in company_9jxwph8g (current time: 2025-06-20T19:44:50.067Z)
[2025-06-20T19:44:50.125Z] [INFO] Found 0 reports to execute in company_9jxwph8g
[2025-06-20T19:44:50.126Z] [INFO] Scheduled reports check completed
[2025-06-20T19:44:50.127Z] [DEBUG] MongoDB connection closed
Fri Jun 20 14:45:00 CDT 2025: Checking if NextJS server is running...
Fri Jun 20 14:45:00 CDT 2025: Running scheduled reports
/Users/sim/Project2/scripts/../scripts/run-simple-scheduled-reports.sh: line 16: node: command not found
Fri Jun 20 14:45:00 CDT 2025: NextJS server is not running. Skipping scheduled reports check.
[2025-06-20T19:45:19.209Z] [INFO] Checking for scheduled reports...
[2025-06-20T19:45:19.836Z] [DEBUG] Connected to MongoDB
[2025-06-20T19:45:19.911Z] [INFO] Found 1 company databases
[2025-06-20T19:45:19.911Z] [DEBUG] Processing company database: company_9jxwph8g
[2025-06-20T19:45:19.977Z] [DEBUG] Finding reports to execute in company_9jxwph8g (current time: 2025-06-20T19:45:19.977Z)
[2025-06-20T19:45:20.036Z] [INFO] Found 0 reports to execute in company_9jxwph8g
[2025-06-20T19:45:20.036Z] [INFO] Scheduled reports check completed
[2025-06-20T19:45:20.038Z] [DEBUG] MongoDB connection closed
[2025-06-20T19:45:49.210Z] [INFO] Checking for scheduled reports...
[2025-06-20T19:45:50.055Z] [DEBUG] Connected to MongoDB
[2025-06-20T19:45:50.137Z] [INFO] Found 1 company databases
[2025-06-20T19:45:50.138Z] [DEBUG] Processing company database: company_9jxwph8g
[2025-06-20T19:45:50.200Z] [DEBUG] Finding reports to execute in company_9jxwph8g (current time: 2025-06-20T19:45:50.200Z)
[2025-06-20T19:45:50.261Z] [INFO] Found 0 reports to execute in company_9jxwph8g
[2025-06-20T19:45:50.261Z] [INFO] Scheduled reports check completed
[2025-06-20T19:45:50.264Z] [DEBUG] MongoDB connection closed
Fri Jun 20 14:46:00 CDT 2025: Checking if NextJS server is running...
Fri Jun 20 14:46:00 CDT 2025: Running scheduled reports
/Users/sim/Project2/scripts/../scripts/run-simple-scheduled-reports.sh: line 16: node: command not found
Fri Jun 20 14:46:00 CDT 2025: NextJS server is not running. Skipping scheduled reports check.
[2025-06-20T19:46:19.211Z] [INFO] Checking for scheduled reports...
[2025-06-20T19:46:19.822Z] [DEBUG] Connected to MongoDB
[2025-06-20T19:46:19.891Z] [INFO] Found 1 company databases
[2025-06-20T19:46:19.891Z] [DEBUG] Processing company database: company_9jxwph8g
[2025-06-20T19:46:19.950Z] [DEBUG] Finding reports to execute in company_9jxwph8g (current time: 2025-06-20T19:46:19.950Z)
[2025-06-20T19:46:20.026Z] [INFO] Found 0 reports to execute in company_9jxwph8g
[2025-06-20T19:46:20.026Z] [INFO] Scheduled reports check completed
[2025-06-20T19:46:20.027Z] [DEBUG] MongoDB connection closed
[2025-06-20T19:46:49.212Z] [INFO] Checking for scheduled reports...
[2025-06-20T19:46:50.036Z] [DEBUG] Connected to MongoDB
[2025-06-20T19:46:50.108Z] [INFO] Found 1 company databases
[2025-06-20T19:46:50.108Z] [DEBUG] Processing company database: company_9jxwph8g
[2025-06-20T19:46:50.169Z] [DEBUG] Finding reports to execute in company_9jxwph8g (current time: 2025-06-20T19:46:50.169Z)
[2025-06-20T19:46:50.278Z] [INFO] Found 0 reports to execute in company_9jxwph8g
[2025-06-20T19:46:50.279Z] [INFO] Scheduled reports check completed
[2025-06-20T19:46:50.281Z] [DEBUG] MongoDB connection closed
Fri Jun 20 14:47:00 CDT 2025: Checking if NextJS server is running...
Fri Jun 20 14:47:00 CDT 2025: Running scheduled reports
/Users/sim/Project2/scripts/../scripts/run-simple-scheduled-reports.sh: line 16: node: command not found
Fri Jun 20 14:47:00 CDT 2025: NextJS server is not running. Skipping scheduled reports check.
[2025-06-20T19:47:17.879Z] [INFO] Starting scheduled reports daemon with check interval of 30000ms
[2025-06-20T19:47:17.882Z] [INFO] Checking for scheduled reports...
[2025-06-20T19:47:18.766Z] [DEBUG] Connected to MongoDB
[2025-06-20T19:47:18.841Z] [INFO] Found 1 company databases
[2025-06-20T19:47:18.842Z] [DEBUG] Processing company database: company_9jxwph8g
[2025-06-20T19:47:18.911Z] [DEBUG] Finding reports to execute in company_9jxwph8g (current time: 2025-06-20T19:47:18.911Z)
[2025-06-20T19:47:18.983Z] [INFO] Found 0 reports to execute in company_9jxwph8g
[2025-06-20T19:47:18.983Z] [INFO] Scheduled reports check completed
[2025-06-20T19:47:18.988Z] [DEBUG] MongoDB connection closed
[2025-06-20T19:47:18.989Z] [INFO] Daemon is now running continuously...
[2025-06-20T19:47:19.212Z] [INFO] Checking for scheduled reports...
[2025-06-20T19:47:19.917Z] [DEBUG] Connected to MongoDB
[2025-06-20T19:47:19.992Z] [INFO] Found 1 company databases
[2025-06-20T19:47:19.992Z] [DEBUG] Processing company database: company_9jxwph8g
[2025-06-20T19:47:20.049Z] [DEBUG] Finding reports to execute in company_9jxwph8g (current time: 2025-06-20T19:47:20.049Z)
[2025-06-20T19:47:20.118Z] [INFO] Found 0 reports to execute in company_9jxwph8g
[2025-06-20T19:47:20.119Z] [INFO] Scheduled reports check completed
[2025-06-20T19:47:20.120Z] [DEBUG] MongoDB connection closed
[2025-06-20T19:47:48.991Z] [INFO] Checking for scheduled reports...
[2025-06-20T19:47:49.213Z] [INFO] Checking for scheduled reports...
[2025-06-20T19:47:49.902Z] [DEBUG] Connected to MongoDB
[2025-06-20T19:47:50.015Z] [INFO] Found 1 company databases
[2025-06-20T19:47:50.015Z] [DEBUG] Processing company database: company_9jxwph8g
[2025-06-20T19:47:50.080Z] [DEBUG] Finding reports to execute in company_9jxwph8g (current time: 2025-06-20T19:47:50.080Z)
[2025-06-20T19:47:50.144Z] [INFO] Found 0 reports to execute in company_9jxwph8g
[2025-06-20T19:47:50.145Z] [INFO] Scheduled reports check completed
[2025-06-20T19:47:50.149Z] [DEBUG] MongoDB connection closed
[2025-06-20T19:47:50.418Z] [DEBUG] Connected to MongoDB
[2025-06-20T19:47:50.580Z] [INFO] Found 1 company databases
[2025-06-20T19:47:50.581Z] [DEBUG] Processing company database: company_9jxwph8g
[2025-06-20T19:47:50.657Z] [DEBUG] Finding reports to execute in company_9jxwph8g (current time: 2025-06-20T19:47:50.657Z)
[2025-06-20T19:47:50.719Z] [INFO] Found 0 reports to execute in company_9jxwph8g
[2025-06-20T19:47:50.720Z] [INFO] Scheduled reports check completed
[2025-06-20T19:47:50.723Z] [DEBUG] MongoDB connection closed
Fri Jun 20 14:48:00 CDT 2025: Checking if NextJS server is running...
Fri Jun 20 14:48:00 CDT 2025: Running scheduled reports
/Users/sim/Project2/scripts/../scripts/run-simple-scheduled-reports.sh: line 16: node: command not found
Fri Jun 20 14:48:01 CDT 2025: NextJS server is running. Running scheduled reports check...
/Users/sim/Project2/scripts/../scripts/run-scheduled-reports-cron.sh: line 25: node: command not found
[2025-06-20T19:48:18.992Z] [INFO] Checking for scheduled reports...
[2025-06-20T19:48:19.215Z] [INFO] Checking for scheduled reports...
[2025-06-20T19:48:19.661Z] [DEBUG] Connected to MongoDB
[2025-06-20T19:48:19.732Z] [INFO] Found 1 company databases
[2025-06-20T19:48:19.733Z] [DEBUG] Processing company database: company_9jxwph8g
[2025-06-20T19:48:19.793Z] [DEBUG] Finding reports to execute in company_9jxwph8g (current time: 2025-06-20T19:48:19.793Z)
[2025-06-20T19:48:19.834Z] [DEBUG] Connected to MongoDB
[2025-06-20T19:48:19.853Z] [INFO] Found 0 reports to execute in company_9jxwph8g
[2025-06-20T19:48:19.854Z] [INFO] Scheduled reports check completed
[2025-06-20T19:48:19.857Z] [DEBUG] MongoDB connection closed
[2025-06-20T19:48:19.906Z] [INFO] Found 1 company databases
[2025-06-20T19:48:19.907Z] [DEBUG] Processing company database: company_9jxwph8g
[2025-06-20T19:48:19.979Z] [DEBUG] Finding reports to execute in company_9jxwph8g (current time: 2025-06-20T19:48:19.979Z)
[2025-06-20T19:48:20.037Z] [INFO] Found 0 reports to execute in company_9jxwph8g
[2025-06-20T19:48:20.038Z] [INFO] Scheduled reports check completed
[2025-06-20T19:48:20.040Z] [DEBUG] MongoDB connection closed
[2025-06-20T19:48:48.993Z] [INFO] Checking for scheduled reports...
[2025-06-20T19:48:49.216Z] [INFO] Checking for scheduled reports...
[2025-06-20T19:48:49.819Z] [DEBUG] Connected to MongoDB
[2025-06-20T19:48:49.897Z] [INFO] Found 1 company databases
[2025-06-20T19:48:49.897Z] [DEBUG] Processing company database: company_9jxwph8g
[2025-06-20T19:48:49.912Z] [DEBUG] Connected to MongoDB
[2025-06-20T19:48:49.960Z] [DEBUG] Finding reports to execute in company_9jxwph8g (current time: 2025-06-20T19:48:49.960Z)
[2025-06-20T19:48:49.982Z] [INFO] Found 1 company databases
[2025-06-20T19:48:49.983Z] [DEBUG] Processing company database: company_9jxwph8g
[2025-06-20T19:48:50.018Z] [INFO] Found 0 reports to execute in company_9jxwph8g
[2025-06-20T19:48:50.019Z] [INFO] Scheduled reports check completed
[2025-06-20T19:48:50.021Z] [DEBUG] MongoDB connection closed
[2025-06-20T19:48:50.040Z] [DEBUG] Finding reports to execute in company_9jxwph8g (current time: 2025-06-20T19:48:50.040Z)
[2025-06-20T19:48:50.101Z] [INFO] Found 0 reports to execute in company_9jxwph8g
[2025-06-20T19:48:50.102Z] [INFO] Scheduled reports check completed
[2025-06-20T19:48:50.104Z] [DEBUG] MongoDB connection closed
Fri Jun 20 14:49:00 CDT 2025: Running scheduled reports
Fri Jun 20 14:49:00 CDT 2025: Checking if NextJS server is running...
/Users/sim/Project2/scripts/../scripts/run-simple-scheduled-reports.sh: line 16: node: command not found
Fri Jun 20 14:49:00 CDT 2025: NextJS server is running. Running scheduled reports check...
/Users/sim/Project2/scripts/../scripts/run-scheduled-reports-cron.sh: line 25: node: command not found
[2025-06-20T19:49:18.993Z] [INFO] Checking for scheduled reports...
[2025-06-20T19:49:19.217Z] [INFO] Checking for scheduled reports...
[2025-06-20T19:49:19.682Z] [DEBUG] Connected to MongoDB
[2025-06-20T19:49:19.753Z] [INFO] Found 1 company databases
[2025-06-20T19:49:19.754Z] [DEBUG] Processing company database: company_9jxwph8g
[2025-06-20T19:49:19.818Z] [DEBUG] Finding reports to execute in company_9jxwph8g (current time: 2025-06-20T19:49:19.818Z)
[2025-06-20T19:49:19.861Z] [DEBUG] Connected to MongoDB
[2025-06-20T19:49:19.878Z] [INFO] Found 0 reports to execute in company_9jxwph8g
[2025-06-20T19:49:19.879Z] [INFO] Scheduled reports check completed
[2025-06-20T19:49:19.882Z] [DEBUG] MongoDB connection closed
[2025-06-20T19:49:19.947Z] [INFO] Found 1 company databases
[2025-06-20T19:49:19.948Z] [DEBUG] Processing company database: company_9jxwph8g
[2025-06-20T19:49:20.007Z] [DEBUG] Finding reports to execute in company_9jxwph8g (current time: 2025-06-20T19:49:20.007Z)
[2025-06-20T19:49:20.085Z] [INFO] Found 0 reports to execute in company_9jxwph8g
[2025-06-20T19:49:20.086Z] [INFO] Scheduled reports check completed
[2025-06-20T19:49:20.088Z] [DEBUG] MongoDB connection closed
[2025-06-20T19:49:48.994Z] [INFO] Checking for scheduled reports...
[2025-06-20T19:49:49.218Z] [INFO] Checking for scheduled reports...
[2025-06-20T19:49:49.690Z] [DEBUG] Connected to MongoDB
[2025-06-20T19:49:49.761Z] [INFO] Found 1 company databases
[2025-06-20T19:49:49.762Z] [DEBUG] Processing company database: company_9jxwph8g
[2025-06-20T19:49:49.824Z] [DEBUG] Finding reports to execute in company_9jxwph8g (current time: 2025-06-20T19:49:49.824Z)
[2025-06-20T19:49:49.883Z] [INFO] Found 0 reports to execute in company_9jxwph8g
[2025-06-20T19:49:49.883Z] [INFO] Scheduled reports check completed
[2025-06-20T19:49:49.884Z] [DEBUG] MongoDB connection closed
[2025-06-20T19:49:49.898Z] [DEBUG] Connected to MongoDB
[2025-06-20T19:49:49.967Z] [INFO] Found 1 company databases
[2025-06-20T19:49:49.967Z] [DEBUG] Processing company database: company_9jxwph8g
[2025-06-20T19:49:50.031Z] [DEBUG] Finding reports to execute in company_9jxwph8g (current time: 2025-06-20T19:49:50.031Z)
[2025-06-20T19:49:50.096Z] [INFO] Found 0 reports to execute in company_9jxwph8g
[2025-06-20T19:49:50.096Z] [INFO] Scheduled reports check completed
[2025-06-20T19:49:50.098Z] [DEBUG] MongoDB connection closed
Fri Jun 20 14:50:00 CDT 2025: Running scheduled reports
Fri Jun 20 14:50:00 CDT 2025: Checking if NextJS server is running...
/Users/sim/Project2/scripts/../scripts/run-simple-scheduled-reports.sh: line 16: node: command not found
Fri Jun 20 14:50:00 CDT 2025: NextJS server is running. Running scheduled reports check...
/Users/sim/Project2/scripts/../scripts/run-scheduled-reports-cron.sh: line 25: node: command not found
[2025-06-20T19:50:18.995Z] [INFO] Checking for scheduled reports...
[2025-06-20T19:50:19.220Z] [INFO] Checking for scheduled reports...
[2025-06-20T19:50:19.823Z] [DEBUG] Connected to MongoDB
[2025-06-20T19:50:19.869Z] [DEBUG] Connected to MongoDB
[2025-06-20T19:50:19.897Z] [INFO] Found 1 company databases
[2025-06-20T19:50:19.897Z] [DEBUG] Processing company database: company_9jxwph8g
[2025-06-20T19:50:19.946Z] [INFO] Found 1 company databases
[2025-06-20T19:50:19.947Z] [DEBUG] Processing company database: company_9jxwph8g
[2025-06-20T19:50:19.964Z] [DEBUG] Finding reports to execute in company_9jxwph8g (current time: 2025-06-20T19:50:19.964Z)
[2025-06-20T19:50:20.008Z] [DEBUG] Finding reports to execute in company_9jxwph8g (current time: 2025-06-20T19:50:20.008Z)
[2025-06-20T19:50:20.030Z] [INFO] Found 0 reports to execute in company_9jxwph8g
[2025-06-20T19:50:20.031Z] [INFO] Scheduled reports check completed
[2025-06-20T19:50:20.033Z] [DEBUG] MongoDB connection closed
[2025-06-20T19:50:20.068Z] [INFO] Found 0 reports to execute in company_9jxwph8g
[2025-06-20T19:50:20.068Z] [INFO] Scheduled reports check completed
[2025-06-20T19:50:20.071Z] [DEBUG] MongoDB connection closed
[2025-06-20T19:50:48.996Z] [INFO] Checking for scheduled reports...
[2025-06-20T19:50:49.220Z] [INFO] Checking for scheduled reports...
[2025-06-20T19:50:49.841Z] [DEBUG] Connected to MongoDB
[2025-06-20T19:50:49.913Z] [INFO] Found 1 company databases
[2025-06-20T19:50:49.914Z] [DEBUG] Processing company database: company_9jxwph8g
[2025-06-20T19:50:49.978Z] [DEBUG] Finding reports to execute in company_9jxwph8g (current time: 2025-06-20T19:50:49.977Z)
[2025-06-20T19:50:50.009Z] [DEBUG] Connected to MongoDB
[2025-06-20T19:50:50.045Z] [INFO] Found 0 reports to execute in company_9jxwph8g
[2025-06-20T19:50:50.046Z] [INFO] Scheduled reports check completed
[2025-06-20T19:50:50.049Z] [DEBUG] MongoDB connection closed
[2025-06-20T19:50:50.092Z] [INFO] Found 1 company databases
[2025-06-20T19:50:50.092Z] [DEBUG] Processing company database: company_9jxwph8g
[2025-06-20T19:50:50.154Z] [DEBUG] Finding reports to execute in company_9jxwph8g (current time: 2025-06-20T19:50:50.154Z)
[2025-06-20T19:50:50.217Z] [INFO] Found 0 reports to execute in company_9jxwph8g
[2025-06-20T19:50:50.218Z] [INFO] Scheduled reports check completed
[2025-06-20T19:50:50.221Z] [DEBUG] MongoDB connection closed
Fri Jun 20 14:51:01 CDT 2025: Running scheduled reports
Fri Jun 20 14:51:01 CDT 2025: Checking if NextJS server is running...
/Users/sim/Project2/scripts/../scripts/run-simple-scheduled-reports.sh: line 16: node: command not found
Fri Jun 20 14:51:01 CDT 2025: NextJS server is running. Running scheduled reports check...
/Users/sim/Project2/scripts/../scripts/run-scheduled-reports-cron.sh: line 25: node: command not found
[2025-06-20T19:51:18.997Z] [INFO] Checking for scheduled reports...
[2025-06-20T19:51:19.221Z] [INFO] Checking for scheduled reports...
[2025-06-20T19:51:20.676Z] [DEBUG] Connected to MongoDB
[2025-06-20T19:51:20.750Z] [INFO] Found 1 company databases
[2025-06-20T19:51:20.750Z] [DEBUG] Processing company database: company_9jxwph8g
[2025-06-20T19:51:20.811Z] [DEBUG] Connected to MongoDB
[2025-06-20T19:51:20.813Z] [DEBUG] Finding reports to execute in company_9jxwph8g (current time: 2025-06-20T19:51:20.813Z)
[2025-06-20T19:51:20.898Z] [INFO] Found 0 reports to execute in company_9jxwph8g
[2025-06-20T19:51:20.898Z] [INFO] Scheduled reports check completed
[2025-06-20T19:51:20.901Z] [DEBUG] MongoDB connection closed
[2025-06-20T19:51:20.911Z] [INFO] Found 1 company databases
[2025-06-20T19:51:20.911Z] [DEBUG] Processing company database: company_9jxwph8g
[2025-06-20T19:51:21.006Z] [DEBUG] Finding reports to execute in company_9jxwph8g (current time: 2025-06-20T19:51:21.005Z)
[2025-06-20T19:51:21.166Z] [INFO] Found 0 reports to execute in company_9jxwph8g
[2025-06-20T19:51:21.167Z] [INFO] Scheduled reports check completed
[2025-06-20T19:51:21.169Z] [DEBUG] MongoDB connection closed
[2025-06-20T19:51:48.998Z] [INFO] Checking for scheduled reports...
[2025-06-20T19:51:49.221Z] [INFO] Checking for scheduled reports...
[2025-06-20T19:51:49.859Z] [DEBUG] Connected to MongoDB
[2025-06-20T19:51:49.936Z] [DEBUG] Connected to MongoDB
[2025-06-20T19:51:49.936Z] [INFO] Found 1 company databases
[2025-06-20T19:51:49.937Z] [DEBUG] Processing company database: company_9jxwph8g
[2025-06-20T19:51:50.001Z] [DEBUG] Finding reports to execute in company_9jxwph8g (current time: 2025-06-20T19:51:50.001Z)
[2025-06-20T19:51:50.012Z] [INFO] Found 1 company databases
[2025-06-20T19:51:50.013Z] [DEBUG] Processing company database: company_9jxwph8g
[2025-06-20T19:51:50.068Z] [INFO] Found 0 reports to execute in company_9jxwph8g
[2025-06-20T19:51:50.069Z] [INFO] Scheduled reports check completed
[2025-06-20T19:51:50.072Z] [DEBUG] MongoDB connection closed
[2025-06-20T19:51:50.073Z] [DEBUG] Finding reports to execute in company_9jxwph8g (current time: 2025-06-20T19:51:50.073Z)
[2025-06-20T19:51:50.143Z] [INFO] Found 0 reports to execute in company_9jxwph8g
[2025-06-20T19:51:50.143Z] [INFO] Scheduled reports check completed
[2025-06-20T19:51:50.146Z] [DEBUG] MongoDB connection closed
Fri Jun 20 14:52:00 CDT 2025: Checking if NextJS server is running...
Fri Jun 20 14:52:00 CDT 2025: Running scheduled reports
/Users/sim/Project2/scripts/../scripts/run-simple-scheduled-reports.sh: line 16: node: command not found
Fri Jun 20 14:52:00 CDT 2025: NextJS server is running. Running scheduled reports check...
/Users/sim/Project2/scripts/../scripts/run-scheduled-reports-cron.sh: line 25: node: command not found
[2025-06-20T19:52:18.999Z] [INFO] Checking for scheduled reports...
[2025-06-20T19:52:19.223Z] [INFO] Checking for scheduled reports...
[2025-06-20T19:52:19.740Z] [DEBUG] Connected to MongoDB
[2025-06-20T19:52:19.828Z] [INFO] Found 1 company databases
[2025-06-20T19:52:19.829Z] [DEBUG] Processing company database: company_9jxwph8g
[2025-06-20T19:52:19.904Z] [DEBUG] Finding reports to execute in company_9jxwph8g (current time: 2025-06-20T19:52:19.904Z)
[2025-06-20T19:52:20.003Z] [INFO] Found 0 reports to execute in company_9jxwph8g
[2025-06-20T19:52:20.003Z] [INFO] Scheduled reports check completed
[2025-06-20T19:52:20.006Z] [DEBUG] MongoDB connection closed
[2025-06-20T19:52:20.068Z] [DEBUG] Connected to MongoDB
[2025-06-20T19:52:20.166Z] [INFO] Found 1 company databases
[2025-06-20T19:52:20.167Z] [DEBUG] Processing company database: company_9jxwph8g
[2025-06-20T19:52:20.236Z] [DEBUG] Finding reports to execute in company_9jxwph8g (current time: 2025-06-20T19:52:20.236Z)
[2025-06-20T19:52:20.313Z] [INFO] Found 0 reports to execute in company_9jxwph8g
[2025-06-20T19:52:20.314Z] [INFO] Scheduled reports check completed
[2025-06-20T19:52:20.316Z] [DEBUG] MongoDB connection closed
[2025-06-20T19:52:48.999Z] [INFO] Checking for scheduled reports...
[2025-06-20T19:52:49.224Z] [INFO] Checking for scheduled reports...
[2025-06-20T19:52:49.667Z] [DEBUG] Connected to MongoDB
[2025-06-20T19:52:49.752Z] [INFO] Found 1 company databases
[2025-06-20T19:52:49.753Z] [DEBUG] Processing company database: company_9jxwph8g
[2025-06-20T19:52:49.873Z] [DEBUG] Finding reports to execute in company_9jxwph8g (current time: 2025-06-20T19:52:49.873Z)
[2025-06-20T19:52:49.941Z] [INFO] Found 0 reports to execute in company_9jxwph8g
[2025-06-20T19:52:49.942Z] [INFO] Scheduled reports check completed
[2025-06-20T19:52:49.945Z] [DEBUG] MongoDB connection closed
[2025-06-20T19:52:50.058Z] [DEBUG] Connected to MongoDB
[2025-06-20T19:52:50.134Z] [INFO] Found 1 company databases
[2025-06-20T19:52:50.135Z] [DEBUG] Processing company database: company_9jxwph8g
[2025-06-20T19:52:50.227Z] [DEBUG] Finding reports to execute in company_9jxwph8g (current time: 2025-06-20T19:52:50.227Z)
[2025-06-20T19:52:50.288Z] [INFO] Found 0 reports to execute in company_9jxwph8g
[2025-06-20T19:52:50.289Z] [INFO] Scheduled reports check completed
[2025-06-20T19:52:50.296Z] [DEBUG] MongoDB connection closed
Fri Jun 20 14:53:00 CDT 2025: Running scheduled reports
Fri Jun 20 14:53:00 CDT 2025: Checking if NextJS server is running...
/Users/sim/Project2/scripts/../scripts/run-simple-scheduled-reports.sh: line 16: node: command not found
Fri Jun 20 14:53:00 CDT 2025: NextJS server is running. Running scheduled reports check...
/Users/sim/Project2/scripts/../scripts/run-scheduled-reports-cron.sh: line 25: node: command not found
[2025-06-20T19:53:19.001Z] [INFO] Checking for scheduled reports...
[2025-06-20T19:53:19.224Z] [INFO] Checking for scheduled reports...
[2025-06-20T19:53:19.673Z] [DEBUG] Connected to MongoDB
[2025-06-20T19:53:19.744Z] [INFO] Found 1 company databases
[2025-06-20T19:53:19.744Z] [DEBUG] Processing company database: company_9jxwph8g
[2025-06-20T19:53:19.802Z] [DEBUG] Finding reports to execute in company_9jxwph8g (current time: 2025-06-20T19:53:19.802Z)
[2025-06-20T19:53:19.835Z] [DEBUG] Connected to MongoDB
[2025-06-20T19:53:19.859Z] [INFO] Found 0 reports to execute in company_9jxwph8g
[2025-06-20T19:53:19.860Z] [INFO] Scheduled reports check completed
[2025-06-20T19:53:19.863Z] [DEBUG] MongoDB connection closed
[2025-06-20T19:53:19.903Z] [INFO] Found 1 company databases
[2025-06-20T19:53:19.904Z] [DEBUG] Processing company database: company_9jxwph8g
[2025-06-20T19:53:19.960Z] [DEBUG] Finding reports to execute in company_9jxwph8g (current time: 2025-06-20T19:53:19.960Z)
[2025-06-20T19:53:20.015Z] [INFO] Found 0 reports to execute in company_9jxwph8g
[2025-06-20T19:53:20.016Z] [INFO] Scheduled reports check completed
[2025-06-20T19:53:20.017Z] [DEBUG] MongoDB connection closed
[2025-06-20T19:53:49.001Z] [INFO] Checking for scheduled reports...
[2025-06-20T19:53:49.226Z] [INFO] Checking for scheduled reports...
[2025-06-20T19:53:49.656Z] [DEBUG] Connected to MongoDB
[2025-06-20T19:53:49.725Z] [INFO] Found 1 company databases
[2025-06-20T19:53:49.726Z] [DEBUG] Processing company database: company_9jxwph8g
[2025-06-20T19:53:49.783Z] [DEBUG] Finding reports to execute in company_9jxwph8g (current time: 2025-06-20T19:53:49.783Z)
[2025-06-20T19:53:49.840Z] [INFO] Found 0 reports to execute in company_9jxwph8g
[2025-06-20T19:53:49.840Z] [INFO] Scheduled reports check completed
[2025-06-20T19:53:49.844Z] [DEBUG] MongoDB connection closed
[2025-06-20T19:53:49.866Z] [DEBUG] Connected to MongoDB
[2025-06-20T19:53:49.934Z] [INFO] Found 1 company databases
[2025-06-20T19:53:49.935Z] [DEBUG] Processing company database: company_9jxwph8g
[2025-06-20T19:53:49.991Z] [DEBUG] Finding reports to execute in company_9jxwph8g (current time: 2025-06-20T19:53:49.991Z)
[2025-06-20T19:53:50.047Z] [INFO] Found 0 reports to execute in company_9jxwph8g
[2025-06-20T19:53:50.048Z] [INFO] Scheduled reports check completed
[2025-06-20T19:53:50.050Z] [DEBUG] MongoDB connection closed
Fri Jun 20 14:54:00 CDT 2025: Running scheduled reports
Fri Jun 20 14:54:00 CDT 2025: Checking if NextJS server is running...
/Users/sim/Project2/scripts/../scripts/run-simple-scheduled-reports.sh: line 16: node: command not found
Fri Jun 20 14:54:00 CDT 2025: NextJS server is running. Running scheduled reports check...
/Users/sim/Project2/scripts/../scripts/run-scheduled-reports-cron.sh: line 25: node: command not found
[2025-06-20T19:54:19.001Z] [INFO] Checking for scheduled reports...
[2025-06-20T19:54:19.227Z] [INFO] Checking for scheduled reports...
[2025-06-20T19:54:19.613Z] [DEBUG] Connected to MongoDB
[2025-06-20T19:54:19.685Z] [INFO] Found 1 company databases
[2025-06-20T19:54:19.686Z] [DEBUG] Processing company database: company_9jxwph8g
[2025-06-20T19:54:19.743Z] [DEBUG] Finding reports to execute in company_9jxwph8g (current time: 2025-06-20T19:54:19.743Z)
[2025-06-20T19:54:19.799Z] [INFO] Found 0 reports to execute in company_9jxwph8g
[2025-06-20T19:54:19.800Z] [INFO] Scheduled reports check completed
[2025-06-20T19:54:19.801Z] [DEBUG] MongoDB connection closed
[2025-06-20T19:54:19.851Z] [DEBUG] Connected to MongoDB
[2025-06-20T19:54:19.918Z] [INFO] Found 1 company databases
[2025-06-20T19:54:19.919Z] [DEBUG] Processing company database: company_9jxwph8g
[2025-06-20T19:54:19.976Z] [DEBUG] Finding reports to execute in company_9jxwph8g (current time: 2025-06-20T19:54:19.976Z)
[2025-06-20T19:54:20.033Z] [INFO] Found 0 reports to execute in company_9jxwph8g
[2025-06-20T19:54:20.034Z] [INFO] Scheduled reports check completed
[2025-06-20T19:54:20.036Z] [DEBUG] MongoDB connection closed
[2025-06-20T19:54:49.003Z] [INFO] Checking for scheduled reports...
[2025-06-20T19:54:49.228Z] [INFO] Checking for scheduled reports...
[2025-06-20T19:54:49.717Z] [DEBUG] Connected to MongoDB
[2025-06-20T19:54:49.785Z] [INFO] Found 1 company databases
[2025-06-20T19:54:49.786Z] [DEBUG] Processing company database: company_9jxwph8g
[2025-06-20T19:54:49.843Z] [DEBUG] Finding reports to execute in company_9jxwph8g (current time: 2025-06-20T19:54:49.843Z)
[2025-06-20T19:54:49.863Z] [DEBUG] Connected to MongoDB
[2025-06-20T19:54:49.900Z] [INFO] Found 0 reports to execute in company_9jxwph8g
[2025-06-20T19:54:49.900Z] [INFO] Scheduled reports check completed
[2025-06-20T19:54:49.902Z] [DEBUG] MongoDB connection closed
[2025-06-20T19:54:49.931Z] [INFO] Found 1 company databases
[2025-06-20T19:54:49.932Z] [DEBUG] Processing company database: company_9jxwph8g
[2025-06-20T19:54:49.988Z] [DEBUG] Finding reports to execute in company_9jxwph8g (current time: 2025-06-20T19:54:49.988Z)
[2025-06-20T19:54:50.044Z] [INFO] Found 0 reports to execute in company_9jxwph8g
[2025-06-20T19:54:50.045Z] [INFO] Scheduled reports check completed
[2025-06-20T19:54:50.047Z] [DEBUG] MongoDB connection closed
Fri Jun 20 14:55:00 CDT 2025: Running scheduled reports
Fri Jun 20 14:55:00 CDT 2025: Checking if NextJS server is running...
/Users/sim/Project2/scripts/../scripts/run-simple-scheduled-reports.sh: line 16: node: command not found
Fri Jun 20 14:55:00 CDT 2025: NextJS server is running. Running scheduled reports check...
/Users/sim/Project2/scripts/../scripts/run-scheduled-reports-cron.sh: line 25: node: command not found
[2025-06-20T19:55:19.004Z] [INFO] Checking for scheduled reports...
[2025-06-20T19:55:19.228Z] [INFO] Checking for scheduled reports...
[2025-06-20T19:55:19.675Z] [DEBUG] Connected to MongoDB
[2025-06-20T19:55:19.744Z] [INFO] Found 1 company databases
[2025-06-20T19:55:19.744Z] [DEBUG] Processing company database: company_9jxwph8g
[2025-06-20T19:55:19.803Z] [DEBUG] Finding reports to execute in company_9jxwph8g (current time: 2025-06-20T19:55:19.803Z)
[2025-06-20T19:55:19.847Z] [DEBUG] Connected to MongoDB
[2025-06-20T19:55:19.859Z] [INFO] Found 0 reports to execute in company_9jxwph8g
[2025-06-20T19:55:19.859Z] [INFO] Scheduled reports check completed
[2025-06-20T19:55:19.861Z] [DEBUG] MongoDB connection closed
[2025-06-20T19:55:19.924Z] [INFO] Found 1 company databases
[2025-06-20T19:55:19.924Z] [DEBUG] Processing company database: company_9jxwph8g
[2025-06-20T19:55:19.982Z] [DEBUG] Finding reports to execute in company_9jxwph8g (current time: 2025-06-20T19:55:19.982Z)
[2025-06-20T19:55:20.038Z] [INFO] Found 0 reports to execute in company_9jxwph8g
[2025-06-20T19:55:20.038Z] [INFO] Scheduled reports check completed
[2025-06-20T19:55:20.041Z] [DEBUG] MongoDB connection closed
[2025-06-20T19:55:49.004Z] [INFO] Checking for scheduled reports...
[2025-06-20T19:55:49.229Z] [INFO] Checking for scheduled reports...
[2025-06-20T19:55:49.627Z] [DEBUG] Connected to MongoDB
[2025-06-20T19:55:49.695Z] [INFO] Found 1 company databases
[2025-06-20T19:55:49.696Z] [DEBUG] Processing company database: company_9jxwph8g
[2025-06-20T19:55:49.753Z] [DEBUG] Finding reports to execute in company_9jxwph8g (current time: 2025-06-20T19:55:49.753Z)
[2025-06-20T19:55:49.810Z] [INFO] Found 0 reports to execute in company_9jxwph8g
[2025-06-20T19:55:49.811Z] [INFO] Scheduled reports check completed
[2025-06-20T19:55:49.814Z] [DEBUG] MongoDB connection closed
[2025-06-20T19:55:49.896Z] [DEBUG] Connected to MongoDB
[2025-06-20T19:55:49.964Z] [INFO] Found 1 company databases
[2025-06-20T19:55:49.965Z] [DEBUG] Processing company database: company_9jxwph8g
[2025-06-20T19:55:50.022Z] [DEBUG] Finding reports to execute in company_9jxwph8g (current time: 2025-06-20T19:55:50.022Z)
[2025-06-20T19:55:50.079Z] [INFO] Found 0 reports to execute in company_9jxwph8g
[2025-06-20T19:55:50.079Z] [INFO] Scheduled reports check completed
[2025-06-20T19:55:50.082Z] [DEBUG] MongoDB connection closed
Fri Jun 20 14:56:00 CDT 2025: Running scheduled reports
Fri Jun 20 14:56:00 CDT 2025: Checking if NextJS server is running...
/Users/sim/Project2/scripts/../scripts/run-simple-scheduled-reports.sh: line 16: node: command not found
Fri Jun 20 14:56:00 CDT 2025: NextJS server is running. Running scheduled reports check...
/Users/sim/Project2/scripts/../scripts/run-scheduled-reports-cron.sh: line 25: node: command not found
[2025-06-20T19:56:19.006Z] [INFO] Checking for scheduled reports...
[2025-06-20T19:56:19.231Z] [INFO] Checking for scheduled reports...
[2025-06-20T19:56:19.670Z] [DEBUG] Connected to MongoDB
[2025-06-20T19:56:19.737Z] [INFO] Found 1 company databases
[2025-06-20T19:56:19.737Z] [DEBUG] Processing company database: company_9jxwph8g
[2025-06-20T19:56:19.794Z] [DEBUG] Finding reports to execute in company_9jxwph8g (current time: 2025-06-20T19:56:19.794Z)
[2025-06-20T19:56:19.846Z] [DEBUG] Connected to MongoDB
[2025-06-20T19:56:19.850Z] [INFO] Found 0 reports to execute in company_9jxwph8g
[2025-06-20T19:56:19.850Z] [INFO] Scheduled reports check completed
[2025-06-20T19:56:19.852Z] [DEBUG] MongoDB connection closed
[2025-06-20T19:56:19.913Z] [INFO] Found 1 company databases
[2025-06-20T19:56:19.914Z] [DEBUG] Processing company database: company_9jxwph8g
[2025-06-20T19:56:19.970Z] [DEBUG] Finding reports to execute in company_9jxwph8g (current time: 2025-06-20T19:56:19.970Z)
[2025-06-20T19:56:20.027Z] [INFO] Found 0 reports to execute in company_9jxwph8g
[2025-06-20T19:56:20.027Z] [INFO] Scheduled reports check completed
[2025-06-20T19:56:20.030Z] [DEBUG] MongoDB connection closed
[2025-06-20T19:56:49.007Z] [INFO] Checking for scheduled reports...
[2025-06-20T19:56:49.231Z] [INFO] Checking for scheduled reports...
[2025-06-20T19:56:49.668Z] [DEBUG] Connected to MongoDB
[2025-06-20T19:56:49.737Z] [INFO] Found 1 company databases
[2025-06-20T19:56:49.738Z] [DEBUG] Processing company database: company_9jxwph8g
[2025-06-20T19:56:49.796Z] [DEBUG] Finding reports to execute in company_9jxwph8g (current time: 2025-06-20T19:56:49.796Z)
[2025-06-20T19:56:49.853Z] [INFO] Found 0 reports to execute in company_9jxwph8g
[2025-06-20T19:56:49.853Z] [INFO] Scheduled reports check completed
[2025-06-20T19:56:49.856Z] [DEBUG] Connected to MongoDB
[2025-06-20T19:56:49.856Z] [DEBUG] MongoDB connection closed
[2025-06-20T19:56:49.923Z] [INFO] Found 1 company databases
[2025-06-20T19:56:49.924Z] [DEBUG] Processing company database: company_9jxwph8g
[2025-06-20T19:56:49.980Z] [DEBUG] Finding reports to execute in company_9jxwph8g (current time: 2025-06-20T19:56:49.980Z)
[2025-06-20T19:56:50.036Z] [INFO] Found 0 reports to execute in company_9jxwph8g
[2025-06-20T19:56:50.037Z] [INFO] Scheduled reports check completed
[2025-06-20T19:56:50.039Z] [DEBUG] MongoDB connection closed
Fri Jun 20 14:57:01 CDT 2025: Running scheduled reports
Fri Jun 20 14:57:01 CDT 2025: Checking if NextJS server is running...
/Users/sim/Project2/scripts/../scripts/run-simple-scheduled-reports.sh: line 16: node: command not found
Fri Jun 20 14:57:01 CDT 2025: NextJS server is running. Running scheduled reports check...
/Users/sim/Project2/scripts/../scripts/run-scheduled-reports-cron.sh: line 25: node: command not found
[2025-06-20T19:57:19.007Z] [INFO] Checking for scheduled reports...
[2025-06-20T19:57:19.232Z] [INFO] Checking for scheduled reports...
[2025-06-20T19:57:19.626Z] [DEBUG] Connected to MongoDB
[2025-06-20T19:57:19.696Z] [INFO] Found 1 company databases
[2025-06-20T19:57:19.696Z] [DEBUG] Processing company database: company_9jxwph8g
[2025-06-20T19:57:19.754Z] [DEBUG] Finding reports to execute in company_9jxwph8g (current time: 2025-06-20T19:57:19.754Z)
[2025-06-20T19:57:19.811Z] [INFO] Found 0 reports to execute in company_9jxwph8g
[2025-06-20T19:57:19.812Z] [INFO] Scheduled reports check completed
[2025-06-20T19:57:19.815Z] [DEBUG] MongoDB connection closed
[2025-06-20T19:57:19.851Z] [DEBUG] Connected to MongoDB
[2025-06-20T19:57:19.918Z] [INFO] Found 1 company databases
[2025-06-20T19:57:19.919Z] [DEBUG] Processing company database: company_9jxwph8g
[2025-06-20T19:57:19.976Z] [DEBUG] Finding reports to execute in company_9jxwph8g (current time: 2025-06-20T19:57:19.976Z)
[2025-06-20T19:57:20.032Z] [INFO] Found 0 reports to execute in company_9jxwph8g
[2025-06-20T19:57:20.033Z] [INFO] Scheduled reports check completed
[2025-06-20T19:57:20.036Z] [DEBUG] MongoDB connection closed
[2025-06-20T19:57:49.008Z] [INFO] Checking for scheduled reports...
[2025-06-20T19:57:49.233Z] [INFO] Checking for scheduled reports...
[2025-06-20T19:57:49.712Z] [DEBUG] Connected to MongoDB
[2025-06-20T19:57:49.780Z] [INFO] Found 1 company databases
[2025-06-20T19:57:49.781Z] [DEBUG] Processing company database: company_9jxwph8g
[2025-06-20T19:57:49.839Z] [DEBUG] Finding reports to execute in company_9jxwph8g (current time: 2025-06-20T19:57:49.839Z)
[2025-06-20T19:57:49.886Z] [DEBUG] Connected to MongoDB
[2025-06-20T19:57:49.896Z] [INFO] Found 0 reports to execute in company_9jxwph8g
[2025-06-20T19:57:49.897Z] [INFO] Scheduled reports check completed
[2025-06-20T19:57:49.899Z] [DEBUG] MongoDB connection closed
[2025-06-20T19:57:49.953Z] [INFO] Found 1 company databases
[2025-06-20T19:57:49.954Z] [DEBUG] Processing company database: company_9jxwph8g
[2025-06-20T19:57:50.010Z] [DEBUG] Finding reports to execute in company_9jxwph8g (current time: 2025-06-20T19:57:50.010Z)
[2025-06-20T19:57:50.066Z] [INFO] Found 0 reports to execute in company_9jxwph8g
[2025-06-20T19:57:50.067Z] [INFO] Scheduled reports check completed
[2025-06-20T19:57:50.070Z] [DEBUG] MongoDB connection closed
Fri Jun 20 14:58:00 CDT 2025: Checking if NextJS server is running...
Fri Jun 20 14:58:00 CDT 2025: Running scheduled reports
/Users/sim/Project2/scripts/../scripts/run-simple-scheduled-reports.sh: line 16: node: command not found
Fri Jun 20 14:58:00 CDT 2025: NextJS server is running. Running scheduled reports check...
/Users/sim/Project2/scripts/../scripts/run-scheduled-reports-cron.sh: line 25: node: command not found
[2025-06-20T19:58:19.010Z] [INFO] Checking for scheduled reports...
[2025-06-20T19:58:19.233Z] [INFO] Checking for scheduled reports...
[2025-06-20T19:58:19.618Z] [DEBUG] Connected to MongoDB
[2025-06-20T19:58:19.686Z] [INFO] Found 1 company databases
[2025-06-20T19:58:19.687Z] [DEBUG] Processing company database: company_9jxwph8g
[2025-06-20T19:58:19.743Z] [DEBUG] Finding reports to execute in company_9jxwph8g (current time: 2025-06-20T19:58:19.743Z)
[2025-06-20T19:58:19.798Z] [INFO] Found 0 reports to execute in company_9jxwph8g
[2025-06-20T19:58:19.799Z] [INFO] Scheduled reports check completed
[2025-06-20T19:58:19.801Z] [DEBUG] MongoDB connection closed
[2025-06-20T19:58:19.839Z] [DEBUG] Connected to MongoDB
[2025-06-20T19:58:19.907Z] [INFO] Found 1 company databases
[2025-06-20T19:58:19.908Z] [DEBUG] Processing company database: company_9jxwph8g
[2025-06-20T19:58:19.963Z] [DEBUG] Finding reports to execute in company_9jxwph8g (current time: 2025-06-20T19:58:19.963Z)
[2025-06-20T19:58:20.019Z] [INFO] Found 0 reports to execute in company_9jxwph8g
[2025-06-20T19:58:20.019Z] [INFO] Scheduled reports check completed
[2025-06-20T19:58:20.021Z] [DEBUG] MongoDB connection closed
[2025-06-20T19:58:49.011Z] [INFO] Checking for scheduled reports...
[2025-06-20T19:58:49.235Z] [INFO] Checking for scheduled reports...
[2025-06-20T19:58:49.672Z] [DEBUG] Connected to MongoDB
[2025-06-20T19:58:49.740Z] [INFO] Found 1 company databases
[2025-06-20T19:58:49.740Z] [DEBUG] Processing company database: company_9jxwph8g
[2025-06-20T19:58:49.797Z] [DEBUG] Finding reports to execute in company_9jxwph8g (current time: 2025-06-20T19:58:49.797Z)
[2025-06-20T19:58:49.857Z] [DEBUG] Connected to MongoDB
[2025-06-20T19:58:49.857Z] [INFO] Found 1 reports to execute in company_9jxwph8g
[2025-06-20T19:58:49.858Z] [INFO] Processing report: 6855bc32c9ab1519e616a5ab - all employees
[2025-06-20T19:58:49.858Z] [DEBUG] Report frequency: custom, Custom minutes: 5, Custom hours: N/A
[2025-06-20T19:58:49.859Z] [INFO] Executing report: 6855bc32c9ab1519e616a5ab - all employees for company company_9jxwph8g
[2025-06-20T19:58:49.925Z] [INFO] Found 1 company databases
[2025-06-20T19:58:49.925Z] [DEBUG] Processing company database: company_9jxwph8g
[2025-06-20T19:58:49.981Z] [DEBUG] Finding reports to execute in company_9jxwph8g (current time: 2025-06-20T19:58:49.981Z)
[2025-06-20T19:58:50.038Z] [INFO] Found 1 reports to execute in company_9jxwph8g
[2025-06-20T19:58:50.038Z] [INFO] Processing report: 6855bc32c9ab1519e616a5ab - all employees
[2025-06-20T19:58:50.039Z] [DEBUG] Report frequency: custom, Custom minutes: 5, Custom hours: N/A
[2025-06-20T19:58:50.039Z] [INFO] Executing report: 6855bc32c9ab1519e616a5ab - all employees for company company_9jxwph8g
Fri Jun 20 14:59:00 CDT 2025: Running scheduled reports
Fri Jun 20 14:59:00 CDT 2025: Checking if NextJS server is running...
/Users/sim/Project2/scripts/../scripts/run-simple-scheduled-reports.sh: line 16: node: command not found
Fri Jun 20 14:59:00 CDT 2025: NextJS server is running. Running scheduled reports check...
/Users/sim/Project2/scripts/../scripts/run-scheduled-reports-cron.sh: line 25: node: command not found
[2025-06-20T19:59:19.012Z] [INFO] Checking for scheduled reports...
[2025-06-20T19:59:19.116Z] [INFO] Successfully executed report 6855bc32c9ab1519e616a5ab. Generated report ID: 1750449532620
[2025-06-20T19:59:19.116Z] [DEBUG] Custom frequency calculation: 0 hours and 5 minutes = 5 total minutes
[2025-06-20T19:59:19.116Z] [DEBUG] Next execution for custom frequency: 2025-06-20T20:04:19.116Z
[2025-06-20T19:59:19.188Z] [INFO] Updated scheduled report 6855bc32c9ab1519e616a5ab with next execution time: 2025-06-20T20:04:19.116Z
[2025-06-20T19:59:19.189Z] [INFO] Scheduled reports check completed
[2025-06-20T19:59:19.191Z] [DEBUG] MongoDB connection closed
[2025-06-20T19:59:19.237Z] [INFO] Checking for scheduled reports...
[2025-06-20T19:59:19.256Z] [INFO] Successfully executed report 6855bc32c9ab1519e616a5ab. Generated report ID: 1750449532627
[2025-06-20T19:59:19.257Z] [DEBUG] Custom frequency calculation: 0 hours and 5 minutes = 5 total minutes
[2025-06-20T19:59:19.257Z] [DEBUG] Next execution for custom frequency: 2025-06-20T20:04:19.257Z
[2025-06-20T19:59:19.318Z] [INFO] Updated scheduled report 6855bc32c9ab1519e616a5ab with next execution time: 2025-06-20T20:04:19.257Z
[2025-06-20T19:59:19.318Z] [INFO] Scheduled reports check completed
[2025-06-20T19:59:19.321Z] [DEBUG] MongoDB connection closed
[2025-06-20T19:59:19.657Z] [DEBUG] Connected to MongoDB
[2025-06-20T19:59:19.725Z] [INFO] Found 1 company databases
[2025-06-20T19:59:19.726Z] [DEBUG] Processing company database: company_9jxwph8g
[2025-06-20T19:59:19.782Z] [DEBUG] Finding reports to execute in company_9jxwph8g (current time: 2025-06-20T19:59:19.782Z)
[2025-06-20T19:59:19.838Z] [INFO] Found 0 reports to execute in company_9jxwph8g
[2025-06-20T19:59:19.839Z] [INFO] Scheduled reports check completed
[2025-06-20T19:59:19.841Z] [DEBUG] MongoDB connection closed
[2025-06-20T19:59:19.875Z] [DEBUG] Connected to MongoDB
[2025-06-20T19:59:19.942Z] [INFO] Found 1 company databases
[2025-06-20T19:59:19.942Z] [DEBUG] Processing company database: company_9jxwph8g
[2025-06-20T19:59:20.000Z] [DEBUG] Finding reports to execute in company_9jxwph8g (current time: 2025-06-20T19:59:20.000Z)
[2025-06-20T19:59:20.056Z] [INFO] Found 0 reports to execute in company_9jxwph8g
[2025-06-20T19:59:20.057Z] [INFO] Scheduled reports check completed
[2025-06-20T19:59:20.059Z] [DEBUG] MongoDB connection closed
[2025-06-20T19:59:49.013Z] [INFO] Checking for scheduled reports...
[2025-06-20T19:59:49.237Z] [INFO] Checking for scheduled reports...
[2025-06-20T19:59:49.640Z] [DEBUG] Connected to MongoDB
[2025-06-20T19:59:49.708Z] [INFO] Found 1 company databases
[2025-06-20T19:59:49.709Z] [DEBUG] Processing company database: company_9jxwph8g
[2025-06-20T19:59:49.767Z] [DEBUG] Finding reports to execute in company_9jxwph8g (current time: 2025-06-20T19:59:49.767Z)
[2025-06-20T19:59:49.824Z] [INFO] Found 0 reports to execute in company_9jxwph8g
[2025-06-20T19:59:49.825Z] [INFO] Scheduled reports check completed
[2025-06-20T19:59:49.827Z] [DEBUG] MongoDB connection closed
[2025-06-20T19:59:49.933Z] [DEBUG] Connected to MongoDB
[2025-06-20T19:59:50.002Z] [INFO] Found 1 company databases
[2025-06-20T19:59:50.003Z] [DEBUG] Processing company database: company_9jxwph8g
[2025-06-20T19:59:50.060Z] [DEBUG] Finding reports to execute in company_9jxwph8g (current time: 2025-06-20T19:59:50.060Z)
[2025-06-20T19:59:50.116Z] [INFO] Found 0 reports to execute in company_9jxwph8g
[2025-06-20T19:59:50.117Z] [INFO] Scheduled reports check completed
[2025-06-20T19:59:50.119Z] [DEBUG] MongoDB connection closed
Fri Jun 20 15:00:00 CDT 2025: Running scheduled reports
Fri Jun 20 15:00:00 CDT 2025: Checking if NextJS server is running...
/Users/sim/Project2/scripts/../scripts/run-simple-scheduled-reports.sh: line 16: node: command not found
Fri Jun 20 15:00:00 CDT 2025: NextJS server is running. Running scheduled reports check...
/Users/sim/Project2/scripts/../scripts/run-scheduled-reports-cron.sh: line 25: node: command not found
[2025-06-20T20:00:19.014Z] [INFO] Checking for scheduled reports...
[2025-06-20T20:00:19.239Z] [INFO] Checking for scheduled reports...
[2025-06-20T20:00:19.631Z] [DEBUG] Connected to MongoDB
[2025-06-20T20:00:19.702Z] [INFO] Found 1 company databases
[2025-06-20T20:00:19.703Z] [DEBUG] Processing company database: company_9jxwph8g
[2025-06-20T20:00:19.765Z] [DEBUG] Finding reports to execute in company_9jxwph8g (current time: 2025-06-20T20:00:19.765Z)
[2025-06-20T20:00:19.821Z] [INFO] Found 0 reports to execute in company_9jxwph8g
[2025-06-20T20:00:19.822Z] [INFO] Scheduled reports check completed
[2025-06-20T20:00:19.824Z] [DEBUG] MongoDB connection closed
[2025-06-20T20:00:19.915Z] [DEBUG] Connected to MongoDB
[2025-06-20T20:00:20.004Z] [INFO] Found 1 company databases
[2025-06-20T20:00:20.005Z] [DEBUG] Processing company database: company_9jxwph8g
[2025-06-20T20:00:20.083Z] [DEBUG] Finding reports to execute in company_9jxwph8g (current time: 2025-06-20T20:00:20.083Z)
[2025-06-20T20:00:20.149Z] [INFO] Found 0 reports to execute in company_9jxwph8g
[2025-06-20T20:00:20.149Z] [INFO] Scheduled reports check completed
[2025-06-20T20:00:20.153Z] [DEBUG] MongoDB connection closed
[2025-06-20T20:00:49.015Z] [INFO] Checking for scheduled reports...
[2025-06-20T20:00:49.240Z] [INFO] Checking for scheduled reports...
[2025-06-20T20:00:49.991Z] [DEBUG] Connected to MongoDB
[2025-06-20T20:00:50.117Z] [INFO] Found 1 company databases
[2025-06-20T20:00:50.118Z] [DEBUG] Processing company database: company_9jxwph8g
[2025-06-20T20:00:50.236Z] [DEBUG] Finding reports to execute in company_9jxwph8g (current time: 2025-06-20T20:00:50.236Z)
[2025-06-20T20:00:50.349Z] [DEBUG] Connected to MongoDB
[2025-06-20T20:00:50.350Z] [INFO] Found 0 reports to execute in company_9jxwph8g
[2025-06-20T20:00:50.351Z] [INFO] Scheduled reports check completed
[2025-06-20T20:00:50.354Z] [DEBUG] MongoDB connection closed
[2025-06-20T20:00:50.465Z] [INFO] Found 1 company databases
[2025-06-20T20:00:50.465Z] [DEBUG] Processing company database: company_9jxwph8g
[2025-06-20T20:00:50.583Z] [DEBUG] Finding reports to execute in company_9jxwph8g (current time: 2025-06-20T20:00:50.583Z)
[2025-06-20T20:00:50.641Z] [INFO] Found 0 reports to execute in company_9jxwph8g
[2025-06-20T20:00:50.642Z] [INFO] Scheduled reports check completed
[2025-06-20T20:00:50.645Z] [DEBUG] MongoDB connection closed
Fri Jun 20 15:01:00 CDT 2025: Running scheduled reports
Fri Jun 20 15:01:00 CDT 2025: Checking if NextJS server is running...
/Users/sim/Project2/scripts/../scripts/run-simple-scheduled-reports.sh: line 16: node: command not found
Fri Jun 20 15:01:00 CDT 2025: NextJS server is running. Running scheduled reports check...
/Users/sim/Project2/scripts/../scripts/run-scheduled-reports-cron.sh: line 25: node: command not found
[2025-06-20T20:01:19.017Z] [INFO] Checking for scheduled reports...
[2025-06-20T20:01:19.240Z] [INFO] Checking for scheduled reports...
[2025-06-20T20:01:19.646Z] [DEBUG] Connected to MongoDB
[2025-06-20T20:01:19.715Z] [INFO] Found 1 company databases
[2025-06-20T20:01:19.717Z] [DEBUG] Processing company database: company_9jxwph8g
[2025-06-20T20:01:19.778Z] [DEBUG] Finding reports to execute in company_9jxwph8g (current time: 2025-06-20T20:01:19.778Z)
[2025-06-20T20:01:19.842Z] [INFO] Found 0 reports to execute in company_9jxwph8g
[2025-06-20T20:01:19.843Z] [INFO] Scheduled reports check completed
[2025-06-20T20:01:19.844Z] [DEBUG] MongoDB connection closed
[2025-06-20T20:01:19.952Z] [DEBUG] Connected to MongoDB
[2025-06-20T20:01:20.044Z] [INFO] Found 1 company databases
[2025-06-20T20:01:20.045Z] [DEBUG] Processing company database: company_9jxwph8g
[2025-06-20T20:01:20.148Z] [DEBUG] Finding reports to execute in company_9jxwph8g (current time: 2025-06-20T20:01:20.148Z)
[2025-06-20T20:01:20.251Z] [INFO] Found 0 reports to execute in company_9jxwph8g
[2025-06-20T20:01:20.252Z] [INFO] Scheduled reports check completed
[2025-06-20T20:01:20.252Z] [DEBUG] MongoDB connection closed
[2025-06-20T20:01:49.017Z] [INFO] Checking for scheduled reports...
[2025-06-20T20:01:49.241Z] [INFO] Checking for scheduled reports...
[2025-06-20T20:01:49.670Z] [DEBUG] Connected to MongoDB
[2025-06-20T20:01:49.738Z] [INFO] Found 1 company databases
[2025-06-20T20:01:49.738Z] [DEBUG] Processing company database: company_9jxwph8g
[2025-06-20T20:01:49.795Z] [DEBUG] Finding reports to execute in company_9jxwph8g (current time: 2025-06-20T20:01:49.795Z)
[2025-06-20T20:01:49.852Z] [INFO] Found 0 reports to execute in company_9jxwph8g
[2025-06-20T20:01:49.852Z] [INFO] Scheduled reports check completed
[2025-06-20T20:01:49.856Z] [DEBUG] MongoDB connection closed
[2025-06-20T20:01:49.856Z] [DEBUG] Connected to MongoDB
[2025-06-20T20:01:49.923Z] [INFO] Found 1 company databases
[2025-06-20T20:01:49.924Z] [DEBUG] Processing company database: company_9jxwph8g
[2025-06-20T20:01:49.981Z] [DEBUG] Finding reports to execute in company_9jxwph8g (current time: 2025-06-20T20:01:49.981Z)
[2025-06-20T20:01:50.037Z] [INFO] Found 0 reports to execute in company_9jxwph8g
[2025-06-20T20:01:50.037Z] [INFO] Scheduled reports check completed
[2025-06-20T20:01:50.040Z] [DEBUG] MongoDB connection closed
Fri Jun 20 15:02:00 CDT 2025: Running scheduled reports
Fri Jun 20 15:02:00 CDT 2025: Checking if NextJS server is running...
/Users/sim/Project2/scripts/../scripts/run-simple-scheduled-reports.sh: line 16: node: command not found
Fri Jun 20 15:02:00 CDT 2025: NextJS server is running. Running scheduled reports check...
/Users/sim/Project2/scripts/../scripts/run-scheduled-reports-cron.sh: line 25: node: command not found
[2025-06-20T20:02:19.018Z] [INFO] Checking for scheduled reports...
[2025-06-20T20:02:19.242Z] [INFO] Checking for scheduled reports...
[2025-06-20T20:02:19.805Z] [DEBUG] Connected to MongoDB
[2025-06-20T20:02:19.860Z] [DEBUG] Connected to MongoDB
[2025-06-20T20:02:19.873Z] [INFO] Found 1 company databases
[2025-06-20T20:02:19.874Z] [DEBUG] Processing company database: company_9jxwph8g
[2025-06-20T20:02:19.928Z] [INFO] Found 1 company databases
[2025-06-20T20:02:19.928Z] [DEBUG] Processing company database: company_9jxwph8g
[2025-06-20T20:02:19.932Z] [DEBUG] Finding reports to execute in company_9jxwph8g (current time: 2025-06-20T20:02:19.932Z)
[2025-06-20T20:02:19.986Z] [DEBUG] Finding reports to execute in company_9jxwph8g (current time: 2025-06-20T20:02:19.986Z)
[2025-06-20T20:02:19.989Z] [INFO] Found 0 reports to execute in company_9jxwph8g
[2025-06-20T20:02:19.989Z] [INFO] Scheduled reports check completed
[2025-06-20T20:02:19.992Z] [DEBUG] MongoDB connection closed
[2025-06-20T20:02:20.042Z] [INFO] Found 0 reports to execute in company_9jxwph8g
[2025-06-20T20:02:20.043Z] [INFO] Scheduled reports check completed
[2025-06-20T20:02:20.045Z] [DEBUG] MongoDB connection closed
[2025-06-20T20:02:49.019Z] [INFO] Checking for scheduled reports...
[2025-06-20T20:02:49.243Z] [INFO] Checking for scheduled reports...
[2025-06-20T20:02:49.638Z] [DEBUG] Connected to MongoDB
[2025-06-20T20:02:49.707Z] [INFO] Found 1 company databases
[2025-06-20T20:02:49.708Z] [DEBUG] Processing company database: company_9jxwph8g
[2025-06-20T20:02:49.764Z] [DEBUG] Finding reports to execute in company_9jxwph8g (current time: 2025-06-20T20:02:49.764Z)
[2025-06-20T20:02:49.820Z] [INFO] Found 0 reports to execute in company_9jxwph8g
[2025-06-20T20:02:49.820Z] [INFO] Scheduled reports check completed
[2025-06-20T20:02:49.823Z] [DEBUG] MongoDB connection closed
[2025-06-20T20:02:49.901Z] [DEBUG] Connected to MongoDB
[2025-06-20T20:02:49.968Z] [INFO] Found 1 company databases
[2025-06-20T20:02:49.969Z] [DEBUG] Processing company database: company_9jxwph8g
[2025-06-20T20:02:50.038Z] [DEBUG] Finding reports to execute in company_9jxwph8g (current time: 2025-06-20T20:02:50.038Z)
[2025-06-20T20:02:50.094Z] [INFO] Found 0 reports to execute in company_9jxwph8g
[2025-06-20T20:02:50.095Z] [INFO] Scheduled reports check completed
[2025-06-20T20:02:50.097Z] [DEBUG] MongoDB connection closed
Fri Jun 20 15:03:00 CDT 2025: Checking if NextJS server is running...
Fri Jun 20 15:03:00 CDT 2025: Running scheduled reports
/Users/sim/Project2/scripts/../scripts/run-simple-scheduled-reports.sh: line 16: node: command not found
Fri Jun 20 15:03:01 CDT 2025: NextJS server is running. Running scheduled reports check...
/Users/sim/Project2/scripts/../scripts/run-scheduled-reports-cron.sh: line 25: node: command not found
[2025-06-20T20:03:19.021Z] [INFO] Checking for scheduled reports...
[2025-06-20T20:03:19.245Z] [INFO] Checking for scheduled reports...
[2025-06-20T20:03:19.633Z] [DEBUG] Connected to MongoDB
[2025-06-20T20:03:19.756Z] [INFO] Found 1 company databases
[2025-06-20T20:03:19.757Z] [DEBUG] Processing company database: company_9jxwph8g
[2025-06-20T20:03:19.814Z] [DEBUG] Finding reports to execute in company_9jxwph8g (current time: 2025-06-20T20:03:19.814Z)
[2025-06-20T20:03:19.871Z] [INFO] Found 0 reports to execute in company_9jxwph8g
[2025-06-20T20:03:19.872Z] [INFO] Scheduled reports check completed
[2025-06-20T20:03:19.875Z] [DEBUG] MongoDB connection closed
[2025-06-20T20:03:19.983Z] [DEBUG] Connected to MongoDB
[2025-06-20T20:03:20.051Z] [INFO] Found 1 company databases
[2025-06-20T20:03:20.052Z] [DEBUG] Processing company database: company_9jxwph8g
[2025-06-20T20:03:20.110Z] [DEBUG] Finding reports to execute in company_9jxwph8g (current time: 2025-06-20T20:03:20.110Z)
[2025-06-20T20:03:20.166Z] [INFO] Found 0 reports to execute in company_9jxwph8g
[2025-06-20T20:03:20.167Z] [INFO] Scheduled reports check completed
[2025-06-20T20:03:20.168Z] [DEBUG] MongoDB connection closed
[2025-06-20T20:03:49.022Z] [INFO] Checking for scheduled reports...
[2025-06-20T20:03:49.245Z] [INFO] Checking for scheduled reports...
[2025-06-20T20:03:49.733Z] [DEBUG] Connected to MongoDB
[2025-06-20T20:03:49.802Z] [INFO] Found 1 company databases
[2025-06-20T20:03:49.803Z] [DEBUG] Processing company database: company_9jxwph8g
[2025-06-20T20:03:49.861Z] [DEBUG] Finding reports to execute in company_9jxwph8g (current time: 2025-06-20T20:03:49.861Z)
[2025-06-20T20:03:49.879Z] [DEBUG] Connected to MongoDB
[2025-06-20T20:03:49.917Z] [INFO] Found 0 reports to execute in company_9jxwph8g
[2025-06-20T20:03:49.917Z] [INFO] Scheduled reports check completed
[2025-06-20T20:03:49.920Z] [DEBUG] MongoDB connection closed
[2025-06-20T20:03:49.948Z] [INFO] Found 1 company databases
[2025-06-20T20:03:49.948Z] [DEBUG] Processing company database: company_9jxwph8g
[2025-06-20T20:03:50.005Z] [DEBUG] Finding reports to execute in company_9jxwph8g (current time: 2025-06-20T20:03:50.005Z)
[2025-06-20T20:03:50.060Z] [INFO] Found 0 reports to execute in company_9jxwph8g
[2025-06-20T20:03:50.061Z] [INFO] Scheduled reports check completed
[2025-06-20T20:03:50.063Z] [DEBUG] MongoDB connection closed
Fri Jun 20 15:04:00 CDT 2025: Running scheduled reports
Fri Jun 20 15:04:00 CDT 2025: Checking if NextJS server is running...
/Users/sim/Project2/scripts/../scripts/run-simple-scheduled-reports.sh: line 16: node: command not found
Fri Jun 20 15:04:00 CDT 2025: NextJS server is running. Running scheduled reports check...
/Users/sim/Project2/scripts/../scripts/run-scheduled-reports-cron.sh: line 25: node: command not found
[2025-06-20T20:04:19.022Z] [INFO] Checking for scheduled reports...
[2025-06-20T20:04:19.246Z] [INFO] Checking for scheduled reports...
[2025-06-20T20:04:19.634Z] [DEBUG] Connected to MongoDB
[2025-06-20T20:04:19.703Z] [INFO] Found 1 company databases
[2025-06-20T20:04:19.703Z] [DEBUG] Processing company database: company_9jxwph8g
[2025-06-20T20:04:19.761Z] [DEBUG] Finding reports to execute in company_9jxwph8g (current time: 2025-06-20T20:04:19.761Z)
[2025-06-20T20:04:19.818Z] [INFO] Found 1 reports to execute in company_9jxwph8g
[2025-06-20T20:04:19.819Z] [INFO] Processing report: 6855bc32c9ab1519e616a5ab - all employees
[2025-06-20T20:04:19.819Z] [DEBUG] Report frequency: custom, Custom minutes: 5, Custom hours: N/A
[2025-06-20T20:04:19.819Z] [INFO] Executing report: 6855bc32c9ab1519e616a5ab - all employees for company company_9jxwph8g
[2025-06-20T20:04:19.856Z] [DEBUG] Connected to MongoDB
[2025-06-20T20:04:19.922Z] [INFO] Found 1 company databases
[2025-06-20T20:04:19.923Z] [DEBUG] Processing company database: company_9jxwph8g
[2025-06-20T20:04:19.977Z] [DEBUG] Finding reports to execute in company_9jxwph8g (current time: 2025-06-20T20:04:19.977Z)
[2025-06-20T20:04:20.032Z] [INFO] Found 1 reports to execute in company_9jxwph8g
[2025-06-20T20:04:20.032Z] [INFO] Processing report: 6855bc32c9ab1519e616a5ab - all employees
[2025-06-20T20:04:20.033Z] [DEBUG] Report frequency: custom, Custom minutes: 5, Custom hours: N/A
[2025-06-20T20:04:20.033Z] [INFO] Executing report: 6855bc32c9ab1519e616a5ab - all employees for company company_9jxwph8g
[2025-06-20T20:04:49.024Z] [INFO] Checking for scheduled reports...
[2025-06-20T20:04:49.247Z] [INFO] Checking for scheduled reports...
[2025-06-20T20:04:49.640Z] [DEBUG] Connected to MongoDB
[2025-06-20T20:04:49.678Z] [INFO] Successfully executed report 6855bc32c9ab1519e616a5ab. Generated report ID: 1750449863261
[2025-06-20T20:04:49.680Z] [DEBUG] Custom frequency calculation: 0 hours and 5 minutes = 5 total minutes
[2025-06-20T20:04:49.680Z] [DEBUG] Next execution for custom frequency: 2025-06-20T20:09:49.680Z
[2025-06-20T20:04:49.708Z] [INFO] Found 1 company databases
[2025-06-20T20:04:49.708Z] [DEBUG] Processing company database: company_9jxwph8g
[2025-06-20T20:04:49.742Z] [INFO] Updated scheduled report 6855bc32c9ab1519e616a5ab with next execution time: 2025-06-20T20:09:49.680Z
[2025-06-20T20:04:49.743Z] [INFO] Scheduled reports check completed
[2025-06-20T20:04:49.745Z] [DEBUG] MongoDB connection closed
[2025-06-20T20:04:49.769Z] [DEBUG] Finding reports to execute in company_9jxwph8g (current time: 2025-06-20T20:04:49.769Z)
[2025-06-20T20:04:49.825Z] [INFO] Found 0 reports to execute in company_9jxwph8g
[2025-06-20T20:04:49.826Z] [INFO] Scheduled reports check completed
[2025-06-20T20:04:49.828Z] [DEBUG] MongoDB connection closed
[2025-06-20T20:04:49.905Z] [DEBUG] Connected to MongoDB
[2025-06-20T20:04:49.973Z] [INFO] Found 1 company databases
[2025-06-20T20:04:49.973Z] [DEBUG] Processing company database: company_9jxwph8g
[2025-06-20T20:04:50.032Z] [DEBUG] Finding reports to execute in company_9jxwph8g (current time: 2025-06-20T20:04:50.032Z)
[2025-06-20T20:04:50.088Z] [INFO] Found 0 reports to execute in company_9jxwph8g
[2025-06-20T20:04:50.089Z] [INFO] Scheduled reports check completed
[2025-06-20T20:04:50.093Z] [DEBUG] MongoDB connection closed
[2025-06-20T20:04:51.233Z] [INFO] Successfully executed report 6855bc32c9ab1519e616a5ab. Generated report ID: 1750449863250
[2025-06-20T20:04:51.234Z] [DEBUG] Custom frequency calculation: 0 hours and 5 minutes = 5 total minutes
[2025-06-20T20:04:51.234Z] [DEBUG] Next execution for custom frequency: 2025-06-20T20:09:51.234Z
[2025-06-20T20:04:51.293Z] [INFO] Updated scheduled report 6855bc32c9ab1519e616a5ab with next execution time: 2025-06-20T20:09:51.234Z
[2025-06-20T20:04:51.293Z] [INFO] Scheduled reports check completed
[2025-06-20T20:04:51.296Z] [DEBUG] MongoDB connection closed
Fri Jun 20 15:05:00 CDT 2025: Running scheduled reports
Fri Jun 20 15:05:00 CDT 2025: Checking if NextJS server is running...
/Users/sim/Project2/scripts/../scripts/run-simple-scheduled-reports.sh: line 16: node: command not found
Fri Jun 20 15:05:00 CDT 2025: NextJS server is running. Running scheduled reports check...
/Users/sim/Project2/scripts/../scripts/run-scheduled-reports-cron.sh: line 25: node: command not found
[2025-06-20T20:05:19.025Z] [INFO] Checking for scheduled reports...
[2025-06-20T20:05:19.248Z] [INFO] Checking for scheduled reports...
[2025-06-20T20:05:19.789Z] [DEBUG] Connected to MongoDB
[2025-06-20T20:05:19.857Z] [INFO] Found 1 company databases
[2025-06-20T20:05:19.857Z] [DEBUG] Processing company database: company_9jxwph8g
[2025-06-20T20:05:19.870Z] [DEBUG] Connected to MongoDB
[2025-06-20T20:05:19.915Z] [DEBUG] Finding reports to execute in company_9jxwph8g (current time: 2025-06-20T20:05:19.915Z)
[2025-06-20T20:05:19.938Z] [INFO] Found 1 company databases
[2025-06-20T20:05:19.939Z] [DEBUG] Processing company database: company_9jxwph8g
[2025-06-20T20:05:19.975Z] [INFO] Found 0 reports to execute in company_9jxwph8g
[2025-06-20T20:05:19.976Z] [INFO] Scheduled reports check completed
[2025-06-20T20:05:19.978Z] [DEBUG] MongoDB connection closed
[2025-06-20T20:05:19.996Z] [DEBUG] Finding reports to execute in company_9jxwph8g (current time: 2025-06-20T20:05:19.996Z)
[2025-06-20T20:05:20.052Z] [INFO] Found 0 reports to execute in company_9jxwph8g
[2025-06-20T20:05:20.052Z] [INFO] Scheduled reports check completed
[2025-06-20T20:05:20.055Z] [DEBUG] MongoDB connection closed
[2025-06-20T20:05:49.025Z] [INFO] Checking for scheduled reports...
[2025-06-20T20:05:49.249Z] [INFO] Checking for scheduled reports...
[2025-06-20T20:05:49.643Z] [DEBUG] Connected to MongoDB
[2025-06-20T20:05:49.713Z] [INFO] Found 1 company databases
[2025-06-20T20:05:49.713Z] [DEBUG] Processing company database: company_9jxwph8g
[2025-06-20T20:05:49.774Z] [DEBUG] Finding reports to execute in company_9jxwph8g (current time: 2025-06-20T20:05:49.774Z)
[2025-06-20T20:05:49.831Z] [INFO] Found 0 reports to execute in company_9jxwph8g
[2025-06-20T20:05:49.832Z] [INFO] Scheduled reports check completed
[2025-06-20T20:05:49.835Z] [DEBUG] MongoDB connection closed
[2025-06-20T20:05:49.869Z] [DEBUG] Connected to MongoDB
[2025-06-20T20:05:49.941Z] [INFO] Found 1 company databases
[2025-06-20T20:05:49.941Z] [DEBUG] Processing company database: company_9jxwph8g
[2025-06-20T20:05:50.000Z] [DEBUG] Finding reports to execute in company_9jxwph8g (current time: 2025-06-20T20:05:49.999Z)
[2025-06-20T20:05:50.057Z] [INFO] Found 0 reports to execute in company_9jxwph8g
[2025-06-20T20:05:50.058Z] [INFO] Scheduled reports check completed
[2025-06-20T20:05:50.060Z] [DEBUG] MongoDB connection closed
Fri Jun 20 15:06:00 CDT 2025: Checking if NextJS server is running...
Fri Jun 20 15:06:00 CDT 2025: Running scheduled reports
/Users/sim/Project2/scripts/../scripts/run-simple-scheduled-reports.sh: line 16: node: command not found
Fri Jun 20 15:06:00 CDT 2025: NextJS server is running. Running scheduled reports check...
/Users/sim/Project2/scripts/../scripts/run-scheduled-reports-cron.sh: line 25: node: command not found
[2025-06-20T20:06:19.025Z] [INFO] Checking for scheduled reports...
[2025-06-20T20:06:19.250Z] [INFO] Checking for scheduled reports...
[2025-06-20T20:06:19.680Z] [DEBUG] Connected to MongoDB
[2025-06-20T20:06:19.747Z] [INFO] Found 1 company databases
[2025-06-20T20:06:19.747Z] [DEBUG] Processing company database: company_9jxwph8g
[2025-06-20T20:06:19.804Z] [DEBUG] Finding reports to execute in company_9jxwph8g (current time: 2025-06-20T20:06:19.804Z)
[2025-06-20T20:06:19.859Z] [INFO] Found 0 reports to execute in company_9jxwph8g
[2025-06-20T20:06:19.860Z] [INFO] Scheduled reports check completed
[2025-06-20T20:06:19.862Z] [DEBUG] MongoDB connection closed
[2025-06-20T20:06:19.907Z] [DEBUG] Connected to MongoDB
[2025-06-20T20:06:19.975Z] [INFO] Found 1 company databases
[2025-06-20T20:06:19.975Z] [DEBUG] Processing company database: company_9jxwph8g
[2025-06-20T20:06:20.031Z] [DEBUG] Finding reports to execute in company_9jxwph8g (current time: 2025-06-20T20:06:20.031Z)
[2025-06-20T20:06:20.359Z] [INFO] Found 0 reports to execute in company_9jxwph8g
[2025-06-20T20:06:20.360Z] [INFO] Scheduled reports check completed
[2025-06-20T20:06:20.363Z] [DEBUG] MongoDB connection closed
[2025-06-20T20:06:49.025Z] [INFO] Checking for scheduled reports...
[2025-06-20T20:06:49.252Z] [INFO] Checking for scheduled reports...
[2025-06-20T20:06:49.683Z] [DEBUG] Connected to MongoDB
[2025-06-20T20:06:49.751Z] [INFO] Found 1 company databases
[2025-06-20T20:06:49.752Z] [DEBUG] Processing company database: company_9jxwph8g
[2025-06-20T20:06:49.809Z] [DEBUG] Finding reports to execute in company_9jxwph8g (current time: 2025-06-20T20:06:49.809Z)
[2025-06-20T20:06:49.868Z] [INFO] Found 0 reports to execute in company_9jxwph8g
[2025-06-20T20:06:49.868Z] [INFO] Scheduled reports check completed
[2025-06-20T20:06:49.871Z] [DEBUG] MongoDB connection closed
[2025-06-20T20:06:49.873Z] [DEBUG] Connected to MongoDB
[2025-06-20T20:06:49.943Z] [INFO] Found 1 company databases
[2025-06-20T20:06:49.943Z] [DEBUG] Processing company database: company_9jxwph8g
[2025-06-20T20:06:50.000Z] [DEBUG] Finding reports to execute in company_9jxwph8g (current time: 2025-06-20T20:06:50.000Z)
[2025-06-20T20:06:50.056Z] [INFO] Found 0 reports to execute in company_9jxwph8g
[2025-06-20T20:06:50.057Z] [INFO] Scheduled reports check completed
[2025-06-20T20:06:50.059Z] [DEBUG] MongoDB connection closed
Fri Jun 20 15:07:00 CDT 2025: Running scheduled reports
Fri Jun 20 15:07:00 CDT 2025: Checking if NextJS server is running...
/Users/sim/Project2/scripts/../scripts/run-simple-scheduled-reports.sh: line 16: node: command not found
Fri Jun 20 15:07:00 CDT 2025: NextJS server is running. Running scheduled reports check...
/Users/sim/Project2/scripts/../scripts/run-scheduled-reports-cron.sh: line 25: node: command not found
[2025-06-20T20:07:19.026Z] [INFO] Checking for scheduled reports...
[2025-06-20T20:07:19.253Z] [INFO] Checking for scheduled reports...
[2025-06-20T20:07:19.634Z] [DEBUG] Connected to MongoDB
[2025-06-20T20:07:19.702Z] [INFO] Found 1 company databases
[2025-06-20T20:07:19.702Z] [DEBUG] Processing company database: company_9jxwph8g
[2025-06-20T20:07:19.759Z] [DEBUG] Finding reports to execute in company_9jxwph8g (current time: 2025-06-20T20:07:19.759Z)
[2025-06-20T20:07:19.815Z] [INFO] Found 0 reports to execute in company_9jxwph8g
[2025-06-20T20:07:19.816Z] [INFO] Scheduled reports check completed
[2025-06-20T20:07:19.818Z] [DEBUG] MongoDB connection closed
[2025-06-20T20:07:19.868Z] [DEBUG] Connected to MongoDB
[2025-06-20T20:07:19.937Z] [INFO] Found 1 company databases
[2025-06-20T20:07:19.937Z] [DEBUG] Processing company database: company_9jxwph8g
[2025-06-20T20:07:19.994Z] [DEBUG] Finding reports to execute in company_9jxwph8g (current time: 2025-06-20T20:07:19.994Z)
[2025-06-20T20:07:20.051Z] [INFO] Found 0 reports to execute in company_9jxwph8g
[2025-06-20T20:07:20.052Z] [INFO] Scheduled reports check completed
[2025-06-20T20:07:20.053Z] [DEBUG] MongoDB connection closed
[2025-06-20T20:07:49.028Z] [INFO] Checking for scheduled reports...
[2025-06-20T20:07:49.254Z] [INFO] Checking for scheduled reports...
[2025-06-20T20:07:49.650Z] [DEBUG] Connected to MongoDB
[2025-06-20T20:07:49.717Z] [INFO] Found 1 company databases
[2025-06-20T20:07:49.718Z] [DEBUG] Processing company database: company_9jxwph8g
[2025-06-20T20:07:49.776Z] [DEBUG] Finding reports to execute in company_9jxwph8g (current time: 2025-06-20T20:07:49.776Z)
[2025-06-20T20:07:49.832Z] [INFO] Found 0 reports to execute in company_9jxwph8g
[2025-06-20T20:07:49.833Z] [INFO] Scheduled reports check completed
[2025-06-20T20:07:49.836Z] [DEBUG] MongoDB connection closed
[2025-06-20T20:07:49.914Z] [DEBUG] Connected to MongoDB
[2025-06-20T20:07:49.982Z] [INFO] Found 1 company databases
[2025-06-20T20:07:49.983Z] [DEBUG] Processing company database: company_9jxwph8g
[2025-06-20T20:07:50.039Z] [DEBUG] Finding reports to execute in company_9jxwph8g (current time: 2025-06-20T20:07:50.039Z)
[2025-06-20T20:07:50.096Z] [INFO] Found 0 reports to execute in company_9jxwph8g
[2025-06-20T20:07:50.097Z] [INFO] Scheduled reports check completed
[2025-06-20T20:07:50.100Z] [DEBUG] MongoDB connection closed
Fri Jun 20 15:08:00 CDT 2025: Checking if NextJS server is running...
Fri Jun 20 15:08:00 CDT 2025: Running scheduled reports
/Users/sim/Project2/scripts/../scripts/run-simple-scheduled-reports.sh: line 16: node: command not found
Fri Jun 20 15:08:00 CDT 2025: NextJS server is running. Running scheduled reports check...
/Users/sim/Project2/scripts/../scripts/run-scheduled-reports-cron.sh: line 25: node: command not found
[2025-06-20T20:08:19.029Z] [INFO] Checking for scheduled reports...
[2025-06-20T20:08:19.254Z] [INFO] Checking for scheduled reports...
[2025-06-20T20:08:19.657Z] [DEBUG] Connected to MongoDB
[2025-06-20T20:08:19.723Z] [INFO] Found 1 company databases
[2025-06-20T20:08:19.724Z] [DEBUG] Processing company database: company_9jxwph8g
[2025-06-20T20:08:19.780Z] [DEBUG] Finding reports to execute in company_9jxwph8g (current time: 2025-06-20T20:08:19.780Z)
[2025-06-20T20:08:19.836Z] [INFO] Found 0 reports to execute in company_9jxwph8g
[2025-06-20T20:08:19.836Z] [INFO] Scheduled reports check completed
[2025-06-20T20:08:19.838Z] [DEBUG] MongoDB connection closed
[2025-06-20T20:08:19.861Z] [DEBUG] Connected to MongoDB
[2025-06-20T20:08:19.928Z] [INFO] Found 1 company databases
[2025-06-20T20:08:19.928Z] [DEBUG] Processing company database: company_9jxwph8g
[2025-06-20T20:08:19.985Z] [DEBUG] Finding reports to execute in company_9jxwph8g (current time: 2025-06-20T20:08:19.985Z)
[2025-06-20T20:08:20.040Z] [INFO] Found 0 reports to execute in company_9jxwph8g
[2025-06-20T20:08:20.041Z] [INFO] Scheduled reports check completed
[2025-06-20T20:08:20.043Z] [DEBUG] MongoDB connection closed
[2025-06-20T20:08:49.030Z] [INFO] Checking for scheduled reports...
[2025-06-20T20:08:49.256Z] [INFO] Checking for scheduled reports...
[2025-06-20T20:08:49.694Z] [DEBUG] Connected to MongoDB
[2025-06-20T20:08:49.761Z] [INFO] Found 1 company databases
[2025-06-20T20:08:49.762Z] [DEBUG] Processing company database: company_9jxwph8g
[2025-06-20T20:08:49.819Z] [DEBUG] Finding reports to execute in company_9jxwph8g (current time: 2025-06-20T20:08:49.819Z)
[2025-06-20T20:08:49.875Z] [INFO] Found 0 reports to execute in company_9jxwph8g
[2025-06-20T20:08:49.875Z] [INFO] Scheduled reports check completed
[2025-06-20T20:08:49.878Z] [DEBUG] MongoDB connection closed
[2025-06-20T20:08:49.887Z] [DEBUG] Connected to MongoDB
[2025-06-20T20:08:49.954Z] [INFO] Found 1 company databases
[2025-06-20T20:08:49.955Z] [DEBUG] Processing company database: company_9jxwph8g
[2025-06-20T20:08:50.013Z] [DEBUG] Finding reports to execute in company_9jxwph8g (current time: 2025-06-20T20:08:50.013Z)
[2025-06-20T20:08:50.070Z] [INFO] Found 0 reports to execute in company_9jxwph8g
[2025-06-20T20:08:50.071Z] [INFO] Scheduled reports check completed
[2025-06-20T20:08:50.073Z] [DEBUG] MongoDB connection closed
Fri Jun 20 15:09:01 CDT 2025: Running scheduled reports
Fri Jun 20 15:09:01 CDT 2025: Checking if NextJS server is running...
/Users/sim/Project2/scripts/../scripts/run-simple-scheduled-reports.sh: line 16: node: command not found
Fri Jun 20 15:09:01 CDT 2025: NextJS server is running. Running scheduled reports check...
/Users/sim/Project2/scripts/../scripts/run-scheduled-reports-cron.sh: line 25: node: command not found
[2025-06-20T20:09:19.031Z] [INFO] Checking for scheduled reports...
[2025-06-20T20:09:19.257Z] [INFO] Checking for scheduled reports...
[2025-06-20T20:09:19.654Z] [DEBUG] Connected to MongoDB
[2025-06-20T20:09:19.725Z] [INFO] Found 1 company databases
[2025-06-20T20:09:19.725Z] [DEBUG] Processing company database: company_9jxwph8g
[2025-06-20T20:09:19.789Z] [DEBUG] Finding reports to execute in company_9jxwph8g (current time: 2025-06-20T20:09:19.789Z)
[2025-06-20T20:09:19.845Z] [INFO] Found 0 reports to execute in company_9jxwph8g
[2025-06-20T20:09:19.845Z] [INFO] Scheduled reports check completed
[2025-06-20T20:09:19.847Z] [DEBUG] MongoDB connection closed
[2025-06-20T20:09:19.867Z] [DEBUG] Connected to MongoDB
[2025-06-20T20:09:19.935Z] [INFO] Found 1 company databases
[2025-06-20T20:09:19.935Z] [DEBUG] Processing company database: company_9jxwph8g
[2025-06-20T20:09:19.991Z] [DEBUG] Finding reports to execute in company_9jxwph8g (current time: 2025-06-20T20:09:19.991Z)
[2025-06-20T20:09:20.046Z] [INFO] Found 0 reports to execute in company_9jxwph8g
[2025-06-20T20:09:20.047Z] [INFO] Scheduled reports check completed
[2025-06-20T20:09:20.049Z] [DEBUG] MongoDB connection closed
[2025-06-20T20:09:49.033Z] [INFO] Checking for scheduled reports...
[2025-06-20T20:09:49.258Z] [INFO] Checking for scheduled reports...
[2025-06-20T20:09:49.700Z] [DEBUG] Connected to MongoDB
[2025-06-20T20:09:49.769Z] [INFO] Found 1 company databases
[2025-06-20T20:09:49.770Z] [DEBUG] Processing company database: company_9jxwph8g
[2025-06-20T20:09:49.827Z] [DEBUG] Finding reports to execute in company_9jxwph8g (current time: 2025-06-20T20:09:49.827Z)
[2025-06-20T20:09:49.875Z] [DEBUG] Connected to MongoDB
[2025-06-20T20:09:49.883Z] [INFO] Found 0 reports to execute in company_9jxwph8g
[2025-06-20T20:09:49.884Z] [INFO] Scheduled reports check completed
[2025-06-20T20:09:49.886Z] [DEBUG] MongoDB connection closed
[2025-06-20T20:09:49.943Z] [INFO] Found 1 company databases
[2025-06-20T20:09:49.944Z] [DEBUG] Processing company database: company_9jxwph8g
[2025-06-20T20:09:50.002Z] [DEBUG] Finding reports to execute in company_9jxwph8g (current time: 2025-06-20T20:09:50.002Z)
[2025-06-20T20:09:50.063Z] [INFO] Found 0 reports to execute in company_9jxwph8g
[2025-06-20T20:09:50.064Z] [INFO] Scheduled reports check completed
[2025-06-20T20:09:50.066Z] [DEBUG] MongoDB connection closed
Fri Jun 20 15:10:00 CDT 2025: Running scheduled reports
Fri Jun 20 15:10:00 CDT 2025: Checking if NextJS server is running...
/Users/sim/Project2/scripts/../scripts/run-simple-scheduled-reports.sh: line 16: node: command not found
Fri Jun 20 15:10:00 CDT 2025: NextJS server is running. Running scheduled reports check...
/Users/sim/Project2/scripts/../scripts/run-scheduled-reports-cron.sh: line 25: node: command not found
[2025-06-20T20:10:19.034Z] [INFO] Checking for scheduled reports...
[2025-06-20T20:10:19.259Z] [INFO] Checking for scheduled reports...
[2025-06-20T20:10:19.655Z] [DEBUG] Connected to MongoDB
[2025-06-20T20:10:19.723Z] [INFO] Found 1 company databases
[2025-06-20T20:10:19.724Z] [DEBUG] Processing company database: company_9jxwph8g
[2025-06-20T20:10:19.781Z] [DEBUG] Finding reports to execute in company_9jxwph8g (current time: 2025-06-20T20:10:19.781Z)
[2025-06-20T20:10:19.837Z] [INFO] Found 1 reports to execute in company_9jxwph8g
[2025-06-20T20:10:19.838Z] [INFO] Processing report: 6855bc32c9ab1519e616a5ab - all employees
[2025-06-20T20:10:19.838Z] [DEBUG] Report frequency: custom, Custom minutes: 5, Custom hours: N/A
[2025-06-20T20:10:19.839Z] [INFO] Executing report: 6855bc32c9ab1519e616a5ab - all employees for company company_9jxwph8g
[2025-06-20T20:10:19.914Z] [DEBUG] Connected to MongoDB
[2025-06-20T20:10:19.981Z] [INFO] Found 1 company databases
[2025-06-20T20:10:19.982Z] [DEBUG] Processing company database: company_9jxwph8g
[2025-06-20T20:10:20.039Z] [DEBUG] Finding reports to execute in company_9jxwph8g (current time: 2025-06-20T20:10:20.039Z)
[2025-06-20T20:10:20.097Z] [INFO] Found 1 reports to execute in company_9jxwph8g
[2025-06-20T20:10:20.098Z] [INFO] Processing report: 6855bc32c9ab1519e616a5ab - all employees
[2025-06-20T20:10:20.098Z] [DEBUG] Report frequency: custom, Custom minutes: 5, Custom hours: N/A
[2025-06-20T20:10:20.098Z] [INFO] Executing report: 6855bc32c9ab1519e616a5ab - all employees for company company_9jxwph8g
[2025-06-20T20:10:46.374Z] [INFO] Successfully executed report 6855bc32c9ab1519e616a5ab. Generated report ID: 1750450222756
[2025-06-20T20:10:46.375Z] [DEBUG] Custom frequency calculation: 0 hours and 5 minutes = 5 total minutes
[2025-06-20T20:10:46.376Z] [DEBUG] Next execution for custom frequency: 2025-06-20T20:15:46.375Z
[2025-06-20T20:10:46.435Z] [INFO] Updated scheduled report 6855bc32c9ab1519e616a5ab with next execution time: 2025-06-20T20:15:46.375Z
[2025-06-20T20:10:46.436Z] [INFO] Scheduled reports check completed
[2025-06-20T20:10:46.439Z] [DEBUG] MongoDB connection closed
[2025-06-20T20:10:49.035Z] [INFO] Checking for scheduled reports...
[2025-06-20T20:10:49.260Z] [INFO] Checking for scheduled reports...
[2025-06-20T20:10:49.653Z] [DEBUG] Connected to MongoDB
[2025-06-20T20:10:49.719Z] [INFO] Found 1 company databases
[2025-06-20T20:10:49.720Z] [DEBUG] Processing company database: company_9jxwph8g
[2025-06-20T20:10:49.776Z] [DEBUG] Finding reports to execute in company_9jxwph8g (current time: 2025-06-20T20:10:49.776Z)
[2025-06-20T20:10:49.833Z] [INFO] Found 0 reports to execute in company_9jxwph8g
[2025-06-20T20:10:49.833Z] [INFO] Scheduled reports check completed
[2025-06-20T20:10:49.836Z] [DEBUG] MongoDB connection closed
[2025-06-20T20:10:49.918Z] [DEBUG] Connected to MongoDB
[2025-06-20T20:10:49.985Z] [INFO] Found 1 company databases
[2025-06-20T20:10:49.986Z] [DEBUG] Processing company database: company_9jxwph8g
[2025-06-20T20:10:50.042Z] [DEBUG] Finding reports to execute in company_9jxwph8g (current time: 2025-06-20T20:10:50.042Z)
[2025-06-20T20:10:50.098Z] [INFO] Found 0 reports to execute in company_9jxwph8g
[2025-06-20T20:10:50.098Z] [INFO] Scheduled reports check completed
[2025-06-20T20:10:50.101Z] [DEBUG] MongoDB connection closed
[2025-06-20T20:10:52.001Z] [INFO] Successfully executed report 6855bc32c9ab1519e616a5ab. Generated report ID: 1750450222774
[2025-06-20T20:10:52.002Z] [DEBUG] Custom frequency calculation: 0 hours and 5 minutes = 5 total minutes
[2025-06-20T20:10:52.002Z] [DEBUG] Next execution for custom frequency: 2025-06-20T20:15:52.002Z
[2025-06-20T20:10:52.064Z] [INFO] Updated scheduled report 6855bc32c9ab1519e616a5ab with next execution time: 2025-06-20T20:15:52.002Z
[2025-06-20T20:10:52.064Z] [INFO] Scheduled reports check completed
[2025-06-20T20:10:52.067Z] [DEBUG] MongoDB connection closed
Fri Jun 20 15:11:00 CDT 2025: Running scheduled reports
Fri Jun 20 15:11:00 CDT 2025: Checking if NextJS server is running...
/Users/sim/Project2/scripts/../scripts/run-simple-scheduled-reports.sh: line 16: node: command not found
Fri Jun 20 15:11:00 CDT 2025: NextJS server is running. Running scheduled reports check...
/Users/sim/Project2/scripts/../scripts/run-scheduled-reports-cron.sh: line 25: node: command not found
[2025-06-20T20:11:19.036Z] [INFO] Checking for scheduled reports...
[2025-06-20T20:11:19.260Z] [INFO] Checking for scheduled reports...
[2025-06-20T20:11:19.778Z] [DEBUG] Connected to MongoDB
[2025-06-20T20:11:19.845Z] [INFO] Found 1 company databases
[2025-06-20T20:11:19.846Z] [DEBUG] Processing company database: company_9jxwph8g
[2025-06-20T20:11:19.902Z] [DEBUG] Finding reports to execute in company_9jxwph8g (current time: 2025-06-20T20:11:19.902Z)
[2025-06-20T20:11:19.920Z] [DEBUG] Connected to MongoDB
[2025-06-20T20:11:19.958Z] [INFO] Found 0 reports to execute in company_9jxwph8g
[2025-06-20T20:11:19.958Z] [INFO] Scheduled reports check completed
[2025-06-20T20:11:19.961Z] [DEBUG] MongoDB connection closed
[2025-06-20T20:11:19.990Z] [INFO] Found 1 company databases
[2025-06-20T20:11:19.990Z] [DEBUG] Processing company database: company_9jxwph8g
[2025-06-20T20:11:20.046Z] [DEBUG] Finding reports to execute in company_9jxwph8g (current time: 2025-06-20T20:11:20.046Z)
[2025-06-20T20:11:20.101Z] [INFO] Found 0 reports to execute in company_9jxwph8g
[2025-06-20T20:11:20.101Z] [INFO] Scheduled reports check completed
[2025-06-20T20:11:20.104Z] [DEBUG] MongoDB connection closed
[2025-06-20T20:11:49.037Z] [INFO] Checking for scheduled reports...
[2025-06-20T20:11:49.261Z] [INFO] Checking for scheduled reports...
[2025-06-20T20:11:49.662Z] [DEBUG] Connected to MongoDB
[2025-06-20T20:11:49.732Z] [INFO] Found 1 company databases
[2025-06-20T20:11:49.732Z] [DEBUG] Processing company database: company_9jxwph8g
[2025-06-20T20:11:49.790Z] [DEBUG] Finding reports to execute in company_9jxwph8g (current time: 2025-06-20T20:11:49.790Z)
[2025-06-20T20:11:49.847Z] [INFO] Found 0 reports to execute in company_9jxwph8g
[2025-06-20T20:11:49.847Z] [INFO] Scheduled reports check completed
[2025-06-20T20:11:49.850Z] [DEBUG] MongoDB connection closed
[2025-06-20T20:11:49.880Z] [DEBUG] Connected to MongoDB
[2025-06-20T20:11:49.948Z] [INFO] Found 1 company databases
[2025-06-20T20:11:49.949Z] [DEBUG] Processing company database: company_9jxwph8g
[2025-06-20T20:11:50.005Z] [DEBUG] Finding reports to execute in company_9jxwph8g (current time: 2025-06-20T20:11:50.005Z)
[2025-06-20T20:11:50.061Z] [INFO] Found 0 reports to execute in company_9jxwph8g
[2025-06-20T20:11:50.062Z] [INFO] Scheduled reports check completed
[2025-06-20T20:11:50.065Z] [DEBUG] MongoDB connection closed
Fri Jun 20 15:12:00 CDT 2025: Checking if NextJS server is running...
Fri Jun 20 15:12:00 CDT 2025: Running scheduled reports
/Users/sim/Project2/scripts/../scripts/run-simple-scheduled-reports.sh: line 16: node: command not found
Fri Jun 20 15:12:00 CDT 2025: NextJS server is running. Running scheduled reports check...
/Users/sim/Project2/scripts/../scripts/run-scheduled-reports-cron.sh: line 25: node: command not found
[2025-06-20T20:12:19.039Z] [INFO] Checking for scheduled reports...
[2025-06-20T20:12:19.262Z] [INFO] Checking for scheduled reports...
[2025-06-20T20:12:19.665Z] [DEBUG] Connected to MongoDB
[2025-06-20T20:12:19.733Z] [INFO] Found 1 company databases
[2025-06-20T20:12:19.734Z] [DEBUG] Processing company database: company_9jxwph8g
[2025-06-20T20:12:19.790Z] [DEBUG] Finding reports to execute in company_9jxwph8g (current time: 2025-06-20T20:12:19.790Z)
[2025-06-20T20:12:19.846Z] [INFO] Found 0 reports to execute in company_9jxwph8g
[2025-06-20T20:12:19.847Z] [INFO] Scheduled reports check completed
[2025-06-20T20:12:19.849Z] [DEBUG] MongoDB connection closed
[2025-06-20T20:12:19.961Z] [DEBUG] Connected to MongoDB
[2025-06-20T20:12:20.028Z] [INFO] Found 1 company databases
[2025-06-20T20:12:20.028Z] [DEBUG] Processing company database: company_9jxwph8g
[2025-06-20T20:12:20.085Z] [DEBUG] Finding reports to execute in company_9jxwph8g (current time: 2025-06-20T20:12:20.085Z)
[2025-06-20T20:12:20.142Z] [INFO] Found 0 reports to execute in company_9jxwph8g
[2025-06-20T20:12:20.142Z] [INFO] Scheduled reports check completed
[2025-06-20T20:12:20.145Z] [DEBUG] MongoDB connection closed
[2025-06-20T20:12:49.041Z] [INFO] Checking for scheduled reports...
[2025-06-20T20:12:49.262Z] [INFO] Checking for scheduled reports...
[2025-06-20T20:12:49.711Z] [DEBUG] Connected to MongoDB
[2025-06-20T20:12:49.779Z] [INFO] Found 1 company databases
[2025-06-20T20:12:49.780Z] [DEBUG] Processing company database: company_9jxwph8g
[2025-06-20T20:12:49.836Z] [DEBUG] Finding reports to execute in company_9jxwph8g (current time: 2025-06-20T20:12:49.836Z)
[2025-06-20T20:12:49.877Z] [DEBUG] Connected to MongoDB
[2025-06-20T20:12:49.892Z] [INFO] Found 0 reports to execute in company_9jxwph8g
[2025-06-20T20:12:49.892Z] [INFO] Scheduled reports check completed
[2025-06-20T20:12:49.895Z] [DEBUG] MongoDB connection closed
[2025-06-20T20:12:49.945Z] [INFO] Found 1 company databases
[2025-06-20T20:12:49.946Z] [DEBUG] Processing company database: company_9jxwph8g
[2025-06-20T20:12:50.003Z] [DEBUG] Finding reports to execute in company_9jxwph8g (current time: 2025-06-20T20:12:50.003Z)
[2025-06-20T20:12:50.061Z] [INFO] Found 0 reports to execute in company_9jxwph8g
[2025-06-20T20:12:50.061Z] [INFO] Scheduled reports check completed
[2025-06-20T20:12:50.063Z] [DEBUG] MongoDB connection closed
Fri Jun 20 15:13:00 CDT 2025: Running scheduled reports
Fri Jun 20 15:13:00 CDT 2025: Checking if NextJS server is running...
/Users/sim/Project2/scripts/../scripts/run-simple-scheduled-reports.sh: line 16: node: command not found
Fri Jun 20 15:13:00 CDT 2025: NextJS server is running. Running scheduled reports check...
/Users/sim/Project2/scripts/../scripts/run-scheduled-reports-cron.sh: line 25: node: command not found
[2025-06-20T20:13:19.043Z] [INFO] Checking for scheduled reports...
[2025-06-20T20:13:19.262Z] [INFO] Checking for scheduled reports...
[2025-06-20T20:13:19.672Z] [DEBUG] Connected to MongoDB
[2025-06-20T20:13:19.743Z] [INFO] Found 1 company databases
[2025-06-20T20:13:19.743Z] [DEBUG] Processing company database: company_9jxwph8g
[2025-06-20T20:13:19.802Z] [DEBUG] Finding reports to execute in company_9jxwph8g (current time: 2025-06-20T20:13:19.802Z)
[2025-06-20T20:13:19.859Z] [INFO] Found 0 reports to execute in company_9jxwph8g
[2025-06-20T20:13:19.860Z] [INFO] Scheduled reports check completed
[2025-06-20T20:13:19.862Z] [DEBUG] MongoDB connection closed
[2025-06-20T20:13:19.903Z] [DEBUG] Connected to MongoDB
[2025-06-20T20:13:19.973Z] [INFO] Found 1 company databases
[2025-06-20T20:13:19.974Z] [DEBUG] Processing company database: company_9jxwph8g
[2025-06-20T20:13:20.034Z] [DEBUG] Finding reports to execute in company_9jxwph8g (current time: 2025-06-20T20:13:20.034Z)
[2025-06-20T20:13:20.093Z] [INFO] Found 0 reports to execute in company_9jxwph8g
[2025-06-20T20:13:20.094Z] [INFO] Scheduled reports check completed
[2025-06-20T20:13:20.096Z] [DEBUG] MongoDB connection closed
[2025-06-20T20:13:49.044Z] [INFO] Checking for scheduled reports...
[2025-06-20T20:13:49.262Z] [INFO] Checking for scheduled reports...
[2025-06-20T20:13:49.678Z] [DEBUG] Connected to MongoDB
[2025-06-20T20:13:49.752Z] [INFO] Found 1 company databases
[2025-06-20T20:13:49.753Z] [DEBUG] Processing company database: company_9jxwph8g
[2025-06-20T20:13:49.812Z] [DEBUG] Finding reports to execute in company_9jxwph8g (current time: 2025-06-20T20:13:49.812Z)
[2025-06-20T20:13:49.870Z] [INFO] Found 0 reports to execute in company_9jxwph8g
[2025-06-20T20:13:49.871Z] [INFO] Scheduled reports check completed
[2025-06-20T20:13:49.873Z] [DEBUG] MongoDB connection closed
[2025-06-20T20:13:49.926Z] [DEBUG] Connected to MongoDB
[2025-06-20T20:13:49.996Z] [INFO] Found 1 company databases
[2025-06-20T20:13:49.997Z] [DEBUG] Processing company database: company_9jxwph8g
[2025-06-20T20:13:50.055Z] [DEBUG] Finding reports to execute in company_9jxwph8g (current time: 2025-06-20T20:13:50.055Z)
[2025-06-20T20:13:50.113Z] [INFO] Found 0 reports to execute in company_9jxwph8g
[2025-06-20T20:13:50.114Z] [INFO] Scheduled reports check completed
[2025-06-20T20:13:50.116Z] [DEBUG] MongoDB connection closed
Fri Jun 20 15:14:00 CDT 2025: Running scheduled reports
Fri Jun 20 15:14:00 CDT 2025: Checking if NextJS server is running...
/Users/sim/Project2/scripts/../scripts/run-simple-scheduled-reports.sh: line 16: node: command not found
Fri Jun 20 15:14:01 CDT 2025: NextJS server is running. Running scheduled reports check...
/Users/sim/Project2/scripts/../scripts/run-scheduled-reports-cron.sh: line 25: node: command not found
[2025-06-20T20:14:19.045Z] [INFO] Checking for scheduled reports...
[2025-06-20T20:14:19.263Z] [INFO] Checking for scheduled reports...
[2025-06-20T20:14:19.785Z] [DEBUG] Connected to MongoDB
[2025-06-20T20:14:19.856Z] [INFO] Found 1 company databases
[2025-06-20T20:14:19.856Z] [DEBUG] Processing company database: company_9jxwph8g
[2025-06-20T20:14:19.952Z] [DEBUG] Connected to MongoDB
[2025-06-20T20:14:19.953Z] [DEBUG] Finding reports to execute in company_9jxwph8g (current time: 2025-06-20T20:14:19.953Z)
[2025-06-20T20:14:20.037Z] [INFO] Found 1 company databases
[2025-06-20T20:14:20.037Z] [INFO] Found 0 reports to execute in company_9jxwph8g
[2025-06-20T20:14:20.037Z] [DEBUG] Processing company database: company_9jxwph8g
[2025-06-20T20:14:20.037Z] [INFO] Scheduled reports check completed
[2025-06-20T20:14:20.040Z] [DEBUG] MongoDB connection closed
[2025-06-20T20:14:20.096Z] [DEBUG] Finding reports to execute in company_9jxwph8g (current time: 2025-06-20T20:14:20.096Z)
[2025-06-20T20:14:20.166Z] [INFO] Found 0 reports to execute in company_9jxwph8g
[2025-06-20T20:14:20.166Z] [INFO] Scheduled reports check completed
[2025-06-20T20:14:20.168Z] [DEBUG] MongoDB connection closed
[2025-06-20T20:14:49.047Z] [INFO] Checking for scheduled reports...
[2025-06-20T20:14:49.264Z] [INFO] Checking for scheduled reports...
[2025-06-20T20:14:49.832Z] [DEBUG] Connected to MongoDB
[2025-06-20T20:14:49.902Z] [INFO] Found 1 company databases
[2025-06-20T20:14:49.903Z] [DEBUG] Processing company database: company_9jxwph8g
[2025-06-20T20:14:49.973Z] [DEBUG] Finding reports to execute in company_9jxwph8g (current time: 2025-06-20T20:14:49.973Z)
[2025-06-20T20:14:50.008Z] [DEBUG] Connected to MongoDB
[2025-06-20T20:14:50.047Z] [INFO] Found 0 reports to execute in company_9jxwph8g
[2025-06-20T20:14:50.047Z] [INFO] Scheduled reports check completed
[2025-06-20T20:14:50.050Z] [DEBUG] MongoDB connection closed
[2025-06-20T20:14:50.112Z] [INFO] Found 1 company databases
[2025-06-20T20:14:50.113Z] [DEBUG] Processing company database: company_9jxwph8g
[2025-06-20T20:14:50.180Z] [DEBUG] Finding reports to execute in company_9jxwph8g (current time: 2025-06-20T20:14:50.180Z)
[2025-06-20T20:14:50.240Z] [INFO] Found 0 reports to execute in company_9jxwph8g
[2025-06-20T20:14:50.240Z] [INFO] Scheduled reports check completed
[2025-06-20T20:14:50.242Z] [DEBUG] MongoDB connection closed
Fri Jun 20 15:15:00 CDT 2025: Running scheduled reports
Fri Jun 20 15:15:00 CDT 2025: Checking if NextJS server is running...
/Users/sim/Project2/scripts/../scripts/run-simple-scheduled-reports.sh: line 16: node: command not found
Fri Jun 20 15:15:02 CDT 2025: NextJS server is running. Running scheduled reports check...
/Users/sim/Project2/scripts/../scripts/run-scheduled-reports-cron.sh: line 25: node: command not found
[2025-06-20T20:15:19.053Z] [INFO] Checking for scheduled reports...
[2025-06-20T20:15:19.265Z] [INFO] Checking for scheduled reports...
[2025-06-20T20:15:19.948Z] [DEBUG] Connected to MongoDB
[2025-06-20T20:15:20.036Z] [INFO] Found 1 company databases
[2025-06-20T20:15:20.037Z] [DEBUG] Processing company database: company_9jxwph8g
[2025-06-20T20:15:20.076Z] [DEBUG] Connected to MongoDB
[2025-06-20T20:15:20.096Z] [DEBUG] Finding reports to execute in company_9jxwph8g (current time: 2025-06-20T20:15:20.096Z)
[2025-06-20T20:15:20.148Z] [INFO] Found 1 company databases
[2025-06-20T20:15:20.149Z] [DEBUG] Processing company database: company_9jxwph8g
[2025-06-20T20:15:20.155Z] [INFO] Found 0 reports to execute in company_9jxwph8g
[2025-06-20T20:15:20.155Z] [INFO] Scheduled reports check completed
[2025-06-20T20:15:20.158Z] [DEBUG] MongoDB connection closed
[2025-06-20T20:15:20.217Z] [DEBUG] Finding reports to execute in company_9jxwph8g (current time: 2025-06-20T20:15:20.217Z)
[2025-06-20T20:15:20.277Z] [INFO] Found 0 reports to execute in company_9jxwph8g
[2025-06-20T20:15:20.277Z] [INFO] Scheduled reports check completed
[2025-06-20T20:15:20.283Z] [DEBUG] MongoDB connection closed
[2025-06-20T20:15:49.053Z] [INFO] Checking for scheduled reports...
[2025-06-20T20:15:49.265Z] [INFO] Checking for scheduled reports...
[2025-06-20T20:15:49.783Z] [DEBUG] Connected to MongoDB
[2025-06-20T20:15:49.855Z] [INFO] Found 1 company databases
[2025-06-20T20:15:49.855Z] [DEBUG] Processing company database: company_9jxwph8g
[2025-06-20T20:15:49.913Z] [DEBUG] Finding reports to execute in company_9jxwph8g (current time: 2025-06-20T20:15:49.913Z)
[2025-06-20T20:15:49.940Z] [DEBUG] Connected to MongoDB
[2025-06-20T20:15:49.974Z] [INFO] Found 0 reports to execute in company_9jxwph8g
[2025-06-20T20:15:49.975Z] [INFO] Scheduled reports check completed
[2025-06-20T20:15:49.977Z] [DEBUG] MongoDB connection closed
[2025-06-20T20:15:50.010Z] [INFO] Found 1 company databases
[2025-06-20T20:15:50.011Z] [DEBUG] Processing company database: company_9jxwph8g
[2025-06-20T20:15:50.070Z] [DEBUG] Finding reports to execute in company_9jxwph8g (current time: 2025-06-20T20:15:50.070Z)
[2025-06-20T20:15:50.129Z] [INFO] Found 0 reports to execute in company_9jxwph8g
[2025-06-20T20:15:50.129Z] [INFO] Scheduled reports check completed
[2025-06-20T20:15:50.132Z] [DEBUG] MongoDB connection closed
Fri Jun 20 15:16:01 CDT 2025: Checking if NextJS server is running...
Fri Jun 20 15:16:01 CDT 2025: Running scheduled reports
/Users/sim/Project2/scripts/../scripts/run-simple-scheduled-reports.sh: line 16: node: command not found
Fri Jun 20 15:16:01 CDT 2025: NextJS server is running. Running scheduled reports check...
/Users/sim/Project2/scripts/../scripts/run-scheduled-reports-cron.sh: line 25: node: command not found
[2025-06-20T20:16:19.054Z] [INFO] Checking for scheduled reports...
[2025-06-20T20:16:19.265Z] [INFO] Checking for scheduled reports...
[2025-06-20T20:16:19.825Z] [DEBUG] Connected to MongoDB
[2025-06-20T20:16:19.932Z] [INFO] Found 1 company databases
[2025-06-20T20:16:19.933Z] [DEBUG] Processing company database: company_9jxwph8g
[2025-06-20T20:16:20.037Z] [DEBUG] Finding reports to execute in company_9jxwph8g (current time: 2025-06-20T20:16:20.037Z)
[2025-06-20T20:16:20.178Z] [DEBUG] Connected to MongoDB
[2025-06-20T20:16:20.178Z] [INFO] Found 1 reports to execute in company_9jxwph8g
[2025-06-20T20:16:20.179Z] [INFO] Processing report: 6855bc32c9ab1519e616a5ab - all employees
[2025-06-20T20:16:20.180Z] [DEBUG] Report frequency: custom, Custom minutes: 5, Custom hours: N/A
[2025-06-20T20:16:20.180Z] [INFO] Executing report: 6855bc32c9ab1519e616a5ab - all employees for company company_9jxwph8g
[2025-06-20T20:16:20.248Z] [INFO] Found 1 company databases
[2025-06-20T20:16:20.248Z] [DEBUG] Processing company database: company_9jxwph8g
[2025-06-20T20:16:20.307Z] [DEBUG] Finding reports to execute in company_9jxwph8g (current time: 2025-06-20T20:16:20.307Z)
[2025-06-20T20:16:20.365Z] [INFO] Found 1 reports to execute in company_9jxwph8g
[2025-06-20T20:16:20.366Z] [INFO] Processing report: 6855bc32c9ab1519e616a5ab - all employees
[2025-06-20T20:16:20.366Z] [DEBUG] Report frequency: custom, Custom minutes: 5, Custom hours: N/A
[2025-06-20T20:16:20.367Z] [INFO] Executing report: 6855bc32c9ab1519e616a5ab - all employees for company company_9jxwph8g
[2025-06-20T20:16:49.054Z] [INFO] Checking for scheduled reports...
[2025-06-20T20:16:49.265Z] [INFO] Checking for scheduled reports...
[2025-06-20T20:16:49.378Z] [INFO] Successfully executed report 6855bc32c9ab1519e616a5ab. Generated report ID: 1750450583942
[2025-06-20T20:16:49.379Z] [DEBUG] Custom frequency calculation: 0 hours and 5 minutes = 5 total minutes
[2025-06-20T20:16:49.380Z] [DEBUG] Next execution for custom frequency: 2025-06-20T20:21:49.379Z
[2025-06-20T20:16:49.600Z] [INFO] Updated scheduled report 6855bc32c9ab1519e616a5ab with next execution time: 2025-06-20T20:21:49.379Z
[2025-06-20T20:16:49.601Z] [INFO] Scheduled reports check completed
[2025-06-20T20:16:49.605Z] [DEBUG] MongoDB connection closed
[2025-06-20T20:16:50.662Z] [INFO] Successfully executed report 6855bc32c9ab1519e616a5ab. Generated report ID: 1750450583935
[2025-06-20T20:16:50.662Z] [DEBUG] Custom frequency calculation: 0 hours and 5 minutes = 5 total minutes
[2025-06-20T20:16:50.663Z] [DEBUG] Next execution for custom frequency: 2025-06-20T20:21:50.662Z
[2025-06-20T20:16:50.738Z] [INFO] Updated scheduled report 6855bc32c9ab1519e616a5ab with next execution time: 2025-06-20T20:21:50.662Z
[2025-06-20T20:16:50.739Z] [INFO] Scheduled reports check completed
[2025-06-20T20:16:50.742Z] [DEBUG] MongoDB connection closed
[2025-06-20T20:16:51.021Z] [DEBUG] Connected to MongoDB
[2025-06-20T20:16:51.021Z] [DEBUG] Connected to MongoDB
[2025-06-20T20:16:51.102Z] [INFO] Found 1 company databases
[2025-06-20T20:16:51.102Z] [INFO] Found 1 company databases
[2025-06-20T20:16:51.102Z] [DEBUG] Processing company database: company_9jxwph8g
[2025-06-20T20:16:51.102Z] [DEBUG] Processing company database: company_9jxwph8g
[2025-06-20T20:16:51.168Z] [DEBUG] Finding reports to execute in company_9jxwph8g (current time: 2025-06-20T20:16:51.168Z)
[2025-06-20T20:16:51.168Z] [DEBUG] Finding reports to execute in company_9jxwph8g (current time: 2025-06-20T20:16:51.168Z)
[2025-06-20T20:16:51.237Z] [INFO] Found 0 reports to execute in company_9jxwph8g
[2025-06-20T20:16:51.237Z] [INFO] Found 0 reports to execute in company_9jxwph8g
[2025-06-20T20:16:51.237Z] [INFO] Scheduled reports check completed
[2025-06-20T20:16:51.238Z] [INFO] Scheduled reports check completed
[2025-06-20T20:16:51.240Z] [DEBUG] MongoDB connection closed
[2025-06-20T20:16:51.240Z] [DEBUG] MongoDB connection closed
Fri Jun 20 15:17:00 CDT 2025: Checking if NextJS server is running...
Fri Jun 20 15:17:00 CDT 2025: Running scheduled reports
/Users/sim/Project2/scripts/../scripts/run-simple-scheduled-reports.sh: line 16: node: command not found
Fri Jun 20 15:17:00 CDT 2025: NextJS server is running. Running scheduled reports check...
/Users/sim/Project2/scripts/../scripts/run-scheduled-reports-cron.sh: line 25: node: command not found
[2025-06-20T20:17:19.055Z] [INFO] Checking for scheduled reports...
[2025-06-20T20:17:19.265Z] [INFO] Checking for scheduled reports...
[2025-06-20T20:17:19.849Z] [DEBUG] Connected to MongoDB
[2025-06-20T20:17:19.925Z] [INFO] Found 1 company databases
[2025-06-20T20:17:19.926Z] [DEBUG] Processing company database: company_9jxwph8g
[2025-06-20T20:17:19.985Z] [DEBUG] Connected to MongoDB
[2025-06-20T20:17:19.986Z] [DEBUG] Finding reports to execute in company_9jxwph8g (current time: 2025-06-20T20:17:19.986Z)
[2025-06-20T20:17:20.061Z] [INFO] Found 0 reports to execute in company_9jxwph8g
[2025-06-20T20:17:20.062Z] [INFO] Scheduled reports check completed
[2025-06-20T20:17:20.063Z] [DEBUG] MongoDB connection closed
[2025-06-20T20:17:20.077Z] [INFO] Found 1 company databases
[2025-06-20T20:17:20.078Z] [DEBUG] Processing company database: company_9jxwph8g
[2025-06-20T20:17:20.166Z] [DEBUG] Finding reports to execute in company_9jxwph8g (current time: 2025-06-20T20:17:20.166Z)
[2025-06-20T20:17:20.230Z] [INFO] Found 0 reports to execute in company_9jxwph8g
[2025-06-20T20:17:20.231Z] [INFO] Scheduled reports check completed
[2025-06-20T20:17:20.233Z] [DEBUG] MongoDB connection closed
[2025-06-20T20:17:49.056Z] [INFO] Checking for scheduled reports...
[2025-06-20T20:17:49.266Z] [INFO] Checking for scheduled reports...
[2025-06-20T20:17:49.787Z] [DEBUG] Connected to MongoDB
[2025-06-20T20:17:49.874Z] [INFO] Found 1 company databases
[2025-06-20T20:17:49.875Z] [DEBUG] Processing company database: company_9jxwph8g
[2025-06-20T20:17:49.938Z] [DEBUG] Finding reports to execute in company_9jxwph8g (current time: 2025-06-20T20:17:49.938Z)
[2025-06-20T20:17:49.954Z] [DEBUG] Connected to MongoDB
[2025-06-20T20:17:50.027Z] [INFO] Found 1 company databases
[2025-06-20T20:17:50.027Z] [INFO] Found 0 reports to execute in company_9jxwph8g
[2025-06-20T20:17:50.028Z] [DEBUG] Processing company database: company_9jxwph8g
[2025-06-20T20:17:50.028Z] [INFO] Scheduled reports check completed
[2025-06-20T20:17:50.031Z] [DEBUG] MongoDB connection closed
[2025-06-20T20:17:50.094Z] [DEBUG] Finding reports to execute in company_9jxwph8g (current time: 2025-06-20T20:17:50.094Z)
[2025-06-20T20:17:50.166Z] [INFO] Found 0 reports to execute in company_9jxwph8g
[2025-06-20T20:17:50.167Z] [INFO] Scheduled reports check completed
[2025-06-20T20:17:50.169Z] [DEBUG] MongoDB connection closed
Fri Jun 20 15:18:00 CDT 2025: Checking if NextJS server is running...
Fri Jun 20 15:18:00 CDT 2025: Running scheduled reports
/Users/sim/Project2/scripts/../scripts/run-simple-scheduled-reports.sh: line 16: node: command not found
Fri Jun 20 15:18:00 CDT 2025: NextJS server is running. Running scheduled reports check...
/Users/sim/Project2/scripts/../scripts/run-scheduled-reports-cron.sh: line 25: node: command not found
[2025-06-20T20:18:19.057Z] [INFO] Checking for scheduled reports...
[2025-06-20T20:18:19.266Z] [INFO] Checking for scheduled reports...
[2025-06-20T20:18:19.757Z] [DEBUG] Connected to MongoDB
[2025-06-20T20:18:19.842Z] [INFO] Found 1 company databases
[2025-06-20T20:18:19.843Z] [DEBUG] Processing company database: company_9jxwph8g
[2025-06-20T20:18:19.905Z] [DEBUG] Finding reports to execute in company_9jxwph8g (current time: 2025-06-20T20:18:19.905Z)
[2025-06-20T20:18:19.968Z] [DEBUG] Connected to MongoDB
[2025-06-20T20:18:19.969Z] [INFO] Found 0 reports to execute in company_9jxwph8g
[2025-06-20T20:18:19.970Z] [INFO] Scheduled reports check completed
[2025-06-20T20:18:19.973Z] [DEBUG] MongoDB connection closed
[2025-06-20T20:18:20.047Z] [INFO] Found 1 company databases
[2025-06-20T20:18:20.048Z] [DEBUG] Processing company database: company_9jxwph8g
[2025-06-20T20:18:20.118Z] [DEBUG] Finding reports to execute in company_9jxwph8g (current time: 2025-06-20T20:18:20.117Z)
[2025-06-20T20:18:20.175Z] [INFO] Found 0 reports to execute in company_9jxwph8g
[2025-06-20T20:18:20.176Z] [INFO] Scheduled reports check completed
[2025-06-20T20:18:20.178Z] [DEBUG] MongoDB connection closed
[2025-06-20T20:18:49.058Z] [INFO] Checking for scheduled reports...
[2025-06-20T20:18:49.267Z] [INFO] Checking for scheduled reports...
[2025-06-20T20:18:49.813Z] [DEBUG] Connected to MongoDB
[2025-06-20T20:18:49.886Z] [INFO] Found 1 company databases
[2025-06-20T20:18:49.887Z] [DEBUG] Processing company database: company_9jxwph8g
[2025-06-20T20:18:49.938Z] [DEBUG] Connected to MongoDB
[2025-06-20T20:18:49.947Z] [DEBUG] Finding reports to execute in company_9jxwph8g (current time: 2025-06-20T20:18:49.947Z)
[2025-06-20T20:18:50.005Z] [INFO] Found 0 reports to execute in company_9jxwph8g
[2025-06-20T20:18:50.006Z] [INFO] Scheduled reports check completed
[2025-06-20T20:18:50.010Z] [DEBUG] MongoDB connection closed
[2025-06-20T20:18:50.022Z] [INFO] Found 1 company databases
[2025-06-20T20:18:50.022Z] [DEBUG] Processing company database: company_9jxwph8g
[2025-06-20T20:18:50.088Z] [DEBUG] Finding reports to execute in company_9jxwph8g (current time: 2025-06-20T20:18:50.088Z)
[2025-06-20T20:18:50.148Z] [INFO] Found 0 reports to execute in company_9jxwph8g
[2025-06-20T20:18:50.148Z] [INFO] Scheduled reports check completed
[2025-06-20T20:18:50.150Z] [DEBUG] MongoDB connection closed
Fri Jun 20 15:19:00 CDT 2025: Checking if NextJS server is running...
Fri Jun 20 15:19:00 CDT 2025: Running scheduled reports
/Users/sim/Project2/scripts/../scripts/run-simple-scheduled-reports.sh: line 16: node: command not found
Fri Jun 20 15:19:00 CDT 2025: NextJS server is running. Running scheduled reports check...
/Users/sim/Project2/scripts/../scripts/run-scheduled-reports-cron.sh: line 25: node: command not found
[2025-06-20T20:19:19.059Z] [INFO] Checking for scheduled reports...
[2025-06-20T20:19:19.268Z] [INFO] Checking for scheduled reports...
[2025-06-20T20:19:19.845Z] [DEBUG] Connected to MongoDB
[2025-06-20T20:19:19.921Z] [INFO] Found 1 company databases
[2025-06-20T20:19:19.921Z] [DEBUG] Processing company database: company_9jxwph8g
[2025-06-20T20:19:19.976Z] [DEBUG] Connected to MongoDB
[2025-06-20T20:19:19.983Z] [DEBUG] Finding reports to execute in company_9jxwph8g (current time: 2025-06-20T20:19:19.983Z)
[2025-06-20T20:19:20.043Z] [INFO] Found 0 reports to execute in company_9jxwph8g
[2025-06-20T20:19:20.043Z] [INFO] Scheduled reports check completed
[2025-06-20T20:19:20.045Z] [DEBUG] MongoDB connection closed
[2025-06-20T20:19:20.091Z] [INFO] Found 1 company databases
[2025-06-20T20:19:20.091Z] [DEBUG] Processing company database: company_9jxwph8g
[2025-06-20T20:19:20.174Z] [DEBUG] Finding reports to execute in company_9jxwph8g (current time: 2025-06-20T20:19:20.174Z)
[2025-06-20T20:19:20.245Z] [INFO] Found 0 reports to execute in company_9jxwph8g
[2025-06-20T20:19:20.246Z] [INFO] Scheduled reports check completed
[2025-06-20T20:19:20.248Z] [DEBUG] MongoDB connection closed
[2025-06-20T20:19:49.060Z] [INFO] Checking for scheduled reports...
[2025-06-20T20:19:49.268Z] [INFO] Checking for scheduled reports...
[2025-06-20T20:19:49.863Z] [DEBUG] Connected to MongoDB
[2025-06-20T20:19:49.940Z] [INFO] Found 1 company databases
[2025-06-20T20:19:49.940Z] [DEBUG] Processing company database: company_9jxwph8g
[2025-06-20T20:19:50.001Z] [DEBUG] Finding reports to execute in company_9jxwph8g (current time: 2025-06-20T20:19:50.001Z)
[2025-06-20T20:19:50.059Z] [INFO] Found 0 reports to execute in company_9jxwph8g
[2025-06-20T20:19:50.059Z] [INFO] Scheduled reports check completed
[2025-06-20T20:19:50.060Z] [DEBUG] MongoDB connection closed
[2025-06-20T20:19:50.120Z] [DEBUG] Connected to MongoDB
[2025-06-20T20:19:50.198Z] [INFO] Found 1 company databases
[2025-06-20T20:19:50.198Z] [DEBUG] Processing company database: company_9jxwph8g
[2025-06-20T20:19:50.310Z] [DEBUG] Finding reports to execute in company_9jxwph8g (current time: 2025-06-20T20:19:50.310Z)
[2025-06-20T20:19:50.383Z] [INFO] Found 0 reports to execute in company_9jxwph8g
[2025-06-20T20:19:50.384Z] [INFO] Scheduled reports check completed
[2025-06-20T20:19:50.386Z] [DEBUG] MongoDB connection closed
Fri Jun 20 15:20:00 CDT 2025: Running scheduled reports
Fri Jun 20 15:20:00 CDT 2025: Checking if NextJS server is running...
/Users/sim/Project2/scripts/../scripts/run-simple-scheduled-reports.sh: line 16: node: command not found
Fri Jun 20 15:20:00 CDT 2025: NextJS server is running. Running scheduled reports check...
/Users/sim/Project2/scripts/../scripts/run-scheduled-reports-cron.sh: line 25: node: command not found
[2025-06-20T20:20:19.060Z] [INFO] Checking for scheduled reports...
[2025-06-20T20:20:19.269Z] [INFO] Checking for scheduled reports...
[2025-06-20T20:20:19.834Z] [DEBUG] Connected to MongoDB
[2025-06-20T20:20:19.912Z] [INFO] Found 1 company databases
[2025-06-20T20:20:19.912Z] [DEBUG] Processing company database: company_9jxwph8g
[2025-06-20T20:20:19.919Z] [DEBUG] Connected to MongoDB
[2025-06-20T20:20:19.972Z] [DEBUG] Finding reports to execute in company_9jxwph8g (current time: 2025-06-20T20:20:19.972Z)
[2025-06-20T20:20:19.992Z] [INFO] Found 1 company databases
[2025-06-20T20:20:19.992Z] [DEBUG] Processing company database: company_9jxwph8g
[2025-06-20T20:20:20.030Z] [INFO] Found 0 reports to execute in company_9jxwph8g
[2025-06-20T20:20:20.031Z] [INFO] Scheduled reports check completed
[2025-06-20T20:20:20.033Z] [DEBUG] MongoDB connection closed
[2025-06-20T20:20:20.064Z] [DEBUG] Finding reports to execute in company_9jxwph8g (current time: 2025-06-20T20:20:20.064Z)
[2025-06-20T20:20:20.129Z] [INFO] Found 0 reports to execute in company_9jxwph8g
[2025-06-20T20:20:20.130Z] [INFO] Scheduled reports check completed
[2025-06-20T20:20:20.132Z] [DEBUG] MongoDB connection closed
[2025-06-20T20:20:49.061Z] [INFO] Checking for scheduled reports...
[2025-06-20T20:20:49.270Z] [INFO] Checking for scheduled reports...
[2025-06-20T20:20:49.803Z] [DEBUG] Connected to MongoDB
[2025-06-20T20:20:49.879Z] [INFO] Found 1 company databases
[2025-06-20T20:20:49.880Z] [DEBUG] Processing company database: company_9jxwph8g
[2025-06-20T20:20:49.939Z] [DEBUG] Finding reports to execute in company_9jxwph8g (current time: 2025-06-20T20:20:49.939Z)
[2025-06-20T20:20:49.996Z] [DEBUG] Connected to MongoDB
[2025-06-20T20:20:49.996Z] [INFO] Found 0 reports to execute in company_9jxwph8g
[2025-06-20T20:20:49.997Z] [INFO] Scheduled reports check completed
[2025-06-20T20:20:49.999Z] [DEBUG] MongoDB connection closed
[2025-06-20T20:20:50.069Z] [INFO] Found 1 company databases
[2025-06-20T20:20:50.070Z] [DEBUG] Processing company database: company_9jxwph8g
[2025-06-20T20:20:50.166Z] [DEBUG] Finding reports to execute in company_9jxwph8g (current time: 2025-06-20T20:20:50.166Z)
[2025-06-20T20:20:50.236Z] [INFO] Found 0 reports to execute in company_9jxwph8g
[2025-06-20T20:20:50.237Z] [INFO] Scheduled reports check completed
[2025-06-20T20:20:50.239Z] [DEBUG] MongoDB connection closed
Fri Jun 20 15:21:01 CDT 2025: Running scheduled reports
Fri Jun 20 15:21:01 CDT 2025: Checking if NextJS server is running...
/Users/sim/Project2/scripts/../scripts/run-simple-scheduled-reports.sh: line 16: node: command not found
Fri Jun 20 15:21:01 CDT 2025: NextJS server is running. Running scheduled reports check...
/Users/sim/Project2/scripts/../scripts/run-scheduled-reports-cron.sh: line 25: node: command not found
[2025-06-20T20:21:19.062Z] [INFO] Checking for scheduled reports...
[2025-06-20T20:21:19.271Z] [INFO] Checking for scheduled reports...
[2025-06-20T20:21:19.787Z] [DEBUG] Connected to MongoDB
[2025-06-20T20:21:19.860Z] [INFO] Found 1 company databases
[2025-06-20T20:21:19.860Z] [DEBUG] Processing company database: company_9jxwph8g
[2025-06-20T20:21:19.926Z] [DEBUG] Finding reports to execute in company_9jxwph8g (current time: 2025-06-20T20:21:19.926Z)
[2025-06-20T20:21:20.003Z] [INFO] Found 0 reports to execute in company_9jxwph8g
[2025-06-20T20:21:20.004Z] [INFO] Scheduled reports check completed
[2025-06-20T20:21:20.006Z] [DEBUG] MongoDB connection closed
[2025-06-20T20:21:20.075Z] [DEBUG] Connected to MongoDB
[2025-06-20T20:21:20.170Z] [INFO] Found 1 company databases
[2025-06-20T20:21:20.171Z] [DEBUG] Processing company database: company_9jxwph8g
[2025-06-20T20:21:20.240Z] [DEBUG] Finding reports to execute in company_9jxwph8g (current time: 2025-06-20T20:21:20.240Z)
[2025-06-20T20:21:20.303Z] [INFO] Found 0 reports to execute in company_9jxwph8g
[2025-06-20T20:21:20.303Z] [INFO] Scheduled reports check completed
[2025-06-20T20:21:20.306Z] [DEBUG] MongoDB connection closed
[2025-06-20T20:21:49.063Z] [INFO] Checking for scheduled reports...
[2025-06-20T20:21:49.272Z] [INFO] Checking for scheduled reports...
[2025-06-20T20:21:49.976Z] [DEBUG] Connected to MongoDB
[2025-06-20T20:21:50.034Z] [DEBUG] Connected to MongoDB
[2025-06-20T20:21:50.050Z] [INFO] Found 1 company databases
[2025-06-20T20:21:50.051Z] [DEBUG] Processing company database: company_9jxwph8g
[2025-06-20T20:21:50.116Z] [DEBUG] Finding reports to execute in company_9jxwph8g (current time: 2025-06-20T20:21:50.116Z)
[2025-06-20T20:21:50.125Z] [INFO] Found 1 company databases
[2025-06-20T20:21:50.125Z] [DEBUG] Processing company database: company_9jxwph8g
[2025-06-20T20:21:50.176Z] [INFO] Found 0 reports to execute in company_9jxwph8g
[2025-06-20T20:21:50.177Z] [INFO] Scheduled reports check completed
[2025-06-20T20:21:50.179Z] [DEBUG] MongoDB connection closed
[2025-06-20T20:21:50.186Z] [DEBUG] Finding reports to execute in company_9jxwph8g (current time: 2025-06-20T20:21:50.186Z)
[2025-06-20T20:21:50.255Z] [INFO] Found 0 reports to execute in company_9jxwph8g
[2025-06-20T20:21:50.256Z] [INFO] Scheduled reports check completed
[2025-06-20T20:21:50.266Z] [DEBUG] MongoDB connection closed
Fri Jun 20 15:22:00 CDT 2025: Running scheduled reports
Fri Jun 20 15:22:00 CDT 2025: Checking if NextJS server is running...
/Users/sim/Project2/scripts/../scripts/run-simple-scheduled-reports.sh: line 16: node: command not found
Fri Jun 20 15:22:00 CDT 2025: NextJS server is running. Running scheduled reports check...
/Users/sim/Project2/scripts/../scripts/run-scheduled-reports-cron.sh: line 25: node: command not found
[2025-06-20T20:22:19.065Z] [INFO] Checking for scheduled reports...
[2025-06-20T20:22:19.273Z] [INFO] Checking for scheduled reports...
[2025-06-20T20:22:19.718Z] [DEBUG] Connected to MongoDB
[2025-06-20T20:22:19.790Z] [INFO] Found 1 company databases
[2025-06-20T20:22:19.790Z] [DEBUG] Processing company database: company_9jxwph8g
[2025-06-20T20:22:19.854Z] [DEBUG] Finding reports to execute in company_9jxwph8g (current time: 2025-06-20T20:22:19.854Z)
[2025-06-20T20:22:19.956Z] [INFO] Found 1 reports to execute in company_9jxwph8g
[2025-06-20T20:22:19.957Z] [INFO] Processing report: 6855bc32c9ab1519e616a5ab - all employees
[2025-06-20T20:22:19.957Z] [DEBUG] Report frequency: custom, Custom minutes: 5, Custom hours: N/A
[2025-06-20T20:22:19.958Z] [INFO] Executing report: 6855bc32c9ab1519e616a5ab - all employees for company company_9jxwph8g
[2025-06-20T20:22:20.011Z] [DEBUG] Connected to MongoDB
[2025-06-20T20:22:20.080Z] [INFO] Found 1 company databases
[2025-06-20T20:22:20.081Z] [DEBUG] Processing company database: company_9jxwph8g
[2025-06-20T20:22:20.138Z] [DEBUG] Finding reports to execute in company_9jxwph8g (current time: 2025-06-20T20:22:20.138Z)
[2025-06-20T20:22:20.196Z] [INFO] Found 1 reports to execute in company_9jxwph8g
[2025-06-20T20:22:20.197Z] [INFO] Processing report: 6855bc32c9ab1519e616a5ab - all employees
[2025-06-20T20:22:20.197Z] [DEBUG] Report frequency: custom, Custom minutes: 5, Custom hours: N/A
[2025-06-20T20:22:20.197Z] [INFO] Executing report: 6855bc32c9ab1519e616a5ab - all employees for company company_9jxwph8g
[2025-06-20T20:22:43.807Z] [INFO] Successfully executed report 6855bc32c9ab1519e616a5ab. Generated report ID: 1750450943178
[2025-06-20T20:22:43.808Z] [DEBUG] Custom frequency calculation: 0 hours and 5 minutes = 5 total minutes
[2025-06-20T20:22:43.809Z] [DEBUG] Next execution for custom frequency: 2025-06-20T20:27:43.808Z
[2025-06-20T20:22:43.916Z] [INFO] Updated scheduled report 6855bc32c9ab1519e616a5ab with next execution time: 2025-06-20T20:27:43.808Z
[2025-06-20T20:22:43.916Z] [INFO] Scheduled reports check completed
[2025-06-20T20:22:43.918Z] [DEBUG] MongoDB connection closed
[2025-06-20T20:22:49.065Z] [INFO] Checking for scheduled reports...
[2025-06-20T20:22:49.275Z] [INFO] Checking for scheduled reports...
Fri Jun 20 15:23:00 CDT 2025: Running scheduled reports
Fri Jun 20 15:23:00 CDT 2025: Checking if NextJS server is running...
/Users/sim/Project2/scripts/../scripts/run-simple-scheduled-reports.sh: line 16: node: command not found
Fri Jun 20 15:23:00 CDT 2025: NextJS server is running. Running scheduled reports check...
/Users/sim/Project2/scripts/../scripts/run-scheduled-reports-cron.sh: line 25: node: command not found
[2025-06-20T20:23:12.768Z] [DEBUG] Connected to MongoDB
[2025-06-20T20:23:12.835Z] [DEBUG] Connected to MongoDB
[2025-06-20T20:23:12.849Z] [INFO] Found 1 company databases
[2025-06-20T20:23:12.849Z] [DEBUG] Processing company database: company_9jxwph8g
[2025-06-20T20:23:15.718Z] [DEBUG] Finding reports to execute in company_9jxwph8g (current time: 2025-06-20T20:23:15.718Z)
[2025-06-20T20:23:15.718Z] [INFO] Found 1 company databases
[2025-06-20T20:23:15.719Z] [DEBUG] Processing company database: company_9jxwph8g
[2025-06-20T20:23:18.939Z] [INFO] Successfully executed report 6855bc32c9ab1519e616a5ab. Generated report ID: 1750450943207
[2025-06-20T20:23:18.940Z] [DEBUG] Custom frequency calculation: 0 hours and 5 minutes = 5 total minutes
[2025-06-20T20:23:18.941Z] [DEBUG] Next execution for custom frequency: 2025-06-20T20:28:18.940Z
[2025-06-20T20:23:19.065Z] [INFO] Checking for scheduled reports...
[2025-06-20T20:23:19.276Z] [INFO] Checking for scheduled reports...
[2025-06-20T20:23:19.879Z] [INFO] Updated scheduled report 6855bc32c9ab1519e616a5ab with next execution time: 2025-06-20T20:28:18.940Z
[2025-06-20T20:23:19.879Z] [INFO] Scheduled reports check completed
[2025-06-20T20:23:19.881Z] [DEBUG] MongoDB connection closed
[2025-06-20T20:23:23.304Z] [INFO] Found 0 reports to execute in company_9jxwph8g
[2025-06-20T20:23:23.305Z] [INFO] Scheduled reports check completed
[2025-06-20T20:23:23.306Z] [DEBUG] MongoDB connection closed
[2025-06-20T20:23:28.111Z] [DEBUG] Connected to MongoDB
[2025-06-20T20:23:28.180Z] [INFO] Found 1 company databases
[2025-06-20T20:23:28.181Z] [DEBUG] Processing company database: company_9jxwph8g
[2025-06-20T20:23:28.368Z] [DEBUG] Finding reports to execute in company_9jxwph8g (current time: 2025-06-20T20:23:28.368Z)
[2025-06-20T20:23:28.511Z] [INFO] Found 0 reports to execute in company_9jxwph8g
[2025-06-20T20:23:28.513Z] [INFO] Scheduled reports check completed
[2025-06-20T20:23:28.516Z] [DEBUG] MongoDB connection closed
[2025-06-20T20:23:28.840Z] [DEBUG] Connected to MongoDB
[2025-06-20T20:23:28.915Z] [INFO] Found 1 company databases
[2025-06-20T20:23:28.916Z] [DEBUG] Processing company database: company_9jxwph8g
[2025-06-20T20:23:29.896Z] [DEBUG] Finding reports to execute in company_9jxwph8g (current time: 2025-06-20T20:23:29.896Z)
[2025-06-20T20:23:30.022Z] [INFO] Found 0 reports to execute in company_9jxwph8g
[2025-06-20T20:23:30.022Z] [INFO] Scheduled reports check completed
[2025-06-20T20:23:30.024Z] [DEBUG] MongoDB connection closed
[2025-06-20T20:23:49.066Z] [INFO] Checking for scheduled reports...
[2025-06-20T20:23:49.278Z] [INFO] Checking for scheduled reports...
[2025-06-20T20:23:52.646Z] [DEBUG] Connected to MongoDB
[2025-06-20T20:23:52.791Z] [DEBUG] Connected to MongoDB
[2025-06-20T20:23:52.802Z] [INFO] Found 1 company databases
[2025-06-20T20:23:52.802Z] [DEBUG] Processing company database: company_9jxwph8g
[2025-06-20T20:23:52.987Z] [INFO] Found 1 company databases
[2025-06-20T20:23:52.988Z] [DEBUG] Processing company database: company_9jxwph8g
[2025-06-20T20:23:52.998Z] [DEBUG] Finding reports to execute in company_9jxwph8g (current time: 2025-06-20T20:23:52.998Z)
[2025-06-20T20:23:53.265Z] [INFO] Found 0 reports to execute in company_9jxwph8g
[2025-06-20T20:23:53.265Z] [INFO] Scheduled reports check completed
[2025-06-20T20:23:53.265Z] [DEBUG] Finding reports to execute in company_9jxwph8g (current time: 2025-06-20T20:23:53.265Z)
[2025-06-20T20:23:53.269Z] [DEBUG] MongoDB connection closed
Fri Jun 20 15:24:00 CDT 2025: Running scheduled reports
Fri Jun 20 15:24:00 CDT 2025: Checking if NextJS server is running...
/Users/sim/Project2/scripts/../scripts/run-simple-scheduled-reports.sh: line 16: node: command not found
Fri Jun 20 15:24:00 CDT 2025: NextJS server is running. Running scheduled reports check...
/Users/sim/Project2/scripts/../scripts/run-scheduled-reports-cron.sh: line 25: node: command not found
[2025-06-20T20:24:19.067Z] [INFO] Checking for scheduled reports...
[2025-06-20T20:24:19.278Z] [INFO] Checking for scheduled reports...
[2025-06-20T20:24:21.147Z] [INFO] Found 0 reports to execute in company_9jxwph8g
[2025-06-20T20:24:21.147Z] [INFO] Scheduled reports check completed
[2025-06-20T20:24:21.150Z] [DEBUG] MongoDB connection closed
[2025-06-20T20:24:23.189Z] [DEBUG] Connected to MongoDB
[2025-06-20T20:24:23.273Z] [INFO] Found 1 company databases
[2025-06-20T20:24:23.273Z] [DEBUG] Processing company database: company_9jxwph8g
[2025-06-20T20:24:23.321Z] [DEBUG] Connected to MongoDB
[2025-06-20T20:24:23.334Z] [DEBUG] Finding reports to execute in company_9jxwph8g (current time: 2025-06-20T20:24:23.334Z)
[2025-06-20T20:24:23.391Z] [INFO] Found 1 company databases
[2025-06-20T20:24:23.391Z] [INFO] Found 0 reports to execute in company_9jxwph8g
[2025-06-20T20:24:23.392Z] [DEBUG] Processing company database: company_9jxwph8g
[2025-06-20T20:24:23.392Z] [INFO] Scheduled reports check completed
[2025-06-20T20:24:23.394Z] [DEBUG] MongoDB connection closed
[2025-06-20T20:24:23.572Z] [DEBUG] Finding reports to execute in company_9jxwph8g (current time: 2025-06-20T20:24:23.572Z)
[2025-06-20T20:24:23.956Z] [INFO] Found 0 reports to execute in company_9jxwph8g
[2025-06-20T20:24:23.956Z] [INFO] Scheduled reports check completed
[2025-06-20T20:24:23.959Z] [DEBUG] MongoDB connection closed
[2025-06-20T20:24:49.067Z] [INFO] Checking for scheduled reports...
[2025-06-20T20:24:49.278Z] [INFO] Checking for scheduled reports...
Fri Jun 20 15:25:00 CDT 2025: Checking if NextJS server is running...
Fri Jun 20 15:25:00 CDT 2025: Running scheduled reports
/Users/sim/Project2/scripts/../scripts/run-simple-scheduled-reports.sh: line 16: node: command not found
Fri Jun 20 15:25:00 CDT 2025: NextJS server is running. Running scheduled reports check...
/Users/sim/Project2/scripts/../scripts/run-scheduled-reports-cron.sh: line 25: node: command not found
[2025-06-20T20:25:11.725Z] [DEBUG] Finding reports to execute in company_9jxwph8g (current time: 2025-06-20T20:25:11.725Z)
[2025-06-20T20:25:13.612Z] [INFO] Found 0 reports to execute in company_9jxwph8g
[2025-06-20T20:25:13.612Z] [INFO] Scheduled reports check completed
[2025-06-20T20:25:13.615Z] [DEBUG] MongoDB connection closed
[2025-06-20T20:25:17.485Z] [DEBUG] Connected to MongoDB
[2025-06-20T20:25:19.068Z] [INFO] Checking for scheduled reports...
[2025-06-20T20:25:19.141Z] [INFO] Found 1 company databases
[2025-06-20T20:25:19.143Z] [DEBUG] Processing company database: company_9jxwph8g
[2025-06-20T20:25:19.279Z] [INFO] Checking for scheduled reports...
[2025-06-20T20:25:19.412Z] [DEBUG] Finding reports to execute in company_9jxwph8g (current time: 2025-06-20T20:25:19.412Z)
[2025-06-20T20:25:24.032Z] [INFO] Found 0 reports to execute in company_9jxwph8g
[2025-06-20T20:25:24.032Z] [INFO] Scheduled reports check completed
[2025-06-20T20:25:24.034Z] [DEBUG] MongoDB connection closed
[2025-06-20T20:25:39.013Z] [DEBUG] Connected to MongoDB
[2025-06-20T20:25:39.117Z] [INFO] Found 1 company databases
[2025-06-20T20:25:39.117Z] [DEBUG] Processing company database: company_9jxwph8g
[2025-06-20T20:25:39.252Z] [DEBUG] Finding reports to execute in company_9jxwph8g (current time: 2025-06-20T20:25:39.252Z)
[2025-06-20T20:25:40.901Z] [INFO] Found 0 reports to execute in company_9jxwph8g
[2025-06-20T20:25:40.901Z] [INFO] Scheduled reports check completed
[2025-06-20T20:25:40.903Z] [DEBUG] MongoDB connection closed
[2025-06-20T20:25:47.141Z] [DEBUG] Connected to MongoDB
[2025-06-20T20:25:47.949Z] [INFO] Found 1 company databases
[2025-06-20T20:25:47.950Z] [DEBUG] Processing company database: company_9jxwph8g
[2025-06-20T20:25:48.508Z] [DEBUG] Finding reports to execute in company_9jxwph8g (current time: 2025-06-20T20:25:48.508Z)
[2025-06-20T20:25:48.785Z] [INFO] Found 0 reports to execute in company_9jxwph8g
[2025-06-20T20:25:48.786Z] [INFO] Scheduled reports check completed
[2025-06-20T20:25:48.790Z] [DEBUG] MongoDB connection closed
[2025-06-20T20:25:49.069Z] [INFO] Checking for scheduled reports...
[2025-06-20T20:25:49.279Z] [INFO] Checking for scheduled reports...
[2025-06-20T20:25:51.466Z] [DEBUG] Connected to MongoDB
[2025-06-20T20:25:51.555Z] [INFO] Found 1 company databases
[2025-06-20T20:25:51.556Z] [DEBUG] Processing company database: company_9jxwph8g
[2025-06-20T20:25:51.618Z] [DEBUG] Finding reports to execute in company_9jxwph8g (current time: 2025-06-20T20:25:51.618Z)
[2025-06-20T20:25:51.693Z] [INFO] Found 0 reports to execute in company_9jxwph8g
[2025-06-20T20:25:51.694Z] [INFO] Scheduled reports check completed
[2025-06-20T20:25:51.696Z] [DEBUG] MongoDB connection closed
[2025-06-20T20:26:00.363Z] [DEBUG] Connected to MongoDB
[2025-06-20T20:26:00.363Z] [DEBUG] Connected to MongoDB
[2025-06-20T20:26:00.434Z] [INFO] Found 1 company databases
[2025-06-20T20:26:00.434Z] [INFO] Found 1 company databases
[2025-06-20T20:26:00.435Z] [DEBUG] Processing company database: company_9jxwph8g
[2025-06-20T20:26:00.435Z] [DEBUG] Processing company database: company_9jxwph8g
[2025-06-20T20:26:00.563Z] [DEBUG] Finding reports to execute in company_9jxwph8g (current time: 2025-06-20T20:26:00.563Z)
[2025-06-20T20:26:00.563Z] [DEBUG] Finding reports to execute in company_9jxwph8g (current time: 2025-06-20T20:26:00.563Z)
[2025-06-20T20:26:00.630Z] [INFO] Found 0 reports to execute in company_9jxwph8g
[2025-06-20T20:26:00.630Z] [INFO] Found 0 reports to execute in company_9jxwph8g
[2025-06-20T20:26:00.631Z] [INFO] Scheduled reports check completed
[2025-06-20T20:26:00.631Z] [INFO] Scheduled reports check completed
[2025-06-20T20:26:00.632Z] [DEBUG] MongoDB connection closed
[2025-06-20T20:26:00.632Z] [DEBUG] MongoDB connection closed
Fri Jun 20 15:26:00 CDT 2025: Checking if NextJS server is running...
Fri Jun 20 15:26:00 CDT 2025: Running scheduled reports
/Users/sim/Project2/scripts/../scripts/run-simple-scheduled-reports.sh: line 16: node: command not found
Fri Jun 20 15:26:00 CDT 2025: NextJS server is running. Running scheduled reports check...
/Users/sim/Project2/scripts/../scripts/run-scheduled-reports-cron.sh: line 25: node: command not found
[2025-06-20T20:26:19.070Z] [INFO] Checking for scheduled reports...
[2025-06-20T20:26:19.281Z] [INFO] Checking for scheduled reports...
[2025-06-20T20:26:49.070Z] [INFO] Checking for scheduled reports...
[2025-06-20T20:26:49.283Z] [INFO] Checking for scheduled reports...
[2025-06-20T20:26:57.831Z] [DEBUG] Connected to MongoDB
[2025-06-20T20:26:57.933Z] [INFO] Found 1 company databases
[2025-06-20T20:26:57.933Z] [DEBUG] Processing company database: company_9jxwph8g
[2025-06-20T20:26:58.067Z] [DEBUG] Finding reports to execute in company_9jxwph8g (current time: 2025-06-20T20:26:58.067Z)
[2025-06-20T20:26:58.256Z] [INFO] Found 0 reports to execute in company_9jxwph8g
[2025-06-20T20:26:58.256Z] [INFO] Scheduled reports check completed
[2025-06-20T20:26:58.258Z] [DEBUG] MongoDB connection closed
Fri Jun 20 15:27:01 CDT 2025: Running scheduled reports
Fri Jun 20 15:27:01 CDT 2025: Checking if NextJS server is running...
/Users/sim/Project2/scripts/../scripts/run-simple-scheduled-reports.sh: line 16: node: command not found
Fri Jun 20 15:27:01 CDT 2025: NextJS server is running. Running scheduled reports check...
/Users/sim/Project2/scripts/../scripts/run-scheduled-reports-cron.sh: line 25: node: command not found
[2025-06-20T20:27:09.941Z] [ERROR] Error in checkScheduledReports: Socket 'secureConnect' timed out after 40731ms (connectTimeoutMS: 30000)
[2025-06-20T20:27:09.943Z] [ERROR] Stack trace: MongoNetworkTimeoutError: Socket 'secureConnect' timed out after 40731ms (connectTimeoutMS: 30000)
    at TLSSocket.<anonymous> (/Users/sim/Project2/node_modules/mongodb/lib/cmap/connect.js:287:20)
    at Object.onceWrapper (node:events:621:28)
    at TLSSocket.emit (node:events:507:28)
    at Socket._onTimeout (node:net:609:8)
    at listOnTimeout (node:internal/timers:608:17)
    at process.processTimers (node:internal/timers:543:7)
[2025-06-20T20:27:19.072Z] [INFO] Checking for scheduled reports...
[2025-06-20T20:27:19.284Z] [INFO] Checking for scheduled reports...
[2025-06-20T20:27:23.397Z] [DEBUG] Connected to MongoDB
[2025-06-20T20:27:23.398Z] [DEBUG] Connected to MongoDB
[2025-06-20T20:27:23.587Z] [DEBUG] Connected to MongoDB
[2025-06-20T20:27:23.607Z] [INFO] Found 1 company databases
[2025-06-20T20:27:23.608Z] [DEBUG] Processing company database: company_9jxwph8g
[2025-06-20T20:27:23.617Z] [INFO] Found 1 company databases
[2025-06-20T20:27:23.618Z] [DEBUG] Processing company database: company_9jxwph8g
[2025-06-20T20:27:23.800Z] [DEBUG] Finding reports to execute in company_9jxwph8g (current time: 2025-06-20T20:27:23.800Z)
[2025-06-20T20:27:23.800Z] [DEBUG] Finding reports to execute in company_9jxwph8g (current time: 2025-06-20T20:27:23.800Z)
[2025-06-20T20:27:23.801Z] [DEBUG] Connected to MongoDB
[2025-06-20T20:27:23.825Z] [INFO] Found 1 company databases
[2025-06-20T20:27:23.826Z] [DEBUG] Processing company database: company_9jxwph8g
[2025-06-20T20:27:23.882Z] [INFO] Found 0 reports to execute in company_9jxwph8g
[2025-06-20T20:27:23.882Z] [INFO] Found 0 reports to execute in company_9jxwph8g
[2025-06-20T20:27:23.883Z] [INFO] Scheduled reports check completed
[2025-06-20T20:27:23.883Z] [INFO] Scheduled reports check completed
[2025-06-20T20:27:23.884Z] [DEBUG] MongoDB connection closed
[2025-06-20T20:27:23.884Z] [DEBUG] MongoDB connection closed
[2025-06-20T20:27:23.887Z] [INFO] Found 1 company databases
[2025-06-20T20:27:23.887Z] [DEBUG] Processing company database: company_9jxwph8g
[2025-06-20T20:27:23.912Z] [DEBUG] Finding reports to execute in company_9jxwph8g (current time: 2025-06-20T20:27:23.912Z)
[2025-06-20T20:27:23.987Z] [DEBUG] Finding reports to execute in company_9jxwph8g (current time: 2025-06-20T20:27:23.987Z)
[2025-06-20T20:27:24.004Z] [INFO] Found 0 reports to execute in company_9jxwph8g
[2025-06-20T20:27:24.005Z] [INFO] Scheduled reports check completed
[2025-06-20T20:27:24.007Z] [DEBUG] MongoDB connection closed
[2025-06-20T20:27:25.407Z] [INFO] Found 0 reports to execute in company_9jxwph8g
[2025-06-20T20:27:25.408Z] [INFO] Scheduled reports check completed
[2025-06-20T20:27:25.411Z] [DEBUG] MongoDB connection closed
[2025-06-20T20:27:49.072Z] [INFO] Checking for scheduled reports...
[2025-06-20T20:27:49.285Z] [INFO] Checking for scheduled reports...
Fri Jun 20 15:28:00 CDT 2025: Running scheduled reports
Fri Jun 20 15:28:00 CDT 2025: Checking if NextJS server is running...
/Users/sim/Project2/scripts/../scripts/run-simple-scheduled-reports.sh: line 16: node: command not found
Fri Jun 20 15:28:00 CDT 2025: NextJS server is running. Running scheduled reports check...
/Users/sim/Project2/scripts/../scripts/run-scheduled-reports-cron.sh: line 25: node: command not found
[2025-06-20T20:28:19.073Z] [INFO] Checking for scheduled reports...
[2025-06-20T20:28:19.084Z] [ERROR] Error in checkScheduledReports: Server selection timed out after 30000 ms
[2025-06-20T20:28:19.085Z] [ERROR] Stack trace: MongoServerSelectionError: Server selection timed out after 30000 ms
    at Topology.selectServer (/Users/sim/Project2/node_modules/mongodb/lib/sdam/topology.js:321:38)
    at async Topology._connect (/Users/sim/Project2/node_modules/mongodb/lib/sdam/topology.js:200:28)
    at async Topology.connect (/Users/sim/Project2/node_modules/mongodb/lib/sdam/topology.js:152:13)
    at async topologyConnect (/Users/sim/Project2/node_modules/mongodb/lib/mongo_client.js:233:17)
    at async MongoClient._connect (/Users/sim/Project2/node_modules/mongodb/lib/mongo_client.js:246:13)
    at async MongoClient.connect (/Users/sim/Project2/node_modules/mongodb/lib/mongo_client.js:171:13)
    at async MongoClient.connect (/Users/sim/Project2/node_modules/mongodb/lib/mongo_client.js:360:16)
    at async checkScheduledReports (/Users/sim/Project2/scripts/scheduled-reports-daemon.js:146:14)
    at async Timeout._onTimeout (/Users/sim/Project2/scripts/scheduled-reports-daemon.js:267:7)
[2025-06-20T20:28:19.286Z] [INFO] Checking for scheduled reports...
[2025-06-20T20:28:29.132Z] [DEBUG] Connected to MongoDB
[2025-06-20T20:28:29.334Z] [INFO] Found 1 company databases
[2025-06-20T20:28:29.335Z] [DEBUG] Processing company database: company_9jxwph8g
[2025-06-20T20:28:31.322Z] [DEBUG] Finding reports to execute in company_9jxwph8g (current time: 2025-06-20T20:28:31.322Z)
[2025-06-20T20:28:31.394Z] [INFO] Found 1 reports to execute in company_9jxwph8g
[2025-06-20T20:28:31.395Z] [INFO] Processing report: 6855bc32c9ab1519e616a5ab - all employees
[2025-06-20T20:28:31.395Z] [DEBUG] Report frequency: custom, Custom minutes: 5, Custom hours: N/A
[2025-06-20T20:28:31.396Z] [INFO] Executing report: 6855bc32c9ab1519e616a5ab - all employees for company company_9jxwph8g
[2025-06-20T20:28:49.075Z] [INFO] Checking for scheduled reports...
[2025-06-20T20:28:49.288Z] [INFO] Checking for scheduled reports...
[2025-06-20T20:28:50.162Z] [ERROR] Error in checkScheduledReports: Server selection timed out after 30000 ms
[2025-06-20T20:28:50.162Z] [ERROR] Stack trace: MongoServerSelectionError: Server selection timed out after 30000 ms
    at Topology.selectServer (/Users/sim/Project2/node_modules/mongodb/lib/sdam/topology.js:321:38)
    at async Topology._connect (/Users/sim/Project2/node_modules/mongodb/lib/sdam/topology.js:200:28)
    at async Topology.connect (/Users/sim/Project2/node_modules/mongodb/lib/sdam/topology.js:152:13)
    at async topologyConnect (/Users/sim/Project2/node_modules/mongodb/lib/mongo_client.js:233:17)
    at async MongoClient._connect (/Users/sim/Project2/node_modules/mongodb/lib/mongo_client.js:246:13)
    at async MongoClient.connect (/Users/sim/Project2/node_modules/mongodb/lib/mongo_client.js:171:13)
    at async MongoClient.connect (/Users/sim/Project2/node_modules/mongodb/lib/mongo_client.js:360:16)
    at async checkScheduledReports (/Users/sim/Project2/scripts/scheduled-reports-daemon.js:146:14)
    at async Timeout._onTimeout (/Users/sim/Project2/scripts/scheduled-reports-daemon.js:267:7)
[2025-06-20T20:28:52.457Z] [DEBUG] Connected to MongoDB
[2025-06-20T20:28:52.580Z] [INFO] Found 1 company databases
[2025-06-20T20:28:52.581Z] [DEBUG] Processing company database: company_9jxwph8g
[2025-06-20T20:28:52.682Z] [DEBUG] Connected to MongoDB
[2025-06-20T20:28:52.682Z] [DEBUG] Finding reports to execute in company_9jxwph8g (current time: 2025-06-20T20:28:52.682Z)
[2025-06-20T20:28:52.832Z] [INFO] Found 1 reports to execute in company_9jxwph8g
[2025-06-20T20:28:52.832Z] [INFO] Processing report: 6855bc32c9ab1519e616a5ab - all employees
[2025-06-20T20:28:52.832Z] [DEBUG] Report frequency: custom, Custom minutes: 5, Custom hours: N/A
[2025-06-20T20:28:52.833Z] [INFO] Executing report: 6855bc32c9ab1519e616a5ab - all employees for company company_9jxwph8g
[2025-06-20T20:28:52.873Z] [INFO] Found 1 company databases
[2025-06-20T20:28:52.873Z] [DEBUG] Processing company database: company_9jxwph8g
[2025-06-20T20:28:53.069Z] [DEBUG] Finding reports to execute in company_9jxwph8g (current time: 2025-06-20T20:28:53.069Z)
[2025-06-20T20:28:53.214Z] [INFO] Found 1 reports to execute in company_9jxwph8g
[2025-06-20T20:28:53.214Z] [INFO] Processing report: 6855bc32c9ab1519e616a5ab - all employees
[2025-06-20T20:28:53.214Z] [DEBUG] Report frequency: custom, Custom minutes: 5, Custom hours: N/A
[2025-06-20T20:28:53.214Z] [INFO] Executing report: 6855bc32c9ab1519e616a5ab - all employees for company company_9jxwph8g
Fri Jun 20 15:29:00 CDT 2025: Checking if NextJS server is running...
Fri Jun 20 15:29:00 CDT 2025: Running scheduled reports
/Users/sim/Project2/scripts/../scripts/run-simple-scheduled-reports.sh: line 16: node: command not found
Fri Jun 20 15:29:00 CDT 2025: NextJS server is running. Running scheduled reports check...
/Users/sim/Project2/scripts/../scripts/run-scheduled-reports-cron.sh: line 25: node: command not found
[2025-06-20T20:29:19.076Z] [INFO] Checking for scheduled reports...
[2025-06-20T20:29:19.288Z] [INFO] Checking for scheduled reports...
[2025-06-20T20:29:20.475Z] [DEBUG] Connected to MongoDB
[2025-06-20T20:29:20.683Z] [DEBUG] Connected to MongoDB
[2025-06-20T20:29:20.688Z] [INFO] Found 1 company databases
[2025-06-20T20:29:20.688Z] [DEBUG] Processing company database: company_9jxwph8g
[2025-06-20T20:29:20.767Z] [DEBUG] Finding reports to execute in company_9jxwph8g (current time: 2025-06-20T20:29:20.767Z)
[2025-06-20T20:29:20.769Z] [INFO] Found 1 company databases
[2025-06-20T20:29:20.770Z] [DEBUG] Processing company database: company_9jxwph8g
[2025-06-20T20:29:20.966Z] [DEBUG] Finding reports to execute in company_9jxwph8g (current time: 2025-06-20T20:29:20.966Z)
[2025-06-20T20:29:20.968Z] [INFO] Found 1 reports to execute in company_9jxwph8g
[2025-06-20T20:29:20.968Z] [INFO] Processing report: 6855bc32c9ab1519e616a5ab - all employees
[2025-06-20T20:29:20.969Z] [DEBUG] Report frequency: custom, Custom minutes: 5, Custom hours: N/A
[2025-06-20T20:29:20.972Z] [INFO] Executing report: 6855bc32c9ab1519e616a5ab - all employees for company company_9jxwph8g
[2025-06-20T20:29:21.173Z] [INFO] Found 1 reports to execute in company_9jxwph8g
[2025-06-20T20:29:21.174Z] [INFO] Processing report: 6855bc32c9ab1519e616a5ab - all employees
[2025-06-20T20:29:21.174Z] [DEBUG] Report frequency: custom, Custom minutes: 5, Custom hours: N/A
[2025-06-20T20:29:21.175Z] [INFO] Executing report: 6855bc32c9ab1519e616a5ab - all employees for company company_9jxwph8g
[2025-06-20T20:29:37.913Z] [ERROR] Error executing report 6855bc32c9ab1519e616a5ab: Failed to execute scheduled report: Server selection timed out after 30000 ms
[2025-06-20T20:29:37.913Z] [ERROR] Stack trace: Error: Failed to execute scheduled report: Server selection timed out after 30000 ms
    at executeReport (/Users/sim/Project2/scripts/scheduled-reports-daemon.js:124:13)
    at process.processTicksAndRejections (node:internal/process/task_queues:105:5)
    at async checkScheduledReports (/Users/sim/Project2/scripts/scheduled-reports-daemon.js:193:28)
    at async Timeout._onTimeout (/Users/sim/Project2/scripts/scheduled-reports-daemon.js:267:7)
[2025-06-20T20:29:37.914Z] [ERROR] Failed to execute report 6855bc32c9ab1519e616a5ab: Failed to execute scheduled report: Server selection timed out after 30000 ms
[2025-06-20T20:29:37.914Z] [INFO] Scheduled reports check completed
[2025-06-20T20:29:37.917Z] [DEBUG] MongoDB connection closed
[2025-06-20T20:29:49.077Z] [INFO] Checking for scheduled reports...
[2025-06-20T20:29:49.288Z] [INFO] Checking for scheduled reports...
[2025-06-20T20:29:54.436Z] [DEBUG] Connected to MongoDB
[2025-06-20T20:29:54.584Z] [DEBUG] Connected to MongoDB
[2025-06-20T20:29:54.597Z] [INFO] Found 1 company databases
[2025-06-20T20:29:54.598Z] [DEBUG] Processing company database: company_9jxwph8g
[2025-06-20T20:29:56.739Z] [DEBUG] Finding reports to execute in company_9jxwph8g (current time: 2025-06-20T20:29:56.739Z)
[2025-06-20T20:29:56.863Z] [INFO] Found 1 reports to execute in company_9jxwph8g
[2025-06-20T20:29:56.863Z] [INFO] Processing report: 6855bc32c9ab1519e616a5ab - all employees
[2025-06-20T20:29:56.864Z] [DEBUG] Report frequency: custom, Custom minutes: 5, Custom hours: N/A
[2025-06-20T20:29:56.864Z] [INFO] Executing report: 6855bc32c9ab1519e616a5ab - all employees for company company_9jxwph8g
[2025-06-20T20:29:56.871Z] [INFO] Found 1 company databases
[2025-06-20T20:29:56.871Z] [DEBUG] Processing company database: company_9jxwph8g
[2025-06-20T20:29:57.008Z] [DEBUG] Finding reports to execute in company_9jxwph8g (current time: 2025-06-20T20:29:57.008Z)
[2025-06-20T20:29:57.643Z] [DEBUG] Connected to MongoDB
[2025-06-20T20:29:57.771Z] [INFO] Found 1 reports to execute in company_9jxwph8g
[2025-06-20T20:29:57.772Z] [INFO] Processing report: 6855bc32c9ab1519e616a5ab - all employees
[2025-06-20T20:29:57.772Z] [DEBUG] Report frequency: custom, Custom minutes: 5, Custom hours: N/A
[2025-06-20T20:29:57.773Z] [INFO] Executing report: 6855bc32c9ab1519e616a5ab - all employees for company company_9jxwph8g
[2025-06-20T20:29:57.786Z] [INFO] Found 1 company databases
[2025-06-20T20:29:57.786Z] [DEBUG] Processing company database: company_9jxwph8g
[2025-06-20T20:29:57.845Z] [DEBUG] Finding reports to execute in company_9jxwph8g (current time: 2025-06-20T20:29:57.845Z)
[2025-06-20T20:29:58.628Z] [INFO] Found 1 reports to execute in company_9jxwph8g
[2025-06-20T20:29:58.628Z] [INFO] Processing report: 6855bc32c9ab1519e616a5ab - all employees
[2025-06-20T20:29:58.628Z] [DEBUG] Report frequency: custom, Custom minutes: 5, Custom hours: N/A
[2025-06-20T20:29:58.628Z] [INFO] Executing report: 6855bc32c9ab1519e616a5ab - all employees for company company_9jxwph8g
Fri Jun 20 15:30:00 CDT 2025: Checking if NextJS server is running...
Fri Jun 20 15:30:00 CDT 2025: Running scheduled reports
/Users/sim/Project2/scripts/../scripts/run-simple-scheduled-reports.sh: line 16: node: command not found
Fri Jun 20 15:30:00 CDT 2025: NextJS server is running. Running scheduled reports check...
/Users/sim/Project2/scripts/../scripts/run-scheduled-reports-cron.sh: line 25: node: command not found
[2025-06-20T20:30:19.077Z] [INFO] Checking for scheduled reports...
[2025-06-20T20:30:19.289Z] [INFO] Checking for scheduled reports...
[2025-06-20T20:30:32.402Z] [INFO] Successfully executed report 6855bc32c9ab1519e616a5ab. Generated report ID: 1750451365054
[2025-06-20T20:30:32.404Z] [DEBUG] Custom frequency calculation: 0 hours and 5 minutes = 5 total minutes
[2025-06-20T20:30:32.405Z] [DEBUG] Next execution for custom frequency: 2025-06-20T20:35:32.404Z
[2025-06-20T20:30:32.527Z] [INFO] Updated scheduled report 6855bc32c9ab1519e616a5ab with next execution time: 2025-06-20T20:35:32.404Z
[2025-06-20T20:30:32.528Z] [INFO] Scheduled reports check completed
[2025-06-20T20:30:32.532Z] [DEBUG] MongoDB connection closed
[2025-06-20T20:30:34.142Z] [DEBUG] Connected to MongoDB
[2025-06-20T20:30:34.697Z] [INFO] Found 1 company databases
[2025-06-20T20:30:34.697Z] [DEBUG] Processing company database: company_9jxwph8g
[2025-06-20T20:30:34.800Z] [DEBUG] Finding reports to execute in company_9jxwph8g (current time: 2025-06-20T20:30:34.800Z)
[2025-06-20T20:30:34.991Z] [INFO] Found 0 reports to execute in company_9jxwph8g
[2025-06-20T20:30:34.992Z] [INFO] Scheduled reports check completed
[2025-06-20T20:30:34.995Z] [DEBUG] MongoDB connection closed
[2025-06-20T20:30:35.324Z] [DEBUG] Connected to MongoDB
[2025-06-20T20:30:35.411Z] [INFO] Found 1 company databases
[2025-06-20T20:30:35.412Z] [DEBUG] Processing company database: company_9jxwph8g
[2025-06-20T20:30:35.503Z] [DEBUG] Finding reports to execute in company_9jxwph8g (current time: 2025-06-20T20:30:35.503Z)
[2025-06-20T20:30:35.647Z] [INFO] Found 0 reports to execute in company_9jxwph8g
[2025-06-20T20:30:35.648Z] [INFO] Scheduled reports check completed
[2025-06-20T20:30:35.653Z] [DEBUG] MongoDB connection closed
[2025-06-20T20:30:49.078Z] [INFO] Checking for scheduled reports...
[2025-06-20T20:30:49.291Z] [INFO] Checking for scheduled reports...
Fri Jun 20 15:31:00 CDT 2025: Checking if NextJS server is running...
Fri Jun 20 15:31:00 CDT 2025: Running scheduled reports
/Users/sim/Project2/scripts/../scripts/run-simple-scheduled-reports.sh: line 16: node: command not found
Fri Jun 20 15:31:00 CDT 2025: NextJS server is running. Running scheduled reports check...
/Users/sim/Project2/scripts/../scripts/run-scheduled-reports-cron.sh: line 25: node: command not found
[2025-06-20T20:31:10.151Z] [INFO] Successfully executed report 6855bc32c9ab1519e616a5ab. Generated report ID: 1750451396862
[2025-06-20T20:31:10.153Z] [DEBUG] Custom frequency calculation: 0 hours and 5 minutes = 5 total minutes
[2025-06-20T20:31:10.153Z] [DEBUG] Next execution for custom frequency: 2025-06-20T20:36:10.153Z
[2025-06-20T20:31:10.404Z] [INFO] Updated scheduled report 6855bc32c9ab1519e616a5ab with next execution time: 2025-06-20T20:36:10.153Z
[2025-06-20T20:31:10.404Z] [INFO] Scheduled reports check completed
[2025-06-20T20:31:10.408Z] [DEBUG] MongoDB connection closed
[2025-06-20T20:31:11.092Z] [DEBUG] Connected to MongoDB
[2025-06-20T20:31:19.078Z] [INFO] Checking for scheduled reports...
[2025-06-20T20:31:19.291Z] [INFO] Checking for scheduled reports...
[2025-06-20T20:31:21.023Z] [INFO] Found 1 company databases
[2025-06-20T20:31:21.024Z] [DEBUG] Processing company database: company_9jxwph8g
[2025-06-20T20:31:29.307Z] [DEBUG] Finding reports to execute in company_9jxwph8g (current time: 2025-06-20T20:31:29.307Z)
[2025-06-20T20:31:29.529Z] [INFO] Found 0 reports to execute in company_9jxwph8g
[2025-06-20T20:31:29.530Z] [INFO] Scheduled reports check completed
[2025-06-20T20:31:29.534Z] [DEBUG] MongoDB connection closed
[2025-06-20T20:31:49.079Z] [INFO] Checking for scheduled reports...
[2025-06-20T20:31:49.292Z] [INFO] Checking for scheduled reports...
[2025-06-20T20:31:49.497Z] [ERROR] Error in checkScheduledReports: Server selection timed out after 30000 ms
[2025-06-20T20:31:49.498Z] [ERROR] Stack trace: MongoServerSelectionError: Server selection timed out after 30000 ms
    at Topology.selectServer (/Users/sim/Project2/node_modules/mongodb/lib/sdam/topology.js:321:38)
    at async Topology._connect (/Users/sim/Project2/node_modules/mongodb/lib/sdam/topology.js:200:28)
    at async Topology.connect (/Users/sim/Project2/node_modules/mongodb/lib/sdam/topology.js:152:13)
    at async topologyConnect (/Users/sim/Project2/node_modules/mongodb/lib/mongo_client.js:233:17)
    at async MongoClient._connect (/Users/sim/Project2/node_modules/mongodb/lib/mongo_client.js:246:13)
    at async MongoClient.connect (/Users/sim/Project2/node_modules/mongodb/lib/mongo_client.js:171:13)
    at async MongoClient.connect (/Users/sim/Project2/node_modules/mongodb/lib/mongo_client.js:360:16)
    at async checkScheduledReports (/Users/sim/Project2/scripts/scheduled-reports-daemon.js:146:14)
    at async Timeout._onTimeout (/Users/sim/Project2/scripts/scheduled-reports-daemon.js:267:7)
[2025-06-20T20:31:55.545Z] [ERROR] Error in checkScheduledReports: Socket 'secureConnect' timed out after 30002ms (connectTimeoutMS: 30000)
[2025-06-20T20:31:55.546Z] [ERROR] Stack trace: MongoNetworkTimeoutError: Socket 'secureConnect' timed out after 30002ms (connectTimeoutMS: 30000)
    at TLSSocket.<anonymous> (/Users/sim/Project2/node_modules/mongodb/lib/cmap/connect.js:287:20)
    at Object.onceWrapper (node:events:621:28)
    at TLSSocket.emit (node:events:507:28)
    at Socket._onTimeout (node:net:609:8)
    at listOnTimeout (node:internal/timers:608:17)
    at process.processTimers (node:internal/timers:543:7)
[2025-06-20T20:31:57.273Z] [ERROR] Error executing report 6855bc32c9ab1519e616a5ab: Failed to execute scheduled report: An unexpected error occurred
[2025-06-20T20:31:57.274Z] [ERROR] Stack trace: Error: Failed to execute scheduled report: An unexpected error occurred
    at executeReport (/Users/sim/Project2/scripts/scheduled-reports-daemon.js:124:13)
    at process.processTicksAndRejections (node:internal/process/task_queues:105:5)
    at async checkScheduledReports (/Users/sim/Project2/scripts/scheduled-reports-daemon.js:193:28)
    at async Timeout._onTimeout (/Users/sim/Project2/scripts/scheduled-reports-daemon.js:267:7)
[2025-06-20T20:31:57.274Z] [ERROR] Failed to execute report 6855bc32c9ab1519e616a5ab: Failed to execute scheduled report: An unexpected error occurred
[2025-06-20T20:31:57.274Z] [INFO] Scheduled reports check completed
[2025-06-20T20:31:57.276Z] [DEBUG] MongoDB connection closed
Fri Jun 20 15:32:00 CDT 2025: Running scheduled reports
Fri Jun 20 15:32:00 CDT 2025: Checking if NextJS server is running...
/Users/sim/Project2/scripts/../scripts/run-simple-scheduled-reports.sh: line 16: node: command not found
Fri Jun 20 15:32:00 CDT 2025: NextJS server is running. Running scheduled reports check...
/Users/sim/Project2/scripts/../scripts/run-scheduled-reports-cron.sh: line 25: node: command not found
[2025-06-20T20:32:02.380Z] [ERROR] Error in checkScheduledReports: connection 1 to 89.192.236.29:27017 timed out
[2025-06-20T20:32:02.381Z] [ERROR] Stack trace: MongoNetworkTimeoutError: connection 1 to 89.192.236.29:27017 timed out
    at Timeout._onTimeout (/Users/sim/Project2/node_modules/mongodb/lib/cmap/connection.js:119:26)
    at listOnTimeout (node:internal/timers:608:17)
    at process.processTimers (node:internal/timers:543:7)
[2025-06-20T20:32:02.750Z] [DEBUG] Connected to MongoDB
[2025-06-20T20:32:02.849Z] [INFO] Found 1 company databases
[2025-06-20T20:32:02.849Z] [DEBUG] Processing company database: company_9jxwph8g
[2025-06-20T20:32:03.054Z] [DEBUG] Finding reports to execute in company_9jxwph8g (current time: 2025-06-20T20:32:03.054Z)
[2025-06-20T20:32:03.153Z] [INFO] Found 0 reports to execute in company_9jxwph8g
[2025-06-20T20:32:03.154Z] [INFO] Scheduled reports check completed
[2025-06-20T20:32:03.157Z] [DEBUG] MongoDB connection closed
[2025-06-20T20:32:05.345Z] [DEBUG] Connected to MongoDB
[2025-06-20T20:32:05.593Z] [INFO] Found 1 company databases
[2025-06-20T20:32:05.594Z] [DEBUG] Processing company database: company_9jxwph8g
[2025-06-20T20:32:05.759Z] [DEBUG] Finding reports to execute in company_9jxwph8g (current time: 2025-06-20T20:32:05.759Z)
[2025-06-20T20:32:05.928Z] [INFO] Found 0 reports to execute in company_9jxwph8g
[2025-06-20T20:32:05.928Z] [INFO] Scheduled reports check completed
[2025-06-20T20:32:05.931Z] [DEBUG] MongoDB connection closed
[2025-06-20T20:32:19.080Z] [INFO] Checking for scheduled reports...
[2025-06-20T20:32:19.293Z] [INFO] Checking for scheduled reports...
[2025-06-20T20:32:36.145Z] [DEBUG] Connected to MongoDB
[2025-06-20T20:32:41.183Z] [INFO] Found 1 company databases
[2025-06-20T20:32:41.183Z] [DEBUG] Processing company database: company_9jxwph8g
[2025-06-20T20:32:42.794Z] [DEBUG] Finding reports to execute in company_9jxwph8g (current time: 2025-06-20T20:32:42.794Z)
[2025-06-20T20:32:44.100Z] [INFO] Found 0 reports to execute in company_9jxwph8g
[2025-06-20T20:32:44.100Z] [INFO] Scheduled reports check completed
[2025-06-20T20:32:44.102Z] [DEBUG] MongoDB connection closed
[2025-06-20T20:32:49.080Z] [INFO] Checking for scheduled reports...
[2025-06-20T20:32:49.295Z] [INFO] Checking for scheduled reports...
[2025-06-20T20:32:50.388Z] [DEBUG] Connected to MongoDB
[2025-06-20T20:32:50.510Z] [DEBUG] Connected to MongoDB
[2025-06-20T20:32:50.523Z] [INFO] Found 1 company databases
[2025-06-20T20:32:50.524Z] [DEBUG] Processing company database: company_9jxwph8g
[2025-06-20T20:32:50.637Z] [DEBUG] Finding reports to execute in company_9jxwph8g (current time: 2025-06-20T20:32:50.637Z)
[2025-06-20T20:32:50.645Z] [INFO] Found 1 company databases
[2025-06-20T20:32:50.646Z] [DEBUG] Processing company database: company_9jxwph8g
[2025-06-20T20:32:52.751Z] [ERROR] Error in checkScheduledReports: Server selection timed out after 30000 ms
[2025-06-20T20:32:52.752Z] [ERROR] Stack trace: MongoServerSelectionError: Server selection timed out after 30000 ms
    at Topology.selectServer (/Users/sim/Project2/node_modules/mongodb/lib/sdam/topology.js:321:38)
    at async Topology._connect (/Users/sim/Project2/node_modules/mongodb/lib/sdam/topology.js:200:28)
    at async Topology.connect (/Users/sim/Project2/node_modules/mongodb/lib/sdam/topology.js:152:13)
    at async topologyConnect (/Users/sim/Project2/node_modules/mongodb/lib/mongo_client.js:233:17)
    at async MongoClient._connect (/Users/sim/Project2/node_modules/mongodb/lib/mongo_client.js:246:13)
    at async MongoClient.connect (/Users/sim/Project2/node_modules/mongodb/lib/mongo_client.js:171:13)
    at async MongoClient.connect (/Users/sim/Project2/node_modules/mongodb/lib/mongo_client.js:360:16)
    at async checkScheduledReports (/Users/sim/Project2/scripts/scheduled-reports-daemon.js:146:14)
    at async Timeout._onTimeout (/Users/sim/Project2/scripts/scheduled-reports-daemon.js:267:7)
[2025-06-20T20:32:53.672Z] [DEBUG] Finding reports to execute in company_9jxwph8g (current time: 2025-06-20T20:32:53.672Z)
[2025-06-20T20:32:53.891Z] [INFO] Found 0 reports to execute in company_9jxwph8g
[2025-06-20T20:32:53.892Z] [INFO] Scheduled reports check completed
[2025-06-20T20:32:53.895Z] [DEBUG] MongoDB connection closed
Fri Jun 20 15:33:00 CDT 2025: Running scheduled reports
Fri Jun 20 15:33:00 CDT 2025: Checking if NextJS server is running...
/Users/sim/Project2/scripts/../scripts/run-simple-scheduled-reports.sh: line 16: node: command not found
Fri Jun 20 15:33:00 CDT 2025: NextJS server is running. Running scheduled reports check...
/Users/sim/Project2/scripts/../scripts/run-scheduled-reports-cron.sh: line 25: node: command not found
[2025-06-20T20:33:00.436Z] [INFO] Found 0 reports to execute in company_9jxwph8g
[2025-06-20T20:33:00.437Z] [INFO] Scheduled reports check completed
[2025-06-20T20:33:00.439Z] [DEBUG] MongoDB connection closed
[2025-06-20T20:33:04.855Z] [INFO] Successfully executed report 6855bc32c9ab1519e616a5ab. Generated report ID: 1750451501970
[2025-06-20T20:33:04.856Z] [DEBUG] Custom frequency calculation: 0 hours and 5 minutes = 5 total minutes
[2025-06-20T20:33:04.857Z] [DEBUG] Next execution for custom frequency: 2025-06-20T20:38:04.856Z
[2025-06-20T20:33:10.298Z] [INFO] Updated scheduled report 6855bc32c9ab1519e616a5ab with next execution time: 2025-06-20T20:38:04.856Z
[2025-06-20T20:33:10.298Z] [INFO] Scheduled reports check completed
[2025-06-20T20:33:10.301Z] [DEBUG] MongoDB connection closed
[2025-06-20T20:33:19.082Z] [INFO] Checking for scheduled reports...
[2025-06-20T20:33:19.295Z] [INFO] Checking for scheduled reports...
[2025-06-20T20:33:20.530Z] [DEBUG] Connected to MongoDB
[2025-06-20T20:33:20.722Z] [DEBUG] Connected to MongoDB
[2025-06-20T20:33:22.882Z] [INFO] Found 1 company databases
[2025-06-20T20:33:22.883Z] [DEBUG] Processing company database: company_9jxwph8g
[2025-06-20T20:33:23.012Z] [DEBUG] Finding reports to execute in company_9jxwph8g (current time: 2025-06-20T20:33:23.012Z)
[2025-06-20T20:33:26.444Z] [INFO] Found 1 company databases
[2025-06-20T20:33:26.445Z] [DEBUG] Processing company database: company_9jxwph8g
[2025-06-20T20:33:26.619Z] [DEBUG] Finding reports to execute in company_9jxwph8g (current time: 2025-06-20T20:33:26.619Z)
[2025-06-20T20:33:27.163Z] [INFO] Found 0 reports to execute in company_9jxwph8g
[2025-06-20T20:33:27.163Z] [INFO] Scheduled reports check completed
[2025-06-20T20:33:27.164Z] [DEBUG] MongoDB connection closed
[2025-06-20T20:33:31.332Z] [INFO] Found 0 reports to execute in company_9jxwph8g
[2025-06-20T20:33:31.333Z] [INFO] Scheduled reports check completed
[2025-06-20T20:33:31.336Z] [DEBUG] MongoDB connection closed
[2025-06-20T20:33:49.082Z] [INFO] Checking for scheduled reports...
[2025-06-20T20:33:49.296Z] [INFO] Checking for scheduled reports...
[2025-06-20T20:33:50.534Z] [ERROR] Error executing report 6855bc32c9ab1519e616a5ab: Failed to execute scheduled report: An unexpected error occurred
[2025-06-20T20:33:50.534Z] [ERROR] Stack trace: Error: Failed to execute scheduled report: An unexpected error occurred
    at executeReport (/Users/sim/Project2/scripts/scheduled-reports-daemon.js:124:13)
    at process.processTicksAndRejections (node:internal/process/task_queues:105:5)
    at async checkScheduledReports (/Users/sim/Project2/scripts/scheduled-reports-daemon.js:193:28)
    at async Timeout._onTimeout (/Users/sim/Project2/scripts/scheduled-reports-daemon.js:267:7)
[2025-06-20T20:33:50.534Z] [ERROR] Failed to execute report 6855bc32c9ab1519e616a5ab: Failed to execute scheduled report: An unexpected error occurred
[2025-06-20T20:33:50.534Z] [INFO] Scheduled reports check completed
[2025-06-20T20:33:55.784Z] [DEBUG] MongoDB connection closed
[2025-06-20T20:33:56.092Z] [DEBUG] Connected to MongoDB
[2025-06-20T20:33:56.167Z] [INFO] Found 1 company databases
[2025-06-20T20:33:56.167Z] [DEBUG] Processing company database: company_9jxwph8g
[2025-06-20T20:33:56.339Z] [DEBUG] Finding reports to execute in company_9jxwph8g (current time: 2025-06-20T20:33:56.339Z)
[2025-06-20T20:33:56.529Z] [INFO] Found 0 reports to execute in company_9jxwph8g
[2025-06-20T20:33:56.530Z] [INFO] Scheduled reports check completed
[2025-06-20T20:33:56.532Z] [DEBUG] MongoDB connection closed
[2025-06-20T20:33:59.279Z] [DEBUG] Connected to MongoDB
[2025-06-20T20:33:59.361Z] [INFO] Found 1 company databases
[2025-06-20T20:33:59.361Z] [DEBUG] Processing company database: company_9jxwph8g
Fri Jun 20 15:34:00 CDT 2025: Checking if NextJS server is running...
Fri Jun 20 15:34:00 CDT 2025: Running scheduled reports
/Users/sim/Project2/scripts/../scripts/run-simple-scheduled-reports.sh: line 16: node: command not found
Fri Jun 20 15:34:00 CDT 2025: NextJS server is running. Running scheduled reports check...
/Users/sim/Project2/scripts/../scripts/run-scheduled-reports-cron.sh: line 25: node: command not found
[2025-06-20T20:34:02.631Z] [DEBUG] Finding reports to execute in company_9jxwph8g (current time: 2025-06-20T20:34:02.631Z)
[2025-06-20T20:34:02.705Z] [INFO] Found 0 reports to execute in company_9jxwph8g
[2025-06-20T20:34:02.706Z] [INFO] Scheduled reports check completed
[2025-06-20T20:34:02.708Z] [DEBUG] MongoDB connection closed
[2025-06-20T20:34:19.083Z] [INFO] Checking for scheduled reports...
[2025-06-20T20:34:19.298Z] [INFO] Checking for scheduled reports...
[2025-06-20T20:34:33.029Z] [DEBUG] Connected to MongoDB
[2025-06-20T20:34:34.051Z] [INFO] Found 1 company databases
[2025-06-20T20:34:34.052Z] [DEBUG] Processing company database: company_9jxwph8g
[2025-06-20T20:34:34.167Z] [DEBUG] Finding reports to execute in company_9jxwph8g (current time: 2025-06-20T20:34:34.167Z)
[2025-06-20T20:34:34.241Z] [INFO] Found 0 reports to execute in company_9jxwph8g
[2025-06-20T20:34:34.242Z] [INFO] Scheduled reports check completed
[2025-06-20T20:34:34.243Z] [DEBUG] MongoDB connection closed
[2025-06-20T20:34:35.338Z] [DEBUG] Connected to MongoDB
[2025-06-20T20:34:35.456Z] [INFO] Found 1 company databases
[2025-06-20T20:34:35.457Z] [DEBUG] Processing company database: company_9jxwph8g
[2025-06-20T20:34:35.637Z] [DEBUG] Finding reports to execute in company_9jxwph8g (current time: 2025-06-20T20:34:35.637Z)
[2025-06-20T20:34:36.125Z] [INFO] Found 0 reports to execute in company_9jxwph8g
[2025-06-20T20:34:36.126Z] [INFO] Scheduled reports check completed
[2025-06-20T20:34:36.128Z] [DEBUG] MongoDB connection closed
[2025-06-20T20:34:49.084Z] [INFO] Checking for scheduled reports...
[2025-06-20T20:34:49.298Z] [INFO] Checking for scheduled reports...
[2025-06-20T20:34:54.968Z] [DEBUG] Connected to MongoDB
[2025-06-20T20:34:57.799Z] [INFO] Found 1 company databases
[2025-06-20T20:34:57.800Z] [DEBUG] Processing company database: company_9jxwph8g
[2025-06-20T20:34:59.062Z] [DEBUG] Finding reports to execute in company_9jxwph8g (current time: 2025-06-20T20:34:59.062Z)
[2025-06-20T20:34:59.229Z] [INFO] Found 0 reports to execute in company_9jxwph8g
[2025-06-20T20:34:59.230Z] [INFO] Scheduled reports check completed
[2025-06-20T20:34:59.232Z] [DEBUG] MongoDB connection closed
Fri Jun 20 15:35:00 CDT 2025: Checking if NextJS server is running...
Fri Jun 20 15:35:00 CDT 2025: Running scheduled reports
/Users/sim/Project2/scripts/../scripts/run-simple-scheduled-reports.sh: line 16: node: command not found
Fri Jun 20 15:35:00 CDT 2025: NextJS server is running. Running scheduled reports check...
/Users/sim/Project2/scripts/../scripts/run-scheduled-reports-cron.sh: line 25: node: command not found
[2025-06-20T20:35:19.086Z] [INFO] Checking for scheduled reports...
[2025-06-20T20:35:19.299Z] [INFO] Checking for scheduled reports...
[2025-06-20T20:35:20.886Z] [DEBUG] Connected to MongoDB
[2025-06-20T20:35:21.030Z] [DEBUG] Connected to MongoDB
[2025-06-20T20:35:21.040Z] [INFO] Found 1 company databases
[2025-06-20T20:35:21.040Z] [DEBUG] Processing company database: company_9jxwph8g
[2025-06-20T20:35:21.211Z] [DEBUG] Finding reports to execute in company_9jxwph8g (current time: 2025-06-20T20:35:21.211Z)
[2025-06-20T20:35:21.222Z] [INFO] Found 1 company databases
[2025-06-20T20:35:21.223Z] [DEBUG] Processing company database: company_9jxwph8g
[2025-06-20T20:35:22.171Z] [DEBUG] Finding reports to execute in company_9jxwph8g (current time: 2025-06-20T20:35:22.171Z)
[2025-06-20T20:35:22.248Z] [INFO] Found 0 reports to execute in company_9jxwph8g
[2025-06-20T20:35:22.249Z] [INFO] Scheduled reports check completed
[2025-06-20T20:35:22.253Z] [DEBUG] MongoDB connection closed
[2025-06-20T20:35:30.179Z] [INFO] Found 0 reports to execute in company_9jxwph8g
[2025-06-20T20:35:30.180Z] [INFO] Scheduled reports check completed
[2025-06-20T20:35:30.183Z] [DEBUG] MongoDB connection closed
[2025-06-20T20:35:40.210Z] [DEBUG] Connected to MongoDB
[2025-06-20T20:35:40.541Z] [INFO] Found 1 company databases
[2025-06-20T20:35:40.542Z] [DEBUG] Processing company database: company_9jxwph8g
[2025-06-20T20:35:41.082Z] [DEBUG] Finding reports to execute in company_9jxwph8g (current time: 2025-06-20T20:35:41.082Z)
[2025-06-20T20:35:41.211Z] [INFO] Found 0 reports to execute in company_9jxwph8g
[2025-06-20T20:35:41.211Z] [INFO] Scheduled reports check completed
[2025-06-20T20:35:41.215Z] [DEBUG] MongoDB connection closed
[2025-06-20T20:35:49.086Z] [INFO] Checking for scheduled reports...
[2025-06-20T20:35:49.299Z] [INFO] Checking for scheduled reports...
[2025-06-20T20:35:58.935Z] [DEBUG] Connected to MongoDB
[2025-06-20T20:35:59.064Z] [INFO] Found 1 company databases
[2025-06-20T20:35:59.064Z] [DEBUG] Processing company database: company_9jxwph8g
[2025-06-20T20:35:59.186Z] [DEBUG] Finding reports to execute in company_9jxwph8g (current time: 2025-06-20T20:35:59.186Z)
[2025-06-20T20:35:59.281Z] [DEBUG] Connected to MongoDB
[2025-06-20T20:35:59.282Z] [INFO] Found 0 reports to execute in company_9jxwph8g
[2025-06-20T20:35:59.282Z] [INFO] Scheduled reports check completed
[2025-06-20T20:35:59.284Z] [DEBUG] MongoDB connection closed
[2025-06-20T20:35:59.485Z] [INFO] Found 1 company databases
[2025-06-20T20:35:59.486Z] [DEBUG] Processing company database: company_9jxwph8g
[2025-06-20T20:35:59.566Z] [DEBUG] Finding reports to execute in company_9jxwph8g (current time: 2025-06-20T20:35:59.566Z)
[2025-06-20T20:35:59.922Z] [INFO] Found 0 reports to execute in company_9jxwph8g
[2025-06-20T20:35:59.922Z] [INFO] Scheduled reports check completed
[2025-06-20T20:35:59.925Z] [DEBUG] MongoDB connection closed
Fri Jun 20 15:36:00 CDT 2025: Running scheduled reports
Fri Jun 20 15:36:00 CDT 2025: Checking if NextJS server is running...
/Users/sim/Project2/scripts/../scripts/run-simple-scheduled-reports.sh: line 16: node: command not found
Fri Jun 20 15:36:00 CDT 2025: NextJS server is running. Running scheduled reports check...
/Users/sim/Project2/scripts/../scripts/run-scheduled-reports-cron.sh: line 25: node: command not found
[2025-06-20T20:36:19.087Z] [INFO] Checking for scheduled reports...
[2025-06-20T20:36:19.300Z] [INFO] Checking for scheduled reports...
[2025-06-20T20:36:24.420Z] [DEBUG] Connected to MongoDB
[2025-06-20T20:36:24.623Z] [DEBUG] Connected to MongoDB
[2025-06-20T20:36:24.624Z] [INFO] Found 1 company databases
[2025-06-20T20:36:24.625Z] [DEBUG] Processing company database: company_9jxwph8g
[2025-06-20T20:36:25.439Z] [DEBUG] Finding reports to execute in company_9jxwph8g (current time: 2025-06-20T20:36:25.439Z)
[2025-06-20T20:36:25.438Z] [INFO] Found 1 company databases
[2025-06-20T20:36:25.440Z] [DEBUG] Processing company database: company_9jxwph8g
[2025-06-20T20:36:26.952Z] [INFO] Found 0 reports to execute in company_9jxwph8g
[2025-06-20T20:36:26.953Z] [INFO] Scheduled reports check completed
[2025-06-20T20:36:26.956Z] [DEBUG] MongoDB connection closed
[2025-06-20T20:36:27.032Z] [DEBUG] Finding reports to execute in company_9jxwph8g (current time: 2025-06-20T20:36:27.032Z)
[2025-06-20T20:36:32.473Z] [INFO] Found 0 reports to execute in company_9jxwph8g
[2025-06-20T20:36:32.475Z] [INFO] Scheduled reports check completed
[2025-06-20T20:36:32.477Z] [DEBUG] MongoDB connection closed
[2025-06-20T20:36:49.088Z] [INFO] Checking for scheduled reports...
[2025-06-20T20:36:49.301Z] [INFO] Checking for scheduled reports...
Fri Jun 20 15:37:00 CDT 2025: Checking if NextJS server is running...
Fri Jun 20 15:37:00 CDT 2025: Running scheduled reports
/Users/sim/Project2/scripts/../scripts/run-simple-scheduled-reports.sh: line 16: node: command not found
Fri Jun 20 15:37:00 CDT 2025: NextJS server is running. Running scheduled reports check...
/Users/sim/Project2/scripts/../scripts/run-scheduled-reports-cron.sh: line 25: node: command not found
[2025-06-20T20:37:02.989Z] [ERROR] Error executing report 6855bc32c9ab1519e616a5ab: Failed to execute scheduled report: connection 2 to 89.192.236.29:27017 timed out
[2025-06-20T20:37:02.991Z] [ERROR] Stack trace: Error: Failed to execute scheduled report: connection 2 to 89.192.236.29:27017 timed out
    at executeReport (/Users/sim/Project2/scripts/scheduled-reports-daemon.js:124:13)
    at process.processTicksAndRejections (node:internal/process/task_queues:105:5)
    at async checkScheduledReports (/Users/sim/Project2/scripts/scheduled-reports-daemon.js:193:28)
    at async Timeout._onTimeout (/Users/sim/Project2/scripts/scheduled-reports-daemon.js:267:7)
[2025-06-20T20:37:02.991Z] [ERROR] Failed to execute report 6855bc32c9ab1519e616a5ab: Failed to execute scheduled report: connection 2 to 89.192.236.29:27017 timed out
[2025-06-20T20:37:02.991Z] [INFO] Scheduled reports check completed
[2025-06-20T20:37:13.720Z] [ERROR] Error executing report 6855bc32c9ab1519e616a5ab: Failed to execute scheduled report: connection 2 to 89.192.236.29:27017 timed out
[2025-06-20T20:37:13.721Z] [ERROR] Stack trace: Error: Failed to execute scheduled report: connection 2 to 89.192.236.29:27017 timed out
    at executeReport (/Users/sim/Project2/scripts/scheduled-reports-daemon.js:124:13)
    at process.processTicksAndRejections (node:internal/process/task_queues:105:5)
    at async checkScheduledReports (/Users/sim/Project2/scripts/scheduled-reports-daemon.js:193:28)
    at async Timeout._onTimeout (/Users/sim/Project2/scripts/scheduled-reports-daemon.js:267:7)
[2025-06-20T20:37:13.721Z] [ERROR] Failed to execute report 6855bc32c9ab1519e616a5ab: Failed to execute scheduled report: connection 2 to 89.192.236.29:27017 timed out
[2025-06-20T20:37:13.722Z] [INFO] Scheduled reports check completed
[2025-06-20T20:37:14.374Z] [DEBUG] MongoDB connection closed
[2025-06-20T20:37:19.089Z] [INFO] Checking for scheduled reports...
[2025-06-20T20:37:19.303Z] [INFO] Checking for scheduled reports...
[2025-06-20T20:37:19.804Z] [DEBUG] Connected to MongoDB
[2025-06-20T20:37:20.038Z] [INFO] Found 1 company databases
[2025-06-20T20:37:20.039Z] [DEBUG] Processing company database: company_9jxwph8g
[2025-06-20T20:37:20.169Z] [DEBUG] Finding reports to execute in company_9jxwph8g (current time: 2025-06-20T20:37:20.169Z)
[2025-06-20T20:37:20.383Z] [INFO] Found 0 reports to execute in company_9jxwph8g
[2025-06-20T20:37:20.383Z] [INFO] Scheduled reports check completed
[2025-06-20T20:37:20.386Z] [DEBUG] MongoDB connection closed
[2025-06-20T20:37:21.142Z] [DEBUG] Connected to MongoDB
[2025-06-20T20:37:22.468Z] [INFO] Found 1 company databases
[2025-06-20T20:37:22.469Z] [DEBUG] Processing company database: company_9jxwph8g
[2025-06-20T20:37:22.533Z] [DEBUG] Connected to MongoDB
[2025-06-20T20:37:22.697Z] [DEBUG] Finding reports to execute in company_9jxwph8g (current time: 2025-06-20T20:37:22.697Z)
[2025-06-20T20:37:22.725Z] [INFO] Found 1 company databases
[2025-06-20T20:37:22.725Z] [DEBUG] Processing company database: company_9jxwph8g
[2025-06-20T20:37:22.790Z] [INFO] Found 0 reports to execute in company_9jxwph8g
[2025-06-20T20:37:22.792Z] [INFO] Scheduled reports check completed
[2025-06-20T20:37:22.795Z] [DEBUG] MongoDB connection closed
[2025-06-20T20:37:22.813Z] [DEBUG] Finding reports to execute in company_9jxwph8g (current time: 2025-06-20T20:37:22.813Z)
[2025-06-20T20:37:23.000Z] [INFO] Found 0 reports to execute in company_9jxwph8g
[2025-06-20T20:37:23.001Z] [INFO] Scheduled reports check completed
[2025-06-20T20:37:23.004Z] [DEBUG] MongoDB connection closed
[2025-06-20T20:37:23.009Z] [DEBUG] MongoDB connection closed
[2025-06-20T20:37:34.523Z] [DEBUG] Connected to MongoDB
[2025-06-20T20:37:34.798Z] [INFO] Found 1 company databases
[2025-06-20T20:37:34.798Z] [DEBUG] Processing company database: company_9jxwph8g
[2025-06-20T20:37:49.090Z] [INFO] Checking for scheduled reports...
[2025-06-20T20:37:49.303Z] [INFO] Checking for scheduled reports...
Fri Jun 20 15:38:01 CDT 2025: Checking if NextJS server is running...
Fri Jun 20 15:38:01 CDT 2025: Running scheduled reports
/Users/sim/Project2/scripts/../scripts/run-simple-scheduled-reports.sh: line 16: node: command not found
Fri Jun 20 15:38:01 CDT 2025: NextJS server is running. Running scheduled reports check...
/Users/sim/Project2/scripts/../scripts/run-scheduled-reports-cron.sh: line 25: node: command not found
[2025-06-20T20:38:01.636Z] [DEBUG] Finding reports to execute in company_9jxwph8g (current time: 2025-06-20T20:38:01.636Z)
[2025-06-20T20:38:16.327Z] [ERROR] Error in checkScheduledReports: querySrv ETIMEOUT _mongodb._tcp.cluster0.nen0dzs.mongodb.net
[2025-06-20T20:38:16.331Z] [ERROR] Stack trace: Error: querySrv ETIMEOUT _mongodb._tcp.cluster0.nen0dzs.mongodb.net
    at QueryReqWrap.onresolve [as oncomplete] (node:internal/dns/promises:294:17)
[2025-06-20T20:38:19.091Z] [INFO] Checking for scheduled reports...
[2025-06-20T20:38:19.305Z] [INFO] Checking for scheduled reports...
[2025-06-20T20:38:23.539Z] [INFO] Found 0 reports to execute in company_9jxwph8g
[2025-06-20T20:38:23.539Z] [INFO] Scheduled reports check completed
[2025-06-20T20:38:23.540Z] [DEBUG] MongoDB connection closed
[2025-06-20T20:38:23.730Z] [DEBUG] Connected to MongoDB
[2025-06-20T20:38:23.898Z] [INFO] Found 1 company databases
[2025-06-20T20:38:23.899Z] [DEBUG] Processing company database: company_9jxwph8g
[2025-06-20T20:38:24.048Z] [DEBUG] Finding reports to execute in company_9jxwph8g (current time: 2025-06-20T20:38:24.048Z)
[2025-06-20T20:38:24.154Z] [INFO] Found 0 reports to execute in company_9jxwph8g
[2025-06-20T20:38:24.155Z] [INFO] Scheduled reports check completed
[2025-06-20T20:38:24.156Z] [DEBUG] MongoDB connection closed
[2025-06-20T20:38:25.990Z] [DEBUG] Connected to MongoDB
[2025-06-20T20:38:26.012Z] [DEBUG] Connected to MongoDB
[2025-06-20T20:38:34.363Z] [INFO] Found 1 company databases
[2025-06-20T20:38:34.365Z] [DEBUG] Processing company database: company_9jxwph8g
[2025-06-20T20:38:34.432Z] [DEBUG] Finding reports to execute in company_9jxwph8g (current time: 2025-06-20T20:38:34.432Z)
[2025-06-20T20:38:34.531Z] [INFO] Found 0 reports to execute in company_9jxwph8g
[2025-06-20T20:38:34.531Z] [INFO] Scheduled reports check completed
[2025-06-20T20:38:34.533Z] [DEBUG] MongoDB connection closed
[2025-06-20T20:38:36.277Z] [INFO] Found 1 company databases
[2025-06-20T20:38:36.277Z] [DEBUG] Processing company database: company_9jxwph8g
[2025-06-20T20:38:36.359Z] [DEBUG] Finding reports to execute in company_9jxwph8g (current time: 2025-06-20T20:38:36.359Z)
[2025-06-20T20:38:36.530Z] [INFO] Found 0 reports to execute in company_9jxwph8g
[2025-06-20T20:38:36.531Z] [INFO] Scheduled reports check completed
[2025-06-20T20:38:36.532Z] [DEBUG] MongoDB connection closed
[2025-06-20T20:38:49.091Z] [INFO] Checking for scheduled reports...
[2025-06-20T20:38:49.305Z] [INFO] Checking for scheduled reports...
Fri Jun 20 15:39:00 CDT 2025: Checking if NextJS server is running...
Fri Jun 20 15:39:00 CDT 2025: Running scheduled reports
/Users/sim/Project2/scripts/../scripts/run-simple-scheduled-reports.sh: line 16: node: command not found
Fri Jun 20 15:39:00 CDT 2025: NextJS server is running. Running scheduled reports check...
/Users/sim/Project2/scripts/../scripts/run-scheduled-reports-cron.sh: line 25: node: command not found
[2025-06-20T20:39:19.093Z] [INFO] Checking for scheduled reports...
[2025-06-20T20:39:19.112Z] [ERROR] Error in checkScheduledReports: Server selection timed out after 30000 ms
[2025-06-20T20:39:19.112Z] [ERROR] Stack trace: MongoServerSelectionError: Server selection timed out after 30000 ms
    at Topology.selectServer (/Users/sim/Project2/node_modules/mongodb/lib/sdam/topology.js:321:38)
    at async Topology._connect (/Users/sim/Project2/node_modules/mongodb/lib/sdam/topology.js:200:28)
    at async Topology.connect (/Users/sim/Project2/node_modules/mongodb/lib/sdam/topology.js:152:13)
    at async topologyConnect (/Users/sim/Project2/node_modules/mongodb/lib/mongo_client.js:233:17)
    at async MongoClient._connect (/Users/sim/Project2/node_modules/mongodb/lib/mongo_client.js:246:13)
    at async MongoClient.connect (/Users/sim/Project2/node_modules/mongodb/lib/mongo_client.js:171:13)
    at async MongoClient.connect (/Users/sim/Project2/node_modules/mongodb/lib/mongo_client.js:360:16)
    at async checkScheduledReports (/Users/sim/Project2/scripts/scheduled-reports-daemon.js:146:14)
    at async Timeout._onTimeout (/Users/sim/Project2/scripts/scheduled-reports-daemon.js:267:7)
[2025-06-20T20:39:19.306Z] [INFO] Checking for scheduled reports...
[2025-06-20T20:39:19.317Z] [ERROR] Error in checkScheduledReports: Server selection timed out after 30000 ms
[2025-06-20T20:39:19.318Z] [ERROR] Stack trace: MongoServerSelectionError: Server selection timed out after 30000 ms
    at Topology.selectServer (/Users/sim/Project2/node_modules/mongodb/lib/sdam/topology.js:321:38)
    at async Topology._connect (/Users/sim/Project2/node_modules/mongodb/lib/sdam/topology.js:200:28)
    at async Topology.connect (/Users/sim/Project2/node_modules/mongodb/lib/sdam/topology.js:152:13)
    at async topologyConnect (/Users/sim/Project2/node_modules/mongodb/lib/mongo_client.js:233:17)
    at async MongoClient._connect (/Users/sim/Project2/node_modules/mongodb/lib/mongo_client.js:246:13)
    at async MongoClient.connect (/Users/sim/Project2/node_modules/mongodb/lib/mongo_client.js:171:13)
    at async MongoClient.connect (/Users/sim/Project2/node_modules/mongodb/lib/mongo_client.js:360:16)
    at async checkScheduledReports (/Users/sim/Project2/scripts/scheduled-reports-daemon.js:146:14)
    at async Timeout._onTimeout (/Users/sim/Project2/scripts/scheduled-reports-daemon.js:267:7)
[2025-06-20T20:39:24.720Z] [DEBUG] Connected to MongoDB
[2025-06-20T20:39:24.917Z] [INFO] Found 1 company databases
[2025-06-20T20:39:24.917Z] [DEBUG] Processing company database: company_9jxwph8g
[2025-06-20T20:39:25.052Z] [DEBUG] Finding reports to execute in company_9jxwph8g (current time: 2025-06-20T20:39:25.052Z)
[2025-06-20T20:39:31.030Z] [INFO] Found 0 reports to execute in company_9jxwph8g
[2025-06-20T20:39:31.031Z] [INFO] Scheduled reports check completed
[2025-06-20T20:39:31.034Z] [DEBUG] MongoDB connection closed
[2025-06-20T20:39:49.094Z] [INFO] Checking for scheduled reports...
[2025-06-20T20:39:49.308Z] [INFO] Checking for scheduled reports...
[2025-06-20T20:39:49.313Z] [ERROR] Error in checkScheduledReports: Server selection timed out after 30000 ms
[2025-06-20T20:39:49.314Z] [ERROR] Stack trace: MongoServerSelectionError: Server selection timed out after 30000 ms
    at Topology.selectServer (/Users/sim/Project2/node_modules/mongodb/lib/sdam/topology.js:321:38)
    at async Topology._connect (/Users/sim/Project2/node_modules/mongodb/lib/sdam/topology.js:200:28)
    at async Topology.connect (/Users/sim/Project2/node_modules/mongodb/lib/sdam/topology.js:152:13)
    at async topologyConnect (/Users/sim/Project2/node_modules/mongodb/lib/mongo_client.js:233:17)
    at async MongoClient._connect (/Users/sim/Project2/node_modules/mongodb/lib/mongo_client.js:246:13)
    at async MongoClient.connect (/Users/sim/Project2/node_modules/mongodb/lib/mongo_client.js:171:13)
    at async MongoClient.connect (/Users/sim/Project2/node_modules/mongodb/lib/mongo_client.js:360:16)
    at async checkScheduledReports (/Users/sim/Project2/scripts/scheduled-reports-daemon.js:146:14)
    at async Timeout._onTimeout (/Users/sim/Project2/scripts/scheduled-reports-daemon.js:267:7)
[2025-06-20T20:39:58.422Z] [DEBUG] Connected to MongoDB
[2025-06-20T20:39:58.563Z] [INFO] Found 1 company databases
[2025-06-20T20:39:58.563Z] [DEBUG] Processing company database: company_9jxwph8g
[2025-06-20T20:39:58.660Z] [DEBUG] Finding reports to execute in company_9jxwph8g (current time: 2025-06-20T20:39:58.660Z)
[2025-06-20T20:39:58.946Z] [DEBUG] Connected to MongoDB
[2025-06-20T20:39:58.955Z] [INFO] Found 0 reports to execute in company_9jxwph8g
[2025-06-20T20:39:58.956Z] [INFO] Scheduled reports check completed
[2025-06-20T20:39:58.959Z] [DEBUG] MongoDB connection closed
[2025-06-20T20:39:59.161Z] [INFO] Found 1 company databases
[2025-06-20T20:39:59.162Z] [DEBUG] Processing company database: company_9jxwph8g
[2025-06-20T20:39:59.309Z] [DEBUG] Finding reports to execute in company_9jxwph8g (current time: 2025-06-20T20:39:59.309Z)
[2025-06-20T20:39:59.445Z] [INFO] Found 0 reports to execute in company_9jxwph8g
[2025-06-20T20:39:59.445Z] [INFO] Scheduled reports check completed
[2025-06-20T20:39:59.447Z] [DEBUG] MongoDB connection closed
Fri Jun 20 15:40:00 CDT 2025: Checking if NextJS server is running...
Fri Jun 20 15:40:00 CDT 2025: Running scheduled reports
/Users/sim/Project2/scripts/../scripts/run-simple-scheduled-reports.sh: line 16: node: command not found
Fri Jun 20 15:40:00 CDT 2025: NextJS server is running. Running scheduled reports check...
/Users/sim/Project2/scripts/../scripts/run-scheduled-reports-cron.sh: line 25: node: command not found
[2025-06-20T20:40:19.095Z] [INFO] Checking for scheduled reports...
[2025-06-20T20:40:19.310Z] [INFO] Checking for scheduled reports...
[2025-06-20T20:40:22.775Z] [DEBUG] Connected to MongoDB
[2025-06-20T20:40:22.982Z] [DEBUG] Connected to MongoDB
[2025-06-20T20:40:22.991Z] [INFO] Found 1 company databases
[2025-06-20T20:40:22.992Z] [DEBUG] Processing company database: company_9jxwph8g
[2025-06-20T20:40:23.093Z] [DEBUG] Finding reports to execute in company_9jxwph8g (current time: 2025-06-20T20:40:23.093Z)
[2025-06-20T20:40:24.243Z] [INFO] Found 0 reports to execute in company_9jxwph8g
[2025-06-20T20:40:24.244Z] [INFO] Scheduled reports check completed
[2025-06-20T20:40:24.246Z] [DEBUG] MongoDB connection closed
[2025-06-20T20:40:24.891Z] [INFO] Found 1 company databases
[2025-06-20T20:40:24.892Z] [DEBUG] Processing company database: company_9jxwph8g
[2025-06-20T20:40:25.099Z] [DEBUG] Finding reports to execute in company_9jxwph8g (current time: 2025-06-20T20:40:25.099Z)
[2025-06-20T20:40:25.208Z] [INFO] Found 0 reports to execute in company_9jxwph8g
[2025-06-20T20:40:25.209Z] [INFO] Scheduled reports check completed
[2025-06-20T20:40:25.218Z] [DEBUG] MongoDB connection closed
[2025-06-20T20:40:49.096Z] [INFO] Checking for scheduled reports...
[2025-06-20T20:40:49.312Z] [INFO] Checking for scheduled reports...
Fri Jun 20 15:41:00 CDT 2025: Checking if NextJS server is running...
Fri Jun 20 15:41:00 CDT 2025: Running scheduled reports
/Users/sim/Project2/scripts/../scripts/run-simple-scheduled-reports.sh: line 16: node: command not found
Fri Jun 20 15:41:00 CDT 2025: NextJS server is running. Running scheduled reports check...
/Users/sim/Project2/scripts/../scripts/run-scheduled-reports-cron.sh: line 25: node: command not found
[2025-06-20T20:41:05.786Z] [DEBUG] Connected to MongoDB
[2025-06-20T20:41:06.032Z] [INFO] Found 1 company databases
[2025-06-20T20:41:06.033Z] [DEBUG] Processing company database: company_9jxwph8g
[2025-06-20T20:41:06.295Z] [DEBUG] Finding reports to execute in company_9jxwph8g (current time: 2025-06-20T20:41:06.295Z)
[2025-06-20T20:41:08.120Z] [INFO] Found 0 reports to execute in company_9jxwph8g
[2025-06-20T20:41:08.121Z] [INFO] Scheduled reports check completed
[2025-06-20T20:41:08.124Z] [DEBUG] MongoDB connection closed
[2025-06-20T20:41:08.684Z] [DEBUG] Connected to MongoDB
[2025-06-20T20:41:10.095Z] [INFO] Found 1 company databases
[2025-06-20T20:41:10.095Z] [DEBUG] Processing company database: company_9jxwph8g
[2025-06-20T20:41:17.406Z] [INFO] Starting scheduled reports daemon with check interval of 30000ms
[2025-06-20T20:41:17.409Z] [INFO] Checking for scheduled reports...
[2025-06-20T20:41:19.312Z] [INFO] Checking for scheduled reports...
[2025-06-20T20:41:49.313Z] [INFO] Checking for scheduled reports...
[2025-06-20T20:41:53.751Z] [DEBUG] Finding reports to execute in company_9jxwph8g (current time: 2025-06-20T20:41:53.751Z)
[2025-06-20T20:41:54.888Z] [INFO] Found 0 reports to execute in company_9jxwph8g
[2025-06-20T20:41:54.889Z] [INFO] Scheduled reports check completed
[2025-06-20T20:41:54.892Z] [DEBUG] MongoDB connection closed
[2025-06-20T20:41:56.811Z] [DEBUG] Connected to MongoDB
[2025-06-20T20:41:56.860Z] [DEBUG] Connected to MongoDB
[2025-06-20T20:41:56.998Z] [INFO] Found 1 company databases
[2025-06-20T20:41:56.999Z] [DEBUG] Processing company database: company_9jxwph8g
[2025-06-20T20:41:57.347Z] [DEBUG] Finding reports to execute in company_9jxwph8g (current time: 2025-06-20T20:41:57.347Z)
[2025-06-20T20:41:57.349Z] [INFO] Found 1 company databases
[2025-06-20T20:41:57.349Z] [DEBUG] Processing company database: company_9jxwph8g
[2025-06-20T20:42:00.289Z] [INFO] Found 0 reports to execute in company_9jxwph8g
[2025-06-20T20:42:00.290Z] [INFO] Scheduled reports check completed
[2025-06-20T20:42:00.293Z] [DEBUG] MongoDB connection closed
[2025-06-20T20:42:00.298Z] [DEBUG] Finding reports to execute in company_9jxwph8g (current time: 2025-06-20T20:42:00.298Z)
Fri Jun 20 15:42:00 CDT 2025: Checking if NextJS server is running...
Fri Jun 20 15:42:00 CDT 2025: Running scheduled reports
/Users/sim/Project2/scripts/../scripts/run-simple-scheduled-reports.sh: line 16: node: command not found
Fri Jun 20 15:42:01 CDT 2025: NextJS server is running. Running scheduled reports check...
/Users/sim/Project2/scripts/../scripts/run-scheduled-reports-cron.sh: line 25: node: command not found
[2025-06-20T20:42:04.256Z] [INFO] Found 0 reports to execute in company_9jxwph8g
[2025-06-20T20:42:04.256Z] [INFO] Scheduled reports check completed
[2025-06-20T20:42:04.265Z] [DEBUG] MongoDB connection closed
[2025-06-20T20:42:04.266Z] [INFO] Daemon is now running continuously...
[2025-06-20T20:42:17.931Z] [ERROR] Error in checkScheduledReports: Socket 'secureConnect' timed out after 31350ms (connectTimeoutMS: 30000)
[2025-06-20T20:42:17.935Z] [ERROR] Stack trace: MongoNetworkTimeoutError: Socket 'secureConnect' timed out after 31350ms (connectTimeoutMS: 30000)
    at TLSSocket.<anonymous> (/Users/sim/Project2/node_modules/mongodb/lib/cmap/connect.js:287:20)
    at Object.onceWrapper (node:events:621:28)
    at TLSSocket.emit (node:events:507:28)
    at Socket._onTimeout (node:net:609:8)
    at listOnTimeout (node:internal/timers:608:17)
    at process.processTimers (node:internal/timers:543:7)
[2025-06-20T20:42:19.314Z] [INFO] Checking for scheduled reports...
[2025-06-20T20:42:34.268Z] [INFO] Checking for scheduled reports...
[2025-06-20T20:42:49.314Z] [INFO] Checking for scheduled reports...
[2025-06-20T20:42:49.317Z] [ERROR] Error in checkScheduledReports: querySrv ECONNREFUSED _mongodb._tcp.cluster0.nen0dzs.mongodb.net
[2025-06-20T20:42:49.317Z] [ERROR] Stack trace: Error: querySrv ECONNREFUSED _mongodb._tcp.cluster0.nen0dzs.mongodb.net
    at QueryReqWrap.onresolve [as oncomplete] (node:internal/dns/promises:294:17)
[2025-06-20T20:42:52.206Z] [ERROR] Error in checkScheduledReports: Socket 'secureConnect' timed out after 31184ms (connectTimeoutMS: 30000)
[2025-06-20T20:42:52.206Z] [ERROR] Stack trace: MongoNetworkTimeoutError: Socket 'secureConnect' timed out after 31184ms (connectTimeoutMS: 30000)
    at TLSSocket.<anonymous> (/Users/sim/Project2/node_modules/mongodb/lib/cmap/connect.js:287:20)
    at Object.onceWrapper (node:events:621:28)
    at TLSSocket.emit (node:events:507:28)
    at Socket._onTimeout (node:net:609:8)
    at listOnTimeout (node:internal/timers:608:17)
    at process.processTimers (node:internal/timers:543:7)
[2025-06-20T20:43:00.328Z] [ERROR] Error in checkScheduledReports: querySrv ECONNREFUSED _mongodb._tcp.cluster0.nen0dzs.mongodb.net
[2025-06-20T20:43:00.329Z] [ERROR] Stack trace: Error: querySrv ECONNREFUSED _mongodb._tcp.cluster0.nen0dzs.mongodb.net
    at QueryReqWrap.onresolve [as oncomplete] (node:internal/dns/promises:294:17)
Fri Jun 20 15:43:00 CDT 2025: Running scheduled reports
Fri Jun 20 15:43:00 CDT 2025: Checking if NextJS server is running...
/Users/sim/Project2/scripts/../scripts/run-simple-scheduled-reports.sh: line 16: node: command not found
Fri Jun 20 15:43:00 CDT 2025: NextJS server is running. Running scheduled reports check...
/Users/sim/Project2/scripts/../scripts/run-scheduled-reports-cron.sh: line 25: node: command not found
[2025-06-20T20:43:04.269Z] [INFO] Checking for scheduled reports...
[2025-06-20T20:43:04.279Z] [ERROR] Error in checkScheduledReports: querySrv ECONNREFUSED _mongodb._tcp.cluster0.nen0dzs.mongodb.net
[2025-06-20T20:43:04.279Z] [ERROR] Stack trace: Error: querySrv ECONNREFUSED _mongodb._tcp.cluster0.nen0dzs.mongodb.net
    at QueryReqWrap.onresolve [as oncomplete] (node:internal/dns/promises:294:17)
[2025-06-20T20:43:19.321Z] [INFO] Checking for scheduled reports...
[2025-06-20T20:43:20.530Z] [DEBUG] Connected to MongoDB
[2025-06-20T20:43:20.607Z] [INFO] Found 1 company databases
[2025-06-20T20:43:20.608Z] [DEBUG] Processing company database: company_9jxwph8g
[2025-06-20T20:43:20.676Z] [DEBUG] Finding reports to execute in company_9jxwph8g (current time: 2025-06-20T20:43:20.676Z)
[2025-06-20T20:43:20.741Z] [INFO] Found 0 reports to execute in company_9jxwph8g
[2025-06-20T20:43:20.742Z] [INFO] Scheduled reports check completed
[2025-06-20T20:43:20.745Z] [DEBUG] MongoDB connection closed
[2025-06-20T20:43:34.283Z] [INFO] Checking for scheduled reports...
[2025-06-20T20:43:43.484Z] [INFO] Starting scheduled reports daemon with check interval of 30000ms
[2025-06-20T20:43:43.487Z] [INFO] Checking for scheduled reports...
[2025-06-20T20:43:44.221Z] [DEBUG] Connected to MongoDB
[2025-06-20T20:43:44.304Z] [INFO] Found 1 company databases
[2025-06-20T20:43:44.305Z] [DEBUG] Processing company database: company_9jxwph8g
[2025-06-20T20:43:44.369Z] [DEBUG] Finding reports to execute in company_9jxwph8g (current time: 2025-06-20T20:43:44.369Z)
[2025-06-20T20:43:44.446Z] [INFO] Found 0 reports to execute in company_9jxwph8g
[2025-06-20T20:43:44.446Z] [INFO] Scheduled reports check completed
[2025-06-20T20:43:44.509Z] [DEBUG] MongoDB connection closed
[2025-06-20T20:43:44.510Z] [INFO] Daemon is now running continuously...
[2025-06-20T20:43:49.330Z] [INFO] Checking for scheduled reports...
[2025-06-20T20:43:49.949Z] [DEBUG] Connected to MongoDB
[2025-06-20T20:43:50.018Z] [INFO] Found 1 company databases
[2025-06-20T20:43:50.019Z] [DEBUG] Processing company database: company_9jxwph8g
[2025-06-20T20:43:50.075Z] [DEBUG] Finding reports to execute in company_9jxwph8g (current time: 2025-06-20T20:43:50.075Z)
[2025-06-20T20:43:50.132Z] [INFO] Found 0 reports to execute in company_9jxwph8g
[2025-06-20T20:43:50.132Z] [INFO] Scheduled reports check completed
[2025-06-20T20:43:50.133Z] [DEBUG] MongoDB connection closed
Fri Jun 20 15:44:00 CDT 2025: Checking if NextJS server is running...
Fri Jun 20 15:44:00 CDT 2025: Running scheduled reports
/Users/sim/Project2/scripts/../scripts/run-simple-scheduled-reports.sh: line 16: node: command not found
Fri Jun 20 15:44:01 CDT 2025: NextJS server is running. Running scheduled reports check...
/Users/sim/Project2/scripts/../scripts/run-scheduled-reports-cron.sh: line 25: node: command not found
[2025-06-20T20:44:14.514Z] [INFO] Checking for scheduled reports...
[2025-06-20T20:44:15.832Z] [DEBUG] Connected to MongoDB
[2025-06-20T20:44:15.917Z] [INFO] Found 1 company databases
[2025-06-20T20:44:15.918Z] [DEBUG] Processing company database: company_9jxwph8g
[2025-06-20T20:44:16.011Z] [DEBUG] Finding reports to execute in company_9jxwph8g (current time: 2025-06-20T20:44:16.011Z)
[2025-06-20T20:44:16.106Z] [INFO] Found 0 reports to execute in company_9jxwph8g
[2025-06-20T20:44:16.107Z] [INFO] Scheduled reports check completed
[2025-06-20T20:44:16.109Z] [DEBUG] MongoDB connection closed
[2025-06-20T20:44:19.333Z] [INFO] Checking for scheduled reports...
[2025-06-20T20:44:20.043Z] [DEBUG] Connected to MongoDB
[2025-06-20T20:44:20.113Z] [INFO] Found 1 company databases
[2025-06-20T20:44:20.114Z] [DEBUG] Processing company database: company_9jxwph8g
[2025-06-20T20:44:20.174Z] [DEBUG] Finding reports to execute in company_9jxwph8g (current time: 2025-06-20T20:44:20.174Z)
[2025-06-20T20:44:20.234Z] [INFO] Found 0 reports to execute in company_9jxwph8g
[2025-06-20T20:44:20.235Z] [INFO] Scheduled reports check completed
[2025-06-20T20:44:20.238Z] [DEBUG] MongoDB connection closed
[2025-06-20T20:44:44.515Z] [INFO] Checking for scheduled reports...
[2025-06-20T20:44:45.266Z] [DEBUG] Connected to MongoDB
[2025-06-20T20:44:45.338Z] [INFO] Found 1 company databases
[2025-06-20T20:44:45.339Z] [DEBUG] Processing company database: company_9jxwph8g
[2025-06-20T20:44:45.400Z] [DEBUG] Finding reports to execute in company_9jxwph8g (current time: 2025-06-20T20:44:45.400Z)
[2025-06-20T20:44:45.466Z] [INFO] Found 0 reports to execute in company_9jxwph8g
[2025-06-20T20:44:45.467Z] [INFO] Scheduled reports check completed
[2025-06-20T20:44:45.470Z] [DEBUG] MongoDB connection closed
[2025-06-20T20:44:49.334Z] [INFO] Checking for scheduled reports...
[2025-06-20T20:44:50.396Z] [DEBUG] Connected to MongoDB
[2025-06-20T20:44:50.585Z] [INFO] Found 1 company databases
[2025-06-20T20:44:50.586Z] [DEBUG] Processing company database: company_9jxwph8g
[2025-06-20T20:44:50.653Z] [DEBUG] Finding reports to execute in company_9jxwph8g (current time: 2025-06-20T20:44:50.653Z)
[2025-06-20T20:44:50.727Z] [INFO] Found 0 reports to execute in company_9jxwph8g
[2025-06-20T20:44:50.728Z] [INFO] Scheduled reports check completed
[2025-06-20T20:44:50.730Z] [DEBUG] MongoDB connection closed
Fri Jun 20 15:45:00 CDT 2025: Checking if NextJS server is running...
Fri Jun 20 15:45:00 CDT 2025: Running scheduled reports
/Users/sim/Project2/scripts/../scripts/run-simple-scheduled-reports.sh: line 16: node: command not found
Fri Jun 20 15:45:00 CDT 2025: NextJS server is running. Running scheduled reports check...
/Users/sim/Project2/scripts/../scripts/run-scheduled-reports-cron.sh: line 25: node: command not found
[2025-06-20T20:45:14.515Z] [INFO] Checking for scheduled reports...
[2025-06-20T20:45:15.181Z] [DEBUG] Connected to MongoDB
[2025-06-20T20:45:15.253Z] [INFO] Found 1 company databases
[2025-06-20T20:45:15.254Z] [DEBUG] Processing company database: company_9jxwph8g
[2025-06-20T20:45:15.314Z] [DEBUG] Finding reports to execute in company_9jxwph8g (current time: 2025-06-20T20:45:15.314Z)
[2025-06-20T20:45:15.373Z] [INFO] Found 0 reports to execute in company_9jxwph8g
[2025-06-20T20:45:15.374Z] [INFO] Scheduled reports check completed
[2025-06-20T20:45:15.377Z] [DEBUG] MongoDB connection closed
[2025-06-20T20:45:19.336Z] [INFO] Checking for scheduled reports...
[2025-06-20T20:45:19.977Z] [DEBUG] Connected to MongoDB
[2025-06-20T20:45:20.048Z] [INFO] Found 1 company databases
[2025-06-20T20:45:20.049Z] [DEBUG] Processing company database: company_9jxwph8g
[2025-06-20T20:45:20.111Z] [DEBUG] Finding reports to execute in company_9jxwph8g (current time: 2025-06-20T20:45:20.111Z)
[2025-06-20T20:45:20.172Z] [INFO] Found 0 reports to execute in company_9jxwph8g
[2025-06-20T20:45:20.173Z] [INFO] Scheduled reports check completed
[2025-06-20T20:45:20.175Z] [DEBUG] MongoDB connection closed
[2025-06-20T20:45:44.516Z] [INFO] Checking for scheduled reports...
[2025-06-20T20:45:45.253Z] [DEBUG] Connected to MongoDB
[2025-06-20T20:45:45.326Z] [INFO] Found 1 company databases
[2025-06-20T20:45:45.327Z] [DEBUG] Processing company database: company_9jxwph8g
[2025-06-20T20:45:45.389Z] [DEBUG] Finding reports to execute in company_9jxwph8g (current time: 2025-06-20T20:45:45.389Z)
[2025-06-20T20:45:45.463Z] [INFO] Found 0 reports to execute in company_9jxwph8g
[2025-06-20T20:45:45.464Z] [INFO] Scheduled reports check completed
[2025-06-20T20:45:45.470Z] [DEBUG] MongoDB connection closed
[2025-06-20T20:45:49.337Z] [INFO] Checking for scheduled reports...
[2025-06-20T20:45:49.989Z] [DEBUG] Connected to MongoDB
[2025-06-20T20:45:50.057Z] [INFO] Found 1 company databases
[2025-06-20T20:45:50.057Z] [DEBUG] Processing company database: company_9jxwph8g
[2025-06-20T20:45:50.116Z] [DEBUG] Finding reports to execute in company_9jxwph8g (current time: 2025-06-20T20:45:50.116Z)
[2025-06-20T20:45:50.173Z] [INFO] Found 0 reports to execute in company_9jxwph8g
[2025-06-20T20:45:50.173Z] [INFO] Scheduled reports check completed
[2025-06-20T20:45:50.176Z] [DEBUG] MongoDB connection closed
Fri Jun 20 15:46:00 CDT 2025: Checking if NextJS server is running...
Fri Jun 20 15:46:00 CDT 2025: Running scheduled reports
/Users/sim/Project2/scripts/../scripts/run-simple-scheduled-reports.sh: line 16: node: command not found
Fri Jun 20 15:46:00 CDT 2025: NextJS server is running. Running scheduled reports check...
/Users/sim/Project2/scripts/../scripts/run-scheduled-reports-cron.sh: line 25: node: command not found
[2025-06-20T20:46:14.517Z] [INFO] Checking for scheduled reports...
[2025-06-20T20:46:15.244Z] [DEBUG] Connected to MongoDB
[2025-06-20T20:46:15.410Z] [INFO] Found 1 company databases
[2025-06-20T20:46:15.410Z] [DEBUG] Processing company database: company_9jxwph8g
[2025-06-20T20:46:15.483Z] [DEBUG] Finding reports to execute in company_9jxwph8g (current time: 2025-06-20T20:46:15.483Z)
[2025-06-20T20:46:15.544Z] [INFO] Found 0 reports to execute in company_9jxwph8g
[2025-06-20T20:46:15.545Z] [INFO] Scheduled reports check completed
[2025-06-20T20:46:15.547Z] [DEBUG] MongoDB connection closed
[2025-06-20T20:46:19.338Z] [INFO] Checking for scheduled reports...
[2025-06-20T20:46:19.989Z] [DEBUG] Connected to MongoDB
[2025-06-20T20:46:20.061Z] [INFO] Found 1 company databases
[2025-06-20T20:46:20.062Z] [DEBUG] Processing company database: company_9jxwph8g
[2025-06-20T20:46:20.119Z] [DEBUG] Finding reports to execute in company_9jxwph8g (current time: 2025-06-20T20:46:20.119Z)
[2025-06-20T20:46:20.184Z] [INFO] Found 0 reports to execute in company_9jxwph8g
[2025-06-20T20:46:20.185Z] [INFO] Scheduled reports check completed
[2025-06-20T20:46:20.188Z] [DEBUG] MongoDB connection closed
[2025-06-20T20:46:44.518Z] [INFO] Checking for scheduled reports...
[2025-06-20T20:46:45.204Z] [DEBUG] Connected to MongoDB
[2025-06-20T20:46:45.274Z] [INFO] Found 1 company databases
[2025-06-20T20:46:45.275Z] [DEBUG] Processing company database: company_9jxwph8g
[2025-06-20T20:46:45.335Z] [DEBUG] Finding reports to execute in company_9jxwph8g (current time: 2025-06-20T20:46:45.335Z)
[2025-06-20T20:46:45.395Z] [INFO] Found 0 reports to execute in company_9jxwph8g
[2025-06-20T20:46:45.396Z] [INFO] Scheduled reports check completed
[2025-06-20T20:46:45.400Z] [DEBUG] MongoDB connection closed
[2025-06-20T20:46:49.341Z] [INFO] Checking for scheduled reports...
[2025-06-20T20:46:50.072Z] [DEBUG] Connected to MongoDB
[2025-06-20T20:46:50.167Z] [INFO] Found 1 company databases
[2025-06-20T20:46:50.168Z] [DEBUG] Processing company database: company_9jxwph8g
[2025-06-20T20:46:50.226Z] [DEBUG] Finding reports to execute in company_9jxwph8g (current time: 2025-06-20T20:46:50.226Z)
[2025-06-20T20:46:50.299Z] [INFO] Found 0 reports to execute in company_9jxwph8g
[2025-06-20T20:46:50.300Z] [INFO] Scheduled reports check completed
[2025-06-20T20:46:50.303Z] [DEBUG] MongoDB connection closed
Fri Jun 20 15:47:00 CDT 2025: Checking if NextJS server is running...
Fri Jun 20 15:47:00 CDT 2025: Running scheduled reports
/Users/sim/Project2/scripts/../scripts/run-simple-scheduled-reports.sh: line 16: node: command not found
Fri Jun 20 15:47:00 CDT 2025: NextJS server is running. Running scheduled reports check...
/Users/sim/Project2/scripts/../scripts/run-scheduled-reports-cron.sh: line 25: node: command not found
[2025-06-20T20:47:14.520Z] [INFO] Checking for scheduled reports...
[2025-06-20T20:47:15.163Z] [DEBUG] Connected to MongoDB
[2025-06-20T20:47:15.234Z] [INFO] Found 1 company databases
[2025-06-20T20:47:15.235Z] [DEBUG] Processing company database: company_9jxwph8g
[2025-06-20T20:47:15.297Z] [DEBUG] Finding reports to execute in company_9jxwph8g (current time: 2025-06-20T20:47:15.297Z)
[2025-06-20T20:47:15.356Z] [INFO] Found 0 reports to execute in company_9jxwph8g
[2025-06-20T20:47:15.357Z] [INFO] Scheduled reports check completed
[2025-06-20T20:47:15.361Z] [DEBUG] MongoDB connection closed
[2025-06-20T20:47:19.341Z] [INFO] Checking for scheduled reports...
[2025-06-20T20:47:19.955Z] [DEBUG] Connected to MongoDB
[2025-06-20T20:47:20.069Z] [INFO] Found 1 company databases
[2025-06-20T20:47:20.069Z] [DEBUG] Processing company database: company_9jxwph8g
[2025-06-20T20:47:20.131Z] [DEBUG] Finding reports to execute in company_9jxwph8g (current time: 2025-06-20T20:47:20.130Z)
[2025-06-20T20:47:20.194Z] [INFO] Found 0 reports to execute in company_9jxwph8g
[2025-06-20T20:47:20.195Z] [INFO] Scheduled reports check completed
[2025-06-20T20:47:20.197Z] [DEBUG] MongoDB connection closed
[2025-06-20T20:47:44.520Z] [INFO] Checking for scheduled reports...
[2025-06-20T20:47:45.769Z] [DEBUG] Connected to MongoDB
[2025-06-20T20:47:45.837Z] [INFO] Found 1 company databases
[2025-06-20T20:47:45.838Z] [DEBUG] Processing company database: company_9jxwph8g
[2025-06-20T20:47:45.896Z] [DEBUG] Finding reports to execute in company_9jxwph8g (current time: 2025-06-20T20:47:45.896Z)
[2025-06-20T20:47:45.954Z] [INFO] Found 0 reports to execute in company_9jxwph8g
[2025-06-20T20:47:45.955Z] [INFO] Scheduled reports check completed
[2025-06-20T20:47:45.958Z] [DEBUG] MongoDB connection closed
[2025-06-20T20:47:49.342Z] [INFO] Checking for scheduled reports...
[2025-06-20T20:47:50.065Z] [DEBUG] Connected to MongoDB
[2025-06-20T20:47:50.139Z] [INFO] Found 1 company databases
[2025-06-20T20:47:50.139Z] [DEBUG] Processing company database: company_9jxwph8g
[2025-06-20T20:47:50.197Z] [DEBUG] Finding reports to execute in company_9jxwph8g (current time: 2025-06-20T20:47:50.197Z)
[2025-06-20T20:47:50.253Z] [INFO] Found 0 reports to execute in company_9jxwph8g
[2025-06-20T20:47:50.254Z] [INFO] Scheduled reports check completed
[2025-06-20T20:47:50.256Z] [DEBUG] MongoDB connection closed
Fri Jun 20 15:48:00 CDT 2025: Running scheduled reports
Fri Jun 20 15:48:00 CDT 2025: Checking if NextJS server is running...
/Users/sim/Project2/scripts/../scripts/run-simple-scheduled-reports.sh: line 16: node: command not found
Fri Jun 20 15:48:00 CDT 2025: NextJS server is running. Running scheduled reports check...
/Users/sim/Project2/scripts/../scripts/run-scheduled-reports-cron.sh: line 25: node: command not found
[2025-06-20T20:48:14.521Z] [INFO] Checking for scheduled reports...
[2025-06-20T20:48:15.226Z] [DEBUG] Connected to MongoDB
[2025-06-20T20:48:15.312Z] [INFO] Found 1 company databases
[2025-06-20T20:48:15.313Z] [DEBUG] Processing company database: company_9jxwph8g
[2025-06-20T20:48:15.373Z] [DEBUG] Finding reports to execute in company_9jxwph8g (current time: 2025-06-20T20:48:15.373Z)
[2025-06-20T20:48:15.442Z] [INFO] Found 0 reports to execute in company_9jxwph8g
[2025-06-20T20:48:15.443Z] [INFO] Scheduled reports check completed
[2025-06-20T20:48:15.446Z] [DEBUG] MongoDB connection closed
[2025-06-20T20:48:19.343Z] [INFO] Checking for scheduled reports...
[2025-06-20T20:48:20.364Z] [DEBUG] Connected to MongoDB
[2025-06-20T20:48:20.562Z] [INFO] Found 1 company databases
[2025-06-20T20:48:20.564Z] [DEBUG] Processing company database: company_9jxwph8g
[2025-06-20T20:48:20.623Z] [DEBUG] Finding reports to execute in company_9jxwph8g (current time: 2025-06-20T20:48:20.623Z)
[2025-06-20T20:48:20.710Z] [INFO] Found 0 reports to execute in company_9jxwph8g
[2025-06-20T20:48:20.711Z] [INFO] Scheduled reports check completed
[2025-06-20T20:48:20.713Z] [DEBUG] MongoDB connection closed
[2025-06-20T20:48:44.523Z] [INFO] Checking for scheduled reports...
[2025-06-20T20:48:45.239Z] [DEBUG] Connected to MongoDB
[2025-06-20T20:48:45.309Z] [INFO] Found 1 company databases
[2025-06-20T20:48:45.310Z] [DEBUG] Processing company database: company_9jxwph8g
[2025-06-20T20:48:45.372Z] [DEBUG] Finding reports to execute in company_9jxwph8g (current time: 2025-06-20T20:48:45.372Z)
[2025-06-20T20:48:45.432Z] [INFO] Found 0 reports to execute in company_9jxwph8g
[2025-06-20T20:48:45.433Z] [INFO] Scheduled reports check completed
[2025-06-20T20:48:45.435Z] [DEBUG] MongoDB connection closed
[2025-06-20T20:48:49.344Z] [INFO] Checking for scheduled reports...
[2025-06-20T20:48:50.035Z] [DEBUG] Connected to MongoDB
[2025-06-20T20:48:50.104Z] [INFO] Found 1 company databases
[2025-06-20T20:48:50.105Z] [DEBUG] Processing company database: company_9jxwph8g
[2025-06-20T20:48:50.161Z] [DEBUG] Finding reports to execute in company_9jxwph8g (current time: 2025-06-20T20:48:50.161Z)
[2025-06-20T20:48:50.235Z] [INFO] Found 0 reports to execute in company_9jxwph8g
[2025-06-20T20:48:50.236Z] [INFO] Scheduled reports check completed
[2025-06-20T20:48:50.239Z] [DEBUG] MongoDB connection closed
Fri Jun 20 15:49:01 CDT 2025: Checking if NextJS server is running...
Fri Jun 20 15:49:01 CDT 2025: Running scheduled reports
/Users/sim/Project2/scripts/../scripts/run-simple-scheduled-reports.sh: line 16: node: command not found
Fri Jun 20 15:49:01 CDT 2025: NextJS server is running. Running scheduled reports check...
/Users/sim/Project2/scripts/../scripts/run-scheduled-reports-cron.sh: line 25: node: command not found
[2025-06-20T20:49:14.524Z] [INFO] Checking for scheduled reports...
[2025-06-20T20:49:15.387Z] [DEBUG] Connected to MongoDB
[2025-06-20T20:49:15.462Z] [INFO] Found 1 company databases
[2025-06-20T20:49:15.463Z] [DEBUG] Processing company database: company_9jxwph8g
[2025-06-20T20:49:15.526Z] [DEBUG] Finding reports to execute in company_9jxwph8g (current time: 2025-06-20T20:49:15.526Z)
[2025-06-20T20:49:15.584Z] [INFO] Found 0 reports to execute in company_9jxwph8g
[2025-06-20T20:49:15.585Z] [INFO] Scheduled reports check completed
[2025-06-20T20:49:15.590Z] [DEBUG] MongoDB connection closed
[2025-06-20T20:49:19.345Z] [INFO] Checking for scheduled reports...
[2025-06-20T20:49:20.006Z] [DEBUG] Connected to MongoDB
[2025-06-20T20:49:20.084Z] [INFO] Found 1 company databases
[2025-06-20T20:49:20.085Z] [DEBUG] Processing company database: company_9jxwph8g
[2025-06-20T20:49:20.187Z] [DEBUG] Finding reports to execute in company_9jxwph8g (current time: 2025-06-20T20:49:20.187Z)
[2025-06-20T20:49:20.246Z] [INFO] Found 0 reports to execute in company_9jxwph8g
[2025-06-20T20:49:20.247Z] [INFO] Scheduled reports check completed
[2025-06-20T20:49:20.250Z] [DEBUG] MongoDB connection closed
[2025-06-20T20:49:44.524Z] [INFO] Checking for scheduled reports...
[2025-06-20T20:49:45.255Z] [DEBUG] Connected to MongoDB
[2025-06-20T20:49:45.324Z] [INFO] Found 1 company databases
[2025-06-20T20:49:45.325Z] [DEBUG] Processing company database: company_9jxwph8g
[2025-06-20T20:49:45.386Z] [DEBUG] Finding reports to execute in company_9jxwph8g (current time: 2025-06-20T20:49:45.386Z)
[2025-06-20T20:49:45.443Z] [INFO] Found 0 reports to execute in company_9jxwph8g
[2025-06-20T20:49:45.444Z] [INFO] Scheduled reports check completed
[2025-06-20T20:49:45.447Z] [DEBUG] MongoDB connection closed
[2025-06-20T20:49:49.346Z] [INFO] Checking for scheduled reports...
[2025-06-20T20:49:50.111Z] [DEBUG] Connected to MongoDB
[2025-06-20T20:49:50.180Z] [INFO] Found 1 company databases
[2025-06-20T20:49:50.181Z] [DEBUG] Processing company database: company_9jxwph8g
[2025-06-20T20:49:50.243Z] [DEBUG] Finding reports to execute in company_9jxwph8g (current time: 2025-06-20T20:49:50.243Z)
[2025-06-20T20:49:50.306Z] [INFO] Found 0 reports to execute in company_9jxwph8g
[2025-06-20T20:49:50.307Z] [INFO] Scheduled reports check completed
[2025-06-20T20:49:50.309Z] [DEBUG] MongoDB connection closed
Fri Jun 20 15:50:00 CDT 2025: Running scheduled reports
Fri Jun 20 15:50:00 CDT 2025: Checking if NextJS server is running...
/Users/sim/Project2/scripts/../scripts/run-simple-scheduled-reports.sh: line 16: node: command not found
Fri Jun 20 15:50:00 CDT 2025: NextJS server is running. Running scheduled reports check...
/Users/sim/Project2/scripts/../scripts/run-scheduled-reports-cron.sh: line 25: node: command not found
[2025-06-20T20:50:14.526Z] [INFO] Checking for scheduled reports...
[2025-06-20T20:50:15.223Z] [DEBUG] Connected to MongoDB
[2025-06-20T20:50:15.301Z] [INFO] Found 1 company databases
[2025-06-20T20:50:15.301Z] [DEBUG] Processing company database: company_9jxwph8g
[2025-06-20T20:50:15.364Z] [DEBUG] Finding reports to execute in company_9jxwph8g (current time: 2025-06-20T20:50:15.364Z)
[2025-06-20T20:50:15.427Z] [INFO] Found 0 reports to execute in company_9jxwph8g
[2025-06-20T20:50:15.428Z] [INFO] Scheduled reports check completed
[2025-06-20T20:50:15.432Z] [DEBUG] MongoDB connection closed
[2025-06-20T20:50:19.346Z] [INFO] Checking for scheduled reports...
[2025-06-20T20:50:20.287Z] [DEBUG] Connected to MongoDB
[2025-06-20T20:50:20.373Z] [INFO] Found 1 company databases
[2025-06-20T20:50:20.373Z] [DEBUG] Processing company database: company_9jxwph8g
[2025-06-20T20:50:20.440Z] [DEBUG] Finding reports to execute in company_9jxwph8g (current time: 2025-06-20T20:50:20.440Z)
[2025-06-20T20:50:20.544Z] [INFO] Found 0 reports to execute in company_9jxwph8g
[2025-06-20T20:50:20.545Z] [INFO] Scheduled reports check completed
[2025-06-20T20:50:20.548Z] [DEBUG] MongoDB connection closed
[2025-06-20T20:50:44.527Z] [INFO] Checking for scheduled reports...
[2025-06-20T20:50:45.314Z] [DEBUG] Connected to MongoDB
[2025-06-20T20:50:45.389Z] [INFO] Found 1 company databases
[2025-06-20T20:50:45.390Z] [DEBUG] Processing company database: company_9jxwph8g
[2025-06-20T20:50:45.453Z] [DEBUG] Finding reports to execute in company_9jxwph8g (current time: 2025-06-20T20:50:45.453Z)
[2025-06-20T20:50:45.523Z] [INFO] Found 0 reports to execute in company_9jxwph8g
[2025-06-20T20:50:45.523Z] [INFO] Scheduled reports check completed
[2025-06-20T20:50:45.527Z] [DEBUG] MongoDB connection closed
[2025-06-20T20:50:49.347Z] [INFO] Checking for scheduled reports...
[2025-06-20T20:50:50.254Z] [DEBUG] Connected to MongoDB
[2025-06-20T20:50:50.354Z] [INFO] Found 1 company databases
[2025-06-20T20:50:50.355Z] [DEBUG] Processing company database: company_9jxwph8g
[2025-06-20T20:50:50.419Z] [DEBUG] Finding reports to execute in company_9jxwph8g (current time: 2025-06-20T20:50:50.419Z)
[2025-06-20T20:50:50.505Z] [INFO] Found 0 reports to execute in company_9jxwph8g
[2025-06-20T20:50:50.506Z] [INFO] Scheduled reports check completed
[2025-06-20T20:50:50.510Z] [DEBUG] MongoDB connection closed
Fri Jun 20 15:51:00 CDT 2025: Checking if NextJS server is running...
Fri Jun 20 15:51:00 CDT 2025: Running scheduled reports
/Users/sim/Project2/scripts/../scripts/run-simple-scheduled-reports.sh: line 16: node: command not found
Fri Jun 20 15:51:01 CDT 2025: NextJS server is running. Running scheduled reports check...
/Users/sim/Project2/scripts/../scripts/run-scheduled-reports-cron.sh: line 25: node: command not found
[2025-06-20T20:51:14.528Z] [INFO] Checking for scheduled reports...
[2025-06-20T20:51:15.733Z] [DEBUG] Connected to MongoDB
[2025-06-20T20:51:15.834Z] [INFO] Found 1 company databases
[2025-06-20T20:51:15.835Z] [DEBUG] Processing company database: company_9jxwph8g
[2025-06-20T20:51:15.919Z] [DEBUG] Finding reports to execute in company_9jxwph8g (current time: 2025-06-20T20:51:15.919Z)
[2025-06-20T20:51:15.996Z] [INFO] Found 0 reports to execute in company_9jxwph8g
[2025-06-20T20:51:15.997Z] [INFO] Scheduled reports check completed
[2025-06-20T20:51:16.000Z] [DEBUG] MongoDB connection closed
[2025-06-20T20:51:19.347Z] [INFO] Checking for scheduled reports...
[2025-06-20T20:51:20.108Z] [DEBUG] Connected to MongoDB
[2025-06-20T20:51:20.185Z] [INFO] Found 1 company databases
[2025-06-20T20:51:20.185Z] [DEBUG] Processing company database: company_9jxwph8g
[2025-06-20T20:51:20.258Z] [DEBUG] Finding reports to execute in company_9jxwph8g (current time: 2025-06-20T20:51:20.258Z)
[2025-06-20T20:51:20.317Z] [INFO] Found 0 reports to execute in company_9jxwph8g
[2025-06-20T20:51:20.317Z] [INFO] Scheduled reports check completed
[2025-06-20T20:51:20.320Z] [DEBUG] MongoDB connection closed
[2025-06-20T20:51:44.529Z] [INFO] Checking for scheduled reports...
[2025-06-20T20:51:45.284Z] [DEBUG] Connected to MongoDB
[2025-06-20T20:51:45.357Z] [INFO] Found 1 company databases
[2025-06-20T20:51:45.358Z] [DEBUG] Processing company database: company_9jxwph8g
[2025-06-20T20:51:45.438Z] [DEBUG] Finding reports to execute in company_9jxwph8g (current time: 2025-06-20T20:51:45.438Z)
[2025-06-20T20:51:45.507Z] [INFO] Found 0 reports to execute in company_9jxwph8g
[2025-06-20T20:51:45.507Z] [INFO] Scheduled reports check completed
[2025-06-20T20:51:45.511Z] [DEBUG] MongoDB connection closed
[2025-06-20T20:51:49.349Z] [INFO] Checking for scheduled reports...
[2025-06-20T20:51:51.025Z] [DEBUG] Connected to MongoDB
[2025-06-20T20:51:51.097Z] [INFO] Found 1 company databases
[2025-06-20T20:51:51.098Z] [DEBUG] Processing company database: company_9jxwph8g
[2025-06-20T20:51:51.164Z] [DEBUG] Finding reports to execute in company_9jxwph8g (current time: 2025-06-20T20:51:51.164Z)
[2025-06-20T20:51:51.227Z] [INFO] Found 0 reports to execute in company_9jxwph8g
[2025-06-20T20:51:51.228Z] [INFO] Scheduled reports check completed
[2025-06-20T20:51:51.231Z] [DEBUG] MongoDB connection closed
Fri Jun 20 15:52:00 CDT 2025: Checking if NextJS server is running...
Fri Jun 20 15:52:00 CDT 2025: Running scheduled reports
/Users/sim/Project2/scripts/../scripts/run-simple-scheduled-reports.sh: line 16: node: command not found
Fri Jun 20 15:52:00 CDT 2025: NextJS server is running. Running scheduled reports check...
/Users/sim/Project2/scripts/../scripts/run-scheduled-reports-cron.sh: line 25: node: command not found
[2025-06-20T20:52:14.529Z] [INFO] Checking for scheduled reports...
[2025-06-20T20:52:15.274Z] [DEBUG] Connected to MongoDB
[2025-06-20T20:52:15.350Z] [INFO] Found 1 company databases
[2025-06-20T20:52:15.351Z] [DEBUG] Processing company database: company_9jxwph8g
[2025-06-20T20:52:15.410Z] [DEBUG] Finding reports to execute in company_9jxwph8g (current time: 2025-06-20T20:52:15.410Z)
[2025-06-20T20:52:15.468Z] [INFO] Found 0 reports to execute in company_9jxwph8g
[2025-06-20T20:52:15.468Z] [INFO] Scheduled reports check completed
[2025-06-20T20:52:15.470Z] [DEBUG] MongoDB connection closed
[2025-06-20T20:52:19.350Z] [INFO] Checking for scheduled reports...
[2025-06-20T20:52:20.089Z] [DEBUG] Connected to MongoDB
[2025-06-20T20:52:20.163Z] [INFO] Found 1 company databases
[2025-06-20T20:52:20.164Z] [DEBUG] Processing company database: company_9jxwph8g
[2025-06-20T20:52:20.233Z] [DEBUG] Finding reports to execute in company_9jxwph8g (current time: 2025-06-20T20:52:20.233Z)
[2025-06-20T20:52:20.293Z] [INFO] Found 0 reports to execute in company_9jxwph8g
[2025-06-20T20:52:20.293Z] [INFO] Scheduled reports check completed
[2025-06-20T20:52:20.295Z] [DEBUG] MongoDB connection closed
[2025-06-20T20:52:44.531Z] [INFO] Checking for scheduled reports...
[2025-06-20T20:52:45.299Z] [DEBUG] Connected to MongoDB
[2025-06-20T20:52:45.380Z] [INFO] Found 1 company databases
[2025-06-20T20:52:45.381Z] [DEBUG] Processing company database: company_9jxwph8g
[2025-06-20T20:52:45.448Z] [DEBUG] Finding reports to execute in company_9jxwph8g (current time: 2025-06-20T20:52:45.448Z)
[2025-06-20T20:52:45.507Z] [INFO] Found 0 reports to execute in company_9jxwph8g
[2025-06-20T20:52:45.508Z] [INFO] Scheduled reports check completed
[2025-06-20T20:52:45.510Z] [DEBUG] MongoDB connection closed
[2025-06-20T20:52:49.351Z] [INFO] Checking for scheduled reports...
[2025-06-20T20:52:50.044Z] [DEBUG] Connected to MongoDB
[2025-06-20T20:52:50.113Z] [INFO] Found 1 company databases
[2025-06-20T20:52:50.114Z] [DEBUG] Processing company database: company_9jxwph8g
[2025-06-20T20:52:50.176Z] [DEBUG] Finding reports to execute in company_9jxwph8g (current time: 2025-06-20T20:52:50.176Z)
[2025-06-20T20:52:50.237Z] [INFO] Found 0 reports to execute in company_9jxwph8g
[2025-06-20T20:52:50.238Z] [INFO] Scheduled reports check completed
[2025-06-20T20:52:50.240Z] [DEBUG] MongoDB connection closed
Fri Jun 20 15:53:00 CDT 2025: Running scheduled reports
Fri Jun 20 15:53:00 CDT 2025: Checking if NextJS server is running...
/Users/sim/Project2/scripts/../scripts/run-simple-scheduled-reports.sh: line 16: node: command not found
Fri Jun 20 15:53:00 CDT 2025: NextJS server is running. Running scheduled reports check...
/Users/sim/Project2/scripts/../scripts/run-scheduled-reports-cron.sh: line 25: node: command not found
[2025-06-20T20:53:14.531Z] [INFO] Checking for scheduled reports...
[2025-06-20T20:53:15.255Z] [DEBUG] Connected to MongoDB
[2025-06-20T20:53:15.326Z] [INFO] Found 1 company databases
[2025-06-20T20:53:15.327Z] [DEBUG] Processing company database: company_9jxwph8g
[2025-06-20T20:53:15.386Z] [DEBUG] Finding reports to execute in company_9jxwph8g (current time: 2025-06-20T20:53:15.386Z)
[2025-06-20T20:53:15.461Z] [INFO] Found 0 reports to execute in company_9jxwph8g
[2025-06-20T20:53:15.461Z] [INFO] Scheduled reports check completed
[2025-06-20T20:53:15.465Z] [DEBUG] MongoDB connection closed
[2025-06-20T20:53:19.351Z] [INFO] Checking for scheduled reports...
[2025-06-20T20:53:20.024Z] [DEBUG] Connected to MongoDB
[2025-06-20T20:53:20.093Z] [INFO] Found 1 company databases
[2025-06-20T20:53:20.094Z] [DEBUG] Processing company database: company_9jxwph8g
[2025-06-20T20:53:20.156Z] [DEBUG] Finding reports to execute in company_9jxwph8g (current time: 2025-06-20T20:53:20.156Z)
[2025-06-20T20:53:20.214Z] [INFO] Found 0 reports to execute in company_9jxwph8g
[2025-06-20T20:53:20.215Z] [INFO] Scheduled reports check completed
[2025-06-20T20:53:20.217Z] [DEBUG] MongoDB connection closed
[2025-06-20T20:53:44.532Z] [INFO] Checking for scheduled reports...
[2025-06-20T20:53:45.302Z] [DEBUG] Connected to MongoDB
[2025-06-20T20:53:45.372Z] [INFO] Found 1 company databases
[2025-06-20T20:53:45.372Z] [DEBUG] Processing company database: company_9jxwph8g
[2025-06-20T20:53:45.433Z] [DEBUG] Finding reports to execute in company_9jxwph8g (current time: 2025-06-20T20:53:45.433Z)
[2025-06-20T20:53:45.494Z] [INFO] Found 0 reports to execute in company_9jxwph8g
[2025-06-20T20:53:45.495Z] [INFO] Scheduled reports check completed
[2025-06-20T20:53:45.497Z] [DEBUG] MongoDB connection closed
[2025-06-20T20:53:49.353Z] [INFO] Checking for scheduled reports...
[2025-06-20T20:53:50.048Z] [DEBUG] Connected to MongoDB
[2025-06-20T20:53:50.119Z] [INFO] Found 1 company databases
[2025-06-20T20:53:50.119Z] [DEBUG] Processing company database: company_9jxwph8g
[2025-06-20T20:53:50.178Z] [DEBUG] Finding reports to execute in company_9jxwph8g (current time: 2025-06-20T20:53:50.178Z)
[2025-06-20T20:53:50.257Z] [INFO] Found 0 reports to execute in company_9jxwph8g
[2025-06-20T20:53:50.258Z] [INFO] Scheduled reports check completed
[2025-06-20T20:53:50.261Z] [DEBUG] MongoDB connection closed
Fri Jun 20 15:54:00 CDT 2025: Checking if NextJS server is running...
Fri Jun 20 15:54:00 CDT 2025: Running scheduled reports
/Users/sim/Project2/scripts/../scripts/run-simple-scheduled-reports.sh: line 16: node: command not found
Fri Jun 20 15:54:00 CDT 2025: NextJS server is running. Running scheduled reports check...
/Users/sim/Project2/scripts/../scripts/run-scheduled-reports-cron.sh: line 25: node: command not found
[2025-06-20T20:54:14.533Z] [INFO] Checking for scheduled reports...
[2025-06-20T20:54:15.232Z] [DEBUG] Connected to MongoDB
[2025-06-20T20:54:15.302Z] [INFO] Found 1 company databases
[2025-06-20T20:54:15.303Z] [DEBUG] Processing company database: company_9jxwph8g
[2025-06-20T20:54:15.376Z] [DEBUG] Finding reports to execute in company_9jxwph8g (current time: 2025-06-20T20:54:15.376Z)
[2025-06-20T20:54:15.434Z] [INFO] Found 0 reports to execute in company_9jxwph8g
[2025-06-20T20:54:15.435Z] [INFO] Scheduled reports check completed
[2025-06-20T20:54:15.437Z] [DEBUG] MongoDB connection closed
[2025-06-20T20:54:19.354Z] [INFO] Checking for scheduled reports...
[2025-06-20T20:54:19.986Z] [DEBUG] Connected to MongoDB
[2025-06-20T20:54:20.057Z] [INFO] Found 1 company databases
[2025-06-20T20:54:20.058Z] [DEBUG] Processing company database: company_9jxwph8g
[2025-06-20T20:54:20.115Z] [DEBUG] Finding reports to execute in company_9jxwph8g (current time: 2025-06-20T20:54:20.115Z)
[2025-06-20T20:54:20.176Z] [INFO] Found 0 reports to execute in company_9jxwph8g
[2025-06-20T20:54:20.177Z] [INFO] Scheduled reports check completed
[2025-06-20T20:54:20.179Z] [DEBUG] MongoDB connection closed
[2025-06-20T20:54:44.535Z] [INFO] Checking for scheduled reports...
[2025-06-20T20:54:45.394Z] [DEBUG] Connected to MongoDB
[2025-06-20T20:54:45.464Z] [INFO] Found 1 company databases
[2025-06-20T20:54:45.464Z] [DEBUG] Processing company database: company_9jxwph8g
[2025-06-20T20:54:45.522Z] [DEBUG] Finding reports to execute in company_9jxwph8g (current time: 2025-06-20T20:54:45.522Z)
[2025-06-20T20:54:45.609Z] [INFO] Found 0 reports to execute in company_9jxwph8g
[2025-06-20T20:54:45.610Z] [INFO] Scheduled reports check completed
[2025-06-20T20:54:45.612Z] [DEBUG] MongoDB connection closed
[2025-06-20T20:54:49.355Z] [INFO] Checking for scheduled reports...
[2025-06-20T20:54:49.994Z] [DEBUG] Connected to MongoDB
[2025-06-20T20:54:50.064Z] [INFO] Found 1 company databases
[2025-06-20T20:54:50.065Z] [DEBUG] Processing company database: company_9jxwph8g
[2025-06-20T20:54:50.123Z] [DEBUG] Finding reports to execute in company_9jxwph8g (current time: 2025-06-20T20:54:50.123Z)
[2025-06-20T20:54:50.181Z] [INFO] Found 0 reports to execute in company_9jxwph8g
[2025-06-20T20:54:50.182Z] [INFO] Scheduled reports check completed
[2025-06-20T20:54:50.184Z] [DEBUG] MongoDB connection closed
Fri Jun 20 15:55:00 CDT 2025: Checking if NextJS server is running...
Fri Jun 20 15:55:00 CDT 2025: Running scheduled reports
/Users/sim/Project2/scripts/../scripts/run-simple-scheduled-reports.sh: line 16: node: command not found
Fri Jun 20 15:55:00 CDT 2025: NextJS server is running. Running scheduled reports check...
/Users/sim/Project2/scripts/../scripts/run-scheduled-reports-cron.sh: line 25: node: command not found
[2025-06-20T20:55:14.536Z] [INFO] Checking for scheduled reports...
[2025-06-20T20:55:15.404Z] [DEBUG] Connected to MongoDB
[2025-06-20T20:55:15.477Z] [INFO] Found 1 company databases
[2025-06-20T20:55:15.478Z] [DEBUG] Processing company database: company_9jxwph8g
[2025-06-20T20:55:15.559Z] [DEBUG] Finding reports to execute in company_9jxwph8g (current time: 2025-06-20T20:55:15.559Z)
[2025-06-20T20:55:15.616Z] [INFO] Found 0 reports to execute in company_9jxwph8g
[2025-06-20T20:55:15.617Z] [INFO] Scheduled reports check completed
[2025-06-20T20:55:15.619Z] [DEBUG] MongoDB connection closed
[2025-06-20T20:55:19.356Z] [INFO] Checking for scheduled reports...
[2025-06-20T20:55:20.461Z] [DEBUG] Connected to MongoDB
[2025-06-20T20:55:20.531Z] [INFO] Found 1 company databases
[2025-06-20T20:55:20.531Z] [DEBUG] Processing company database: company_9jxwph8g
[2025-06-20T20:55:20.589Z] [DEBUG] Finding reports to execute in company_9jxwph8g (current time: 2025-06-20T20:55:20.589Z)
[2025-06-20T20:55:20.647Z] [INFO] Found 0 reports to execute in company_9jxwph8g
[2025-06-20T20:55:20.648Z] [INFO] Scheduled reports check completed
[2025-06-20T20:55:20.650Z] [DEBUG] MongoDB connection closed
[2025-06-20T20:55:44.537Z] [INFO] Checking for scheduled reports...
[2025-06-20T20:55:45.223Z] [DEBUG] Connected to MongoDB
[2025-06-20T20:55:45.294Z] [INFO] Found 1 company databases
[2025-06-20T20:55:45.295Z] [DEBUG] Processing company database: company_9jxwph8g
[2025-06-20T20:55:45.364Z] [DEBUG] Finding reports to execute in company_9jxwph8g (current time: 2025-06-20T20:55:45.364Z)
[2025-06-20T20:55:45.423Z] [INFO] Found 0 reports to execute in company_9jxwph8g
[2025-06-20T20:55:45.424Z] [INFO] Scheduled reports check completed
[2025-06-20T20:55:45.427Z] [DEBUG] MongoDB connection closed
[2025-06-20T20:55:49.357Z] [INFO] Checking for scheduled reports...
[2025-06-20T20:55:49.992Z] [DEBUG] Connected to MongoDB
[2025-06-20T20:55:50.062Z] [INFO] Found 1 company databases
[2025-06-20T20:55:50.062Z] [DEBUG] Processing company database: company_9jxwph8g
[2025-06-20T20:55:50.123Z] [DEBUG] Finding reports to execute in company_9jxwph8g (current time: 2025-06-20T20:55:50.123Z)
[2025-06-20T20:55:50.183Z] [INFO] Found 0 reports to execute in company_9jxwph8g
[2025-06-20T20:55:50.183Z] [INFO] Scheduled reports check completed
[2025-06-20T20:55:50.187Z] [DEBUG] MongoDB connection closed
Fri Jun 20 15:56:01 CDT 2025: Running scheduled reports
Fri Jun 20 15:56:01 CDT 2025: Checking if NextJS server is running...
/Users/sim/Project2/scripts/../scripts/run-simple-scheduled-reports.sh: line 16: node: command not found
Fri Jun 20 15:56:01 CDT 2025: NextJS server is running. Running scheduled reports check...
/Users/sim/Project2/scripts/../scripts/run-scheduled-reports-cron.sh: line 25: node: command not found
[2025-06-20T20:56:14.541Z] [INFO] Checking for scheduled reports...
[2025-06-20T20:56:15.260Z] [DEBUG] Connected to MongoDB
[2025-06-20T20:56:15.329Z] [INFO] Found 1 company databases
[2025-06-20T20:56:15.329Z] [DEBUG] Processing company database: company_9jxwph8g
[2025-06-20T20:56:15.414Z] [DEBUG] Finding reports to execute in company_9jxwph8g (current time: 2025-06-20T20:56:15.414Z)
[2025-06-20T20:56:15.470Z] [INFO] Found 0 reports to execute in company_9jxwph8g
[2025-06-20T20:56:15.470Z] [INFO] Scheduled reports check completed
[2025-06-20T20:56:15.471Z] [DEBUG] MongoDB connection closed
[2025-06-20T20:56:19.358Z] [INFO] Checking for scheduled reports...
[2025-06-20T20:56:20.034Z] [DEBUG] Connected to MongoDB
[2025-06-20T20:56:20.103Z] [INFO] Found 1 company databases
[2025-06-20T20:56:20.103Z] [DEBUG] Processing company database: company_9jxwph8g
[2025-06-20T20:56:20.161Z] [DEBUG] Finding reports to execute in company_9jxwph8g (current time: 2025-06-20T20:56:20.161Z)
[2025-06-20T20:56:20.220Z] [INFO] Found 0 reports to execute in company_9jxwph8g
[2025-06-20T20:56:20.221Z] [INFO] Scheduled reports check completed
[2025-06-20T20:56:20.223Z] [DEBUG] MongoDB connection closed
[2025-06-20T20:56:44.542Z] [INFO] Checking for scheduled reports...
[2025-06-20T20:56:45.313Z] [DEBUG] Connected to MongoDB
[2025-06-20T20:56:45.389Z] [INFO] Found 1 company databases
[2025-06-20T20:56:45.389Z] [DEBUG] Processing company database: company_9jxwph8g
[2025-06-20T20:56:45.447Z] [DEBUG] Finding reports to execute in company_9jxwph8g (current time: 2025-06-20T20:56:45.447Z)
[2025-06-20T20:56:45.505Z] [INFO] Found 0 reports to execute in company_9jxwph8g
[2025-06-20T20:56:45.505Z] [INFO] Scheduled reports check completed
[2025-06-20T20:56:45.507Z] [DEBUG] MongoDB connection closed
[2025-06-20T20:56:49.359Z] [INFO] Checking for scheduled reports...
[2025-06-20T20:56:50.014Z] [DEBUG] Connected to MongoDB
[2025-06-20T20:56:50.090Z] [INFO] Found 1 company databases
[2025-06-20T20:56:50.091Z] [DEBUG] Processing company database: company_9jxwph8g
[2025-06-20T20:56:50.152Z] [DEBUG] Finding reports to execute in company_9jxwph8g (current time: 2025-06-20T20:56:50.152Z)
[2025-06-20T20:56:50.210Z] [INFO] Found 0 reports to execute in company_9jxwph8g
[2025-06-20T20:56:50.211Z] [INFO] Scheduled reports check completed
[2025-06-20T20:56:50.213Z] [DEBUG] MongoDB connection closed
Fri Jun 20 15:57:00 CDT 2025: Checking if NextJS server is running...
Fri Jun 20 15:57:00 CDT 2025: Running scheduled reports
/Users/sim/Project2/scripts/../scripts/run-simple-scheduled-reports.sh: line 16: node: command not found
Fri Jun 20 15:57:00 CDT 2025: NextJS server is running. Running scheduled reports check...
/Users/sim/Project2/scripts/../scripts/run-scheduled-reports-cron.sh: line 25: node: command not found
[2025-06-20T20:57:14.543Z] [INFO] Checking for scheduled reports...
[2025-06-20T20:57:15.150Z] [DEBUG] Connected to MongoDB
[2025-06-20T20:57:15.221Z] [INFO] Found 1 company databases
[2025-06-20T20:57:15.222Z] [DEBUG] Processing company database: company_9jxwph8g
[2025-06-20T20:57:15.292Z] [DEBUG] Finding reports to execute in company_9jxwph8g (current time: 2025-06-20T20:57:15.292Z)
[2025-06-20T20:57:15.351Z] [INFO] Found 0 reports to execute in company_9jxwph8g
[2025-06-20T20:57:15.352Z] [INFO] Scheduled reports check completed
[2025-06-20T20:57:15.354Z] [DEBUG] MongoDB connection closed
[2025-06-20T20:57:19.360Z] [INFO] Checking for scheduled reports...
[2025-06-20T20:57:19.990Z] [DEBUG] Connected to MongoDB
[2025-06-20T20:57:20.062Z] [INFO] Found 1 company databases
[2025-06-20T20:57:20.063Z] [DEBUG] Processing company database: company_9jxwph8g
[2025-06-20T20:57:20.132Z] [DEBUG] Finding reports to execute in company_9jxwph8g (current time: 2025-06-20T20:57:20.132Z)
[2025-06-20T20:57:20.194Z] [INFO] Found 0 reports to execute in company_9jxwph8g
[2025-06-20T20:57:20.195Z] [INFO] Scheduled reports check completed
[2025-06-20T20:57:20.197Z] [DEBUG] MongoDB connection closed
[2025-06-20T20:57:44.544Z] [INFO] Checking for scheduled reports...
[2025-06-20T20:57:45.271Z] [DEBUG] Connected to MongoDB
[2025-06-20T20:57:45.340Z] [INFO] Found 1 company databases
[2025-06-20T20:57:45.341Z] [DEBUG] Processing company database: company_9jxwph8g
[2025-06-20T20:57:45.403Z] [DEBUG] Finding reports to execute in company_9jxwph8g (current time: 2025-06-20T20:57:45.403Z)
[2025-06-20T20:57:45.460Z] [INFO] Found 0 reports to execute in company_9jxwph8g
[2025-06-20T20:57:45.460Z] [INFO] Scheduled reports check completed
[2025-06-20T20:57:45.463Z] [DEBUG] MongoDB connection closed
[2025-06-20T20:57:49.361Z] [INFO] Checking for scheduled reports...
[2025-06-20T20:57:50.034Z] [DEBUG] Connected to MongoDB
[2025-06-20T20:57:50.104Z] [INFO] Found 1 company databases
[2025-06-20T20:57:50.105Z] [DEBUG] Processing company database: company_9jxwph8g
[2025-06-20T20:57:50.165Z] [DEBUG] Finding reports to execute in company_9jxwph8g (current time: 2025-06-20T20:57:50.165Z)
[2025-06-20T20:57:50.224Z] [INFO] Found 0 reports to execute in company_9jxwph8g
[2025-06-20T20:57:50.224Z] [INFO] Scheduled reports check completed
[2025-06-20T20:57:50.226Z] [DEBUG] MongoDB connection closed
Fri Jun 20 15:58:00 CDT 2025: Checking if NextJS server is running...
Fri Jun 20 15:58:00 CDT 2025: Running scheduled reports
/Users/sim/Project2/scripts/../scripts/run-simple-scheduled-reports.sh: line 16: node: command not found
Fri Jun 20 15:58:00 CDT 2025: NextJS server is running. Running scheduled reports check...
/Users/sim/Project2/scripts/../scripts/run-scheduled-reports-cron.sh: line 25: node: command not found
[2025-06-20T20:58:14.545Z] [INFO] Checking for scheduled reports...
[2025-06-20T20:58:15.576Z] [DEBUG] Connected to MongoDB
[2025-06-20T20:58:15.655Z] [INFO] Found 1 company databases
[2025-06-20T20:58:15.656Z] [DEBUG] Processing company database: company_9jxwph8g
[2025-06-20T20:58:15.715Z] [DEBUG] Finding reports to execute in company_9jxwph8g (current time: 2025-06-20T20:58:15.715Z)
[2025-06-20T20:58:15.773Z] [INFO] Found 0 reports to execute in company_9jxwph8g
[2025-06-20T20:58:15.773Z] [INFO] Scheduled reports check completed
[2025-06-20T20:58:15.776Z] [DEBUG] MongoDB connection closed
[2025-06-20T20:58:19.363Z] [INFO] Checking for scheduled reports...
[2025-06-20T20:58:20.029Z] [DEBUG] Connected to MongoDB
[2025-06-20T20:58:20.103Z] [INFO] Found 1 company databases
[2025-06-20T20:58:20.104Z] [DEBUG] Processing company database: company_9jxwph8g
[2025-06-20T20:58:20.162Z] [DEBUG] Finding reports to execute in company_9jxwph8g (current time: 2025-06-20T20:58:20.162Z)
[2025-06-20T20:58:20.221Z] [INFO] Found 0 reports to execute in company_9jxwph8g
[2025-06-20T20:58:20.222Z] [INFO] Scheduled reports check completed
[2025-06-20T20:58:20.224Z] [DEBUG] MongoDB connection closed
[2025-06-20T20:58:44.547Z] [INFO] Checking for scheduled reports...
[2025-06-20T20:58:45.298Z] [DEBUG] Connected to MongoDB
[2025-06-20T20:58:45.368Z] [INFO] Found 1 company databases
[2025-06-20T20:58:45.369Z] [DEBUG] Processing company database: company_9jxwph8g
[2025-06-20T20:58:45.427Z] [DEBUG] Finding reports to execute in company_9jxwph8g (current time: 2025-06-20T20:58:45.427Z)
[2025-06-20T20:58:45.486Z] [INFO] Found 0 reports to execute in company_9jxwph8g
[2025-06-20T20:58:45.487Z] [INFO] Scheduled reports check completed
[2025-06-20T20:58:45.489Z] [DEBUG] MongoDB connection closed
[2025-06-20T20:58:49.364Z] [INFO] Checking for scheduled reports...
[2025-06-20T20:58:50.600Z] [DEBUG] Connected to MongoDB
[2025-06-20T20:58:50.670Z] [INFO] Found 1 company databases
[2025-06-20T20:58:50.670Z] [DEBUG] Processing company database: company_9jxwph8g
[2025-06-20T20:58:50.729Z] [DEBUG] Finding reports to execute in company_9jxwph8g (current time: 2025-06-20T20:58:50.729Z)
[2025-06-20T20:58:50.790Z] [INFO] Found 0 reports to execute in company_9jxwph8g
[2025-06-20T20:58:50.791Z] [INFO] Scheduled reports check completed
[2025-06-20T20:58:50.794Z] [DEBUG] MongoDB connection closed
Fri Jun 20 15:59:00 CDT 2025: Running scheduled reports
Fri Jun 20 15:59:00 CDT 2025: Checking if NextJS server is running...
/Users/sim/Project2/scripts/../scripts/run-simple-scheduled-reports.sh: line 16: node: command not found
Fri Jun 20 15:59:00 CDT 2025: NextJS server is running. Running scheduled reports check...
/Users/sim/Project2/scripts/../scripts/run-scheduled-reports-cron.sh: line 25: node: command not found
[2025-06-20T20:59:14.547Z] [INFO] Checking for scheduled reports...
[2025-06-20T20:59:15.139Z] [DEBUG] Connected to MongoDB
[2025-06-20T20:59:15.211Z] [INFO] Found 1 company databases
[2025-06-20T20:59:15.212Z] [DEBUG] Processing company database: company_9jxwph8g
[2025-06-20T20:59:15.271Z] [DEBUG] Finding reports to execute in company_9jxwph8g (current time: 2025-06-20T20:59:15.271Z)
[2025-06-20T20:59:15.330Z] [INFO] Found 0 reports to execute in company_9jxwph8g
[2025-06-20T20:59:15.331Z] [INFO] Scheduled reports check completed
[2025-06-20T20:59:15.333Z] [DEBUG] MongoDB connection closed
[2025-06-20T20:59:19.365Z] [INFO] Checking for scheduled reports...
[2025-06-20T20:59:20.051Z] [DEBUG] Connected to MongoDB
[2025-06-20T20:59:20.119Z] [INFO] Found 1 company databases
[2025-06-20T20:59:20.120Z] [DEBUG] Processing company database: company_9jxwph8g
[2025-06-20T20:59:20.183Z] [DEBUG] Finding reports to execute in company_9jxwph8g (current time: 2025-06-20T20:59:20.183Z)
[2025-06-20T20:59:20.239Z] [INFO] Found 0 reports to execute in company_9jxwph8g
[2025-06-20T20:59:20.240Z] [INFO] Scheduled reports check completed
[2025-06-20T20:59:20.242Z] [DEBUG] MongoDB connection closed
[2025-06-20T20:59:44.549Z] [INFO] Checking for scheduled reports...
[2025-06-20T20:59:45.353Z] [DEBUG] Connected to MongoDB
[2025-06-20T20:59:45.455Z] [INFO] Found 1 company databases
[2025-06-20T20:59:45.456Z] [DEBUG] Processing company database: company_9jxwph8g
[2025-06-20T20:59:45.520Z] [DEBUG] Finding reports to execute in company_9jxwph8g (current time: 2025-06-20T20:59:45.520Z)
[2025-06-20T20:59:45.581Z] [INFO] Found 0 reports to execute in company_9jxwph8g
[2025-06-20T20:59:45.583Z] [INFO] Scheduled reports check completed
[2025-06-20T20:59:45.585Z] [DEBUG] MongoDB connection closed
[2025-06-20T20:59:49.367Z] [INFO] Checking for scheduled reports...
[2025-06-20T20:59:50.086Z] [DEBUG] Connected to MongoDB
[2025-06-20T20:59:50.167Z] [INFO] Found 1 company databases
[2025-06-20T20:59:50.167Z] [DEBUG] Processing company database: company_9jxwph8g
[2025-06-20T20:59:50.230Z] [DEBUG] Finding reports to execute in company_9jxwph8g (current time: 2025-06-20T20:59:50.230Z)
[2025-06-20T20:59:50.289Z] [INFO] Found 0 reports to execute in company_9jxwph8g
[2025-06-20T20:59:50.290Z] [INFO] Scheduled reports check completed
[2025-06-20T20:59:50.292Z] [DEBUG] MongoDB connection closed
Fri Jun 20 16:00:00 CDT 2025: Checking if NextJS server is running...
Fri Jun 20 16:00:00 CDT 2025: Running scheduled reports
/Users/sim/Project2/scripts/../scripts/run-simple-scheduled-reports.sh: line 16: node: command not found
Fri Jun 20 16:00:00 CDT 2025: NextJS server is running. Running scheduled reports check...
/Users/sim/Project2/scripts/../scripts/run-scheduled-reports-cron.sh: line 25: node: command not found
[2025-06-20T21:00:14.550Z] [INFO] Checking for scheduled reports...
[2025-06-20T21:00:15.489Z] [DEBUG] Connected to MongoDB
[2025-06-20T21:00:15.558Z] [INFO] Found 1 company databases
[2025-06-20T21:00:15.559Z] [DEBUG] Processing company database: company_9jxwph8g
[2025-06-20T21:00:15.616Z] [DEBUG] Finding reports to execute in company_9jxwph8g (current time: 2025-06-20T21:00:15.616Z)
[2025-06-20T21:00:15.675Z] [INFO] Found 0 reports to execute in company_9jxwph8g
[2025-06-20T21:00:15.675Z] [INFO] Scheduled reports check completed
[2025-06-20T21:00:15.678Z] [DEBUG] MongoDB connection closed
[2025-06-20T21:00:19.368Z] [INFO] Checking for scheduled reports...
[2025-06-20T21:00:20.040Z] [DEBUG] Connected to MongoDB
[2025-06-20T21:00:20.108Z] [INFO] Found 1 company databases
[2025-06-20T21:00:20.108Z] [DEBUG] Processing company database: company_9jxwph8g
[2025-06-20T21:00:20.166Z] [DEBUG] Finding reports to execute in company_9jxwph8g (current time: 2025-06-20T21:00:20.166Z)
[2025-06-20T21:00:20.224Z] [INFO] Found 0 reports to execute in company_9jxwph8g
[2025-06-20T21:00:20.225Z] [INFO] Scheduled reports check completed
[2025-06-20T21:00:20.227Z] [DEBUG] MongoDB connection closed
[2025-06-20T21:00:44.552Z] [INFO] Checking for scheduled reports...
[2025-06-20T21:00:45.480Z] [DEBUG] Connected to MongoDB
[2025-06-20T21:00:45.566Z] [INFO] Found 1 company databases
[2025-06-20T21:00:45.566Z] [DEBUG] Processing company database: company_9jxwph8g
[2025-06-20T21:00:45.656Z] [DEBUG] Finding reports to execute in company_9jxwph8g (current time: 2025-06-20T21:00:45.656Z)
[2025-06-20T21:00:45.783Z] [INFO] Found 0 reports to execute in company_9jxwph8g
[2025-06-20T21:00:45.784Z] [INFO] Scheduled reports check completed
[2025-06-20T21:00:45.786Z] [DEBUG] MongoDB connection closed
[2025-06-20T21:00:49.368Z] [INFO] Checking for scheduled reports...
[2025-06-20T21:00:50.528Z] [DEBUG] Connected to MongoDB
[2025-06-20T21:00:50.597Z] [INFO] Found 1 company databases
[2025-06-20T21:00:50.598Z] [DEBUG] Processing company database: company_9jxwph8g
[2025-06-20T21:00:50.662Z] [DEBUG] Finding reports to execute in company_9jxwph8g (current time: 2025-06-20T21:00:50.662Z)
[2025-06-20T21:00:50.720Z] [INFO] Found 0 reports to execute in company_9jxwph8g
[2025-06-20T21:00:50.720Z] [INFO] Scheduled reports check completed
[2025-06-20T21:00:50.723Z] [DEBUG] MongoDB connection closed
Fri Jun 20 16:01:00 CDT 2025: Checking if NextJS server is running...
Fri Jun 20 16:01:00 CDT 2025: Running scheduled reports
/Users/sim/Project2/scripts/../scripts/run-simple-scheduled-reports.sh: line 16: node: command not found
Fri Jun 20 16:01:00 CDT 2025: NextJS server is running. Running scheduled reports check...
/Users/sim/Project2/scripts/../scripts/run-scheduled-reports-cron.sh: line 25: node: command not found
[2025-06-20T21:01:14.553Z] [INFO] Checking for scheduled reports...
[2025-06-20T21:01:15.492Z] [DEBUG] Connected to MongoDB
[2025-06-20T21:01:15.571Z] [INFO] Found 1 company databases
[2025-06-20T21:01:15.571Z] [DEBUG] Processing company database: company_9jxwph8g
[2025-06-20T21:01:15.635Z] [DEBUG] Finding reports to execute in company_9jxwph8g (current time: 2025-06-20T21:01:15.635Z)
[2025-06-20T21:01:15.696Z] [INFO] Found 0 reports to execute in company_9jxwph8g
[2025-06-20T21:01:15.696Z] [INFO] Scheduled reports check completed
[2025-06-20T21:01:15.699Z] [DEBUG] MongoDB connection closed
[2025-06-20T21:01:19.369Z] [INFO] Checking for scheduled reports...
[2025-06-20T21:01:20.108Z] [DEBUG] Connected to MongoDB
[2025-06-20T21:01:20.196Z] [INFO] Found 1 company databases
[2025-06-20T21:01:20.196Z] [DEBUG] Processing company database: company_9jxwph8g
[2025-06-20T21:01:20.255Z] [DEBUG] Finding reports to execute in company_9jxwph8g (current time: 2025-06-20T21:01:20.255Z)
[2025-06-20T21:01:20.329Z] [INFO] Found 0 reports to execute in company_9jxwph8g
[2025-06-20T21:01:20.329Z] [INFO] Scheduled reports check completed
[2025-06-20T21:01:20.331Z] [DEBUG] MongoDB connection closed
[2025-06-20T21:01:44.554Z] [INFO] Checking for scheduled reports...
[2025-06-20T21:01:45.302Z] [DEBUG] Connected to MongoDB
[2025-06-20T21:01:45.373Z] [INFO] Found 1 company databases
[2025-06-20T21:01:45.374Z] [DEBUG] Processing company database: company_9jxwph8g
[2025-06-20T21:01:45.476Z] [DEBUG] Finding reports to execute in company_9jxwph8g (current time: 2025-06-20T21:01:45.476Z)
[2025-06-20T21:01:45.543Z] [INFO] Found 0 reports to execute in company_9jxwph8g
[2025-06-20T21:01:45.544Z] [INFO] Scheduled reports check completed
[2025-06-20T21:01:45.546Z] [DEBUG] MongoDB connection closed
[2025-06-20T21:01:49.370Z] [INFO] Checking for scheduled reports...
[2025-06-20T21:01:50.250Z] [DEBUG] Connected to MongoDB
[2025-06-20T21:01:50.333Z] [INFO] Found 1 company databases
[2025-06-20T21:01:50.333Z] [DEBUG] Processing company database: company_9jxwph8g
[2025-06-20T21:01:50.404Z] [DEBUG] Finding reports to execute in company_9jxwph8g (current time: 2025-06-20T21:01:50.404Z)
[2025-06-20T21:01:50.466Z] [INFO] Found 0 reports to execute in company_9jxwph8g
[2025-06-20T21:01:50.467Z] [INFO] Scheduled reports check completed
[2025-06-20T21:01:50.468Z] [DEBUG] MongoDB connection closed
Fri Jun 20 16:02:01 CDT 2025: Checking if NextJS server is running...
Fri Jun 20 16:02:01 CDT 2025: Running scheduled reports
/Users/sim/Project2/scripts/../scripts/run-simple-scheduled-reports.sh: line 16: node: command not found
Fri Jun 20 16:02:01 CDT 2025: NextJS server is running. Running scheduled reports check...
/Users/sim/Project2/scripts/../scripts/run-scheduled-reports-cron.sh: line 25: node: command not found
[2025-06-20T21:02:14.556Z] [INFO] Checking for scheduled reports...
[2025-06-20T21:02:15.436Z] [DEBUG] Connected to MongoDB
[2025-06-20T21:02:15.550Z] [INFO] Found 1 company databases
[2025-06-20T21:02:15.551Z] [DEBUG] Processing company database: company_9jxwph8g
[2025-06-20T21:02:15.632Z] [DEBUG] Finding reports to execute in company_9jxwph8g (current time: 2025-06-20T21:02:15.632Z)
[2025-06-20T21:02:15.708Z] [INFO] Found 0 reports to execute in company_9jxwph8g
[2025-06-20T21:02:15.710Z] [INFO] Scheduled reports check completed
[2025-06-20T21:02:15.715Z] [DEBUG] MongoDB connection closed
[2025-06-20T21:02:19.372Z] [INFO] Checking for scheduled reports...
[2025-06-20T21:02:20.217Z] [DEBUG] Connected to MongoDB
[2025-06-20T21:02:20.298Z] [INFO] Found 1 company databases
[2025-06-20T21:02:20.299Z] [DEBUG] Processing company database: company_9jxwph8g
[2025-06-20T21:02:20.363Z] [DEBUG] Finding reports to execute in company_9jxwph8g (current time: 2025-06-20T21:02:20.362Z)
[2025-06-20T21:02:20.427Z] [INFO] Found 0 reports to execute in company_9jxwph8g
[2025-06-20T21:02:20.428Z] [INFO] Scheduled reports check completed
[2025-06-20T21:02:20.430Z] [DEBUG] MongoDB connection closed
[2025-06-20T21:02:44.556Z] [INFO] Checking for scheduled reports...
[2025-06-20T21:02:45.592Z] [DEBUG] Connected to MongoDB
[2025-06-20T21:02:45.662Z] [INFO] Found 1 company databases
[2025-06-20T21:02:45.663Z] [DEBUG] Processing company database: company_9jxwph8g
[2025-06-20T21:02:45.740Z] [DEBUG] Finding reports to execute in company_9jxwph8g (current time: 2025-06-20T21:02:45.740Z)
[2025-06-20T21:02:45.801Z] [INFO] Found 0 reports to execute in company_9jxwph8g
[2025-06-20T21:02:45.802Z] [INFO] Scheduled reports check completed
[2025-06-20T21:02:45.804Z] [DEBUG] MongoDB connection closed
[2025-06-20T21:02:49.373Z] [INFO] Checking for scheduled reports...
[2025-06-20T21:02:51.318Z] [DEBUG] Connected to MongoDB
[2025-06-20T21:02:51.401Z] [INFO] Found 1 company databases
[2025-06-20T21:02:51.401Z] [DEBUG] Processing company database: company_9jxwph8g
[2025-06-20T21:02:51.465Z] [DEBUG] Finding reports to execute in company_9jxwph8g (current time: 2025-06-20T21:02:51.465Z)
[2025-06-20T21:02:51.536Z] [INFO] Found 0 reports to execute in company_9jxwph8g
[2025-06-20T21:02:51.537Z] [INFO] Scheduled reports check completed
[2025-06-20T21:02:51.539Z] [DEBUG] MongoDB connection closed
Fri Jun 20 16:03:00 CDT 2025: Running scheduled reports
Fri Jun 20 16:03:00 CDT 2025: Checking if NextJS server is running...
/Users/sim/Project2/scripts/../scripts/run-simple-scheduled-reports.sh: line 16: node: command not found
Fri Jun 20 16:03:00 CDT 2025: NextJS server is running. Running scheduled reports check...
/Users/sim/Project2/scripts/../scripts/run-scheduled-reports-cron.sh: line 25: node: command not found
[2025-06-20T21:03:14.558Z] [INFO] Checking for scheduled reports...
[2025-06-20T21:03:15.484Z] [DEBUG] Connected to MongoDB
[2025-06-20T21:03:15.644Z] [INFO] Found 1 company databases
[2025-06-20T21:03:15.646Z] [DEBUG] Processing company database: company_9jxwph8g
[2025-06-20T21:03:16.098Z] [DEBUG] Finding reports to execute in company_9jxwph8g (current time: 2025-06-20T21:03:16.098Z)
[2025-06-20T21:03:16.174Z] [INFO] Found 0 reports to execute in company_9jxwph8g
[2025-06-20T21:03:16.175Z] [INFO] Scheduled reports check completed
[2025-06-20T21:03:16.176Z] [DEBUG] MongoDB connection closed
[2025-06-20T21:03:19.374Z] [INFO] Checking for scheduled reports...
[2025-06-20T21:03:20.156Z] [DEBUG] Connected to MongoDB
[2025-06-20T21:03:20.257Z] [INFO] Found 1 company databases
[2025-06-20T21:03:20.257Z] [DEBUG] Processing company database: company_9jxwph8g
[2025-06-20T21:03:20.376Z] [DEBUG] Finding reports to execute in company_9jxwph8g (current time: 2025-06-20T21:03:20.376Z)
[2025-06-20T21:03:20.448Z] [INFO] Found 0 reports to execute in company_9jxwph8g
[2025-06-20T21:03:20.448Z] [INFO] Scheduled reports check completed
[2025-06-20T21:03:20.450Z] [DEBUG] MongoDB connection closed
[2025-06-20T21:03:44.559Z] [INFO] Checking for scheduled reports...
[2025-06-20T21:03:45.825Z] [DEBUG] Connected to MongoDB
[2025-06-20T21:03:45.956Z] [INFO] Found 1 company databases
[2025-06-20T21:03:45.957Z] [DEBUG] Processing company database: company_9jxwph8g
[2025-06-20T21:03:46.016Z] [DEBUG] Finding reports to execute in company_9jxwph8g (current time: 2025-06-20T21:03:46.016Z)
[2025-06-20T21:03:46.096Z] [INFO] Found 0 reports to execute in company_9jxwph8g
[2025-06-20T21:03:46.096Z] [INFO] Scheduled reports check completed
[2025-06-20T21:03:46.098Z] [DEBUG] MongoDB connection closed
[2025-06-20T21:03:49.375Z] [INFO] Checking for scheduled reports...
[2025-06-20T21:03:50.125Z] [DEBUG] Connected to MongoDB
[2025-06-20T21:03:50.201Z] [INFO] Found 1 company databases
[2025-06-20T21:03:50.202Z] [DEBUG] Processing company database: company_9jxwph8g
[2025-06-20T21:03:50.261Z] [DEBUG] Finding reports to execute in company_9jxwph8g (current time: 2025-06-20T21:03:50.261Z)
[2025-06-20T21:03:50.325Z] [INFO] Found 0 reports to execute in company_9jxwph8g
[2025-06-20T21:03:50.326Z] [INFO] Scheduled reports check completed
[2025-06-20T21:03:50.328Z] [DEBUG] MongoDB connection closed
Fri Jun 20 16:04:00 CDT 2025: Checking if NextJS server is running...
Fri Jun 20 16:04:00 CDT 2025: Running scheduled reports
/Users/sim/Project2/scripts/../scripts/run-simple-scheduled-reports.sh: line 16: node: command not found
Fri Jun 20 16:04:00 CDT 2025: NextJS server is running. Running scheduled reports check...
/Users/sim/Project2/scripts/../scripts/run-scheduled-reports-cron.sh: line 25: node: command not found
[2025-06-20T21:04:14.561Z] [INFO] Checking for scheduled reports...
[2025-06-20T21:04:16.759Z] [DEBUG] Connected to MongoDB
[2025-06-20T21:04:16.878Z] [INFO] Found 1 company databases
[2025-06-20T21:04:16.879Z] [DEBUG] Processing company database: company_9jxwph8g
[2025-06-20T21:04:17.002Z] [DEBUG] Finding reports to execute in company_9jxwph8g (current time: 2025-06-20T21:04:17.002Z)
[2025-06-20T21:04:17.904Z] [INFO] Found 0 reports to execute in company_9jxwph8g
[2025-06-20T21:04:17.905Z] [INFO] Scheduled reports check completed
[2025-06-20T21:04:17.908Z] [DEBUG] MongoDB connection closed
[2025-06-20T21:04:19.376Z] [INFO] Checking for scheduled reports...
[2025-06-20T21:04:20.210Z] [DEBUG] Connected to MongoDB
[2025-06-20T21:04:20.316Z] [INFO] Found 1 company databases
[2025-06-20T21:04:20.316Z] [DEBUG] Processing company database: company_9jxwph8g
[2025-06-20T21:04:20.409Z] [DEBUG] Finding reports to execute in company_9jxwph8g (current time: 2025-06-20T21:04:20.409Z)
[2025-06-20T21:04:20.491Z] [INFO] Found 0 reports to execute in company_9jxwph8g
[2025-06-20T21:04:20.491Z] [INFO] Scheduled reports check completed
[2025-06-20T21:04:20.495Z] [DEBUG] MongoDB connection closed
[2025-06-20T21:04:44.562Z] [INFO] Checking for scheduled reports...
[2025-06-20T21:04:45.473Z] [DEBUG] Connected to MongoDB
[2025-06-20T21:04:45.552Z] [INFO] Found 1 company databases
[2025-06-20T21:04:45.553Z] [DEBUG] Processing company database: company_9jxwph8g
[2025-06-20T21:04:45.665Z] [DEBUG] Finding reports to execute in company_9jxwph8g (current time: 2025-06-20T21:04:45.665Z)
[2025-06-20T21:04:46.296Z] [INFO] Found 0 reports to execute in company_9jxwph8g
[2025-06-20T21:04:46.297Z] [INFO] Scheduled reports check completed
[2025-06-20T21:04:46.299Z] [DEBUG] MongoDB connection closed
[2025-06-20T21:04:49.377Z] [INFO] Checking for scheduled reports...
[2025-06-20T21:04:50.191Z] [DEBUG] Connected to MongoDB
[2025-06-20T21:04:50.336Z] [INFO] Found 1 company databases
[2025-06-20T21:04:50.336Z] [DEBUG] Processing company database: company_9jxwph8g
[2025-06-20T21:04:50.449Z] [DEBUG] Finding reports to execute in company_9jxwph8g (current time: 2025-06-20T21:04:50.449Z)
[2025-06-20T21:04:50.519Z] [INFO] Found 0 reports to execute in company_9jxwph8g
[2025-06-20T21:04:50.520Z] [INFO] Scheduled reports check completed
[2025-06-20T21:04:50.522Z] [DEBUG] MongoDB connection closed
Fri Jun 20 16:05:00 CDT 2025: Checking if NextJS server is running...
Fri Jun 20 16:05:00 CDT 2025: Running scheduled reports
/Users/sim/Project2/scripts/../scripts/run-simple-scheduled-reports.sh: line 16: node: command not found
Fri Jun 20 16:05:00 CDT 2025: NextJS server is running. Running scheduled reports check...
/Users/sim/Project2/scripts/../scripts/run-scheduled-reports-cron.sh: line 25: node: command not found
[2025-06-20T21:05:14.564Z] [INFO] Checking for scheduled reports...
[2025-06-20T21:05:15.895Z] [DEBUG] Connected to MongoDB
[2025-06-20T21:05:15.969Z] [INFO] Found 1 company databases
[2025-06-20T21:05:15.969Z] [DEBUG] Processing company database: company_9jxwph8g
[2025-06-20T21:05:16.080Z] [DEBUG] Finding reports to execute in company_9jxwph8g (current time: 2025-06-20T21:05:16.080Z)
[2025-06-20T21:05:16.141Z] [INFO] Found 0 reports to execute in company_9jxwph8g
[2025-06-20T21:05:16.141Z] [INFO] Scheduled reports check completed
[2025-06-20T21:05:16.144Z] [DEBUG] MongoDB connection closed
[2025-06-20T21:05:19.377Z] [INFO] Checking for scheduled reports...
[2025-06-20T21:05:20.007Z] [DEBUG] Connected to MongoDB
[2025-06-20T21:05:20.080Z] [INFO] Found 1 company databases
[2025-06-20T21:05:20.081Z] [DEBUG] Processing company database: company_9jxwph8g
[2025-06-20T21:05:20.141Z] [DEBUG] Finding reports to execute in company_9jxwph8g (current time: 2025-06-20T21:05:20.141Z)
[2025-06-20T21:05:20.209Z] [INFO] Found 0 reports to execute in company_9jxwph8g
[2025-06-20T21:05:20.209Z] [INFO] Scheduled reports check completed
[2025-06-20T21:05:20.210Z] [DEBUG] MongoDB connection closed
[2025-06-20T21:05:44.565Z] [INFO] Checking for scheduled reports...
[2025-06-20T21:05:45.885Z] [DEBUG] Connected to MongoDB
[2025-06-20T21:05:45.966Z] [INFO] Found 1 company databases
[2025-06-20T21:05:45.966Z] [DEBUG] Processing company database: company_9jxwph8g
[2025-06-20T21:05:46.031Z] [DEBUG] Finding reports to execute in company_9jxwph8g (current time: 2025-06-20T21:05:46.031Z)
[2025-06-20T21:05:46.095Z] [INFO] Found 0 reports to execute in company_9jxwph8g
[2025-06-20T21:05:46.096Z] [INFO] Scheduled reports check completed
[2025-06-20T21:05:46.098Z] [DEBUG] MongoDB connection closed
[2025-06-20T21:05:49.379Z] [INFO] Checking for scheduled reports...
[2025-06-20T21:05:50.979Z] [DEBUG] Connected to MongoDB
[2025-06-20T21:05:51.105Z] [INFO] Found 1 company databases
[2025-06-20T21:05:51.105Z] [DEBUG] Processing company database: company_9jxwph8g
[2025-06-20T21:05:51.522Z] [DEBUG] Finding reports to execute in company_9jxwph8g (current time: 2025-06-20T21:05:51.522Z)
[2025-06-20T21:05:52.130Z] [INFO] Found 0 reports to execute in company_9jxwph8g
[2025-06-20T21:05:52.130Z] [INFO] Scheduled reports check completed
[2025-06-20T21:05:52.133Z] [DEBUG] MongoDB connection closed
Fri Jun 20 16:06:00 CDT 2025: Running scheduled reports
Fri Jun 20 16:06:00 CDT 2025: Checking if NextJS server is running...
/Users/sim/Project2/scripts/../scripts/run-simple-scheduled-reports.sh: line 16: node: command not found
Fri Jun 20 16:06:00 CDT 2025: NextJS server is running. Running scheduled reports check...
/Users/sim/Project2/scripts/../scripts/run-scheduled-reports-cron.sh: line 25: node: command not found
[2025-06-20T21:06:14.566Z] [INFO] Checking for scheduled reports...
[2025-06-20T21:06:16.227Z] [DEBUG] Connected to MongoDB
[2025-06-20T21:06:16.300Z] [INFO] Found 1 company databases
[2025-06-20T21:06:16.301Z] [DEBUG] Processing company database: company_9jxwph8g
[2025-06-20T21:06:16.368Z] [DEBUG] Finding reports to execute in company_9jxwph8g (current time: 2025-06-20T21:06:16.368Z)
[2025-06-20T21:06:16.440Z] [INFO] Found 0 reports to execute in company_9jxwph8g
[2025-06-20T21:06:16.440Z] [INFO] Scheduled reports check completed
[2025-06-20T21:06:16.443Z] [DEBUG] MongoDB connection closed
[2025-06-20T21:06:19.379Z] [INFO] Checking for scheduled reports...
[2025-06-20T21:06:20.212Z] [DEBUG] Connected to MongoDB
[2025-06-20T21:06:20.289Z] [INFO] Found 1 company databases
[2025-06-20T21:06:20.289Z] [DEBUG] Processing company database: company_9jxwph8g
[2025-06-20T21:06:20.362Z] [DEBUG] Finding reports to execute in company_9jxwph8g (current time: 2025-06-20T21:06:20.362Z)
[2025-06-20T21:06:20.441Z] [INFO] Found 0 reports to execute in company_9jxwph8g
[2025-06-20T21:06:20.442Z] [INFO] Scheduled reports check completed
[2025-06-20T21:06:20.444Z] [DEBUG] MongoDB connection closed
[2025-06-20T21:06:44.567Z] [INFO] Checking for scheduled reports...
[2025-06-20T21:06:45.721Z] [DEBUG] Connected to MongoDB
[2025-06-20T21:06:45.801Z] [INFO] Found 1 company databases
[2025-06-20T21:06:45.802Z] [DEBUG] Processing company database: company_9jxwph8g
[2025-06-20T21:06:45.863Z] [DEBUG] Finding reports to execute in company_9jxwph8g (current time: 2025-06-20T21:06:45.863Z)
[2025-06-20T21:06:45.922Z] [INFO] Found 0 reports to execute in company_9jxwph8g
[2025-06-20T21:06:45.923Z] [INFO] Scheduled reports check completed
[2025-06-20T21:06:45.925Z] [DEBUG] MongoDB connection closed
[2025-06-20T21:06:49.381Z] [INFO] Checking for scheduled reports...
[2025-06-20T21:06:49.991Z] [DEBUG] Connected to MongoDB
[2025-06-20T21:06:50.062Z] [INFO] Found 1 company databases
[2025-06-20T21:06:50.063Z] [DEBUG] Processing company database: company_9jxwph8g
[2025-06-20T21:06:50.129Z] [DEBUG] Finding reports to execute in company_9jxwph8g (current time: 2025-06-20T21:06:50.129Z)
[2025-06-20T21:06:50.189Z] [INFO] Found 0 reports to execute in company_9jxwph8g
[2025-06-20T21:06:50.189Z] [INFO] Scheduled reports check completed
[2025-06-20T21:06:50.192Z] [DEBUG] MongoDB connection closed
Fri Jun 20 16:07:00 CDT 2025: Checking if NextJS server is running...
Fri Jun 20 16:07:00 CDT 2025: Running scheduled reports
/Users/sim/Project2/scripts/../scripts/run-simple-scheduled-reports.sh: line 16: node: command not found
Fri Jun 20 16:07:01 CDT 2025: NextJS server is running. Running scheduled reports check...
/Users/sim/Project2/scripts/../scripts/run-scheduled-reports-cron.sh: line 25: node: command not found
[2025-06-20T21:07:14.568Z] [INFO] Checking for scheduled reports...
[2025-06-20T21:07:15.310Z] [DEBUG] Connected to MongoDB
[2025-06-20T21:07:15.387Z] [INFO] Found 1 company databases
[2025-06-20T21:07:15.387Z] [DEBUG] Processing company database: company_9jxwph8g
[2025-06-20T21:07:15.447Z] [DEBUG] Finding reports to execute in company_9jxwph8g (current time: 2025-06-20T21:07:15.447Z)
[2025-06-20T21:07:15.508Z] [INFO] Found 0 reports to execute in company_9jxwph8g
[2025-06-20T21:07:15.509Z] [INFO] Scheduled reports check completed
[2025-06-20T21:07:15.511Z] [DEBUG] MongoDB connection closed
[2025-06-20T21:07:19.382Z] [INFO] Checking for scheduled reports...
[2025-06-20T21:07:20.262Z] [DEBUG] Connected to MongoDB
[2025-06-20T21:07:20.374Z] [INFO] Found 1 company databases
[2025-06-20T21:07:20.375Z] [DEBUG] Processing company database: company_9jxwph8g
[2025-06-20T21:07:20.570Z] [DEBUG] Finding reports to execute in company_9jxwph8g (current time: 2025-06-20T21:07:20.570Z)
[2025-06-20T21:07:20.753Z] [INFO] Found 0 reports to execute in company_9jxwph8g
[2025-06-20T21:07:20.754Z] [INFO] Scheduled reports check completed
[2025-06-20T21:07:20.757Z] [DEBUG] MongoDB connection closed
[2025-06-20T21:07:44.570Z] [INFO] Checking for scheduled reports...
[2025-06-20T21:07:45.879Z] [DEBUG] Connected to MongoDB
[2025-06-20T21:07:46.305Z] [INFO] Found 1 company databases
[2025-06-20T21:07:46.306Z] [DEBUG] Processing company database: company_9jxwph8g
[2025-06-20T21:07:46.743Z] [DEBUG] Finding reports to execute in company_9jxwph8g (current time: 2025-06-20T21:07:46.743Z)
[2025-06-20T21:07:46.811Z] [INFO] Found 0 reports to execute in company_9jxwph8g
[2025-06-20T21:07:46.812Z] [INFO] Scheduled reports check completed
[2025-06-20T21:07:46.814Z] [DEBUG] MongoDB connection closed
[2025-06-20T21:07:49.383Z] [INFO] Checking for scheduled reports...
[2025-06-20T21:07:50.069Z] [DEBUG] Connected to MongoDB
[2025-06-20T21:07:50.145Z] [INFO] Found 1 company databases
[2025-06-20T21:07:50.145Z] [DEBUG] Processing company database: company_9jxwph8g
[2025-06-20T21:07:50.214Z] [DEBUG] Finding reports to execute in company_9jxwph8g (current time: 2025-06-20T21:07:50.214Z)
[2025-06-20T21:07:50.276Z] [INFO] Found 0 reports to execute in company_9jxwph8g
[2025-06-20T21:07:50.277Z] [INFO] Scheduled reports check completed
[2025-06-20T21:07:50.279Z] [DEBUG] MongoDB connection closed
Fri Jun 20 16:08:00 CDT 2025: Running scheduled reports
Fri Jun 20 16:08:00 CDT 2025: Checking if NextJS server is running...
/Users/sim/Project2/scripts/../scripts/run-simple-scheduled-reports.sh: line 16: node: command not found
Fri Jun 20 16:08:00 CDT 2025: NextJS server is running. Running scheduled reports check...
/Users/sim/Project2/scripts/../scripts/run-scheduled-reports-cron.sh: line 25: node: command not found
[2025-06-20T21:08:14.571Z] [INFO] Checking for scheduled reports...
[2025-06-20T21:08:15.306Z] [DEBUG] Connected to MongoDB
[2025-06-20T21:08:15.383Z] [INFO] Found 1 company databases
[2025-06-20T21:08:15.384Z] [DEBUG] Processing company database: company_9jxwph8g
[2025-06-20T21:08:15.446Z] [DEBUG] Finding reports to execute in company_9jxwph8g (current time: 2025-06-20T21:08:15.446Z)
[2025-06-20T21:08:15.507Z] [INFO] Found 0 reports to execute in company_9jxwph8g
[2025-06-20T21:08:15.507Z] [INFO] Scheduled reports check completed
[2025-06-20T21:08:15.509Z] [DEBUG] MongoDB connection closed
[2025-06-20T21:08:19.384Z] [INFO] Checking for scheduled reports...
[2025-06-20T21:08:22.094Z] [DEBUG] Connected to MongoDB
[2025-06-20T21:08:22.172Z] [INFO] Found 1 company databases
[2025-06-20T21:08:22.173Z] [DEBUG] Processing company database: company_9jxwph8g
[2025-06-20T21:08:22.259Z] [DEBUG] Finding reports to execute in company_9jxwph8g (current time: 2025-06-20T21:08:22.259Z)
[2025-06-20T21:08:22.320Z] [INFO] Found 0 reports to execute in company_9jxwph8g
[2025-06-20T21:08:22.321Z] [INFO] Scheduled reports check completed
[2025-06-20T21:08:22.323Z] [DEBUG] MongoDB connection closed
[2025-06-20T21:08:44.572Z] [INFO] Checking for scheduled reports...
[2025-06-20T21:08:45.813Z] [DEBUG] Connected to MongoDB
[2025-06-20T21:08:45.914Z] [INFO] Found 1 company databases
[2025-06-20T21:08:45.914Z] [DEBUG] Processing company database: company_9jxwph8g
[2025-06-20T21:08:45.977Z] [DEBUG] Finding reports to execute in company_9jxwph8g (current time: 2025-06-20T21:08:45.977Z)
[2025-06-20T21:08:46.039Z] [INFO] Found 0 reports to execute in company_9jxwph8g
[2025-06-20T21:08:46.041Z] [INFO] Scheduled reports check completed
[2025-06-20T21:08:46.046Z] [DEBUG] MongoDB connection closed
[2025-06-20T21:08:49.385Z] [INFO] Checking for scheduled reports...
[2025-06-20T21:08:50.017Z] [DEBUG] Connected to MongoDB
[2025-06-20T21:08:50.087Z] [INFO] Found 1 company databases
[2025-06-20T21:08:50.087Z] [DEBUG] Processing company database: company_9jxwph8g
[2025-06-20T21:08:50.149Z] [DEBUG] Finding reports to execute in company_9jxwph8g (current time: 2025-06-20T21:08:50.149Z)
[2025-06-20T21:08:50.205Z] [INFO] Found 0 reports to execute in company_9jxwph8g
[2025-06-20T21:08:50.205Z] [INFO] Scheduled reports check completed
[2025-06-20T21:08:50.207Z] [DEBUG] MongoDB connection closed
Fri Jun 20 16:09:00 CDT 2025: Checking if NextJS server is running...
Fri Jun 20 16:09:00 CDT 2025: Running scheduled reports
/Users/sim/Project2/scripts/../scripts/run-simple-scheduled-reports.sh: line 16: node: command not found
Fri Jun 20 16:09:01 CDT 2025: NextJS server is running. Running scheduled reports check...
/Users/sim/Project2/scripts/../scripts/run-scheduled-reports-cron.sh: line 25: node: command not found
[2025-06-20T21:09:14.573Z] [INFO] Checking for scheduled reports...
[2025-06-20T21:09:15.289Z] [DEBUG] Connected to MongoDB
[2025-06-20T21:09:15.366Z] [INFO] Found 1 company databases
[2025-06-20T21:09:15.367Z] [DEBUG] Processing company database: company_9jxwph8g
[2025-06-20T21:09:15.430Z] [DEBUG] Finding reports to execute in company_9jxwph8g (current time: 2025-06-20T21:09:15.430Z)
[2025-06-20T21:09:15.489Z] [INFO] Found 0 reports to execute in company_9jxwph8g
[2025-06-20T21:09:15.489Z] [INFO] Scheduled reports check completed
[2025-06-20T21:09:15.491Z] [DEBUG] MongoDB connection closed
[2025-06-20T21:09:19.386Z] [INFO] Checking for scheduled reports...
[2025-06-20T21:09:20.478Z] [DEBUG] Connected to MongoDB
[2025-06-20T21:09:20.546Z] [INFO] Found 1 company databases
[2025-06-20T21:09:20.546Z] [DEBUG] Processing company database: company_9jxwph8g
[2025-06-20T21:09:20.604Z] [DEBUG] Finding reports to execute in company_9jxwph8g (current time: 2025-06-20T21:09:20.604Z)
[2025-06-20T21:09:20.661Z] [INFO] Found 0 reports to execute in company_9jxwph8g
[2025-06-20T21:09:20.661Z] [INFO] Scheduled reports check completed
[2025-06-20T21:09:20.663Z] [DEBUG] MongoDB connection closed
[2025-06-20T21:09:44.575Z] [INFO] Checking for scheduled reports...
[2025-06-20T21:09:45.194Z] [DEBUG] Connected to MongoDB
[2025-06-20T21:09:45.266Z] [INFO] Found 1 company databases
[2025-06-20T21:09:45.266Z] [DEBUG] Processing company database: company_9jxwph8g
[2025-06-20T21:09:45.329Z] [DEBUG] Finding reports to execute in company_9jxwph8g (current time: 2025-06-20T21:09:45.329Z)
[2025-06-20T21:09:45.389Z] [INFO] Found 0 reports to execute in company_9jxwph8g
[2025-06-20T21:09:45.389Z] [INFO] Scheduled reports check completed
[2025-06-20T21:09:45.392Z] [DEBUG] MongoDB connection closed
[2025-06-20T21:09:49.387Z] [INFO] Checking for scheduled reports...
[2025-06-20T21:09:50.018Z] [DEBUG] Connected to MongoDB
[2025-06-20T21:09:50.095Z] [INFO] Found 1 company databases
[2025-06-20T21:09:50.095Z] [DEBUG] Processing company database: company_9jxwph8g
[2025-06-20T21:09:50.162Z] [DEBUG] Finding reports to execute in company_9jxwph8g (current time: 2025-06-20T21:09:50.161Z)
[2025-06-20T21:09:50.219Z] [INFO] Found 0 reports to execute in company_9jxwph8g
[2025-06-20T21:09:50.219Z] [INFO] Scheduled reports check completed
[2025-06-20T21:09:50.221Z] [DEBUG] MongoDB connection closed
Fri Jun 20 16:10:00 CDT 2025: Checking if NextJS server is running...
Fri Jun 20 16:10:00 CDT 2025: Running scheduled reports
/Users/sim/Project2/scripts/../scripts/run-simple-scheduled-reports.sh: line 16: node: command not found
Fri Jun 20 16:10:00 CDT 2025: NextJS server is running. Running scheduled reports check...
/Users/sim/Project2/scripts/../scripts/run-scheduled-reports-cron.sh: line 25: node: command not found
[2025-06-20T21:10:14.576Z] [INFO] Checking for scheduled reports...
[2025-06-20T21:10:15.448Z] [DEBUG] Connected to MongoDB
[2025-06-20T21:10:15.518Z] [INFO] Found 1 company databases
[2025-06-20T21:10:15.518Z] [DEBUG] Processing company database: company_9jxwph8g
[2025-06-20T21:10:15.577Z] [DEBUG] Finding reports to execute in company_9jxwph8g (current time: 2025-06-20T21:10:15.577Z)
[2025-06-20T21:10:15.796Z] [INFO] Found 0 reports to execute in company_9jxwph8g
[2025-06-20T21:10:15.797Z] [INFO] Scheduled reports check completed
[2025-06-20T21:10:15.799Z] [DEBUG] MongoDB connection closed
[2025-06-20T21:10:19.388Z] [INFO] Checking for scheduled reports...
[2025-06-20T21:10:20.057Z] [DEBUG] Connected to MongoDB
[2025-06-20T21:10:20.128Z] [INFO] Found 1 company databases
[2025-06-20T21:10:20.129Z] [DEBUG] Processing company database: company_9jxwph8g
[2025-06-20T21:10:20.188Z] [DEBUG] Finding reports to execute in company_9jxwph8g (current time: 2025-06-20T21:10:20.188Z)
[2025-06-20T21:10:20.244Z] [INFO] Found 0 reports to execute in company_9jxwph8g
[2025-06-20T21:10:20.245Z] [INFO] Scheduled reports check completed
[2025-06-20T21:10:20.247Z] [DEBUG] MongoDB connection closed
[2025-06-20T21:10:44.577Z] [INFO] Checking for scheduled reports...
[2025-06-20T21:10:45.222Z] [DEBUG] Connected to MongoDB
[2025-06-20T21:10:45.296Z] [INFO] Found 1 company databases
[2025-06-20T21:10:45.297Z] [DEBUG] Processing company database: company_9jxwph8g
[2025-06-20T21:10:45.356Z] [DEBUG] Finding reports to execute in company_9jxwph8g (current time: 2025-06-20T21:10:45.356Z)
[2025-06-20T21:10:45.421Z] [INFO] Found 0 reports to execute in company_9jxwph8g
[2025-06-20T21:10:45.422Z] [INFO] Scheduled reports check completed
[2025-06-20T21:10:45.424Z] [DEBUG] MongoDB connection closed
[2025-06-20T21:10:49.389Z] [INFO] Checking for scheduled reports...
[2025-06-20T21:10:50.004Z] [DEBUG] Connected to MongoDB
[2025-06-20T21:10:50.104Z] [INFO] Found 1 company databases
[2025-06-20T21:10:50.105Z] [DEBUG] Processing company database: company_9jxwph8g
[2025-06-20T21:10:50.164Z] [DEBUG] Finding reports to execute in company_9jxwph8g (current time: 2025-06-20T21:10:50.164Z)
[2025-06-20T21:10:50.220Z] [INFO] Found 0 reports to execute in company_9jxwph8g
[2025-06-20T21:10:50.221Z] [INFO] Scheduled reports check completed
[2025-06-20T21:10:50.223Z] [DEBUG] MongoDB connection closed
Fri Jun 20 16:11:00 CDT 2025: Checking if NextJS server is running...
Fri Jun 20 16:11:00 CDT 2025: Running scheduled reports
/Users/sim/Project2/scripts/../scripts/run-simple-scheduled-reports.sh: line 16: node: command not found
Fri Jun 20 16:11:00 CDT 2025: NextJS server is running. Running scheduled reports check...
/Users/sim/Project2/scripts/../scripts/run-scheduled-reports-cron.sh: line 25: node: command not found
[2025-06-20T21:11:14.579Z] [INFO] Checking for scheduled reports...
[2025-06-20T21:11:15.202Z] [DEBUG] Connected to MongoDB
[2025-06-20T21:11:15.277Z] [INFO] Found 1 company databases
[2025-06-20T21:11:15.277Z] [DEBUG] Processing company database: company_9jxwph8g
[2025-06-20T21:11:15.334Z] [DEBUG] Finding reports to execute in company_9jxwph8g (current time: 2025-06-20T21:11:15.334Z)
[2025-06-20T21:11:15.392Z] [INFO] Found 0 reports to execute in company_9jxwph8g
[2025-06-20T21:11:15.392Z] [INFO] Scheduled reports check completed
[2025-06-20T21:11:15.395Z] [DEBUG] MongoDB connection closed
[2025-06-20T21:11:19.390Z] [INFO] Checking for scheduled reports...
[2025-06-20T21:11:20.019Z] [DEBUG] Connected to MongoDB
[2025-06-20T21:11:20.089Z] [INFO] Found 1 company databases
[2025-06-20T21:11:20.090Z] [DEBUG] Processing company database: company_9jxwph8g
[2025-06-20T21:11:20.149Z] [DEBUG] Finding reports to execute in company_9jxwph8g (current time: 2025-06-20T21:11:20.149Z)
[2025-06-20T21:11:20.207Z] [INFO] Found 0 reports to execute in company_9jxwph8g
[2025-06-20T21:11:20.208Z] [INFO] Scheduled reports check completed
[2025-06-20T21:11:20.210Z] [DEBUG] MongoDB connection closed
[2025-06-20T21:11:44.580Z] [INFO] Checking for scheduled reports...
[2025-06-20T21:11:45.330Z] [DEBUG] Connected to MongoDB
[2025-06-20T21:11:45.431Z] [INFO] Found 1 company databases
[2025-06-20T21:11:45.432Z] [DEBUG] Processing company database: company_9jxwph8g
[2025-06-20T21:11:45.511Z] [DEBUG] Finding reports to execute in company_9jxwph8g (current time: 2025-06-20T21:11:45.511Z)
[2025-06-20T21:11:45.570Z] [INFO] Found 0 reports to execute in company_9jxwph8g
[2025-06-20T21:11:45.570Z] [INFO] Scheduled reports check completed
[2025-06-20T21:11:45.573Z] [DEBUG] MongoDB connection closed
[2025-06-20T21:11:49.391Z] [INFO] Checking for scheduled reports...
[2025-06-20T21:11:50.002Z] [DEBUG] Connected to MongoDB
[2025-06-20T21:11:50.071Z] [INFO] Found 1 company databases
[2025-06-20T21:11:50.072Z] [DEBUG] Processing company database: company_9jxwph8g
[2025-06-20T21:11:50.135Z] [DEBUG] Finding reports to execute in company_9jxwph8g (current time: 2025-06-20T21:11:50.135Z)
[2025-06-20T21:11:50.202Z] [INFO] Found 0 reports to execute in company_9jxwph8g
[2025-06-20T21:11:50.202Z] [INFO] Scheduled reports check completed
[2025-06-20T21:11:50.205Z] [DEBUG] MongoDB connection closed
Fri Jun 20 16:12:00 CDT 2025: Running scheduled reports
Fri Jun 20 16:12:00 CDT 2025: Checking if NextJS server is running...
/Users/sim/Project2/scripts/../scripts/run-simple-scheduled-reports.sh: line 16: node: command not found
Fri Jun 20 16:12:00 CDT 2025: NextJS server is running. Running scheduled reports check...
/Users/sim/Project2/scripts/../scripts/run-scheduled-reports-cron.sh: line 25: node: command not found
[2025-06-20T21:12:14.580Z] [INFO] Checking for scheduled reports...
[2025-06-20T21:12:15.237Z] [DEBUG] Connected to MongoDB
[2025-06-20T21:12:15.307Z] [INFO] Found 1 company databases
[2025-06-20T21:12:15.308Z] [DEBUG] Processing company database: company_9jxwph8g
[2025-06-20T21:12:15.367Z] [DEBUG] Finding reports to execute in company_9jxwph8g (current time: 2025-06-20T21:12:15.367Z)
[2025-06-20T21:12:15.437Z] [INFO] Found 0 reports to execute in company_9jxwph8g
[2025-06-20T21:12:15.438Z] [INFO] Scheduled reports check completed
[2025-06-20T21:12:15.440Z] [DEBUG] MongoDB connection closed
[2025-06-20T21:12:19.392Z] [INFO] Checking for scheduled reports...
[2025-06-20T21:12:20.297Z] [DEBUG] Connected to MongoDB
[2025-06-20T21:12:20.367Z] [INFO] Found 1 company databases
[2025-06-20T21:12:20.367Z] [DEBUG] Processing company database: company_9jxwph8g
[2025-06-20T21:12:20.447Z] [DEBUG] Finding reports to execute in company_9jxwph8g (current time: 2025-06-20T21:12:20.447Z)
[2025-06-20T21:12:20.505Z] [INFO] Found 0 reports to execute in company_9jxwph8g
[2025-06-20T21:12:20.505Z] [INFO] Scheduled reports check completed
[2025-06-20T21:12:20.506Z] [DEBUG] MongoDB connection closed
[2025-06-20T21:12:44.581Z] [INFO] Checking for scheduled reports...
[2025-06-20T21:12:45.224Z] [DEBUG] Connected to MongoDB
[2025-06-20T21:12:45.295Z] [INFO] Found 1 company databases
[2025-06-20T21:12:45.295Z] [DEBUG] Processing company database: company_9jxwph8g
[2025-06-20T21:12:45.354Z] [DEBUG] Finding reports to execute in company_9jxwph8g (current time: 2025-06-20T21:12:45.354Z)
[2025-06-20T21:12:45.411Z] [INFO] Found 0 reports to execute in company_9jxwph8g
[2025-06-20T21:12:45.412Z] [INFO] Scheduled reports check completed
[2025-06-20T21:12:45.414Z] [DEBUG] MongoDB connection closed
[2025-06-20T21:12:49.392Z] [INFO] Checking for scheduled reports...
[2025-06-20T21:12:50.066Z] [DEBUG] Connected to MongoDB
[2025-06-20T21:12:50.146Z] [INFO] Found 1 company databases
[2025-06-20T21:12:50.146Z] [DEBUG] Processing company database: company_9jxwph8g
[2025-06-20T21:12:50.207Z] [DEBUG] Finding reports to execute in company_9jxwph8g (current time: 2025-06-20T21:12:50.207Z)
[2025-06-20T21:12:50.291Z] [INFO] Found 0 reports to execute in company_9jxwph8g
[2025-06-20T21:12:50.292Z] [INFO] Scheduled reports check completed
[2025-06-20T21:12:50.294Z] [DEBUG] MongoDB connection closed
Fri Jun 20 16:13:01 CDT 2025: Running scheduled reports
Fri Jun 20 16:13:01 CDT 2025: Checking if NextJS server is running...
/Users/sim/Project2/scripts/../scripts/run-simple-scheduled-reports.sh: line 16: node: command not found
Fri Jun 20 16:13:01 CDT 2025: NextJS server is running. Running scheduled reports check...
/Users/sim/Project2/scripts/../scripts/run-scheduled-reports-cron.sh: line 25: node: command not found
[2025-06-20T21:13:14.582Z] [INFO] Checking for scheduled reports...
[2025-06-20T21:13:15.320Z] [DEBUG] Connected to MongoDB
[2025-06-20T21:13:15.389Z] [INFO] Found 1 company databases
[2025-06-20T21:13:15.390Z] [DEBUG] Processing company database: company_9jxwph8g
[2025-06-20T21:13:15.449Z] [DEBUG] Finding reports to execute in company_9jxwph8g (current time: 2025-06-20T21:13:15.449Z)
[2025-06-20T21:13:15.512Z] [INFO] Found 0 reports to execute in company_9jxwph8g
[2025-06-20T21:13:15.513Z] [INFO] Scheduled reports check completed
[2025-06-20T21:13:15.515Z] [DEBUG] MongoDB connection closed
[2025-06-20T21:13:19.394Z] [INFO] Checking for scheduled reports...
[2025-06-20T21:13:20.135Z] [DEBUG] Connected to MongoDB
[2025-06-20T21:13:20.204Z] [INFO] Found 1 company databases
[2025-06-20T21:13:20.205Z] [DEBUG] Processing company database: company_9jxwph8g
[2025-06-20T21:13:20.265Z] [DEBUG] Finding reports to execute in company_9jxwph8g (current time: 2025-06-20T21:13:20.265Z)
[2025-06-20T21:13:20.323Z] [INFO] Found 0 reports to execute in company_9jxwph8g
[2025-06-20T21:13:20.323Z] [INFO] Scheduled reports check completed
[2025-06-20T21:13:20.325Z] [DEBUG] MongoDB connection closed
[2025-06-20T21:13:44.582Z] [INFO] Checking for scheduled reports...
[2025-06-20T21:13:45.376Z] [DEBUG] Connected to MongoDB
[2025-06-20T21:13:45.458Z] [INFO] Found 1 company databases
[2025-06-20T21:13:45.459Z] [DEBUG] Processing company database: company_9jxwph8g
[2025-06-20T21:13:45.530Z] [DEBUG] Finding reports to execute in company_9jxwph8g (current time: 2025-06-20T21:13:45.530Z)
[2025-06-20T21:13:45.588Z] [INFO] Found 0 reports to execute in company_9jxwph8g
[2025-06-20T21:13:45.588Z] [INFO] Scheduled reports check completed
[2025-06-20T21:13:45.589Z] [DEBUG] MongoDB connection closed
[2025-06-20T21:13:49.394Z] [INFO] Checking for scheduled reports...
[2025-06-20T21:13:50.080Z] [DEBUG] Connected to MongoDB
[2025-06-20T21:13:50.150Z] [INFO] Found 1 company databases
[2025-06-20T21:13:50.150Z] [DEBUG] Processing company database: company_9jxwph8g
[2025-06-20T21:13:50.210Z] [DEBUG] Finding reports to execute in company_9jxwph8g (current time: 2025-06-20T21:13:50.210Z)
[2025-06-20T21:13:50.269Z] [INFO] Found 0 reports to execute in company_9jxwph8g
[2025-06-20T21:13:50.269Z] [INFO] Scheduled reports check completed
[2025-06-20T21:13:50.272Z] [DEBUG] MongoDB connection closed
Fri Jun 20 16:14:00 CDT 2025: Checking if NextJS server is running...
Fri Jun 20 16:14:00 CDT 2025: Running scheduled reports
/Users/sim/Project2/scripts/../scripts/run-simple-scheduled-reports.sh: line 16: node: command not found
Fri Jun 20 16:14:00 CDT 2025: NextJS server is running. Running scheduled reports check...
/Users/sim/Project2/scripts/../scripts/run-scheduled-reports-cron.sh: line 25: node: command not found
[2025-06-20T21:14:14.583Z] [INFO] Checking for scheduled reports...
[2025-06-20T21:14:16.023Z] [DEBUG] Connected to MongoDB
[2025-06-20T21:14:16.115Z] [INFO] Found 1 company databases
[2025-06-20T21:14:16.116Z] [DEBUG] Processing company database: company_9jxwph8g
[2025-06-20T21:14:16.237Z] [DEBUG] Finding reports to execute in company_9jxwph8g (current time: 2025-06-20T21:14:16.237Z)
[2025-06-20T21:14:16.314Z] [INFO] Found 0 reports to execute in company_9jxwph8g
[2025-06-20T21:14:16.315Z] [INFO] Scheduled reports check completed
[2025-06-20T21:14:16.317Z] [DEBUG] MongoDB connection closed
[2025-06-20T21:14:19.395Z] [INFO] Checking for scheduled reports...
[2025-06-20T21:14:20.313Z] [DEBUG] Connected to MongoDB
[2025-06-20T21:14:20.405Z] [INFO] Found 1 company databases
[2025-06-20T21:14:20.406Z] [DEBUG] Processing company database: company_9jxwph8g
[2025-06-20T21:14:20.743Z] [DEBUG] Finding reports to execute in company_9jxwph8g (current time: 2025-06-20T21:14:20.743Z)
[2025-06-20T21:14:21.059Z] [INFO] Found 0 reports to execute in company_9jxwph8g
[2025-06-20T21:14:21.060Z] [INFO] Scheduled reports check completed
[2025-06-20T21:14:21.062Z] [DEBUG] MongoDB connection closed
[2025-06-20T21:14:44.583Z] [INFO] Checking for scheduled reports...
[2025-06-20T21:14:45.417Z] [DEBUG] Connected to MongoDB
[2025-06-20T21:14:45.501Z] [INFO] Found 1 company databases
[2025-06-20T21:14:45.502Z] [DEBUG] Processing company database: company_9jxwph8g
[2025-06-20T21:14:45.571Z] [DEBUG] Finding reports to execute in company_9jxwph8g (current time: 2025-06-20T21:14:45.571Z)
[2025-06-20T21:14:45.633Z] [INFO] Found 0 reports to execute in company_9jxwph8g
[2025-06-20T21:14:45.634Z] [INFO] Scheduled reports check completed
[2025-06-20T21:14:45.636Z] [DEBUG] MongoDB connection closed
[2025-06-20T21:14:49.396Z] [INFO] Checking for scheduled reports...
[2025-06-20T21:14:50.133Z] [DEBUG] Connected to MongoDB
[2025-06-20T21:14:50.215Z] [INFO] Found 1 company databases
[2025-06-20T21:14:50.215Z] [DEBUG] Processing company database: company_9jxwph8g
[2025-06-20T21:14:50.305Z] [DEBUG] Finding reports to execute in company_9jxwph8g (current time: 2025-06-20T21:14:50.305Z)
[2025-06-20T21:14:50.364Z] [INFO] Found 0 reports to execute in company_9jxwph8g
[2025-06-20T21:14:50.364Z] [INFO] Scheduled reports check completed
[2025-06-20T21:14:50.367Z] [DEBUG] MongoDB connection closed
Fri Jun 20 16:15:00 CDT 2025: Checking if NextJS server is running...
Fri Jun 20 16:15:00 CDT 2025: Running scheduled reports
/Users/sim/Project2/scripts/../scripts/run-simple-scheduled-reports.sh: line 16: node: command not found
Fri Jun 20 16:15:00 CDT 2025: NextJS server is running. Running scheduled reports check...
/Users/sim/Project2/scripts/../scripts/run-scheduled-reports-cron.sh: line 25: node: command not found
[2025-06-20T21:15:14.584Z] [INFO] Checking for scheduled reports...
[2025-06-20T21:15:15.919Z] [DEBUG] Connected to MongoDB
[2025-06-20T21:15:16.110Z] [INFO] Found 1 company databases
[2025-06-20T21:15:16.110Z] [DEBUG] Processing company database: company_9jxwph8g
[2025-06-20T21:15:16.216Z] [DEBUG] Finding reports to execute in company_9jxwph8g (current time: 2025-06-20T21:15:16.216Z)
[2025-06-20T21:15:16.335Z] [INFO] Found 0 reports to execute in company_9jxwph8g
[2025-06-20T21:15:16.335Z] [INFO] Scheduled reports check completed
[2025-06-20T21:15:16.336Z] [DEBUG] MongoDB connection closed
[2025-06-20T21:15:19.396Z] [INFO] Checking for scheduled reports...
[2025-06-20T21:15:20.070Z] [DEBUG] Connected to MongoDB
[2025-06-20T21:15:20.153Z] [INFO] Found 1 company databases
[2025-06-20T21:15:20.154Z] [DEBUG] Processing company database: company_9jxwph8g
[2025-06-20T21:15:20.221Z] [DEBUG] Finding reports to execute in company_9jxwph8g (current time: 2025-06-20T21:15:20.221Z)
[2025-06-20T21:15:20.284Z] [INFO] Found 0 reports to execute in company_9jxwph8g
[2025-06-20T21:15:20.284Z] [INFO] Scheduled reports check completed
[2025-06-20T21:15:20.287Z] [DEBUG] MongoDB connection closed
[2025-06-20T21:15:44.585Z] [INFO] Checking for scheduled reports...
[2025-06-20T21:15:45.348Z] [DEBUG] Connected to MongoDB
[2025-06-20T21:15:45.440Z] [INFO] Found 1 company databases
[2025-06-20T21:15:45.441Z] [DEBUG] Processing company database: company_9jxwph8g
[2025-06-20T21:15:45.523Z] [DEBUG] Finding reports to execute in company_9jxwph8g (current time: 2025-06-20T21:15:45.523Z)
[2025-06-20T21:15:45.598Z] [INFO] Found 0 reports to execute in company_9jxwph8g
[2025-06-20T21:15:45.598Z] [INFO] Scheduled reports check completed
[2025-06-20T21:15:45.600Z] [DEBUG] MongoDB connection closed
[2025-06-20T21:15:49.397Z] [INFO] Checking for scheduled reports...
[2025-06-20T21:15:50.053Z] [DEBUG] Connected to MongoDB
[2025-06-20T21:15:50.123Z] [INFO] Found 1 company databases
[2025-06-20T21:15:50.124Z] [DEBUG] Processing company database: company_9jxwph8g
[2025-06-20T21:15:50.184Z] [DEBUG] Finding reports to execute in company_9jxwph8g (current time: 2025-06-20T21:15:50.184Z)
[2025-06-20T21:15:50.258Z] [INFO] Found 0 reports to execute in company_9jxwph8g
[2025-06-20T21:15:50.259Z] [INFO] Scheduled reports check completed
[2025-06-20T21:15:50.261Z] [DEBUG] MongoDB connection closed
Fri Jun 20 16:16:00 CDT 2025: Checking if NextJS server is running...
Fri Jun 20 16:16:00 CDT 2025: Running scheduled reports
/Users/sim/Project2/scripts/../scripts/run-simple-scheduled-reports.sh: line 16: node: command not found
Fri Jun 20 16:16:00 CDT 2025: NextJS server is running. Running scheduled reports check...
/Users/sim/Project2/scripts/../scripts/run-scheduled-reports-cron.sh: line 25: node: command not found
[2025-06-20T21:16:14.586Z] [INFO] Checking for scheduled reports...
[2025-06-20T21:16:15.213Z] [DEBUG] Connected to MongoDB
[2025-06-20T21:16:15.290Z] [INFO] Found 1 company databases
[2025-06-20T21:16:15.291Z] [DEBUG] Processing company database: company_9jxwph8g
[2025-06-20T21:16:15.352Z] [DEBUG] Finding reports to execute in company_9jxwph8g (current time: 2025-06-20T21:16:15.352Z)
[2025-06-20T21:16:15.412Z] [INFO] Found 0 reports to execute in company_9jxwph8g
[2025-06-20T21:16:15.412Z] [INFO] Scheduled reports check completed
[2025-06-20T21:16:15.415Z] [DEBUG] MongoDB connection closed
[2025-06-20T21:16:19.398Z] [INFO] Checking for scheduled reports...
[2025-06-20T21:16:20.056Z] [DEBUG] Connected to MongoDB
[2025-06-20T21:16:20.127Z] [INFO] Found 1 company databases
[2025-06-20T21:16:20.127Z] [DEBUG] Processing company database: company_9jxwph8g
[2025-06-20T21:16:20.190Z] [DEBUG] Finding reports to execute in company_9jxwph8g (current time: 2025-06-20T21:16:20.190Z)
[2025-06-20T21:16:20.251Z] [INFO] Found 0 reports to execute in company_9jxwph8g
[2025-06-20T21:16:20.251Z] [INFO] Scheduled reports check completed
[2025-06-20T21:16:20.254Z] [DEBUG] MongoDB connection closed
[2025-06-20T21:16:44.587Z] [INFO] Checking for scheduled reports...
[2025-06-20T21:16:45.814Z] [DEBUG] Connected to MongoDB
[2025-06-20T21:16:45.887Z] [INFO] Found 1 company databases
[2025-06-20T21:16:45.888Z] [DEBUG] Processing company database: company_9jxwph8g
[2025-06-20T21:16:45.949Z] [DEBUG] Finding reports to execute in company_9jxwph8g (current time: 2025-06-20T21:16:45.949Z)
[2025-06-20T21:16:46.007Z] [INFO] Found 0 reports to execute in company_9jxwph8g
[2025-06-20T21:16:46.008Z] [INFO] Scheduled reports check completed
[2025-06-20T21:16:46.010Z] [DEBUG] MongoDB connection closed
[2025-06-20T21:16:49.399Z] [INFO] Checking for scheduled reports...
[2025-06-20T21:16:50.033Z] [DEBUG] Connected to MongoDB
[2025-06-20T21:16:50.105Z] [INFO] Found 1 company databases
[2025-06-20T21:16:50.106Z] [DEBUG] Processing company database: company_9jxwph8g
[2025-06-20T21:16:50.164Z] [DEBUG] Finding reports to execute in company_9jxwph8g (current time: 2025-06-20T21:16:50.164Z)
[2025-06-20T21:16:50.226Z] [INFO] Found 0 reports to execute in company_9jxwph8g
[2025-06-20T21:16:50.227Z] [INFO] Scheduled reports check completed
[2025-06-20T21:16:50.229Z] [DEBUG] MongoDB connection closed
Fri Jun 20 16:17:00 CDT 2025: Running scheduled reports
Fri Jun 20 16:17:00 CDT 2025: Checking if NextJS server is running...
/Users/sim/Project2/scripts/../scripts/run-simple-scheduled-reports.sh: line 16: node: command not found
Fri Jun 20 16:17:00 CDT 2025: NextJS server is running. Running scheduled reports check...
/Users/sim/Project2/scripts/../scripts/run-scheduled-reports-cron.sh: line 25: node: command not found
[2025-06-20T21:17:14.588Z] [INFO] Checking for scheduled reports...
[2025-06-20T21:17:15.220Z] [DEBUG] Connected to MongoDB
[2025-06-20T21:17:15.292Z] [INFO] Found 1 company databases
[2025-06-20T21:17:15.293Z] [DEBUG] Processing company database: company_9jxwph8g
[2025-06-20T21:17:15.352Z] [DEBUG] Finding reports to execute in company_9jxwph8g (current time: 2025-06-20T21:17:15.352Z)
[2025-06-20T21:17:15.410Z] [INFO] Found 0 reports to execute in company_9jxwph8g
[2025-06-20T21:17:15.410Z] [INFO] Scheduled reports check completed
[2025-06-20T21:17:15.413Z] [DEBUG] MongoDB connection closed
[2025-06-20T21:17:19.400Z] [INFO] Checking for scheduled reports...
[2025-06-20T21:17:20.065Z] [DEBUG] Connected to MongoDB
[2025-06-20T21:17:20.154Z] [INFO] Found 1 company databases
[2025-06-20T21:17:20.155Z] [DEBUG] Processing company database: company_9jxwph8g
[2025-06-20T21:17:20.261Z] [DEBUG] Finding reports to execute in company_9jxwph8g (current time: 2025-06-20T21:17:20.261Z)
[2025-06-20T21:17:20.345Z] [INFO] Found 0 reports to execute in company_9jxwph8g
[2025-06-20T21:17:20.346Z] [INFO] Scheduled reports check completed
[2025-06-20T21:17:20.349Z] [DEBUG] MongoDB connection closed
[2025-06-20T21:17:44.589Z] [INFO] Checking for scheduled reports...
[2025-06-20T21:17:45.417Z] [DEBUG] Connected to MongoDB
[2025-06-20T21:17:45.487Z] [INFO] Found 1 company databases
[2025-06-20T21:17:45.488Z] [DEBUG] Processing company database: company_9jxwph8g
[2025-06-20T21:17:45.550Z] [DEBUG] Finding reports to execute in company_9jxwph8g (current time: 2025-06-20T21:17:45.550Z)
[2025-06-20T21:17:45.609Z] [INFO] Found 0 reports to execute in company_9jxwph8g
[2025-06-20T21:17:45.609Z] [INFO] Scheduled reports check completed
[2025-06-20T21:17:45.612Z] [DEBUG] MongoDB connection closed
[2025-06-20T21:17:49.401Z] [INFO] Checking for scheduled reports...
[2025-06-20T21:17:50.011Z] [DEBUG] Connected to MongoDB
[2025-06-20T21:17:50.080Z] [INFO] Found 1 company databases
[2025-06-20T21:17:50.081Z] [DEBUG] Processing company database: company_9jxwph8g
[2025-06-20T21:17:50.139Z] [DEBUG] Finding reports to execute in company_9jxwph8g (current time: 2025-06-20T21:17:50.139Z)
[2025-06-20T21:17:50.200Z] [INFO] Found 0 reports to execute in company_9jxwph8g
[2025-06-20T21:17:50.201Z] [INFO] Scheduled reports check completed
[2025-06-20T21:17:50.203Z] [DEBUG] MongoDB connection closed
Fri Jun 20 16:18:00 CDT 2025: Checking if NextJS server is running...
Fri Jun 20 16:18:00 CDT 2025: Running scheduled reports
/Users/sim/Project2/scripts/../scripts/run-simple-scheduled-reports.sh: line 16: node: command not found
Fri Jun 20 16:18:00 CDT 2025: NextJS server is running. Running scheduled reports check...
/Users/sim/Project2/scripts/../scripts/run-scheduled-reports-cron.sh: line 25: node: command not found
[2025-06-20T21:18:14.590Z] [INFO] Checking for scheduled reports...
[2025-06-20T21:18:15.304Z] [DEBUG] Connected to MongoDB
[2025-06-20T21:18:15.377Z] [INFO] Found 1 company databases
[2025-06-20T21:18:15.378Z] [DEBUG] Processing company database: company_9jxwph8g
[2025-06-20T21:18:15.456Z] [DEBUG] Finding reports to execute in company_9jxwph8g (current time: 2025-06-20T21:18:15.456Z)
[2025-06-20T21:18:15.519Z] [INFO] Found 0 reports to execute in company_9jxwph8g
[2025-06-20T21:18:15.519Z] [INFO] Scheduled reports check completed
[2025-06-20T21:18:15.521Z] [DEBUG] MongoDB connection closed
[2025-06-20T21:18:19.402Z] [INFO] Checking for scheduled reports...
[2025-06-20T21:18:20.089Z] [DEBUG] Connected to MongoDB
[2025-06-20T21:18:20.160Z] [INFO] Found 1 company databases
[2025-06-20T21:18:20.160Z] [DEBUG] Processing company database: company_9jxwph8g
[2025-06-20T21:18:20.222Z] [DEBUG] Finding reports to execute in company_9jxwph8g (current time: 2025-06-20T21:18:20.222Z)
[2025-06-20T21:18:20.289Z] [INFO] Found 0 reports to execute in company_9jxwph8g
[2025-06-20T21:18:20.290Z] [INFO] Scheduled reports check completed
[2025-06-20T21:18:20.292Z] [DEBUG] MongoDB connection closed
[2025-06-20T21:18:44.591Z] [INFO] Checking for scheduled reports...
[2025-06-20T21:18:45.256Z] [DEBUG] Connected to MongoDB
[2025-06-20T21:18:45.328Z] [INFO] Found 1 company databases
[2025-06-20T21:18:45.329Z] [DEBUG] Processing company database: company_9jxwph8g
[2025-06-20T21:18:45.393Z] [DEBUG] Finding reports to execute in company_9jxwph8g (current time: 2025-06-20T21:18:45.393Z)
[2025-06-20T21:18:45.450Z] [INFO] Found 0 reports to execute in company_9jxwph8g
[2025-06-20T21:18:45.451Z] [INFO] Scheduled reports check completed
[2025-06-20T21:18:45.453Z] [DEBUG] MongoDB connection closed
[2025-06-20T21:18:49.404Z] [INFO] Checking for scheduled reports...
[2025-06-20T21:18:50.044Z] [DEBUG] Connected to MongoDB
[2025-06-20T21:18:50.121Z] [INFO] Found 1 company databases
[2025-06-20T21:18:50.122Z] [DEBUG] Processing company database: company_9jxwph8g
[2025-06-20T21:18:50.215Z] [DEBUG] Finding reports to execute in company_9jxwph8g (current time: 2025-06-20T21:18:50.215Z)
[2025-06-20T21:18:50.274Z] [INFO] Found 0 reports to execute in company_9jxwph8g
[2025-06-20T21:18:50.275Z] [INFO] Scheduled reports check completed
[2025-06-20T21:18:50.277Z] [DEBUG] MongoDB connection closed
Fri Jun 20 16:19:00 CDT 2025: Checking if NextJS server is running...
Fri Jun 20 16:19:00 CDT 2025: Running scheduled reports
/Users/sim/Project2/scripts/../scripts/run-simple-scheduled-reports.sh: line 16: node: command not found
Fri Jun 20 16:19:01 CDT 2025: NextJS server is running. Running scheduled reports check...
/Users/sim/Project2/scripts/../scripts/run-scheduled-reports-cron.sh: line 25: node: command not found
[2025-06-20T21:19:14.592Z] [INFO] Checking for scheduled reports...
[2025-06-20T21:19:15.342Z] [DEBUG] Connected to MongoDB
[2025-06-20T21:19:15.411Z] [INFO] Found 1 company databases
[2025-06-20T21:19:15.412Z] [DEBUG] Processing company database: company_9jxwph8g
[2025-06-20T21:19:15.474Z] [DEBUG] Finding reports to execute in company_9jxwph8g (current time: 2025-06-20T21:19:15.474Z)
[2025-06-20T21:19:15.534Z] [INFO] Found 0 reports to execute in company_9jxwph8g
[2025-06-20T21:19:15.534Z] [INFO] Scheduled reports check completed
[2025-06-20T21:19:15.536Z] [DEBUG] MongoDB connection closed
[2025-06-20T21:19:19.404Z] [INFO] Checking for scheduled reports...
[2025-06-20T21:19:20.077Z] [DEBUG] Connected to MongoDB
[2025-06-20T21:19:20.159Z] [INFO] Found 1 company databases
[2025-06-20T21:19:20.160Z] [DEBUG] Processing company database: company_9jxwph8g
[2025-06-20T21:19:20.221Z] [DEBUG] Finding reports to execute in company_9jxwph8g (current time: 2025-06-20T21:19:20.221Z)
[2025-06-20T21:19:20.280Z] [INFO] Found 0 reports to execute in company_9jxwph8g
[2025-06-20T21:19:20.281Z] [INFO] Scheduled reports check completed
[2025-06-20T21:19:20.287Z] [DEBUG] MongoDB connection closed
[2025-06-20T21:19:44.593Z] [INFO] Checking for scheduled reports...
[2025-06-20T21:19:45.324Z] [DEBUG] Connected to MongoDB
[2025-06-20T21:19:45.391Z] [INFO] Found 1 company databases
[2025-06-20T21:19:45.392Z] [DEBUG] Processing company database: company_9jxwph8g
[2025-06-20T21:19:45.461Z] [DEBUG] Finding reports to execute in company_9jxwph8g (current time: 2025-06-20T21:19:45.461Z)
[2025-06-20T21:19:45.556Z] [INFO] Found 0 reports to execute in company_9jxwph8g
[2025-06-20T21:19:45.557Z] [INFO] Scheduled reports check completed
[2025-06-20T21:19:45.559Z] [DEBUG] MongoDB connection closed
[2025-06-20T21:19:49.406Z] [INFO] Checking for scheduled reports...
[2025-06-20T21:19:50.139Z] [DEBUG] Connected to MongoDB
[2025-06-20T21:19:50.210Z] [INFO] Found 1 company databases
[2025-06-20T21:19:50.210Z] [DEBUG] Processing company database: company_9jxwph8g
[2025-06-20T21:19:50.269Z] [DEBUG] Finding reports to execute in company_9jxwph8g (current time: 2025-06-20T21:19:50.269Z)
[2025-06-20T21:19:50.340Z] [INFO] Found 0 reports to execute in company_9jxwph8g
[2025-06-20T21:19:50.341Z] [INFO] Scheduled reports check completed
[2025-06-20T21:19:50.343Z] [DEBUG] MongoDB connection closed
Fri Jun 20 16:20:00 CDT 2025: Running scheduled reports
Fri Jun 20 16:20:00 CDT 2025: Checking if NextJS server is running...
/Users/sim/Project2/scripts/../scripts/run-simple-scheduled-reports.sh: line 16: node: command not found
Fri Jun 20 16:20:00 CDT 2025: NextJS server is running. Running scheduled reports check...
/Users/sim/Project2/scripts/../scripts/run-scheduled-reports-cron.sh: line 25: node: command not found
[2025-06-20T21:20:14.593Z] [INFO] Checking for scheduled reports...
[2025-06-20T21:20:15.241Z] [DEBUG] Connected to MongoDB
[2025-06-20T21:20:15.403Z] [INFO] Found 1 company databases
[2025-06-20T21:20:15.403Z] [DEBUG] Processing company database: company_9jxwph8g
[2025-06-20T21:20:15.514Z] [DEBUG] Finding reports to execute in company_9jxwph8g (current time: 2025-06-20T21:20:15.514Z)
[2025-06-20T21:20:15.651Z] [INFO] Found 0 reports to execute in company_9jxwph8g
[2025-06-20T21:20:15.651Z] [INFO] Scheduled reports check completed
[2025-06-20T21:20:15.653Z] [DEBUG] MongoDB connection closed
[2025-06-20T21:20:19.406Z] [INFO] Checking for scheduled reports...
[2025-06-20T21:20:20.349Z] [DEBUG] Connected to MongoDB
[2025-06-20T21:20:20.418Z] [INFO] Found 1 company databases
[2025-06-20T21:20:20.419Z] [DEBUG] Processing company database: company_9jxwph8g
[2025-06-20T21:20:20.480Z] [DEBUG] Finding reports to execute in company_9jxwph8g (current time: 2025-06-20T21:20:20.480Z)
[2025-06-20T21:20:20.568Z] [INFO] Found 0 reports to execute in company_9jxwph8g
[2025-06-20T21:20:20.568Z] [INFO] Scheduled reports check completed
[2025-06-20T21:20:20.571Z] [DEBUG] MongoDB connection closed
[2025-06-20T21:20:44.595Z] [INFO] Checking for scheduled reports...
[2025-06-20T21:20:45.303Z] [DEBUG] Connected to MongoDB
[2025-06-20T21:20:45.390Z] [INFO] Found 1 company databases
[2025-06-20T21:20:45.391Z] [DEBUG] Processing company database: company_9jxwph8g
[2025-06-20T21:20:45.454Z] [DEBUG] Finding reports to execute in company_9jxwph8g (current time: 2025-06-20T21:20:45.454Z)
[2025-06-20T21:20:45.512Z] [INFO] Found 0 reports to execute in company_9jxwph8g
[2025-06-20T21:20:45.513Z] [INFO] Scheduled reports check completed
[2025-06-20T21:20:45.516Z] [DEBUG] MongoDB connection closed
[2025-06-20T21:20:49.407Z] [INFO] Checking for scheduled reports...
[2025-06-20T21:20:50.071Z] [DEBUG] Connected to MongoDB
[2025-06-20T21:20:50.148Z] [INFO] Found 1 company databases
[2025-06-20T21:20:50.149Z] [DEBUG] Processing company database: company_9jxwph8g
[2025-06-20T21:20:50.213Z] [DEBUG] Finding reports to execute in company_9jxwph8g (current time: 2025-06-20T21:20:50.213Z)
[2025-06-20T21:20:50.270Z] [INFO] Found 0 reports to execute in company_9jxwph8g
[2025-06-20T21:20:50.271Z] [INFO] Scheduled reports check completed
[2025-06-20T21:20:50.275Z] [DEBUG] MongoDB connection closed
Fri Jun 20 16:21:00 CDT 2025: Running scheduled reports
Fri Jun 20 16:21:00 CDT 2025: Checking if NextJS server is running...
/Users/sim/Project2/scripts/../scripts/run-simple-scheduled-reports.sh: line 16: node: command not found
Fri Jun 20 16:21:00 CDT 2025: NextJS server is running. Running scheduled reports check...
/Users/sim/Project2/scripts/../scripts/run-scheduled-reports-cron.sh: line 25: node: command not found
[2025-06-20T21:21:14.597Z] [INFO] Checking for scheduled reports...
[2025-06-20T21:21:15.233Z] [DEBUG] Connected to MongoDB
[2025-06-20T21:21:15.309Z] [INFO] Found 1 company databases
[2025-06-20T21:21:15.309Z] [DEBUG] Processing company database: company_9jxwph8g
[2025-06-20T21:21:15.368Z] [DEBUG] Finding reports to execute in company_9jxwph8g (current time: 2025-06-20T21:21:15.368Z)
[2025-06-20T21:21:15.427Z] [INFO] Found 0 reports to execute in company_9jxwph8g
[2025-06-20T21:21:15.427Z] [INFO] Scheduled reports check completed
[2025-06-20T21:21:15.430Z] [DEBUG] MongoDB connection closed
[2025-06-20T21:21:19.408Z] [INFO] Checking for scheduled reports...
[2025-06-20T21:21:20.106Z] [DEBUG] Connected to MongoDB
[2025-06-20T21:21:20.175Z] [INFO] Found 1 company databases
[2025-06-20T21:21:20.175Z] [DEBUG] Processing company database: company_9jxwph8g
[2025-06-20T21:21:20.242Z] [DEBUG] Finding reports to execute in company_9jxwph8g (current time: 2025-06-20T21:21:20.242Z)
[2025-06-20T21:21:20.299Z] [INFO] Found 0 reports to execute in company_9jxwph8g
[2025-06-20T21:21:20.300Z] [INFO] Scheduled reports check completed
[2025-06-20T21:21:20.302Z] [DEBUG] MongoDB connection closed
[2025-06-20T21:21:44.597Z] [INFO] Checking for scheduled reports...
[2025-06-20T21:21:45.442Z] [DEBUG] Connected to MongoDB
[2025-06-20T21:21:45.513Z] [INFO] Found 1 company databases
[2025-06-20T21:21:45.514Z] [DEBUG] Processing company database: company_9jxwph8g
[2025-06-20T21:21:45.578Z] [DEBUG] Finding reports to execute in company_9jxwph8g (current time: 2025-06-20T21:21:45.578Z)
[2025-06-20T21:21:45.636Z] [INFO] Found 0 reports to execute in company_9jxwph8g
[2025-06-20T21:21:45.637Z] [INFO] Scheduled reports check completed
[2025-06-20T21:21:45.639Z] [DEBUG] MongoDB connection closed
[2025-06-20T21:21:49.410Z] [INFO] Checking for scheduled reports...
[2025-06-20T21:21:50.230Z] [DEBUG] Connected to MongoDB
[2025-06-20T21:21:50.301Z] [INFO] Found 1 company databases
[2025-06-20T21:21:50.301Z] [DEBUG] Processing company database: company_9jxwph8g
[2025-06-20T21:21:50.367Z] [DEBUG] Finding reports to execute in company_9jxwph8g (current time: 2025-06-20T21:21:50.367Z)
[2025-06-20T21:21:50.429Z] [INFO] Found 0 reports to execute in company_9jxwph8g
[2025-06-20T21:21:50.430Z] [INFO] Scheduled reports check completed
[2025-06-20T21:21:50.432Z] [DEBUG] MongoDB connection closed
Fri Jun 20 16:22:00 CDT 2025: Checking if NextJS server is running...
Fri Jun 20 16:22:00 CDT 2025: Running scheduled reports
/Users/sim/Project2/scripts/../scripts/run-simple-scheduled-reports.sh: line 16: node: command not found
Fri Jun 20 16:22:00 CDT 2025: NextJS server is running. Running scheduled reports check...
/Users/sim/Project2/scripts/../scripts/run-scheduled-reports-cron.sh: line 25: node: command not found
[2025-06-20T21:22:14.597Z] [INFO] Checking for scheduled reports...
[2025-06-20T21:22:15.326Z] [DEBUG] Connected to MongoDB
[2025-06-20T21:22:15.398Z] [INFO] Found 1 company databases
[2025-06-20T21:22:15.399Z] [DEBUG] Processing company database: company_9jxwph8g
[2025-06-20T21:22:15.458Z] [DEBUG] Finding reports to execute in company_9jxwph8g (current time: 2025-06-20T21:22:15.458Z)
[2025-06-20T21:22:15.520Z] [INFO] Found 0 reports to execute in company_9jxwph8g
[2025-06-20T21:22:15.520Z] [INFO] Scheduled reports check completed
[2025-06-20T21:22:15.523Z] [DEBUG] MongoDB connection closed
[2025-06-20T21:22:19.411Z] [INFO] Checking for scheduled reports...
[2025-06-20T21:22:21.259Z] [DEBUG] Connected to MongoDB
[2025-06-20T21:22:21.336Z] [INFO] Found 1 company databases
[2025-06-20T21:22:21.337Z] [DEBUG] Processing company database: company_9jxwph8g
[2025-06-20T21:22:21.398Z] [DEBUG] Finding reports to execute in company_9jxwph8g (current time: 2025-06-20T21:22:21.398Z)
[2025-06-20T21:22:21.480Z] [INFO] Found 0 reports to execute in company_9jxwph8g
[2025-06-20T21:22:21.480Z] [INFO] Scheduled reports check completed
[2025-06-20T21:22:21.483Z] [DEBUG] MongoDB connection closed
[2025-06-20T21:22:44.597Z] [INFO] Checking for scheduled reports...
[2025-06-20T21:22:45.243Z] [DEBUG] Connected to MongoDB
[2025-06-20T21:22:45.312Z] [INFO] Found 1 company databases
[2025-06-20T21:22:45.312Z] [DEBUG] Processing company database: company_9jxwph8g
[2025-06-20T21:22:45.370Z] [DEBUG] Finding reports to execute in company_9jxwph8g (current time: 2025-06-20T21:22:45.370Z)
[2025-06-20T21:22:45.426Z] [INFO] Found 0 reports to execute in company_9jxwph8g
[2025-06-20T21:22:45.426Z] [INFO] Scheduled reports check completed
[2025-06-20T21:22:45.428Z] [DEBUG] MongoDB connection closed
[2025-06-20T21:22:49.412Z] [INFO] Checking for scheduled reports...
[2025-06-20T21:22:50.028Z] [DEBUG] Connected to MongoDB
[2025-06-20T21:22:50.114Z] [INFO] Found 1 company databases
[2025-06-20T21:22:50.115Z] [DEBUG] Processing company database: company_9jxwph8g
[2025-06-20T21:22:50.173Z] [DEBUG] Finding reports to execute in company_9jxwph8g (current time: 2025-06-20T21:22:50.173Z)
[2025-06-20T21:22:50.230Z] [INFO] Found 0 reports to execute in company_9jxwph8g
[2025-06-20T21:22:50.231Z] [INFO] Scheduled reports check completed
[2025-06-20T21:22:50.232Z] [DEBUG] MongoDB connection closed
Fri Jun 20 16:23:00 CDT 2025: Checking if NextJS server is running...
Fri Jun 20 16:23:00 CDT 2025: Running scheduled reports
/Users/sim/Project2/scripts/../scripts/run-simple-scheduled-reports.sh: line 16: node: command not found
Fri Jun 20 16:23:00 CDT 2025: NextJS server is running. Running scheduled reports check...
/Users/sim/Project2/scripts/../scripts/run-scheduled-reports-cron.sh: line 25: node: command not found
[2025-06-20T21:23:14.598Z] [INFO] Checking for scheduled reports...
[2025-06-20T21:23:15.397Z] [DEBUG] Connected to MongoDB
[2025-06-20T21:23:15.573Z] [INFO] Found 1 company databases
[2025-06-20T21:23:15.574Z] [DEBUG] Processing company database: company_9jxwph8g
[2025-06-20T21:23:15.799Z] [DEBUG] Finding reports to execute in company_9jxwph8g (current time: 2025-06-20T21:23:15.799Z)
[2025-06-20T21:23:15.992Z] [INFO] Found 0 reports to execute in company_9jxwph8g
[2025-06-20T21:23:15.993Z] [INFO] Scheduled reports check completed
[2025-06-20T21:23:15.996Z] [DEBUG] MongoDB connection closed
[2025-06-20T21:23:19.414Z] [INFO] Checking for scheduled reports...
[2025-06-20T21:23:20.098Z] [DEBUG] Connected to MongoDB
[2025-06-20T21:23:20.169Z] [INFO] Found 1 company databases
[2025-06-20T21:23:20.169Z] [DEBUG] Processing company database: company_9jxwph8g
[2025-06-20T21:23:20.229Z] [DEBUG] Finding reports to execute in company_9jxwph8g (current time: 2025-06-20T21:23:20.229Z)
[2025-06-20T21:23:20.288Z] [INFO] Found 0 reports to execute in company_9jxwph8g
[2025-06-20T21:23:20.289Z] [INFO] Scheduled reports check completed
[2025-06-20T21:23:20.291Z] [DEBUG] MongoDB connection closed
[2025-06-20T21:23:44.599Z] [INFO] Checking for scheduled reports...
[2025-06-20T21:23:45.326Z] [DEBUG] Connected to MongoDB
[2025-06-20T21:23:45.400Z] [INFO] Found 1 company databases
[2025-06-20T21:23:45.400Z] [DEBUG] Processing company database: company_9jxwph8g
[2025-06-20T21:23:45.459Z] [DEBUG] Finding reports to execute in company_9jxwph8g (current time: 2025-06-20T21:23:45.459Z)
[2025-06-20T21:23:45.517Z] [INFO] Found 0 reports to execute in company_9jxwph8g
[2025-06-20T21:23:45.517Z] [INFO] Scheduled reports check completed
[2025-06-20T21:23:45.519Z] [DEBUG] MongoDB connection closed
[2025-06-20T21:23:49.415Z] [INFO] Checking for scheduled reports...
[2025-06-20T21:23:50.054Z] [DEBUG] Connected to MongoDB
[2025-06-20T21:23:50.128Z] [INFO] Found 1 company databases
[2025-06-20T21:23:50.129Z] [DEBUG] Processing company database: company_9jxwph8g
[2025-06-20T21:23:50.187Z] [DEBUG] Finding reports to execute in company_9jxwph8g (current time: 2025-06-20T21:23:50.187Z)
[2025-06-20T21:23:50.246Z] [INFO] Found 0 reports to execute in company_9jxwph8g
[2025-06-20T21:23:50.247Z] [INFO] Scheduled reports check completed
[2025-06-20T21:23:50.249Z] [DEBUG] MongoDB connection closed
Fri Jun 20 16:24:00 CDT 2025: Running scheduled reports
Fri Jun 20 16:24:00 CDT 2025: Checking if NextJS server is running...
/Users/sim/Project2/scripts/../scripts/run-simple-scheduled-reports.sh: line 16: node: command not found
Fri Jun 20 16:24:00 CDT 2025: NextJS server is running. Running scheduled reports check...
/Users/sim/Project2/scripts/../scripts/run-scheduled-reports-cron.sh: line 25: node: command not found
[2025-06-20T21:24:14.600Z] [INFO] Checking for scheduled reports...
[2025-06-20T21:24:15.209Z] [DEBUG] Connected to MongoDB
[2025-06-20T21:24:15.282Z] [INFO] Found 1 company databases
[2025-06-20T21:24:15.283Z] [DEBUG] Processing company database: company_9jxwph8g
[2025-06-20T21:24:15.341Z] [DEBUG] Finding reports to execute in company_9jxwph8g (current time: 2025-06-20T21:24:15.341Z)
[2025-06-20T21:24:15.409Z] [INFO] Found 0 reports to execute in company_9jxwph8g
[2025-06-20T21:24:15.410Z] [INFO] Scheduled reports check completed
[2025-06-20T21:24:15.412Z] [DEBUG] MongoDB connection closed
[2025-06-20T21:24:19.416Z] [INFO] Checking for scheduled reports...
[2025-06-20T21:24:20.104Z] [DEBUG] Connected to MongoDB
[2025-06-20T21:24:20.178Z] [INFO] Found 1 company databases
[2025-06-20T21:24:20.179Z] [DEBUG] Processing company database: company_9jxwph8g
[2025-06-20T21:24:20.238Z] [DEBUG] Finding reports to execute in company_9jxwph8g (current time: 2025-06-20T21:24:20.238Z)
[2025-06-20T21:24:20.299Z] [INFO] Found 0 reports to execute in company_9jxwph8g
[2025-06-20T21:24:20.300Z] [INFO] Scheduled reports check completed
[2025-06-20T21:24:20.302Z] [DEBUG] MongoDB connection closed
[2025-06-20T21:24:44.601Z] [INFO] Checking for scheduled reports...
[2025-06-20T21:24:45.256Z] [DEBUG] Connected to MongoDB
[2025-06-20T21:24:45.324Z] [INFO] Found 1 company databases
[2025-06-20T21:24:45.325Z] [DEBUG] Processing company database: company_9jxwph8g
[2025-06-20T21:24:45.384Z] [DEBUG] Finding reports to execute in company_9jxwph8g (current time: 2025-06-20T21:24:45.384Z)
[2025-06-20T21:24:45.442Z] [INFO] Found 0 reports to execute in company_9jxwph8g
[2025-06-20T21:24:45.442Z] [INFO] Scheduled reports check completed
[2025-06-20T21:24:45.444Z] [DEBUG] MongoDB connection closed
[2025-06-20T21:24:49.417Z] [INFO] Checking for scheduled reports...
[2025-06-20T21:24:50.032Z] [DEBUG] Connected to MongoDB
[2025-06-20T21:24:50.101Z] [INFO] Found 1 company databases
[2025-06-20T21:24:50.101Z] [DEBUG] Processing company database: company_9jxwph8g
[2025-06-20T21:24:50.162Z] [DEBUG] Finding reports to execute in company_9jxwph8g (current time: 2025-06-20T21:24:50.162Z)
[2025-06-20T21:24:50.224Z] [INFO] Found 0 reports to execute in company_9jxwph8g
[2025-06-20T21:24:50.224Z] [INFO] Scheduled reports check completed
[2025-06-20T21:24:50.227Z] [DEBUG] MongoDB connection closed
Fri Jun 20 16:25:01 CDT 2025: Running scheduled reports
Fri Jun 20 16:25:01 CDT 2025: Checking if NextJS server is running...
/Users/sim/Project2/scripts/../scripts/run-simple-scheduled-reports.sh: line 16: node: command not found
Fri Jun 20 16:25:01 CDT 2025: NextJS server is running. Running scheduled reports check...
/Users/sim/Project2/scripts/../scripts/run-scheduled-reports-cron.sh: line 25: node: command not found
[2025-06-20T21:25:14.602Z] [INFO] Checking for scheduled reports...
[2025-06-20T21:25:15.379Z] [DEBUG] Connected to MongoDB
[2025-06-20T21:25:15.546Z] [INFO] Found 1 company databases
[2025-06-20T21:25:15.547Z] [DEBUG] Processing company database: company_9jxwph8g
[2025-06-20T21:25:15.797Z] [DEBUG] Finding reports to execute in company_9jxwph8g (current time: 2025-06-20T21:25:15.797Z)
[2025-06-20T21:25:16.003Z] [INFO] Found 0 reports to execute in company_9jxwph8g
[2025-06-20T21:25:16.006Z] [INFO] Scheduled reports check completed
[2025-06-20T21:25:16.009Z] [DEBUG] MongoDB connection closed
[2025-06-20T21:25:19.418Z] [INFO] Checking for scheduled reports...
[2025-06-20T21:25:20.107Z] [DEBUG] Connected to MongoDB
[2025-06-20T21:25:20.183Z] [INFO] Found 1 company databases
[2025-06-20T21:25:20.183Z] [DEBUG] Processing company database: company_9jxwph8g
[2025-06-20T21:25:20.246Z] [DEBUG] Finding reports to execute in company_9jxwph8g (current time: 2025-06-20T21:25:20.246Z)
[2025-06-20T21:25:20.306Z] [INFO] Found 0 reports to execute in company_9jxwph8g
[2025-06-20T21:25:20.307Z] [INFO] Scheduled reports check completed
[2025-06-20T21:25:20.309Z] [DEBUG] MongoDB connection closed
[2025-06-20T21:25:44.603Z] [INFO] Checking for scheduled reports...
[2025-06-20T21:25:45.282Z] [DEBUG] Connected to MongoDB
[2025-06-20T21:25:45.351Z] [INFO] Found 1 company databases
[2025-06-20T21:25:45.352Z] [DEBUG] Processing company database: company_9jxwph8g
[2025-06-20T21:25:45.410Z] [DEBUG] Finding reports to execute in company_9jxwph8g (current time: 2025-06-20T21:25:45.410Z)
[2025-06-20T21:25:45.472Z] [INFO] Found 0 reports to execute in company_9jxwph8g
[2025-06-20T21:25:45.472Z] [INFO] Scheduled reports check completed
[2025-06-20T21:25:45.473Z] [DEBUG] MongoDB connection closed
[2025-06-20T21:25:49.419Z] [INFO] Checking for scheduled reports...
[2025-06-20T21:25:50.027Z] [DEBUG] Connected to MongoDB
[2025-06-20T21:25:50.097Z] [INFO] Found 1 company databases
[2025-06-20T21:25:50.097Z] [DEBUG] Processing company database: company_9jxwph8g
[2025-06-20T21:25:50.155Z] [DEBUG] Finding reports to execute in company_9jxwph8g (current time: 2025-06-20T21:25:50.155Z)
[2025-06-20T21:25:50.215Z] [INFO] Found 0 reports to execute in company_9jxwph8g
[2025-06-20T21:25:50.216Z] [INFO] Scheduled reports check completed
[2025-06-20T21:25:50.218Z] [DEBUG] MongoDB connection closed
Fri Jun 20 16:26:00 CDT 2025: Running scheduled reports
Fri Jun 20 16:26:00 CDT 2025: Checking if NextJS server is running...
/Users/sim/Project2/scripts/../scripts/run-simple-scheduled-reports.sh: line 16: node: command not found
Fri Jun 20 16:26:00 CDT 2025: NextJS server is running. Running scheduled reports check...
/Users/sim/Project2/scripts/../scripts/run-scheduled-reports-cron.sh: line 25: node: command not found
[2025-06-20T21:26:14.604Z] [INFO] Checking for scheduled reports...
[2025-06-20T21:26:15.323Z] [DEBUG] Connected to MongoDB
[2025-06-20T21:26:15.402Z] [INFO] Found 1 company databases
[2025-06-20T21:26:15.403Z] [DEBUG] Processing company database: company_9jxwph8g
[2025-06-20T21:26:15.482Z] [DEBUG] Finding reports to execute in company_9jxwph8g (current time: 2025-06-20T21:26:15.482Z)
[2025-06-20T21:26:15.539Z] [INFO] Found 0 reports to execute in company_9jxwph8g
[2025-06-20T21:26:15.540Z] [INFO] Scheduled reports check completed
[2025-06-20T21:26:15.542Z] [DEBUG] MongoDB connection closed
[2025-06-20T21:26:19.421Z] [INFO] Checking for scheduled reports...
[2025-06-20T21:26:20.151Z] [DEBUG] Connected to MongoDB
[2025-06-20T21:26:20.234Z] [INFO] Found 1 company databases
[2025-06-20T21:26:20.235Z] [DEBUG] Processing company database: company_9jxwph8g
[2025-06-20T21:26:20.295Z] [DEBUG] Finding reports to execute in company_9jxwph8g (current time: 2025-06-20T21:26:20.295Z)
[2025-06-20T21:26:20.363Z] [INFO] Found 0 reports to execute in company_9jxwph8g
[2025-06-20T21:26:20.364Z] [INFO] Scheduled reports check completed
[2025-06-20T21:26:20.366Z] [DEBUG] MongoDB connection closed
[2025-06-20T21:26:44.606Z] [INFO] Checking for scheduled reports...
[2025-06-20T21:26:45.393Z] [DEBUG] Connected to MongoDB
[2025-06-20T21:26:45.470Z] [INFO] Found 1 company databases
[2025-06-20T21:26:45.470Z] [DEBUG] Processing company database: company_9jxwph8g
[2025-06-20T21:26:45.536Z] [DEBUG] Finding reports to execute in company_9jxwph8g (current time: 2025-06-20T21:26:45.536Z)
[2025-06-20T21:26:45.600Z] [INFO] Found 0 reports to execute in company_9jxwph8g
[2025-06-20T21:26:45.600Z] [INFO] Scheduled reports check completed
[2025-06-20T21:26:45.601Z] [DEBUG] MongoDB connection closed
[2025-06-20T21:26:49.422Z] [INFO] Checking for scheduled reports...
[2025-06-20T21:26:50.117Z] [DEBUG] Connected to MongoDB
[2025-06-20T21:26:50.191Z] [INFO] Found 1 company databases
[2025-06-20T21:26:50.192Z] [DEBUG] Processing company database: company_9jxwph8g
[2025-06-20T21:26:50.262Z] [DEBUG] Finding reports to execute in company_9jxwph8g (current time: 2025-06-20T21:26:50.262Z)
[2025-06-20T21:26:50.359Z] [INFO] Found 0 reports to execute in company_9jxwph8g
[2025-06-20T21:26:50.359Z] [INFO] Scheduled reports check completed
[2025-06-20T21:26:50.362Z] [DEBUG] MongoDB connection closed
Fri Jun 20 16:27:00 CDT 2025: Checking if NextJS server is running...
Fri Jun 20 16:27:00 CDT 2025: Running scheduled reports
/Users/sim/Project2/scripts/../scripts/run-simple-scheduled-reports.sh: line 16: node: command not found
Fri Jun 20 16:27:00 CDT 2025: NextJS server is running. Running scheduled reports check...
/Users/sim/Project2/scripts/../scripts/run-scheduled-reports-cron.sh: line 25: node: command not found
[2025-06-20T21:27:14.607Z] [INFO] Checking for scheduled reports...
[2025-06-20T21:27:15.278Z] [DEBUG] Connected to MongoDB
[2025-06-20T21:27:15.353Z] [INFO] Found 1 company databases
[2025-06-20T21:27:15.353Z] [DEBUG] Processing company database: company_9jxwph8g
[2025-06-20T21:27:15.415Z] [DEBUG] Finding reports to execute in company_9jxwph8g (current time: 2025-06-20T21:27:15.415Z)
[2025-06-20T21:27:15.474Z] [INFO] Found 0 reports to execute in company_9jxwph8g
[2025-06-20T21:27:15.474Z] [INFO] Scheduled reports check completed
[2025-06-20T21:27:15.476Z] [DEBUG] MongoDB connection closed
[2025-06-20T21:27:19.423Z] [INFO] Checking for scheduled reports...
[2025-06-20T21:27:21.193Z] [DEBUG] Connected to MongoDB
[2025-06-20T21:27:21.269Z] [INFO] Found 1 company databases
[2025-06-20T21:27:21.270Z] [DEBUG] Processing company database: company_9jxwph8g
[2025-06-20T21:27:21.337Z] [DEBUG] Finding reports to execute in company_9jxwph8g (current time: 2025-06-20T21:27:21.337Z)
[2025-06-20T21:27:21.408Z] [INFO] Found 0 reports to execute in company_9jxwph8g
[2025-06-20T21:27:21.409Z] [INFO] Scheduled reports check completed
[2025-06-20T21:27:21.411Z] [DEBUG] MongoDB connection closed
[2025-06-20T21:27:44.608Z] [INFO] Checking for scheduled reports...
[2025-06-20T21:27:45.294Z] [DEBUG] Connected to MongoDB
[2025-06-20T21:27:45.370Z] [INFO] Found 1 company databases
[2025-06-20T21:27:45.371Z] [DEBUG] Processing company database: company_9jxwph8g
[2025-06-20T21:27:45.434Z] [DEBUG] Finding reports to execute in company_9jxwph8g (current time: 2025-06-20T21:27:45.434Z)
[2025-06-20T21:27:45.494Z] [INFO] Found 0 reports to execute in company_9jxwph8g
[2025-06-20T21:27:45.495Z] [INFO] Scheduled reports check completed
[2025-06-20T21:27:45.496Z] [DEBUG] MongoDB connection closed
[2025-06-20T21:27:49.424Z] [INFO] Checking for scheduled reports...
[2025-06-20T21:27:51.062Z] [DEBUG] Connected to MongoDB
[2025-06-20T21:27:51.144Z] [INFO] Found 1 company databases
[2025-06-20T21:27:51.145Z] [DEBUG] Processing company database: company_9jxwph8g
[2025-06-20T21:27:51.219Z] [DEBUG] Finding reports to execute in company_9jxwph8g (current time: 2025-06-20T21:27:51.219Z)
[2025-06-20T21:27:51.285Z] [INFO] Found 0 reports to execute in company_9jxwph8g
[2025-06-20T21:27:51.286Z] [INFO] Scheduled reports check completed
[2025-06-20T21:27:51.288Z] [DEBUG] MongoDB connection closed
Fri Jun 20 16:28:00 CDT 2025: Checking if NextJS server is running...
Fri Jun 20 16:28:00 CDT 2025: Running scheduled reports
/Users/sim/Project2/scripts/../scripts/run-simple-scheduled-reports.sh: line 16: node: command not found
Fri Jun 20 16:28:00 CDT 2025: NextJS server is running. Running scheduled reports check...
/Users/sim/Project2/scripts/../scripts/run-scheduled-reports-cron.sh: line 25: node: command not found
[2025-06-20T21:28:14.611Z] [INFO] Checking for scheduled reports...
[2025-06-20T21:28:15.768Z] [DEBUG] Connected to MongoDB
[2025-06-20T21:28:15.843Z] [INFO] Found 1 company databases
[2025-06-20T21:28:15.843Z] [DEBUG] Processing company database: company_9jxwph8g
[2025-06-20T21:28:15.909Z] [DEBUG] Finding reports to execute in company_9jxwph8g (current time: 2025-06-20T21:28:15.909Z)
[2025-06-20T21:28:15.973Z] [INFO] Found 0 reports to execute in company_9jxwph8g
[2025-06-20T21:28:15.974Z] [INFO] Scheduled reports check completed
[2025-06-20T21:28:15.976Z] [DEBUG] MongoDB connection closed
[2025-06-20T21:28:19.426Z] [INFO] Checking for scheduled reports...
[2025-06-20T21:28:20.232Z] [DEBUG] Connected to MongoDB
[2025-06-20T21:28:20.304Z] [INFO] Found 1 company databases
[2025-06-20T21:28:20.305Z] [DEBUG] Processing company database: company_9jxwph8g
[2025-06-20T21:28:20.363Z] [DEBUG] Finding reports to execute in company_9jxwph8g (current time: 2025-06-20T21:28:20.363Z)
[2025-06-20T21:28:20.424Z] [INFO] Found 0 reports to execute in company_9jxwph8g
[2025-06-20T21:28:20.424Z] [INFO] Scheduled reports check completed
[2025-06-20T21:28:20.426Z] [DEBUG] MongoDB connection closed
[2025-06-20T21:28:44.611Z] [INFO] Checking for scheduled reports...
[2025-06-20T21:28:45.438Z] [DEBUG] Connected to MongoDB
[2025-06-20T21:28:45.524Z] [INFO] Found 1 company databases
[2025-06-20T21:28:45.528Z] [DEBUG] Processing company database: company_9jxwph8g
[2025-06-20T21:28:45.586Z] [DEBUG] Finding reports to execute in company_9jxwph8g (current time: 2025-06-20T21:28:45.586Z)
[2025-06-20T21:28:45.652Z] [INFO] Found 0 reports to execute in company_9jxwph8g
[2025-06-20T21:28:45.652Z] [INFO] Scheduled reports check completed
[2025-06-20T21:28:45.653Z] [DEBUG] MongoDB connection closed
[2025-06-20T21:28:49.427Z] [INFO] Checking for scheduled reports...
[2025-06-20T21:28:50.647Z] [DEBUG] Connected to MongoDB
[2025-06-20T21:28:50.730Z] [INFO] Found 1 company databases
[2025-06-20T21:28:50.731Z] [DEBUG] Processing company database: company_9jxwph8g
[2025-06-20T21:28:50.801Z] [DEBUG] Finding reports to execute in company_9jxwph8g (current time: 2025-06-20T21:28:50.801Z)
[2025-06-20T21:28:50.866Z] [INFO] Found 0 reports to execute in company_9jxwph8g
[2025-06-20T21:28:50.866Z] [INFO] Scheduled reports check completed
[2025-06-20T21:28:50.868Z] [DEBUG] MongoDB connection closed
Fri Jun 20 16:29:00 CDT 2025: Checking if NextJS server is running...
Fri Jun 20 16:29:00 CDT 2025: Running scheduled reports
/Users/sim/Project2/scripts/../scripts/run-simple-scheduled-reports.sh: line 16: node: command not found
Fri Jun 20 16:29:00 CDT 2025: NextJS server is running. Running scheduled reports check...
/Users/sim/Project2/scripts/../scripts/run-scheduled-reports-cron.sh: line 25: node: command not found
[2025-06-20T21:29:14.612Z] [INFO] Checking for scheduled reports...
[2025-06-20T21:29:15.250Z] [DEBUG] Connected to MongoDB
[2025-06-20T21:29:15.320Z] [INFO] Found 1 company databases
[2025-06-20T21:29:15.321Z] [DEBUG] Processing company database: company_9jxwph8g
[2025-06-20T21:29:15.380Z] [DEBUG] Finding reports to execute in company_9jxwph8g (current time: 2025-06-20T21:29:15.380Z)
[2025-06-20T21:29:15.444Z] [INFO] Found 0 reports to execute in company_9jxwph8g
[2025-06-20T21:29:15.444Z] [INFO] Scheduled reports check completed
[2025-06-20T21:29:15.447Z] [DEBUG] MongoDB connection closed
[2025-06-20T21:29:19.428Z] [INFO] Checking for scheduled reports...
[2025-06-20T21:29:20.165Z] [DEBUG] Connected to MongoDB
[2025-06-20T21:29:20.238Z] [INFO] Found 1 company databases
[2025-06-20T21:29:20.239Z] [DEBUG] Processing company database: company_9jxwph8g
[2025-06-20T21:29:20.309Z] [DEBUG] Finding reports to execute in company_9jxwph8g (current time: 2025-06-20T21:29:20.309Z)
[2025-06-20T21:29:20.374Z] [INFO] Found 0 reports to execute in company_9jxwph8g
[2025-06-20T21:29:20.374Z] [INFO] Scheduled reports check completed
[2025-06-20T21:29:20.377Z] [DEBUG] MongoDB connection closed
[2025-06-20T21:29:44.612Z] [INFO] Checking for scheduled reports...
[2025-06-20T21:29:45.625Z] [DEBUG] Connected to MongoDB
[2025-06-20T21:29:45.696Z] [INFO] Found 1 company databases
[2025-06-20T21:29:45.697Z] [DEBUG] Processing company database: company_9jxwph8g
[2025-06-20T21:29:45.756Z] [DEBUG] Finding reports to execute in company_9jxwph8g (current time: 2025-06-20T21:29:45.756Z)
[2025-06-20T21:29:45.814Z] [INFO] Found 0 reports to execute in company_9jxwph8g
[2025-06-20T21:29:45.815Z] [INFO] Scheduled reports check completed
[2025-06-20T21:29:45.817Z] [DEBUG] MongoDB connection closed
[2025-06-20T21:29:49.429Z] [INFO] Checking for scheduled reports...
[2025-06-20T21:29:50.123Z] [DEBUG] Connected to MongoDB
[2025-06-20T21:29:50.196Z] [INFO] Found 1 company databases
[2025-06-20T21:29:50.196Z] [DEBUG] Processing company database: company_9jxwph8g
[2025-06-20T21:29:50.265Z] [DEBUG] Finding reports to execute in company_9jxwph8g (current time: 2025-06-20T21:29:50.265Z)
[2025-06-20T21:29:50.326Z] [INFO] Found 0 reports to execute in company_9jxwph8g
[2025-06-20T21:29:50.328Z] [INFO] Scheduled reports check completed
[2025-06-20T21:29:50.331Z] [DEBUG] MongoDB connection closed
Fri Jun 20 16:30:00 CDT 2025: Running scheduled reports
Fri Jun 20 16:30:00 CDT 2025: Checking if NextJS server is running...
/Users/sim/Project2/scripts/../scripts/run-simple-scheduled-reports.sh: line 16: node: command not found
Fri Jun 20 16:30:01 CDT 2025: NextJS server is running. Running scheduled reports check...
/Users/sim/Project2/scripts/../scripts/run-scheduled-reports-cron.sh: line 25: node: command not found
[2025-06-20T21:30:14.613Z] [INFO] Checking for scheduled reports...
[2025-06-20T21:30:15.720Z] [DEBUG] Connected to MongoDB
[2025-06-20T21:30:15.807Z] [INFO] Found 1 company databases
[2025-06-20T21:30:15.808Z] [DEBUG] Processing company database: company_9jxwph8g
[2025-06-20T21:30:15.895Z] [DEBUG] Finding reports to execute in company_9jxwph8g (current time: 2025-06-20T21:30:15.895Z)
[2025-06-20T21:30:15.959Z] [INFO] Found 0 reports to execute in company_9jxwph8g
[2025-06-20T21:30:15.959Z] [INFO] Scheduled reports check completed
[2025-06-20T21:30:15.962Z] [DEBUG] MongoDB connection closed
[2025-06-20T21:30:19.430Z] [INFO] Checking for scheduled reports...
[2025-06-20T21:30:20.100Z] [DEBUG] Connected to MongoDB
[2025-06-20T21:30:20.171Z] [INFO] Found 1 company databases
[2025-06-20T21:30:20.171Z] [DEBUG] Processing company database: company_9jxwph8g
[2025-06-20T21:30:20.229Z] [DEBUG] Finding reports to execute in company_9jxwph8g (current time: 2025-06-20T21:30:20.229Z)
[2025-06-20T21:30:20.289Z] [INFO] Found 0 reports to execute in company_9jxwph8g
[2025-06-20T21:30:20.290Z] [INFO] Scheduled reports check completed
[2025-06-20T21:30:20.292Z] [DEBUG] MongoDB connection closed
[2025-06-20T21:30:44.615Z] [INFO] Checking for scheduled reports...
[2025-06-20T21:30:45.342Z] [DEBUG] Connected to MongoDB
[2025-06-20T21:30:45.426Z] [INFO] Found 1 company databases
[2025-06-20T21:30:45.427Z] [DEBUG] Processing company database: company_9jxwph8g
[2025-06-20T21:30:45.496Z] [DEBUG] Finding reports to execute in company_9jxwph8g (current time: 2025-06-20T21:30:45.496Z)
[2025-06-20T21:30:45.561Z] [INFO] Found 0 reports to execute in company_9jxwph8g
[2025-06-20T21:30:45.561Z] [INFO] Scheduled reports check completed
[2025-06-20T21:30:45.565Z] [DEBUG] MongoDB connection closed
[2025-06-20T21:30:49.431Z] [INFO] Checking for scheduled reports...
[2025-06-20T21:30:50.315Z] [DEBUG] Connected to MongoDB
[2025-06-20T21:30:50.390Z] [INFO] Found 1 company databases
[2025-06-20T21:30:50.391Z] [DEBUG] Processing company database: company_9jxwph8g
[2025-06-20T21:30:50.466Z] [DEBUG] Finding reports to execute in company_9jxwph8g (current time: 2025-06-20T21:30:50.466Z)
[2025-06-20T21:30:50.525Z] [INFO] Found 0 reports to execute in company_9jxwph8g
[2025-06-20T21:30:50.526Z] [INFO] Scheduled reports check completed
[2025-06-20T21:30:50.528Z] [DEBUG] MongoDB connection closed
Fri Jun 20 16:31:00 CDT 2025: Checking if NextJS server is running...
Fri Jun 20 16:31:00 CDT 2025: Running scheduled reports
/Users/sim/Project2/scripts/../scripts/run-simple-scheduled-reports.sh: line 16: node: command not found
Fri Jun 20 16:31:00 CDT 2025: NextJS server is running. Running scheduled reports check...
/Users/sim/Project2/scripts/../scripts/run-scheduled-reports-cron.sh: line 25: node: command not found
[2025-06-20T21:31:14.615Z] [INFO] Checking for scheduled reports...
[2025-06-20T21:31:16.658Z] [DEBUG] Connected to MongoDB
[2025-06-20T21:31:16.729Z] [INFO] Found 1 company databases
[2025-06-20T21:31:16.730Z] [DEBUG] Processing company database: company_9jxwph8g
[2025-06-20T21:31:16.803Z] [DEBUG] Finding reports to execute in company_9jxwph8g (current time: 2025-06-20T21:31:16.803Z)
[2025-06-20T21:31:16.863Z] [INFO] Found 0 reports to execute in company_9jxwph8g
[2025-06-20T21:31:16.864Z] [INFO] Scheduled reports check completed
[2025-06-20T21:31:16.867Z] [DEBUG] MongoDB connection closed
[2025-06-20T21:31:19.433Z] [INFO] Checking for scheduled reports...
[2025-06-20T21:31:20.074Z] [DEBUG] Connected to MongoDB
[2025-06-20T21:31:20.147Z] [INFO] Found 1 company databases
[2025-06-20T21:31:20.148Z] [DEBUG] Processing company database: company_9jxwph8g
[2025-06-20T21:31:20.211Z] [DEBUG] Finding reports to execute in company_9jxwph8g (current time: 2025-06-20T21:31:20.211Z)
[2025-06-20T21:31:20.284Z] [INFO] Found 0 reports to execute in company_9jxwph8g
[2025-06-20T21:31:20.285Z] [INFO] Scheduled reports check completed
[2025-06-20T21:31:20.287Z] [DEBUG] MongoDB connection closed
[2025-06-20T21:31:44.616Z] [INFO] Checking for scheduled reports...
[2025-06-20T21:31:45.752Z] [DEBUG] Connected to MongoDB
[2025-06-20T21:31:45.836Z] [INFO] Found 1 company databases
[2025-06-20T21:31:45.837Z] [DEBUG] Processing company database: company_9jxwph8g
[2025-06-20T21:31:45.902Z] [DEBUG] Finding reports to execute in company_9jxwph8g (current time: 2025-06-20T21:31:45.902Z)
[2025-06-20T21:31:45.966Z] [INFO] Found 0 reports to execute in company_9jxwph8g
[2025-06-20T21:31:45.967Z] [INFO] Scheduled reports check completed
[2025-06-20T21:31:45.970Z] [DEBUG] MongoDB connection closed
[2025-06-20T21:31:49.433Z] [INFO] Checking for scheduled reports...
[2025-06-20T21:31:50.252Z] [DEBUG] Connected to MongoDB
[2025-06-20T21:31:50.369Z] [INFO] Found 1 company databases
[2025-06-20T21:31:50.370Z] [DEBUG] Processing company database: company_9jxwph8g
[2025-06-20T21:31:50.457Z] [DEBUG] Finding reports to execute in company_9jxwph8g (current time: 2025-06-20T21:31:50.457Z)
[2025-06-20T21:31:50.559Z] [INFO] Found 0 reports to execute in company_9jxwph8g
[2025-06-20T21:31:50.560Z] [INFO] Scheduled reports check completed
[2025-06-20T21:31:50.561Z] [DEBUG] MongoDB connection closed
Fri Jun 20 16:32:00 CDT 2025: Checking if NextJS server is running...
Fri Jun 20 16:32:00 CDT 2025: Running scheduled reports
/Users/sim/Project2/scripts/../scripts/run-simple-scheduled-reports.sh: line 16: node: command not found
Fri Jun 20 16:32:00 CDT 2025: NextJS server is running. Running scheduled reports check...
/Users/sim/Project2/scripts/../scripts/run-scheduled-reports-cron.sh: line 25: node: command not found
[2025-06-20T21:32:14.617Z] [INFO] Checking for scheduled reports...
[2025-06-20T21:32:15.537Z] [DEBUG] Connected to MongoDB
[2025-06-20T21:32:15.627Z] [INFO] Found 1 company databases
[2025-06-20T21:32:15.628Z] [DEBUG] Processing company database: company_9jxwph8g
[2025-06-20T21:32:15.702Z] [DEBUG] Finding reports to execute in company_9jxwph8g (current time: 2025-06-20T21:32:15.702Z)
[2025-06-20T21:32:15.803Z] [INFO] Found 0 reports to execute in company_9jxwph8g
[2025-06-20T21:32:15.804Z] [INFO] Scheduled reports check completed
[2025-06-20T21:32:15.806Z] [DEBUG] MongoDB connection closed
[2025-06-20T21:32:19.435Z] [INFO] Checking for scheduled reports...
[2025-06-20T21:32:20.743Z] [DEBUG] Connected to MongoDB
[2025-06-20T21:32:20.835Z] [INFO] Found 1 company databases
[2025-06-20T21:32:20.836Z] [DEBUG] Processing company database: company_9jxwph8g
[2025-06-20T21:32:20.907Z] [DEBUG] Finding reports to execute in company_9jxwph8g (current time: 2025-06-20T21:32:20.907Z)
[2025-06-20T21:32:20.965Z] [INFO] Found 0 reports to execute in company_9jxwph8g
[2025-06-20T21:32:20.966Z] [INFO] Scheduled reports check completed
[2025-06-20T21:32:20.968Z] [DEBUG] MongoDB connection closed
[2025-06-20T21:32:44.617Z] [INFO] Checking for scheduled reports...
[2025-06-20T21:32:46.170Z] [DEBUG] Connected to MongoDB
[2025-06-20T21:32:46.251Z] [INFO] Found 1 company databases
[2025-06-20T21:32:46.252Z] [DEBUG] Processing company database: company_9jxwph8g
[2025-06-20T21:32:46.349Z] [DEBUG] Finding reports to execute in company_9jxwph8g (current time: 2025-06-20T21:32:46.349Z)
[2025-06-20T21:32:46.441Z] [INFO] Found 0 reports to execute in company_9jxwph8g
[2025-06-20T21:32:46.442Z] [INFO] Scheduled reports check completed
[2025-06-20T21:32:46.444Z] [DEBUG] MongoDB connection closed
[2025-06-20T21:32:49.436Z] [INFO] Checking for scheduled reports...
[2025-06-20T21:32:50.467Z] [DEBUG] Connected to MongoDB
[2025-06-20T21:32:50.536Z] [INFO] Found 1 company databases
[2025-06-20T21:32:50.537Z] [DEBUG] Processing company database: company_9jxwph8g
[2025-06-20T21:32:50.594Z] [DEBUG] Finding reports to execute in company_9jxwph8g (current time: 2025-06-20T21:32:50.594Z)
[2025-06-20T21:32:50.653Z] [INFO] Found 0 reports to execute in company_9jxwph8g
[2025-06-20T21:32:50.654Z] [INFO] Scheduled reports check completed
[2025-06-20T21:32:50.656Z] [DEBUG] MongoDB connection closed
Fri Jun 20 16:33:00 CDT 2025: Running scheduled reports
Fri Jun 20 16:33:00 CDT 2025: Checking if NextJS server is running...
/Users/sim/Project2/scripts/../scripts/run-simple-scheduled-reports.sh: line 16: node: command not found
Fri Jun 20 16:33:00 CDT 2025: NextJS server is running. Running scheduled reports check...
/Users/sim/Project2/scripts/../scripts/run-scheduled-reports-cron.sh: line 25: node: command not found
[2025-06-20T21:33:14.619Z] [INFO] Checking for scheduled reports...
[2025-06-20T21:33:15.300Z] [DEBUG] Connected to MongoDB
[2025-06-20T21:33:15.374Z] [INFO] Found 1 company databases
[2025-06-20T21:33:15.374Z] [DEBUG] Processing company database: company_9jxwph8g
[2025-06-20T21:33:15.433Z] [DEBUG] Finding reports to execute in company_9jxwph8g (current time: 2025-06-20T21:33:15.433Z)
[2025-06-20T21:33:15.497Z] [INFO] Found 0 reports to execute in company_9jxwph8g
[2025-06-20T21:33:15.498Z] [INFO] Scheduled reports check completed
[2025-06-20T21:33:15.500Z] [DEBUG] MongoDB connection closed
[2025-06-20T21:33:19.436Z] [INFO] Checking for scheduled reports...
[2025-06-20T21:33:20.044Z] [DEBUG] Connected to MongoDB
[2025-06-20T21:33:20.116Z] [INFO] Found 1 company databases
[2025-06-20T21:33:20.117Z] [DEBUG] Processing company database: company_9jxwph8g
[2025-06-20T21:33:20.177Z] [DEBUG] Finding reports to execute in company_9jxwph8g (current time: 2025-06-20T21:33:20.177Z)
[2025-06-20T21:33:20.234Z] [INFO] Found 0 reports to execute in company_9jxwph8g
[2025-06-20T21:33:20.235Z] [INFO] Scheduled reports check completed
[2025-06-20T21:33:20.237Z] [DEBUG] MongoDB connection closed
[2025-06-20T21:33:44.620Z] [INFO] Checking for scheduled reports...
[2025-06-20T21:33:45.850Z] [DEBUG] Connected to MongoDB
[2025-06-20T21:33:45.919Z] [INFO] Found 1 company databases
[2025-06-20T21:33:45.920Z] [DEBUG] Processing company database: company_9jxwph8g
[2025-06-20T21:33:45.986Z] [DEBUG] Finding reports to execute in company_9jxwph8g (current time: 2025-06-20T21:33:45.986Z)
[2025-06-20T21:33:46.049Z] [INFO] Found 0 reports to execute in company_9jxwph8g
[2025-06-20T21:33:46.050Z] [INFO] Scheduled reports check completed
[2025-06-20T21:33:46.051Z] [DEBUG] MongoDB connection closed
[2025-06-20T21:33:49.437Z] [INFO] Checking for scheduled reports...
[2025-06-20T21:33:50.204Z] [DEBUG] Connected to MongoDB
[2025-06-20T21:33:50.277Z] [INFO] Found 1 company databases
[2025-06-20T21:33:50.278Z] [DEBUG] Processing company database: company_9jxwph8g
[2025-06-20T21:33:50.339Z] [DEBUG] Finding reports to execute in company_9jxwph8g (current time: 2025-06-20T21:33:50.339Z)
[2025-06-20T21:33:50.405Z] [INFO] Found 0 reports to execute in company_9jxwph8g
[2025-06-20T21:33:50.406Z] [INFO] Scheduled reports check completed
[2025-06-20T21:33:50.408Z] [DEBUG] MongoDB connection closed
Fri Jun 20 16:34:00 CDT 2025: Running scheduled reports
Fri Jun 20 16:34:00 CDT 2025: Checking if NextJS server is running...
/Users/sim/Project2/scripts/../scripts/run-simple-scheduled-reports.sh: line 16: node: command not found
Fri Jun 20 16:34:00 CDT 2025: NextJS server is running. Running scheduled reports check...
/Users/sim/Project2/scripts/../scripts/run-scheduled-reports-cron.sh: line 25: node: command not found
[2025-06-20T21:34:14.621Z] [INFO] Checking for scheduled reports...
[2025-06-20T21:34:16.264Z] [DEBUG] Connected to MongoDB
[2025-06-20T21:34:16.442Z] [INFO] Found 1 company databases
[2025-06-20T21:34:16.443Z] [DEBUG] Processing company database: company_9jxwph8g
[2025-06-20T21:34:16.546Z] [DEBUG] Finding reports to execute in company_9jxwph8g (current time: 2025-06-20T21:34:16.546Z)
[2025-06-20T21:34:16.706Z] [INFO] Found 0 reports to execute in company_9jxwph8g
[2025-06-20T21:34:16.707Z] [INFO] Scheduled reports check completed
[2025-06-20T21:34:16.709Z] [DEBUG] MongoDB connection closed
[2025-06-20T21:34:19.437Z] [INFO] Checking for scheduled reports...
[2025-06-20T21:34:20.186Z] [DEBUG] Connected to MongoDB
[2025-06-20T21:34:20.346Z] [INFO] Found 1 company databases
[2025-06-20T21:34:20.346Z] [DEBUG] Processing company database: company_9jxwph8g
[2025-06-20T21:34:20.455Z] [DEBUG] Finding reports to execute in company_9jxwph8g (current time: 2025-06-20T21:34:20.455Z)
[2025-06-20T21:34:20.659Z] [INFO] Found 0 reports to execute in company_9jxwph8g
[2025-06-20T21:34:20.660Z] [INFO] Scheduled reports check completed
[2025-06-20T21:34:20.662Z] [DEBUG] MongoDB connection closed
[2025-06-20T21:34:44.623Z] [INFO] Checking for scheduled reports...
[2025-06-20T21:34:45.252Z] [DEBUG] Connected to MongoDB
[2025-06-20T21:34:45.322Z] [INFO] Found 1 company databases
[2025-06-20T21:34:45.323Z] [DEBUG] Processing company database: company_9jxwph8g
[2025-06-20T21:34:45.384Z] [DEBUG] Finding reports to execute in company_9jxwph8g (current time: 2025-06-20T21:34:45.384Z)
[2025-06-20T21:34:45.444Z] [INFO] Found 0 reports to execute in company_9jxwph8g
[2025-06-20T21:34:45.444Z] [INFO] Scheduled reports check completed
[2025-06-20T21:34:45.446Z] [DEBUG] MongoDB connection closed
[2025-06-20T21:34:49.438Z] [INFO] Checking for scheduled reports...
[2025-06-20T21:34:50.063Z] [DEBUG] Connected to MongoDB
[2025-06-20T21:34:50.135Z] [INFO] Found 1 company databases
[2025-06-20T21:34:50.136Z] [DEBUG] Processing company database: company_9jxwph8g
[2025-06-20T21:34:50.194Z] [DEBUG] Finding reports to execute in company_9jxwph8g (current time: 2025-06-20T21:34:50.194Z)
[2025-06-20T21:34:50.253Z] [INFO] Found 0 reports to execute in company_9jxwph8g
[2025-06-20T21:34:50.253Z] [INFO] Scheduled reports check completed
[2025-06-20T21:34:50.255Z] [DEBUG] MongoDB connection closed
Fri Jun 20 16:35:00 CDT 2025: Running scheduled reports
Fri Jun 20 16:35:00 CDT 2025: Checking if NextJS server is running...
/Users/sim/Project2/scripts/../scripts/run-simple-scheduled-reports.sh: line 16: node: command not found
Fri Jun 20 16:35:00 CDT 2025: NextJS server is running. Running scheduled reports check...
/Users/sim/Project2/scripts/../scripts/run-scheduled-reports-cron.sh: line 25: node: command not found
[2025-06-20T21:35:14.624Z] [INFO] Checking for scheduled reports...
[2025-06-20T21:35:15.344Z] [DEBUG] Connected to MongoDB
[2025-06-20T21:35:15.416Z] [INFO] Found 1 company databases
[2025-06-20T21:35:15.417Z] [DEBUG] Processing company database: company_9jxwph8g
[2025-06-20T21:35:15.492Z] [DEBUG] Finding reports to execute in company_9jxwph8g (current time: 2025-06-20T21:35:15.492Z)
[2025-06-20T21:35:15.550Z] [INFO] Found 0 reports to execute in company_9jxwph8g
[2025-06-20T21:35:15.551Z] [INFO] Scheduled reports check completed
[2025-06-20T21:35:15.554Z] [DEBUG] MongoDB connection closed
[2025-06-20T21:35:19.440Z] [INFO] Checking for scheduled reports...
[2025-06-20T21:35:20.171Z] [DEBUG] Connected to MongoDB
[2025-06-20T21:35:20.239Z] [INFO] Found 1 company databases
[2025-06-20T21:35:20.240Z] [DEBUG] Processing company database: company_9jxwph8g
[2025-06-20T21:35:20.298Z] [DEBUG] Finding reports to execute in company_9jxwph8g (current time: 2025-06-20T21:35:20.298Z)
[2025-06-20T21:35:20.356Z] [INFO] Found 0 reports to execute in company_9jxwph8g
[2025-06-20T21:35:20.357Z] [INFO] Scheduled reports check completed
[2025-06-20T21:35:20.359Z] [DEBUG] MongoDB connection closed
[2025-06-20T21:35:44.625Z] [INFO] Checking for scheduled reports...
[2025-06-20T21:35:45.363Z] [DEBUG] Connected to MongoDB
[2025-06-20T21:35:45.439Z] [INFO] Found 1 company databases
[2025-06-20T21:35:45.440Z] [DEBUG] Processing company database: company_9jxwph8g
[2025-06-20T21:35:45.496Z] [DEBUG] Finding reports to execute in company_9jxwph8g (current time: 2025-06-20T21:35:45.496Z)
[2025-06-20T21:35:45.553Z] [INFO] Found 0 reports to execute in company_9jxwph8g
[2025-06-20T21:35:45.554Z] [INFO] Scheduled reports check completed
[2025-06-20T21:35:45.555Z] [DEBUG] MongoDB connection closed
[2025-06-20T21:35:49.440Z] [INFO] Checking for scheduled reports...
[2025-06-20T21:35:50.049Z] [DEBUG] Connected to MongoDB
[2025-06-20T21:35:50.120Z] [INFO] Found 1 company databases
[2025-06-20T21:35:50.120Z] [DEBUG] Processing company database: company_9jxwph8g
[2025-06-20T21:35:50.178Z] [DEBUG] Finding reports to execute in company_9jxwph8g (current time: 2025-06-20T21:35:50.178Z)
[2025-06-20T21:35:50.237Z] [INFO] Found 0 reports to execute in company_9jxwph8g
[2025-06-20T21:35:50.237Z] [INFO] Scheduled reports check completed
[2025-06-20T21:35:50.240Z] [DEBUG] MongoDB connection closed
Fri Jun 20 16:36:00 CDT 2025: Running scheduled reports
Fri Jun 20 16:36:00 CDT 2025: Checking if NextJS server is running...
/Users/sim/Project2/scripts/../scripts/run-simple-scheduled-reports.sh: line 16: node: command not found
Fri Jun 20 16:36:00 CDT 2025: NextJS server is running. Running scheduled reports check...
/Users/sim/Project2/scripts/../scripts/run-scheduled-reports-cron.sh: line 25: node: command not found
[2025-06-20T21:36:14.626Z] [INFO] Checking for scheduled reports...
[2025-06-20T21:36:15.328Z] [DEBUG] Connected to MongoDB
[2025-06-20T21:36:15.398Z] [INFO] Found 1 company databases
[2025-06-20T21:36:15.398Z] [DEBUG] Processing company database: company_9jxwph8g
[2025-06-20T21:36:15.457Z] [DEBUG] Finding reports to execute in company_9jxwph8g (current time: 2025-06-20T21:36:15.457Z)
[2025-06-20T21:36:15.560Z] [INFO] Found 0 reports to execute in company_9jxwph8g
[2025-06-20T21:36:15.561Z] [INFO] Scheduled reports check completed
[2025-06-20T21:36:15.564Z] [DEBUG] MongoDB connection closed
[2025-06-20T21:36:19.442Z] [INFO] Checking for scheduled reports...
[2025-06-20T21:36:20.145Z] [DEBUG] Connected to MongoDB
[2025-06-20T21:36:20.215Z] [INFO] Found 1 company databases
[2025-06-20T21:36:20.216Z] [DEBUG] Processing company database: company_9jxwph8g
[2025-06-20T21:36:20.276Z] [DEBUG] Finding reports to execute in company_9jxwph8g (current time: 2025-06-20T21:36:20.276Z)
[2025-06-20T21:36:20.351Z] [INFO] Found 0 reports to execute in company_9jxwph8g
[2025-06-20T21:36:20.351Z] [INFO] Scheduled reports check completed
[2025-06-20T21:36:20.354Z] [DEBUG] MongoDB connection closed
[2025-06-20T21:36:44.627Z] [INFO] Checking for scheduled reports...
[2025-06-20T21:36:45.690Z] [DEBUG] Connected to MongoDB
[2025-06-20T21:36:45.948Z] [INFO] Found 1 company databases
[2025-06-20T21:36:45.949Z] [DEBUG] Processing company database: company_9jxwph8g
[2025-06-20T21:36:46.032Z] [DEBUG] Finding reports to execute in company_9jxwph8g (current time: 2025-06-20T21:36:46.031Z)
[2025-06-20T21:36:46.096Z] [INFO] Found 0 reports to execute in company_9jxwph8g
[2025-06-20T21:36:46.096Z] [INFO] Scheduled reports check completed
[2025-06-20T21:36:46.098Z] [DEBUG] MongoDB connection closed
[2025-06-20T21:36:49.443Z] [INFO] Checking for scheduled reports...
[2025-06-20T21:36:50.085Z] [DEBUG] Connected to MongoDB
[2025-06-20T21:36:50.255Z] [INFO] Found 1 company databases
[2025-06-20T21:36:50.255Z] [DEBUG] Processing company database: company_9jxwph8g
[2025-06-20T21:36:50.317Z] [DEBUG] Finding reports to execute in company_9jxwph8g (current time: 2025-06-20T21:36:50.317Z)
[2025-06-20T21:36:50.374Z] [INFO] Found 0 reports to execute in company_9jxwph8g
[2025-06-20T21:36:50.375Z] [INFO] Scheduled reports check completed
[2025-06-20T21:36:50.377Z] [DEBUG] MongoDB connection closed
Fri Jun 20 16:37:01 CDT 2025: Running scheduled reports
Fri Jun 20 16:37:01 CDT 2025: Checking if NextJS server is running...
/Users/sim/Project2/scripts/../scripts/run-simple-scheduled-reports.sh: line 16: node: command not found
Fri Jun 20 16:37:01 CDT 2025: NextJS server is running. Running scheduled reports check...
/Users/sim/Project2/scripts/../scripts/run-scheduled-reports-cron.sh: line 25: node: command not found
[2025-06-20T21:37:14.628Z] [INFO] Checking for scheduled reports...
[2025-06-20T21:37:15.365Z] [DEBUG] Connected to MongoDB
[2025-06-20T21:37:15.435Z] [INFO] Found 1 company databases
[2025-06-20T21:37:15.435Z] [DEBUG] Processing company database: company_9jxwph8g
[2025-06-20T21:37:15.494Z] [DEBUG] Finding reports to execute in company_9jxwph8g (current time: 2025-06-20T21:37:15.494Z)
[2025-06-20T21:37:15.552Z] [INFO] Found 0 reports to execute in company_9jxwph8g
[2025-06-20T21:37:15.552Z] [INFO] Scheduled reports check completed
[2025-06-20T21:37:15.555Z] [DEBUG] MongoDB connection closed
[2025-06-20T21:37:19.443Z] [INFO] Checking for scheduled reports...
[2025-06-20T21:37:20.194Z] [DEBUG] Connected to MongoDB
[2025-06-20T21:37:20.371Z] [INFO] Found 1 company databases
[2025-06-20T21:37:20.372Z] [DEBUG] Processing company database: company_9jxwph8g
[2025-06-20T21:37:20.454Z] [DEBUG] Finding reports to execute in company_9jxwph8g (current time: 2025-06-20T21:37:20.454Z)
[2025-06-20T21:37:20.583Z] [INFO] Found 0 reports to execute in company_9jxwph8g
[2025-06-20T21:37:20.583Z] [INFO] Scheduled reports check completed
[2025-06-20T21:37:20.585Z] [DEBUG] MongoDB connection closed
[2025-06-20T21:37:44.629Z] [INFO] Checking for scheduled reports...
[2025-06-20T21:37:45.332Z] [DEBUG] Connected to MongoDB
[2025-06-20T21:37:45.405Z] [INFO] Found 1 company databases
[2025-06-20T21:37:45.406Z] [DEBUG] Processing company database: company_9jxwph8g
[2025-06-20T21:37:45.481Z] [DEBUG] Finding reports to execute in company_9jxwph8g (current time: 2025-06-20T21:37:45.481Z)
[2025-06-20T21:37:45.540Z] [INFO] Found 0 reports to execute in company_9jxwph8g
[2025-06-20T21:37:45.541Z] [INFO] Scheduled reports check completed
[2025-06-20T21:37:45.543Z] [DEBUG] MongoDB connection closed
[2025-06-20T21:37:49.444Z] [INFO] Checking for scheduled reports...
[2025-06-20T21:37:50.109Z] [DEBUG] Connected to MongoDB
[2025-06-20T21:37:50.186Z] [INFO] Found 1 company databases
[2025-06-20T21:37:50.186Z] [DEBUG] Processing company database: company_9jxwph8g
[2025-06-20T21:37:50.267Z] [DEBUG] Finding reports to execute in company_9jxwph8g (current time: 2025-06-20T21:37:50.267Z)
[2025-06-20T21:37:50.333Z] [INFO] Found 0 reports to execute in company_9jxwph8g
[2025-06-20T21:37:50.334Z] [INFO] Scheduled reports check completed
[2025-06-20T21:37:50.336Z] [DEBUG] MongoDB connection closed
Fri Jun 20 16:38:00 CDT 2025: Checking if NextJS server is running...
Fri Jun 20 16:38:00 CDT 2025: Running scheduled reports
/Users/sim/Project2/scripts/../scripts/run-simple-scheduled-reports.sh: line 16: node: command not found
Fri Jun 20 16:38:00 CDT 2025: NextJS server is running. Running scheduled reports check...
/Users/sim/Project2/scripts/../scripts/run-scheduled-reports-cron.sh: line 25: node: command not found
[2025-06-20T21:38:14.630Z] [INFO] Checking for scheduled reports...
[2025-06-20T21:38:15.228Z] [DEBUG] Connected to MongoDB
[2025-06-20T21:38:15.299Z] [INFO] Found 1 company databases
[2025-06-20T21:38:15.299Z] [DEBUG] Processing company database: company_9jxwph8g
[2025-06-20T21:38:15.361Z] [DEBUG] Finding reports to execute in company_9jxwph8g (current time: 2025-06-20T21:38:15.361Z)
[2025-06-20T21:38:15.424Z] [INFO] Found 0 reports to execute in company_9jxwph8g
[2025-06-20T21:38:15.425Z] [INFO] Scheduled reports check completed
[2025-06-20T21:38:15.428Z] [DEBUG] MongoDB connection closed
[2025-06-20T21:38:19.446Z] [INFO] Checking for scheduled reports...
[2025-06-20T21:38:20.141Z] [DEBUG] Connected to MongoDB
[2025-06-20T21:38:20.214Z] [INFO] Found 1 company databases
[2025-06-20T21:38:20.214Z] [DEBUG] Processing company database: company_9jxwph8g
[2025-06-20T21:38:20.273Z] [DEBUG] Finding reports to execute in company_9jxwph8g (current time: 2025-06-20T21:38:20.273Z)
[2025-06-20T21:38:20.335Z] [INFO] Found 0 reports to execute in company_9jxwph8g
[2025-06-20T21:38:20.336Z] [INFO] Scheduled reports check completed
[2025-06-20T21:38:20.338Z] [DEBUG] MongoDB connection closed
[2025-06-20T21:38:44.631Z] [INFO] Checking for scheduled reports...
[2025-06-20T21:38:45.968Z] [DEBUG] Connected to MongoDB
[2025-06-20T21:38:46.040Z] [INFO] Found 1 company databases
[2025-06-20T21:38:46.041Z] [DEBUG] Processing company database: company_9jxwph8g
[2025-06-20T21:38:46.098Z] [DEBUG] Finding reports to execute in company_9jxwph8g (current time: 2025-06-20T21:38:46.098Z)
[2025-06-20T21:38:46.162Z] [INFO] Found 0 reports to execute in company_9jxwph8g
[2025-06-20T21:38:46.162Z] [INFO] Scheduled reports check completed
[2025-06-20T21:38:46.164Z] [DEBUG] MongoDB connection closed
[2025-06-20T21:38:49.448Z] [INFO] Checking for scheduled reports...
[2025-06-20T21:38:50.063Z] [DEBUG] Connected to MongoDB
[2025-06-20T21:38:50.153Z] [INFO] Found 1 company databases
[2025-06-20T21:38:50.154Z] [DEBUG] Processing company database: company_9jxwph8g
[2025-06-20T21:38:50.213Z] [DEBUG] Finding reports to execute in company_9jxwph8g (current time: 2025-06-20T21:38:50.213Z)
[2025-06-20T21:38:50.271Z] [INFO] Found 0 reports to execute in company_9jxwph8g
[2025-06-20T21:38:50.272Z] [INFO] Scheduled reports check completed
[2025-06-20T21:38:50.274Z] [DEBUG] MongoDB connection closed
Fri Jun 20 16:39:00 CDT 2025: Checking if NextJS server is running...
Fri Jun 20 16:39:00 CDT 2025: Running scheduled reports
/Users/sim/Project2/scripts/../scripts/run-simple-scheduled-reports.sh: line 16: node: command not found
Fri Jun 20 16:39:00 CDT 2025: NextJS server is running. Running scheduled reports check...
/Users/sim/Project2/scripts/../scripts/run-scheduled-reports-cron.sh: line 25: node: command not found
[2025-06-20T21:39:14.632Z] [INFO] Checking for scheduled reports...
[2025-06-20T21:39:15.234Z] [DEBUG] Connected to MongoDB
[2025-06-20T21:39:15.312Z] [INFO] Found 1 company databases
[2025-06-20T21:39:15.312Z] [DEBUG] Processing company database: company_9jxwph8g
[2025-06-20T21:39:15.371Z] [DEBUG] Finding reports to execute in company_9jxwph8g (current time: 2025-06-20T21:39:15.371Z)
[2025-06-20T21:39:15.428Z] [INFO] Found 0 reports to execute in company_9jxwph8g
[2025-06-20T21:39:15.429Z] [INFO] Scheduled reports check completed
[2025-06-20T21:39:15.430Z] [DEBUG] MongoDB connection closed
[2025-06-20T21:39:19.449Z] [INFO] Checking for scheduled reports...
[2025-06-20T21:39:20.087Z] [DEBUG] Connected to MongoDB
[2025-06-20T21:39:20.196Z] [INFO] Found 1 company databases
[2025-06-20T21:39:20.196Z] [DEBUG] Processing company database: company_9jxwph8g
[2025-06-20T21:39:20.439Z] [DEBUG] Finding reports to execute in company_9jxwph8g (current time: 2025-06-20T21:39:20.439Z)
[2025-06-20T21:39:20.544Z] [INFO] Found 0 reports to execute in company_9jxwph8g
[2025-06-20T21:39:20.545Z] [INFO] Scheduled reports check completed
[2025-06-20T21:39:20.546Z] [DEBUG] MongoDB connection closed
[2025-06-20T21:39:44.634Z] [INFO] Checking for scheduled reports...
[2025-06-20T21:39:45.323Z] [DEBUG] Connected to MongoDB
[2025-06-20T21:39:45.395Z] [INFO] Found 1 company databases
[2025-06-20T21:39:45.395Z] [DEBUG] Processing company database: company_9jxwph8g
[2025-06-20T21:39:45.458Z] [DEBUG] Finding reports to execute in company_9jxwph8g (current time: 2025-06-20T21:39:45.458Z)
[2025-06-20T21:39:45.517Z] [INFO] Found 0 reports to execute in company_9jxwph8g
[2025-06-20T21:39:45.518Z] [INFO] Scheduled reports check completed
[2025-06-20T21:39:45.521Z] [DEBUG] MongoDB connection closed
[2025-06-20T21:39:49.450Z] [INFO] Checking for scheduled reports...
[2025-06-20T21:39:50.140Z] [DEBUG] Connected to MongoDB
[2025-06-20T21:39:50.215Z] [INFO] Found 1 company databases
[2025-06-20T21:39:50.216Z] [DEBUG] Processing company database: company_9jxwph8g
[2025-06-20T21:39:50.272Z] [DEBUG] Finding reports to execute in company_9jxwph8g (current time: 2025-06-20T21:39:50.272Z)
[2025-06-20T21:39:50.329Z] [INFO] Found 0 reports to execute in company_9jxwph8g
[2025-06-20T21:39:50.330Z] [INFO] Scheduled reports check completed
[2025-06-20T21:39:50.333Z] [DEBUG] MongoDB connection closed
Fri Jun 20 16:40:00 CDT 2025: Running scheduled reports
Fri Jun 20 16:40:00 CDT 2025: Checking if NextJS server is running...
/Users/sim/Project2/scripts/../scripts/run-simple-scheduled-reports.sh: line 16: node: command not found
Fri Jun 20 16:40:00 CDT 2025: NextJS server is running. Running scheduled reports check...
/Users/sim/Project2/scripts/../scripts/run-scheduled-reports-cron.sh: line 25: node: command not found
[2025-06-20T21:40:14.634Z] [INFO] Checking for scheduled reports...
[2025-06-20T21:40:15.911Z] [DEBUG] Connected to MongoDB
[2025-06-20T21:40:16.046Z] [INFO] Found 1 company databases
[2025-06-20T21:40:16.048Z] [DEBUG] Processing company database: company_9jxwph8g
[2025-06-20T21:40:16.116Z] [DEBUG] Finding reports to execute in company_9jxwph8g (current time: 2025-06-20T21:40:16.116Z)
[2025-06-20T21:40:16.193Z] [INFO] Found 0 reports to execute in company_9jxwph8g
[2025-06-20T21:40:16.194Z] [INFO] Scheduled reports check completed
[2025-06-20T21:40:16.195Z] [DEBUG] MongoDB connection closed
[2025-06-20T21:40:19.450Z] [INFO] Checking for scheduled reports...
[2025-06-20T21:40:20.073Z] [DEBUG] Connected to MongoDB
[2025-06-20T21:40:20.143Z] [INFO] Found 1 company databases
[2025-06-20T21:40:20.144Z] [DEBUG] Processing company database: company_9jxwph8g
[2025-06-20T21:40:20.204Z] [DEBUG] Finding reports to execute in company_9jxwph8g (current time: 2025-06-20T21:40:20.203Z)
[2025-06-20T21:40:20.264Z] [INFO] Found 0 reports to execute in company_9jxwph8g
[2025-06-20T21:40:20.265Z] [INFO] Scheduled reports check completed
[2025-06-20T21:40:20.268Z] [DEBUG] MongoDB connection closed
[2025-06-20T21:40:44.636Z] [INFO] Checking for scheduled reports...
[2025-06-20T21:40:45.408Z] [DEBUG] Connected to MongoDB
[2025-06-20T21:40:45.578Z] [INFO] Found 1 company databases
[2025-06-20T21:40:45.578Z] [DEBUG] Processing company database: company_9jxwph8g
[2025-06-20T21:40:45.647Z] [DEBUG] Finding reports to execute in company_9jxwph8g (current time: 2025-06-20T21:40:45.647Z)
[2025-06-20T21:40:45.706Z] [INFO] Found 0 reports to execute in company_9jxwph8g
[2025-06-20T21:40:45.707Z] [INFO] Scheduled reports check completed
[2025-06-20T21:40:45.709Z] [DEBUG] MongoDB connection closed
[2025-06-20T21:40:49.451Z] [INFO] Checking for scheduled reports...
[2025-06-20T21:40:50.269Z] [DEBUG] Connected to MongoDB
[2025-06-20T21:40:50.342Z] [INFO] Found 1 company databases
[2025-06-20T21:40:50.342Z] [DEBUG] Processing company database: company_9jxwph8g
[2025-06-20T21:40:50.413Z] [DEBUG] Finding reports to execute in company_9jxwph8g (current time: 2025-06-20T21:40:50.413Z)
[2025-06-20T21:40:50.480Z] [INFO] Found 0 reports to execute in company_9jxwph8g
[2025-06-20T21:40:50.480Z] [INFO] Scheduled reports check completed
[2025-06-20T21:40:50.482Z] [DEBUG] MongoDB connection closed
Fri Jun 20 16:41:00 CDT 2025: Checking if NextJS server is running...
Fri Jun 20 16:41:00 CDT 2025: Running scheduled reports
/Users/sim/Project2/scripts/../scripts/run-simple-scheduled-reports.sh: line 16: node: command not found
Fri Jun 20 16:41:00 CDT 2025: NextJS server is running. Running scheduled reports check...
/Users/sim/Project2/scripts/../scripts/run-scheduled-reports-cron.sh: line 25: node: command not found
[2025-06-20T21:41:14.637Z] [INFO] Checking for scheduled reports...
[2025-06-20T21:41:15.467Z] [DEBUG] Connected to MongoDB
[2025-06-20T21:41:15.542Z] [INFO] Found 1 company databases
[2025-06-20T21:41:15.543Z] [DEBUG] Processing company database: company_9jxwph8g
[2025-06-20T21:41:15.603Z] [DEBUG] Finding reports to execute in company_9jxwph8g (current time: 2025-06-20T21:41:15.603Z)
[2025-06-20T21:41:15.666Z] [INFO] Found 0 reports to execute in company_9jxwph8g
[2025-06-20T21:41:15.667Z] [INFO] Scheduled reports check completed
[2025-06-20T21:41:15.669Z] [DEBUG] MongoDB connection closed
[2025-06-20T21:41:19.452Z] [INFO] Checking for scheduled reports...
[2025-06-20T21:41:20.328Z] [DEBUG] Connected to MongoDB
[2025-06-20T21:41:20.415Z] [INFO] Found 1 company databases
[2025-06-20T21:41:20.416Z] [DEBUG] Processing company database: company_9jxwph8g
[2025-06-20T21:41:20.490Z] [DEBUG] Finding reports to execute in company_9jxwph8g (current time: 2025-06-20T21:41:20.490Z)
[2025-06-20T21:41:20.557Z] [INFO] Found 0 reports to execute in company_9jxwph8g
[2025-06-20T21:41:20.557Z] [INFO] Scheduled reports check completed
[2025-06-20T21:41:20.560Z] [DEBUG] MongoDB connection closed
[2025-06-20T21:41:44.638Z] [INFO] Checking for scheduled reports...
[2025-06-20T21:41:45.963Z] [DEBUG] Connected to MongoDB
[2025-06-20T21:41:46.068Z] [INFO] Found 1 company databases
[2025-06-20T21:41:46.068Z] [DEBUG] Processing company database: company_9jxwph8g
[2025-06-20T21:41:46.149Z] [DEBUG] Finding reports to execute in company_9jxwph8g (current time: 2025-06-20T21:41:46.149Z)
[2025-06-20T21:41:46.268Z] [INFO] Found 0 reports to execute in company_9jxwph8g
[2025-06-20T21:41:46.268Z] [INFO] Scheduled reports check completed
[2025-06-20T21:41:46.270Z] [DEBUG] MongoDB connection closed
[2025-06-20T21:41:49.452Z] [INFO] Checking for scheduled reports...
[2025-06-20T21:41:50.601Z] [DEBUG] Connected to MongoDB
[2025-06-20T21:41:50.678Z] [INFO] Found 1 company databases
[2025-06-20T21:41:50.679Z] [DEBUG] Processing company database: company_9jxwph8g
[2025-06-20T21:41:50.769Z] [DEBUG] Finding reports to execute in company_9jxwph8g (current time: 2025-06-20T21:41:50.769Z)
[2025-06-20T21:41:50.873Z] [INFO] Found 0 reports to execute in company_9jxwph8g
[2025-06-20T21:41:50.873Z] [INFO] Scheduled reports check completed
[2025-06-20T21:41:50.874Z] [DEBUG] MongoDB connection closed
Fri Jun 20 16:42:00 CDT 2025: Checking if NextJS server is running...
Fri Jun 20 16:42:00 CDT 2025: Running scheduled reports
/Users/sim/Project2/scripts/../scripts/run-simple-scheduled-reports.sh: line 16: node: command not found
Fri Jun 20 16:42:00 CDT 2025: NextJS server is running. Running scheduled reports check...
/Users/sim/Project2/scripts/../scripts/run-scheduled-reports-cron.sh: line 25: node: command not found
[2025-06-20T21:42:14.638Z] [INFO] Checking for scheduled reports...
[2025-06-20T21:42:15.511Z] [DEBUG] Connected to MongoDB
[2025-06-20T21:42:15.746Z] [INFO] Found 1 company databases
[2025-06-20T21:42:15.748Z] [DEBUG] Processing company database: company_9jxwph8g
[2025-06-20T21:42:16.161Z] [DEBUG] Finding reports to execute in company_9jxwph8g (current time: 2025-06-20T21:42:16.161Z)
[2025-06-20T21:42:16.385Z] [INFO] Found 0 reports to execute in company_9jxwph8g
[2025-06-20T21:42:16.385Z] [INFO] Scheduled reports check completed
[2025-06-20T21:42:16.389Z] [DEBUG] MongoDB connection closed
[2025-06-20T21:42:19.454Z] [INFO] Checking for scheduled reports...
[2025-06-20T21:42:21.516Z] [DEBUG] Connected to MongoDB
[2025-06-20T21:42:21.611Z] [INFO] Found 1 company databases
[2025-06-20T21:42:21.611Z] [DEBUG] Processing company database: company_9jxwph8g
[2025-06-20T21:42:21.706Z] [DEBUG] Finding reports to execute in company_9jxwph8g (current time: 2025-06-20T21:42:21.706Z)
[2025-06-20T21:42:21.796Z] [INFO] Found 0 reports to execute in company_9jxwph8g
[2025-06-20T21:42:21.797Z] [INFO] Scheduled reports check completed
[2025-06-20T21:42:21.799Z] [DEBUG] MongoDB connection closed
[2025-06-20T21:42:44.639Z] [INFO] Checking for scheduled reports...
[2025-06-20T21:42:49.454Z] [INFO] Checking for scheduled reports...
Fri Jun 20 16:43:01 CDT 2025: Running scheduled reports
Fri Jun 20 16:43:01 CDT 2025: Checking if NextJS server is running...
/Users/sim/Project2/scripts/../scripts/run-simple-scheduled-reports.sh: line 16: node: command not found
Fri Jun 20 16:43:01 CDT 2025: NextJS server is running. Running scheduled reports check...
/Users/sim/Project2/scripts/../scripts/run-scheduled-reports-cron.sh: line 25: node: command not found
[2025-06-20T21:43:14.640Z] [INFO] Checking for scheduled reports...
[2025-06-20T21:43:14.648Z] [ERROR] Error in checkScheduledReports: Server selection timed out after 30000 ms
[2025-06-20T21:43:14.649Z] [ERROR] Stack trace: MongoServerSelectionError: Server selection timed out after 30000 ms
    at Topology.selectServer (/Users/sim/Project2/node_modules/mongodb/lib/sdam/topology.js:321:38)
    at async Topology._connect (/Users/sim/Project2/node_modules/mongodb/lib/sdam/topology.js:200:28)
    at async Topology.connect (/Users/sim/Project2/node_modules/mongodb/lib/sdam/topology.js:152:13)
    at async topologyConnect (/Users/sim/Project2/node_modules/mongodb/lib/mongo_client.js:233:17)
    at async MongoClient._connect (/Users/sim/Project2/node_modules/mongodb/lib/mongo_client.js:246:13)
    at async MongoClient.connect (/Users/sim/Project2/node_modules/mongodb/lib/mongo_client.js:171:13)
    at async MongoClient.connect (/Users/sim/Project2/node_modules/mongodb/lib/mongo_client.js:360:16)
    at async checkScheduledReports (/Users/sim/Project2/scripts/scheduled-reports-daemon.js:146:14)
    at async Timeout._onTimeout (/Users/sim/Project2/scripts/scheduled-reports-daemon.js:267:7)
[2025-06-20T21:43:19.455Z] [INFO] Checking for scheduled reports...
[2025-06-20T21:43:19.462Z] [ERROR] Error in checkScheduledReports: Server selection timed out after 30000 ms
[2025-06-20T21:43:19.463Z] [ERROR] Stack trace: MongoServerSelectionError: Server selection timed out after 30000 ms
    at Topology.selectServer (/Users/sim/Project2/node_modules/mongodb/lib/sdam/topology.js:321:38)
    at async Topology._connect (/Users/sim/Project2/node_modules/mongodb/lib/sdam/topology.js:200:28)
    at async Topology.connect (/Users/sim/Project2/node_modules/mongodb/lib/sdam/topology.js:152:13)
    at async topologyConnect (/Users/sim/Project2/node_modules/mongodb/lib/mongo_client.js:233:17)
    at async MongoClient._connect (/Users/sim/Project2/node_modules/mongodb/lib/mongo_client.js:246:13)
    at async MongoClient.connect (/Users/sim/Project2/node_modules/mongodb/lib/mongo_client.js:171:13)
    at async MongoClient.connect (/Users/sim/Project2/node_modules/mongodb/lib/mongo_client.js:360:16)
    at async checkScheduledReports (/Users/sim/Project2/scripts/scheduled-reports-daemon.js:146:14)
    at async Timeout._onTimeout (/Users/sim/Project2/scripts/scheduled-reports-daemon.js:267:7)
[2025-06-20T21:43:48.368Z] [INFO] Starting scheduled reports daemon with check interval of 30000ms
[2025-06-20T21:43:48.370Z] [INFO] Checking for scheduled reports...
[2025-06-20T21:43:49.163Z] [DEBUG] Connected to MongoDB
[2025-06-20T21:43:49.268Z] [INFO] Found 1 company databases
[2025-06-20T21:43:49.268Z] [DEBUG] Processing company database: company_9jxwph8g
[2025-06-20T21:43:49.349Z] [DEBUG] Finding reports to execute in company_9jxwph8g (current time: 2025-06-20T21:43:49.349Z)
[2025-06-20T21:43:49.456Z] [INFO] Checking for scheduled reports...
[2025-06-20T21:43:49.469Z] [INFO] Found 0 reports to execute in company_9jxwph8g
[2025-06-20T21:43:49.469Z] [INFO] Scheduled reports check completed
[2025-06-20T21:43:49.473Z] [DEBUG] MongoDB connection closed
[2025-06-20T21:43:49.474Z] [INFO] Daemon is now running continuously...
[2025-06-20T21:43:50.272Z] [DEBUG] Connected to MongoDB
[2025-06-20T21:43:50.401Z] [INFO] Found 1 company databases
[2025-06-20T21:43:50.401Z] [DEBUG] Processing company database: company_9jxwph8g
[2025-06-20T21:43:50.504Z] [DEBUG] Finding reports to execute in company_9jxwph8g (current time: 2025-06-20T21:43:50.504Z)
[2025-06-20T21:43:50.623Z] [INFO] Found 0 reports to execute in company_9jxwph8g
[2025-06-20T21:43:50.624Z] [INFO] Scheduled reports check completed
[2025-06-20T21:43:50.625Z] [DEBUG] MongoDB connection closed
[2025-06-20T21:43:57.944Z] [ERROR] Error in checkScheduledReports: Socket 'secureConnect' timed out after 30001ms (connectTimeoutMS: 30000)
[2025-06-20T21:43:57.947Z] [ERROR] Stack trace: MongoNetworkTimeoutError: Socket 'secureConnect' timed out after 30001ms (connectTimeoutMS: 30000)
    at TLSSocket.<anonymous> (/Users/sim/Project2/node_modules/mongodb/lib/cmap/connect.js:287:20)
    at Object.onceWrapper (node:events:621:28)
    at TLSSocket.emit (node:events:507:28)
    at Socket._onTimeout (node:net:609:8)
    at listOnTimeout (node:internal/timers:608:17)
    at process.processTimers (node:internal/timers:543:7)
Fri Jun 20 16:44:01 CDT 2025: Running scheduled reports
Fri Jun 20 16:44:01 CDT 2025: Checking if NextJS server is running...
/Users/sim/Project2/scripts/../scripts/run-simple-scheduled-reports.sh: line 16: node: command not found
Fri Jun 20 16:44:03 CDT 2025: NextJS server is running. Running scheduled reports check...
/Users/sim/Project2/scripts/../scripts/run-scheduled-reports-cron.sh: line 25: node: command not found
[2025-06-20T21:44:19.457Z] [INFO] Checking for scheduled reports...
[2025-06-20T21:44:19.477Z] [INFO] Checking for scheduled reports...
[2025-06-20T21:44:20.850Z] [DEBUG] Connected to MongoDB
[2025-06-20T21:44:20.851Z] [DEBUG] Connected to MongoDB
[2025-06-20T21:44:21.027Z] [INFO] Found 1 company databases
[2025-06-20T21:44:21.028Z] [DEBUG] Processing company database: company_9jxwph8g
[2025-06-20T21:44:21.028Z] [INFO] Found 1 company databases
[2025-06-20T21:44:21.029Z] [DEBUG] Processing company database: company_9jxwph8g
[2025-06-20T21:44:21.204Z] [DEBUG] Finding reports to execute in company_9jxwph8g (current time: 2025-06-20T21:44:21.204Z)
[2025-06-20T21:44:21.205Z] [DEBUG] Finding reports to execute in company_9jxwph8g (current time: 2025-06-20T21:44:21.205Z)
[2025-06-20T21:44:21.402Z] [INFO] Found 0 reports to execute in company_9jxwph8g
[2025-06-20T21:44:21.403Z] [INFO] Scheduled reports check completed
[2025-06-20T21:44:21.403Z] [INFO] Found 0 reports to execute in company_9jxwph8g
[2025-06-20T21:44:21.403Z] [INFO] Scheduled reports check completed
[2025-06-20T21:44:21.407Z] [DEBUG] MongoDB connection closed
[2025-06-20T21:44:21.407Z] [DEBUG] MongoDB connection closed
[2025-06-20T21:44:49.458Z] [INFO] Checking for scheduled reports...
[2025-06-20T21:44:49.477Z] [INFO] Checking for scheduled reports...
[2025-06-20T21:44:51.382Z] [DEBUG] Connected to MongoDB
[2025-06-20T21:44:51.515Z] [DEBUG] Connected to MongoDB
[2025-06-20T21:44:51.519Z] [INFO] Found 1 company databases
[2025-06-20T21:44:51.520Z] [DEBUG] Processing company database: company_9jxwph8g
[2025-06-20T21:44:51.584Z] [DEBUG] Finding reports to execute in company_9jxwph8g (current time: 2025-06-20T21:44:51.584Z)
[2025-06-20T21:44:51.598Z] [INFO] Found 1 company databases
[2025-06-20T21:44:51.598Z] [DEBUG] Processing company database: company_9jxwph8g
[2025-06-20T21:44:51.656Z] [INFO] Found 0 reports to execute in company_9jxwph8g
[2025-06-20T21:44:51.657Z] [INFO] Scheduled reports check completed
[2025-06-20T21:44:51.658Z] [DEBUG] Finding reports to execute in company_9jxwph8g (current time: 2025-06-20T21:44:51.658Z)
[2025-06-20T21:44:51.659Z] [DEBUG] MongoDB connection closed
[2025-06-20T21:44:51.721Z] [INFO] Found 0 reports to execute in company_9jxwph8g
[2025-06-20T21:44:51.722Z] [INFO] Scheduled reports check completed
[2025-06-20T21:44:51.725Z] [DEBUG] MongoDB connection closed
Fri Jun 20 16:45:01 CDT 2025: Checking if NextJS server is running...
Fri Jun 20 16:45:01 CDT 2025: Running scheduled reports
/Users/sim/Project2/scripts/../scripts/run-simple-scheduled-reports.sh: line 16: node: command not found
Fri Jun 20 16:45:01 CDT 2025: NextJS server is running. Running scheduled reports check...
/Users/sim/Project2/scripts/../scripts/run-scheduled-reports-cron.sh: line 25: node: command not found
[2025-06-20T21:45:19.459Z] [INFO] Checking for scheduled reports...
[2025-06-20T21:45:19.478Z] [INFO] Checking for scheduled reports...
[2025-06-20T21:45:20.104Z] [DEBUG] Connected to MongoDB
[2025-06-20T21:45:20.143Z] [DEBUG] Connected to MongoDB
[2025-06-20T21:45:20.173Z] [INFO] Found 1 company databases
[2025-06-20T21:45:20.173Z] [DEBUG] Processing company database: company_9jxwph8g
[2025-06-20T21:45:20.220Z] [INFO] Found 1 company databases
[2025-06-20T21:45:20.220Z] [DEBUG] Processing company database: company_9jxwph8g
[2025-06-20T21:45:20.236Z] [DEBUG] Finding reports to execute in company_9jxwph8g (current time: 2025-06-20T21:45:20.236Z)
[2025-06-20T21:45:20.285Z] [DEBUG] Finding reports to execute in company_9jxwph8g (current time: 2025-06-20T21:45:20.285Z)
[2025-06-20T21:45:20.294Z] [INFO] Found 0 reports to execute in company_9jxwph8g
[2025-06-20T21:45:20.294Z] [INFO] Scheduled reports check completed
[2025-06-20T21:45:20.295Z] [DEBUG] MongoDB connection closed
[2025-06-20T21:45:20.343Z] [INFO] Found 0 reports to execute in company_9jxwph8g
[2025-06-20T21:45:20.343Z] [INFO] Scheduled reports check completed
[2025-06-20T21:45:20.347Z] [DEBUG] MongoDB connection closed
[2025-06-20T21:45:49.460Z] [INFO] Checking for scheduled reports...
[2025-06-20T21:45:49.479Z] [INFO] Checking for scheduled reports...
[2025-06-20T21:45:50.155Z] [DEBUG] Connected to MongoDB
[2025-06-20T21:45:50.160Z] [DEBUG] Connected to MongoDB
[2025-06-20T21:45:50.237Z] [INFO] Found 1 company databases
[2025-06-20T21:45:50.237Z] [DEBUG] Processing company database: company_9jxwph8g
[2025-06-20T21:45:50.237Z] [INFO] Found 1 company databases
[2025-06-20T21:45:50.238Z] [DEBUG] Processing company database: company_9jxwph8g
[2025-06-20T21:45:50.295Z] [DEBUG] Finding reports to execute in company_9jxwph8g (current time: 2025-06-20T21:45:50.295Z)
[2025-06-20T21:45:50.306Z] [DEBUG] Finding reports to execute in company_9jxwph8g (current time: 2025-06-20T21:45:50.306Z)
[2025-06-20T21:45:50.356Z] [INFO] Found 0 reports to execute in company_9jxwph8g
[2025-06-20T21:45:50.357Z] [INFO] Scheduled reports check completed
[2025-06-20T21:45:50.359Z] [DEBUG] MongoDB connection closed
[2025-06-20T21:45:50.365Z] [INFO] Found 0 reports to execute in company_9jxwph8g
[2025-06-20T21:45:50.366Z] [INFO] Scheduled reports check completed
[2025-06-20T21:45:50.370Z] [DEBUG] MongoDB connection closed
Fri Jun 20 16:46:00 CDT 2025: Running scheduled reports
Fri Jun 20 16:46:00 CDT 2025: Checking if NextJS server is running...
/Users/sim/Project2/scripts/../scripts/run-simple-scheduled-reports.sh: line 16: node: command not found
Fri Jun 20 16:46:00 CDT 2025: NextJS server is running. Running scheduled reports check...
/Users/sim/Project2/scripts/../scripts/run-scheduled-reports-cron.sh: line 25: node: command not found
[2025-06-20T21:46:19.460Z] [INFO] Checking for scheduled reports...
[2025-06-20T21:46:19.481Z] [INFO] Checking for scheduled reports...
[2025-06-20T21:46:20.319Z] [DEBUG] Connected to MongoDB
[2025-06-20T21:46:20.319Z] [DEBUG] Connected to MongoDB
[2025-06-20T21:46:20.415Z] [INFO] Found 1 company databases
[2025-06-20T21:46:20.415Z] [DEBUG] Processing company database: company_9jxwph8g
[2025-06-20T21:46:20.415Z] [INFO] Found 1 company databases
[2025-06-20T21:46:20.416Z] [DEBUG] Processing company database: company_9jxwph8g
[2025-06-20T21:46:20.513Z] [DEBUG] Finding reports to execute in company_9jxwph8g (current time: 2025-06-20T21:46:20.513Z)
[2025-06-20T21:46:20.513Z] [DEBUG] Finding reports to execute in company_9jxwph8g (current time: 2025-06-20T21:46:20.513Z)
[2025-06-20T21:46:20.614Z] [INFO] Found 0 reports to execute in company_9jxwph8g
[2025-06-20T21:46:20.614Z] [INFO] Found 0 reports to execute in company_9jxwph8g
[2025-06-20T21:46:20.614Z] [INFO] Scheduled reports check completed
[2025-06-20T21:46:20.615Z] [INFO] Scheduled reports check completed
[2025-06-20T21:46:20.616Z] [DEBUG] MongoDB connection closed
[2025-06-20T21:46:20.617Z] [DEBUG] MongoDB connection closed
[2025-06-20T21:46:49.462Z] [INFO] Checking for scheduled reports...
[2025-06-20T21:46:49.481Z] [INFO] Checking for scheduled reports...
[2025-06-20T21:46:50.250Z] [DEBUG] Connected to MongoDB
[2025-06-20T21:46:50.259Z] [DEBUG] Connected to MongoDB
[2025-06-20T21:46:50.324Z] [INFO] Found 1 company databases
[2025-06-20T21:46:50.325Z] [DEBUG] Processing company database: company_9jxwph8g
[2025-06-20T21:46:50.333Z] [INFO] Found 1 company databases
[2025-06-20T21:46:50.334Z] [DEBUG] Processing company database: company_9jxwph8g
[2025-06-20T21:46:50.390Z] [DEBUG] Finding reports to execute in company_9jxwph8g (current time: 2025-06-20T21:46:50.390Z)
[2025-06-20T21:46:50.403Z] [DEBUG] Finding reports to execute in company_9jxwph8g (current time: 2025-06-20T21:46:50.403Z)
[2025-06-20T21:46:50.451Z] [INFO] Found 0 reports to execute in company_9jxwph8g
[2025-06-20T21:46:50.452Z] [INFO] Scheduled reports check completed
[2025-06-20T21:46:50.455Z] [DEBUG] MongoDB connection closed
[2025-06-20T21:46:50.463Z] [INFO] Found 0 reports to execute in company_9jxwph8g
[2025-06-20T21:46:50.464Z] [INFO] Scheduled reports check completed
[2025-06-20T21:46:50.468Z] [DEBUG] MongoDB connection closed
Fri Jun 20 16:47:00 CDT 2025: Checking if NextJS server is running...
Fri Jun 20 16:47:00 CDT 2025: Running scheduled reports
/Users/sim/Project2/scripts/../scripts/run-simple-scheduled-reports.sh: line 16: node: command not found
Fri Jun 20 16:47:00 CDT 2025: NextJS server is running. Running scheduled reports check...
/Users/sim/Project2/scripts/../scripts/run-scheduled-reports-cron.sh: line 25: node: command not found
[2025-06-20T21:47:19.463Z] [INFO] Checking for scheduled reports...
[2025-06-20T21:47:19.483Z] [INFO] Checking for scheduled reports...
[2025-06-20T21:47:20.108Z] [DEBUG] Connected to MongoDB
[2025-06-20T21:47:20.126Z] [DEBUG] Connected to MongoDB
[2025-06-20T21:47:20.177Z] [INFO] Found 1 company databases
[2025-06-20T21:47:20.177Z] [DEBUG] Processing company database: company_9jxwph8g
[2025-06-20T21:47:20.196Z] [INFO] Found 1 company databases
[2025-06-20T21:47:20.197Z] [DEBUG] Processing company database: company_9jxwph8g
[2025-06-20T21:47:20.243Z] [DEBUG] Finding reports to execute in company_9jxwph8g (current time: 2025-06-20T21:47:20.243Z)
[2025-06-20T21:47:20.258Z] [DEBUG] Finding reports to execute in company_9jxwph8g (current time: 2025-06-20T21:47:20.258Z)
[2025-06-20T21:47:20.304Z] [INFO] Found 0 reports to execute in company_9jxwph8g
[2025-06-20T21:47:20.304Z] [INFO] Scheduled reports check completed
[2025-06-20T21:47:20.307Z] [DEBUG] MongoDB connection closed
[2025-06-20T21:47:20.323Z] [INFO] Found 0 reports to execute in company_9jxwph8g
[2025-06-20T21:47:20.323Z] [INFO] Scheduled reports check completed
[2025-06-20T21:47:20.326Z] [DEBUG] MongoDB connection closed
[2025-06-20T21:47:49.465Z] [INFO] Checking for scheduled reports...
[2025-06-20T21:47:49.484Z] [INFO] Checking for scheduled reports...
[2025-06-20T21:47:50.111Z] [DEBUG] Connected to MongoDB
[2025-06-20T21:47:50.155Z] [DEBUG] Connected to MongoDB
[2025-06-20T21:47:50.184Z] [INFO] Found 1 company databases
[2025-06-20T21:47:50.185Z] [DEBUG] Processing company database: company_9jxwph8g
[2025-06-20T21:47:50.230Z] [INFO] Found 1 company databases
[2025-06-20T21:47:50.231Z] [DEBUG] Processing company database: company_9jxwph8g
[2025-06-20T21:47:50.244Z] [DEBUG] Finding reports to execute in company_9jxwph8g (current time: 2025-06-20T21:47:50.244Z)
[2025-06-20T21:47:50.293Z] [DEBUG] Finding reports to execute in company_9jxwph8g (current time: 2025-06-20T21:47:50.293Z)
[2025-06-20T21:47:50.302Z] [INFO] Found 0 reports to execute in company_9jxwph8g
[2025-06-20T21:47:50.302Z] [INFO] Scheduled reports check completed
[2025-06-20T21:47:50.304Z] [DEBUG] MongoDB connection closed
[2025-06-20T21:47:50.367Z] [INFO] Found 0 reports to execute in company_9jxwph8g
[2025-06-20T21:47:50.368Z] [INFO] Scheduled reports check completed
[2025-06-20T21:47:50.373Z] [DEBUG] MongoDB connection closed
Fri Jun 20 16:48:00 CDT 2025: Checking if NextJS server is running...
Fri Jun 20 16:48:00 CDT 2025: Running scheduled reports
/Users/sim/Project2/scripts/../scripts/run-simple-scheduled-reports.sh: line 16: node: command not found
Fri Jun 20 16:48:01 CDT 2025: NextJS server is running. Running scheduled reports check...
/Users/sim/Project2/scripts/../scripts/run-scheduled-reports-cron.sh: line 25: node: command not found
[2025-06-20T21:48:19.466Z] [INFO] Checking for scheduled reports...
[2025-06-20T21:48:19.487Z] [INFO] Checking for scheduled reports...
[2025-06-20T21:48:20.115Z] [DEBUG] Connected to MongoDB
[2025-06-20T21:48:20.123Z] [DEBUG] Connected to MongoDB
[2025-06-20T21:48:20.191Z] [INFO] Found 1 company databases
[2025-06-20T21:48:20.192Z] [DEBUG] Processing company database: company_9jxwph8g
[2025-06-20T21:48:20.193Z] [INFO] Found 1 company databases
[2025-06-20T21:48:20.194Z] [DEBUG] Processing company database: company_9jxwph8g
[2025-06-20T21:48:20.254Z] [DEBUG] Finding reports to execute in company_9jxwph8g (current time: 2025-06-20T21:48:20.254Z)
[2025-06-20T21:48:20.254Z] [DEBUG] Finding reports to execute in company_9jxwph8g (current time: 2025-06-20T21:48:20.254Z)
[2025-06-20T21:48:20.312Z] [INFO] Found 0 reports to execute in company_9jxwph8g
[2025-06-20T21:48:20.313Z] [INFO] Found 0 reports to execute in company_9jxwph8g
[2025-06-20T21:48:20.313Z] [INFO] Scheduled reports check completed
[2025-06-20T21:48:20.313Z] [INFO] Scheduled reports check completed
[2025-06-20T21:48:20.316Z] [DEBUG] MongoDB connection closed
[2025-06-20T21:48:20.316Z] [DEBUG] MongoDB connection closed
[2025-06-20T21:48:49.467Z] [INFO] Checking for scheduled reports...
[2025-06-20T21:48:49.488Z] [INFO] Checking for scheduled reports...
[2025-06-20T21:48:50.219Z] [DEBUG] Connected to MongoDB
[2025-06-20T21:48:50.227Z] [DEBUG] Connected to MongoDB
[2025-06-20T21:48:50.288Z] [INFO] Found 1 company databases
[2025-06-20T21:48:50.288Z] [DEBUG] Processing company database: company_9jxwph8g
[2025-06-20T21:48:50.307Z] [INFO] Found 1 company databases
[2025-06-20T21:48:50.307Z] [DEBUG] Processing company database: company_9jxwph8g
[2025-06-20T21:48:50.347Z] [DEBUG] Finding reports to execute in company_9jxwph8g (current time: 2025-06-20T21:48:50.347Z)
[2025-06-20T21:48:50.369Z] [DEBUG] Finding reports to execute in company_9jxwph8g (current time: 2025-06-20T21:48:50.369Z)
[2025-06-20T21:48:50.409Z] [INFO] Found 0 reports to execute in company_9jxwph8g
[2025-06-20T21:48:50.409Z] [INFO] Scheduled reports check completed
[2025-06-20T21:48:50.411Z] [DEBUG] MongoDB connection closed
[2025-06-20T21:48:50.430Z] [INFO] Found 0 reports to execute in company_9jxwph8g
[2025-06-20T21:48:50.430Z] [INFO] Scheduled reports check completed
[2025-06-20T21:48:50.432Z] [DEBUG] MongoDB connection closed
Fri Jun 20 16:49:01 CDT 2025: Checking if NextJS server is running...
Fri Jun 20 16:49:01 CDT 2025: Running scheduled reports
/Users/sim/Project2/scripts/../scripts/run-simple-scheduled-reports.sh: line 16: node: command not found
Fri Jun 20 16:49:01 CDT 2025: NextJS server is running. Running scheduled reports check...
/Users/sim/Project2/scripts/../scripts/run-scheduled-reports-cron.sh: line 25: node: command not found
[2025-06-20T21:49:19.468Z] [INFO] Checking for scheduled reports...
[2025-06-20T21:49:19.490Z] [INFO] Checking for scheduled reports...
[2025-06-20T21:49:20.109Z] [DEBUG] Connected to MongoDB
[2025-06-20T21:49:20.128Z] [DEBUG] Connected to MongoDB
[2025-06-20T21:49:20.178Z] [INFO] Found 1 company databases
[2025-06-20T21:49:20.178Z] [DEBUG] Processing company database: company_9jxwph8g
[2025-06-20T21:49:20.195Z] [INFO] Found 1 company databases
[2025-06-20T21:49:20.196Z] [DEBUG] Processing company database: company_9jxwph8g
[2025-06-20T21:49:20.237Z] [DEBUG] Finding reports to execute in company_9jxwph8g (current time: 2025-06-20T21:49:20.237Z)
[2025-06-20T21:49:20.255Z] [DEBUG] Finding reports to execute in company_9jxwph8g (current time: 2025-06-20T21:49:20.255Z)
[2025-06-20T21:49:20.295Z] [INFO] Found 0 reports to execute in company_9jxwph8g
[2025-06-20T21:49:20.296Z] [INFO] Scheduled reports check completed
[2025-06-20T21:49:20.297Z] [DEBUG] MongoDB connection closed
[2025-06-20T21:49:20.315Z] [INFO] Found 0 reports to execute in company_9jxwph8g
[2025-06-20T21:49:20.315Z] [INFO] Scheduled reports check completed
[2025-06-20T21:49:20.317Z] [DEBUG] MongoDB connection closed
[2025-06-20T21:49:49.469Z] [INFO] Checking for scheduled reports...
[2025-06-20T21:49:49.491Z] [INFO] Checking for scheduled reports...
[2025-06-20T21:49:50.373Z] [DEBUG] Connected to MongoDB
[2025-06-20T21:49:50.425Z] [DEBUG] Connected to MongoDB
[2025-06-20T21:49:50.447Z] [INFO] Found 1 company databases
[2025-06-20T21:49:50.448Z] [DEBUG] Processing company database: company_9jxwph8g
[2025-06-20T21:49:50.498Z] [INFO] Found 1 company databases
[2025-06-20T21:49:50.498Z] [DEBUG] Processing company database: company_9jxwph8g
[2025-06-20T21:49:50.509Z] [DEBUG] Finding reports to execute in company_9jxwph8g (current time: 2025-06-20T21:49:50.509Z)
[2025-06-20T21:49:50.559Z] [DEBUG] Finding reports to execute in company_9jxwph8g (current time: 2025-06-20T21:49:50.559Z)
[2025-06-20T21:49:50.577Z] [INFO] Found 0 reports to execute in company_9jxwph8g
[2025-06-20T21:49:50.577Z] [INFO] Scheduled reports check completed
[2025-06-20T21:49:50.580Z] [DEBUG] MongoDB connection closed
[2025-06-20T21:49:50.616Z] [INFO] Found 0 reports to execute in company_9jxwph8g
[2025-06-20T21:49:50.617Z] [INFO] Scheduled reports check completed
[2025-06-20T21:49:50.620Z] [DEBUG] MongoDB connection closed
Fri Jun 20 16:50:00 CDT 2025: Running scheduled reports
Fri Jun 20 16:50:00 CDT 2025: Checking if NextJS server is running...
/Users/sim/Project2/scripts/../scripts/run-simple-scheduled-reports.sh: line 16: node: command not found
Fri Jun 20 16:50:00 CDT 2025: NextJS server is running. Running scheduled reports check...
/Users/sim/Project2/scripts/../scripts/run-scheduled-reports-cron.sh: line 25: node: command not found
[2025-06-20T21:50:19.470Z] [INFO] Checking for scheduled reports...
[2025-06-20T21:50:19.492Z] [INFO] Checking for scheduled reports...
[2025-06-20T21:50:20.129Z] [DEBUG] Connected to MongoDB
[2025-06-20T21:50:20.131Z] [DEBUG] Connected to MongoDB
[2025-06-20T21:50:20.209Z] [INFO] Found 1 company databases
[2025-06-20T21:50:20.209Z] [INFO] Found 1 company databases
[2025-06-20T21:50:20.210Z] [DEBUG] Processing company database: company_9jxwph8g
[2025-06-20T21:50:20.210Z] [DEBUG] Processing company database: company_9jxwph8g
[2025-06-20T21:50:20.276Z] [DEBUG] Finding reports to execute in company_9jxwph8g (current time: 2025-06-20T21:50:20.276Z)
[2025-06-20T21:50:20.276Z] [DEBUG] Finding reports to execute in company_9jxwph8g (current time: 2025-06-20T21:50:20.276Z)
[2025-06-20T21:50:20.352Z] [INFO] Found 0 reports to execute in company_9jxwph8g
[2025-06-20T21:50:20.352Z] [INFO] Found 0 reports to execute in company_9jxwph8g
[2025-06-20T21:50:20.353Z] [INFO] Scheduled reports check completed
[2025-06-20T21:50:20.353Z] [INFO] Scheduled reports check completed
[2025-06-20T21:50:20.356Z] [DEBUG] MongoDB connection closed
[2025-06-20T21:50:20.357Z] [DEBUG] MongoDB connection closed
[2025-06-20T21:50:49.471Z] [INFO] Checking for scheduled reports...
[2025-06-20T21:50:49.493Z] [INFO] Checking for scheduled reports...
[2025-06-20T21:50:50.458Z] [DEBUG] Connected to MongoDB
[2025-06-20T21:50:50.458Z] [DEBUG] Connected to MongoDB
[2025-06-20T21:50:50.532Z] [INFO] Found 1 company databases
[2025-06-20T21:50:50.532Z] [INFO] Found 1 company databases
[2025-06-20T21:50:50.532Z] [DEBUG] Processing company database: company_9jxwph8g
[2025-06-20T21:50:50.533Z] [DEBUG] Processing company database: company_9jxwph8g
[2025-06-20T21:50:50.597Z] [DEBUG] Finding reports to execute in company_9jxwph8g (current time: 2025-06-20T21:50:50.597Z)
[2025-06-20T21:50:50.597Z] [DEBUG] Finding reports to execute in company_9jxwph8g (current time: 2025-06-20T21:50:50.597Z)
[2025-06-20T21:50:50.658Z] [INFO] Found 0 reports to execute in company_9jxwph8g
[2025-06-20T21:50:50.658Z] [INFO] Found 0 reports to execute in company_9jxwph8g
[2025-06-20T21:50:50.659Z] [INFO] Scheduled reports check completed
[2025-06-20T21:50:50.659Z] [INFO] Scheduled reports check completed
[2025-06-20T21:50:50.661Z] [DEBUG] MongoDB connection closed
[2025-06-20T21:50:50.661Z] [DEBUG] MongoDB connection closed
Fri Jun 20 16:51:00 CDT 2025: Running scheduled reports
Fri Jun 20 16:51:00 CDT 2025: Checking if NextJS server is running...
/Users/sim/Project2/scripts/../scripts/run-simple-scheduled-reports.sh: line 16: node: command not found
Fri Jun 20 16:51:00 CDT 2025: NextJS server is running. Running scheduled reports check...
/Users/sim/Project2/scripts/../scripts/run-scheduled-reports-cron.sh: line 25: node: command not found
[2025-06-20T21:51:19.472Z] [INFO] Checking for scheduled reports...
[2025-06-20T21:51:19.494Z] [INFO] Checking for scheduled reports...
[2025-06-20T21:51:20.087Z] [DEBUG] Connected to MongoDB
[2025-06-20T21:51:20.119Z] [DEBUG] Connected to MongoDB
[2025-06-20T21:51:20.161Z] [INFO] Found 1 company databases
[2025-06-20T21:51:20.162Z] [DEBUG] Processing company database: company_9jxwph8g
[2025-06-20T21:51:20.189Z] [INFO] Found 1 company databases
[2025-06-20T21:51:20.190Z] [DEBUG] Processing company database: company_9jxwph8g
[2025-06-20T21:51:20.233Z] [DEBUG] Finding reports to execute in company_9jxwph8g (current time: 2025-06-20T21:51:20.233Z)
[2025-06-20T21:51:20.249Z] [DEBUG] Finding reports to execute in company_9jxwph8g (current time: 2025-06-20T21:51:20.249Z)
[2025-06-20T21:51:20.297Z] [INFO] Found 0 reports to execute in company_9jxwph8g
[2025-06-20T21:51:20.297Z] [INFO] Scheduled reports check completed
[2025-06-20T21:51:20.299Z] [DEBUG] MongoDB connection closed
[2025-06-20T21:51:20.307Z] [INFO] Found 0 reports to execute in company_9jxwph8g
[2025-06-20T21:51:20.308Z] [INFO] Scheduled reports check completed
[2025-06-20T21:51:20.310Z] [DEBUG] MongoDB connection closed
[2025-06-20T21:51:49.473Z] [INFO] Checking for scheduled reports...
[2025-06-20T21:51:49.496Z] [INFO] Checking for scheduled reports...
[2025-06-20T21:51:50.269Z] [DEBUG] Connected to MongoDB
[2025-06-20T21:51:50.288Z] [DEBUG] Connected to MongoDB
[2025-06-20T21:51:50.338Z] [INFO] Found 1 company databases
[2025-06-20T21:51:50.339Z] [DEBUG] Processing company database: company_9jxwph8g
[2025-06-20T21:51:50.371Z] [INFO] Found 1 company databases
[2025-06-20T21:51:50.371Z] [DEBUG] Processing company database: company_9jxwph8g
[2025-06-20T21:51:50.398Z] [DEBUG] Finding reports to execute in company_9jxwph8g (current time: 2025-06-20T21:51:50.398Z)
[2025-06-20T21:51:50.431Z] [DEBUG] Finding reports to execute in company_9jxwph8g (current time: 2025-06-20T21:51:50.431Z)
[2025-06-20T21:51:50.455Z] [INFO] Found 0 reports to execute in company_9jxwph8g
[2025-06-20T21:51:50.456Z] [INFO] Scheduled reports check completed
[2025-06-20T21:51:50.460Z] [DEBUG] MongoDB connection closed
[2025-06-20T21:51:50.488Z] [INFO] Found 0 reports to execute in company_9jxwph8g
[2025-06-20T21:51:50.489Z] [INFO] Scheduled reports check completed
[2025-06-20T21:51:50.491Z] [DEBUG] MongoDB connection closed
Fri Jun 20 16:52:00 CDT 2025: Checking if NextJS server is running...
Fri Jun 20 16:52:00 CDT 2025: Running scheduled reports
/Users/sim/Project2/scripts/../scripts/run-simple-scheduled-reports.sh: line 16: node: command not found
Fri Jun 20 16:52:00 CDT 2025: NextJS server is running. Running scheduled reports check...
/Users/sim/Project2/scripts/../scripts/run-scheduled-reports-cron.sh: line 25: node: command not found
[2025-06-20T21:52:19.475Z] [INFO] Checking for scheduled reports...
[2025-06-20T21:52:19.496Z] [INFO] Checking for scheduled reports...
[2025-06-20T21:52:20.194Z] [DEBUG] Connected to MongoDB
[2025-06-20T21:52:20.194Z] [DEBUG] Connected to MongoDB
[2025-06-20T21:52:20.271Z] [INFO] Found 1 company databases
[2025-06-20T21:52:20.271Z] [INFO] Found 1 company databases
[2025-06-20T21:52:20.271Z] [DEBUG] Processing company database: company_9jxwph8g
[2025-06-20T21:52:20.272Z] [DEBUG] Processing company database: company_9jxwph8g
[2025-06-20T21:52:20.329Z] [DEBUG] Finding reports to execute in company_9jxwph8g (current time: 2025-06-20T21:52:20.329Z)
[2025-06-20T21:52:20.341Z] [DEBUG] Finding reports to execute in company_9jxwph8g (current time: 2025-06-20T21:52:20.341Z)
[2025-06-20T21:52:20.402Z] [INFO] Found 0 reports to execute in company_9jxwph8g
[2025-06-20T21:52:20.402Z] [INFO] Found 0 reports to execute in company_9jxwph8g
[2025-06-20T21:52:20.402Z] [INFO] Scheduled reports check completed
[2025-06-20T21:52:20.402Z] [INFO] Scheduled reports check completed
[2025-06-20T21:52:20.405Z] [DEBUG] MongoDB connection closed
[2025-06-20T21:52:20.405Z] [DEBUG] MongoDB connection closed
[2025-06-20T21:52:49.474Z] [INFO] Checking for scheduled reports...
[2025-06-20T21:52:49.497Z] [INFO] Checking for scheduled reports...
[2025-06-20T21:52:50.122Z] [DEBUG] Connected to MongoDB
[2025-06-20T21:52:50.144Z] [DEBUG] Connected to MongoDB
[2025-06-20T21:52:50.190Z] [INFO] Found 1 company databases
[2025-06-20T21:52:50.190Z] [DEBUG] Processing company database: company_9jxwph8g
[2025-06-20T21:52:50.217Z] [INFO] Found 1 company databases
[2025-06-20T21:52:50.217Z] [DEBUG] Processing company database: company_9jxwph8g
[2025-06-20T21:52:50.254Z] [DEBUG] Finding reports to execute in company_9jxwph8g (current time: 2025-06-20T21:52:50.254Z)
[2025-06-20T21:52:50.286Z] [DEBUG] Finding reports to execute in company_9jxwph8g (current time: 2025-06-20T21:52:50.286Z)
[2025-06-20T21:52:50.309Z] [INFO] Found 0 reports to execute in company_9jxwph8g
[2025-06-20T21:52:50.310Z] [INFO] Scheduled reports check completed
[2025-06-20T21:52:50.311Z] [DEBUG] MongoDB connection closed
[2025-06-20T21:52:50.349Z] [INFO] Found 0 reports to execute in company_9jxwph8g
[2025-06-20T21:52:50.349Z] [INFO] Scheduled reports check completed
[2025-06-20T21:52:50.351Z] [DEBUG] MongoDB connection closed
Fri Jun 20 16:53:00 CDT 2025: Running scheduled reports
Fri Jun 20 16:53:00 CDT 2025: Checking if NextJS server is running...
/Users/sim/Project2/scripts/../scripts/run-simple-scheduled-reports.sh: line 16: node: command not found
Fri Jun 20 16:53:00 CDT 2025: NextJS server is running. Running scheduled reports check...
/Users/sim/Project2/scripts/../scripts/run-scheduled-reports-cron.sh: line 25: node: command not found
[2025-06-20T21:53:19.476Z] [INFO] Checking for scheduled reports...
[2025-06-20T21:53:19.496Z] [INFO] Checking for scheduled reports...
[2025-06-20T21:53:20.238Z] [DEBUG] Connected to MongoDB
[2025-06-20T21:53:20.301Z] [DEBUG] Connected to MongoDB
[2025-06-20T21:53:20.305Z] [INFO] Found 1 company databases
[2025-06-20T21:53:20.305Z] [DEBUG] Processing company database: company_9jxwph8g
[2025-06-20T21:53:20.363Z] [DEBUG] Finding reports to execute in company_9jxwph8g (current time: 2025-06-20T21:53:20.363Z)
[2025-06-20T21:53:20.375Z] [INFO] Found 1 company databases
[2025-06-20T21:53:20.375Z] [DEBUG] Processing company database: company_9jxwph8g
[2025-06-20T21:53:20.429Z] [INFO] Found 0 reports to execute in company_9jxwph8g
[2025-06-20T21:53:20.429Z] [INFO] Scheduled reports check completed
[2025-06-20T21:53:20.430Z] [DEBUG] MongoDB connection closed
[2025-06-20T21:53:20.437Z] [DEBUG] Finding reports to execute in company_9jxwph8g (current time: 2025-06-20T21:53:20.437Z)
[2025-06-20T21:53:20.495Z] [INFO] Found 0 reports to execute in company_9jxwph8g
[2025-06-20T21:53:20.496Z] [INFO] Scheduled reports check completed
[2025-06-20T21:53:20.498Z] [DEBUG] MongoDB connection closed
[2025-06-20T21:53:49.477Z] [INFO] Checking for scheduled reports...
[2025-06-20T21:53:49.498Z] [INFO] Checking for scheduled reports...
[2025-06-20T21:53:50.197Z] [DEBUG] Connected to MongoDB
[2025-06-20T21:53:50.207Z] [DEBUG] Connected to MongoDB
[2025-06-20T21:53:50.270Z] [INFO] Found 1 company databases
[2025-06-20T21:53:50.270Z] [DEBUG] Processing company database: company_9jxwph8g
[2025-06-20T21:53:50.283Z] [INFO] Found 1 company databases
[2025-06-20T21:53:50.284Z] [DEBUG] Processing company database: company_9jxwph8g
[2025-06-20T21:53:50.332Z] [DEBUG] Finding reports to execute in company_9jxwph8g (current time: 2025-06-20T21:53:50.332Z)
[2025-06-20T21:53:50.344Z] [DEBUG] Finding reports to execute in company_9jxwph8g (current time: 2025-06-20T21:53:50.344Z)
[2025-06-20T21:53:50.402Z] [INFO] Found 0 reports to execute in company_9jxwph8g
[2025-06-20T21:53:50.402Z] [INFO] Scheduled reports check completed
[2025-06-20T21:53:50.404Z] [DEBUG] MongoDB connection closed
[2025-06-20T21:53:50.483Z] [INFO] Found 0 reports to execute in company_9jxwph8g
[2025-06-20T21:53:50.483Z] [INFO] Scheduled reports check completed
[2025-06-20T21:53:50.485Z] [DEBUG] MongoDB connection closed
Fri Jun 20 16:54:00 CDT 2025: Checking if NextJS server is running...
Fri Jun 20 16:54:00 CDT 2025: Running scheduled reports
/Users/sim/Project2/scripts/../scripts/run-simple-scheduled-reports.sh: line 16: node: command not found
Fri Jun 20 16:54:00 CDT 2025: NextJS server is running. Running scheduled reports check...
/Users/sim/Project2/scripts/../scripts/run-scheduled-reports-cron.sh: line 25: node: command not found
[2025-06-20T21:54:19.479Z] [INFO] Checking for scheduled reports...
[2025-06-20T21:54:19.499Z] [INFO] Checking for scheduled reports...
[2025-06-20T21:54:20.124Z] [DEBUG] Connected to MongoDB
[2025-06-20T21:54:20.150Z] [DEBUG] Connected to MongoDB
[2025-06-20T21:54:20.204Z] [INFO] Found 1 company databases
[2025-06-20T21:54:20.204Z] [DEBUG] Processing company database: company_9jxwph8g
[2025-06-20T21:54:20.222Z] [INFO] Found 1 company databases
[2025-06-20T21:54:20.222Z] [DEBUG] Processing company database: company_9jxwph8g
[2025-06-20T21:54:20.265Z] [DEBUG] Finding reports to execute in company_9jxwph8g (current time: 2025-06-20T21:54:20.265Z)
[2025-06-20T21:54:20.281Z] [DEBUG] Finding reports to execute in company_9jxwph8g (current time: 2025-06-20T21:54:20.280Z)
[2025-06-20T21:54:20.324Z] [INFO] Found 0 reports to execute in company_9jxwph8g
[2025-06-20T21:54:20.325Z] [INFO] Scheduled reports check completed
[2025-06-20T21:54:20.327Z] [DEBUG] MongoDB connection closed
[2025-06-20T21:54:20.349Z] [INFO] Found 0 reports to execute in company_9jxwph8g
[2025-06-20T21:54:20.350Z] [INFO] Scheduled reports check completed
[2025-06-20T21:54:20.352Z] [DEBUG] MongoDB connection closed
[2025-06-20T21:54:49.480Z] [INFO] Checking for scheduled reports...
[2025-06-20T21:54:49.499Z] [INFO] Checking for scheduled reports...
[2025-06-20T21:54:50.133Z] [DEBUG] Connected to MongoDB
[2025-06-20T21:54:50.133Z] [DEBUG] Connected to MongoDB
[2025-06-20T21:54:50.209Z] [INFO] Found 1 company databases
[2025-06-20T21:54:50.209Z] [INFO] Found 1 company databases
[2025-06-20T21:54:50.209Z] [DEBUG] Processing company database: company_9jxwph8g
[2025-06-20T21:54:50.209Z] [DEBUG] Processing company database: company_9jxwph8g
[2025-06-20T21:54:50.272Z] [DEBUG] Finding reports to execute in company_9jxwph8g (current time: 2025-06-20T21:54:50.272Z)
[2025-06-20T21:54:50.273Z] [DEBUG] Finding reports to execute in company_9jxwph8g (current time: 2025-06-20T21:54:50.273Z)
[2025-06-20T21:54:50.332Z] [INFO] Found 0 reports to execute in company_9jxwph8g
[2025-06-20T21:54:50.332Z] [INFO] Found 0 reports to execute in company_9jxwph8g
[2025-06-20T21:54:50.332Z] [INFO] Scheduled reports check completed
[2025-06-20T21:54:50.333Z] [INFO] Scheduled reports check completed
[2025-06-20T21:54:50.335Z] [DEBUG] MongoDB connection closed
[2025-06-20T21:54:50.336Z] [DEBUG] MongoDB connection closed
Fri Jun 20 16:55:01 CDT 2025: Running scheduled reports
Fri Jun 20 16:55:01 CDT 2025: Checking if NextJS server is running...
/Users/sim/Project2/scripts/../scripts/run-simple-scheduled-reports.sh: line 16: node: command not found
Fri Jun 20 16:55:01 CDT 2025: NextJS server is running. Running scheduled reports check...
/Users/sim/Project2/scripts/../scripts/run-scheduled-reports-cron.sh: line 25: node: command not found
[2025-06-20T21:55:19.481Z] [INFO] Checking for scheduled reports...
[2025-06-20T21:55:19.499Z] [INFO] Checking for scheduled reports...
[2025-06-20T21:55:20.204Z] [DEBUG] Connected to MongoDB
[2025-06-20T21:55:20.216Z] [DEBUG] Connected to MongoDB
[2025-06-20T21:55:20.273Z] [INFO] Found 1 company databases
[2025-06-20T21:55:20.274Z] [DEBUG] Processing company database: company_9jxwph8g
[2025-06-20T21:55:20.287Z] [INFO] Found 1 company databases
[2025-06-20T21:55:20.288Z] [DEBUG] Processing company database: company_9jxwph8g
[2025-06-20T21:55:20.336Z] [DEBUG] Finding reports to execute in company_9jxwph8g (current time: 2025-06-20T21:55:20.336Z)
[2025-06-20T21:55:20.350Z] [DEBUG] Finding reports to execute in company_9jxwph8g (current time: 2025-06-20T21:55:20.350Z)
[2025-06-20T21:55:20.395Z] [INFO] Found 0 reports to execute in company_9jxwph8g
[2025-06-20T21:55:20.396Z] [INFO] Scheduled reports check completed
[2025-06-20T21:55:20.399Z] [DEBUG] MongoDB connection closed
[2025-06-20T21:55:20.410Z] [INFO] Found 0 reports to execute in company_9jxwph8g
[2025-06-20T21:55:20.411Z] [INFO] Scheduled reports check completed
[2025-06-20T21:55:20.413Z] [DEBUG] MongoDB connection closed
[2025-06-20T21:55:49.483Z] [INFO] Checking for scheduled reports...
[2025-06-20T21:55:49.499Z] [INFO] Checking for scheduled reports...
[2025-06-20T21:55:50.276Z] [DEBUG] Connected to MongoDB
[2025-06-20T21:55:50.276Z] [DEBUG] Connected to MongoDB
[2025-06-20T21:55:50.345Z] [INFO] Found 1 company databases
[2025-06-20T21:55:50.345Z] [INFO] Found 1 company databases
[2025-06-20T21:55:50.345Z] [DEBUG] Processing company database: company_9jxwph8g
[2025-06-20T21:55:50.345Z] [DEBUG] Processing company database: company_9jxwph8g
[2025-06-20T21:55:50.412Z] [DEBUG] Finding reports to execute in company_9jxwph8g (current time: 2025-06-20T21:55:50.412Z)
[2025-06-20T21:55:50.412Z] [DEBUG] Finding reports to execute in company_9jxwph8g (current time: 2025-06-20T21:55:50.412Z)
[2025-06-20T21:55:50.470Z] [INFO] Found 0 reports to execute in company_9jxwph8g
[2025-06-20T21:55:50.470Z] [INFO] Found 0 reports to execute in company_9jxwph8g
[2025-06-20T21:55:50.471Z] [INFO] Scheduled reports check completed
[2025-06-20T21:55:50.471Z] [INFO] Scheduled reports check completed
[2025-06-20T21:55:50.473Z] [DEBUG] MongoDB connection closed
[2025-06-20T21:55:50.474Z] [DEBUG] MongoDB connection closed
Fri Jun 20 16:56:00 CDT 2025: Checking if NextJS server is running...
Fri Jun 20 16:56:00 CDT 2025: Running scheduled reports
/Users/sim/Project2/scripts/../scripts/run-simple-scheduled-reports.sh: line 16: node: command not found
Fri Jun 20 16:56:00 CDT 2025: NextJS server is running. Running scheduled reports check...
/Users/sim/Project2/scripts/../scripts/run-scheduled-reports-cron.sh: line 25: node: command not found
[2025-06-20T21:56:19.483Z] [INFO] Checking for scheduled reports...
[2025-06-20T21:56:19.500Z] [INFO] Checking for scheduled reports...
[2025-06-20T21:56:20.185Z] [DEBUG] Connected to MongoDB
[2025-06-20T21:56:20.185Z] [DEBUG] Connected to MongoDB
[2025-06-20T21:56:20.253Z] [INFO] Found 1 company databases
[2025-06-20T21:56:20.254Z] [INFO] Found 1 company databases
[2025-06-20T21:56:20.254Z] [DEBUG] Processing company database: company_9jxwph8g
[2025-06-20T21:56:20.255Z] [DEBUG] Processing company database: company_9jxwph8g
[2025-06-20T21:56:20.316Z] [DEBUG] Finding reports to execute in company_9jxwph8g (current time: 2025-06-20T21:56:20.316Z)
[2025-06-20T21:56:20.316Z] [DEBUG] Finding reports to execute in company_9jxwph8g (current time: 2025-06-20T21:56:20.316Z)
[2025-06-20T21:56:20.379Z] [INFO] Found 0 reports to execute in company_9jxwph8g
[2025-06-20T21:56:20.379Z] [INFO] Found 0 reports to execute in company_9jxwph8g
[2025-06-20T21:56:20.380Z] [INFO] Scheduled reports check completed
[2025-06-20T21:56:20.380Z] [INFO] Scheduled reports check completed
[2025-06-20T21:56:20.384Z] [DEBUG] MongoDB connection closed
[2025-06-20T21:56:20.384Z] [DEBUG] MongoDB connection closed
[2025-06-20T21:56:49.483Z] [INFO] Checking for scheduled reports...
[2025-06-20T21:56:49.500Z] [INFO] Checking for scheduled reports...
[2025-06-20T21:56:50.220Z] [DEBUG] Connected to MongoDB
[2025-06-20T21:56:50.255Z] [DEBUG] Connected to MongoDB
[2025-06-20T21:56:50.290Z] [INFO] Found 1 company databases
[2025-06-20T21:56:50.291Z] [DEBUG] Processing company database: company_9jxwph8g
[2025-06-20T21:56:50.325Z] [INFO] Found 1 company databases
[2025-06-20T21:56:50.326Z] [DEBUG] Processing company database: company_9jxwph8g
[2025-06-20T21:56:50.349Z] [DEBUG] Finding reports to execute in company_9jxwph8g (current time: 2025-06-20T21:56:50.349Z)
[2025-06-20T21:56:50.391Z] [DEBUG] Finding reports to execute in company_9jxwph8g (current time: 2025-06-20T21:56:50.391Z)
[2025-06-20T21:56:50.409Z] [INFO] Found 0 reports to execute in company_9jxwph8g
[2025-06-20T21:56:50.410Z] [INFO] Scheduled reports check completed
[2025-06-20T21:56:50.412Z] [DEBUG] MongoDB connection closed
[2025-06-20T21:56:50.450Z] [INFO] Found 0 reports to execute in company_9jxwph8g
[2025-06-20T21:56:50.451Z] [INFO] Scheduled reports check completed
[2025-06-20T21:56:50.454Z] [DEBUG] MongoDB connection closed
Fri Jun 20 16:57:00 CDT 2025: Checking if NextJS server is running...
Fri Jun 20 16:57:00 CDT 2025: Running scheduled reports
/Users/sim/Project2/scripts/../scripts/run-simple-scheduled-reports.sh: line 16: node: command not found
Fri Jun 20 16:57:00 CDT 2025: NextJS server is running. Running scheduled reports check...
/Users/sim/Project2/scripts/../scripts/run-scheduled-reports-cron.sh: line 25: node: command not found
[2025-06-20T21:57:19.484Z] [INFO] Checking for scheduled reports...
[2025-06-20T21:57:19.503Z] [INFO] Checking for scheduled reports...
[2025-06-20T21:57:20.165Z] [DEBUG] Connected to MongoDB
[2025-06-20T21:57:20.175Z] [DEBUG] Connected to MongoDB
[2025-06-20T21:57:20.246Z] [INFO] Found 1 company databases
[2025-06-20T21:57:20.246Z] [INFO] Found 1 company databases
[2025-06-20T21:57:20.247Z] [DEBUG] Processing company database: company_9jxwph8g
[2025-06-20T21:57:20.247Z] [DEBUG] Processing company database: company_9jxwph8g
[2025-06-20T21:57:20.312Z] [DEBUG] Finding reports to execute in company_9jxwph8g (current time: 2025-06-20T21:57:20.312Z)
[2025-06-20T21:57:20.313Z] [DEBUG] Finding reports to execute in company_9jxwph8g (current time: 2025-06-20T21:57:20.313Z)
[2025-06-20T21:57:20.370Z] [INFO] Found 0 reports to execute in company_9jxwph8g
[2025-06-20T21:57:20.370Z] [INFO] Found 0 reports to execute in company_9jxwph8g
[2025-06-20T21:57:20.370Z] [INFO] Scheduled reports check completed
[2025-06-20T21:57:20.370Z] [INFO] Scheduled reports check completed
[2025-06-20T21:57:20.372Z] [DEBUG] MongoDB connection closed
[2025-06-20T21:57:20.372Z] [DEBUG] MongoDB connection closed
[2025-06-20T21:57:49.485Z] [INFO] Checking for scheduled reports...
[2025-06-20T21:57:49.505Z] [INFO] Checking for scheduled reports...
[2025-06-20T21:57:50.119Z] [DEBUG] Connected to MongoDB
[2025-06-20T21:57:50.127Z] [DEBUG] Connected to MongoDB
[2025-06-20T21:57:50.193Z] [INFO] Found 1 company databases
[2025-06-20T21:57:50.194Z] [DEBUG] Processing company database: company_9jxwph8g
[2025-06-20T21:57:50.202Z] [INFO] Found 1 company databases
[2025-06-20T21:57:50.203Z] [DEBUG] Processing company database: company_9jxwph8g
[2025-06-20T21:57:50.255Z] [DEBUG] Finding reports to execute in company_9jxwph8g (current time: 2025-06-20T21:57:50.255Z)
[2025-06-20T21:57:50.263Z] [DEBUG] Finding reports to execute in company_9jxwph8g (current time: 2025-06-20T21:57:50.262Z)
[2025-06-20T21:57:50.314Z] [INFO] Found 0 reports to execute in company_9jxwph8g
[2025-06-20T21:57:50.314Z] [INFO] Scheduled reports check completed
[2025-06-20T21:57:50.316Z] [DEBUG] MongoDB connection closed
[2025-06-20T21:57:50.331Z] [INFO] Found 0 reports to execute in company_9jxwph8g
[2025-06-20T21:57:50.332Z] [INFO] Scheduled reports check completed
[2025-06-20T21:57:50.334Z] [DEBUG] MongoDB connection closed
Fri Jun 20 16:58:00 CDT 2025: Running scheduled reports
Fri Jun 20 16:58:00 CDT 2025: Checking if NextJS server is running...
/Users/sim/Project2/scripts/../scripts/run-simple-scheduled-reports.sh: line 16: node: command not found
Fri Jun 20 16:58:00 CDT 2025: NextJS server is running. Running scheduled reports check...
/Users/sim/Project2/scripts/../scripts/run-scheduled-reports-cron.sh: line 25: node: command not found
[2025-06-20T21:58:19.486Z] [INFO] Checking for scheduled reports...
[2025-06-20T21:58:19.506Z] [INFO] Checking for scheduled reports...
[2025-06-20T21:58:20.149Z] [DEBUG] Connected to MongoDB
[2025-06-20T21:58:20.176Z] [DEBUG] Connected to MongoDB
[2025-06-20T21:58:20.222Z] [INFO] Found 1 company databases
[2025-06-20T21:58:20.223Z] [DEBUG] Processing company database: company_9jxwph8g
[2025-06-20T21:58:20.252Z] [INFO] Found 1 company databases
[2025-06-20T21:58:20.253Z] [DEBUG] Processing company database: company_9jxwph8g
[2025-06-20T21:58:20.280Z] [DEBUG] Finding reports to execute in company_9jxwph8g (current time: 2025-06-20T21:58:20.280Z)
[2025-06-20T21:58:20.312Z] [DEBUG] Finding reports to execute in company_9jxwph8g (current time: 2025-06-20T21:58:20.312Z)
[2025-06-20T21:58:20.338Z] [INFO] Found 0 reports to execute in company_9jxwph8g
[2025-06-20T21:58:20.338Z] [INFO] Scheduled reports check completed
[2025-06-20T21:58:20.340Z] [DEBUG] MongoDB connection closed
[2025-06-20T21:58:20.371Z] [INFO] Found 0 reports to execute in company_9jxwph8g
[2025-06-20T21:58:20.371Z] [INFO] Scheduled reports check completed
[2025-06-20T21:58:20.373Z] [DEBUG] MongoDB connection closed
[2025-06-20T21:58:49.486Z] [INFO] Checking for scheduled reports...
[2025-06-20T21:58:49.506Z] [INFO] Checking for scheduled reports...
[2025-06-20T21:58:50.110Z] [DEBUG] Connected to MongoDB
[2025-06-20T21:58:50.127Z] [DEBUG] Connected to MongoDB
[2025-06-20T21:58:50.180Z] [INFO] Found 1 company databases
[2025-06-20T21:58:50.181Z] [DEBUG] Processing company database: company_9jxwph8g
[2025-06-20T21:58:50.194Z] [INFO] Found 1 company databases
[2025-06-20T21:58:50.195Z] [DEBUG] Processing company database: company_9jxwph8g
[2025-06-20T21:58:50.239Z] [DEBUG] Finding reports to execute in company_9jxwph8g (current time: 2025-06-20T21:58:50.239Z)
[2025-06-20T21:58:50.254Z] [DEBUG] Finding reports to execute in company_9jxwph8g (current time: 2025-06-20T21:58:50.254Z)
[2025-06-20T21:58:50.297Z] [INFO] Found 0 reports to execute in company_9jxwph8g
[2025-06-20T21:58:50.297Z] [INFO] Scheduled reports check completed
[2025-06-20T21:58:50.299Z] [DEBUG] MongoDB connection closed
[2025-06-20T21:58:50.322Z] [INFO] Found 0 reports to execute in company_9jxwph8g
[2025-06-20T21:58:50.322Z] [INFO] Scheduled reports check completed
[2025-06-20T21:58:50.325Z] [DEBUG] MongoDB connection closed
Fri Jun 20 16:59:00 CDT 2025: Running scheduled reports
Fri Jun 20 16:59:00 CDT 2025: Checking if NextJS server is running...
/Users/sim/Project2/scripts/../scripts/run-simple-scheduled-reports.sh: line 16: node: command not found
Fri Jun 20 16:59:00 CDT 2025: NextJS server is running. Running scheduled reports check...
/Users/sim/Project2/scripts/../scripts/run-scheduled-reports-cron.sh: line 25: node: command not found
[2025-06-20T21:59:19.487Z] [INFO] Checking for scheduled reports...
[2025-06-20T21:59:19.507Z] [INFO] Checking for scheduled reports...
[2025-06-20T21:59:20.176Z] [DEBUG] Connected to MongoDB
[2025-06-20T21:59:20.227Z] [DEBUG] Connected to MongoDB
[2025-06-20T21:59:20.248Z] [INFO] Found 1 company databases
[2025-06-20T21:59:20.249Z] [DEBUG] Processing company database: company_9jxwph8g
[2025-06-20T21:59:20.300Z] [INFO] Found 1 company databases
[2025-06-20T21:59:20.301Z] [DEBUG] Processing company database: company_9jxwph8g
[2025-06-20T21:59:20.307Z] [DEBUG] Finding reports to execute in company_9jxwph8g (current time: 2025-06-20T21:59:20.307Z)
[2025-06-20T21:59:20.357Z] [DEBUG] Finding reports to execute in company_9jxwph8g (current time: 2025-06-20T21:59:20.357Z)
[2025-06-20T21:59:20.367Z] [INFO] Found 0 reports to execute in company_9jxwph8g
[2025-06-20T21:59:20.367Z] [INFO] Scheduled reports check completed
[2025-06-20T21:59:20.369Z] [DEBUG] MongoDB connection closed
[2025-06-20T21:59:20.421Z] [INFO] Found 0 reports to execute in company_9jxwph8g
[2025-06-20T21:59:20.422Z] [INFO] Scheduled reports check completed
[2025-06-20T21:59:20.423Z] [DEBUG] MongoDB connection closed
[2025-06-20T21:59:49.489Z] [INFO] Checking for scheduled reports...
[2025-06-20T21:59:49.508Z] [INFO] Checking for scheduled reports...
[2025-06-20T21:59:50.481Z] [DEBUG] Connected to MongoDB
[2025-06-20T21:59:50.513Z] [DEBUG] Connected to MongoDB
[2025-06-20T21:59:50.558Z] [INFO] Found 1 company databases
[2025-06-20T21:59:50.558Z] [DEBUG] Processing company database: company_9jxwph8g
[2025-06-20T21:59:50.593Z] [INFO] Found 1 company databases
[2025-06-20T21:59:50.594Z] [DEBUG] Processing company database: company_9jxwph8g
[2025-06-20T21:59:50.640Z] [DEBUG] Finding reports to execute in company_9jxwph8g (current time: 2025-06-20T21:59:50.640Z)
[2025-06-20T21:59:50.683Z] [DEBUG] Finding reports to execute in company_9jxwph8g (current time: 2025-06-20T21:59:50.683Z)
[2025-06-20T21:59:50.740Z] [INFO] Found 0 reports to execute in company_9jxwph8g
[2025-06-20T21:59:50.740Z] [INFO] Scheduled reports check completed
[2025-06-20T21:59:50.742Z] [DEBUG] MongoDB connection closed
[2025-06-20T21:59:50.788Z] [INFO] Found 0 reports to execute in company_9jxwph8g
[2025-06-20T21:59:50.788Z] [INFO] Scheduled reports check completed
[2025-06-20T21:59:50.790Z] [DEBUG] MongoDB connection closed
Fri Jun 20 17:00:00 CDT 2025: Checking if NextJS server is running...
Fri Jun 20 17:00:00 CDT 2025: Running scheduled reports
/Users/sim/Project2/scripts/../scripts/run-simple-scheduled-reports.sh: line 16: node: command not found
Fri Jun 20 17:00:01 CDT 2025: NextJS server is running. Running scheduled reports check...
/Users/sim/Project2/scripts/../scripts/run-scheduled-reports-cron.sh: line 25: node: command not found
[2025-06-20T22:00:19.490Z] [INFO] Checking for scheduled reports...
[2025-06-20T22:00:19.509Z] [INFO] Checking for scheduled reports...
[2025-06-20T22:00:22.632Z] [DEBUG] Connected to MongoDB
[2025-06-20T22:00:23.059Z] [INFO] Found 1 company databases
[2025-06-20T22:00:23.060Z] [DEBUG] Processing company database: company_9jxwph8g
[2025-06-20T22:00:23.169Z] [DEBUG] Finding reports to execute in company_9jxwph8g (current time: 2025-06-20T22:00:23.169Z)
[2025-06-20T22:00:23.229Z] [INFO] Found 0 reports to execute in company_9jxwph8g
[2025-06-20T22:00:23.230Z] [INFO] Scheduled reports check completed
[2025-06-20T22:00:23.232Z] [DEBUG] MongoDB connection closed
[2025-06-20T22:00:23.301Z] [DEBUG] Connected to MongoDB
[2025-06-20T22:00:23.381Z] [INFO] Found 1 company databases
[2025-06-20T22:00:23.382Z] [DEBUG] Processing company database: company_9jxwph8g
[2025-06-20T22:00:23.441Z] [DEBUG] Finding reports to execute in company_9jxwph8g (current time: 2025-06-20T22:00:23.441Z)
[2025-06-20T22:00:23.503Z] [INFO] Found 0 reports to execute in company_9jxwph8g
[2025-06-20T22:00:23.504Z] [INFO] Scheduled reports check completed
[2025-06-20T22:00:23.506Z] [DEBUG] MongoDB connection closed
[2025-06-20T22:00:49.491Z] [INFO] Checking for scheduled reports...
[2025-06-20T22:00:49.511Z] [INFO] Checking for scheduled reports...
[2025-06-20T22:00:50.238Z] [DEBUG] Connected to MongoDB
[2025-06-20T22:00:50.308Z] [DEBUG] Connected to MongoDB
[2025-06-20T22:00:50.319Z] [INFO] Found 1 company databases
[2025-06-20T22:00:50.320Z] [DEBUG] Processing company database: company_9jxwph8g
[2025-06-20T22:00:50.398Z] [DEBUG] Finding reports to execute in company_9jxwph8g (current time: 2025-06-20T22:00:50.398Z)
[2025-06-20T22:00:50.400Z] [INFO] Found 1 company databases
[2025-06-20T22:00:50.400Z] [DEBUG] Processing company database: company_9jxwph8g
[2025-06-20T22:00:50.458Z] [INFO] Found 0 reports to execute in company_9jxwph8g
[2025-06-20T22:00:50.458Z] [DEBUG] Finding reports to execute in company_9jxwph8g (current time: 2025-06-20T22:00:50.458Z)
[2025-06-20T22:00:50.459Z] [INFO] Scheduled reports check completed
[2025-06-20T22:00:50.462Z] [DEBUG] MongoDB connection closed
[2025-06-20T22:00:50.526Z] [INFO] Found 0 reports to execute in company_9jxwph8g
[2025-06-20T22:00:50.527Z] [INFO] Scheduled reports check completed
[2025-06-20T22:00:50.530Z] [DEBUG] MongoDB connection closed
Fri Jun 20 17:01:00 CDT 2025: Checking if NextJS server is running...
Fri Jun 20 17:01:00 CDT 2025: Running scheduled reports
/Users/sim/Project2/scripts/../scripts/run-simple-scheduled-reports.sh: line 16: node: command not found
Fri Jun 20 17:01:00 CDT 2025: NextJS server is running. Running scheduled reports check...
/Users/sim/Project2/scripts/../scripts/run-scheduled-reports-cron.sh: line 25: node: command not found
[2025-06-20T22:01:19.493Z] [INFO] Checking for scheduled reports...
[2025-06-20T22:01:19.513Z] [INFO] Checking for scheduled reports...
[2025-06-20T22:01:22.058Z] [DEBUG] Connected to MongoDB
[2025-06-20T22:01:22.058Z] [DEBUG] Connected to MongoDB
[2025-06-20T22:01:22.182Z] [INFO] Found 1 company databases
[2025-06-20T22:01:22.183Z] [INFO] Found 1 company databases
[2025-06-20T22:01:22.183Z] [DEBUG] Processing company database: company_9jxwph8g
[2025-06-20T22:01:22.183Z] [DEBUG] Processing company database: company_9jxwph8g
[2025-06-20T22:01:22.295Z] [DEBUG] Finding reports to execute in company_9jxwph8g (current time: 2025-06-20T22:01:22.294Z)
[2025-06-20T22:01:22.296Z] [DEBUG] Finding reports to execute in company_9jxwph8g (current time: 2025-06-20T22:01:22.296Z)
[2025-06-20T22:01:22.371Z] [INFO] Found 0 reports to execute in company_9jxwph8g
[2025-06-20T22:01:22.372Z] [INFO] Scheduled reports check completed
[2025-06-20T22:01:22.372Z] [INFO] Found 0 reports to execute in company_9jxwph8g
[2025-06-20T22:01:22.373Z] [INFO] Scheduled reports check completed
[2025-06-20T22:01:22.376Z] [DEBUG] MongoDB connection closed
[2025-06-20T22:01:22.377Z] [DEBUG] MongoDB connection closed
[2025-06-20T22:01:49.493Z] [INFO] Checking for scheduled reports...
[2025-06-20T22:01:49.514Z] [INFO] Checking for scheduled reports...
[2025-06-20T22:01:50.267Z] [DEBUG] Connected to MongoDB
[2025-06-20T22:01:50.267Z] [DEBUG] Connected to MongoDB
[2025-06-20T22:01:50.344Z] [INFO] Found 1 company databases
[2025-06-20T22:01:50.345Z] [INFO] Found 1 company databases
[2025-06-20T22:01:50.345Z] [DEBUG] Processing company database: company_9jxwph8g
[2025-06-20T22:01:50.346Z] [DEBUG] Processing company database: company_9jxwph8g
[2025-06-20T22:01:50.407Z] [DEBUG] Finding reports to execute in company_9jxwph8g (current time: 2025-06-20T22:01:50.407Z)
[2025-06-20T22:01:50.407Z] [DEBUG] Finding reports to execute in company_9jxwph8g (current time: 2025-06-20T22:01:50.407Z)
[2025-06-20T22:01:50.466Z] [INFO] Found 0 reports to execute in company_9jxwph8g
[2025-06-20T22:01:50.466Z] [INFO] Found 0 reports to execute in company_9jxwph8g
[2025-06-20T22:01:50.467Z] [INFO] Scheduled reports check completed
[2025-06-20T22:01:50.467Z] [INFO] Scheduled reports check completed
[2025-06-20T22:01:50.470Z] [DEBUG] MongoDB connection closed
[2025-06-20T22:01:50.471Z] [DEBUG] MongoDB connection closed
Fri Jun 20 17:02:00 CDT 2025: Checking if NextJS server is running...
Fri Jun 20 17:02:00 CDT 2025: Running scheduled reports
/Users/sim/Project2/scripts/../scripts/run-simple-scheduled-reports.sh: line 16: node: command not found
Fri Jun 20 17:02:00 CDT 2025: NextJS server is running. Running scheduled reports check...
/Users/sim/Project2/scripts/../scripts/run-scheduled-reports-cron.sh: line 25: node: command not found
[2025-06-20T22:02:19.494Z] [INFO] Checking for scheduled reports...
[2025-06-20T22:02:19.515Z] [INFO] Checking for scheduled reports...
[2025-06-20T22:02:20.187Z] [DEBUG] Connected to MongoDB
[2025-06-20T22:02:20.244Z] [DEBUG] Connected to MongoDB
[2025-06-20T22:02:20.261Z] [INFO] Found 1 company databases
[2025-06-20T22:02:20.262Z] [DEBUG] Processing company database: company_9jxwph8g
[2025-06-20T22:02:20.316Z] [INFO] Found 1 company databases
[2025-06-20T22:02:20.317Z] [DEBUG] Processing company database: company_9jxwph8g
[2025-06-20T22:02:20.325Z] [DEBUG] Finding reports to execute in company_9jxwph8g (current time: 2025-06-20T22:02:20.325Z)
[2025-06-20T22:02:20.377Z] [DEBUG] Finding reports to execute in company_9jxwph8g (current time: 2025-06-20T22:02:20.377Z)
[2025-06-20T22:02:20.406Z] [INFO] Found 0 reports to execute in company_9jxwph8g
[2025-06-20T22:02:20.406Z] [INFO] Scheduled reports check completed
[2025-06-20T22:02:20.411Z] [DEBUG] MongoDB connection closed
[2025-06-20T22:02:20.454Z] [INFO] Found 0 reports to execute in company_9jxwph8g
[2025-06-20T22:02:20.454Z] [INFO] Scheduled reports check completed
[2025-06-20T22:02:20.455Z] [DEBUG] MongoDB connection closed
[2025-06-20T22:02:49.495Z] [INFO] Checking for scheduled reports...
[2025-06-20T22:02:49.516Z] [INFO] Checking for scheduled reports...
[2025-06-20T22:02:50.182Z] [DEBUG] Connected to MongoDB
[2025-06-20T22:02:50.182Z] [DEBUG] Connected to MongoDB
[2025-06-20T22:02:50.265Z] [INFO] Found 1 company databases
[2025-06-20T22:02:50.265Z] [INFO] Found 1 company databases
[2025-06-20T22:02:50.265Z] [DEBUG] Processing company database: company_9jxwph8g
[2025-06-20T22:02:50.265Z] [DEBUG] Processing company database: company_9jxwph8g
[2025-06-20T22:02:50.330Z] [DEBUG] Finding reports to execute in company_9jxwph8g (current time: 2025-06-20T22:02:50.330Z)
[2025-06-20T22:02:50.331Z] [DEBUG] Finding reports to execute in company_9jxwph8g (current time: 2025-06-20T22:02:50.331Z)
[2025-06-20T22:02:50.390Z] [INFO] Found 0 reports to execute in company_9jxwph8g
[2025-06-20T22:02:50.390Z] [INFO] Found 0 reports to execute in company_9jxwph8g
[2025-06-20T22:02:50.390Z] [INFO] Scheduled reports check completed
[2025-06-20T22:02:50.390Z] [INFO] Scheduled reports check completed
[2025-06-20T22:02:50.393Z] [DEBUG] MongoDB connection closed
[2025-06-20T22:02:50.394Z] [DEBUG] MongoDB connection closed
Fri Jun 20 17:03:00 CDT 2025: Running scheduled reports
Fri Jun 20 17:03:00 CDT 2025: Checking if NextJS server is running...
/Users/sim/Project2/scripts/../scripts/run-simple-scheduled-reports.sh: line 16: node: command not found
Fri Jun 20 17:03:00 CDT 2025: NextJS server is running. Running scheduled reports check...
/Users/sim/Project2/scripts/../scripts/run-scheduled-reports-cron.sh: line 25: node: command not found
[2025-06-20T22:03:19.496Z] [INFO] Checking for scheduled reports...
[2025-06-20T22:03:19.516Z] [INFO] Checking for scheduled reports...
[2025-06-20T22:03:20.197Z] [DEBUG] Connected to MongoDB
[2025-06-20T22:03:20.202Z] [DEBUG] Connected to MongoDB
[2025-06-20T22:03:20.272Z] [INFO] Found 1 company databases
[2025-06-20T22:03:20.272Z] [INFO] Found 1 company databases
[2025-06-20T22:03:20.273Z] [DEBUG] Processing company database: company_9jxwph8g
[2025-06-20T22:03:20.273Z] [DEBUG] Processing company database: company_9jxwph8g
[2025-06-20T22:03:20.336Z] [DEBUG] Finding reports to execute in company_9jxwph8g (current time: 2025-06-20T22:03:20.336Z)
[2025-06-20T22:03:20.337Z] [DEBUG] Finding reports to execute in company_9jxwph8g (current time: 2025-06-20T22:03:20.337Z)
[2025-06-20T22:03:20.396Z] [INFO] Found 0 reports to execute in company_9jxwph8g
[2025-06-20T22:03:20.396Z] [INFO] Found 0 reports to execute in company_9jxwph8g
[2025-06-20T22:03:20.396Z] [INFO] Scheduled reports check completed
[2025-06-20T22:03:20.397Z] [INFO] Scheduled reports check completed
[2025-06-20T22:03:20.399Z] [DEBUG] MongoDB connection closed
[2025-06-20T22:03:20.399Z] [DEBUG] MongoDB connection closed
[2025-06-20T22:03:49.496Z] [INFO] Checking for scheduled reports...
[2025-06-20T22:03:49.518Z] [INFO] Checking for scheduled reports...
[2025-06-20T22:03:50.104Z] [DEBUG] Connected to MongoDB
[2025-06-20T22:03:50.147Z] [DEBUG] Connected to MongoDB
[2025-06-20T22:03:50.176Z] [INFO] Found 1 company databases
[2025-06-20T22:03:50.177Z] [DEBUG] Processing company database: company_9jxwph8g
[2025-06-20T22:03:50.218Z] [INFO] Found 1 company databases
[2025-06-20T22:03:50.218Z] [DEBUG] Processing company database: company_9jxwph8g
[2025-06-20T22:03:50.237Z] [DEBUG] Finding reports to execute in company_9jxwph8g (current time: 2025-06-20T22:03:50.237Z)
[2025-06-20T22:03:50.283Z] [DEBUG] Finding reports to execute in company_9jxwph8g (current time: 2025-06-20T22:03:50.283Z)
[2025-06-20T22:03:50.299Z] [INFO] Found 0 reports to execute in company_9jxwph8g
[2025-06-20T22:03:50.300Z] [INFO] Scheduled reports check completed
[2025-06-20T22:03:50.303Z] [DEBUG] MongoDB connection closed
[2025-06-20T22:03:50.343Z] [INFO] Found 0 reports to execute in company_9jxwph8g
[2025-06-20T22:03:50.344Z] [INFO] Scheduled reports check completed
[2025-06-20T22:03:50.348Z] [DEBUG] MongoDB connection closed
Fri Jun 20 17:04:00 CDT 2025: Checking if NextJS server is running...
Fri Jun 20 17:04:00 CDT 2025: Running scheduled reports
/Users/sim/Project2/scripts/../scripts/run-simple-scheduled-reports.sh: line 16: node: command not found
Fri Jun 20 17:04:00 CDT 2025: NextJS server is running. Running scheduled reports check...
/Users/sim/Project2/scripts/../scripts/run-scheduled-reports-cron.sh: line 25: node: command not found
[2025-06-20T22:04:19.496Z] [INFO] Checking for scheduled reports...
[2025-06-20T22:04:19.519Z] [INFO] Checking for scheduled reports...
[2025-06-20T22:04:20.257Z] [DEBUG] Connected to MongoDB
[2025-06-20T22:04:20.328Z] [INFO] Found 1 company databases
[2025-06-20T22:04:20.329Z] [DEBUG] Processing company database: company_9jxwph8g
[2025-06-20T22:04:20.344Z] [DEBUG] Connected to MongoDB
[2025-06-20T22:04:20.390Z] [DEBUG] Finding reports to execute in company_9jxwph8g (current time: 2025-06-20T22:04:20.390Z)
[2025-06-20T22:04:20.421Z] [INFO] Found 1 company databases
[2025-06-20T22:04:20.422Z] [DEBUG] Processing company database: company_9jxwph8g
[2025-06-20T22:04:20.454Z] [INFO] Found 0 reports to execute in company_9jxwph8g
[2025-06-20T22:04:20.455Z] [INFO] Scheduled reports check completed
[2025-06-20T22:04:20.457Z] [DEBUG] MongoDB connection closed
[2025-06-20T22:04:20.480Z] [DEBUG] Finding reports to execute in company_9jxwph8g (current time: 2025-06-20T22:04:20.480Z)
[2025-06-20T22:04:20.538Z] [INFO] Found 0 reports to execute in company_9jxwph8g
[2025-06-20T22:04:20.539Z] [INFO] Scheduled reports check completed
[2025-06-20T22:04:20.541Z] [DEBUG] MongoDB connection closed
[2025-06-20T22:04:49.498Z] [INFO] Checking for scheduled reports...
[2025-06-20T22:04:49.519Z] [INFO] Checking for scheduled reports...
[2025-06-20T22:04:50.165Z] [DEBUG] Connected to MongoDB
[2025-06-20T22:04:50.224Z] [DEBUG] Connected to MongoDB
[2025-06-20T22:04:50.237Z] [INFO] Found 1 company databases
[2025-06-20T22:04:50.238Z] [DEBUG] Processing company database: company_9jxwph8g
[2025-06-20T22:04:50.294Z] [INFO] Found 1 company databases
[2025-06-20T22:04:50.294Z] [DEBUG] Processing company database: company_9jxwph8g
[2025-06-20T22:04:50.298Z] [DEBUG] Finding reports to execute in company_9jxwph8g (current time: 2025-06-20T22:04:50.298Z)
[2025-06-20T22:04:50.358Z] [DEBUG] Finding reports to execute in company_9jxwph8g (current time: 2025-06-20T22:04:50.358Z)
[2025-06-20T22:04:50.359Z] [INFO] Found 0 reports to execute in company_9jxwph8g
[2025-06-20T22:04:50.360Z] [INFO] Scheduled reports check completed
[2025-06-20T22:04:50.363Z] [DEBUG] MongoDB connection closed
[2025-06-20T22:04:50.417Z] [INFO] Found 0 reports to execute in company_9jxwph8g
[2025-06-20T22:04:50.418Z] [INFO] Scheduled reports check completed
[2025-06-20T22:04:50.421Z] [DEBUG] MongoDB connection closed
Fri Jun 20 17:05:00 CDT 2025: Checking if NextJS server is running...
Fri Jun 20 17:05:00 CDT 2025: Running scheduled reports
/Users/sim/Project2/scripts/../scripts/run-simple-scheduled-reports.sh: line 16: node: command not found
Fri Jun 20 17:05:00 CDT 2025: NextJS server is running. Running scheduled reports check...
/Users/sim/Project2/scripts/../scripts/run-scheduled-reports-cron.sh: line 25: node: command not found
[2025-06-20T22:05:19.499Z] [INFO] Checking for scheduled reports...
[2025-06-20T22:05:19.521Z] [INFO] Checking for scheduled reports...
[2025-06-20T22:05:20.284Z] [DEBUG] Connected to MongoDB
[2025-06-20T22:05:20.294Z] [DEBUG] Connected to MongoDB
[2025-06-20T22:05:20.375Z] [INFO] Found 1 company databases
[2025-06-20T22:05:20.375Z] [INFO] Found 1 company databases
[2025-06-20T22:05:20.375Z] [DEBUG] Processing company database: company_9jxwph8g
[2025-06-20T22:05:20.376Z] [DEBUG] Processing company database: company_9jxwph8g
[2025-06-20T22:05:20.438Z] [DEBUG] Finding reports to execute in company_9jxwph8g (current time: 2025-06-20T22:05:20.438Z)
[2025-06-20T22:05:20.439Z] [DEBUG] Finding reports to execute in company_9jxwph8g (current time: 2025-06-20T22:05:20.439Z)
[2025-06-20T22:05:20.505Z] [INFO] Found 0 reports to execute in company_9jxwph8g
[2025-06-20T22:05:20.506Z] [INFO] Found 0 reports to execute in company_9jxwph8g
[2025-06-20T22:05:20.506Z] [INFO] Scheduled reports check completed
[2025-06-20T22:05:20.507Z] [INFO] Scheduled reports check completed
[2025-06-20T22:05:20.509Z] [DEBUG] MongoDB connection closed
[2025-06-20T22:05:20.509Z] [DEBUG] MongoDB connection closed
[2025-06-20T22:05:49.500Z] [INFO] Checking for scheduled reports...
[2025-06-20T22:05:49.523Z] [INFO] Checking for scheduled reports...
[2025-06-20T22:05:50.209Z] [DEBUG] Connected to MongoDB
[2025-06-20T22:05:50.222Z] [DEBUG] Connected to MongoDB
[2025-06-20T22:05:50.280Z] [INFO] Found 1 company databases
[2025-06-20T22:05:50.280Z] [DEBUG] Processing company database: company_9jxwph8g
[2025-06-20T22:05:50.301Z] [INFO] Found 1 company databases
[2025-06-20T22:05:50.301Z] [DEBUG] Processing company database: company_9jxwph8g
[2025-06-20T22:05:50.337Z] [DEBUG] Finding reports to execute in company_9jxwph8g (current time: 2025-06-20T22:05:50.337Z)
[2025-06-20T22:05:50.365Z] [DEBUG] Finding reports to execute in company_9jxwph8g (current time: 2025-06-20T22:05:50.365Z)
[2025-06-20T22:05:50.395Z] [INFO] Found 0 reports to execute in company_9jxwph8g
[2025-06-20T22:05:50.396Z] [INFO] Scheduled reports check completed
[2025-06-20T22:05:50.399Z] [DEBUG] MongoDB connection closed
[2025-06-20T22:05:50.421Z] [INFO] Found 0 reports to execute in company_9jxwph8g
[2025-06-20T22:05:50.422Z] [INFO] Scheduled reports check completed
[2025-06-20T22:05:50.424Z] [DEBUG] MongoDB connection closed
Fri Jun 20 17:06:01 CDT 2025: Checking if NextJS server is running...
Fri Jun 20 17:06:01 CDT 2025: Running scheduled reports
/Users/sim/Project2/scripts/../scripts/run-simple-scheduled-reports.sh: line 16: node: command not found
Fri Jun 20 17:06:01 CDT 2025: NextJS server is running. Running scheduled reports check...
/Users/sim/Project2/scripts/../scripts/run-scheduled-reports-cron.sh: line 25: node: command not found
[2025-06-20T22:06:19.501Z] [INFO] Checking for scheduled reports...
[2025-06-20T22:06:19.525Z] [INFO] Checking for scheduled reports...
[2025-06-20T22:06:21.223Z] [DEBUG] Connected to MongoDB
[2025-06-20T22:06:21.224Z] [DEBUG] Connected to MongoDB
[2025-06-20T22:06:21.321Z] [INFO] Found 1 company databases
[2025-06-20T22:06:21.322Z] [DEBUG] Processing company database: company_9jxwph8g
[2025-06-20T22:06:21.322Z] [INFO] Found 1 company databases
[2025-06-20T22:06:21.324Z] [DEBUG] Processing company database: company_9jxwph8g
[2025-06-20T22:06:21.403Z] [DEBUG] Finding reports to execute in company_9jxwph8g (current time: 2025-06-20T22:06:21.403Z)
[2025-06-20T22:06:21.405Z] [DEBUG] Finding reports to execute in company_9jxwph8g (current time: 2025-06-20T22:06:21.405Z)
[2025-06-20T22:06:21.464Z] [INFO] Found 0 reports to execute in company_9jxwph8g
[2025-06-20T22:06:21.464Z] [INFO] Found 0 reports to execute in company_9jxwph8g
[2025-06-20T22:06:21.465Z] [INFO] Scheduled reports check completed
[2025-06-20T22:06:21.465Z] [INFO] Scheduled reports check completed
[2025-06-20T22:06:21.471Z] [DEBUG] MongoDB connection closed
[2025-06-20T22:06:21.474Z] [DEBUG] MongoDB connection closed
[2025-06-20T22:06:49.502Z] [INFO] Checking for scheduled reports...
[2025-06-20T22:06:49.525Z] [INFO] Checking for scheduled reports...
[2025-06-20T22:06:50.700Z] [DEBUG] Connected to MongoDB
[2025-06-20T22:06:50.700Z] [DEBUG] Connected to MongoDB
[2025-06-20T22:06:50.772Z] [INFO] Found 1 company databases
[2025-06-20T22:06:50.772Z] [INFO] Found 1 company databases
[2025-06-20T22:06:50.773Z] [DEBUG] Processing company database: company_9jxwph8g
[2025-06-20T22:06:50.773Z] [DEBUG] Processing company database: company_9jxwph8g
[2025-06-20T22:06:50.833Z] [DEBUG] Finding reports to execute in company_9jxwph8g (current time: 2025-06-20T22:06:50.833Z)
[2025-06-20T22:06:50.833Z] [DEBUG] Finding reports to execute in company_9jxwph8g (current time: 2025-06-20T22:06:50.833Z)
[2025-06-20T22:06:50.896Z] [INFO] Found 0 reports to execute in company_9jxwph8g
[2025-06-20T22:06:50.896Z] [INFO] Found 0 reports to execute in company_9jxwph8g
[2025-06-20T22:06:50.896Z] [INFO] Scheduled reports check completed
[2025-06-20T22:06:50.897Z] [INFO] Scheduled reports check completed
[2025-06-20T22:06:50.899Z] [DEBUG] MongoDB connection closed
[2025-06-20T22:06:50.899Z] [DEBUG] MongoDB connection closed
Fri Jun 20 17:07:00 CDT 2025: Checking if NextJS server is running...
Fri Jun 20 17:07:00 CDT 2025: Running scheduled reports
/Users/sim/Project2/scripts/../scripts/run-simple-scheduled-reports.sh: line 16: node: command not found
Fri Jun 20 17:07:00 CDT 2025: NextJS server is running. Running scheduled reports check...
/Users/sim/Project2/scripts/../scripts/run-scheduled-reports-cron.sh: line 25: node: command not found
[2025-06-20T22:07:19.502Z] [INFO] Checking for scheduled reports...
[2025-06-20T22:07:19.527Z] [INFO] Checking for scheduled reports...
[2025-06-20T22:07:20.311Z] [DEBUG] Connected to MongoDB
[2025-06-20T22:07:20.311Z] [DEBUG] Connected to MongoDB
[2025-06-20T22:07:20.380Z] [INFO] Found 1 company databases
[2025-06-20T22:07:20.380Z] [INFO] Found 1 company databases
[2025-06-20T22:07:20.381Z] [DEBUG] Processing company database: company_9jxwph8g
[2025-06-20T22:07:20.381Z] [DEBUG] Processing company database: company_9jxwph8g
[2025-06-20T22:07:20.438Z] [DEBUG] Finding reports to execute in company_9jxwph8g (current time: 2025-06-20T22:07:20.438Z)
[2025-06-20T22:07:20.441Z] [DEBUG] Finding reports to execute in company_9jxwph8g (current time: 2025-06-20T22:07:20.441Z)
[2025-06-20T22:07:20.498Z] [INFO] Found 0 reports to execute in company_9jxwph8g
[2025-06-20T22:07:20.498Z] [INFO] Found 0 reports to execute in company_9jxwph8g
[2025-06-20T22:07:20.499Z] [INFO] Scheduled reports check completed
[2025-06-20T22:07:20.499Z] [INFO] Scheduled reports check completed
[2025-06-20T22:07:20.501Z] [DEBUG] MongoDB connection closed
[2025-06-20T22:07:20.501Z] [DEBUG] MongoDB connection closed
[2025-06-20T22:07:49.504Z] [INFO] Checking for scheduled reports...
[2025-06-20T22:07:49.528Z] [INFO] Checking for scheduled reports...
[2025-06-20T22:07:50.228Z] [DEBUG] Connected to MongoDB
[2025-06-20T22:07:50.266Z] [DEBUG] Connected to MongoDB
[2025-06-20T22:07:50.306Z] [INFO] Found 1 company databases
[2025-06-20T22:07:50.307Z] [DEBUG] Processing company database: company_9jxwph8g
[2025-06-20T22:07:50.341Z] [INFO] Found 1 company databases
[2025-06-20T22:07:50.342Z] [DEBUG] Processing company database: company_9jxwph8g
[2025-06-20T22:07:50.366Z] [DEBUG] Finding reports to execute in company_9jxwph8g (current time: 2025-06-20T22:07:50.366Z)
[2025-06-20T22:07:50.405Z] [DEBUG] Finding reports to execute in company_9jxwph8g (current time: 2025-06-20T22:07:50.405Z)
[2025-06-20T22:07:50.425Z] [INFO] Found 0 reports to execute in company_9jxwph8g
[2025-06-20T22:07:50.426Z] [INFO] Scheduled reports check completed
[2025-06-20T22:07:50.428Z] [DEBUG] MongoDB connection closed
[2025-06-20T22:07:50.465Z] [INFO] Found 0 reports to execute in company_9jxwph8g
[2025-06-20T22:07:50.465Z] [INFO] Scheduled reports check completed
[2025-06-20T22:07:50.467Z] [DEBUG] MongoDB connection closed
Fri Jun 20 17:08:00 CDT 2025: Running scheduled reports
Fri Jun 20 17:08:00 CDT 2025: Checking if NextJS server is running...
/Users/sim/Project2/scripts/../scripts/run-simple-scheduled-reports.sh: line 16: node: command not found
Fri Jun 20 17:08:00 CDT 2025: NextJS server is running. Running scheduled reports check...
/Users/sim/Project2/scripts/../scripts/run-scheduled-reports-cron.sh: line 25: node: command not found
[2025-06-20T22:08:19.505Z] [INFO] Checking for scheduled reports...
[2025-06-20T22:08:19.528Z] [INFO] Checking for scheduled reports...
[2025-06-20T22:08:20.494Z] [DEBUG] Connected to MongoDB
[2025-06-20T22:08:20.494Z] [DEBUG] Connected to MongoDB
[2025-06-20T22:08:20.566Z] [INFO] Found 1 company databases
[2025-06-20T22:08:20.566Z] [INFO] Found 1 company databases
[2025-06-20T22:08:20.567Z] [DEBUG] Processing company database: company_9jxwph8g
[2025-06-20T22:08:20.567Z] [DEBUG] Processing company database: company_9jxwph8g
[2025-06-20T22:08:20.628Z] [DEBUG] Finding reports to execute in company_9jxwph8g (current time: 2025-06-20T22:08:20.628Z)
[2025-06-20T22:08:20.629Z] [DEBUG] Finding reports to execute in company_9jxwph8g (current time: 2025-06-20T22:08:20.629Z)
[2025-06-20T22:08:20.698Z] [INFO] Found 0 reports to execute in company_9jxwph8g
[2025-06-20T22:08:20.698Z] [INFO] Found 0 reports to execute in company_9jxwph8g
[2025-06-20T22:08:20.699Z] [INFO] Scheduled reports check completed
[2025-06-20T22:08:20.699Z] [INFO] Scheduled reports check completed
[2025-06-20T22:08:20.701Z] [DEBUG] MongoDB connection closed
[2025-06-20T22:08:20.701Z] [DEBUG] MongoDB connection closed
[2025-06-20T22:08:49.506Z] [INFO] Checking for scheduled reports...
[2025-06-20T22:08:49.530Z] [INFO] Checking for scheduled reports...
[2025-06-20T22:08:50.311Z] [DEBUG] Connected to MongoDB
[2025-06-20T22:08:50.333Z] [DEBUG] Connected to MongoDB
[2025-06-20T22:08:50.383Z] [INFO] Found 1 company databases
[2025-06-20T22:08:50.384Z] [DEBUG] Processing company database: company_9jxwph8g
[2025-06-20T22:08:50.418Z] [INFO] Found 1 company databases
[2025-06-20T22:08:50.419Z] [DEBUG] Processing company database: company_9jxwph8g
[2025-06-20T22:08:50.455Z] [DEBUG] Finding reports to execute in company_9jxwph8g (current time: 2025-06-20T22:08:50.455Z)
[2025-06-20T22:08:50.501Z] [DEBUG] Finding reports to execute in company_9jxwph8g (current time: 2025-06-20T22:08:50.501Z)
[2025-06-20T22:08:50.529Z] [INFO] Found 0 reports to execute in company_9jxwph8g
[2025-06-20T22:08:50.530Z] [INFO] Scheduled reports check completed
[2025-06-20T22:08:50.532Z] [DEBUG] MongoDB connection closed
[2025-06-20T22:08:50.590Z] [INFO] Found 0 reports to execute in company_9jxwph8g
[2025-06-20T22:08:50.591Z] [INFO] Scheduled reports check completed
[2025-06-20T22:08:50.595Z] [DEBUG] MongoDB connection closed
Fri Jun 20 17:09:00 CDT 2025: Running scheduled reports
Fri Jun 20 17:09:00 CDT 2025: Checking if NextJS server is running...
/Users/sim/Project2/scripts/../scripts/run-simple-scheduled-reports.sh: line 16: node: command not found
Fri Jun 20 17:09:00 CDT 2025: NextJS server is running. Running scheduled reports check...
/Users/sim/Project2/scripts/../scripts/run-scheduled-reports-cron.sh: line 25: node: command not found
[2025-06-20T22:09:19.507Z] [INFO] Checking for scheduled reports...
[2025-06-20T22:09:19.531Z] [INFO] Checking for scheduled reports...
[2025-06-20T22:09:20.843Z] [DEBUG] Connected to MongoDB
[2025-06-20T22:09:20.953Z] [INFO] Found 1 company databases
[2025-06-20T22:09:20.953Z] [DEBUG] Processing company database: company_9jxwph8g
[2025-06-20T22:09:21.358Z] [DEBUG] Finding reports to execute in company_9jxwph8g (current time: 2025-06-20T22:09:21.358Z)
[2025-06-20T22:09:21.449Z] [INFO] Found 0 reports to execute in company_9jxwph8g
[2025-06-20T22:09:21.450Z] [INFO] Scheduled reports check completed
[2025-06-20T22:09:21.452Z] [DEBUG] MongoDB connection closed
[2025-06-20T22:09:22.421Z] [DEBUG] Connected to MongoDB
[2025-06-20T22:09:22.523Z] [INFO] Found 1 company databases
[2025-06-20T22:09:22.524Z] [DEBUG] Processing company database: company_9jxwph8g
[2025-06-20T22:09:22.628Z] [DEBUG] Finding reports to execute in company_9jxwph8g (current time: 2025-06-20T22:09:22.628Z)
[2025-06-20T22:09:22.721Z] [INFO] Found 0 reports to execute in company_9jxwph8g
[2025-06-20T22:09:22.721Z] [INFO] Scheduled reports check completed
[2025-06-20T22:09:22.723Z] [DEBUG] MongoDB connection closed
[2025-06-20T22:09:49.508Z] [INFO] Checking for scheduled reports...
[2025-06-20T22:09:49.532Z] [INFO] Checking for scheduled reports...
[2025-06-20T22:09:50.496Z] [DEBUG] Connected to MongoDB
[2025-06-20T22:09:50.543Z] [DEBUG] Connected to MongoDB
[2025-06-20T22:09:50.605Z] [INFO] Found 1 company databases
[2025-06-20T22:09:50.606Z] [DEBUG] Processing company database: company_9jxwph8g
[2025-06-20T22:09:50.650Z] [INFO] Found 1 company databases
[2025-06-20T22:09:50.650Z] [DEBUG] Processing company database: company_9jxwph8g
[2025-06-20T22:09:50.693Z] [DEBUG] Finding reports to execute in company_9jxwph8g (current time: 2025-06-20T22:09:50.693Z)
[2025-06-20T22:09:50.740Z] [DEBUG] Finding reports to execute in company_9jxwph8g (current time: 2025-06-20T22:09:50.740Z)
[2025-06-20T22:09:50.785Z] [INFO] Found 0 reports to execute in company_9jxwph8g
[2025-06-20T22:09:50.786Z] [INFO] Scheduled reports check completed
[2025-06-20T22:09:50.788Z] [DEBUG] MongoDB connection closed
[2025-06-20T22:09:50.838Z] [INFO] Found 0 reports to execute in company_9jxwph8g
[2025-06-20T22:09:50.839Z] [INFO] Scheduled reports check completed
[2025-06-20T22:09:50.841Z] [DEBUG] MongoDB connection closed
Fri Jun 20 17:10:00 CDT 2025: Checking if NextJS server is running...
Fri Jun 20 17:10:00 CDT 2025: Running scheduled reports
/Users/sim/Project2/scripts/../scripts/run-simple-scheduled-reports.sh: line 16: node: command not found
Fri Jun 20 17:10:01 CDT 2025: NextJS server is running. Running scheduled reports check...
/Users/sim/Project2/scripts/../scripts/run-scheduled-reports-cron.sh: line 25: node: command not found
[2025-06-20T22:10:19.509Z] [INFO] Checking for scheduled reports...
[2025-06-20T22:10:19.533Z] [INFO] Checking for scheduled reports...
[2025-06-20T22:10:20.647Z] [DEBUG] Connected to MongoDB
[2025-06-20T22:10:20.777Z] [INFO] Found 1 company databases
[2025-06-20T22:10:20.777Z] [DEBUG] Processing company database: company_9jxwph8g
[2025-06-20T22:10:20.891Z] [DEBUG] Finding reports to execute in company_9jxwph8g (current time: 2025-06-20T22:10:20.891Z)
[2025-06-20T22:10:20.993Z] [DEBUG] Connected to MongoDB
[2025-06-20T22:10:20.995Z] [INFO] Found 0 reports to execute in company_9jxwph8g
[2025-06-20T22:10:20.995Z] [INFO] Scheduled reports check completed
[2025-06-20T22:10:20.997Z] [DEBUG] MongoDB connection closed
[2025-06-20T22:10:21.099Z] [INFO] Found 1 company databases
[2025-06-20T22:10:21.100Z] [DEBUG] Processing company database: company_9jxwph8g
[2025-06-20T22:10:21.205Z] [DEBUG] Finding reports to execute in company_9jxwph8g (current time: 2025-06-20T22:10:21.205Z)
[2025-06-20T22:10:21.384Z] [INFO] Found 0 reports to execute in company_9jxwph8g
[2025-06-20T22:10:21.385Z] [INFO] Scheduled reports check completed
[2025-06-20T22:10:21.387Z] [DEBUG] MongoDB connection closed
[2025-06-20T22:10:49.510Z] [INFO] Checking for scheduled reports...
[2025-06-20T22:10:49.534Z] [INFO] Checking for scheduled reports...
[2025-06-20T22:10:50.553Z] [DEBUG] Connected to MongoDB
[2025-06-20T22:10:50.671Z] [INFO] Found 1 company databases
[2025-06-20T22:10:50.671Z] [DEBUG] Processing company database: company_9jxwph8g
[2025-06-20T22:10:50.679Z] [DEBUG] Connected to MongoDB
[2025-06-20T22:10:50.774Z] [DEBUG] Finding reports to execute in company_9jxwph8g (current time: 2025-06-20T22:10:50.774Z)
[2025-06-20T22:10:50.809Z] [INFO] Found 1 company databases
[2025-06-20T22:10:50.809Z] [DEBUG] Processing company database: company_9jxwph8g
[2025-06-20T22:10:50.867Z] [INFO] Found 0 reports to execute in company_9jxwph8g
[2025-06-20T22:10:50.868Z] [INFO] Scheduled reports check completed
[2025-06-20T22:10:50.870Z] [DEBUG] MongoDB connection closed
[2025-06-20T22:10:50.903Z] [DEBUG] Finding reports to execute in company_9jxwph8g (current time: 2025-06-20T22:10:50.903Z)
[2025-06-20T22:10:51.004Z] [INFO] Found 0 reports to execute in company_9jxwph8g
[2025-06-20T22:10:51.004Z] [INFO] Scheduled reports check completed
[2025-06-20T22:10:51.007Z] [DEBUG] MongoDB connection closed
Fri Jun 20 17:11:00 CDT 2025: Checking if NextJS server is running...
Fri Jun 20 17:11:00 CDT 2025: Running scheduled reports
/Users/sim/Project2/scripts/../scripts/run-simple-scheduled-reports.sh: line 16: node: command not found
Fri Jun 20 17:11:00 CDT 2025: NextJS server is running. Running scheduled reports check...
/Users/sim/Project2/scripts/../scripts/run-scheduled-reports-cron.sh: line 25: node: command not found
[2025-06-20T22:11:19.511Z] [INFO] Checking for scheduled reports...
[2025-06-20T22:11:19.534Z] [INFO] Checking for scheduled reports...
[2025-06-20T22:11:20.512Z] [DEBUG] Connected to MongoDB
[2025-06-20T22:11:20.536Z] [DEBUG] Connected to MongoDB
[2025-06-20T22:11:20.624Z] [INFO] Found 1 company databases
[2025-06-20T22:11:20.624Z] [DEBUG] Processing company database: company_9jxwph8g
[2025-06-20T22:11:20.645Z] [INFO] Found 1 company databases
[2025-06-20T22:11:20.645Z] [DEBUG] Processing company database: company_9jxwph8g
[2025-06-20T22:11:20.728Z] [DEBUG] Finding reports to execute in company_9jxwph8g (current time: 2025-06-20T22:11:20.728Z)
[2025-06-20T22:11:20.742Z] [DEBUG] Finding reports to execute in company_9jxwph8g (current time: 2025-06-20T22:11:20.742Z)
[2025-06-20T22:11:20.824Z] [INFO] Found 0 reports to execute in company_9jxwph8g
[2025-06-20T22:11:20.825Z] [INFO] Scheduled reports check completed
[2025-06-20T22:11:20.827Z] [DEBUG] MongoDB connection closed
[2025-06-20T22:11:20.843Z] [INFO] Found 0 reports to execute in company_9jxwph8g
[2025-06-20T22:11:20.844Z] [INFO] Scheduled reports check completed
[2025-06-20T22:11:20.846Z] [DEBUG] MongoDB connection closed
[2025-06-20T22:11:49.513Z] [INFO] Checking for scheduled reports...
[2025-06-20T22:11:49.534Z] [INFO] Checking for scheduled reports...
[2025-06-20T22:11:51.724Z] [DEBUG] Connected to MongoDB
[2025-06-20T22:11:51.735Z] [DEBUG] Connected to MongoDB
[2025-06-20T22:11:51.831Z] [INFO] Found 1 company databases
[2025-06-20T22:11:51.832Z] [DEBUG] Processing company database: company_9jxwph8g
[2025-06-20T22:11:51.847Z] [INFO] Found 1 company databases
[2025-06-20T22:11:51.848Z] [DEBUG] Processing company database: company_9jxwph8g
[2025-06-20T22:11:51.951Z] [DEBUG] Finding reports to execute in company_9jxwph8g (current time: 2025-06-20T22:11:51.951Z)
[2025-06-20T22:11:51.951Z] [DEBUG] Finding reports to execute in company_9jxwph8g (current time: 2025-06-20T22:11:51.951Z)
[2025-06-20T22:11:52.056Z] [INFO] Found 0 reports to execute in company_9jxwph8g
[2025-06-20T22:11:52.056Z] [INFO] Found 0 reports to execute in company_9jxwph8g
[2025-06-20T22:11:52.056Z] [INFO] Scheduled reports check completed
[2025-06-20T22:11:52.057Z] [INFO] Scheduled reports check completed
[2025-06-20T22:11:52.060Z] [DEBUG] MongoDB connection closed
[2025-06-20T22:11:52.060Z] [DEBUG] MongoDB connection closed
Fri Jun 20 17:12:00 CDT 2025: Running scheduled reports
Fri Jun 20 17:12:00 CDT 2025: Checking if NextJS server is running...
/Users/sim/Project2/scripts/../scripts/run-simple-scheduled-reports.sh: line 16: node: command not found
Fri Jun 20 17:12:00 CDT 2025: NextJS server is running. Running scheduled reports check...
/Users/sim/Project2/scripts/../scripts/run-scheduled-reports-cron.sh: line 25: node: command not found
[2025-06-20T22:12:19.514Z] [INFO] Checking for scheduled reports...
[2025-06-20T22:12:19.535Z] [INFO] Checking for scheduled reports...
[2025-06-20T22:12:21.170Z] [DEBUG] Connected to MongoDB
[2025-06-20T22:12:21.230Z] [DEBUG] Connected to MongoDB
[2025-06-20T22:12:21.287Z] [INFO] Found 1 company databases
[2025-06-20T22:12:21.288Z] [DEBUG] Processing company database: company_9jxwph8g
[2025-06-20T22:12:21.332Z] [INFO] Found 1 company databases
[2025-06-20T22:12:21.332Z] [DEBUG] Processing company database: company_9jxwph8g
[2025-06-20T22:12:21.377Z] [DEBUG] Finding reports to execute in company_9jxwph8g (current time: 2025-06-20T22:12:21.377Z)
[2025-06-20T22:12:21.416Z] [DEBUG] Finding reports to execute in company_9jxwph8g (current time: 2025-06-20T22:12:21.416Z)
[2025-06-20T22:12:21.468Z] [INFO] Found 0 reports to execute in company_9jxwph8g
[2025-06-20T22:12:21.469Z] [INFO] Scheduled reports check completed
[2025-06-20T22:12:21.471Z] [DEBUG] MongoDB connection closed
[2025-06-20T22:12:21.501Z] [INFO] Found 0 reports to execute in company_9jxwph8g
[2025-06-20T22:12:21.502Z] [INFO] Scheduled reports check completed
[2025-06-20T22:12:21.505Z] [DEBUG] MongoDB connection closed
[2025-06-20T22:12:49.515Z] [INFO] Checking for scheduled reports...
[2025-06-20T22:12:49.536Z] [INFO] Checking for scheduled reports...
[2025-06-20T22:12:50.156Z] [DEBUG] Connected to MongoDB
[2025-06-20T22:12:50.202Z] [DEBUG] Connected to MongoDB
[2025-06-20T22:12:50.225Z] [INFO] Found 1 company databases
[2025-06-20T22:12:50.226Z] [DEBUG] Processing company database: company_9jxwph8g
[2025-06-20T22:12:50.276Z] [INFO] Found 1 company databases
[2025-06-20T22:12:50.277Z] [DEBUG] Processing company database: company_9jxwph8g
[2025-06-20T22:12:50.295Z] [DEBUG] Finding reports to execute in company_9jxwph8g (current time: 2025-06-20T22:12:50.295Z)
[2025-06-20T22:12:50.347Z] [DEBUG] Finding reports to execute in company_9jxwph8g (current time: 2025-06-20T22:12:50.347Z)
[2025-06-20T22:12:50.364Z] [INFO] Found 0 reports to execute in company_9jxwph8g
[2025-06-20T22:12:50.365Z] [INFO] Scheduled reports check completed
[2025-06-20T22:12:50.367Z] [DEBUG] MongoDB connection closed
[2025-06-20T22:12:50.423Z] [INFO] Found 0 reports to execute in company_9jxwph8g
[2025-06-20T22:12:50.423Z] [INFO] Scheduled reports check completed
[2025-06-20T22:12:50.427Z] [DEBUG] MongoDB connection closed
Fri Jun 20 17:13:00 CDT 2025: Checking if NextJS server is running...
Fri Jun 20 17:13:00 CDT 2025: Running scheduled reports
/Users/sim/Project2/scripts/../scripts/run-simple-scheduled-reports.sh: line 16: node: command not found
Fri Jun 20 17:13:00 CDT 2025: NextJS server is running. Running scheduled reports check...
/Users/sim/Project2/scripts/../scripts/run-scheduled-reports-cron.sh: line 25: node: command not found
[2025-06-20T22:13:19.517Z] [INFO] Checking for scheduled reports...
[2025-06-20T22:13:19.538Z] [INFO] Checking for scheduled reports...
[2025-06-20T22:13:20.496Z] [DEBUG] Connected to MongoDB
[2025-06-20T22:13:20.580Z] [INFO] Found 1 company databases
[2025-06-20T22:13:20.581Z] [DEBUG] Processing company database: company_9jxwph8g
[2025-06-20T22:13:20.649Z] [DEBUG] Finding reports to execute in company_9jxwph8g (current time: 2025-06-20T22:13:20.649Z)
[2025-06-20T22:13:20.744Z] [INFO] Found 0 reports to execute in company_9jxwph8g
[2025-06-20T22:13:20.745Z] [INFO] Scheduled reports check completed
[2025-06-20T22:13:20.746Z] [DEBUG] MongoDB connection closed
[2025-06-20T22:13:20.980Z] [DEBUG] Connected to MongoDB
[2025-06-20T22:13:21.050Z] [INFO] Found 1 company databases
[2025-06-20T22:13:21.050Z] [DEBUG] Processing company database: company_9jxwph8g
[2025-06-20T22:13:21.116Z] [DEBUG] Finding reports to execute in company_9jxwph8g (current time: 2025-06-20T22:13:21.116Z)
[2025-06-20T22:13:21.186Z] [INFO] Found 0 reports to execute in company_9jxwph8g
[2025-06-20T22:13:21.187Z] [INFO] Scheduled reports check completed
[2025-06-20T22:13:21.190Z] [DEBUG] MongoDB connection closed
[2025-06-20T22:13:49.518Z] [INFO] Checking for scheduled reports...
[2025-06-20T22:13:49.539Z] [INFO] Checking for scheduled reports...
[2025-06-20T22:13:50.398Z] [DEBUG] Connected to MongoDB
[2025-06-20T22:13:50.466Z] [INFO] Found 1 company databases
[2025-06-20T22:13:50.467Z] [DEBUG] Processing company database: company_9jxwph8g
[2025-06-20T22:13:50.533Z] [DEBUG] Finding reports to execute in company_9jxwph8g (current time: 2025-06-20T22:13:50.533Z)
[2025-06-20T22:13:50.591Z] [INFO] Found 0 reports to execute in company_9jxwph8g
[2025-06-20T22:13:50.591Z] [INFO] Scheduled reports check completed
[2025-06-20T22:13:50.594Z] [DEBUG] MongoDB connection closed
[2025-06-20T22:13:50.610Z] [DEBUG] Connected to MongoDB
[2025-06-20T22:13:50.687Z] [INFO] Found 1 company databases
[2025-06-20T22:13:50.687Z] [DEBUG] Processing company database: company_9jxwph8g
[2025-06-20T22:13:50.749Z] [DEBUG] Finding reports to execute in company_9jxwph8g (current time: 2025-06-20T22:13:50.749Z)
[2025-06-20T22:13:50.832Z] [INFO] Found 0 reports to execute in company_9jxwph8g
[2025-06-20T22:13:50.833Z] [INFO] Scheduled reports check completed
[2025-06-20T22:13:50.835Z] [DEBUG] MongoDB connection closed
Fri Jun 20 17:14:00 CDT 2025: Running scheduled reports
Fri Jun 20 17:14:00 CDT 2025: Checking if NextJS server is running...
/Users/sim/Project2/scripts/../scripts/run-simple-scheduled-reports.sh: line 16: node: command not found
Fri Jun 20 17:14:00 CDT 2025: NextJS server is running. Running scheduled reports check...
/Users/sim/Project2/scripts/../scripts/run-scheduled-reports-cron.sh: line 25: node: command not found
[2025-06-20T22:14:19.520Z] [INFO] Checking for scheduled reports...
[2025-06-20T22:14:19.541Z] [INFO] Checking for scheduled reports...
[2025-06-20T22:14:20.901Z] [DEBUG] Connected to MongoDB
[2025-06-20T22:14:21.356Z] [INFO] Found 1 company databases
[2025-06-20T22:14:21.356Z] [DEBUG] Processing company database: company_9jxwph8g
[2025-06-20T22:14:21.445Z] [DEBUG] Finding reports to execute in company_9jxwph8g (current time: 2025-06-20T22:14:21.445Z)
[2025-06-20T22:14:21.542Z] [INFO] Found 0 reports to execute in company_9jxwph8g
[2025-06-20T22:14:21.545Z] [INFO] Scheduled reports check completed
[2025-06-20T22:14:21.549Z] [DEBUG] MongoDB connection closed
[2025-06-20T22:14:21.859Z] [DEBUG] Connected to MongoDB
[2025-06-20T22:14:21.946Z] [INFO] Found 1 company databases
[2025-06-20T22:14:21.947Z] [DEBUG] Processing company database: company_9jxwph8g
[2025-06-20T22:14:22.025Z] [DEBUG] Finding reports to execute in company_9jxwph8g (current time: 2025-06-20T22:14:22.025Z)
[2025-06-20T22:14:22.156Z] [INFO] Found 0 reports to execute in company_9jxwph8g
[2025-06-20T22:14:22.157Z] [INFO] Scheduled reports check completed
[2025-06-20T22:14:22.158Z] [DEBUG] MongoDB connection closed
[2025-06-20T22:14:49.520Z] [INFO] Checking for scheduled reports...
[2025-06-20T22:14:49.542Z] [INFO] Checking for scheduled reports...
[2025-06-20T22:14:50.796Z] [DEBUG] Connected to MongoDB
[2025-06-20T22:14:50.797Z] [DEBUG] Connected to MongoDB
[2025-06-20T22:14:50.924Z] [INFO] Found 1 company databases
[2025-06-20T22:14:50.924Z] [INFO] Found 1 company databases
[2025-06-20T22:14:50.924Z] [DEBUG] Processing company database: company_9jxwph8g
[2025-06-20T22:14:50.925Z] [DEBUG] Processing company database: company_9jxwph8g
[2025-06-20T22:14:51.036Z] [DEBUG] Finding reports to execute in company_9jxwph8g (current time: 2025-06-20T22:14:51.036Z)
[2025-06-20T22:14:51.036Z] [DEBUG] Finding reports to execute in company_9jxwph8g (current time: 2025-06-20T22:14:51.036Z)
[2025-06-20T22:14:51.134Z] [INFO] Found 0 reports to execute in company_9jxwph8g
[2025-06-20T22:14:51.134Z] [INFO] Found 0 reports to execute in company_9jxwph8g
[2025-06-20T22:14:51.134Z] [INFO] Scheduled reports check completed
[2025-06-20T22:14:51.135Z] [INFO] Scheduled reports check completed
[2025-06-20T22:14:51.137Z] [DEBUG] MongoDB connection closed
[2025-06-20T22:14:51.137Z] [DEBUG] MongoDB connection closed
Fri Jun 20 17:15:00 CDT 2025: Running scheduled reports
Fri Jun 20 17:15:00 CDT 2025: Checking if NextJS server is running...
/Users/sim/Project2/scripts/../scripts/run-simple-scheduled-reports.sh: line 16: node: command not found
Fri Jun 20 17:15:01 CDT 2025: NextJS server is running. Running scheduled reports check...
/Users/sim/Project2/scripts/../scripts/run-scheduled-reports-cron.sh: line 25: node: command not found
[2025-06-20T22:15:19.521Z] [INFO] Checking for scheduled reports...
[2025-06-20T22:15:19.544Z] [INFO] Checking for scheduled reports...
[2025-06-20T22:15:20.616Z] [DEBUG] Connected to MongoDB
[2025-06-20T22:15:20.734Z] [INFO] Found 1 company databases
[2025-06-20T22:15:20.734Z] [DEBUG] Processing company database: company_9jxwph8g
[2025-06-20T22:15:20.840Z] [DEBUG] Finding reports to execute in company_9jxwph8g (current time: 2025-06-20T22:15:20.840Z)
[2025-06-20T22:15:20.942Z] [INFO] Found 0 reports to execute in company_9jxwph8g
[2025-06-20T22:15:20.943Z] [INFO] Scheduled reports check completed
[2025-06-20T22:15:20.944Z] [DEBUG] MongoDB connection closed
[2025-06-20T22:15:20.957Z] [DEBUG] Connected to MongoDB
[2025-06-20T22:15:21.077Z] [INFO] Found 1 company databases
[2025-06-20T22:15:21.078Z] [DEBUG] Processing company database: company_9jxwph8g
[2025-06-20T22:15:21.794Z] [DEBUG] Finding reports to execute in company_9jxwph8g (current time: 2025-06-20T22:15:21.794Z)
[2025-06-20T22:15:21.899Z] [INFO] Found 0 reports to execute in company_9jxwph8g
[2025-06-20T22:15:21.900Z] [INFO] Scheduled reports check completed
[2025-06-20T22:15:21.904Z] [DEBUG] MongoDB connection closed
[2025-06-20T22:15:49.523Z] [INFO] Checking for scheduled reports...
[2025-06-20T22:15:49.545Z] [INFO] Checking for scheduled reports...
[2025-06-20T22:15:50.560Z] [DEBUG] Connected to MongoDB
[2025-06-20T22:15:50.636Z] [DEBUG] Connected to MongoDB
[2025-06-20T22:15:50.748Z] [INFO] Found 1 company databases
[2025-06-20T22:15:50.748Z] [DEBUG] Processing company database: company_9jxwph8g
[2025-06-20T22:15:50.855Z] [DEBUG] Finding reports to execute in company_9jxwph8g (current time: 2025-06-20T22:15:50.855Z)
[2025-06-20T22:15:50.966Z] [INFO] Found 0 reports to execute in company_9jxwph8g
[2025-06-20T22:15:50.967Z] [INFO] Scheduled reports check completed
[2025-06-20T22:15:50.970Z] [DEBUG] MongoDB connection closed
[2025-06-20T22:15:51.323Z] [INFO] Found 1 company databases
[2025-06-20T22:15:51.323Z] [DEBUG] Processing company database: company_9jxwph8g
[2025-06-20T22:15:51.407Z] [DEBUG] Finding reports to execute in company_9jxwph8g (current time: 2025-06-20T22:15:51.407Z)
[2025-06-20T22:15:51.474Z] [INFO] Found 0 reports to execute in company_9jxwph8g
[2025-06-20T22:15:51.476Z] [INFO] Scheduled reports check completed
[2025-06-20T22:15:51.479Z] [DEBUG] MongoDB connection closed
Fri Jun 20 17:16:00 CDT 2025: Running scheduled reports
Fri Jun 20 17:16:00 CDT 2025: Checking if NextJS server is running...
/Users/sim/Project2/scripts/../scripts/run-simple-scheduled-reports.sh: line 16: node: command not found
Fri Jun 20 17:16:00 CDT 2025: NextJS server is running. Running scheduled reports check...
/Users/sim/Project2/scripts/../scripts/run-scheduled-reports-cron.sh: line 25: node: command not found
[2025-06-20T22:16:19.527Z] [INFO] Checking for scheduled reports...
[2025-06-20T22:16:19.546Z] [INFO] Checking for scheduled reports...
[2025-06-20T22:16:21.032Z] [DEBUG] Connected to MongoDB
[2025-06-20T22:16:21.032Z] [DEBUG] Connected to MongoDB
[2025-06-20T22:16:21.159Z] [INFO] Found 1 company databases
[2025-06-20T22:16:21.160Z] [INFO] Found 1 company databases
[2025-06-20T22:16:21.160Z] [DEBUG] Processing company database: company_9jxwph8g
[2025-06-20T22:16:21.160Z] [DEBUG] Processing company database: company_9jxwph8g
[2025-06-20T22:16:21.266Z] [DEBUG] Finding reports to execute in company_9jxwph8g (current time: 2025-06-20T22:16:21.266Z)
[2025-06-20T22:16:21.266Z] [DEBUG] Finding reports to execute in company_9jxwph8g (current time: 2025-06-20T22:16:21.266Z)
[2025-06-20T22:16:21.370Z] [INFO] Found 0 reports to execute in company_9jxwph8g
[2025-06-20T22:16:21.370Z] [INFO] Found 0 reports to execute in company_9jxwph8g
[2025-06-20T22:16:21.370Z] [INFO] Scheduled reports check completed
[2025-06-20T22:16:21.370Z] [INFO] Scheduled reports check completed
[2025-06-20T22:16:21.373Z] [DEBUG] MongoDB connection closed
[2025-06-20T22:16:21.374Z] [DEBUG] MongoDB connection closed
[2025-06-20T22:16:49.527Z] [INFO] Checking for scheduled reports...
[2025-06-20T22:16:49.547Z] [INFO] Checking for scheduled reports...
[2025-06-20T22:16:50.708Z] [DEBUG] Connected to MongoDB
[2025-06-20T22:16:50.708Z] [DEBUG] Connected to MongoDB
[2025-06-20T22:16:50.828Z] [INFO] Found 1 company databases
[2025-06-20T22:16:50.828Z] [INFO] Found 1 company databases
[2025-06-20T22:16:50.828Z] [DEBUG] Processing company database: company_9jxwph8g
[2025-06-20T22:16:50.829Z] [DEBUG] Processing company database: company_9jxwph8g
[2025-06-20T22:16:50.930Z] [DEBUG] Finding reports to execute in company_9jxwph8g (current time: 2025-06-20T22:16:50.930Z)
[2025-06-20T22:16:50.930Z] [DEBUG] Finding reports to execute in company_9jxwph8g (current time: 2025-06-20T22:16:50.930Z)
[2025-06-20T22:16:51.039Z] [INFO] Found 0 reports to execute in company_9jxwph8g
[2025-06-20T22:16:51.039Z] [INFO] Found 0 reports to execute in company_9jxwph8g
[2025-06-20T22:16:51.040Z] [INFO] Scheduled reports check completed
[2025-06-20T22:16:51.040Z] [INFO] Scheduled reports check completed
[2025-06-20T22:16:51.043Z] [DEBUG] MongoDB connection closed
[2025-06-20T22:16:51.044Z] [DEBUG] MongoDB connection closed
Fri Jun 20 17:17:00 CDT 2025: Checking if NextJS server is running...
Fri Jun 20 17:17:00 CDT 2025: Running scheduled reports
/Users/sim/Project2/scripts/../scripts/run-simple-scheduled-reports.sh: line 16: node: command not found
Fri Jun 20 17:17:00 CDT 2025: NextJS server is running. Running scheduled reports check...
/Users/sim/Project2/scripts/../scripts/run-scheduled-reports-cron.sh: line 25: node: command not found
[2025-06-20T22:17:19.527Z] [INFO] Checking for scheduled reports...
[2025-06-20T22:17:19.548Z] [INFO] Checking for scheduled reports...
[2025-06-20T22:17:20.527Z] [DEBUG] Connected to MongoDB
[2025-06-20T22:17:20.627Z] [DEBUG] Connected to MongoDB
[2025-06-20T22:17:20.637Z] [INFO] Found 1 company databases
[2025-06-20T22:17:20.637Z] [DEBUG] Processing company database: company_9jxwph8g
[2025-06-20T22:17:20.710Z] [DEBUG] Finding reports to execute in company_9jxwph8g (current time: 2025-06-20T22:17:20.710Z)
[2025-06-20T22:17:20.777Z] [INFO] Found 1 company databases
[2025-06-20T22:17:20.778Z] [DEBUG] Processing company database: company_9jxwph8g
[2025-06-20T22:17:20.945Z] [INFO] Found 0 reports to execute in company_9jxwph8g
[2025-06-20T22:17:20.945Z] [DEBUG] Finding reports to execute in company_9jxwph8g (current time: 2025-06-20T22:17:20.945Z)
[2025-06-20T22:17:20.945Z] [INFO] Scheduled reports check completed
[2025-06-20T22:17:20.948Z] [DEBUG] MongoDB connection closed
[2025-06-20T22:17:21.027Z] [INFO] Found 0 reports to execute in company_9jxwph8g
[2025-06-20T22:17:21.028Z] [INFO] Scheduled reports check completed
[2025-06-20T22:17:21.030Z] [DEBUG] MongoDB connection closed
[2025-06-20T22:17:49.527Z] [INFO] Checking for scheduled reports...
[2025-06-20T22:17:49.549Z] [INFO] Checking for scheduled reports...
[2025-06-20T22:17:50.190Z] [DEBUG] Connected to MongoDB
[2025-06-20T22:17:50.190Z] [DEBUG] Connected to MongoDB
[2025-06-20T22:17:50.261Z] [INFO] Found 1 company databases
[2025-06-20T22:17:50.261Z] [INFO] Found 1 company databases
[2025-06-20T22:17:50.261Z] [DEBUG] Processing company database: company_9jxwph8g
[2025-06-20T22:17:50.262Z] [DEBUG] Processing company database: company_9jxwph8g
[2025-06-20T22:17:50.321Z] [DEBUG] Finding reports to execute in company_9jxwph8g (current time: 2025-06-20T22:17:50.321Z)
[2025-06-20T22:17:50.324Z] [DEBUG] Finding reports to execute in company_9jxwph8g (current time: 2025-06-20T22:17:50.324Z)
[2025-06-20T22:17:50.385Z] [INFO] Found 0 reports to execute in company_9jxwph8g
[2025-06-20T22:17:50.385Z] [INFO] Found 0 reports to execute in company_9jxwph8g
[2025-06-20T22:17:50.386Z] [INFO] Scheduled reports check completed
[2025-06-20T22:17:50.386Z] [INFO] Scheduled reports check completed
[2025-06-20T22:17:50.389Z] [DEBUG] MongoDB connection closed
[2025-06-20T22:17:50.389Z] [DEBUG] MongoDB connection closed
Fri Jun 20 17:18:00 CDT 2025: Checking if NextJS server is running...
Fri Jun 20 17:18:00 CDT 2025: Running scheduled reports
/Users/sim/Project2/scripts/../scripts/run-simple-scheduled-reports.sh: line 16: node: command not found
Fri Jun 20 17:18:00 CDT 2025: NextJS server is running. Running scheduled reports check...
/Users/sim/Project2/scripts/../scripts/run-scheduled-reports-cron.sh: line 25: node: command not found
[2025-06-20T22:18:19.528Z] [INFO] Checking for scheduled reports...
[2025-06-20T22:18:19.549Z] [INFO] Checking for scheduled reports...
[2025-06-20T22:18:20.230Z] [DEBUG] Connected to MongoDB
[2025-06-20T22:18:20.243Z] [DEBUG] Connected to MongoDB
[2025-06-20T22:18:20.299Z] [INFO] Found 1 company databases
[2025-06-20T22:18:20.300Z] [DEBUG] Processing company database: company_9jxwph8g
[2025-06-20T22:18:20.312Z] [INFO] Found 1 company databases
[2025-06-20T22:18:20.313Z] [DEBUG] Processing company database: company_9jxwph8g
[2025-06-20T22:18:20.367Z] [DEBUG] Finding reports to execute in company_9jxwph8g (current time: 2025-06-20T22:18:20.367Z)
[2025-06-20T22:18:20.375Z] [DEBUG] Finding reports to execute in company_9jxwph8g (current time: 2025-06-20T22:18:20.375Z)
[2025-06-20T22:18:20.428Z] [INFO] Found 0 reports to execute in company_9jxwph8g
[2025-06-20T22:18:20.429Z] [INFO] Scheduled reports check completed
[2025-06-20T22:18:20.430Z] [DEBUG] MongoDB connection closed
[2025-06-20T22:18:20.438Z] [INFO] Found 0 reports to execute in company_9jxwph8g
[2025-06-20T22:18:20.438Z] [INFO] Scheduled reports check completed
[2025-06-20T22:18:20.439Z] [DEBUG] MongoDB connection closed
[2025-06-20T22:18:49.529Z] [INFO] Checking for scheduled reports...
[2025-06-20T22:18:49.551Z] [INFO] Checking for scheduled reports...
[2025-06-20T22:18:50.168Z] [DEBUG] Connected to MongoDB
[2025-06-20T22:18:50.199Z] [DEBUG] Connected to MongoDB
[2025-06-20T22:18:50.243Z] [INFO] Found 1 company databases
[2025-06-20T22:18:50.243Z] [DEBUG] Processing company database: company_9jxwph8g
[2025-06-20T22:18:50.271Z] [INFO] Found 1 company databases
[2025-06-20T22:18:50.272Z] [DEBUG] Processing company database: company_9jxwph8g
[2025-06-20T22:18:50.302Z] [DEBUG] Finding reports to execute in company_9jxwph8g (current time: 2025-06-20T22:18:50.302Z)
[2025-06-20T22:18:50.334Z] [DEBUG] Finding reports to execute in company_9jxwph8g (current time: 2025-06-20T22:18:50.334Z)
[2025-06-20T22:18:50.360Z] [INFO] Found 0 reports to execute in company_9jxwph8g
[2025-06-20T22:18:50.361Z] [INFO] Scheduled reports check completed
[2025-06-20T22:18:50.363Z] [DEBUG] MongoDB connection closed
[2025-06-20T22:18:50.391Z] [INFO] Found 0 reports to execute in company_9jxwph8g
[2025-06-20T22:18:50.392Z] [INFO] Scheduled reports check completed
[2025-06-20T22:18:50.394Z] [DEBUG] MongoDB connection closed
Fri Jun 20 17:19:00 CDT 2025: Checking if NextJS server is running...
Fri Jun 20 17:19:00 CDT 2025: Running scheduled reports
/Users/sim/Project2/scripts/../scripts/run-simple-scheduled-reports.sh: line 16: node: command not found
Fri Jun 20 17:19:00 CDT 2025: NextJS server is running. Running scheduled reports check...
/Users/sim/Project2/scripts/../scripts/run-scheduled-reports-cron.sh: line 25: node: command not found
[2025-06-20T22:19:19.530Z] [INFO] Checking for scheduled reports...
[2025-06-20T22:19:19.551Z] [INFO] Checking for scheduled reports...
[2025-06-20T22:19:20.211Z] [DEBUG] Connected to MongoDB
[2025-06-20T22:19:20.235Z] [DEBUG] Connected to MongoDB
[2025-06-20T22:19:20.286Z] [INFO] Found 1 company databases
[2025-06-20T22:19:20.286Z] [DEBUG] Processing company database: company_9jxwph8g
[2025-06-20T22:19:20.308Z] [INFO] Found 1 company databases
[2025-06-20T22:19:20.309Z] [DEBUG] Processing company database: company_9jxwph8g
[2025-06-20T22:19:20.348Z] [DEBUG] Finding reports to execute in company_9jxwph8g (current time: 2025-06-20T22:19:20.348Z)
[2025-06-20T22:19:20.376Z] [DEBUG] Finding reports to execute in company_9jxwph8g (current time: 2025-06-20T22:19:20.376Z)
[2025-06-20T22:19:20.414Z] [INFO] Found 0 reports to execute in company_9jxwph8g
[2025-06-20T22:19:20.414Z] [INFO] Scheduled reports check completed
[2025-06-20T22:19:20.416Z] [DEBUG] MongoDB connection closed
[2025-06-20T22:19:20.433Z] [INFO] Found 0 reports to execute in company_9jxwph8g
[2025-06-20T22:19:20.433Z] [INFO] Scheduled reports check completed
[2025-06-20T22:19:20.435Z] [DEBUG] MongoDB connection closed
[2025-06-20T22:19:49.532Z] [INFO] Checking for scheduled reports...
[2025-06-20T22:19:49.554Z] [INFO] Checking for scheduled reports...
[2025-06-20T22:19:50.189Z] [DEBUG] Connected to MongoDB
[2025-06-20T22:19:50.217Z] [DEBUG] Connected to MongoDB
[2025-06-20T22:19:50.260Z] [INFO] Found 1 company databases
[2025-06-20T22:19:50.260Z] [DEBUG] Processing company database: company_9jxwph8g
[2025-06-20T22:19:50.294Z] [INFO] Found 1 company databases
[2025-06-20T22:19:50.295Z] [DEBUG] Processing company database: company_9jxwph8g
[2025-06-20T22:19:50.319Z] [DEBUG] Finding reports to execute in company_9jxwph8g (current time: 2025-06-20T22:19:50.319Z)
[2025-06-20T22:19:50.364Z] [DEBUG] Finding reports to execute in company_9jxwph8g (current time: 2025-06-20T22:19:50.364Z)
[2025-06-20T22:19:50.384Z] [INFO] Found 0 reports to execute in company_9jxwph8g
[2025-06-20T22:19:50.385Z] [INFO] Scheduled reports check completed
[2025-06-20T22:19:50.389Z] [DEBUG] MongoDB connection closed
[2025-06-20T22:19:50.427Z] [INFO] Found 0 reports to execute in company_9jxwph8g
[2025-06-20T22:19:50.428Z] [INFO] Scheduled reports check completed
[2025-06-20T22:19:50.431Z] [DEBUG] MongoDB connection closed
Fri Jun 20 17:20:00 CDT 2025: Running scheduled reports
Fri Jun 20 17:20:00 CDT 2025: Checking if NextJS server is running...
/Users/sim/Project2/scripts/../scripts/run-simple-scheduled-reports.sh: line 16: node: command not found
Fri Jun 20 17:20:01 CDT 2025: NextJS server is running. Running scheduled reports check...
/Users/sim/Project2/scripts/../scripts/run-scheduled-reports-cron.sh: line 25: node: command not found
[2025-06-20T22:20:19.533Z] [INFO] Checking for scheduled reports...
[2025-06-20T22:20:19.554Z] [INFO] Checking for scheduled reports...
[2025-06-20T22:20:23.275Z] [DEBUG] Connected to MongoDB
[2025-06-20T22:20:23.275Z] [DEBUG] Connected to MongoDB
[2025-06-20T22:20:23.357Z] [INFO] Found 1 company databases
[2025-06-20T22:20:23.357Z] [INFO] Found 1 company databases
[2025-06-20T22:20:23.358Z] [DEBUG] Processing company database: company_9jxwph8g
[2025-06-20T22:20:23.359Z] [DEBUG] Processing company database: company_9jxwph8g
[2025-06-20T22:20:23.451Z] [DEBUG] Finding reports to execute in company_9jxwph8g (current time: 2025-06-20T22:20:23.451Z)
[2025-06-20T22:20:23.451Z] [DEBUG] Finding reports to execute in company_9jxwph8g (current time: 2025-06-20T22:20:23.451Z)
[2025-06-20T22:20:23.567Z] [INFO] Found 0 reports to execute in company_9jxwph8g
[2025-06-20T22:20:23.567Z] [INFO] Found 0 reports to execute in company_9jxwph8g
[2025-06-20T22:20:23.567Z] [INFO] Scheduled reports check completed
[2025-06-20T22:20:23.567Z] [INFO] Scheduled reports check completed
[2025-06-20T22:20:23.570Z] [DEBUG] MongoDB connection closed
[2025-06-20T22:20:23.570Z] [DEBUG] MongoDB connection closed
[2025-06-20T22:20:49.534Z] [INFO] Checking for scheduled reports...
[2025-06-20T22:20:49.556Z] [INFO] Checking for scheduled reports...
[2025-06-20T22:20:50.815Z] [DEBUG] Connected to MongoDB
[2025-06-20T22:20:50.815Z] [DEBUG] Connected to MongoDB
[2025-06-20T22:20:50.942Z] [INFO] Found 1 company databases
[2025-06-20T22:20:50.942Z] [DEBUG] Processing company database: company_9jxwph8g
[2025-06-20T22:20:50.942Z] [INFO] Found 1 company databases
[2025-06-20T22:20:50.943Z] [DEBUG] Processing company database: company_9jxwph8g
[2025-06-20T22:20:51.025Z] [DEBUG] Finding reports to execute in company_9jxwph8g (current time: 2025-06-20T22:20:51.025Z)
[2025-06-20T22:20:51.025Z] [DEBUG] Finding reports to execute in company_9jxwph8g (current time: 2025-06-20T22:20:51.025Z)
[2025-06-20T22:20:51.092Z] [INFO] Found 0 reports to execute in company_9jxwph8g
[2025-06-20T22:20:51.092Z] [INFO] Found 0 reports to execute in company_9jxwph8g
[2025-06-20T22:20:51.093Z] [INFO] Scheduled reports check completed
[2025-06-20T22:20:51.093Z] [INFO] Scheduled reports check completed
[2025-06-20T22:20:51.095Z] [DEBUG] MongoDB connection closed
[2025-06-20T22:20:51.096Z] [DEBUG] MongoDB connection closed
Fri Jun 20 17:21:00 CDT 2025: Running scheduled reports
Fri Jun 20 17:21:00 CDT 2025: Checking if NextJS server is running...
/Users/sim/Project2/scripts/../scripts/run-simple-scheduled-reports.sh: line 16: node: command not found
Fri Jun 20 17:21:00 CDT 2025: NextJS server is running. Running scheduled reports check...
/Users/sim/Project2/scripts/../scripts/run-scheduled-reports-cron.sh: line 25: node: command not found
[2025-06-20T22:21:19.535Z] [INFO] Checking for scheduled reports...
[2025-06-20T22:21:19.557Z] [INFO] Checking for scheduled reports...
[2025-06-20T22:21:20.287Z] [DEBUG] Connected to MongoDB
[2025-06-20T22:21:20.287Z] [DEBUG] Connected to MongoDB
[2025-06-20T22:21:20.415Z] [INFO] Found 1 company databases
[2025-06-20T22:21:20.415Z] [INFO] Found 1 company databases
[2025-06-20T22:21:20.416Z] [DEBUG] Processing company database: company_9jxwph8g
[2025-06-20T22:21:20.416Z] [DEBUG] Processing company database: company_9jxwph8g
[2025-06-20T22:21:20.496Z] [DEBUG] Finding reports to execute in company_9jxwph8g (current time: 2025-06-20T22:21:20.496Z)
[2025-06-20T22:21:20.496Z] [DEBUG] Finding reports to execute in company_9jxwph8g (current time: 2025-06-20T22:21:20.496Z)
[2025-06-20T22:21:20.581Z] [INFO] Found 0 reports to execute in company_9jxwph8g
[2025-06-20T22:21:20.582Z] [INFO] Found 0 reports to execute in company_9jxwph8g
[2025-06-20T22:21:20.582Z] [INFO] Scheduled reports check completed
[2025-06-20T22:21:20.582Z] [INFO] Scheduled reports check completed
[2025-06-20T22:21:20.584Z] [DEBUG] MongoDB connection closed
[2025-06-20T22:21:20.584Z] [DEBUG] MongoDB connection closed
[2025-06-20T22:21:49.536Z] [INFO] Checking for scheduled reports...
[2025-06-20T22:21:49.558Z] [INFO] Checking for scheduled reports...
[2025-06-20T22:21:50.355Z] [DEBUG] Connected to MongoDB
[2025-06-20T22:21:50.355Z] [DEBUG] Connected to MongoDB
[2025-06-20T22:21:50.477Z] [INFO] Found 1 company databases
[2025-06-20T22:21:50.477Z] [INFO] Found 1 company databases
[2025-06-20T22:21:50.478Z] [DEBUG] Processing company database: company_9jxwph8g
[2025-06-20T22:21:50.478Z] [DEBUG] Processing company database: company_9jxwph8g
[2025-06-20T22:21:50.558Z] [DEBUG] Finding reports to execute in company_9jxwph8g (current time: 2025-06-20T22:21:50.558Z)
[2025-06-20T22:21:50.558Z] [DEBUG] Finding reports to execute in company_9jxwph8g (current time: 2025-06-20T22:21:50.558Z)
[2025-06-20T22:21:50.631Z] [INFO] Found 0 reports to execute in company_9jxwph8g
[2025-06-20T22:21:50.631Z] [INFO] Found 0 reports to execute in company_9jxwph8g
[2025-06-20T22:21:50.631Z] [INFO] Scheduled reports check completed
[2025-06-20T22:21:50.631Z] [INFO] Scheduled reports check completed
[2025-06-20T22:21:50.634Z] [DEBUG] MongoDB connection closed
[2025-06-20T22:21:50.634Z] [DEBUG] MongoDB connection closed
Fri Jun 20 17:22:00 CDT 2025: Running scheduled reports
Fri Jun 20 17:22:00 CDT 2025: Checking if NextJS server is running...
/Users/sim/Project2/scripts/../scripts/run-simple-scheduled-reports.sh: line 16: node: command not found
Fri Jun 20 17:22:00 CDT 2025: NextJS server is running. Running scheduled reports check...
/Users/sim/Project2/scripts/../scripts/run-scheduled-reports-cron.sh: line 25: node: command not found
[2025-06-20T22:22:19.538Z] [INFO] Checking for scheduled reports...
[2025-06-20T22:22:19.559Z] [INFO] Checking for scheduled reports...
[2025-06-20T22:22:20.392Z] [DEBUG] Connected to MongoDB
[2025-06-20T22:22:20.487Z] [DEBUG] Connected to MongoDB
[2025-06-20T22:22:20.488Z] [INFO] Found 1 company databases
[2025-06-20T22:22:20.489Z] [DEBUG] Processing company database: company_9jxwph8g
[2025-06-20T22:22:20.568Z] [INFO] Found 1 company databases
[2025-06-20T22:22:20.568Z] [DEBUG] Finding reports to execute in company_9jxwph8g (current time: 2025-06-20T22:22:20.568Z)
[2025-06-20T22:22:20.569Z] [DEBUG] Processing company database: company_9jxwph8g
[2025-06-20T22:22:20.634Z] [INFO] Found 0 reports to execute in company_9jxwph8g
[2025-06-20T22:22:20.634Z] [DEBUG] Finding reports to execute in company_9jxwph8g (current time: 2025-06-20T22:22:20.634Z)
[2025-06-20T22:22:20.634Z] [INFO] Scheduled reports check completed
[2025-06-20T22:22:20.637Z] [DEBUG] MongoDB connection closed
[2025-06-20T22:22:20.699Z] [INFO] Found 0 reports to execute in company_9jxwph8g
[2025-06-20T22:22:20.700Z] [INFO] Scheduled reports check completed
[2025-06-20T22:22:20.702Z] [DEBUG] MongoDB connection closed
[2025-06-20T22:22:49.539Z] [INFO] Checking for scheduled reports...
[2025-06-20T22:22:49.560Z] [INFO] Checking for scheduled reports...
[2025-06-20T22:22:50.138Z] [DEBUG] Connected to MongoDB
[2025-06-20T22:22:50.144Z] [DEBUG] Connected to MongoDB
[2025-06-20T22:22:50.208Z] [INFO] Found 1 company databases
[2025-06-20T22:22:50.209Z] [DEBUG] Processing company database: company_9jxwph8g
[2025-06-20T22:22:50.227Z] [INFO] Found 1 company databases
[2025-06-20T22:22:50.228Z] [DEBUG] Processing company database: company_9jxwph8g
[2025-06-20T22:22:50.267Z] [DEBUG] Finding reports to execute in company_9jxwph8g (current time: 2025-06-20T22:22:50.267Z)
[2025-06-20T22:22:50.284Z] [DEBUG] Finding reports to execute in company_9jxwph8g (current time: 2025-06-20T22:22:50.284Z)
[2025-06-20T22:22:50.324Z] [INFO] Found 0 reports to execute in company_9jxwph8g
[2025-06-20T22:22:50.324Z] [INFO] Scheduled reports check completed
[2025-06-20T22:22:50.326Z] [DEBUG] MongoDB connection closed
[2025-06-20T22:22:50.341Z] [INFO] Found 0 reports to execute in company_9jxwph8g
[2025-06-20T22:22:50.341Z] [INFO] Scheduled reports check completed
[2025-06-20T22:22:50.343Z] [DEBUG] MongoDB connection closed
Fri Jun 20 17:23:00 CDT 2025: Checking if NextJS server is running...
Fri Jun 20 17:23:00 CDT 2025: Running scheduled reports
/Users/sim/Project2/scripts/../scripts/run-simple-scheduled-reports.sh: line 16: node: command not found
Fri Jun 20 17:23:00 CDT 2025: NextJS server is running. Running scheduled reports check...
/Users/sim/Project2/scripts/../scripts/run-scheduled-reports-cron.sh: line 25: node: command not found
[2025-06-20T22:23:19.542Z] [INFO] Checking for scheduled reports...
[2025-06-20T22:23:19.561Z] [INFO] Checking for scheduled reports...
[2025-06-20T22:23:20.221Z] [DEBUG] Connected to MongoDB
[2025-06-20T22:23:20.246Z] [DEBUG] Connected to MongoDB
[2025-06-20T22:23:20.289Z] [INFO] Found 1 company databases
[2025-06-20T22:23:20.290Z] [DEBUG] Processing company database: company_9jxwph8g
[2025-06-20T22:23:20.316Z] [INFO] Found 1 company databases
[2025-06-20T22:23:20.317Z] [DEBUG] Processing company database: company_9jxwph8g
[2025-06-20T22:23:20.353Z] [DEBUG] Finding reports to execute in company_9jxwph8g (current time: 2025-06-20T22:23:20.353Z)
[2025-06-20T22:23:20.374Z] [DEBUG] Finding reports to execute in company_9jxwph8g (current time: 2025-06-20T22:23:20.374Z)
[2025-06-20T22:23:20.409Z] [INFO] Found 0 reports to execute in company_9jxwph8g
[2025-06-20T22:23:20.410Z] [INFO] Scheduled reports check completed
[2025-06-20T22:23:20.412Z] [DEBUG] MongoDB connection closed
[2025-06-20T22:23:20.431Z] [INFO] Found 0 reports to execute in company_9jxwph8g
[2025-06-20T22:23:20.432Z] [INFO] Scheduled reports check completed
[2025-06-20T22:23:20.434Z] [DEBUG] MongoDB connection closed
[2025-06-20T22:23:49.544Z] [INFO] Checking for scheduled reports...
[2025-06-20T22:23:49.561Z] [INFO] Checking for scheduled reports...
[2025-06-20T22:23:50.194Z] [DEBUG] Connected to MongoDB
[2025-06-20T22:23:50.205Z] [DEBUG] Connected to MongoDB
[2025-06-20T22:23:50.277Z] [INFO] Found 1 company databases
[2025-06-20T22:23:50.278Z] [DEBUG] Processing company database: company_9jxwph8g
[2025-06-20T22:23:50.295Z] [INFO] Found 1 company databases
[2025-06-20T22:23:50.295Z] [DEBUG] Processing company database: company_9jxwph8g
[2025-06-20T22:23:50.335Z] [DEBUG] Finding reports to execute in company_9jxwph8g (current time: 2025-06-20T22:23:50.335Z)
[2025-06-20T22:23:50.353Z] [DEBUG] Finding reports to execute in company_9jxwph8g (current time: 2025-06-20T22:23:50.353Z)
[2025-06-20T22:23:50.391Z] [INFO] Found 0 reports to execute in company_9jxwph8g
[2025-06-20T22:23:50.391Z] [INFO] Scheduled reports check completed
[2025-06-20T22:23:50.394Z] [DEBUG] MongoDB connection closed
[2025-06-20T22:23:50.408Z] [INFO] Found 0 reports to execute in company_9jxwph8g
[2025-06-20T22:23:50.409Z] [INFO] Scheduled reports check completed
[2025-06-20T22:23:50.411Z] [DEBUG] MongoDB connection closed
Fri Jun 20 17:24:00 CDT 2025: Running scheduled reports
Fri Jun 20 17:24:00 CDT 2025: Checking if NextJS server is running...
/Users/sim/Project2/scripts/../scripts/run-simple-scheduled-reports.sh: line 16: node: command not found
Fri Jun 20 17:24:00 CDT 2025: NextJS server is running. Running scheduled reports check...
/Users/sim/Project2/scripts/../scripts/run-scheduled-reports-cron.sh: line 25: node: command not found
[2025-06-20T22:24:19.544Z] [INFO] Checking for scheduled reports...
[2025-06-20T22:24:19.563Z] [INFO] Checking for scheduled reports...
[2025-06-20T22:24:20.190Z] [DEBUG] Connected to MongoDB
[2025-06-20T22:24:20.211Z] [DEBUG] Connected to MongoDB
[2025-06-20T22:24:20.258Z] [INFO] Found 1 company databases
[2025-06-20T22:24:20.259Z] [DEBUG] Processing company database: company_9jxwph8g
[2025-06-20T22:24:20.292Z] [INFO] Found 1 company databases
[2025-06-20T22:24:20.292Z] [DEBUG] Processing company database: company_9jxwph8g
[2025-06-20T22:24:20.315Z] [DEBUG] Finding reports to execute in company_9jxwph8g (current time: 2025-06-20T22:24:20.315Z)
[2025-06-20T22:24:20.349Z] [DEBUG] Finding reports to execute in company_9jxwph8g (current time: 2025-06-20T22:24:20.349Z)
[2025-06-20T22:24:20.371Z] [INFO] Found 0 reports to execute in company_9jxwph8g
[2025-06-20T22:24:20.371Z] [INFO] Scheduled reports check completed
[2025-06-20T22:24:20.373Z] [DEBUG] MongoDB connection closed
[2025-06-20T22:24:20.407Z] [INFO] Found 0 reports to execute in company_9jxwph8g
[2025-06-20T22:24:20.408Z] [INFO] Scheduled reports check completed
[2025-06-20T22:24:20.410Z] [DEBUG] MongoDB connection closed
[2025-06-20T22:24:49.545Z] [INFO] Checking for scheduled reports...
[2025-06-20T22:24:49.564Z] [INFO] Checking for scheduled reports...
[2025-06-20T22:24:50.145Z] [DEBUG] Connected to MongoDB
[2025-06-20T22:24:50.148Z] [DEBUG] Connected to MongoDB
[2025-06-20T22:24:50.213Z] [INFO] Found 1 company databases
[2025-06-20T22:24:50.213Z] [DEBUG] Processing company database: company_9jxwph8g
[2025-06-20T22:24:50.215Z] [INFO] Found 1 company databases
[2025-06-20T22:24:50.216Z] [DEBUG] Processing company database: company_9jxwph8g
[2025-06-20T22:24:50.273Z] [DEBUG] Finding reports to execute in company_9jxwph8g (current time: 2025-06-20T22:24:50.273Z)
[2025-06-20T22:24:50.273Z] [DEBUG] Finding reports to execute in company_9jxwph8g (current time: 2025-06-20T22:24:50.273Z)
[2025-06-20T22:24:50.329Z] [INFO] Found 0 reports to execute in company_9jxwph8g
[2025-06-20T22:24:50.330Z] [INFO] Scheduled reports check completed
[2025-06-20T22:24:50.330Z] [INFO] Found 0 reports to execute in company_9jxwph8g
[2025-06-20T22:24:50.330Z] [INFO] Scheduled reports check completed
[2025-06-20T22:24:50.332Z] [DEBUG] MongoDB connection closed
[2025-06-20T22:24:50.332Z] [DEBUG] MongoDB connection closed
Fri Jun 20 17:25:00 CDT 2025: Running scheduled reports
Fri Jun 20 17:25:00 CDT 2025: Checking if NextJS server is running...
/Users/sim/Project2/scripts/../scripts/run-simple-scheduled-reports.sh: line 16: node: command not found
Fri Jun 20 17:25:00 CDT 2025: NextJS server is running. Running scheduled reports check...
/Users/sim/Project2/scripts/../scripts/run-scheduled-reports-cron.sh: line 25: node: command not found
[2025-06-20T22:25:19.546Z] [INFO] Checking for scheduled reports...
[2025-06-20T22:25:19.564Z] [INFO] Checking for scheduled reports...
[2025-06-20T22:25:20.203Z] [DEBUG] Connected to MongoDB
[2025-06-20T22:25:20.213Z] [DEBUG] Connected to MongoDB
[2025-06-20T22:25:20.271Z] [INFO] Found 1 company databases
[2025-06-20T22:25:20.272Z] [DEBUG] Processing company database: company_9jxwph8g
[2025-06-20T22:25:20.279Z] [INFO] Found 1 company databases
[2025-06-20T22:25:20.280Z] [DEBUG] Processing company database: company_9jxwph8g
[2025-06-20T22:25:20.329Z] [DEBUG] Finding reports to execute in company_9jxwph8g (current time: 2025-06-20T22:25:20.329Z)
[2025-06-20T22:25:20.336Z] [DEBUG] Finding reports to execute in company_9jxwph8g (current time: 2025-06-20T22:25:20.336Z)
[2025-06-20T22:25:20.385Z] [INFO] Found 0 reports to execute in company_9jxwph8g
[2025-06-20T22:25:20.386Z] [INFO] Scheduled reports check completed
[2025-06-20T22:25:20.388Z] [DEBUG] MongoDB connection closed
[2025-06-20T22:25:20.392Z] [INFO] Found 0 reports to execute in company_9jxwph8g
[2025-06-20T22:25:20.392Z] [INFO] Scheduled reports check completed
[2025-06-20T22:25:20.394Z] [DEBUG] MongoDB connection closed
[2025-06-20T22:25:49.548Z] [INFO] Checking for scheduled reports...
[2025-06-20T22:25:49.565Z] [INFO] Checking for scheduled reports...
[2025-06-20T22:25:50.163Z] [DEBUG] Connected to MongoDB
[2025-06-20T22:25:50.182Z] [DEBUG] Connected to MongoDB
[2025-06-20T22:25:50.230Z] [INFO] Found 1 company databases
[2025-06-20T22:25:50.230Z] [DEBUG] Processing company database: company_9jxwph8g
[2025-06-20T22:25:50.250Z] [INFO] Found 1 company databases
[2025-06-20T22:25:50.250Z] [DEBUG] Processing company database: company_9jxwph8g
[2025-06-20T22:25:50.286Z] [DEBUG] Finding reports to execute in company_9jxwph8g (current time: 2025-06-20T22:25:50.286Z)
[2025-06-20T22:25:50.307Z] [DEBUG] Finding reports to execute in company_9jxwph8g (current time: 2025-06-20T22:25:50.307Z)
[2025-06-20T22:25:50.354Z] [INFO] Found 0 reports to execute in company_9jxwph8g
[2025-06-20T22:25:50.354Z] [INFO] Scheduled reports check completed
[2025-06-20T22:25:50.357Z] [DEBUG] MongoDB connection closed
[2025-06-20T22:25:50.377Z] [INFO] Found 0 reports to execute in company_9jxwph8g
[2025-06-20T22:25:50.377Z] [INFO] Scheduled reports check completed
[2025-06-20T22:25:50.379Z] [DEBUG] MongoDB connection closed
Fri Jun 20 17:26:01 CDT 2025: Running scheduled reports
Fri Jun 20 17:26:01 CDT 2025: Checking if NextJS server is running...
/Users/sim/Project2/scripts/../scripts/run-simple-scheduled-reports.sh: line 16: node: command not found
Fri Jun 20 17:26:01 CDT 2025: NextJS server is running. Running scheduled reports check...
/Users/sim/Project2/scripts/../scripts/run-scheduled-reports-cron.sh: line 25: node: command not found
[2025-06-20T22:26:19.548Z] [INFO] Checking for scheduled reports...
[2025-06-20T22:26:19.566Z] [INFO] Checking for scheduled reports...
[2025-06-20T22:26:20.252Z] [DEBUG] Connected to MongoDB
[2025-06-20T22:26:20.268Z] [DEBUG] Connected to MongoDB
[2025-06-20T22:26:20.319Z] [INFO] Found 1 company databases
[2025-06-20T22:26:20.320Z] [DEBUG] Processing company database: company_9jxwph8g
[2025-06-20T22:26:20.336Z] [INFO] Found 1 company databases
[2025-06-20T22:26:20.336Z] [DEBUG] Processing company database: company_9jxwph8g
[2025-06-20T22:26:20.377Z] [DEBUG] Finding reports to execute in company_9jxwph8g (current time: 2025-06-20T22:26:20.377Z)
[2025-06-20T22:26:20.393Z] [DEBUG] Finding reports to execute in company_9jxwph8g (current time: 2025-06-20T22:26:20.393Z)
[2025-06-20T22:26:20.433Z] [INFO] Found 0 reports to execute in company_9jxwph8g
[2025-06-20T22:26:20.434Z] [INFO] Scheduled reports check completed
[2025-06-20T22:26:20.436Z] [DEBUG] MongoDB connection closed
[2025-06-20T22:26:20.449Z] [INFO] Found 0 reports to execute in company_9jxwph8g
[2025-06-20T22:26:20.450Z] [INFO] Scheduled reports check completed
[2025-06-20T22:26:20.452Z] [DEBUG] MongoDB connection closed
[2025-06-20T22:26:49.549Z] [INFO] Checking for scheduled reports...
[2025-06-20T22:26:49.567Z] [INFO] Checking for scheduled reports...
[2025-06-20T22:26:50.233Z] [DEBUG] Connected to MongoDB
[2025-06-20T22:26:50.246Z] [DEBUG] Connected to MongoDB
[2025-06-20T22:26:50.302Z] [INFO] Found 1 company databases
[2025-06-20T22:26:50.303Z] [DEBUG] Processing company database: company_9jxwph8g
[2025-06-20T22:26:50.313Z] [INFO] Found 1 company databases
[2025-06-20T22:26:50.314Z] [DEBUG] Processing company database: company_9jxwph8g
[2025-06-20T22:26:50.360Z] [DEBUG] Finding reports to execute in company_9jxwph8g (current time: 2025-06-20T22:26:50.360Z)
[2025-06-20T22:26:50.370Z] [DEBUG] Finding reports to execute in company_9jxwph8g (current time: 2025-06-20T22:26:50.370Z)
[2025-06-20T22:26:50.418Z] [INFO] Found 0 reports to execute in company_9jxwph8g
[2025-06-20T22:26:50.419Z] [INFO] Scheduled reports check completed
[2025-06-20T22:26:50.420Z] [DEBUG] MongoDB connection closed
[2025-06-20T22:26:50.433Z] [INFO] Found 0 reports to execute in company_9jxwph8g
[2025-06-20T22:26:50.433Z] [INFO] Scheduled reports check completed
[2025-06-20T22:26:50.435Z] [DEBUG] MongoDB connection closed
Fri Jun 20 17:27:00 CDT 2025: Running scheduled reports
Fri Jun 20 17:27:00 CDT 2025: Checking if NextJS server is running...
/Users/sim/Project2/scripts/../scripts/run-simple-scheduled-reports.sh: line 16: node: command not found
Fri Jun 20 17:27:00 CDT 2025: NextJS server is running. Running scheduled reports check...
/Users/sim/Project2/scripts/../scripts/run-scheduled-reports-cron.sh: line 25: node: command not found
[2025-06-20T22:27:19.551Z] [INFO] Checking for scheduled reports...
[2025-06-20T22:27:19.568Z] [INFO] Checking for scheduled reports...
[2025-06-20T22:27:20.247Z] [DEBUG] Connected to MongoDB
[2025-06-20T22:27:20.247Z] [DEBUG] Connected to MongoDB
[2025-06-20T22:27:20.318Z] [INFO] Found 1 company databases
[2025-06-20T22:27:20.318Z] [INFO] Found 1 company databases
[2025-06-20T22:27:20.319Z] [DEBUG] Processing company database: company_9jxwph8g
[2025-06-20T22:27:20.319Z] [DEBUG] Processing company database: company_9jxwph8g
[2025-06-20T22:27:20.375Z] [DEBUG] Finding reports to execute in company_9jxwph8g (current time: 2025-06-20T22:27:20.375Z)
[2025-06-20T22:27:20.377Z] [DEBUG] Finding reports to execute in company_9jxwph8g (current time: 2025-06-20T22:27:20.377Z)
[2025-06-20T22:27:20.431Z] [INFO] Found 0 reports to execute in company_9jxwph8g
[2025-06-20T22:27:20.431Z] [INFO] Scheduled reports check completed
[2025-06-20T22:27:20.433Z] [INFO] Found 0 reports to execute in company_9jxwph8g
[2025-06-20T22:27:20.434Z] [INFO] Scheduled reports check completed
[2025-06-20T22:27:20.434Z] [DEBUG] MongoDB connection closed
[2025-06-20T22:27:20.437Z] [DEBUG] MongoDB connection closed
[2025-06-20T22:27:49.552Z] [INFO] Checking for scheduled reports...
[2025-06-20T22:27:49.570Z] [INFO] Checking for scheduled reports...
[2025-06-20T22:27:50.139Z] [DEBUG] Connected to MongoDB
[2025-06-20T22:27:50.153Z] [DEBUG] Connected to MongoDB
[2025-06-20T22:27:50.207Z] [INFO] Found 1 company databases
[2025-06-20T22:27:50.207Z] [DEBUG] Processing company database: company_9jxwph8g
[2025-06-20T22:27:50.219Z] [INFO] Found 1 company databases
[2025-06-20T22:27:50.220Z] [DEBUG] Processing company database: company_9jxwph8g
[2025-06-20T22:27:50.264Z] [DEBUG] Finding reports to execute in company_9jxwph8g (current time: 2025-06-20T22:27:50.264Z)
[2025-06-20T22:27:50.276Z] [DEBUG] Finding reports to execute in company_9jxwph8g (current time: 2025-06-20T22:27:50.276Z)
[2025-06-20T22:27:50.320Z] [INFO] Found 0 reports to execute in company_9jxwph8g
[2025-06-20T22:27:50.321Z] [INFO] Scheduled reports check completed
[2025-06-20T22:27:50.323Z] [DEBUG] MongoDB connection closed
[2025-06-20T22:27:50.332Z] [INFO] Found 0 reports to execute in company_9jxwph8g
[2025-06-20T22:27:50.332Z] [INFO] Scheduled reports check completed
[2025-06-20T22:27:50.334Z] [DEBUG] MongoDB connection closed
Fri Jun 20 17:28:00 CDT 2025: Running scheduled reports
Fri Jun 20 17:28:00 CDT 2025: Checking if NextJS server is running...
/Users/sim/Project2/scripts/../scripts/run-simple-scheduled-reports.sh: line 16: node: command not found
Fri Jun 20 17:28:00 CDT 2025: NextJS server is running. Running scheduled reports check...
/Users/sim/Project2/scripts/../scripts/run-scheduled-reports-cron.sh: line 25: node: command not found
[2025-06-20T22:28:19.553Z] [INFO] Checking for scheduled reports...
[2025-06-20T22:28:19.571Z] [INFO] Checking for scheduled reports...
[2025-06-20T22:28:20.983Z] [DEBUG] Connected to MongoDB
[2025-06-20T22:28:21.039Z] [DEBUG] Connected to MongoDB
[2025-06-20T22:28:21.051Z] [INFO] Found 1 company databases
[2025-06-20T22:28:21.051Z] [DEBUG] Processing company database: company_9jxwph8g
[2025-06-20T22:28:21.106Z] [INFO] Found 1 company databases
[2025-06-20T22:28:21.107Z] [DEBUG] Processing company database: company_9jxwph8g
[2025-06-20T22:28:21.107Z] [DEBUG] Finding reports to execute in company_9jxwph8g (current time: 2025-06-20T22:28:21.107Z)
[2025-06-20T22:28:21.163Z] [DEBUG] Finding reports to execute in company_9jxwph8g (current time: 2025-06-20T22:28:21.163Z)
[2025-06-20T22:28:21.164Z] [INFO] Found 0 reports to execute in company_9jxwph8g
[2025-06-20T22:28:21.165Z] [INFO] Scheduled reports check completed
[2025-06-20T22:28:21.166Z] [DEBUG] MongoDB connection closed
[2025-06-20T22:28:21.220Z] [INFO] Found 0 reports to execute in company_9jxwph8g
[2025-06-20T22:28:21.221Z] [INFO] Scheduled reports check completed
[2025-06-20T22:28:21.223Z] [DEBUG] MongoDB connection closed
[2025-06-20T22:28:49.553Z] [INFO] Checking for scheduled reports...
[2025-06-20T22:28:49.573Z] [INFO] Checking for scheduled reports...
[2025-06-20T22:28:50.556Z] [DEBUG] Connected to MongoDB
[2025-06-20T22:28:50.558Z] [DEBUG] Connected to MongoDB
[2025-06-20T22:28:50.656Z] [INFO] Found 1 company databases
[2025-06-20T22:28:50.656Z] [INFO] Found 1 company databases
[2025-06-20T22:28:50.657Z] [DEBUG] Processing company database: company_9jxwph8g
[2025-06-20T22:28:50.657Z] [DEBUG] Processing company database: company_9jxwph8g
[2025-06-20T22:28:50.735Z] [DEBUG] Finding reports to execute in company_9jxwph8g (current time: 2025-06-20T22:28:50.735Z)
[2025-06-20T22:28:50.735Z] [DEBUG] Finding reports to execute in company_9jxwph8g (current time: 2025-06-20T22:28:50.735Z)
[2025-06-20T22:28:50.845Z] [INFO] Found 0 reports to execute in company_9jxwph8g
[2025-06-20T22:28:50.845Z] [INFO] Found 0 reports to execute in company_9jxwph8g
[2025-06-20T22:28:50.846Z] [INFO] Scheduled reports check completed
[2025-06-20T22:28:50.846Z] [INFO] Scheduled reports check completed
[2025-06-20T22:28:50.848Z] [DEBUG] MongoDB connection closed
[2025-06-20T22:28:50.848Z] [DEBUG] MongoDB connection closed
Fri Jun 20 17:29:00 CDT 2025: Checking if NextJS server is running...
Fri Jun 20 17:29:00 CDT 2025: Running scheduled reports
/Users/sim/Project2/scripts/../scripts/run-simple-scheduled-reports.sh: line 16: node: command not found
Fri Jun 20 17:29:00 CDT 2025: NextJS server is running. Running scheduled reports check...
/Users/sim/Project2/scripts/../scripts/run-scheduled-reports-cron.sh: line 25: node: command not found
[2025-06-20T22:29:19.555Z] [INFO] Checking for scheduled reports...
[2025-06-20T22:29:19.574Z] [INFO] Checking for scheduled reports...
[2025-06-20T22:29:20.235Z] [DEBUG] Connected to MongoDB
[2025-06-20T22:29:20.247Z] [DEBUG] Connected to MongoDB
[2025-06-20T22:29:20.305Z] [INFO] Found 1 company databases
[2025-06-20T22:29:20.307Z] [DEBUG] Processing company database: company_9jxwph8g
[2025-06-20T22:29:20.315Z] [INFO] Found 1 company databases
[2025-06-20T22:29:20.316Z] [DEBUG] Processing company database: company_9jxwph8g
[2025-06-20T22:29:20.372Z] [DEBUG] Finding reports to execute in company_9jxwph8g (current time: 2025-06-20T22:29:20.372Z)
[2025-06-20T22:29:20.385Z] [DEBUG] Finding reports to execute in company_9jxwph8g (current time: 2025-06-20T22:29:20.385Z)
[2025-06-20T22:29:20.438Z] [INFO] Found 0 reports to execute in company_9jxwph8g
[2025-06-20T22:29:20.438Z] [INFO] Scheduled reports check completed
[2025-06-20T22:29:20.441Z] [DEBUG] MongoDB connection closed
[2025-06-20T22:29:20.456Z] [INFO] Found 0 reports to execute in company_9jxwph8g
[2025-06-20T22:29:20.457Z] [INFO] Scheduled reports check completed
[2025-06-20T22:29:20.458Z] [DEBUG] MongoDB connection closed
[2025-06-20T22:29:49.556Z] [INFO] Checking for scheduled reports...
[2025-06-20T22:29:49.575Z] [INFO] Checking for scheduled reports...
[2025-06-20T22:29:51.224Z] [DEBUG] Connected to MongoDB
[2025-06-20T22:29:51.224Z] [DEBUG] Connected to MongoDB
[2025-06-20T22:29:51.326Z] [INFO] Found 1 company databases
[2025-06-20T22:29:51.326Z] [INFO] Found 1 company databases
[2025-06-20T22:29:51.326Z] [DEBUG] Processing company database: company_9jxwph8g
[2025-06-20T22:29:51.326Z] [DEBUG] Processing company database: company_9jxwph8g
[2025-06-20T22:29:51.432Z] [DEBUG] Finding reports to execute in company_9jxwph8g (current time: 2025-06-20T22:29:51.432Z)
[2025-06-20T22:29:51.474Z] [DEBUG] Finding reports to execute in company_9jxwph8g (current time: 2025-06-20T22:29:51.474Z)
[2025-06-20T22:29:51.516Z] [INFO] Found 0 reports to execute in company_9jxwph8g
[2025-06-20T22:29:51.517Z] [INFO] Scheduled reports check completed
[2025-06-20T22:29:51.520Z] [DEBUG] MongoDB connection closed
[2025-06-20T22:29:51.651Z] [INFO] Found 0 reports to execute in company_9jxwph8g
[2025-06-20T22:29:51.652Z] [INFO] Scheduled reports check completed
[2025-06-20T22:29:51.657Z] [DEBUG] MongoDB connection closed
Fri Jun 20 17:30:00 CDT 2025: Running scheduled reports
Fri Jun 20 17:30:00 CDT 2025: Checking if NextJS server is running...
/Users/sim/Project2/scripts/../scripts/run-simple-scheduled-reports.sh: line 16: node: command not found
Fri Jun 20 17:30:01 CDT 2025: NextJS server is running. Running scheduled reports check...
/Users/sim/Project2/scripts/../scripts/run-scheduled-reports-cron.sh: line 25: node: command not found
[2025-06-20T22:30:19.556Z] [INFO] Checking for scheduled reports...
[2025-06-20T22:30:19.576Z] [INFO] Checking for scheduled reports...
[2025-06-20T22:30:20.297Z] [DEBUG] Connected to MongoDB
[2025-06-20T22:30:20.369Z] [DEBUG] Connected to MongoDB
[2025-06-20T22:30:20.378Z] [INFO] Found 1 company databases
[2025-06-20T22:30:20.379Z] [DEBUG] Processing company database: company_9jxwph8g
[2025-06-20T22:30:20.577Z] [DEBUG] Finding reports to execute in company_9jxwph8g (current time: 2025-06-20T22:30:20.577Z)
[2025-06-20T22:30:20.584Z] [INFO] Found 1 company databases
[2025-06-20T22:30:20.585Z] [DEBUG] Processing company database: company_9jxwph8g
[2025-06-20T22:30:20.644Z] [INFO] Found 0 reports to execute in company_9jxwph8g
[2025-06-20T22:30:20.645Z] [INFO] Scheduled reports check completed
[2025-06-20T22:30:20.647Z] [DEBUG] MongoDB connection closed
[2025-06-20T22:30:20.659Z] [DEBUG] Finding reports to execute in company_9jxwph8g (current time: 2025-06-20T22:30:20.659Z)
[2025-06-20T22:30:20.727Z] [INFO] Found 0 reports to execute in company_9jxwph8g
[2025-06-20T22:30:20.727Z] [INFO] Scheduled reports check completed
[2025-06-20T22:30:20.732Z] [DEBUG] MongoDB connection closed
[2025-06-20T22:30:49.559Z] [INFO] Checking for scheduled reports...
[2025-06-20T22:30:49.577Z] [INFO] Checking for scheduled reports...
[2025-06-20T22:30:50.185Z] [DEBUG] Connected to MongoDB
[2025-06-20T22:30:50.241Z] [DEBUG] Connected to MongoDB
[2025-06-20T22:30:50.319Z] [INFO] Found 1 company databases
[2025-06-20T22:30:50.319Z] [INFO] Found 1 company databases
[2025-06-20T22:30:50.320Z] [DEBUG] Processing company database: company_9jxwph8g
[2025-06-20T22:30:50.320Z] [DEBUG] Processing company database: company_9jxwph8g
[2025-06-20T22:30:50.415Z] [DEBUG] Finding reports to execute in company_9jxwph8g (current time: 2025-06-20T22:30:50.415Z)
[2025-06-20T22:30:50.416Z] [DEBUG] Finding reports to execute in company_9jxwph8g (current time: 2025-06-20T22:30:50.416Z)
[2025-06-20T22:30:50.483Z] [INFO] Found 0 reports to execute in company_9jxwph8g
[2025-06-20T22:30:50.483Z] [INFO] Found 0 reports to execute in company_9jxwph8g
[2025-06-20T22:30:50.484Z] [INFO] Scheduled reports check completed
[2025-06-20T22:30:50.485Z] [INFO] Scheduled reports check completed
[2025-06-20T22:30:50.487Z] [DEBUG] MongoDB connection closed
[2025-06-20T22:30:50.487Z] [DEBUG] MongoDB connection closed
Fri Jun 20 17:31:00 CDT 2025: Running scheduled reports
Fri Jun 20 17:31:00 CDT 2025: Checking if NextJS server is running...
/Users/sim/Project2/scripts/../scripts/run-simple-scheduled-reports.sh: line 16: node: command not found
Fri Jun 20 17:31:00 CDT 2025: NextJS server is running. Running scheduled reports check...
/Users/sim/Project2/scripts/../scripts/run-scheduled-reports-cron.sh: line 25: node: command not found
[2025-06-20T22:31:19.560Z] [INFO] Checking for scheduled reports...
[2025-06-20T22:31:19.579Z] [INFO] Checking for scheduled reports...
[2025-06-20T22:31:20.227Z] [DEBUG] Connected to MongoDB
[2025-06-20T22:31:20.227Z] [DEBUG] Connected to MongoDB
[2025-06-20T22:31:20.301Z] [INFO] Found 1 company databases
[2025-06-20T22:31:20.301Z] [INFO] Found 1 company databases
[2025-06-20T22:31:20.301Z] [DEBUG] Processing company database: company_9jxwph8g
[2025-06-20T22:31:20.302Z] [DEBUG] Processing company database: company_9jxwph8g
[2025-06-20T22:31:20.360Z] [DEBUG] Finding reports to execute in company_9jxwph8g (current time: 2025-06-20T22:31:20.360Z)
[2025-06-20T22:31:20.360Z] [DEBUG] Finding reports to execute in company_9jxwph8g (current time: 2025-06-20T22:31:20.360Z)
[2025-06-20T22:31:20.416Z] [INFO] Found 0 reports to execute in company_9jxwph8g
[2025-06-20T22:31:20.416Z] [INFO] Scheduled reports check completed
[2025-06-20T22:31:20.419Z] [INFO] Found 0 reports to execute in company_9jxwph8g
[2025-06-20T22:31:20.420Z] [DEBUG] MongoDB connection closed
[2025-06-20T22:31:20.420Z] [INFO] Scheduled reports check completed
[2025-06-20T22:31:20.422Z] [DEBUG] MongoDB connection closed
[2025-06-20T22:31:49.560Z] [INFO] Checking for scheduled reports...
[2025-06-20T22:31:49.579Z] [INFO] Checking for scheduled reports...
[2025-06-20T22:31:50.143Z] [DEBUG] Connected to MongoDB
[2025-06-20T22:31:50.160Z] [DEBUG] Connected to MongoDB
[2025-06-20T22:31:50.210Z] [INFO] Found 1 company databases
[2025-06-20T22:31:50.211Z] [DEBUG] Processing company database: company_9jxwph8g
[2025-06-20T22:31:50.227Z] [INFO] Found 1 company databases
[2025-06-20T22:31:50.227Z] [DEBUG] Processing company database: company_9jxwph8g
[2025-06-20T22:31:50.268Z] [DEBUG] Finding reports to execute in company_9jxwph8g (current time: 2025-06-20T22:31:50.268Z)
[2025-06-20T22:31:50.284Z] [DEBUG] Finding reports to execute in company_9jxwph8g (current time: 2025-06-20T22:31:50.284Z)
[2025-06-20T22:31:50.324Z] [INFO] Found 0 reports to execute in company_9jxwph8g
[2025-06-20T22:31:50.324Z] [INFO] Scheduled reports check completed
[2025-06-20T22:31:50.326Z] [DEBUG] MongoDB connection closed
[2025-06-20T22:31:50.340Z] [INFO] Found 0 reports to execute in company_9jxwph8g
[2025-06-20T22:31:50.341Z] [INFO] Scheduled reports check completed
[2025-06-20T22:31:50.343Z] [DEBUG] MongoDB connection closed
Fri Jun 20 17:32:00 CDT 2025: Checking if NextJS server is running...
Fri Jun 20 17:32:00 CDT 2025: Running scheduled reports
/Users/sim/Project2/scripts/../scripts/run-simple-scheduled-reports.sh: line 16: node: command not found
Fri Jun 20 17:32:00 CDT 2025: NextJS server is running. Running scheduled reports check...
/Users/sim/Project2/scripts/../scripts/run-scheduled-reports-cron.sh: line 25: node: command not found
[2025-06-20T22:32:19.562Z] [INFO] Checking for scheduled reports...
[2025-06-20T22:32:19.580Z] [INFO] Checking for scheduled reports...
[2025-06-20T22:32:20.229Z] [DEBUG] Connected to MongoDB
[2025-06-20T22:32:20.242Z] [DEBUG] Connected to MongoDB
[2025-06-20T22:32:20.296Z] [INFO] Found 1 company databases
[2025-06-20T22:32:20.297Z] [DEBUG] Processing company database: company_9jxwph8g
[2025-06-20T22:32:20.309Z] [INFO] Found 1 company databases
[2025-06-20T22:32:20.310Z] [DEBUG] Processing company database: company_9jxwph8g
[2025-06-20T22:32:20.354Z] [DEBUG] Finding reports to execute in company_9jxwph8g (current time: 2025-06-20T22:32:20.354Z)
[2025-06-20T22:32:20.367Z] [DEBUG] Finding reports to execute in company_9jxwph8g (current time: 2025-06-20T22:32:20.367Z)
[2025-06-20T22:32:20.410Z] [INFO] Found 0 reports to execute in company_9jxwph8g
[2025-06-20T22:32:20.411Z] [INFO] Scheduled reports check completed
[2025-06-20T22:32:20.413Z] [DEBUG] MongoDB connection closed
[2025-06-20T22:32:20.424Z] [INFO] Found 0 reports to execute in company_9jxwph8g
[2025-06-20T22:32:20.424Z] [INFO] Scheduled reports check completed
[2025-06-20T22:32:20.426Z] [DEBUG] MongoDB connection closed
[2025-06-20T22:32:49.562Z] [INFO] Checking for scheduled reports...
[2025-06-20T22:32:49.580Z] [INFO] Checking for scheduled reports...
[2025-06-20T22:32:50.374Z] [DEBUG] Connected to MongoDB
[2025-06-20T22:32:50.375Z] [DEBUG] Connected to MongoDB
[2025-06-20T22:32:50.465Z] [INFO] Found 1 company databases
[2025-06-20T22:32:50.465Z] [INFO] Found 1 company databases
[2025-06-20T22:32:50.465Z] [DEBUG] Processing company database: company_9jxwph8g
[2025-06-20T22:32:50.466Z] [DEBUG] Processing company database: company_9jxwph8g
[2025-06-20T22:32:50.584Z] [DEBUG] Finding reports to execute in company_9jxwph8g (current time: 2025-06-20T22:32:50.584Z)
[2025-06-20T22:32:50.583Z] [DEBUG] Finding reports to execute in company_9jxwph8g (current time: 2025-06-20T22:32:50.583Z)
[2025-06-20T22:32:50.664Z] [INFO] Found 0 reports to execute in company_9jxwph8g
[2025-06-20T22:32:50.664Z] [INFO] Found 0 reports to execute in company_9jxwph8g
[2025-06-20T22:32:50.664Z] [INFO] Scheduled reports check completed
[2025-06-20T22:32:50.664Z] [INFO] Scheduled reports check completed
[2025-06-20T22:32:50.667Z] [DEBUG] MongoDB connection closed
[2025-06-20T22:32:50.667Z] [DEBUG] MongoDB connection closed
Fri Jun 20 17:33:00 CDT 2025: Running scheduled reports
Fri Jun 20 17:33:00 CDT 2025: Checking if NextJS server is running...
/Users/sim/Project2/scripts/../scripts/run-simple-scheduled-reports.sh: line 16: node: command not found
Fri Jun 20 17:33:00 CDT 2025: NextJS server is running. Running scheduled reports check...
/Users/sim/Project2/scripts/../scripts/run-scheduled-reports-cron.sh: line 25: node: command not found
[2025-06-20T22:33:19.562Z] [INFO] Checking for scheduled reports...
[2025-06-20T22:33:19.582Z] [INFO] Checking for scheduled reports...
[2025-06-20T22:33:20.232Z] [DEBUG] Connected to MongoDB
[2025-06-20T22:33:20.252Z] [DEBUG] Connected to MongoDB
[2025-06-20T22:33:20.307Z] [INFO] Found 1 company databases
[2025-06-20T22:33:20.307Z] [DEBUG] Processing company database: company_9jxwph8g
[2025-06-20T22:33:20.339Z] [INFO] Found 1 company databases
[2025-06-20T22:33:20.340Z] [DEBUG] Processing company database: company_9jxwph8g
[2025-06-20T22:33:20.374Z] [DEBUG] Finding reports to execute in company_9jxwph8g (current time: 2025-06-20T22:33:20.374Z)
[2025-06-20T22:33:20.398Z] [DEBUG] Finding reports to execute in company_9jxwph8g (current time: 2025-06-20T22:33:20.398Z)
[2025-06-20T22:33:20.435Z] [INFO] Found 0 reports to execute in company_9jxwph8g
[2025-06-20T22:33:20.435Z] [INFO] Scheduled reports check completed
[2025-06-20T22:33:20.437Z] [DEBUG] MongoDB connection closed
[2025-06-20T22:33:20.454Z] [INFO] Found 0 reports to execute in company_9jxwph8g
[2025-06-20T22:33:20.455Z] [INFO] Scheduled reports check completed
[2025-06-20T22:33:20.457Z] [DEBUG] MongoDB connection closed
[2025-06-20T22:33:49.562Z] [INFO] Checking for scheduled reports...
[2025-06-20T22:33:49.582Z] [INFO] Checking for scheduled reports...
[2025-06-20T22:33:50.336Z] [DEBUG] Connected to MongoDB
[2025-06-20T22:33:50.336Z] [DEBUG] Connected to MongoDB
[2025-06-20T22:33:50.421Z] [INFO] Found 1 company databases
[2025-06-20T22:33:50.421Z] [INFO] Found 1 company databases
[2025-06-20T22:33:50.422Z] [DEBUG] Processing company database: company_9jxwph8g
[2025-06-20T22:33:50.422Z] [DEBUG] Processing company database: company_9jxwph8g
[2025-06-20T22:33:50.671Z] [DEBUG] Finding reports to execute in company_9jxwph8g (current time: 2025-06-20T22:33:50.671Z)
[2025-06-20T22:33:50.673Z] [DEBUG] Finding reports to execute in company_9jxwph8g (current time: 2025-06-20T22:33:50.673Z)
[2025-06-20T22:33:50.778Z] [INFO] Found 0 reports to execute in company_9jxwph8g
[2025-06-20T22:33:50.779Z] [INFO] Scheduled reports check completed
[2025-06-20T22:33:50.780Z] [INFO] Found 0 reports to execute in company_9jxwph8g
[2025-06-20T22:33:50.781Z] [INFO] Scheduled reports check completed
[2025-06-20T22:33:50.782Z] [DEBUG] MongoDB connection closed
[2025-06-20T22:33:50.785Z] [DEBUG] MongoDB connection closed
Fri Jun 20 17:34:00 CDT 2025: Checking if NextJS server is running...
Fri Jun 20 17:34:00 CDT 2025: Running scheduled reports
/Users/sim/Project2/scripts/../scripts/run-simple-scheduled-reports.sh: line 16: node: command not found
Fri Jun 20 17:34:00 CDT 2025: NextJS server is running. Running scheduled reports check...
/Users/sim/Project2/scripts/../scripts/run-scheduled-reports-cron.sh: line 25: node: command not found
[2025-06-20T22:34:19.562Z] [INFO] Checking for scheduled reports...
[2025-06-20T22:34:19.583Z] [INFO] Checking for scheduled reports...
[2025-06-20T22:34:20.343Z] [DEBUG] Connected to MongoDB
[2025-06-20T22:34:20.412Z] [DEBUG] Connected to MongoDB
[2025-06-20T22:34:20.428Z] [INFO] Found 1 company databases
[2025-06-20T22:34:20.428Z] [DEBUG] Processing company database: company_9jxwph8g
[2025-06-20T22:34:20.481Z] [INFO] Found 1 company databases
[2025-06-20T22:34:20.482Z] [DEBUG] Processing company database: company_9jxwph8g
[2025-06-20T22:34:20.485Z] [DEBUG] Finding reports to execute in company_9jxwph8g (current time: 2025-06-20T22:34:20.485Z)
[2025-06-20T22:34:20.555Z] [INFO] Found 0 reports to execute in company_9jxwph8g
[2025-06-20T22:34:20.555Z] [DEBUG] Finding reports to execute in company_9jxwph8g (current time: 2025-06-20T22:34:20.555Z)
[2025-06-20T22:34:20.556Z] [INFO] Scheduled reports check completed
[2025-06-20T22:34:20.558Z] [DEBUG] MongoDB connection closed
[2025-06-20T22:34:20.612Z] [INFO] Found 0 reports to execute in company_9jxwph8g
[2025-06-20T22:34:20.613Z] [INFO] Scheduled reports check completed
[2025-06-20T22:34:20.616Z] [DEBUG] MongoDB connection closed
[2025-06-20T22:34:49.562Z] [INFO] Checking for scheduled reports...
[2025-06-20T22:34:49.584Z] [INFO] Checking for scheduled reports...
[2025-06-20T22:34:52.539Z] [DEBUG] Connected to MongoDB
[2025-06-20T22:34:52.539Z] [DEBUG] Connected to MongoDB
[2025-06-20T22:34:52.621Z] [INFO] Found 1 company databases
[2025-06-20T22:34:52.622Z] [DEBUG] Processing company database: company_9jxwph8g
[2025-06-20T22:34:52.624Z] [INFO] Found 1 company databases
[2025-06-20T22:34:52.625Z] [DEBUG] Processing company database: company_9jxwph8g
[2025-06-20T22:34:52.698Z] [DEBUG] Finding reports to execute in company_9jxwph8g (current time: 2025-06-20T22:34:52.698Z)
[2025-06-20T22:34:52.717Z] [DEBUG] Finding reports to execute in company_9jxwph8g (current time: 2025-06-20T22:34:52.717Z)
[2025-06-20T22:34:52.757Z] [INFO] Found 0 reports to execute in company_9jxwph8g
[2025-06-20T22:34:52.758Z] [INFO] Scheduled reports check completed
[2025-06-20T22:34:52.760Z] [DEBUG] MongoDB connection closed
[2025-06-20T22:34:52.781Z] [INFO] Found 0 reports to execute in company_9jxwph8g
[2025-06-20T22:34:52.782Z] [INFO] Scheduled reports check completed
[2025-06-20T22:34:52.784Z] [DEBUG] MongoDB connection closed
Fri Jun 20 17:35:00 CDT 2025: Running scheduled reports
Fri Jun 20 17:35:00 CDT 2025: Checking if NextJS server is running...
/Users/sim/Project2/scripts/../scripts/run-simple-scheduled-reports.sh: line 16: node: command not found
Fri Jun 20 17:35:00 CDT 2025: NextJS server is running. Running scheduled reports check...
/Users/sim/Project2/scripts/../scripts/run-scheduled-reports-cron.sh: line 25: node: command not found
[2025-06-20T22:35:19.563Z] [INFO] Checking for scheduled reports...
[2025-06-20T22:35:19.585Z] [INFO] Checking for scheduled reports...
[2025-06-20T22:35:20.752Z] [DEBUG] Connected to MongoDB
[2025-06-20T22:35:20.857Z] [DEBUG] Connected to MongoDB
[2025-06-20T22:35:20.857Z] [INFO] Found 1 company databases
[2025-06-20T22:35:20.858Z] [DEBUG] Processing company database: company_9jxwph8g
[2025-06-20T22:35:20.918Z] [DEBUG] Finding reports to execute in company_9jxwph8g (current time: 2025-06-20T22:35:20.918Z)
[2025-06-20T22:35:20.929Z] [INFO] Found 1 company databases
[2025-06-20T22:35:20.930Z] [DEBUG] Processing company database: company_9jxwph8g
[2025-06-20T22:35:20.995Z] [INFO] Found 0 reports to execute in company_9jxwph8g
[2025-06-20T22:35:20.995Z] [INFO] Scheduled reports check completed
[2025-06-20T22:35:20.996Z] [DEBUG] MongoDB connection closed
[2025-06-20T22:35:21.379Z] [DEBUG] Finding reports to execute in company_9jxwph8g (current time: 2025-06-20T22:35:21.379Z)
[2025-06-20T22:35:21.695Z] [INFO] Found 0 reports to execute in company_9jxwph8g
[2025-06-20T22:35:21.704Z] [INFO] Scheduled reports check completed
[2025-06-20T22:35:21.706Z] [DEBUG] MongoDB connection closed
[2025-06-20T22:35:49.564Z] [INFO] Checking for scheduled reports...
[2025-06-20T22:35:49.587Z] [INFO] Checking for scheduled reports...
[2025-06-20T22:35:50.251Z] [DEBUG] Connected to MongoDB
[2025-06-20T22:35:50.264Z] [DEBUG] Connected to MongoDB
[2025-06-20T22:35:50.321Z] [INFO] Found 1 company databases
[2025-06-20T22:35:50.321Z] [DEBUG] Processing company database: company_9jxwph8g
[2025-06-20T22:35:50.339Z] [INFO] Found 1 company databases
[2025-06-20T22:35:50.340Z] [DEBUG] Processing company database: company_9jxwph8g
[2025-06-20T22:35:50.389Z] [DEBUG] Finding reports to execute in company_9jxwph8g (current time: 2025-06-20T22:35:50.388Z)
[2025-06-20T22:35:50.398Z] [DEBUG] Finding reports to execute in company_9jxwph8g (current time: 2025-06-20T22:35:50.398Z)
[2025-06-20T22:35:50.445Z] [INFO] Found 0 reports to execute in company_9jxwph8g
[2025-06-20T22:35:50.446Z] [INFO] Scheduled reports check completed
[2025-06-20T22:35:50.447Z] [DEBUG] MongoDB connection closed
[2025-06-20T22:35:50.460Z] [INFO] Found 0 reports to execute in company_9jxwph8g
[2025-06-20T22:35:50.460Z] [INFO] Scheduled reports check completed
[2025-06-20T22:35:50.462Z] [DEBUG] MongoDB connection closed
Fri Jun 20 17:36:01 CDT 2025: Running scheduled reports
Fri Jun 20 17:36:01 CDT 2025: Checking if NextJS server is running...
/Users/sim/Project2/scripts/../scripts/run-simple-scheduled-reports.sh: line 16: node: command not found
Fri Jun 20 17:36:01 CDT 2025: NextJS server is running. Running scheduled reports check...
/Users/sim/Project2/scripts/../scripts/run-scheduled-reports-cron.sh: line 25: node: command not found
[2025-06-20T22:36:19.566Z] [INFO] Checking for scheduled reports...
[2025-06-20T22:36:19.587Z] [INFO] Checking for scheduled reports...
[2025-06-20T22:36:20.286Z] [DEBUG] Connected to MongoDB
[2025-06-20T22:36:20.312Z] [DEBUG] Connected to MongoDB
[2025-06-20T22:36:20.371Z] [INFO] Found 1 company databases
[2025-06-20T22:36:20.371Z] [DEBUG] Processing company database: company_9jxwph8g
[2025-06-20T22:36:20.387Z] [INFO] Found 1 company databases
[2025-06-20T22:36:20.388Z] [DEBUG] Processing company database: company_9jxwph8g
[2025-06-20T22:36:20.430Z] [DEBUG] Finding reports to execute in company_9jxwph8g (current time: 2025-06-20T22:36:20.430Z)
[2025-06-20T22:36:20.444Z] [DEBUG] Finding reports to execute in company_9jxwph8g (current time: 2025-06-20T22:36:20.444Z)
[2025-06-20T22:36:20.489Z] [INFO] Found 0 reports to execute in company_9jxwph8g
[2025-06-20T22:36:20.490Z] [INFO] Scheduled reports check completed
[2025-06-20T22:36:20.492Z] [DEBUG] MongoDB connection closed
[2025-06-20T22:36:20.536Z] [INFO] Found 0 reports to execute in company_9jxwph8g
[2025-06-20T22:36:20.537Z] [INFO] Scheduled reports check completed
[2025-06-20T22:36:20.539Z] [DEBUG] MongoDB connection closed
[2025-06-20T22:36:49.567Z] [INFO] Checking for scheduled reports...
[2025-06-20T22:36:49.589Z] [INFO] Checking for scheduled reports...
[2025-06-20T22:36:50.158Z] [DEBUG] Connected to MongoDB
[2025-06-20T22:36:50.173Z] [DEBUG] Connected to MongoDB
[2025-06-20T22:36:50.226Z] [INFO] Found 1 company databases
[2025-06-20T22:36:50.227Z] [DEBUG] Processing company database: company_9jxwph8g
[2025-06-20T22:36:50.240Z] [INFO] Found 1 company databases
[2025-06-20T22:36:50.240Z] [DEBUG] Processing company database: company_9jxwph8g
[2025-06-20T22:36:50.283Z] [DEBUG] Finding reports to execute in company_9jxwph8g (current time: 2025-06-20T22:36:50.283Z)
[2025-06-20T22:36:50.297Z] [DEBUG] Finding reports to execute in company_9jxwph8g (current time: 2025-06-20T22:36:50.297Z)
[2025-06-20T22:36:50.340Z] [INFO] Found 0 reports to execute in company_9jxwph8g
[2025-06-20T22:36:50.340Z] [INFO] Scheduled reports check completed
[2025-06-20T22:36:50.342Z] [DEBUG] MongoDB connection closed
[2025-06-20T22:36:50.353Z] [INFO] Found 0 reports to execute in company_9jxwph8g
[2025-06-20T22:36:50.353Z] [INFO] Scheduled reports check completed
[2025-06-20T22:36:50.355Z] [DEBUG] MongoDB connection closed
Fri Jun 20 17:37:00 CDT 2025: Checking if NextJS server is running...
Fri Jun 20 17:37:00 CDT 2025: Running scheduled reports
/Users/sim/Project2/scripts/../scripts/run-simple-scheduled-reports.sh: line 16: node: command not found
Fri Jun 20 17:37:00 CDT 2025: NextJS server is running. Running scheduled reports check...
/Users/sim/Project2/scripts/../scripts/run-scheduled-reports-cron.sh: line 25: node: command not found
[2025-06-20T22:37:19.568Z] [INFO] Checking for scheduled reports...
[2025-06-20T22:37:19.589Z] [INFO] Checking for scheduled reports...
[2025-06-20T22:37:20.207Z] [DEBUG] Connected to MongoDB
[2025-06-20T22:37:20.232Z] [DEBUG] Connected to MongoDB
[2025-06-20T22:37:20.274Z] [INFO] Found 1 company databases
[2025-06-20T22:37:20.275Z] [DEBUG] Processing company database: company_9jxwph8g
[2025-06-20T22:37:20.300Z] [INFO] Found 1 company databases
[2025-06-20T22:37:20.303Z] [DEBUG] Processing company database: company_9jxwph8g
[2025-06-20T22:37:20.334Z] [DEBUG] Finding reports to execute in company_9jxwph8g (current time: 2025-06-20T22:37:20.334Z)
[2025-06-20T22:37:20.361Z] [DEBUG] Finding reports to execute in company_9jxwph8g (current time: 2025-06-20T22:37:20.361Z)
[2025-06-20T22:37:20.391Z] [INFO] Found 0 reports to execute in company_9jxwph8g
[2025-06-20T22:37:20.391Z] [INFO] Scheduled reports check completed
[2025-06-20T22:37:20.393Z] [DEBUG] MongoDB connection closed
[2025-06-20T22:37:20.422Z] [INFO] Found 0 reports to execute in company_9jxwph8g
[2025-06-20T22:37:20.423Z] [INFO] Scheduled reports check completed
[2025-06-20T22:37:20.425Z] [DEBUG] MongoDB connection closed
[2025-06-20T22:37:49.569Z] [INFO] Checking for scheduled reports...
[2025-06-20T22:37:49.589Z] [INFO] Checking for scheduled reports...
[2025-06-20T22:37:50.159Z] [DEBUG] Connected to MongoDB
[2025-06-20T22:37:50.205Z] [DEBUG] Connected to MongoDB
[2025-06-20T22:37:50.225Z] [INFO] Found 1 company databases
[2025-06-20T22:37:50.226Z] [DEBUG] Processing company database: company_9jxwph8g
[2025-06-20T22:37:50.274Z] [INFO] Found 1 company databases
[2025-06-20T22:37:50.275Z] [DEBUG] Processing company database: company_9jxwph8g
[2025-06-20T22:37:50.282Z] [DEBUG] Finding reports to execute in company_9jxwph8g (current time: 2025-06-20T22:37:50.282Z)
[2025-06-20T22:37:50.332Z] [DEBUG] Finding reports to execute in company_9jxwph8g (current time: 2025-06-20T22:37:50.332Z)
[2025-06-20T22:37:50.338Z] [INFO] Found 0 reports to execute in company_9jxwph8g
[2025-06-20T22:37:50.338Z] [INFO] Scheduled reports check completed
[2025-06-20T22:37:50.341Z] [DEBUG] MongoDB connection closed
[2025-06-20T22:37:50.389Z] [INFO] Found 0 reports to execute in company_9jxwph8g
[2025-06-20T22:37:50.389Z] [INFO] Scheduled reports check completed
[2025-06-20T22:37:50.391Z] [DEBUG] MongoDB connection closed
Fri Jun 20 17:38:00 CDT 2025: Checking if NextJS server is running...
Fri Jun 20 17:38:00 CDT 2025: Running scheduled reports
/Users/sim/Project2/scripts/../scripts/run-simple-scheduled-reports.sh: line 16: node: command not found
Fri Jun 20 17:38:00 CDT 2025: NextJS server is running. Running scheduled reports check...
/Users/sim/Project2/scripts/../scripts/run-scheduled-reports-cron.sh: line 25: node: command not found
[2025-06-20T22:38:19.570Z] [INFO] Checking for scheduled reports...
[2025-06-20T22:38:19.590Z] [INFO] Checking for scheduled reports...
[2025-06-20T22:38:21.242Z] [DEBUG] Connected to MongoDB
[2025-06-20T22:38:21.413Z] [DEBUG] Connected to MongoDB
[2025-06-20T22:38:21.414Z] [INFO] Found 1 company databases
[2025-06-20T22:38:21.415Z] [DEBUG] Processing company database: company_9jxwph8g
[2025-06-20T22:38:21.591Z] [INFO] Found 1 company databases
[2025-06-20T22:38:21.591Z] [DEBUG] Finding reports to execute in company_9jxwph8g (current time: 2025-06-20T22:38:21.591Z)
[2025-06-20T22:38:21.592Z] [DEBUG] Processing company database: company_9jxwph8g
[2025-06-20T22:38:21.726Z] [INFO] Found 0 reports to execute in company_9jxwph8g
[2025-06-20T22:38:21.726Z] [DEBUG] Finding reports to execute in company_9jxwph8g (current time: 2025-06-20T22:38:21.726Z)
[2025-06-20T22:38:21.728Z] [INFO] Scheduled reports check completed
[2025-06-20T22:38:21.732Z] [DEBUG] MongoDB connection closed
[2025-06-20T22:38:21.878Z] [INFO] Found 0 reports to execute in company_9jxwph8g
[2025-06-20T22:38:21.879Z] [INFO] Scheduled reports check completed
[2025-06-20T22:38:21.882Z] [DEBUG] MongoDB connection closed
[2025-06-20T22:38:49.572Z] [INFO] Checking for scheduled reports...
[2025-06-20T22:38:49.591Z] [INFO] Checking for scheduled reports...
[2025-06-20T22:38:50.292Z] [DEBUG] Connected to MongoDB
[2025-06-20T22:38:50.293Z] [DEBUG] Connected to MongoDB
[2025-06-20T22:38:50.361Z] [INFO] Found 1 company databases
[2025-06-20T22:38:50.362Z] [INFO] Found 1 company databases
[2025-06-20T22:38:50.362Z] [DEBUG] Processing company database: company_9jxwph8g
[2025-06-20T22:38:50.362Z] [DEBUG] Processing company database: company_9jxwph8g
[2025-06-20T22:38:50.422Z] [DEBUG] Finding reports to execute in company_9jxwph8g (current time: 2025-06-20T22:38:50.422Z)
[2025-06-20T22:38:50.423Z] [DEBUG] Finding reports to execute in company_9jxwph8g (current time: 2025-06-20T22:38:50.423Z)
[2025-06-20T22:38:50.479Z] [INFO] Found 0 reports to execute in company_9jxwph8g
[2025-06-20T22:38:50.479Z] [INFO] Found 0 reports to execute in company_9jxwph8g
[2025-06-20T22:38:50.479Z] [INFO] Scheduled reports check completed
[2025-06-20T22:38:50.480Z] [INFO] Scheduled reports check completed
[2025-06-20T22:38:50.482Z] [DEBUG] MongoDB connection closed
[2025-06-20T22:38:50.482Z] [DEBUG] MongoDB connection closed
Fri Jun 20 17:39:00 CDT 2025: Running scheduled reports
Fri Jun 20 17:39:00 CDT 2025: Checking if NextJS server is running...
/Users/sim/Project2/scripts/../scripts/run-simple-scheduled-reports.sh: line 16: node: command not found
Fri Jun 20 17:39:00 CDT 2025: NextJS server is running. Running scheduled reports check...
/Users/sim/Project2/scripts/../scripts/run-scheduled-reports-cron.sh: line 25: node: command not found
[2025-06-20T22:39:19.573Z] [INFO] Checking for scheduled reports...
[2025-06-20T22:39:19.592Z] [INFO] Checking for scheduled reports...
[2025-06-20T22:39:20.285Z] [DEBUG] Connected to MongoDB
[2025-06-20T22:39:20.285Z] [DEBUG] Connected to MongoDB
[2025-06-20T22:39:20.358Z] [INFO] Found 1 company databases
[2025-06-20T22:39:20.358Z] [INFO] Found 1 company databases
[2025-06-20T22:39:20.358Z] [DEBUG] Processing company database: company_9jxwph8g
[2025-06-20T22:39:20.358Z] [DEBUG] Processing company database: company_9jxwph8g
[2025-06-20T22:39:20.414Z] [DEBUG] Finding reports to execute in company_9jxwph8g (current time: 2025-06-20T22:39:20.414Z)
[2025-06-20T22:39:20.414Z] [DEBUG] Finding reports to execute in company_9jxwph8g (current time: 2025-06-20T22:39:20.414Z)
[2025-06-20T22:39:20.473Z] [INFO] Found 0 reports to execute in company_9jxwph8g
[2025-06-20T22:39:20.473Z] [INFO] Found 0 reports to execute in company_9jxwph8g
[2025-06-20T22:39:20.473Z] [INFO] Scheduled reports check completed
[2025-06-20T22:39:20.473Z] [INFO] Scheduled reports check completed
[2025-06-20T22:39:20.474Z] [DEBUG] MongoDB connection closed
[2025-06-20T22:39:20.474Z] [DEBUG] MongoDB connection closed
[2025-06-20T22:39:49.573Z] [INFO] Checking for scheduled reports...
[2025-06-20T22:39:49.593Z] [INFO] Checking for scheduled reports...
[2025-06-20T22:39:50.174Z] [DEBUG] Connected to MongoDB
[2025-06-20T22:39:50.189Z] [DEBUG] Connected to MongoDB
[2025-06-20T22:39:50.242Z] [INFO] Found 1 company databases
[2025-06-20T22:39:50.243Z] [DEBUG] Processing company database: company_9jxwph8g
[2025-06-20T22:39:50.255Z] [INFO] Found 1 company databases
[2025-06-20T22:39:50.255Z] [DEBUG] Processing company database: company_9jxwph8g
[2025-06-20T22:39:50.299Z] [DEBUG] Finding reports to execute in company_9jxwph8g (current time: 2025-06-20T22:39:50.299Z)
[2025-06-20T22:39:50.311Z] [DEBUG] Finding reports to execute in company_9jxwph8g (current time: 2025-06-20T22:39:50.311Z)
[2025-06-20T22:39:50.356Z] [INFO] Found 0 reports to execute in company_9jxwph8g
[2025-06-20T22:39:50.356Z] [INFO] Scheduled reports check completed
[2025-06-20T22:39:50.358Z] [DEBUG] MongoDB connection closed
[2025-06-20T22:39:50.367Z] [INFO] Found 0 reports to execute in company_9jxwph8g
[2025-06-20T22:39:50.368Z] [INFO] Scheduled reports check completed
[2025-06-20T22:39:50.370Z] [DEBUG] MongoDB connection closed
Fri Jun 20 17:40:00 CDT 2025: Checking if NextJS server is running...
Fri Jun 20 17:40:00 CDT 2025: Running scheduled reports
/Users/sim/Project2/scripts/../scripts/run-simple-scheduled-reports.sh: line 16: node: command not found
Fri Jun 20 17:40:00 CDT 2025: NextJS server is running. Running scheduled reports check...
/Users/sim/Project2/scripts/../scripts/run-scheduled-reports-cron.sh: line 25: node: command not found
[2025-06-20T22:40:19.574Z] [INFO] Checking for scheduled reports...
[2025-06-20T22:40:19.595Z] [INFO] Checking for scheduled reports...
[2025-06-20T22:40:20.325Z] [DEBUG] Connected to MongoDB
[2025-06-20T22:40:20.329Z] [DEBUG] Connected to MongoDB
[2025-06-20T22:40:20.401Z] [INFO] Found 1 company databases
[2025-06-20T22:40:20.401Z] [INFO] Found 1 company databases
[2025-06-20T22:40:20.401Z] [DEBUG] Processing company database: company_9jxwph8g
[2025-06-20T22:40:20.402Z] [DEBUG] Processing company database: company_9jxwph8g
[2025-06-20T22:40:20.467Z] [DEBUG] Finding reports to execute in company_9jxwph8g (current time: 2025-06-20T22:40:20.467Z)
[2025-06-20T22:40:20.467Z] [DEBUG] Finding reports to execute in company_9jxwph8g (current time: 2025-06-20T22:40:20.467Z)
[2025-06-20T22:40:20.523Z] [INFO] Found 0 reports to execute in company_9jxwph8g
[2025-06-20T22:40:20.523Z] [INFO] Scheduled reports check completed
[2025-06-20T22:40:20.524Z] [INFO] Found 0 reports to execute in company_9jxwph8g
[2025-06-20T22:40:20.524Z] [INFO] Scheduled reports check completed
[2025-06-20T22:40:20.526Z] [DEBUG] MongoDB connection closed
[2025-06-20T22:40:20.527Z] [DEBUG] MongoDB connection closed
[2025-06-20T22:40:49.574Z] [INFO] Checking for scheduled reports...
[2025-06-20T22:40:49.596Z] [INFO] Checking for scheduled reports...
[2025-06-20T22:40:50.159Z] [DEBUG] Connected to MongoDB
[2025-06-20T22:40:50.186Z] [DEBUG] Connected to MongoDB
[2025-06-20T22:40:50.227Z] [INFO] Found 1 company databases
[2025-06-20T22:40:50.228Z] [DEBUG] Processing company database: company_9jxwph8g
[2025-06-20T22:40:50.252Z] [INFO] Found 1 company databases
[2025-06-20T22:40:50.253Z] [DEBUG] Processing company database: company_9jxwph8g
[2025-06-20T22:40:50.284Z] [DEBUG] Finding reports to execute in company_9jxwph8g (current time: 2025-06-20T22:40:50.284Z)
[2025-06-20T22:40:50.309Z] [DEBUG] Finding reports to execute in company_9jxwph8g (current time: 2025-06-20T22:40:50.309Z)
[2025-06-20T22:40:50.340Z] [INFO] Found 0 reports to execute in company_9jxwph8g
[2025-06-20T22:40:50.341Z] [INFO] Scheduled reports check completed
[2025-06-20T22:40:50.343Z] [DEBUG] MongoDB connection closed
[2025-06-20T22:40:50.365Z] [INFO] Found 0 reports to execute in company_9jxwph8g
[2025-06-20T22:40:50.366Z] [INFO] Scheduled reports check completed
[2025-06-20T22:40:50.368Z] [DEBUG] MongoDB connection closed
Fri Jun 20 17:41:00 CDT 2025: Running scheduled reports
Fri Jun 20 17:41:00 CDT 2025: Checking if NextJS server is running...
/Users/sim/Project2/scripts/../scripts/run-simple-scheduled-reports.sh: line 16: node: command not found
Fri Jun 20 17:41:01 CDT 2025: NextJS server is running. Running scheduled reports check...
/Users/sim/Project2/scripts/../scripts/run-scheduled-reports-cron.sh: line 25: node: command not found
[2025-06-20T22:41:19.576Z] [INFO] Checking for scheduled reports...
[2025-06-20T22:41:19.597Z] [INFO] Checking for scheduled reports...
[2025-06-20T22:41:20.281Z] [DEBUG] Connected to MongoDB
[2025-06-20T22:41:20.354Z] [INFO] Found 1 company databases
[2025-06-20T22:41:20.355Z] [DEBUG] Processing company database: company_9jxwph8g
[2025-06-20T22:41:20.398Z] [DEBUG] Connected to MongoDB
[2025-06-20T22:41:20.410Z] [DEBUG] Finding reports to execute in company_9jxwph8g (current time: 2025-06-20T22:41:20.410Z)
[2025-06-20T22:41:20.465Z] [INFO] Found 1 company databases
[2025-06-20T22:41:20.466Z] [DEBUG] Processing company database: company_9jxwph8g
[2025-06-20T22:41:20.466Z] [INFO] Found 0 reports to execute in company_9jxwph8g
[2025-06-20T22:41:20.467Z] [INFO] Scheduled reports check completed
[2025-06-20T22:41:20.469Z] [DEBUG] MongoDB connection closed
[2025-06-20T22:41:20.523Z] [DEBUG] Finding reports to execute in company_9jxwph8g (current time: 2025-06-20T22:41:20.523Z)
[2025-06-20T22:41:20.578Z] [INFO] Found 0 reports to execute in company_9jxwph8g
[2025-06-20T22:41:20.579Z] [INFO] Scheduled reports check completed
[2025-06-20T22:41:20.581Z] [DEBUG] MongoDB connection closed
[2025-06-20T22:41:49.578Z] [INFO] Checking for scheduled reports...
[2025-06-20T22:41:49.598Z] [INFO] Checking for scheduled reports...
[2025-06-20T22:41:50.254Z] [DEBUG] Connected to MongoDB
[2025-06-20T22:41:50.272Z] [DEBUG] Connected to MongoDB
[2025-06-20T22:41:50.345Z] [INFO] Found 1 company databases
[2025-06-20T22:41:50.346Z] [DEBUG] Processing company database: company_9jxwph8g
[2025-06-20T22:41:50.346Z] [INFO] Found 1 company databases
[2025-06-20T22:41:50.346Z] [DEBUG] Processing company database: company_9jxwph8g
[2025-06-20T22:41:50.405Z] [DEBUG] Finding reports to execute in company_9jxwph8g (current time: 2025-06-20T22:41:50.405Z)
[2025-06-20T22:41:50.405Z] [DEBUG] Finding reports to execute in company_9jxwph8g (current time: 2025-06-20T22:41:50.405Z)
[2025-06-20T22:41:50.465Z] [INFO] Found 0 reports to execute in company_9jxwph8g
[2025-06-20T22:41:50.465Z] [INFO] Found 0 reports to execute in company_9jxwph8g
[2025-06-20T22:41:50.465Z] [INFO] Scheduled reports check completed
[2025-06-20T22:41:50.466Z] [INFO] Scheduled reports check completed
[2025-06-20T22:41:50.467Z] [DEBUG] MongoDB connection closed
[2025-06-20T22:41:50.467Z] [DEBUG] MongoDB connection closed
Fri Jun 20 17:42:00 CDT 2025: Running scheduled reports
Fri Jun 20 17:42:00 CDT 2025: Checking if NextJS server is running...
/Users/sim/Project2/scripts/../scripts/run-simple-scheduled-reports.sh: line 16: node: command not found
Fri Jun 20 17:42:00 CDT 2025: NextJS server is running. Running scheduled reports check...
/Users/sim/Project2/scripts/../scripts/run-scheduled-reports-cron.sh: line 25: node: command not found
[2025-06-20T22:42:19.579Z] [INFO] Checking for scheduled reports...
[2025-06-20T22:42:19.599Z] [INFO] Checking for scheduled reports...
[2025-06-20T22:42:20.265Z] [DEBUG] Connected to MongoDB
[2025-06-20T22:42:20.330Z] [DEBUG] Connected to MongoDB
[2025-06-20T22:42:20.337Z] [INFO] Found 1 company databases
[2025-06-20T22:42:20.338Z] [DEBUG] Processing company database: company_9jxwph8g
[2025-06-20T22:42:20.400Z] [INFO] Found 1 company databases
[2025-06-20T22:42:20.401Z] [DEBUG] Processing company database: company_9jxwph8g
[2025-06-20T22:42:20.529Z] [DEBUG] Finding reports to execute in company_9jxwph8g (current time: 2025-06-20T22:42:20.529Z)
[2025-06-20T22:42:20.598Z] [INFO] Found 0 reports to execute in company_9jxwph8g
[2025-06-20T22:42:20.598Z] [INFO] Scheduled reports check completed
[2025-06-20T22:42:20.601Z] [DEBUG] MongoDB connection closed
[2025-06-20T22:42:20.666Z] [DEBUG] Finding reports to execute in company_9jxwph8g (current time: 2025-06-20T22:42:20.666Z)
[2025-06-20T22:42:20.738Z] [INFO] Found 0 reports to execute in company_9jxwph8g
[2025-06-20T22:42:20.739Z] [INFO] Scheduled reports check completed
[2025-06-20T22:42:20.741Z] [DEBUG] MongoDB connection closed
[2025-06-20T22:42:49.580Z] [INFO] Checking for scheduled reports...
[2025-06-20T22:42:49.599Z] [INFO] Checking for scheduled reports...
[2025-06-20T22:42:50.539Z] [DEBUG] Connected to MongoDB
[2025-06-20T22:42:50.604Z] [DEBUG] Connected to MongoDB
[2025-06-20T22:42:50.656Z] [INFO] Found 1 company databases
[2025-06-20T22:42:50.656Z] [DEBUG] Processing company database: company_9jxwph8g
[2025-06-20T22:42:50.707Z] [INFO] Found 1 company databases
[2025-06-20T22:42:50.707Z] [DEBUG] Processing company database: company_9jxwph8g
[2025-06-20T22:42:50.783Z] [DEBUG] Finding reports to execute in company_9jxwph8g (current time: 2025-06-20T22:42:50.783Z)
[2025-06-20T22:42:50.784Z] [DEBUG] Finding reports to execute in company_9jxwph8g (current time: 2025-06-20T22:42:50.784Z)
[2025-06-20T22:42:50.866Z] [INFO] Found 0 reports to execute in company_9jxwph8g
[2025-06-20T22:42:50.867Z] [INFO] Found 0 reports to execute in company_9jxwph8g
[2025-06-20T22:42:50.867Z] [INFO] Scheduled reports check completed
[2025-06-20T22:42:50.867Z] [INFO] Scheduled reports check completed
[2025-06-20T22:42:50.871Z] [DEBUG] MongoDB connection closed
[2025-06-20T22:42:50.872Z] [DEBUG] MongoDB connection closed
Fri Jun 20 17:43:00 CDT 2025: Running scheduled reports
Fri Jun 20 17:43:00 CDT 2025: Checking if NextJS server is running...
/Users/sim/Project2/scripts/../scripts/run-simple-scheduled-reports.sh: line 16: node: command not found
Fri Jun 20 17:43:00 CDT 2025: NextJS server is running. Running scheduled reports check...
/Users/sim/Project2/scripts/../scripts/run-scheduled-reports-cron.sh: line 25: node: command not found
[2025-06-20T22:43:19.581Z] [INFO] Checking for scheduled reports...
[2025-06-20T22:43:19.599Z] [INFO] Checking for scheduled reports...
[2025-06-20T22:43:20.314Z] [DEBUG] Connected to MongoDB
[2025-06-20T22:43:20.314Z] [DEBUG] Connected to MongoDB
[2025-06-20T22:43:20.387Z] [INFO] Found 1 company databases
[2025-06-20T22:43:20.387Z] [INFO] Found 1 company databases
[2025-06-20T22:43:20.387Z] [DEBUG] Processing company database: company_9jxwph8g
[2025-06-20T22:43:20.388Z] [DEBUG] Processing company database: company_9jxwph8g
[2025-06-20T22:43:20.447Z] [DEBUG] Finding reports to execute in company_9jxwph8g (current time: 2025-06-20T22:43:20.447Z)
[2025-06-20T22:43:20.447Z] [DEBUG] Finding reports to execute in company_9jxwph8g (current time: 2025-06-20T22:43:20.447Z)
[2025-06-20T22:43:20.507Z] [INFO] Found 0 reports to execute in company_9jxwph8g
[2025-06-20T22:43:20.507Z] [INFO] Found 0 reports to execute in company_9jxwph8g
[2025-06-20T22:43:20.507Z] [INFO] Scheduled reports check completed
[2025-06-20T22:43:20.507Z] [INFO] Scheduled reports check completed
[2025-06-20T22:43:20.510Z] [DEBUG] MongoDB connection closed
[2025-06-20T22:43:20.510Z] [DEBUG] MongoDB connection closed
[2025-06-20T22:43:49.582Z] [INFO] Checking for scheduled reports...
[2025-06-20T22:43:49.619Z] [INFO] Checking for scheduled reports...
[2025-06-20T22:43:52.902Z] [DEBUG] Connected to MongoDB
[2025-06-20T22:43:53.020Z] [DEBUG] Connected to MongoDB
[2025-06-20T22:43:53.048Z] [INFO] Found 1 company databases
[2025-06-20T22:43:53.048Z] [DEBUG] Processing company database: company_9jxwph8g
[2025-06-20T22:43:53.097Z] [INFO] Found 1 company databases
[2025-06-20T22:43:53.098Z] [DEBUG] Processing company database: company_9jxwph8g
[2025-06-20T22:43:53.119Z] [DEBUG] Finding reports to execute in company_9jxwph8g (current time: 2025-06-20T22:43:53.119Z)
[2025-06-20T22:43:53.204Z] [INFO] Found 0 reports to execute in company_9jxwph8g
[2025-06-20T22:43:53.204Z] [DEBUG] Finding reports to execute in company_9jxwph8g (current time: 2025-06-20T22:43:53.204Z)
[2025-06-20T22:43:53.204Z] [INFO] Scheduled reports check completed
[2025-06-20T22:43:53.206Z] [DEBUG] MongoDB connection closed
[2025-06-20T22:43:53.263Z] [INFO] Found 0 reports to execute in company_9jxwph8g
[2025-06-20T22:43:53.263Z] [INFO] Scheduled reports check completed
[2025-06-20T22:43:53.264Z] [DEBUG] MongoDB connection closed
Fri Jun 20 17:44:00 CDT 2025: Running scheduled reports
Fri Jun 20 17:44:00 CDT 2025: Checking if NextJS server is running...
/Users/sim/Project2/scripts/../scripts/run-simple-scheduled-reports.sh: line 16: node: command not found
Fri Jun 20 17:44:00 CDT 2025: NextJS server is running. Running scheduled reports check...
/Users/sim/Project2/scripts/../scripts/run-scheduled-reports-cron.sh: line 25: node: command not found
[2025-06-20T22:44:19.583Z] [INFO] Checking for scheduled reports...
[2025-06-20T22:44:19.620Z] [INFO] Checking for scheduled reports...
[2025-06-20T22:44:20.831Z] [DEBUG] Connected to MongoDB
[2025-06-20T22:44:20.831Z] [DEBUG] Connected to MongoDB
[2025-06-20T22:44:20.927Z] [INFO] Found 1 company databases
[2025-06-20T22:44:20.928Z] [INFO] Found 1 company databases
[2025-06-20T22:44:20.928Z] [DEBUG] Processing company database: company_9jxwph8g
[2025-06-20T22:44:20.928Z] [DEBUG] Processing company database: company_9jxwph8g
[2025-06-20T22:44:21.022Z] [DEBUG] Finding reports to execute in company_9jxwph8g (current time: 2025-06-20T22:44:21.022Z)
[2025-06-20T22:44:21.022Z] [DEBUG] Finding reports to execute in company_9jxwph8g (current time: 2025-06-20T22:44:21.022Z)
[2025-06-20T22:44:21.109Z] [INFO] Found 0 reports to execute in company_9jxwph8g
[2025-06-20T22:44:21.109Z] [INFO] Found 0 reports to execute in company_9jxwph8g
[2025-06-20T22:44:21.110Z] [INFO] Scheduled reports check completed
[2025-06-20T22:44:21.110Z] [INFO] Scheduled reports check completed
[2025-06-20T22:44:21.113Z] [DEBUG] MongoDB connection closed
[2025-06-20T22:44:21.113Z] [DEBUG] MongoDB connection closed
[2025-06-20T22:44:49.585Z] [INFO] Checking for scheduled reports...
[2025-06-20T22:44:49.621Z] [INFO] Checking for scheduled reports...
[2025-06-20T22:44:50.587Z] [DEBUG] Connected to MongoDB
[2025-06-20T22:44:50.588Z] [DEBUG] Connected to MongoDB
[2025-06-20T22:44:50.661Z] [INFO] Found 1 company databases
[2025-06-20T22:44:50.661Z] [DEBUG] Processing company database: company_9jxwph8g
[2025-06-20T22:44:50.662Z] [INFO] Found 1 company databases
[2025-06-20T22:44:50.662Z] [DEBUG] Processing company database: company_9jxwph8g
[2025-06-20T22:44:50.735Z] [DEBUG] Finding reports to execute in company_9jxwph8g (current time: 2025-06-20T22:44:50.735Z)
[2025-06-20T22:44:50.736Z] [DEBUG] Finding reports to execute in company_9jxwph8g (current time: 2025-06-20T22:44:50.736Z)
[2025-06-20T22:44:50.809Z] [INFO] Found 0 reports to execute in company_9jxwph8g
[2025-06-20T22:44:50.809Z] [INFO] Scheduled reports check completed
[2025-06-20T22:44:50.810Z] [DEBUG] MongoDB connection closed
[2025-06-20T22:44:50.812Z] [INFO] Found 0 reports to execute in company_9jxwph8g
[2025-06-20T22:44:50.812Z] [INFO] Scheduled reports check completed
[2025-06-20T22:44:50.813Z] [DEBUG] MongoDB connection closed
Fri Jun 20 17:45:00 CDT 2025: Running scheduled reports
Fri Jun 20 17:45:00 CDT 2025: Checking if NextJS server is running...
/Users/sim/Project2/scripts/../scripts/run-simple-scheduled-reports.sh: line 16: node: command not found
Fri Jun 20 17:45:00 CDT 2025: NextJS server is running. Running scheduled reports check...
/Users/sim/Project2/scripts/../scripts/run-scheduled-reports-cron.sh: line 25: node: command not found
[2025-06-20T22:45:19.587Z] [INFO] Checking for scheduled reports...
[2025-06-20T22:45:19.623Z] [INFO] Checking for scheduled reports...
[2025-06-20T22:45:20.248Z] [DEBUG] Connected to MongoDB
[2025-06-20T22:45:20.318Z] [INFO] Found 1 company databases
[2025-06-20T22:45:20.318Z] [DEBUG] Processing company database: company_9jxwph8g
[2025-06-20T22:45:20.362Z] [DEBUG] Connected to MongoDB
[2025-06-20T22:45:20.376Z] [DEBUG] Finding reports to execute in company_9jxwph8g (current time: 2025-06-20T22:45:20.376Z)
[2025-06-20T22:45:20.433Z] [INFO] Found 1 company databases
[2025-06-20T22:45:20.434Z] [DEBUG] Processing company database: company_9jxwph8g
[2025-06-20T22:45:20.435Z] [INFO] Found 0 reports to execute in company_9jxwph8g
[2025-06-20T22:45:20.435Z] [INFO] Scheduled reports check completed
[2025-06-20T22:45:20.438Z] [DEBUG] MongoDB connection closed
[2025-06-20T22:45:20.494Z] [DEBUG] Finding reports to execute in company_9jxwph8g (current time: 2025-06-20T22:45:20.494Z)
[2025-06-20T22:45:20.559Z] [INFO] Found 0 reports to execute in company_9jxwph8g
[2025-06-20T22:45:20.560Z] [INFO] Scheduled reports check completed
[2025-06-20T22:45:20.567Z] [DEBUG] MongoDB connection closed
[2025-06-20T22:45:49.588Z] [INFO] Checking for scheduled reports...
[2025-06-20T22:45:49.624Z] [INFO] Checking for scheduled reports...
[2025-06-20T22:45:50.385Z] [DEBUG] Connected to MongoDB
[2025-06-20T22:45:50.385Z] [DEBUG] Connected to MongoDB
[2025-06-20T22:45:50.479Z] [INFO] Found 1 company databases
[2025-06-20T22:45:50.479Z] [INFO] Found 1 company databases
[2025-06-20T22:45:50.479Z] [DEBUG] Processing company database: company_9jxwph8g
[2025-06-20T22:45:50.479Z] [DEBUG] Processing company database: company_9jxwph8g
[2025-06-20T22:45:50.548Z] [DEBUG] Finding reports to execute in company_9jxwph8g (current time: 2025-06-20T22:45:50.548Z)
[2025-06-20T22:45:50.549Z] [DEBUG] Finding reports to execute in company_9jxwph8g (current time: 2025-06-20T22:45:50.549Z)
[2025-06-20T22:45:50.630Z] [INFO] Found 0 reports to execute in company_9jxwph8g
[2025-06-20T22:45:50.630Z] [INFO] Found 0 reports to execute in company_9jxwph8g
[2025-06-20T22:45:50.631Z] [INFO] Scheduled reports check completed
[2025-06-20T22:45:50.631Z] [INFO] Scheduled reports check completed
[2025-06-20T22:45:50.633Z] [DEBUG] MongoDB connection closed
[2025-06-20T22:45:50.633Z] [DEBUG] MongoDB connection closed
Fri Jun 20 17:46:00 CDT 2025: Checking if NextJS server is running...
Fri Jun 20 17:46:00 CDT 2025: Running scheduled reports
/Users/sim/Project2/scripts/../scripts/run-simple-scheduled-reports.sh: line 16: node: command not found
Fri Jun 20 17:46:01 CDT 2025: NextJS server is running. Running scheduled reports check...
/Users/sim/Project2/scripts/../scripts/run-scheduled-reports-cron.sh: line 25: node: command not found
[2025-06-20T22:46:19.589Z] [INFO] Checking for scheduled reports...
[2025-06-20T22:46:19.625Z] [INFO] Checking for scheduled reports...
[2025-06-20T22:46:20.205Z] [DEBUG] Connected to MongoDB
[2025-06-20T22:46:20.274Z] [INFO] Found 1 company databases
[2025-06-20T22:46:20.275Z] [DEBUG] Processing company database: company_9jxwph8g
[2025-06-20T22:46:20.329Z] [DEBUG] Connected to MongoDB
[2025-06-20T22:46:20.334Z] [DEBUG] Finding reports to execute in company_9jxwph8g (current time: 2025-06-20T22:46:20.334Z)
[2025-06-20T22:46:20.394Z] [INFO] Found 0 reports to execute in company_9jxwph8g
[2025-06-20T22:46:20.394Z] [INFO] Scheduled reports check completed
[2025-06-20T22:46:20.396Z] [DEBUG] MongoDB connection closed
[2025-06-20T22:46:20.403Z] [INFO] Found 1 company databases
[2025-06-20T22:46:20.403Z] [DEBUG] Processing company database: company_9jxwph8g
[2025-06-20T22:46:20.458Z] [DEBUG] Finding reports to execute in company_9jxwph8g (current time: 2025-06-20T22:46:20.458Z)
[2025-06-20T22:46:20.525Z] [INFO] Found 0 reports to execute in company_9jxwph8g
[2025-06-20T22:46:20.526Z] [INFO] Scheduled reports check completed
[2025-06-20T22:46:20.529Z] [DEBUG] MongoDB connection closed
[2025-06-20T22:46:49.590Z] [INFO] Checking for scheduled reports...
[2025-06-20T22:46:49.626Z] [INFO] Checking for scheduled reports...
[2025-06-20T22:46:50.230Z] [DEBUG] Connected to MongoDB
[2025-06-20T22:46:50.242Z] [DEBUG] Connected to MongoDB
[2025-06-20T22:46:50.300Z] [INFO] Found 1 company databases
[2025-06-20T22:46:50.300Z] [DEBUG] Processing company database: company_9jxwph8g
[2025-06-20T22:46:50.309Z] [INFO] Found 1 company databases
[2025-06-20T22:46:50.309Z] [DEBUG] Processing company database: company_9jxwph8g
[2025-06-20T22:46:50.358Z] [DEBUG] Finding reports to execute in company_9jxwph8g (current time: 2025-06-20T22:46:50.358Z)
[2025-06-20T22:46:50.366Z] [DEBUG] Finding reports to execute in company_9jxwph8g (current time: 2025-06-20T22:46:50.366Z)
[2025-06-20T22:46:50.414Z] [INFO] Found 0 reports to execute in company_9jxwph8g
[2025-06-20T22:46:50.415Z] [INFO] Scheduled reports check completed
[2025-06-20T22:46:50.417Z] [DEBUG] MongoDB connection closed
[2025-06-20T22:46:50.425Z] [INFO] Found 0 reports to execute in company_9jxwph8g
[2025-06-20T22:46:50.425Z] [INFO] Scheduled reports check completed
[2025-06-20T22:46:50.428Z] [DEBUG] MongoDB connection closed
Fri Jun 20 17:47:00 CDT 2025: Running scheduled reports
Fri Jun 20 17:47:00 CDT 2025: Checking if NextJS server is running...
/Users/sim/Project2/scripts/../scripts/run-simple-scheduled-reports.sh: line 16: node: command not found
Fri Jun 20 17:47:00 CDT 2025: NextJS server is running. Running scheduled reports check...
/Users/sim/Project2/scripts/../scripts/run-scheduled-reports-cron.sh: line 25: node: command not found
[2025-06-20T22:47:19.590Z] [INFO] Checking for scheduled reports...
[2025-06-20T22:47:19.627Z] [INFO] Checking for scheduled reports...
[2025-06-20T22:47:20.276Z] [DEBUG] Connected to MongoDB
[2025-06-20T22:47:20.319Z] [DEBUG] Connected to MongoDB
[2025-06-20T22:47:20.358Z] [INFO] Found 1 company databases
[2025-06-20T22:47:20.359Z] [DEBUG] Processing company database: company_9jxwph8g
[2025-06-20T22:47:20.404Z] [INFO] Found 1 company databases
[2025-06-20T22:47:20.405Z] [DEBUG] Processing company database: company_9jxwph8g
[2025-06-20T22:47:20.418Z] [DEBUG] Finding reports to execute in company_9jxwph8g (current time: 2025-06-20T22:47:20.418Z)
[2025-06-20T22:47:20.463Z] [DEBUG] Finding reports to execute in company_9jxwph8g (current time: 2025-06-20T22:47:20.463Z)
[2025-06-20T22:47:20.477Z] [INFO] Found 0 reports to execute in company_9jxwph8g
[2025-06-20T22:47:20.478Z] [INFO] Scheduled reports check completed
[2025-06-20T22:47:20.480Z] [DEBUG] MongoDB connection closed
[2025-06-20T22:47:20.521Z] [INFO] Found 0 reports to execute in company_9jxwph8g
[2025-06-20T22:47:20.521Z] [INFO] Scheduled reports check completed
[2025-06-20T22:47:20.523Z] [DEBUG] MongoDB connection closed
[2025-06-20T22:47:49.590Z] [INFO] Checking for scheduled reports...
[2025-06-20T22:47:49.628Z] [INFO] Checking for scheduled reports...
[2025-06-20T22:47:50.645Z] [DEBUG] Connected to MongoDB
[2025-06-20T22:47:50.645Z] [DEBUG] Connected to MongoDB
[2025-06-20T22:47:50.715Z] [INFO] Found 1 company databases
[2025-06-20T22:47:50.715Z] [INFO] Found 1 company databases
[2025-06-20T22:47:50.716Z] [DEBUG] Processing company database: company_9jxwph8g
[2025-06-20T22:47:50.716Z] [DEBUG] Processing company database: company_9jxwph8g
[2025-06-20T22:47:50.777Z] [DEBUG] Finding reports to execute in company_9jxwph8g (current time: 2025-06-20T22:47:50.777Z)
[2025-06-20T22:47:50.777Z] [DEBUG] Finding reports to execute in company_9jxwph8g (current time: 2025-06-20T22:47:50.777Z)
[2025-06-20T22:47:50.834Z] [INFO] Found 0 reports to execute in company_9jxwph8g
[2025-06-20T22:47:50.834Z] [INFO] Found 0 reports to execute in company_9jxwph8g
[2025-06-20T22:47:50.835Z] [INFO] Scheduled reports check completed
[2025-06-20T22:47:50.835Z] [INFO] Scheduled reports check completed
[2025-06-20T22:47:50.837Z] [DEBUG] MongoDB connection closed
[2025-06-20T22:47:50.838Z] [DEBUG] MongoDB connection closed
Fri Jun 20 17:48:00 CDT 2025: Running scheduled reports
Fri Jun 20 17:48:00 CDT 2025: Checking if NextJS server is running...
/Users/sim/Project2/scripts/../scripts/run-simple-scheduled-reports.sh: line 16: node: command not found
Fri Jun 20 17:48:00 CDT 2025: NextJS server is running. Running scheduled reports check...
/Users/sim/Project2/scripts/../scripts/run-scheduled-reports-cron.sh: line 25: node: command not found
[2025-06-20T22:48:19.590Z] [INFO] Checking for scheduled reports...
[2025-06-20T22:48:19.629Z] [INFO] Checking for scheduled reports...
[2025-06-20T22:48:20.399Z] [DEBUG] Connected to MongoDB
[2025-06-20T22:48:20.478Z] [INFO] Found 1 company databases
[2025-06-20T22:48:20.479Z] [DEBUG] Processing company database: company_9jxwph8g
[2025-06-20T22:48:20.491Z] [DEBUG] Connected to MongoDB
[2025-06-20T22:48:20.566Z] [DEBUG] Finding reports to execute in company_9jxwph8g (current time: 2025-06-20T22:48:20.566Z)
[2025-06-20T22:48:20.578Z] [INFO] Found 1 company databases
[2025-06-20T22:48:20.579Z] [DEBUG] Processing company database: company_9jxwph8g
[2025-06-20T22:48:20.636Z] [INFO] Found 0 reports to execute in company_9jxwph8g
[2025-06-20T22:48:20.637Z] [INFO] Scheduled reports check completed
[2025-06-20T22:48:20.640Z] [DEBUG] MongoDB connection closed
[2025-06-20T22:48:20.655Z] [DEBUG] Finding reports to execute in company_9jxwph8g (current time: 2025-06-20T22:48:20.655Z)
[2025-06-20T22:48:20.714Z] [INFO] Found 0 reports to execute in company_9jxwph8g
[2025-06-20T22:48:20.715Z] [INFO] Scheduled reports check completed
[2025-06-20T22:48:20.716Z] [DEBUG] MongoDB connection closed
[2025-06-20T22:48:49.590Z] [INFO] Checking for scheduled reports...
[2025-06-20T22:48:49.629Z] [INFO] Checking for scheduled reports...
[2025-06-20T22:48:50.617Z] [DEBUG] Connected to MongoDB
[2025-06-20T22:48:50.686Z] [INFO] Found 1 company databases
[2025-06-20T22:48:50.687Z] [DEBUG] Processing company database: company_9jxwph8g
[2025-06-20T22:48:50.743Z] [DEBUG] Finding reports to execute in company_9jxwph8g (current time: 2025-06-20T22:48:50.743Z)
[2025-06-20T22:48:50.755Z] [DEBUG] Connected to MongoDB
[2025-06-20T22:48:50.800Z] [INFO] Found 0 reports to execute in company_9jxwph8g
[2025-06-20T22:48:50.800Z] [INFO] Scheduled reports check completed
[2025-06-20T22:48:50.803Z] [DEBUG] MongoDB connection closed
[2025-06-20T22:48:50.825Z] [INFO] Found 1 company databases
[2025-06-20T22:48:50.826Z] [DEBUG] Processing company database: company_9jxwph8g
[2025-06-20T22:48:50.896Z] [DEBUG] Finding reports to execute in company_9jxwph8g (current time: 2025-06-20T22:48:50.896Z)
[2025-06-20T22:48:50.960Z] [INFO] Found 0 reports to execute in company_9jxwph8g
[2025-06-20T22:48:50.961Z] [INFO] Scheduled reports check completed
[2025-06-20T22:48:50.963Z] [DEBUG] MongoDB connection closed
Fri Jun 20 17:49:00 CDT 2025: Checking if NextJS server is running...
Fri Jun 20 17:49:00 CDT 2025: Running scheduled reports
/Users/sim/Project2/scripts/../scripts/run-simple-scheduled-reports.sh: line 16: node: command not found
Fri Jun 20 17:49:00 CDT 2025: NextJS server is running. Running scheduled reports check...
/Users/sim/Project2/scripts/../scripts/run-scheduled-reports-cron.sh: line 25: node: command not found
[2025-06-20T22:49:19.591Z] [INFO] Checking for scheduled reports...
[2025-06-20T22:49:19.630Z] [INFO] Checking for scheduled reports...
[2025-06-20T22:49:20.531Z] [DEBUG] Connected to MongoDB
[2025-06-20T22:49:20.534Z] [DEBUG] Connected to MongoDB
[2025-06-20T22:49:20.615Z] [INFO] Found 1 company databases
[2025-06-20T22:49:20.615Z] [INFO] Found 1 company databases
[2025-06-20T22:49:20.615Z] [DEBUG] Processing company database: company_9jxwph8g
[2025-06-20T22:49:20.615Z] [DEBUG] Processing company database: company_9jxwph8g
[2025-06-20T22:49:20.683Z] [DEBUG] Finding reports to execute in company_9jxwph8g (current time: 2025-06-20T22:49:20.683Z)
[2025-06-20T22:49:20.683Z] [DEBUG] Finding reports to execute in company_9jxwph8g (current time: 2025-06-20T22:49:20.683Z)
[2025-06-20T22:49:20.745Z] [INFO] Found 0 reports to execute in company_9jxwph8g
[2025-06-20T22:49:20.745Z] [INFO] Found 0 reports to execute in company_9jxwph8g
[2025-06-20T22:49:20.745Z] [INFO] Scheduled reports check completed
[2025-06-20T22:49:20.745Z] [INFO] Scheduled reports check completed
[2025-06-20T22:49:20.747Z] [DEBUG] MongoDB connection closed
[2025-06-20T22:49:20.748Z] [DEBUG] MongoDB connection closed
[2025-06-20T22:49:49.593Z] [INFO] Checking for scheduled reports...
[2025-06-20T22:49:49.630Z] [INFO] Checking for scheduled reports...
[2025-06-20T22:49:50.441Z] [DEBUG] Connected to MongoDB
[2025-06-20T22:49:50.441Z] [DEBUG] Connected to MongoDB
[2025-06-20T22:49:50.520Z] [INFO] Found 1 company databases
[2025-06-20T22:49:50.520Z] [INFO] Found 1 company databases
[2025-06-20T22:49:50.520Z] [DEBUG] Processing company database: company_9jxwph8g
[2025-06-20T22:49:50.520Z] [DEBUG] Processing company database: company_9jxwph8g
[2025-06-20T22:49:50.613Z] [DEBUG] Finding reports to execute in company_9jxwph8g (current time: 2025-06-20T22:49:50.613Z)
[2025-06-20T22:49:50.613Z] [DEBUG] Finding reports to execute in company_9jxwph8g (current time: 2025-06-20T22:49:50.613Z)
[2025-06-20T22:49:50.669Z] [INFO] Found 0 reports to execute in company_9jxwph8g
[2025-06-20T22:49:50.670Z] [INFO] Scheduled reports check completed
[2025-06-20T22:49:50.673Z] [DEBUG] MongoDB connection closed
[2025-06-20T22:49:50.750Z] [INFO] Found 0 reports to execute in company_9jxwph8g
[2025-06-20T22:49:50.751Z] [INFO] Scheduled reports check completed
[2025-06-20T22:49:50.755Z] [DEBUG] MongoDB connection closed
Fri Jun 20 17:50:00 CDT 2025: Checking if NextJS server is running...
Fri Jun 20 17:50:00 CDT 2025: Running scheduled reports
/Users/sim/Project2/scripts/../scripts/run-simple-scheduled-reports.sh: line 16: node: command not found
Fri Jun 20 17:50:00 CDT 2025: NextJS server is running. Running scheduled reports check...
/Users/sim/Project2/scripts/../scripts/run-scheduled-reports-cron.sh: line 25: node: command not found
[2025-06-20T22:50:19.595Z] [INFO] Checking for scheduled reports...
[2025-06-20T22:50:19.631Z] [INFO] Checking for scheduled reports...
[2025-06-20T22:50:20.300Z] [DEBUG] Connected to MongoDB
[2025-06-20T22:50:20.300Z] [DEBUG] Connected to MongoDB
[2025-06-20T22:50:20.383Z] [INFO] Found 1 company databases
[2025-06-20T22:50:20.383Z] [INFO] Found 1 company databases
[2025-06-20T22:50:20.384Z] [DEBUG] Processing company database: company_9jxwph8g
[2025-06-20T22:50:20.384Z] [DEBUG] Processing company database: company_9jxwph8g
[2025-06-20T22:50:20.453Z] [DEBUG] Finding reports to execute in company_9jxwph8g (current time: 2025-06-20T22:50:20.453Z)
[2025-06-20T22:50:20.453Z] [DEBUG] Finding reports to execute in company_9jxwph8g (current time: 2025-06-20T22:50:20.453Z)
[2025-06-20T22:50:20.513Z] [INFO] Found 0 reports to execute in company_9jxwph8g
[2025-06-20T22:50:20.513Z] [INFO] Found 0 reports to execute in company_9jxwph8g
[2025-06-20T22:50:20.513Z] [INFO] Scheduled reports check completed
[2025-06-20T22:50:20.513Z] [INFO] Scheduled reports check completed
[2025-06-20T22:50:20.514Z] [DEBUG] MongoDB connection closed
[2025-06-20T22:50:20.514Z] [DEBUG] MongoDB connection closed
[2025-06-20T22:50:49.596Z] [INFO] Checking for scheduled reports...
[2025-06-20T22:50:49.632Z] [INFO] Checking for scheduled reports...
[2025-06-20T22:50:52.003Z] [DEBUG] Connected to MongoDB
[2025-06-20T22:50:52.003Z] [DEBUG] Connected to MongoDB
[2025-06-20T22:50:52.207Z] [INFO] Found 1 company databases
[2025-06-20T22:50:52.207Z] [INFO] Found 1 company databases
[2025-06-20T22:50:52.207Z] [DEBUG] Processing company database: company_9jxwph8g
[2025-06-20T22:50:52.208Z] [DEBUG] Processing company database: company_9jxwph8g
[2025-06-20T22:50:52.622Z] [DEBUG] Finding reports to execute in company_9jxwph8g (current time: 2025-06-20T22:50:52.622Z)
[2025-06-20T22:50:52.624Z] [DEBUG] Finding reports to execute in company_9jxwph8g (current time: 2025-06-20T22:50:52.624Z)
[2025-06-20T22:50:52.735Z] [INFO] Found 0 reports to execute in company_9jxwph8g
[2025-06-20T22:50:52.735Z] [INFO] Found 0 reports to execute in company_9jxwph8g
[2025-06-20T22:50:52.735Z] [INFO] Scheduled reports check completed
[2025-06-20T22:50:52.735Z] [INFO] Scheduled reports check completed
[2025-06-20T22:50:52.736Z] [DEBUG] MongoDB connection closed
[2025-06-20T22:50:52.736Z] [DEBUG] MongoDB connection closed
Fri Jun 20 17:51:00 CDT 2025: Checking if NextJS server is running...
Fri Jun 20 17:51:00 CDT 2025: Running scheduled reports
/Users/sim/Project2/scripts/../scripts/run-simple-scheduled-reports.sh: line 16: node: command not found
Fri Jun 20 17:51:00 CDT 2025: NextJS server is running. Running scheduled reports check...
/Users/sim/Project2/scripts/../scripts/run-scheduled-reports-cron.sh: line 25: node: command not found
[2025-06-20T22:51:19.599Z] [INFO] Checking for scheduled reports...
[2025-06-20T22:51:19.641Z] [INFO] Checking for scheduled reports...
[2025-06-20T22:51:20.408Z] [DEBUG] Connected to MongoDB
[2025-06-20T22:51:20.494Z] [INFO] Found 1 company databases
[2025-06-20T22:51:20.494Z] [DEBUG] Processing company database: company_9jxwph8g
[2025-06-20T22:51:20.519Z] [DEBUG] Connected to MongoDB
[2025-06-20T22:51:20.554Z] [DEBUG] Finding reports to execute in company_9jxwph8g (current time: 2025-06-20T22:51:20.554Z)
[2025-06-20T22:51:20.594Z] [INFO] Found 1 company databases
[2025-06-20T22:51:20.595Z] [DEBUG] Processing company database: company_9jxwph8g
[2025-06-20T22:51:20.616Z] [INFO] Found 0 reports to execute in company_9jxwph8g
[2025-06-20T22:51:20.617Z] [INFO] Scheduled reports check completed
[2025-06-20T22:51:20.620Z] [DEBUG] MongoDB connection closed
[2025-06-20T22:51:20.664Z] [DEBUG] Finding reports to execute in company_9jxwph8g (current time: 2025-06-20T22:51:20.664Z)
[2025-06-20T22:51:20.721Z] [INFO] Found 0 reports to execute in company_9jxwph8g
[2025-06-20T22:51:20.721Z] [INFO] Scheduled reports check completed
[2025-06-20T22:51:20.722Z] [DEBUG] MongoDB connection closed
[2025-06-20T22:51:49.599Z] [INFO] Checking for scheduled reports...
[2025-06-20T22:51:49.642Z] [INFO] Checking for scheduled reports...
[2025-06-20T22:51:50.797Z] [DEBUG] Connected to MongoDB
[2025-06-20T22:51:50.797Z] [DEBUG] Connected to MongoDB
[2025-06-20T22:51:50.962Z] [INFO] Found 1 company databases
[2025-06-20T22:51:50.963Z] [INFO] Found 1 company databases
[2025-06-20T22:51:50.963Z] [DEBUG] Processing company database: company_9jxwph8g
[2025-06-20T22:51:50.964Z] [DEBUG] Processing company database: company_9jxwph8g
[2025-06-20T22:51:51.077Z] [DEBUG] Finding reports to execute in company_9jxwph8g (current time: 2025-06-20T22:51:51.077Z)
[2025-06-20T22:51:51.077Z] [DEBUG] Finding reports to execute in company_9jxwph8g (current time: 2025-06-20T22:51:51.077Z)
[2025-06-20T22:51:51.146Z] [INFO] Found 0 reports to execute in company_9jxwph8g
[2025-06-20T22:51:51.146Z] [INFO] Found 0 reports to execute in company_9jxwph8g
[2025-06-20T22:51:51.147Z] [INFO] Scheduled reports check completed
[2025-06-20T22:51:51.147Z] [INFO] Scheduled reports check completed
[2025-06-20T22:51:51.150Z] [DEBUG] MongoDB connection closed
[2025-06-20T22:51:51.150Z] [DEBUG] MongoDB connection closed
Fri Jun 20 17:52:01 CDT 2025: Running scheduled reports
Fri Jun 20 17:52:01 CDT 2025: Checking if NextJS server is running...
/Users/sim/Project2/scripts/../scripts/run-simple-scheduled-reports.sh: line 16: node: command not found
Fri Jun 20 17:52:01 CDT 2025: NextJS server is running. Running scheduled reports check...
/Users/sim/Project2/scripts/../scripts/run-scheduled-reports-cron.sh: line 25: node: command not found
[2025-06-20T22:52:19.601Z] [INFO] Checking for scheduled reports...
[2025-06-20T22:52:19.641Z] [INFO] Checking for scheduled reports...
[2025-06-20T22:52:20.254Z] [DEBUG] Connected to MongoDB
[2025-06-20T22:52:20.311Z] [DEBUG] Connected to MongoDB
[2025-06-20T22:52:20.324Z] [INFO] Found 1 company databases
[2025-06-20T22:52:20.324Z] [DEBUG] Processing company database: company_9jxwph8g
[2025-06-20T22:52:20.387Z] [INFO] Found 1 company databases
[2025-06-20T22:52:20.388Z] [DEBUG] Processing company database: company_9jxwph8g
[2025-06-20T22:52:20.392Z] [DEBUG] Finding reports to execute in company_9jxwph8g (current time: 2025-06-20T22:52:20.391Z)
[2025-06-20T22:52:20.456Z] [INFO] Found 0 reports to execute in company_9jxwph8g
[2025-06-20T22:52:20.456Z] [DEBUG] Finding reports to execute in company_9jxwph8g (current time: 2025-06-20T22:52:20.456Z)
[2025-06-20T22:52:20.456Z] [INFO] Scheduled reports check completed
[2025-06-20T22:52:20.458Z] [DEBUG] MongoDB connection closed
[2025-06-20T22:52:20.519Z] [INFO] Found 0 reports to execute in company_9jxwph8g
[2025-06-20T22:52:20.520Z] [INFO] Scheduled reports check completed
[2025-06-20T22:52:20.522Z] [DEBUG] MongoDB connection closed
[2025-06-20T22:52:49.602Z] [INFO] Checking for scheduled reports...
[2025-06-20T22:52:49.643Z] [INFO] Checking for scheduled reports...
[2025-06-20T22:52:58.173Z] [DEBUG] Connected to MongoDB
[2025-06-20T22:52:58.602Z] [INFO] Found 1 company databases
[2025-06-20T22:52:58.603Z] [DEBUG] Processing company database: company_9jxwph8g
[2025-06-20T22:52:58.714Z] [DEBUG] Finding reports to execute in company_9jxwph8g (current time: 2025-06-20T22:52:58.714Z)
[2025-06-20T22:52:58.871Z] [INFO] Found 0 reports to execute in company_9jxwph8g
[2025-06-20T22:52:58.871Z] [INFO] Scheduled reports check completed
[2025-06-20T22:52:58.874Z] [DEBUG] MongoDB connection closed
[2025-06-20T22:52:59.756Z] [DEBUG] Connected to MongoDB
Fri Jun 20 17:53:00 CDT 2025: Checking if NextJS server is running...
Fri Jun 20 17:53:00 CDT 2025: Running scheduled reports
/Users/sim/Project2/scripts/../scripts/run-simple-scheduled-reports.sh: line 16: node: command not found
Fri Jun 20 17:53:00 CDT 2025: NextJS server is running. Running scheduled reports check...
/Users/sim/Project2/scripts/../scripts/run-scheduled-reports-cron.sh: line 25: node: command not found
[2025-06-20T22:53:00.406Z] [INFO] Found 1 company databases
[2025-06-20T22:53:00.407Z] [DEBUG] Processing company database: company_9jxwph8g
[2025-06-20T22:53:00.867Z] [DEBUG] Finding reports to execute in company_9jxwph8g (current time: 2025-06-20T22:53:00.867Z)
[2025-06-20T22:53:00.960Z] [INFO] Found 0 reports to execute in company_9jxwph8g
[2025-06-20T22:53:00.961Z] [INFO] Scheduled reports check completed
[2025-06-20T22:53:00.965Z] [DEBUG] MongoDB connection closed
[2025-06-20T22:53:19.604Z] [INFO] Checking for scheduled reports...
[2025-06-20T22:53:19.644Z] [INFO] Checking for scheduled reports...
[2025-06-20T22:53:24.852Z] [DEBUG] Connected to MongoDB
[2025-06-20T22:53:24.952Z] [INFO] Found 1 company databases
[2025-06-20T22:53:24.953Z] [DEBUG] Processing company database: company_9jxwph8g
[2025-06-20T22:53:25.058Z] [DEBUG] Finding reports to execute in company_9jxwph8g (current time: 2025-06-20T22:53:25.058Z)
[2025-06-20T22:53:25.139Z] [INFO] Found 0 reports to execute in company_9jxwph8g
[2025-06-20T22:53:25.139Z] [INFO] Scheduled reports check completed
[2025-06-20T22:53:25.141Z] [DEBUG] Connected to MongoDB
[2025-06-20T22:53:25.143Z] [DEBUG] MongoDB connection closed
[2025-06-20T22:53:25.306Z] [INFO] Found 1 company databases
[2025-06-20T22:53:25.307Z] [DEBUG] Processing company database: company_9jxwph8g
[2025-06-20T22:53:25.578Z] [DEBUG] Finding reports to execute in company_9jxwph8g (current time: 2025-06-20T22:53:25.577Z)
[2025-06-20T22:53:25.688Z] [INFO] Found 0 reports to execute in company_9jxwph8g
[2025-06-20T22:53:25.688Z] [INFO] Scheduled reports check completed
[2025-06-20T22:53:25.708Z] [DEBUG] MongoDB connection closed
[2025-06-20T22:53:49.605Z] [INFO] Checking for scheduled reports...
[2025-06-20T22:53:49.645Z] [INFO] Checking for scheduled reports...
[2025-06-20T22:53:54.830Z] [DEBUG] Connected to MongoDB
[2025-06-20T22:53:54.845Z] [DEBUG] Connected to MongoDB
[2025-06-20T22:53:54.900Z] [INFO] Found 1 company databases
[2025-06-20T22:53:54.900Z] [DEBUG] Processing company database: company_9jxwph8g
[2025-06-20T22:53:54.911Z] [INFO] Found 1 company databases
[2025-06-20T22:53:54.911Z] [DEBUG] Processing company database: company_9jxwph8g
[2025-06-20T22:53:54.956Z] [DEBUG] Finding reports to execute in company_9jxwph8g (current time: 2025-06-20T22:53:54.956Z)
[2025-06-20T22:53:54.972Z] [DEBUG] Finding reports to execute in company_9jxwph8g (current time: 2025-06-20T22:53:54.972Z)
[2025-06-20T22:53:55.018Z] [INFO] Found 0 reports to execute in company_9jxwph8g
[2025-06-20T22:53:55.018Z] [INFO] Scheduled reports check completed
[2025-06-20T22:53:55.022Z] [DEBUG] MongoDB connection closed
[2025-06-20T22:53:55.027Z] [INFO] Found 0 reports to execute in company_9jxwph8g
[2025-06-20T22:53:55.027Z] [INFO] Scheduled reports check completed
[2025-06-20T22:53:55.029Z] [DEBUG] MongoDB connection closed
Fri Jun 20 17:54:00 CDT 2025: Checking if NextJS server is running...
Fri Jun 20 17:54:00 CDT 2025: Running scheduled reports
/Users/sim/Project2/scripts/../scripts/run-simple-scheduled-reports.sh: line 16: node: command not found
Fri Jun 20 17:54:00 CDT 2025: NextJS server is running. Running scheduled reports check...
/Users/sim/Project2/scripts/../scripts/run-scheduled-reports-cron.sh: line 25: node: command not found
[2025-06-20T22:54:19.606Z] [INFO] Checking for scheduled reports...
[2025-06-20T22:54:19.648Z] [INFO] Checking for scheduled reports...
[2025-06-20T22:54:21.041Z] [DEBUG] Connected to MongoDB
[2025-06-20T22:54:21.041Z] [DEBUG] Connected to MongoDB
[2025-06-20T22:54:21.173Z] [INFO] Found 1 company databases
[2025-06-20T22:54:21.173Z] [INFO] Found 1 company databases
[2025-06-20T22:54:21.173Z] [DEBUG] Processing company database: company_9jxwph8g
[2025-06-20T22:54:21.173Z] [DEBUG] Processing company database: company_9jxwph8g
[2025-06-20T22:54:21.361Z] [DEBUG] Finding reports to execute in company_9jxwph8g (current time: 2025-06-20T22:54:21.361Z)
[2025-06-20T22:54:21.361Z] [DEBUG] Finding reports to execute in company_9jxwph8g (current time: 2025-06-20T22:54:21.361Z)
[2025-06-20T22:54:21.417Z] [INFO] Found 0 reports to execute in company_9jxwph8g
[2025-06-20T22:54:21.418Z] [INFO] Scheduled reports check completed
[2025-06-20T22:54:21.419Z] [INFO] Found 0 reports to execute in company_9jxwph8g
[2025-06-20T22:54:21.419Z] [INFO] Scheduled reports check completed
[2025-06-20T22:54:21.421Z] [DEBUG] MongoDB connection closed
[2025-06-20T22:54:21.422Z] [DEBUG] MongoDB connection closed
[2025-06-20T22:54:49.607Z] [INFO] Checking for scheduled reports...
[2025-06-20T22:54:49.648Z] [INFO] Checking for scheduled reports...
[2025-06-20T22:54:50.230Z] [DEBUG] Connected to MongoDB
[2025-06-20T22:54:50.258Z] [DEBUG] Connected to MongoDB
[2025-06-20T22:54:50.303Z] [INFO] Found 1 company databases
[2025-06-20T22:54:50.303Z] [DEBUG] Processing company database: company_9jxwph8g
[2025-06-20T22:54:50.324Z] [INFO] Found 1 company databases
[2025-06-20T22:54:50.325Z] [DEBUG] Processing company database: company_9jxwph8g
[2025-06-20T22:54:50.360Z] [DEBUG] Finding reports to execute in company_9jxwph8g (current time: 2025-06-20T22:54:50.360Z)
[2025-06-20T22:54:50.381Z] [DEBUG] Finding reports to execute in company_9jxwph8g (current time: 2025-06-20T22:54:50.381Z)
[2025-06-20T22:54:50.416Z] [INFO] Found 0 reports to execute in company_9jxwph8g
[2025-06-20T22:54:50.417Z] [INFO] Scheduled reports check completed
[2025-06-20T22:54:50.419Z] [DEBUG] MongoDB connection closed
[2025-06-20T22:54:50.437Z] [INFO] Found 0 reports to execute in company_9jxwph8g
[2025-06-20T22:54:50.437Z] [INFO] Scheduled reports check completed
[2025-06-20T22:54:50.439Z] [DEBUG] MongoDB connection closed
Fri Jun 20 17:55:00 CDT 2025: Checking if NextJS server is running...
Fri Jun 20 17:55:00 CDT 2025: Running scheduled reports
/Users/sim/Project2/scripts/../scripts/run-simple-scheduled-reports.sh: line 16: node: command not found
Fri Jun 20 17:55:00 CDT 2025: NextJS server is running. Running scheduled reports check...
/Users/sim/Project2/scripts/../scripts/run-scheduled-reports-cron.sh: line 25: node: command not found
[2025-06-20T22:55:19.609Z] [INFO] Checking for scheduled reports...
[2025-06-20T22:55:19.650Z] [INFO] Checking for scheduled reports...
[2025-06-20T22:55:20.377Z] [DEBUG] Connected to MongoDB
[2025-06-20T22:55:20.392Z] [DEBUG] Connected to MongoDB
[2025-06-20T22:55:20.446Z] [INFO] Found 1 company databases
[2025-06-20T22:55:20.446Z] [DEBUG] Processing company database: company_9jxwph8g
[2025-06-20T22:55:20.460Z] [INFO] Found 1 company databases
[2025-06-20T22:55:20.460Z] [DEBUG] Processing company database: company_9jxwph8g
[2025-06-20T22:55:20.502Z] [DEBUG] Finding reports to execute in company_9jxwph8g (current time: 2025-06-20T22:55:20.502Z)
[2025-06-20T22:55:20.519Z] [DEBUG] Finding reports to execute in company_9jxwph8g (current time: 2025-06-20T22:55:20.519Z)
[2025-06-20T22:55:20.557Z] [INFO] Found 0 reports to execute in company_9jxwph8g
[2025-06-20T22:55:20.558Z] [INFO] Scheduled reports check completed
[2025-06-20T22:55:20.561Z] [DEBUG] MongoDB connection closed
[2025-06-20T22:55:20.574Z] [INFO] Found 0 reports to execute in company_9jxwph8g
[2025-06-20T22:55:20.575Z] [INFO] Scheduled reports check completed
[2025-06-20T22:55:20.577Z] [DEBUG] MongoDB connection closed
[2025-06-20T22:55:49.611Z] [INFO] Checking for scheduled reports...
[2025-06-20T22:55:49.652Z] [INFO] Checking for scheduled reports...
[2025-06-20T22:55:50.203Z] [DEBUG] Connected to MongoDB
[2025-06-20T22:55:50.238Z] [DEBUG] Connected to MongoDB
[2025-06-20T22:55:50.270Z] [INFO] Found 1 company databases
[2025-06-20T22:55:50.271Z] [DEBUG] Processing company database: company_9jxwph8g
[2025-06-20T22:55:50.305Z] [INFO] Found 1 company databases
[2025-06-20T22:55:50.306Z] [DEBUG] Processing company database: company_9jxwph8g
[2025-06-20T22:55:50.332Z] [DEBUG] Finding reports to execute in company_9jxwph8g (current time: 2025-06-20T22:55:50.332Z)
[2025-06-20T22:55:50.363Z] [DEBUG] Finding reports to execute in company_9jxwph8g (current time: 2025-06-20T22:55:50.363Z)
[2025-06-20T22:55:50.401Z] [INFO] Found 0 reports to execute in company_9jxwph8g
[2025-06-20T22:55:50.402Z] [INFO] Scheduled reports check completed
[2025-06-20T22:55:50.404Z] [DEBUG] MongoDB connection closed
[2025-06-20T22:55:50.420Z] [INFO] Found 0 reports to execute in company_9jxwph8g
[2025-06-20T22:55:50.420Z] [INFO] Scheduled reports check completed
[2025-06-20T22:55:50.423Z] [DEBUG] MongoDB connection closed
Fri Jun 20 17:56:00 CDT 2025: Running scheduled reports
Fri Jun 20 17:56:00 CDT 2025: Checking if NextJS server is running...
/Users/sim/Project2/scripts/../scripts/run-simple-scheduled-reports.sh: line 16: node: command not found
Fri Jun 20 17:56:00 CDT 2025: NextJS server is running. Running scheduled reports check...
/Users/sim/Project2/scripts/../scripts/run-scheduled-reports-cron.sh: line 25: node: command not found
[2025-06-20T22:56:19.611Z] [INFO] Checking for scheduled reports...
[2025-06-20T22:56:19.663Z] [INFO] Checking for scheduled reports...
[2025-06-20T22:56:20.279Z] [DEBUG] Connected to MongoDB
[2025-06-20T22:56:20.289Z] [DEBUG] Connected to MongoDB
[2025-06-20T22:56:20.347Z] [INFO] Found 1 company databases
[2025-06-20T22:56:20.348Z] [DEBUG] Processing company database: company_9jxwph8g
[2025-06-20T22:56:20.363Z] [INFO] Found 1 company databases
[2025-06-20T22:56:20.364Z] [DEBUG] Processing company database: company_9jxwph8g
[2025-06-20T22:56:20.405Z] [DEBUG] Finding reports to execute in company_9jxwph8g (current time: 2025-06-20T22:56:20.405Z)
[2025-06-20T22:56:20.422Z] [DEBUG] Finding reports to execute in company_9jxwph8g (current time: 2025-06-20T22:56:20.422Z)
[2025-06-20T22:56:20.462Z] [INFO] Found 0 reports to execute in company_9jxwph8g
[2025-06-20T22:56:20.462Z] [INFO] Scheduled reports check completed
[2025-06-20T22:56:20.465Z] [DEBUG] MongoDB connection closed
[2025-06-20T22:56:20.478Z] [INFO] Found 0 reports to execute in company_9jxwph8g
[2025-06-20T22:56:20.478Z] [INFO] Scheduled reports check completed
[2025-06-20T22:56:20.481Z] [DEBUG] MongoDB connection closed
[2025-06-20T22:56:49.613Z] [INFO] Checking for scheduled reports...
[2025-06-20T22:56:49.665Z] [INFO] Checking for scheduled reports...
[2025-06-20T22:56:50.210Z] [DEBUG] Connected to MongoDB
[2025-06-20T22:56:50.261Z] [DEBUG] Connected to MongoDB
[2025-06-20T22:56:50.279Z] [INFO] Found 1 company databases
[2025-06-20T22:56:50.280Z] [DEBUG] Processing company database: company_9jxwph8g
[2025-06-20T22:56:50.329Z] [INFO] Found 1 company databases
[2025-06-20T22:56:50.330Z] [DEBUG] Processing company database: company_9jxwph8g
[2025-06-20T22:56:50.339Z] [DEBUG] Finding reports to execute in company_9jxwph8g (current time: 2025-06-20T22:56:50.339Z)
[2025-06-20T22:56:50.389Z] [DEBUG] Finding reports to execute in company_9jxwph8g (current time: 2025-06-20T22:56:50.389Z)
[2025-06-20T22:56:50.395Z] [INFO] Found 0 reports to execute in company_9jxwph8g
[2025-06-20T22:56:50.396Z] [INFO] Scheduled reports check completed
[2025-06-20T22:56:50.398Z] [DEBUG] MongoDB connection closed
[2025-06-20T22:56:50.445Z] [INFO] Found 0 reports to execute in company_9jxwph8g
[2025-06-20T22:56:50.446Z] [INFO] Scheduled reports check completed
[2025-06-20T22:56:50.450Z] [DEBUG] MongoDB connection closed
Fri Jun 20 17:57:00 CDT 2025: Running scheduled reports
Fri Jun 20 17:57:00 CDT 2025: Checking if NextJS server is running...
/Users/sim/Project2/scripts/../scripts/run-simple-scheduled-reports.sh: line 16: node: command not found
Fri Jun 20 17:57:01 CDT 2025: NextJS server is running. Running scheduled reports check...
/Users/sim/Project2/scripts/../scripts/run-scheduled-reports-cron.sh: line 25: node: command not found
[2025-06-20T22:57:19.541Z] [INFO] Checking for scheduled reports...
[2025-06-20T22:57:19.592Z] [INFO] Checking for scheduled reports...
[2025-06-20T22:57:20.223Z] [DEBUG] Connected to MongoDB
[2025-06-20T22:57:20.231Z] [DEBUG] Connected to MongoDB
[2025-06-20T22:57:20.292Z] [INFO] Found 1 company databases
[2025-06-20T22:57:20.292Z] [DEBUG] Processing company database: company_9jxwph8g
[2025-06-20T22:57:20.298Z] [INFO] Found 1 company databases
[2025-06-20T22:57:20.299Z] [DEBUG] Processing company database: company_9jxwph8g
[2025-06-20T22:57:20.351Z] [DEBUG] Finding reports to execute in company_9jxwph8g (current time: 2025-06-20T22:57:20.351Z)
[2025-06-20T22:57:20.355Z] [DEBUG] Finding reports to execute in company_9jxwph8g (current time: 2025-06-20T22:57:20.355Z)
[2025-06-20T22:57:20.409Z] [INFO] Found 0 reports to execute in company_9jxwph8g
[2025-06-20T22:57:20.409Z] [INFO] Scheduled reports check completed
[2025-06-20T22:57:20.411Z] [INFO] Found 0 reports to execute in company_9jxwph8g
[2025-06-20T22:57:20.412Z] [INFO] Scheduled reports check completed
[2025-06-20T22:57:20.413Z] [DEBUG] MongoDB connection closed
[2025-06-20T22:57:20.416Z] [DEBUG] MongoDB connection closed
[2025-06-20T22:57:49.545Z] [INFO] Checking for scheduled reports...
[2025-06-20T22:57:49.612Z] [INFO] Checking for scheduled reports...
[2025-06-20T22:57:50.172Z] [DEBUG] Connected to MongoDB
[2025-06-20T22:57:50.241Z] [INFO] Found 1 company databases
[2025-06-20T22:57:50.242Z] [DEBUG] Processing company database: company_9jxwph8g
[2025-06-20T22:57:50.303Z] [DEBUG] Finding reports to execute in company_9jxwph8g (current time: 2025-06-20T22:57:50.303Z)
[2025-06-20T22:57:50.362Z] [DEBUG] Connected to MongoDB
[2025-06-20T22:57:50.362Z] [INFO] Found 0 reports to execute in company_9jxwph8g
[2025-06-20T22:57:50.362Z] [INFO] Scheduled reports check completed
[2025-06-20T22:57:50.365Z] [DEBUG] MongoDB connection closed
[2025-06-20T22:57:50.445Z] [INFO] Found 1 company databases
[2025-06-20T22:57:50.445Z] [DEBUG] Processing company database: company_9jxwph8g
[2025-06-20T22:57:50.502Z] [DEBUG] Finding reports to execute in company_9jxwph8g (current time: 2025-06-20T22:57:50.502Z)
[2025-06-20T22:57:50.558Z] [INFO] Found 0 reports to execute in company_9jxwph8g
[2025-06-20T22:57:50.559Z] [INFO] Scheduled reports check completed
[2025-06-20T22:57:50.561Z] [DEBUG] MongoDB connection closed
Fri Jun 20 17:58:00 CDT 2025: Checking if NextJS server is running...
Fri Jun 20 17:58:00 CDT 2025: Running scheduled reports
/Users/sim/Project2/scripts/../scripts/run-simple-scheduled-reports.sh: line 16: node: command not found
Fri Jun 20 17:58:00 CDT 2025: NextJS server is running. Running scheduled reports check...
/Users/sim/Project2/scripts/../scripts/run-scheduled-reports-cron.sh: line 25: node: command not found
[2025-06-20T22:58:19.546Z] [INFO] Checking for scheduled reports...
[2025-06-20T22:58:19.613Z] [INFO] Checking for scheduled reports...
[2025-06-20T22:58:20.177Z] [DEBUG] Connected to MongoDB
[2025-06-20T22:58:20.244Z] [INFO] Found 1 company databases
[2025-06-20T22:58:20.244Z] [DEBUG] Processing company database: company_9jxwph8g
[2025-06-20T22:58:20.255Z] [DEBUG] Connected to MongoDB
[2025-06-20T22:58:20.310Z] [DEBUG] Finding reports to execute in company_9jxwph8g (current time: 2025-06-20T22:58:20.310Z)
[2025-06-20T22:58:20.323Z] [INFO] Found 1 company databases
[2025-06-20T22:58:20.324Z] [DEBUG] Processing company database: company_9jxwph8g
[2025-06-20T22:58:20.366Z] [INFO] Found 0 reports to execute in company_9jxwph8g
[2025-06-20T22:58:20.366Z] [INFO] Scheduled reports check completed
[2025-06-20T22:58:20.369Z] [DEBUG] MongoDB connection closed
[2025-06-20T22:58:20.381Z] [DEBUG] Finding reports to execute in company_9jxwph8g (current time: 2025-06-20T22:58:20.381Z)
[2025-06-20T22:58:20.437Z] [INFO] Found 0 reports to execute in company_9jxwph8g
[2025-06-20T22:58:20.438Z] [INFO] Scheduled reports check completed
[2025-06-20T22:58:20.440Z] [DEBUG] MongoDB connection closed
[2025-06-20T22:58:49.547Z] [INFO] Checking for scheduled reports...
[2025-06-20T22:58:49.615Z] [INFO] Checking for scheduled reports...
[2025-06-20T22:58:50.209Z] [DEBUG] Connected to MongoDB
[2025-06-20T22:58:50.283Z] [INFO] Found 1 company databases
[2025-06-20T22:58:50.283Z] [DEBUG] Connected to MongoDB
[2025-06-20T22:58:50.284Z] [DEBUG] Processing company database: company_9jxwph8g
[2025-06-20T22:58:50.408Z] [DEBUG] Finding reports to execute in company_9jxwph8g (current time: 2025-06-20T22:58:50.408Z)
[2025-06-20T22:58:50.409Z] [INFO] Found 1 company databases
[2025-06-20T22:58:50.410Z] [DEBUG] Processing company database: company_9jxwph8g
[2025-06-20T22:58:50.519Z] [DEBUG] Finding reports to execute in company_9jxwph8g (current time: 2025-06-20T22:58:50.519Z)
[2025-06-20T22:58:50.519Z] [INFO] Found 0 reports to execute in company_9jxwph8g
[2025-06-20T22:58:50.519Z] [INFO] Scheduled reports check completed
[2025-06-20T22:58:50.522Z] [DEBUG] MongoDB connection closed
[2025-06-20T22:58:50.640Z] [INFO] Found 0 reports to execute in company_9jxwph8g
[2025-06-20T22:58:50.640Z] [INFO] Scheduled reports check completed
[2025-06-20T22:58:50.642Z] [DEBUG] MongoDB connection closed
Fri Jun 20 17:59:00 CDT 2025: Running scheduled reports
Fri Jun 20 17:59:00 CDT 2025: Checking if NextJS server is running...
/Users/sim/Project2/scripts/../scripts/run-simple-scheduled-reports.sh: line 16: node: command not found
Fri Jun 20 17:59:00 CDT 2025: NextJS server is running. Running scheduled reports check...
/Users/sim/Project2/scripts/../scripts/run-scheduled-reports-cron.sh: line 25: node: command not found
[2025-06-20T22:59:19.547Z] [INFO] Checking for scheduled reports...
[2025-06-20T22:59:19.616Z] [INFO] Checking for scheduled reports...
[2025-06-20T22:59:20.260Z] [DEBUG] Connected to MongoDB
[2025-06-20T22:59:20.328Z] [DEBUG] Connected to MongoDB
[2025-06-20T22:59:20.328Z] [INFO] Found 1 company databases
[2025-06-20T22:59:20.328Z] [DEBUG] Processing company database: company_9jxwph8g
[2025-06-20T22:59:20.387Z] [DEBUG] Finding reports to execute in company_9jxwph8g (current time: 2025-06-20T22:59:20.387Z)
[2025-06-20T22:59:20.398Z] [INFO] Found 1 company databases
[2025-06-20T22:59:20.398Z] [DEBUG] Processing company database: company_9jxwph8g
[2025-06-20T22:59:20.446Z] [INFO] Found 0 reports to execute in company_9jxwph8g
[2025-06-20T22:59:20.447Z] [INFO] Scheduled reports check completed
[2025-06-20T22:59:20.450Z] [DEBUG] MongoDB connection closed
[2025-06-20T22:59:20.461Z] [DEBUG] Finding reports to execute in company_9jxwph8g (current time: 2025-06-20T22:59:20.461Z)
[2025-06-20T22:59:20.519Z] [INFO] Found 0 reports to execute in company_9jxwph8g
[2025-06-20T22:59:20.519Z] [INFO] Scheduled reports check completed
[2025-06-20T22:59:20.521Z] [DEBUG] MongoDB connection closed
[2025-06-20T22:59:49.547Z] [INFO] Checking for scheduled reports...
[2025-06-20T22:59:49.618Z] [INFO] Checking for scheduled reports...
[2025-06-20T22:59:51.320Z] [DEBUG] Connected to MongoDB
[2025-06-20T22:59:51.320Z] [DEBUG] Connected to MongoDB
[2025-06-20T22:59:51.498Z] [INFO] Found 1 company databases
[2025-06-20T22:59:51.498Z] [INFO] Found 1 company databases
[2025-06-20T22:59:51.498Z] [DEBUG] Processing company database: company_9jxwph8g
[2025-06-20T22:59:51.498Z] [DEBUG] Processing company database: company_9jxwph8g
[2025-06-20T22:59:51.691Z] [DEBUG] Finding reports to execute in company_9jxwph8g (current time: 2025-06-20T22:59:51.691Z)
[2025-06-20T22:59:51.691Z] [DEBUG] Finding reports to execute in company_9jxwph8g (current time: 2025-06-20T22:59:51.691Z)
[2025-06-20T22:59:51.800Z] [INFO] Found 0 reports to execute in company_9jxwph8g
[2025-06-20T22:59:51.800Z] [INFO] Found 0 reports to execute in company_9jxwph8g
[2025-06-20T22:59:51.801Z] [INFO] Scheduled reports check completed
[2025-06-20T22:59:51.801Z] [INFO] Scheduled reports check completed
[2025-06-20T22:59:51.802Z] [DEBUG] MongoDB connection closed
[2025-06-20T22:59:51.802Z] [DEBUG] MongoDB connection closed
Fri Jun 20 18:00:00 CDT 2025: Checking if NextJS server is running...
Fri Jun 20 18:00:00 CDT 2025: Running scheduled reports
/Users/sim/Project2/scripts/../scripts/run-simple-scheduled-reports.sh: line 16: node: command not found
Fri Jun 20 18:00:00 CDT 2025: NextJS server is running. Running scheduled reports check...
/Users/sim/Project2/scripts/../scripts/run-scheduled-reports-cron.sh: line 25: node: command not found
[2025-06-20T23:00:19.548Z] [INFO] Checking for scheduled reports...
[2025-06-20T23:00:19.618Z] [INFO] Checking for scheduled reports...
[2025-06-20T23:00:21.288Z] [DEBUG] Connected to MongoDB
[2025-06-20T23:00:21.288Z] [DEBUG] Connected to MongoDB
[2025-06-20T23:00:21.357Z] [INFO] Found 1 company databases
[2025-06-20T23:00:21.357Z] [INFO] Found 1 company databases
[2025-06-20T23:00:21.357Z] [DEBUG] Processing company database: company_9jxwph8g
[2025-06-20T23:00:21.357Z] [DEBUG] Processing company database: company_9jxwph8g
[2025-06-20T23:00:21.417Z] [DEBUG] Finding reports to execute in company_9jxwph8g (current time: 2025-06-20T23:00:21.417Z)
[2025-06-20T23:00:21.417Z] [DEBUG] Finding reports to execute in company_9jxwph8g (current time: 2025-06-20T23:00:21.417Z)
[2025-06-20T23:00:21.477Z] [INFO] Found 0 reports to execute in company_9jxwph8g
[2025-06-20T23:00:21.477Z] [INFO] Found 0 reports to execute in company_9jxwph8g
[2025-06-20T23:00:21.477Z] [INFO] Scheduled reports check completed
[2025-06-20T23:00:21.477Z] [INFO] Scheduled reports check completed
[2025-06-20T23:00:21.480Z] [DEBUG] MongoDB connection closed
[2025-06-20T23:00:21.480Z] [DEBUG] MongoDB connection closed
[2025-06-20T23:00:49.549Z] [INFO] Checking for scheduled reports...
[2025-06-20T23:00:49.619Z] [INFO] Checking for scheduled reports...
[2025-06-20T23:00:50.659Z] [DEBUG] Connected to MongoDB
[2025-06-20T23:00:50.782Z] [INFO] Found 1 company databases
[2025-06-20T23:00:50.782Z] [DEBUG] Connected to MongoDB
[2025-06-20T23:00:50.783Z] [DEBUG] Processing company database: company_9jxwph8g
[2025-06-20T23:00:50.843Z] [DEBUG] Finding reports to execute in company_9jxwph8g (current time: 2025-06-20T23:00:50.843Z)
[2025-06-20T23:00:50.880Z] [INFO] Found 1 company databases
[2025-06-20T23:00:50.881Z] [DEBUG] Processing company database: company_9jxwph8g
[2025-06-20T23:00:50.926Z] [INFO] Found 0 reports to execute in company_9jxwph8g
[2025-06-20T23:00:50.926Z] [INFO] Scheduled reports check completed
[2025-06-20T23:00:50.928Z] [DEBUG] MongoDB connection closed
[2025-06-20T23:00:50.938Z] [DEBUG] Finding reports to execute in company_9jxwph8g (current time: 2025-06-20T23:00:50.938Z)
[2025-06-20T23:00:50.998Z] [INFO] Found 0 reports to execute in company_9jxwph8g
[2025-06-20T23:00:50.998Z] [INFO] Scheduled reports check completed
[2025-06-20T23:00:51.000Z] [DEBUG] MongoDB connection closed
Fri Jun 20 18:01:00 CDT 2025: Running scheduled reports
Fri Jun 20 18:01:00 CDT 2025: Checking if NextJS server is running...
/Users/sim/Project2/scripts/../scripts/run-simple-scheduled-reports.sh: line 16: node: command not found
Fri Jun 20 18:01:00 CDT 2025: NextJS server is running. Running scheduled reports check...
/Users/sim/Project2/scripts/../scripts/run-scheduled-reports-cron.sh: line 25: node: command not found
[2025-06-20T23:01:19.549Z] [INFO] Checking for scheduled reports...
[2025-06-20T23:01:19.619Z] [INFO] Checking for scheduled reports...
[2025-06-20T23:01:20.291Z] [DEBUG] Connected to MongoDB
[2025-06-20T23:01:20.350Z] [DEBUG] Connected to MongoDB
[2025-06-20T23:01:20.364Z] [INFO] Found 1 company databases
[2025-06-20T23:01:20.365Z] [DEBUG] Processing company database: company_9jxwph8g
[2025-06-20T23:01:20.420Z] [INFO] Found 1 company databases
[2025-06-20T23:01:20.421Z] [DEBUG] Processing company database: company_9jxwph8g
[2025-06-20T23:01:20.428Z] [DEBUG] Finding reports to execute in company_9jxwph8g (current time: 2025-06-20T23:01:20.428Z)
[2025-06-20T23:01:20.482Z] [DEBUG] Finding reports to execute in company_9jxwph8g (current time: 2025-06-20T23:01:20.482Z)
[2025-06-20T23:01:20.489Z] [INFO] Found 0 reports to execute in company_9jxwph8g
[2025-06-20T23:01:20.490Z] [INFO] Scheduled reports check completed
[2025-06-20T23:01:20.492Z] [DEBUG] MongoDB connection closed
[2025-06-20T23:01:20.541Z] [INFO] Found 0 reports to execute in company_9jxwph8g
[2025-06-20T23:01:20.542Z] [INFO] Scheduled reports check completed
[2025-06-20T23:01:20.544Z] [DEBUG] MongoDB connection closed
[2025-06-20T23:01:49.551Z] [INFO] Checking for scheduled reports...
[2025-06-20T23:01:49.620Z] [INFO] Checking for scheduled reports...
[2025-06-20T23:01:50.174Z] [DEBUG] Connected to MongoDB
[2025-06-20T23:01:50.244Z] [DEBUG] Connected to MongoDB
[2025-06-20T23:01:50.256Z] [INFO] Found 1 company databases
[2025-06-20T23:01:50.256Z] [DEBUG] Processing company database: company_9jxwph8g
[2025-06-20T23:01:50.316Z] [INFO] Found 1 company databases
[2025-06-20T23:01:50.316Z] [DEBUG] Finding reports to execute in company_9jxwph8g (current time: 2025-06-20T23:01:50.316Z)
[2025-06-20T23:01:50.316Z] [DEBUG] Processing company database: company_9jxwph8g
[2025-06-20T23:01:50.379Z] [INFO] Found 0 reports to execute in company_9jxwph8g
[2025-06-20T23:01:50.380Z] [DEBUG] Finding reports to execute in company_9jxwph8g (current time: 2025-06-20T23:01:50.380Z)
[2025-06-20T23:01:50.380Z] [INFO] Scheduled reports check completed
[2025-06-20T23:01:50.383Z] [DEBUG] MongoDB connection closed
[2025-06-20T23:01:50.449Z] [INFO] Found 0 reports to execute in company_9jxwph8g
[2025-06-20T23:01:50.449Z] [INFO] Scheduled reports check completed
[2025-06-20T23:01:50.452Z] [DEBUG] MongoDB connection closed
Fri Jun 20 18:02:00 CDT 2025: Checking if NextJS server is running...
Fri Jun 20 18:02:00 CDT 2025: Running scheduled reports
/Users/sim/Project2/scripts/../scripts/run-simple-scheduled-reports.sh: line 16: node: command not found
Fri Jun 20 18:02:00 CDT 2025: NextJS server is running. Running scheduled reports check...
/Users/sim/Project2/scripts/../scripts/run-scheduled-reports-cron.sh: line 25: node: command not found
[2025-06-20T23:02:19.553Z] [INFO] Checking for scheduled reports...
[2025-06-20T23:02:19.621Z] [INFO] Checking for scheduled reports...
[2025-06-20T23:02:20.233Z] [DEBUG] Connected to MongoDB
[2025-06-20T23:02:20.260Z] [DEBUG] Connected to MongoDB
[2025-06-20T23:02:20.317Z] [INFO] Found 1 company databases
[2025-06-20T23:02:20.317Z] [DEBUG] Processing company database: company_9jxwph8g
[2025-06-20T23:02:20.331Z] [INFO] Found 1 company databases
[2025-06-20T23:02:20.332Z] [DEBUG] Processing company database: company_9jxwph8g
[2025-06-20T23:02:20.377Z] [DEBUG] Finding reports to execute in company_9jxwph8g (current time: 2025-06-20T23:02:20.377Z)
[2025-06-20T23:02:20.394Z] [DEBUG] Finding reports to execute in company_9jxwph8g (current time: 2025-06-20T23:02:20.394Z)
[2025-06-20T23:02:20.445Z] [INFO] Found 0 reports to execute in company_9jxwph8g
[2025-06-20T23:02:20.445Z] [INFO] Scheduled reports check completed
[2025-06-20T23:02:20.448Z] [DEBUG] MongoDB connection closed
[2025-06-20T23:02:20.454Z] [INFO] Found 0 reports to execute in company_9jxwph8g
[2025-06-20T23:02:20.455Z] [INFO] Scheduled reports check completed
[2025-06-20T23:02:20.457Z] [DEBUG] MongoDB connection closed
[2025-06-20T23:02:49.554Z] [INFO] Checking for scheduled reports...
[2025-06-20T23:02:49.621Z] [INFO] Checking for scheduled reports...
[2025-06-20T23:02:50.304Z] [DEBUG] Connected to MongoDB
[2025-06-20T23:02:50.303Z] [DEBUG] Connected to MongoDB
[2025-06-20T23:02:50.412Z] [INFO] Found 1 company databases
[2025-06-20T23:02:50.413Z] [DEBUG] Processing company database: company_9jxwph8g
[2025-06-20T23:02:50.416Z] [INFO] Found 1 company databases
[2025-06-20T23:02:50.418Z] [DEBUG] Processing company database: company_9jxwph8g
[2025-06-20T23:02:50.511Z] [DEBUG] Finding reports to execute in company_9jxwph8g (current time: 2025-06-20T23:02:50.511Z)
[2025-06-20T23:02:50.523Z] [DEBUG] Finding reports to execute in company_9jxwph8g (current time: 2025-06-20T23:02:50.522Z)
[2025-06-20T23:02:50.611Z] [INFO] Found 0 reports to execute in company_9jxwph8g
[2025-06-20T23:02:50.612Z] [INFO] Scheduled reports check completed
[2025-06-20T23:02:50.615Z] [DEBUG] MongoDB connection closed
[2025-06-20T23:02:50.623Z] [INFO] Found 0 reports to execute in company_9jxwph8g
[2025-06-20T23:02:50.623Z] [INFO] Scheduled reports check completed
[2025-06-20T23:02:50.626Z] [DEBUG] MongoDB connection closed
Fri Jun 20 18:03:01 CDT 2025: Running scheduled reports
Fri Jun 20 18:03:01 CDT 2025: Checking if NextJS server is running...
/Users/sim/Project2/scripts/../scripts/run-simple-scheduled-reports.sh: line 16: node: command not found
Fri Jun 20 18:03:01 CDT 2025: NextJS server is running. Running scheduled reports check...
/Users/sim/Project2/scripts/../scripts/run-scheduled-reports-cron.sh: line 25: node: command not found
[2025-06-20T23:03:19.555Z] [INFO] Checking for scheduled reports...
[2025-06-20T23:03:19.623Z] [INFO] Checking for scheduled reports...
[2025-06-20T23:03:20.217Z] [DEBUG] Connected to MongoDB
[2025-06-20T23:03:20.283Z] [DEBUG] Connected to MongoDB
[2025-06-20T23:03:20.287Z] [INFO] Found 1 company databases
[2025-06-20T23:03:20.288Z] [DEBUG] Processing company database: company_9jxwph8g
[2025-06-20T23:03:20.357Z] [INFO] Found 1 company databases
[2025-06-20T23:03:20.357Z] [DEBUG] Finding reports to execute in company_9jxwph8g (current time: 2025-06-20T23:03:20.357Z)
[2025-06-20T23:03:20.357Z] [DEBUG] Processing company database: company_9jxwph8g
[2025-06-20T23:03:20.419Z] [INFO] Found 0 reports to execute in company_9jxwph8g
[2025-06-20T23:03:20.420Z] [DEBUG] Finding reports to execute in company_9jxwph8g (current time: 2025-06-20T23:03:20.420Z)
[2025-06-20T23:03:20.420Z] [INFO] Scheduled reports check completed
[2025-06-20T23:03:20.422Z] [DEBUG] MongoDB connection closed
[2025-06-20T23:03:20.490Z] [INFO] Found 0 reports to execute in company_9jxwph8g
[2025-06-20T23:03:20.490Z] [INFO] Scheduled reports check completed
[2025-06-20T23:03:20.493Z] [DEBUG] MongoDB connection closed
[2025-06-20T23:03:49.557Z] [INFO] Checking for scheduled reports...
[2025-06-20T23:03:49.625Z] [INFO] Checking for scheduled reports...
[2025-06-20T23:03:50.200Z] [DEBUG] Connected to MongoDB
[2025-06-20T23:03:50.256Z] [DEBUG] Connected to MongoDB
[2025-06-20T23:03:50.268Z] [INFO] Found 1 company databases
[2025-06-20T23:03:50.268Z] [DEBUG] Processing company database: company_9jxwph8g
[2025-06-20T23:03:50.325Z] [DEBUG] Finding reports to execute in company_9jxwph8g (current time: 2025-06-20T23:03:50.325Z)
[2025-06-20T23:03:50.336Z] [INFO] Found 1 company databases
[2025-06-20T23:03:50.336Z] [DEBUG] Processing company database: company_9jxwph8g
[2025-06-20T23:03:50.381Z] [INFO] Found 0 reports to execute in company_9jxwph8g
[2025-06-20T23:03:50.382Z] [INFO] Scheduled reports check completed
[2025-06-20T23:03:50.383Z] [DEBUG] MongoDB connection closed
[2025-06-20T23:03:50.392Z] [DEBUG] Finding reports to execute in company_9jxwph8g (current time: 2025-06-20T23:03:50.392Z)
[2025-06-20T23:03:50.452Z] [INFO] Found 0 reports to execute in company_9jxwph8g
[2025-06-20T23:03:50.453Z] [INFO] Scheduled reports check completed
[2025-06-20T23:03:50.455Z] [DEBUG] MongoDB connection closed
Fri Jun 20 18:04:00 CDT 2025: Running scheduled reports
Fri Jun 20 18:04:00 CDT 2025: Checking if NextJS server is running...
/Users/sim/Project2/scripts/../scripts/run-simple-scheduled-reports.sh: line 16: node: command not found
Fri Jun 20 18:04:00 CDT 2025: NextJS server is running. Running scheduled reports check...
/Users/sim/Project2/scripts/../scripts/run-scheduled-reports-cron.sh: line 25: node: command not found
[2025-06-20T23:04:19.558Z] [INFO] Checking for scheduled reports...
[2025-06-20T23:04:19.626Z] [INFO] Checking for scheduled reports...
[2025-06-20T23:04:20.347Z] [DEBUG] Connected to MongoDB
[2025-06-20T23:04:20.347Z] [DEBUG] Connected to MongoDB
[2025-06-20T23:04:20.422Z] [INFO] Found 1 company databases
[2025-06-20T23:04:20.423Z] [DEBUG] Processing company database: company_9jxwph8g
[2025-06-20T23:04:20.429Z] [INFO] Found 1 company databases
[2025-06-20T23:04:20.430Z] [DEBUG] Processing company database: company_9jxwph8g
[2025-06-20T23:04:20.685Z] [DEBUG] Finding reports to execute in company_9jxwph8g (current time: 2025-06-20T23:04:20.685Z)
[2025-06-20T23:04:20.687Z] [DEBUG] Finding reports to execute in company_9jxwph8g (current time: 2025-06-20T23:04:20.685Z)
[2025-06-20T23:04:20.829Z] [INFO] Found 0 reports to execute in company_9jxwph8g
[2025-06-20T23:04:20.829Z] [INFO] Found 0 reports to execute in company_9jxwph8g
[2025-06-20T23:04:20.830Z] [INFO] Scheduled reports check completed
[2025-06-20T23:04:20.830Z] [INFO] Scheduled reports check completed
[2025-06-20T23:04:20.833Z] [DEBUG] MongoDB connection closed
[2025-06-20T23:04:20.835Z] [DEBUG] MongoDB connection closed
[2025-06-20T23:04:49.559Z] [INFO] Checking for scheduled reports...
[2025-06-20T23:04:49.626Z] [INFO] Checking for scheduled reports...
[2025-06-20T23:04:50.856Z] [DEBUG] Connected to MongoDB
[2025-06-20T23:04:50.856Z] [DEBUG] Connected to MongoDB
[2025-06-20T23:04:50.978Z] [INFO] Found 1 company databases
[2025-06-20T23:04:50.978Z] [INFO] Found 1 company databases
[2025-06-20T23:04:50.978Z] [DEBUG] Processing company database: company_9jxwph8g
[2025-06-20T23:04:50.983Z] [DEBUG] Processing company database: company_9jxwph8g
[2025-06-20T23:04:51.092Z] [DEBUG] Finding reports to execute in company_9jxwph8g (current time: 2025-06-20T23:04:51.092Z)
[2025-06-20T23:04:51.092Z] [DEBUG] Finding reports to execute in company_9jxwph8g (current time: 2025-06-20T23:04:51.092Z)
[2025-06-20T23:04:51.264Z] [INFO] Found 0 reports to execute in company_9jxwph8g
[2025-06-20T23:04:51.264Z] [INFO] Found 0 reports to execute in company_9jxwph8g
[2025-06-20T23:04:51.265Z] [INFO] Scheduled reports check completed
[2025-06-20T23:04:51.265Z] [INFO] Scheduled reports check completed
[2025-06-20T23:04:51.267Z] [DEBUG] MongoDB connection closed
[2025-06-20T23:04:51.267Z] [DEBUG] MongoDB connection closed
Fri Jun 20 18:05:00 CDT 2025: Running scheduled reports
Fri Jun 20 18:05:00 CDT 2025: Checking if NextJS server is running...
/Users/sim/Project2/scripts/../scripts/run-simple-scheduled-reports.sh: line 16: node: command not found
Fri Jun 20 18:05:00 CDT 2025: NextJS server is running. Running scheduled reports check...
/Users/sim/Project2/scripts/../scripts/run-scheduled-reports-cron.sh: line 25: node: command not found
[2025-06-20T23:05:19.560Z] [INFO] Checking for scheduled reports...
[2025-06-20T23:05:19.627Z] [INFO] Checking for scheduled reports...
[2025-06-20T23:05:20.170Z] [DEBUG] Connected to MongoDB
[2025-06-20T23:05:20.239Z] [INFO] Found 1 company databases
[2025-06-20T23:05:20.239Z] [DEBUG] Processing company database: company_9jxwph8g
[2025-06-20T23:05:20.253Z] [DEBUG] Connected to MongoDB
[2025-06-20T23:05:20.300Z] [DEBUG] Finding reports to execute in company_9jxwph8g (current time: 2025-06-20T23:05:20.300Z)
[2025-06-20T23:05:20.322Z] [INFO] Found 1 company databases
[2025-06-20T23:05:20.322Z] [DEBUG] Processing company database: company_9jxwph8g
[2025-06-20T23:05:20.363Z] [INFO] Found 0 reports to execute in company_9jxwph8g
[2025-06-20T23:05:20.364Z] [INFO] Scheduled reports check completed
[2025-06-20T23:05:20.367Z] [DEBUG] MongoDB connection closed
[2025-06-20T23:05:20.381Z] [DEBUG] Finding reports to execute in company_9jxwph8g (current time: 2025-06-20T23:05:20.381Z)
[2025-06-20T23:05:20.440Z] [INFO] Found 0 reports to execute in company_9jxwph8g
[2025-06-20T23:05:20.440Z] [INFO] Scheduled reports check completed
[2025-06-20T23:05:20.443Z] [DEBUG] MongoDB connection closed
[2025-06-20T23:05:49.559Z] [INFO] Checking for scheduled reports...
[2025-06-20T23:05:49.627Z] [INFO] Checking for scheduled reports...
[2025-06-20T23:05:50.303Z] [DEBUG] Connected to MongoDB
[2025-06-20T23:05:50.340Z] [DEBUG] Connected to MongoDB
[2025-06-20T23:05:50.373Z] [INFO] Found 1 company databases
[2025-06-20T23:05:50.373Z] [DEBUG] Processing company database: company_9jxwph8g
[2025-06-20T23:05:50.409Z] [INFO] Found 1 company databases
[2025-06-20T23:05:50.409Z] [DEBUG] Processing company database: company_9jxwph8g
[2025-06-20T23:05:50.435Z] [DEBUG] Finding reports to execute in company_9jxwph8g (current time: 2025-06-20T23:05:50.435Z)
[2025-06-20T23:05:50.469Z] [DEBUG] Finding reports to execute in company_9jxwph8g (current time: 2025-06-20T23:05:50.469Z)
[2025-06-20T23:05:50.494Z] [INFO] Found 0 reports to execute in company_9jxwph8g
[2025-06-20T23:05:50.495Z] [INFO] Scheduled reports check completed
[2025-06-20T23:05:50.499Z] [DEBUG] MongoDB connection closed
[2025-06-20T23:05:50.527Z] [INFO] Found 0 reports to execute in company_9jxwph8g
[2025-06-20T23:05:50.528Z] [INFO] Scheduled reports check completed
[2025-06-20T23:05:50.530Z] [DEBUG] MongoDB connection closed
Fri Jun 20 18:06:00 CDT 2025: Checking if NextJS server is running...
Fri Jun 20 18:06:00 CDT 2025: Running scheduled reports
/Users/sim/Project2/scripts/../scripts/run-simple-scheduled-reports.sh: line 16: node: command not found
Fri Jun 20 18:06:00 CDT 2025: NextJS server is running. Running scheduled reports check...
/Users/sim/Project2/scripts/../scripts/run-scheduled-reports-cron.sh: line 25: node: command not found
[2025-06-20T23:06:19.560Z] [INFO] Checking for scheduled reports...
[2025-06-20T23:06:19.628Z] [INFO] Checking for scheduled reports...
[2025-06-20T23:06:20.185Z] [DEBUG] Connected to MongoDB
[2025-06-20T23:06:20.259Z] [DEBUG] Connected to MongoDB
[2025-06-20T23:06:20.269Z] [INFO] Found 1 company databases
[2025-06-20T23:06:20.270Z] [DEBUG] Processing company database: company_9jxwph8g
[2025-06-20T23:06:20.329Z] [DEBUG] Finding reports to execute in company_9jxwph8g (current time: 2025-06-20T23:06:20.329Z)
[2025-06-20T23:06:20.336Z] [INFO] Found 1 company databases
[2025-06-20T23:06:20.336Z] [DEBUG] Processing company database: company_9jxwph8g
[2025-06-20T23:06:20.397Z] [INFO] Found 0 reports to execute in company_9jxwph8g
[2025-06-20T23:06:20.398Z] [INFO] Scheduled reports check completed
[2025-06-20T23:06:20.405Z] [DEBUG] MongoDB connection closed
[2025-06-20T23:06:20.406Z] [DEBUG] Finding reports to execute in company_9jxwph8g (current time: 2025-06-20T23:06:20.406Z)
[2025-06-20T23:06:20.465Z] [INFO] Found 0 reports to execute in company_9jxwph8g
[2025-06-20T23:06:20.466Z] [INFO] Scheduled reports check completed
[2025-06-20T23:06:20.468Z] [DEBUG] MongoDB connection closed
[2025-06-20T23:06:49.561Z] [INFO] Checking for scheduled reports...
[2025-06-20T23:06:49.628Z] [INFO] Checking for scheduled reports...
[2025-06-20T23:06:50.855Z] [DEBUG] Connected to MongoDB
[2025-06-20T23:06:50.933Z] [DEBUG] Connected to MongoDB
[2025-06-20T23:06:50.939Z] [INFO] Found 1 company databases
[2025-06-20T23:06:50.939Z] [DEBUG] Processing company database: company_9jxwph8g
[2025-06-20T23:06:51.004Z] [DEBUG] Finding reports to execute in company_9jxwph8g (current time: 2025-06-20T23:06:51.004Z)
[2025-06-20T23:06:51.017Z] [INFO] Found 1 company databases
[2025-06-20T23:06:51.017Z] [DEBUG] Processing company database: company_9jxwph8g
[2025-06-20T23:06:51.068Z] [INFO] Found 0 reports to execute in company_9jxwph8g
[2025-06-20T23:06:51.069Z] [INFO] Scheduled reports check completed
[2025-06-20T23:06:51.071Z] [DEBUG] MongoDB connection closed
[2025-06-20T23:06:51.078Z] [DEBUG] Finding reports to execute in company_9jxwph8g (current time: 2025-06-20T23:06:51.078Z)
[2025-06-20T23:06:51.144Z] [INFO] Found 0 reports to execute in company_9jxwph8g
[2025-06-20T23:06:51.145Z] [INFO] Scheduled reports check completed
[2025-06-20T23:06:51.147Z] [DEBUG] MongoDB connection closed
Fri Jun 20 18:07:00 CDT 2025: Running scheduled reports
Fri Jun 20 18:07:00 CDT 2025: Checking if NextJS server is running...
/Users/sim/Project2/scripts/../scripts/run-simple-scheduled-reports.sh: line 16: node: command not found
Fri Jun 20 18:07:00 CDT 2025: NextJS server is running. Running scheduled reports check...
/Users/sim/Project2/scripts/../scripts/run-scheduled-reports-cron.sh: line 25: node: command not found
[2025-06-20T23:07:19.563Z] [INFO] Checking for scheduled reports...
[2025-06-20T23:07:19.629Z] [INFO] Checking for scheduled reports...
[2025-06-20T23:07:20.240Z] [DEBUG] Connected to MongoDB
[2025-06-20T23:07:20.265Z] [DEBUG] Connected to MongoDB
[2025-06-20T23:07:20.312Z] [INFO] Found 1 company databases
[2025-06-20T23:07:20.313Z] [DEBUG] Processing company database: company_9jxwph8g
[2025-06-20T23:07:20.333Z] [INFO] Found 1 company databases
[2025-06-20T23:07:20.334Z] [DEBUG] Processing company database: company_9jxwph8g
[2025-06-20T23:07:20.371Z] [DEBUG] Finding reports to execute in company_9jxwph8g (current time: 2025-06-20T23:07:20.371Z)
[2025-06-20T23:07:20.392Z] [DEBUG] Finding reports to execute in company_9jxwph8g (current time: 2025-06-20T23:07:20.392Z)
[2025-06-20T23:07:20.429Z] [INFO] Found 0 reports to execute in company_9jxwph8g
[2025-06-20T23:07:20.429Z] [INFO] Scheduled reports check completed
[2025-06-20T23:07:20.432Z] [DEBUG] MongoDB connection closed
[2025-06-20T23:07:20.450Z] [INFO] Found 0 reports to execute in company_9jxwph8g
[2025-06-20T23:07:20.450Z] [INFO] Scheduled reports check completed
[2025-06-20T23:07:20.452Z] [DEBUG] MongoDB connection closed
[2025-06-20T23:07:49.564Z] [INFO] Checking for scheduled reports...
[2025-06-20T23:07:49.630Z] [INFO] Checking for scheduled reports...
[2025-06-20T23:07:50.274Z] [DEBUG] Connected to MongoDB
[2025-06-20T23:07:50.313Z] [DEBUG] Connected to MongoDB
[2025-06-20T23:07:50.343Z] [INFO] Found 1 company databases
[2025-06-20T23:07:50.344Z] [DEBUG] Processing company database: company_9jxwph8g
[2025-06-20T23:07:50.383Z] [INFO] Found 1 company databases
[2025-06-20T23:07:50.384Z] [DEBUG] Processing company database: company_9jxwph8g
[2025-06-20T23:07:50.404Z] [DEBUG] Finding reports to execute in company_9jxwph8g (current time: 2025-06-20T23:07:50.404Z)
[2025-06-20T23:07:50.442Z] [DEBUG] Finding reports to execute in company_9jxwph8g (current time: 2025-06-20T23:07:50.442Z)
[2025-06-20T23:07:50.462Z] [INFO] Found 0 reports to execute in company_9jxwph8g
[2025-06-20T23:07:50.463Z] [INFO] Scheduled reports check completed
[2025-06-20T23:07:50.465Z] [DEBUG] MongoDB connection closed
[2025-06-20T23:07:50.499Z] [INFO] Found 0 reports to execute in company_9jxwph8g
[2025-06-20T23:07:50.500Z] [INFO] Scheduled reports check completed
[2025-06-20T23:07:50.502Z] [DEBUG] MongoDB connection closed
Fri Jun 20 18:08:01 CDT 2025: Checking if NextJS server is running...
Fri Jun 20 18:08:01 CDT 2025: Running scheduled reports
/Users/sim/Project2/scripts/../scripts/run-simple-scheduled-reports.sh: line 16: node: command not found
Fri Jun 20 18:08:01 CDT 2025: NextJS server is running. Running scheduled reports check...
/Users/sim/Project2/scripts/../scripts/run-scheduled-reports-cron.sh: line 25: node: command not found
[2025-06-20T23:08:19.564Z] [INFO] Checking for scheduled reports...
[2025-06-20T23:08:19.630Z] [INFO] Checking for scheduled reports...
[2025-06-20T23:08:20.451Z] [DEBUG] Connected to MongoDB
[2025-06-20T23:08:20.630Z] [DEBUG] Connected to MongoDB
[2025-06-20T23:08:20.631Z] [INFO] Found 1 company databases
[2025-06-20T23:08:20.632Z] [DEBUG] Processing company database: company_9jxwph8g
[2025-06-20T23:08:20.709Z] [DEBUG] Finding reports to execute in company_9jxwph8g (current time: 2025-06-20T23:08:20.709Z)
[2025-06-20T23:08:20.720Z] [INFO] Found 1 company databases
[2025-06-20T23:08:20.721Z] [DEBUG] Processing company database: company_9jxwph8g
[2025-06-20T23:08:20.773Z] [INFO] Found 0 reports to execute in company_9jxwph8g
[2025-06-20T23:08:20.773Z] [INFO] Scheduled reports check completed
[2025-06-20T23:08:20.778Z] [DEBUG] MongoDB connection closed
[2025-06-20T23:08:20.789Z] [DEBUG] Finding reports to execute in company_9jxwph8g (current time: 2025-06-20T23:08:20.789Z)
[2025-06-20T23:08:20.870Z] [INFO] Found 0 reports to execute in company_9jxwph8g
[2025-06-20T23:08:20.870Z] [INFO] Scheduled reports check completed
[2025-06-20T23:08:20.871Z] [DEBUG] MongoDB connection closed
[2025-06-20T23:08:49.565Z] [INFO] Checking for scheduled reports...
[2025-06-20T23:08:49.631Z] [INFO] Checking for scheduled reports...
[2025-06-20T23:08:50.316Z] [DEBUG] Connected to MongoDB
[2025-06-20T23:08:50.344Z] [DEBUG] Connected to MongoDB
[2025-06-20T23:08:50.390Z] [INFO] Found 1 company databases
[2025-06-20T23:08:50.391Z] [DEBUG] Processing company database: company_9jxwph8g
[2025-06-20T23:08:50.420Z] [INFO] Found 1 company databases
[2025-06-20T23:08:50.421Z] [DEBUG] Processing company database: company_9jxwph8g
[2025-06-20T23:08:50.454Z] [DEBUG] Finding reports to execute in company_9jxwph8g (current time: 2025-06-20T23:08:50.454Z)
[2025-06-20T23:08:50.478Z] [DEBUG] Finding reports to execute in company_9jxwph8g (current time: 2025-06-20T23:08:50.478Z)
[2025-06-20T23:08:50.518Z] [INFO] Found 0 reports to execute in company_9jxwph8g
[2025-06-20T23:08:50.519Z] [INFO] Scheduled reports check completed
[2025-06-20T23:08:50.521Z] [DEBUG] MongoDB connection closed
[2025-06-20T23:08:50.540Z] [INFO] Found 0 reports to execute in company_9jxwph8g
[2025-06-20T23:08:50.541Z] [INFO] Scheduled reports check completed
[2025-06-20T23:08:50.543Z] [DEBUG] MongoDB connection closed
Fri Jun 20 18:09:00 CDT 2025: Checking if NextJS server is running...
Fri Jun 20 18:09:00 CDT 2025: Running scheduled reports
/Users/sim/Project2/scripts/../scripts/run-simple-scheduled-reports.sh: line 16: node: command not found
Fri Jun 20 18:09:00 CDT 2025: NextJS server is running. Running scheduled reports check...
/Users/sim/Project2/scripts/../scripts/run-scheduled-reports-cron.sh: line 25: node: command not found
[2025-06-20T23:09:19.566Z] [INFO] Checking for scheduled reports...
[2025-06-20T23:09:19.633Z] [INFO] Checking for scheduled reports...
[2025-06-20T23:09:20.191Z] [DEBUG] Connected to MongoDB
[2025-06-20T23:09:20.264Z] [INFO] Found 1 company databases
[2025-06-20T23:09:20.265Z] [DEBUG] Processing company database: company_9jxwph8g
[2025-06-20T23:09:20.268Z] [DEBUG] Connected to MongoDB
[2025-06-20T23:09:20.332Z] [DEBUG] Finding reports to execute in company_9jxwph8g (current time: 2025-06-20T23:09:20.331Z)
[2025-06-20T23:09:20.350Z] [INFO] Found 1 company databases
[2025-06-20T23:09:20.350Z] [DEBUG] Processing company database: company_9jxwph8g
[2025-06-20T23:09:20.393Z] [INFO] Found 0 reports to execute in company_9jxwph8g
[2025-06-20T23:09:20.393Z] [INFO] Scheduled reports check completed
[2025-06-20T23:09:20.395Z] [DEBUG] MongoDB connection closed
[2025-06-20T23:09:20.412Z] [DEBUG] Finding reports to execute in company_9jxwph8g (current time: 2025-06-20T23:09:20.411Z)
[2025-06-20T23:09:20.471Z] [INFO] Found 0 reports to execute in company_9jxwph8g
[2025-06-20T23:09:20.472Z] [INFO] Scheduled reports check completed
[2025-06-20T23:09:20.475Z] [DEBUG] MongoDB connection closed
[2025-06-20T23:09:49.567Z] [INFO] Checking for scheduled reports...
[2025-06-20T23:09:49.633Z] [INFO] Checking for scheduled reports...
[2025-06-20T23:09:50.260Z] [DEBUG] Connected to MongoDB
[2025-06-20T23:09:50.270Z] [DEBUG] Connected to MongoDB
[2025-06-20T23:09:50.341Z] [INFO] Found 1 company databases
[2025-06-20T23:09:50.341Z] [INFO] Found 1 company databases
[2025-06-20T23:09:50.341Z] [DEBUG] Processing company database: company_9jxwph8g
[2025-06-20T23:09:50.341Z] [DEBUG] Processing company database: company_9jxwph8g
[2025-06-20T23:09:50.405Z] [DEBUG] Finding reports to execute in company_9jxwph8g (current time: 2025-06-20T23:09:50.405Z)
[2025-06-20T23:09:50.405Z] [DEBUG] Finding reports to execute in company_9jxwph8g (current time: 2025-06-20T23:09:50.405Z)
[2025-06-20T23:09:50.466Z] [INFO] Found 0 reports to execute in company_9jxwph8g
[2025-06-20T23:09:50.466Z] [INFO] Found 0 reports to execute in company_9jxwph8g
[2025-06-20T23:09:50.466Z] [INFO] Scheduled reports check completed
[2025-06-20T23:09:50.466Z] [INFO] Scheduled reports check completed
[2025-06-20T23:09:50.469Z] [DEBUG] MongoDB connection closed
[2025-06-20T23:09:50.469Z] [DEBUG] MongoDB connection closed
Fri Jun 20 18:10:00 CDT 2025: Running scheduled reports
Fri Jun 20 18:10:00 CDT 2025: Checking if NextJS server is running...
/Users/sim/Project2/scripts/../scripts/run-simple-scheduled-reports.sh: line 16: node: command not found
Fri Jun 20 18:10:00 CDT 2025: NextJS server is running. Running scheduled reports check...
/Users/sim/Project2/scripts/../scripts/run-scheduled-reports-cron.sh: line 25: node: command not found
[2025-06-20T23:10:19.568Z] [INFO] Checking for scheduled reports...
[2025-06-20T23:10:19.634Z] [INFO] Checking for scheduled reports...
[2025-06-20T23:10:20.254Z] [DEBUG] Connected to MongoDB
[2025-06-20T23:10:20.259Z] [DEBUG] Connected to MongoDB
[2025-06-20T23:10:20.327Z] [INFO] Found 1 company databases
[2025-06-20T23:10:20.327Z] [INFO] Found 1 company databases
[2025-06-20T23:10:20.327Z] [DEBUG] Processing company database: company_9jxwph8g
[2025-06-20T23:10:20.327Z] [DEBUG] Processing company database: company_9jxwph8g
[2025-06-20T23:10:20.386Z] [DEBUG] Finding reports to execute in company_9jxwph8g (current time: 2025-06-20T23:10:20.386Z)
[2025-06-20T23:10:20.387Z] [DEBUG] Finding reports to execute in company_9jxwph8g (current time: 2025-06-20T23:10:20.387Z)
[2025-06-20T23:10:20.455Z] [INFO] Found 0 reports to execute in company_9jxwph8g
[2025-06-20T23:10:20.455Z] [INFO] Found 0 reports to execute in company_9jxwph8g
[2025-06-20T23:10:20.455Z] [INFO] Scheduled reports check completed
[2025-06-20T23:10:20.456Z] [INFO] Scheduled reports check completed
[2025-06-20T23:10:20.459Z] [DEBUG] MongoDB connection closed
[2025-06-20T23:10:20.459Z] [DEBUG] MongoDB connection closed
[2025-06-20T23:10:49.569Z] [INFO] Checking for scheduled reports...
[2025-06-20T23:10:49.635Z] [INFO] Checking for scheduled reports...
[2025-06-20T23:10:50.281Z] [DEBUG] Connected to MongoDB
[2025-06-20T23:10:50.291Z] [DEBUG] Connected to MongoDB
[2025-06-20T23:10:50.351Z] [INFO] Found 1 company databases
[2025-06-20T23:10:50.352Z] [DEBUG] Processing company database: company_9jxwph8g
[2025-06-20T23:10:50.360Z] [INFO] Found 1 company databases
[2025-06-20T23:10:50.360Z] [DEBUG] Processing company database: company_9jxwph8g
[2025-06-20T23:10:50.410Z] [DEBUG] Finding reports to execute in company_9jxwph8g (current time: 2025-06-20T23:10:50.410Z)
[2025-06-20T23:10:50.417Z] [DEBUG] Finding reports to execute in company_9jxwph8g (current time: 2025-06-20T23:10:50.417Z)
[2025-06-20T23:10:50.466Z] [INFO] Found 0 reports to execute in company_9jxwph8g
[2025-06-20T23:10:50.466Z] [INFO] Scheduled reports check completed
[2025-06-20T23:10:50.467Z] [DEBUG] MongoDB connection closed
[2025-06-20T23:10:50.488Z] [INFO] Found 0 reports to execute in company_9jxwph8g
[2025-06-20T23:10:50.489Z] [INFO] Scheduled reports check completed
[2025-06-20T23:10:50.491Z] [DEBUG] MongoDB connection closed
Fri Jun 20 18:11:00 CDT 2025: Checking if NextJS server is running...
Fri Jun 20 18:11:00 CDT 2025: Running scheduled reports
/Users/sim/Project2/scripts/../scripts/run-simple-scheduled-reports.sh: line 16: node: command not found
Fri Jun 20 18:11:00 CDT 2025: NextJS server is running. Running scheduled reports check...
/Users/sim/Project2/scripts/../scripts/run-scheduled-reports-cron.sh: line 25: node: command not found
[2025-06-20T23:11:19.570Z] [INFO] Checking for scheduled reports...
[2025-06-20T23:11:19.635Z] [INFO] Checking for scheduled reports...
[2025-06-20T23:11:20.186Z] [DEBUG] Connected to MongoDB
[2025-06-20T23:11:20.241Z] [DEBUG] Connected to MongoDB
[2025-06-20T23:11:20.256Z] [INFO] Found 1 company databases
[2025-06-20T23:11:20.257Z] [DEBUG] Processing company database: company_9jxwph8g
[2025-06-20T23:11:20.310Z] [INFO] Found 1 company databases
[2025-06-20T23:11:20.310Z] [DEBUG] Processing company database: company_9jxwph8g
[2025-06-20T23:11:20.317Z] [DEBUG] Finding reports to execute in company_9jxwph8g (current time: 2025-06-20T23:11:20.317Z)
[2025-06-20T23:11:20.368Z] [DEBUG] Finding reports to execute in company_9jxwph8g (current time: 2025-06-20T23:11:20.368Z)
[2025-06-20T23:11:20.375Z] [INFO] Found 0 reports to execute in company_9jxwph8g
[2025-06-20T23:11:20.376Z] [INFO] Scheduled reports check completed
[2025-06-20T23:11:20.378Z] [DEBUG] MongoDB connection closed
[2025-06-20T23:11:20.426Z] [INFO] Found 0 reports to execute in company_9jxwph8g
[2025-06-20T23:11:20.427Z] [INFO] Scheduled reports check completed
[2025-06-20T23:11:20.429Z] [DEBUG] MongoDB connection closed
[2025-06-20T23:11:49.571Z] [INFO] Checking for scheduled reports...
[2025-06-20T23:11:49.636Z] [INFO] Checking for scheduled reports...
[2025-06-20T23:11:50.694Z] [DEBUG] Connected to MongoDB
[2025-06-20T23:11:50.750Z] [DEBUG] Connected to MongoDB
[2025-06-20T23:11:50.770Z] [INFO] Found 1 company databases
[2025-06-20T23:11:50.771Z] [DEBUG] Processing company database: company_9jxwph8g
[2025-06-20T23:11:50.867Z] [INFO] Found 1 company databases
[2025-06-20T23:11:50.867Z] [DEBUG] Finding reports to execute in company_9jxwph8g (current time: 2025-06-20T23:11:50.867Z)
[2025-06-20T23:11:50.868Z] [DEBUG] Processing company database: company_9jxwph8g
[2025-06-20T23:11:51.184Z] [INFO] Found 0 reports to execute in company_9jxwph8g
[2025-06-20T23:11:51.184Z] [DEBUG] Finding reports to execute in company_9jxwph8g (current time: 2025-06-20T23:11:51.184Z)
[2025-06-20T23:11:51.184Z] [INFO] Scheduled reports check completed
[2025-06-20T23:11:51.188Z] [DEBUG] MongoDB connection closed
[2025-06-20T23:11:51.269Z] [INFO] Found 0 reports to execute in company_9jxwph8g
[2025-06-20T23:11:51.269Z] [INFO] Scheduled reports check completed
[2025-06-20T23:11:51.272Z] [DEBUG] MongoDB connection closed
Fri Jun 20 18:12:00 CDT 2025: Running scheduled reports
Fri Jun 20 18:12:00 CDT 2025: Checking if NextJS server is running...
/Users/sim/Project2/scripts/../scripts/run-simple-scheduled-reports.sh: line 16: node: command not found
Fri Jun 20 18:12:01 CDT 2025: NextJS server is running. Running scheduled reports check...
/Users/sim/Project2/scripts/../scripts/run-scheduled-reports-cron.sh: line 25: node: command not found
[2025-06-20T23:12:19.571Z] [INFO] Checking for scheduled reports...
[2025-06-20T23:12:19.638Z] [INFO] Checking for scheduled reports...
[2025-06-20T23:12:20.224Z] [DEBUG] Connected to MongoDB
[2025-06-20T23:12:20.265Z] [DEBUG] Connected to MongoDB
[2025-06-20T23:12:20.294Z] [INFO] Found 1 company databases
[2025-06-20T23:12:20.294Z] [DEBUG] Processing company database: company_9jxwph8g
[2025-06-20T23:12:20.337Z] [INFO] Found 1 company databases
[2025-06-20T23:12:20.337Z] [DEBUG] Processing company database: company_9jxwph8g
[2025-06-20T23:12:20.356Z] [DEBUG] Finding reports to execute in company_9jxwph8g (current time: 2025-06-20T23:12:20.356Z)
[2025-06-20T23:12:20.400Z] [DEBUG] Finding reports to execute in company_9jxwph8g (current time: 2025-06-20T23:12:20.400Z)
[2025-06-20T23:12:20.414Z] [INFO] Found 0 reports to execute in company_9jxwph8g
[2025-06-20T23:12:20.415Z] [INFO] Scheduled reports check completed
[2025-06-20T23:12:20.417Z] [DEBUG] MongoDB connection closed
[2025-06-20T23:12:20.461Z] [INFO] Found 0 reports to execute in company_9jxwph8g
[2025-06-20T23:12:20.462Z] [INFO] Scheduled reports check completed
[2025-06-20T23:12:20.464Z] [DEBUG] MongoDB connection closed
[2025-06-20T23:12:49.571Z] [INFO] Checking for scheduled reports...
[2025-06-20T23:12:49.638Z] [INFO] Checking for scheduled reports...
[2025-06-20T23:12:51.784Z] [DEBUG] Connected to MongoDB
[2025-06-20T23:12:51.915Z] [DEBUG] Connected to MongoDB
[2025-06-20T23:12:51.915Z] [INFO] Found 1 company databases
[2025-06-20T23:12:51.916Z] [DEBUG] Processing company database: company_9jxwph8g
[2025-06-20T23:12:52.065Z] [INFO] Found 1 company databases
[2025-06-20T23:12:52.065Z] [DEBUG] Finding reports to execute in company_9jxwph8g (current time: 2025-06-20T23:12:52.065Z)
[2025-06-20T23:12:52.066Z] [DEBUG] Processing company database: company_9jxwph8g
[2025-06-20T23:12:52.396Z] [INFO] Found 0 reports to execute in company_9jxwph8g
[2025-06-20T23:12:52.397Z] [INFO] Scheduled reports check completed
[2025-06-20T23:12:52.399Z] [DEBUG] MongoDB connection closed
[2025-06-20T23:12:52.516Z] [DEBUG] Finding reports to execute in company_9jxwph8g (current time: 2025-06-20T23:12:52.516Z)
[2025-06-20T23:12:52.831Z] [INFO] Found 0 reports to execute in company_9jxwph8g
[2025-06-20T23:12:52.832Z] [INFO] Scheduled reports check completed
[2025-06-20T23:12:52.835Z] [DEBUG] MongoDB connection closed
Fri Jun 20 18:13:00 CDT 2025: Checking if NextJS server is running...
Fri Jun 20 18:13:00 CDT 2025: Running scheduled reports
/Users/sim/Project2/scripts/../scripts/run-simple-scheduled-reports.sh: line 16: node: command not found
Fri Jun 20 18:13:00 CDT 2025: NextJS server is running. Running scheduled reports check...
/Users/sim/Project2/scripts/../scripts/run-scheduled-reports-cron.sh: line 25: node: command not found
[2025-06-20T23:13:19.572Z] [INFO] Checking for scheduled reports...
[2025-06-20T23:13:19.640Z] [INFO] Checking for scheduled reports...
[2025-06-20T23:13:20.353Z] [DEBUG] Connected to MongoDB
[2025-06-20T23:13:20.419Z] [DEBUG] Connected to MongoDB
[2025-06-20T23:13:20.422Z] [INFO] Found 1 company databases
[2025-06-20T23:13:20.422Z] [DEBUG] Processing company database: company_9jxwph8g
[2025-06-20T23:13:20.481Z] [DEBUG] Finding reports to execute in company_9jxwph8g (current time: 2025-06-20T23:13:20.481Z)
[2025-06-20T23:13:20.489Z] [INFO] Found 1 company databases
[2025-06-20T23:13:20.489Z] [DEBUG] Processing company database: company_9jxwph8g
[2025-06-20T23:13:20.548Z] [INFO] Found 0 reports to execute in company_9jxwph8g
[2025-06-20T23:13:20.549Z] [DEBUG] Finding reports to execute in company_9jxwph8g (current time: 2025-06-20T23:13:20.548Z)
[2025-06-20T23:13:20.549Z] [INFO] Scheduled reports check completed
[2025-06-20T23:13:20.551Z] [DEBUG] MongoDB connection closed
[2025-06-20T23:13:20.611Z] [INFO] Found 0 reports to execute in company_9jxwph8g
[2025-06-20T23:13:20.612Z] [INFO] Scheduled reports check completed
[2025-06-20T23:13:20.614Z] [DEBUG] MongoDB connection closed
[2025-06-20T23:13:49.574Z] [INFO] Checking for scheduled reports...
[2025-06-20T23:13:49.641Z] [INFO] Checking for scheduled reports...
[2025-06-20T23:13:50.242Z] [DEBUG] Connected to MongoDB
[2025-06-20T23:13:50.312Z] [INFO] Found 1 company databases
[2025-06-20T23:13:50.312Z] [DEBUG] Processing company database: company_9jxwph8g
[2025-06-20T23:13:50.319Z] [DEBUG] Connected to MongoDB
[2025-06-20T23:13:50.373Z] [DEBUG] Finding reports to execute in company_9jxwph8g (current time: 2025-06-20T23:13:50.373Z)
[2025-06-20T23:13:50.390Z] [INFO] Found 1 company databases
[2025-06-20T23:13:50.391Z] [DEBUG] Processing company database: company_9jxwph8g
[2025-06-20T23:13:50.437Z] [INFO] Found 0 reports to execute in company_9jxwph8g
[2025-06-20T23:13:50.438Z] [INFO] Scheduled reports check completed
[2025-06-20T23:13:50.440Z] [DEBUG] MongoDB connection closed
[2025-06-20T23:13:50.447Z] [DEBUG] Finding reports to execute in company_9jxwph8g (current time: 2025-06-20T23:13:50.447Z)
[2025-06-20T23:13:50.504Z] [INFO] Found 0 reports to execute in company_9jxwph8g
[2025-06-20T23:13:50.504Z] [INFO] Scheduled reports check completed
[2025-06-20T23:13:50.507Z] [DEBUG] MongoDB connection closed
Fri Jun 20 18:14:00 CDT 2025: Checking if NextJS server is running...
Fri Jun 20 18:14:00 CDT 2025: Running scheduled reports
/Users/sim/Project2/scripts/../scripts/run-simple-scheduled-reports.sh: line 16: node: command not found
Fri Jun 20 18:14:00 CDT 2025: NextJS server is running. Running scheduled reports check...
/Users/sim/Project2/scripts/../scripts/run-scheduled-reports-cron.sh: line 25: node: command not found
[2025-06-20T23:14:19.575Z] [INFO] Checking for scheduled reports...
[2025-06-20T23:14:19.642Z] [INFO] Checking for scheduled reports...
[2025-06-20T23:14:20.214Z] [DEBUG] Connected to MongoDB
[2025-06-20T23:14:20.285Z] [INFO] Found 1 company databases
[2025-06-20T23:14:20.286Z] [DEBUG] Processing company database: company_9jxwph8g
[2025-06-20T23:14:20.293Z] [DEBUG] Connected to MongoDB
[2025-06-20T23:14:20.349Z] [DEBUG] Finding reports to execute in company_9jxwph8g (current time: 2025-06-20T23:14:20.349Z)
[2025-06-20T23:14:20.369Z] [INFO] Found 1 company databases
[2025-06-20T23:14:20.370Z] [DEBUG] Processing company database: company_9jxwph8g
[2025-06-20T23:14:20.406Z] [INFO] Found 0 reports to execute in company_9jxwph8g
[2025-06-20T23:14:20.407Z] [INFO] Scheduled reports check completed
[2025-06-20T23:14:20.409Z] [DEBUG] MongoDB connection closed
[2025-06-20T23:14:20.427Z] [DEBUG] Finding reports to execute in company_9jxwph8g (current time: 2025-06-20T23:14:20.427Z)
[2025-06-20T23:14:20.485Z] [INFO] Found 0 reports to execute in company_9jxwph8g
[2025-06-20T23:14:20.485Z] [INFO] Scheduled reports check completed
[2025-06-20T23:14:20.488Z] [DEBUG] MongoDB connection closed
[2025-06-20T23:14:49.577Z] [INFO] Checking for scheduled reports...
[2025-06-20T23:14:49.643Z] [INFO] Checking for scheduled reports...
[2025-06-20T23:14:50.384Z] [DEBUG] Connected to MongoDB
[2025-06-20T23:14:50.393Z] [DEBUG] Connected to MongoDB
[2025-06-20T23:14:50.454Z] [INFO] Found 1 company databases
[2025-06-20T23:14:50.455Z] [DEBUG] Processing company database: company_9jxwph8g
[2025-06-20T23:14:50.474Z] [INFO] Found 1 company databases
[2025-06-20T23:14:50.474Z] [DEBUG] Processing company database: company_9jxwph8g
[2025-06-20T23:14:50.512Z] [DEBUG] Finding reports to execute in company_9jxwph8g (current time: 2025-06-20T23:14:50.512Z)
[2025-06-20T23:14:50.547Z] [DEBUG] Finding reports to execute in company_9jxwph8g (current time: 2025-06-20T23:14:50.547Z)
[2025-06-20T23:14:50.570Z] [INFO] Found 0 reports to execute in company_9jxwph8g
[2025-06-20T23:14:50.570Z] [INFO] Scheduled reports check completed
[2025-06-20T23:14:50.572Z] [DEBUG] MongoDB connection closed
[2025-06-20T23:14:50.605Z] [INFO] Found 0 reports to execute in company_9jxwph8g
[2025-06-20T23:14:50.605Z] [INFO] Scheduled reports check completed
[2025-06-20T23:14:50.607Z] [DEBUG] MongoDB connection closed
Fri Jun 20 18:15:00 CDT 2025: Running scheduled reports
Fri Jun 20 18:15:00 CDT 2025: Checking if NextJS server is running...
/Users/sim/Project2/scripts/../scripts/run-simple-scheduled-reports.sh: line 16: node: command not found
Fri Jun 20 18:15:00 CDT 2025: NextJS server is running. Running scheduled reports check...
/Users/sim/Project2/scripts/../scripts/run-scheduled-reports-cron.sh: line 25: node: command not found
[2025-06-20T23:15:19.578Z] [INFO] Checking for scheduled reports...
[2025-06-20T23:15:19.644Z] [INFO] Checking for scheduled reports...
[2025-06-20T23:15:20.235Z] [DEBUG] Connected to MongoDB
[2025-06-20T23:15:20.321Z] [INFO] Found 1 company databases
[2025-06-20T23:15:20.322Z] [DEBUG] Processing company database: company_9jxwph8g
[2025-06-20T23:15:20.359Z] [DEBUG] Connected to MongoDB
[2025-06-20T23:15:20.418Z] [DEBUG] Finding reports to execute in company_9jxwph8g (current time: 2025-06-20T23:15:20.418Z)
[2025-06-20T23:15:20.431Z] [INFO] Found 1 company databases
[2025-06-20T23:15:20.432Z] [DEBUG] Processing company database: company_9jxwph8g
[2025-06-20T23:15:20.494Z] [INFO] Found 0 reports to execute in company_9jxwph8g
[2025-06-20T23:15:20.494Z] [DEBUG] Finding reports to execute in company_9jxwph8g (current time: 2025-06-20T23:15:20.494Z)
[2025-06-20T23:15:20.494Z] [INFO] Scheduled reports check completed
[2025-06-20T23:15:20.497Z] [DEBUG] MongoDB connection closed
[2025-06-20T23:15:20.552Z] [INFO] Found 0 reports to execute in company_9jxwph8g
[2025-06-20T23:15:20.553Z] [INFO] Scheduled reports check completed
[2025-06-20T23:15:20.556Z] [DEBUG] MongoDB connection closed
[2025-06-20T23:15:49.578Z] [INFO] Checking for scheduled reports...
[2025-06-20T23:15:49.644Z] [INFO] Checking for scheduled reports...
[2025-06-20T23:15:50.291Z] [DEBUG] Connected to MongoDB
[2025-06-20T23:15:50.346Z] [DEBUG] Connected to MongoDB
[2025-06-20T23:15:50.360Z] [INFO] Found 1 company databases
[2025-06-20T23:15:50.361Z] [DEBUG] Processing company database: company_9jxwph8g
[2025-06-20T23:15:50.419Z] [INFO] Found 1 company databases
[2025-06-20T23:15:50.419Z] [DEBUG] Finding reports to execute in company_9jxwph8g (current time: 2025-06-20T23:15:50.419Z)
[2025-06-20T23:15:50.420Z] [DEBUG] Processing company database: company_9jxwph8g
[2025-06-20T23:15:50.481Z] [INFO] Found 0 reports to execute in company_9jxwph8g
[2025-06-20T23:15:50.482Z] [INFO] Scheduled reports check completed
[2025-06-20T23:15:50.484Z] [DEBUG] MongoDB connection closed
[2025-06-20T23:15:50.491Z] [DEBUG] Finding reports to execute in company_9jxwph8g (current time: 2025-06-20T23:15:50.491Z)
[2025-06-20T23:15:50.555Z] [INFO] Found 0 reports to execute in company_9jxwph8g
[2025-06-20T23:15:50.556Z] [INFO] Scheduled reports check completed
[2025-06-20T23:15:50.559Z] [DEBUG] MongoDB connection closed
Fri Jun 20 18:16:01 CDT 2025: Checking if NextJS server is running...
Fri Jun 20 18:16:01 CDT 2025: Running scheduled reports
/Users/sim/Project2/scripts/../scripts/run-simple-scheduled-reports.sh: line 16: node: command not found
Fri Jun 20 18:16:01 CDT 2025: NextJS server is running. Running scheduled reports check...
/Users/sim/Project2/scripts/../scripts/run-scheduled-reports-cron.sh: line 25: node: command not found
[2025-06-20T23:16:19.578Z] [INFO] Checking for scheduled reports...
[2025-06-20T23:16:19.645Z] [INFO] Checking for scheduled reports...
[2025-06-20T23:16:20.405Z] [DEBUG] Connected to MongoDB
[2025-06-20T23:16:20.405Z] [DEBUG] Connected to MongoDB
[2025-06-20T23:16:20.484Z] [INFO] Found 1 company databases
[2025-06-20T23:16:20.484Z] [INFO] Found 1 company databases
[2025-06-20T23:16:20.485Z] [DEBUG] Processing company database: company_9jxwph8g
[2025-06-20T23:16:20.485Z] [DEBUG] Processing company database: company_9jxwph8g
[2025-06-20T23:16:20.548Z] [DEBUG] Finding reports to execute in company_9jxwph8g (current time: 2025-06-20T23:16:20.548Z)
[2025-06-20T23:16:20.551Z] [DEBUG] Finding reports to execute in company_9jxwph8g (current time: 2025-06-20T23:16:20.551Z)
[2025-06-20T23:16:20.608Z] [INFO] Found 0 reports to execute in company_9jxwph8g
[2025-06-20T23:16:20.608Z] [INFO] Scheduled reports check completed
[2025-06-20T23:16:20.611Z] [DEBUG] MongoDB connection closed
[2025-06-20T23:16:20.627Z] [INFO] Found 0 reports to execute in company_9jxwph8g
[2025-06-20T23:16:20.628Z] [INFO] Scheduled reports check completed
[2025-06-20T23:16:20.631Z] [DEBUG] MongoDB connection closed
[2025-06-20T23:16:49.578Z] [INFO] Checking for scheduled reports...
[2025-06-20T23:16:49.645Z] [INFO] Checking for scheduled reports...
[2025-06-20T23:16:51.718Z] [DEBUG] Connected to MongoDB
[2025-06-20T23:16:51.795Z] [INFO] Found 1 company databases
[2025-06-20T23:16:51.796Z] [DEBUG] Processing company database: company_9jxwph8g
[2025-06-20T23:16:51.875Z] [DEBUG] Finding reports to execute in company_9jxwph8g (current time: 2025-06-20T23:16:51.875Z)
[2025-06-20T23:16:51.932Z] [INFO] Found 0 reports to execute in company_9jxwph8g
[2025-06-20T23:16:51.933Z] [INFO] Scheduled reports check completed
[2025-06-20T23:16:51.935Z] [DEBUG] MongoDB connection closed
[2025-06-20T23:16:52.157Z] [DEBUG] Connected to MongoDB
[2025-06-20T23:16:52.231Z] [INFO] Found 1 company databases
[2025-06-20T23:16:52.231Z] [DEBUG] Processing company database: company_9jxwph8g
[2025-06-20T23:16:52.291Z] [DEBUG] Finding reports to execute in company_9jxwph8g (current time: 2025-06-20T23:16:52.291Z)
[2025-06-20T23:16:52.352Z] [INFO] Found 0 reports to execute in company_9jxwph8g
[2025-06-20T23:16:52.353Z] [INFO] Scheduled reports check completed
[2025-06-20T23:16:52.355Z] [DEBUG] MongoDB connection closed
Fri Jun 20 18:17:00 CDT 2025: Running scheduled reports
Fri Jun 20 18:17:00 CDT 2025: Checking if NextJS server is running...
/Users/sim/Project2/scripts/../scripts/run-simple-scheduled-reports.sh: line 16: node: command not found
Fri Jun 20 18:17:00 CDT 2025: NextJS server is running. Running scheduled reports check...
/Users/sim/Project2/scripts/../scripts/run-scheduled-reports-cron.sh: line 25: node: command not found
[2025-06-20T23:17:19.578Z] [INFO] Checking for scheduled reports...
[2025-06-20T23:17:19.644Z] [INFO] Checking for scheduled reports...
[2025-06-20T23:17:20.207Z] [DEBUG] Connected to MongoDB
[2025-06-20T23:17:20.288Z] [DEBUG] Connected to MongoDB
[2025-06-20T23:17:20.288Z] [INFO] Found 1 company databases
[2025-06-20T23:17:20.290Z] [DEBUG] Processing company database: company_9jxwph8g
[2025-06-20T23:17:20.360Z] [DEBUG] Finding reports to execute in company_9jxwph8g (current time: 2025-06-20T23:17:20.360Z)
[2025-06-20T23:17:20.369Z] [INFO] Found 1 company databases
[2025-06-20T23:17:20.370Z] [DEBUG] Processing company database: company_9jxwph8g
[2025-06-20T23:17:20.419Z] [INFO] Found 0 reports to execute in company_9jxwph8g
[2025-06-20T23:17:20.420Z] [INFO] Scheduled reports check completed
[2025-06-20T23:17:20.421Z] [DEBUG] MongoDB connection closed
[2025-06-20T23:17:20.426Z] [DEBUG] Finding reports to execute in company_9jxwph8g (current time: 2025-06-20T23:17:20.426Z)
[2025-06-20T23:17:20.484Z] [INFO] Found 0 reports to execute in company_9jxwph8g
[2025-06-20T23:17:20.485Z] [INFO] Scheduled reports check completed
[2025-06-20T23:17:20.488Z] [DEBUG] MongoDB connection closed
[2025-06-20T23:17:49.580Z] [INFO] Checking for scheduled reports...
[2025-06-20T23:17:49.645Z] [INFO] Checking for scheduled reports...
[2025-06-20T23:17:50.322Z] [DEBUG] Connected to MongoDB
[2025-06-20T23:17:50.348Z] [DEBUG] Connected to MongoDB
[2025-06-20T23:17:50.390Z] [INFO] Found 1 company databases
[2025-06-20T23:17:50.391Z] [DEBUG] Processing company database: company_9jxwph8g
[2025-06-20T23:17:50.416Z] [INFO] Found 1 company databases
[2025-06-20T23:17:50.417Z] [DEBUG] Processing company database: company_9jxwph8g
[2025-06-20T23:17:50.454Z] [DEBUG] Finding reports to execute in company_9jxwph8g (current time: 2025-06-20T23:17:50.454Z)
[2025-06-20T23:17:50.474Z] [DEBUG] Finding reports to execute in company_9jxwph8g (current time: 2025-06-20T23:17:50.474Z)
[2025-06-20T23:17:50.511Z] [INFO] Found 0 reports to execute in company_9jxwph8g
[2025-06-20T23:17:50.512Z] [INFO] Scheduled reports check completed
[2025-06-20T23:17:50.515Z] [DEBUG] MongoDB connection closed
[2025-06-20T23:17:50.530Z] [INFO] Found 0 reports to execute in company_9jxwph8g
[2025-06-20T23:17:50.530Z] [INFO] Scheduled reports check completed
[2025-06-20T23:17:50.533Z] [DEBUG] MongoDB connection closed
Fri Jun 20 18:18:00 CDT 2025: Checking if NextJS server is running...
Fri Jun 20 18:18:00 CDT 2025: Running scheduled reports
/Users/sim/Project2/scripts/../scripts/run-simple-scheduled-reports.sh: line 16: node: command not found
Fri Jun 20 18:18:00 CDT 2025: NextJS server is running. Running scheduled reports check...
/Users/sim/Project2/scripts/../scripts/run-scheduled-reports-cron.sh: line 25: node: command not found
[2025-06-20T23:18:19.580Z] [INFO] Checking for scheduled reports...
[2025-06-20T23:18:19.646Z] [INFO] Checking for scheduled reports...
[2025-06-20T23:18:20.240Z] [DEBUG] Connected to MongoDB
[2025-06-20T23:18:20.276Z] [DEBUG] Connected to MongoDB
[2025-06-20T23:18:20.321Z] [INFO] Found 1 company databases
[2025-06-20T23:18:20.322Z] [DEBUG] Processing company database: company_9jxwph8g
[2025-06-20T23:18:20.345Z] [INFO] Found 1 company databases
[2025-06-20T23:18:20.346Z] [DEBUG] Processing company database: company_9jxwph8g
[2025-06-20T23:18:20.384Z] [DEBUG] Finding reports to execute in company_9jxwph8g (current time: 2025-06-20T23:18:20.384Z)
[2025-06-20T23:18:20.407Z] [DEBUG] Finding reports to execute in company_9jxwph8g (current time: 2025-06-20T23:18:20.407Z)
[2025-06-20T23:18:20.441Z] [INFO] Found 0 reports to execute in company_9jxwph8g
[2025-06-20T23:18:20.442Z] [INFO] Scheduled reports check completed
[2025-06-20T23:18:20.445Z] [DEBUG] MongoDB connection closed
[2025-06-20T23:18:20.463Z] [INFO] Found 0 reports to execute in company_9jxwph8g
[2025-06-20T23:18:20.464Z] [INFO] Scheduled reports check completed
[2025-06-20T23:18:20.466Z] [DEBUG] MongoDB connection closed
[2025-06-20T23:18:49.616Z] [INFO] Checking for scheduled reports...
[2025-06-20T23:18:49.681Z] [INFO] Checking for scheduled reports...
[2025-06-20T23:18:50.307Z] [DEBUG] Connected to MongoDB
[2025-06-20T23:18:50.340Z] [DEBUG] Connected to MongoDB
[2025-06-20T23:18:50.381Z] [INFO] Found 1 company databases
[2025-06-20T23:18:50.382Z] [DEBUG] Processing company database: company_9jxwph8g
[2025-06-20T23:18:50.418Z] [INFO] Found 1 company databases
[2025-06-20T23:18:50.419Z] [DEBUG] Processing company database: company_9jxwph8g
[2025-06-20T23:18:50.474Z] [DEBUG] Finding reports to execute in company_9jxwph8g (current time: 2025-06-20T23:18:50.474Z)
[2025-06-20T23:18:50.475Z] [DEBUG] Finding reports to execute in company_9jxwph8g (current time: 2025-06-20T23:18:50.475Z)
[2025-06-20T23:18:50.530Z] [INFO] Found 0 reports to execute in company_9jxwph8g
[2025-06-20T23:18:50.531Z] [INFO] Scheduled reports check completed
[2025-06-20T23:18:50.531Z] [INFO] Found 0 reports to execute in company_9jxwph8g
[2025-06-20T23:18:50.532Z] [INFO] Scheduled reports check completed
[2025-06-20T23:18:50.534Z] [DEBUG] MongoDB connection closed
[2025-06-20T23:18:50.534Z] [DEBUG] MongoDB connection closed
Fri Jun 20 18:19:00 CDT 2025: Running scheduled reports
Fri Jun 20 18:19:00 CDT 2025: Checking if NextJS server is running...
/Users/sim/Project2/scripts/../scripts/run-simple-scheduled-reports.sh: line 16: node: command not found
Fri Jun 20 18:19:00 CDT 2025: NextJS server is running. Running scheduled reports check...
/Users/sim/Project2/scripts/../scripts/run-scheduled-reports-cron.sh: line 25: node: command not found
[2025-06-20T23:19:19.627Z] [INFO] Checking for scheduled reports...
[2025-06-20T23:19:19.691Z] [INFO] Checking for scheduled reports...
[2025-06-20T23:19:20.313Z] [DEBUG] Connected to MongoDB
[2025-06-20T23:19:20.326Z] [DEBUG] Connected to MongoDB
[2025-06-20T23:19:20.382Z] [INFO] Found 1 company databases
[2025-06-20T23:19:20.383Z] [DEBUG] Processing company database: company_9jxwph8g
[2025-06-20T23:19:20.394Z] [INFO] Found 1 company databases
[2025-06-20T23:19:20.394Z] [DEBUG] Processing company database: company_9jxwph8g
[2025-06-20T23:19:20.449Z] [DEBUG] Finding reports to execute in company_9jxwph8g (current time: 2025-06-20T23:19:20.449Z)
[2025-06-20T23:19:20.456Z] [DEBUG] Finding reports to execute in company_9jxwph8g (current time: 2025-06-20T23:19:20.456Z)
[2025-06-20T23:19:20.510Z] [INFO] Found 0 reports to execute in company_9jxwph8g
[2025-06-20T23:19:20.511Z] [INFO] Scheduled reports check completed
[2025-06-20T23:19:20.513Z] [DEBUG] MongoDB connection closed
[2025-06-20T23:19:20.515Z] [INFO] Found 0 reports to execute in company_9jxwph8g
[2025-06-20T23:19:20.515Z] [INFO] Scheduled reports check completed
[2025-06-20T23:19:20.518Z] [DEBUG] MongoDB connection closed
[2025-06-20T23:19:49.630Z] [INFO] Checking for scheduled reports...
[2025-06-20T23:19:49.692Z] [INFO] Checking for scheduled reports...
[2025-06-20T23:19:50.299Z] [DEBUG] Connected to MongoDB
[2025-06-20T23:19:50.307Z] [DEBUG] Connected to MongoDB
[2025-06-20T23:19:50.378Z] [INFO] Found 1 company databases
[2025-06-20T23:19:50.378Z] [INFO] Found 1 company databases
[2025-06-20T23:19:50.379Z] [DEBUG] Processing company database: company_9jxwph8g
[2025-06-20T23:19:50.379Z] [DEBUG] Processing company database: company_9jxwph8g
[2025-06-20T23:19:50.438Z] [DEBUG] Finding reports to execute in company_9jxwph8g (current time: 2025-06-20T23:19:50.437Z)
[2025-06-20T23:19:50.438Z] [DEBUG] Finding reports to execute in company_9jxwph8g (current time: 2025-06-20T23:19:50.438Z)
[2025-06-20T23:19:50.494Z] [INFO] Found 0 reports to execute in company_9jxwph8g
[2025-06-20T23:19:50.495Z] [INFO] Scheduled reports check completed
[2025-06-20T23:19:50.496Z] [INFO] Found 0 reports to execute in company_9jxwph8g
[2025-06-20T23:19:50.497Z] [INFO] Scheduled reports check completed
[2025-06-20T23:19:50.498Z] [DEBUG] MongoDB connection closed
[2025-06-20T23:19:50.499Z] [DEBUG] MongoDB connection closed
Fri Jun 20 18:20:00 CDT 2025: Checking if NextJS server is running...
Fri Jun 20 18:20:00 CDT 2025: Running scheduled reports
/Users/sim/Project2/scripts/../scripts/run-simple-scheduled-reports.sh: line 16: node: command not found
Fri Jun 20 18:20:00 CDT 2025: NextJS server is running. Running scheduled reports check...
/Users/sim/Project2/scripts/../scripts/run-scheduled-reports-cron.sh: line 25: node: command not found
[2025-06-20T23:20:19.631Z] [INFO] Checking for scheduled reports...
[2025-06-20T23:20:19.693Z] [INFO] Checking for scheduled reports...
[2025-06-20T23:20:20.241Z] [DEBUG] Connected to MongoDB
[2025-06-20T23:20:20.295Z] [DEBUG] Connected to MongoDB
[2025-06-20T23:20:20.308Z] [INFO] Found 1 company databases
[2025-06-20T23:20:20.309Z] [DEBUG] Processing company database: company_9jxwph8g
[2025-06-20T23:20:20.362Z] [INFO] Found 1 company databases
[2025-06-20T23:20:20.363Z] [DEBUG] Processing company database: company_9jxwph8g
[2025-06-20T23:20:20.365Z] [DEBUG] Finding reports to execute in company_9jxwph8g (current time: 2025-06-20T23:20:20.365Z)
[2025-06-20T23:20:20.431Z] [INFO] Found 0 reports to execute in company_9jxwph8g
[2025-06-20T23:20:20.431Z] [INFO] Scheduled reports check completed
[2025-06-20T23:20:20.434Z] [DEBUG] MongoDB connection closed
[2025-06-20T23:20:20.434Z] [DEBUG] Finding reports to execute in company_9jxwph8g (current time: 2025-06-20T23:20:20.434Z)
[2025-06-20T23:20:20.500Z] [INFO] Found 0 reports to execute in company_9jxwph8g
[2025-06-20T23:20:20.501Z] [INFO] Scheduled reports check completed
[2025-06-20T23:20:20.504Z] [DEBUG] MongoDB connection closed
[2025-06-20T23:20:49.633Z] [INFO] Checking for scheduled reports...
[2025-06-20T23:20:49.694Z] [INFO] Checking for scheduled reports...
[2025-06-20T23:20:50.377Z] [DEBUG] Connected to MongoDB
[2025-06-20T23:20:50.435Z] [DEBUG] Connected to MongoDB
[2025-06-20T23:20:50.449Z] [INFO] Found 1 company databases
[2025-06-20T23:20:50.450Z] [DEBUG] Processing company database: company_9jxwph8g
[2025-06-20T23:20:50.524Z] [INFO] Found 1 company databases
[2025-06-20T23:20:50.524Z] [DEBUG] Finding reports to execute in company_9jxwph8g (current time: 2025-06-20T23:20:50.524Z)
[2025-06-20T23:20:50.525Z] [DEBUG] Processing company database: company_9jxwph8g
[2025-06-20T23:20:50.587Z] [INFO] Found 0 reports to execute in company_9jxwph8g
[2025-06-20T23:20:50.588Z] [DEBUG] Finding reports to execute in company_9jxwph8g (current time: 2025-06-20T23:20:50.588Z)
[2025-06-20T23:20:50.588Z] [INFO] Scheduled reports check completed
[2025-06-20T23:20:50.592Z] [DEBUG] MongoDB connection closed
[2025-06-20T23:20:50.654Z] [INFO] Found 0 reports to execute in company_9jxwph8g
[2025-06-20T23:20:50.655Z] [INFO] Scheduled reports check completed
[2025-06-20T23:20:50.657Z] [DEBUG] MongoDB connection closed
Fri Jun 20 18:21:01 CDT 2025: Running scheduled reports
Fri Jun 20 18:21:01 CDT 2025: Checking if NextJS server is running...
/Users/sim/Project2/scripts/../scripts/run-simple-scheduled-reports.sh: line 16: node: command not found
Fri Jun 20 18:21:01 CDT 2025: NextJS server is running. Running scheduled reports check...
/Users/sim/Project2/scripts/../scripts/run-scheduled-reports-cron.sh: line 25: node: command not found
[2025-06-20T23:21:19.634Z] [INFO] Checking for scheduled reports...
[2025-06-20T23:21:19.695Z] [INFO] Checking for scheduled reports...
[2025-06-20T23:21:20.276Z] [DEBUG] Connected to MongoDB
[2025-06-20T23:21:20.350Z] [DEBUG] Connected to MongoDB
[2025-06-20T23:21:20.359Z] [INFO] Found 1 company databases
[2025-06-20T23:21:20.359Z] [DEBUG] Processing company database: company_9jxwph8g
[2025-06-20T23:21:20.421Z] [INFO] Found 1 company databases
[2025-06-20T23:21:20.421Z] [DEBUG] Finding reports to execute in company_9jxwph8g (current time: 2025-06-20T23:21:20.421Z)
[2025-06-20T23:21:20.422Z] [DEBUG] Processing company database: company_9jxwph8g
[2025-06-20T23:21:20.477Z] [INFO] Found 0 reports to execute in company_9jxwph8g
[2025-06-20T23:21:20.478Z] [INFO] Scheduled reports check completed
[2025-06-20T23:21:20.479Z] [DEBUG] Finding reports to execute in company_9jxwph8g (current time: 2025-06-20T23:21:20.479Z)
[2025-06-20T23:21:20.480Z] [DEBUG] MongoDB connection closed
[2025-06-20T23:21:20.535Z] [INFO] Found 0 reports to execute in company_9jxwph8g
[2025-06-20T23:21:20.536Z] [INFO] Scheduled reports check completed
[2025-06-20T23:21:20.538Z] [DEBUG] MongoDB connection closed
[2025-06-20T23:21:49.635Z] [INFO] Checking for scheduled reports...
[2025-06-20T23:21:49.696Z] [INFO] Checking for scheduled reports...
[2025-06-20T23:21:51.462Z] [DEBUG] Connected to MongoDB
[2025-06-20T23:21:51.462Z] [DEBUG] Connected to MongoDB
[2025-06-20T23:21:51.967Z] [INFO] Found 1 company databases
[2025-06-20T23:21:51.967Z] [INFO] Found 1 company databases
[2025-06-20T23:21:51.967Z] [DEBUG] Processing company database: company_9jxwph8g
[2025-06-20T23:21:51.967Z] [DEBUG] Processing company database: company_9jxwph8g
[2025-06-20T23:21:52.023Z] [DEBUG] Finding reports to execute in company_9jxwph8g (current time: 2025-06-20T23:21:52.023Z)
[2025-06-20T23:21:52.027Z] [DEBUG] Finding reports to execute in company_9jxwph8g (current time: 2025-06-20T23:21:52.027Z)
[2025-06-20T23:21:52.082Z] [INFO] Found 0 reports to execute in company_9jxwph8g
[2025-06-20T23:21:52.082Z] [INFO] Scheduled reports check completed
[2025-06-20T23:21:52.084Z] [DEBUG] MongoDB connection closed
[2025-06-20T23:21:52.091Z] [INFO] Found 0 reports to execute in company_9jxwph8g
[2025-06-20T23:21:52.091Z] [INFO] Scheduled reports check completed
[2025-06-20T23:21:52.093Z] [DEBUG] MongoDB connection closed
Fri Jun 20 18:22:00 CDT 2025: Checking if NextJS server is running...
Fri Jun 20 18:22:00 CDT 2025: Running scheduled reports
/Users/sim/Project2/scripts/../scripts/run-simple-scheduled-reports.sh: line 16: node: command not found
Fri Jun 20 18:22:00 CDT 2025: NextJS server is running. Running scheduled reports check...
/Users/sim/Project2/scripts/../scripts/run-scheduled-reports-cron.sh: line 25: node: command not found
[2025-06-20T23:22:19.636Z] [INFO] Checking for scheduled reports...
[2025-06-20T23:22:19.697Z] [INFO] Checking for scheduled reports...
[2025-06-20T23:22:20.392Z] [DEBUG] Connected to MongoDB
[2025-06-20T23:22:20.392Z] [DEBUG] Connected to MongoDB
[2025-06-20T23:22:20.471Z] [INFO] Found 1 company databases
[2025-06-20T23:22:20.471Z] [DEBUG] Processing company database: company_9jxwph8g
[2025-06-20T23:22:20.471Z] [INFO] Found 1 company databases
[2025-06-20T23:22:20.471Z] [DEBUG] Processing company database: company_9jxwph8g
[2025-06-20T23:22:20.538Z] [DEBUG] Finding reports to execute in company_9jxwph8g (current time: 2025-06-20T23:22:20.538Z)
[2025-06-20T23:22:20.538Z] [DEBUG] Finding reports to execute in company_9jxwph8g (current time: 2025-06-20T23:22:20.538Z)
[2025-06-20T23:22:20.593Z] [INFO] Found 0 reports to execute in company_9jxwph8g
[2025-06-20T23:22:20.593Z] [INFO] Scheduled reports check completed
[2025-06-20T23:22:20.593Z] [INFO] Found 0 reports to execute in company_9jxwph8g
[2025-06-20T23:22:20.594Z] [INFO] Scheduled reports check completed
[2025-06-20T23:22:20.594Z] [DEBUG] MongoDB connection closed
[2025-06-20T23:22:20.595Z] [DEBUG] MongoDB connection closed
[2025-06-20T23:22:49.637Z] [INFO] Checking for scheduled reports...
[2025-06-20T23:22:49.699Z] [INFO] Checking for scheduled reports...
[2025-06-20T23:22:50.369Z] [DEBUG] Connected to MongoDB
[2025-06-20T23:22:50.369Z] [DEBUG] Connected to MongoDB
[2025-06-20T23:22:50.443Z] [INFO] Found 1 company databases
[2025-06-20T23:22:50.443Z] [INFO] Found 1 company databases
[2025-06-20T23:22:50.443Z] [DEBUG] Processing company database: company_9jxwph8g
[2025-06-20T23:22:50.443Z] [DEBUG] Processing company database: company_9jxwph8g
[2025-06-20T23:22:50.501Z] [DEBUG] Finding reports to execute in company_9jxwph8g (current time: 2025-06-20T23:22:50.501Z)
[2025-06-20T23:22:50.509Z] [DEBUG] Finding reports to execute in company_9jxwph8g (current time: 2025-06-20T23:22:50.509Z)
[2025-06-20T23:22:50.562Z] [INFO] Found 0 reports to execute in company_9jxwph8g
[2025-06-20T23:22:50.562Z] [INFO] Scheduled reports check completed
[2025-06-20T23:22:50.565Z] [DEBUG] MongoDB connection closed
[2025-06-20T23:22:50.569Z] [INFO] Found 0 reports to execute in company_9jxwph8g
[2025-06-20T23:22:50.569Z] [INFO] Scheduled reports check completed
[2025-06-20T23:22:50.571Z] [DEBUG] MongoDB connection closed
Fri Jun 20 18:23:00 CDT 2025: Checking if NextJS server is running...
Fri Jun 20 18:23:00 CDT 2025: Running scheduled reports
/Users/sim/Project2/scripts/../scripts/run-simple-scheduled-reports.sh: line 16: node: command not found
Fri Jun 20 18:23:00 CDT 2025: NextJS server is running. Running scheduled reports check...
/Users/sim/Project2/scripts/../scripts/run-scheduled-reports-cron.sh: line 25: node: command not found
[2025-06-20T23:23:19.639Z] [INFO] Checking for scheduled reports...
[2025-06-20T23:23:19.700Z] [INFO] Checking for scheduled reports...
[2025-06-20T23:23:20.265Z] [DEBUG] Connected to MongoDB
[2025-06-20T23:23:20.308Z] [DEBUG] Connected to MongoDB
[2025-06-20T23:23:20.333Z] [INFO] Found 1 company databases
[2025-06-20T23:23:20.333Z] [DEBUG] Processing company database: company_9jxwph8g
[2025-06-20T23:23:20.375Z] [INFO] Found 1 company databases
[2025-06-20T23:23:20.376Z] [DEBUG] Processing company database: company_9jxwph8g
[2025-06-20T23:23:20.392Z] [DEBUG] Finding reports to execute in company_9jxwph8g (current time: 2025-06-20T23:23:20.392Z)
[2025-06-20T23:23:20.433Z] [DEBUG] Finding reports to execute in company_9jxwph8g (current time: 2025-06-20T23:23:20.433Z)
[2025-06-20T23:23:20.452Z] [INFO] Found 0 reports to execute in company_9jxwph8g
[2025-06-20T23:23:20.452Z] [INFO] Scheduled reports check completed
[2025-06-20T23:23:20.454Z] [DEBUG] MongoDB connection closed
[2025-06-20T23:23:20.491Z] [INFO] Found 0 reports to execute in company_9jxwph8g
[2025-06-20T23:23:20.491Z] [INFO] Scheduled reports check completed
[2025-06-20T23:23:20.494Z] [DEBUG] MongoDB connection closed
[2025-06-20T23:23:49.641Z] [INFO] Checking for scheduled reports...
[2025-06-20T23:23:49.700Z] [INFO] Checking for scheduled reports...
[2025-06-20T23:23:50.428Z] [DEBUG] Connected to MongoDB
[2025-06-20T23:23:50.466Z] [DEBUG] Connected to MongoDB
[2025-06-20T23:23:50.500Z] [INFO] Found 1 company databases
[2025-06-20T23:23:50.501Z] [DEBUG] Processing company database: company_9jxwph8g
[2025-06-20T23:23:50.536Z] [INFO] Found 1 company databases
[2025-06-20T23:23:50.536Z] [DEBUG] Processing company database: company_9jxwph8g
[2025-06-20T23:23:50.557Z] [DEBUG] Finding reports to execute in company_9jxwph8g (current time: 2025-06-20T23:23:50.557Z)
[2025-06-20T23:23:50.597Z] [DEBUG] Finding reports to execute in company_9jxwph8g (current time: 2025-06-20T23:23:50.597Z)
[2025-06-20T23:23:50.618Z] [INFO] Found 0 reports to execute in company_9jxwph8g
[2025-06-20T23:23:50.619Z] [INFO] Scheduled reports check completed
[2025-06-20T23:23:50.621Z] [DEBUG] MongoDB connection closed
[2025-06-20T23:23:50.656Z] [INFO] Found 0 reports to execute in company_9jxwph8g
[2025-06-20T23:23:50.656Z] [INFO] Scheduled reports check completed
[2025-06-20T23:23:50.659Z] [DEBUG] MongoDB connection closed
Fri Jun 20 18:24:00 CDT 2025: Checking if NextJS server is running...
Fri Jun 20 18:24:00 CDT 2025: Running scheduled reports
/Users/sim/Project2/scripts/../scripts/run-simple-scheduled-reports.sh: line 16: node: command not found
Fri Jun 20 18:24:00 CDT 2025: NextJS server is running. Running scheduled reports check...
/Users/sim/Project2/scripts/../scripts/run-scheduled-reports-cron.sh: line 25: node: command not found
[2025-06-20T23:24:19.642Z] [INFO] Checking for scheduled reports...
[2025-06-20T23:24:19.701Z] [INFO] Checking for scheduled reports...
[2025-06-20T23:24:20.301Z] [DEBUG] Connected to MongoDB
[2025-06-20T23:24:20.341Z] [DEBUG] Connected to MongoDB
[2025-06-20T23:24:20.373Z] [INFO] Found 1 company databases
[2025-06-20T23:24:20.374Z] [DEBUG] Processing company database: company_9jxwph8g
[2025-06-20T23:24:20.417Z] [INFO] Found 1 company databases
[2025-06-20T23:24:20.417Z] [DEBUG] Processing company database: company_9jxwph8g
[2025-06-20T23:24:20.432Z] [DEBUG] Finding reports to execute in company_9jxwph8g (current time: 2025-06-20T23:24:20.432Z)
[2025-06-20T23:24:20.477Z] [DEBUG] Finding reports to execute in company_9jxwph8g (current time: 2025-06-20T23:24:20.477Z)
[2025-06-20T23:24:20.501Z] [INFO] Found 0 reports to execute in company_9jxwph8g
[2025-06-20T23:24:20.502Z] [INFO] Scheduled reports check completed
[2025-06-20T23:24:20.504Z] [DEBUG] MongoDB connection closed
[2025-06-20T23:24:20.537Z] [INFO] Found 0 reports to execute in company_9jxwph8g
[2025-06-20T23:24:20.537Z] [INFO] Scheduled reports check completed
[2025-06-20T23:24:20.540Z] [DEBUG] MongoDB connection closed
[2025-06-20T23:24:49.644Z] [INFO] Checking for scheduled reports...
[2025-06-20T23:24:49.703Z] [INFO] Checking for scheduled reports...
[2025-06-20T23:24:50.424Z] [DEBUG] Connected to MongoDB
[2025-06-20T23:24:50.424Z] [DEBUG] Connected to MongoDB
[2025-06-20T23:24:50.500Z] [INFO] Found 1 company databases
[2025-06-20T23:24:50.501Z] [INFO] Found 1 company databases
[2025-06-20T23:24:50.501Z] [DEBUG] Processing company database: company_9jxwph8g
[2025-06-20T23:24:50.501Z] [DEBUG] Processing company database: company_9jxwph8g
[2025-06-20T23:24:50.559Z] [DEBUG] Finding reports to execute in company_9jxwph8g (current time: 2025-06-20T23:24:50.559Z)
[2025-06-20T23:24:50.564Z] [DEBUG] Finding reports to execute in company_9jxwph8g (current time: 2025-06-20T23:24:50.564Z)
[2025-06-20T23:24:50.617Z] [INFO] Found 0 reports to execute in company_9jxwph8g
[2025-06-20T23:24:50.618Z] [INFO] Scheduled reports check completed
[2025-06-20T23:24:50.620Z] [DEBUG] MongoDB connection closed
[2025-06-20T23:24:50.622Z] [INFO] Found 0 reports to execute in company_9jxwph8g
[2025-06-20T23:24:50.622Z] [INFO] Scheduled reports check completed
[2025-06-20T23:24:50.624Z] [DEBUG] MongoDB connection closed
Fri Jun 20 18:25:00 CDT 2025: Running scheduled reports
Fri Jun 20 18:25:00 CDT 2025: Checking if NextJS server is running...
/Users/sim/Project2/scripts/../scripts/run-simple-scheduled-reports.sh: line 16: node: command not found
Fri Jun 20 18:25:00 CDT 2025: NextJS server is running. Running scheduled reports check...
/Users/sim/Project2/scripts/../scripts/run-scheduled-reports-cron.sh: line 25: node: command not found
[2025-06-20T23:25:19.646Z] [INFO] Checking for scheduled reports...
[2025-06-20T23:25:19.704Z] [INFO] Checking for scheduled reports...
[2025-06-20T23:25:20.393Z] [DEBUG] Connected to MongoDB
[2025-06-20T23:25:20.404Z] [DEBUG] Connected to MongoDB
[2025-06-20T23:25:20.462Z] [INFO] Found 1 company databases
[2025-06-20T23:25:20.463Z] [DEBUG] Processing company database: company_9jxwph8g
[2025-06-20T23:25:20.482Z] [INFO] Found 1 company databases
[2025-06-20T23:25:20.483Z] [DEBUG] Processing company database: company_9jxwph8g
[2025-06-20T23:25:20.532Z] [DEBUG] Finding reports to execute in company_9jxwph8g (current time: 2025-06-20T23:25:20.532Z)
[2025-06-20T23:25:20.551Z] [DEBUG] Finding reports to execute in company_9jxwph8g (current time: 2025-06-20T23:25:20.551Z)
[2025-06-20T23:25:20.591Z] [INFO] Found 0 reports to execute in company_9jxwph8g
[2025-06-20T23:25:20.591Z] [INFO] Scheduled reports check completed
[2025-06-20T23:25:20.596Z] [DEBUG] MongoDB connection closed
[2025-06-20T23:25:20.610Z] [INFO] Found 0 reports to execute in company_9jxwph8g
[2025-06-20T23:25:20.611Z] [INFO] Scheduled reports check completed
[2025-06-20T23:25:20.613Z] [DEBUG] MongoDB connection closed
[2025-06-20T23:25:49.647Z] [INFO] Checking for scheduled reports...
[2025-06-20T23:25:49.705Z] [INFO] Checking for scheduled reports...
[2025-06-20T23:25:50.383Z] [DEBUG] Connected to MongoDB
[2025-06-20T23:25:50.388Z] [DEBUG] Connected to MongoDB
[2025-06-20T23:25:50.546Z] [INFO] Found 1 company databases
[2025-06-20T23:25:50.546Z] [DEBUG] Processing company database: company_9jxwph8g
[2025-06-20T23:25:50.548Z] [INFO] Found 1 company databases
[2025-06-20T23:25:50.549Z] [DEBUG] Processing company database: company_9jxwph8g
[2025-06-20T23:25:50.649Z] [DEBUG] Finding reports to execute in company_9jxwph8g (current time: 2025-06-20T23:25:50.649Z)
[2025-06-20T23:25:50.650Z] [DEBUG] Finding reports to execute in company_9jxwph8g (current time: 2025-06-20T23:25:50.650Z)
[2025-06-20T23:25:50.706Z] [INFO] Found 0 reports to execute in company_9jxwph8g
[2025-06-20T23:25:50.707Z] [INFO] Scheduled reports check completed
[2025-06-20T23:25:50.709Z] [INFO] Found 0 reports to execute in company_9jxwph8g
[2025-06-20T23:25:50.710Z] [INFO] Scheduled reports check completed
[2025-06-20T23:25:50.711Z] [DEBUG] MongoDB connection closed
[2025-06-20T23:25:50.714Z] [DEBUG] MongoDB connection closed
Fri Jun 20 18:26:01 CDT 2025: Running scheduled reports
Fri Jun 20 18:26:01 CDT 2025: Checking if NextJS server is running...
/Users/sim/Project2/scripts/../scripts/run-simple-scheduled-reports.sh: line 16: node: command not found
Fri Jun 20 18:26:01 CDT 2025: NextJS server is running. Running scheduled reports check...
/Users/sim/Project2/scripts/../scripts/run-scheduled-reports-cron.sh: line 25: node: command not found
[2025-06-20T23:26:19.647Z] [INFO] Checking for scheduled reports...
[2025-06-20T23:26:19.707Z] [INFO] Checking for scheduled reports...
[2025-06-20T23:26:20.308Z] [DEBUG] Connected to MongoDB
[2025-06-20T23:26:20.358Z] [DEBUG] Connected to MongoDB
[2025-06-20T23:26:20.383Z] [INFO] Found 1 company databases
[2025-06-20T23:26:20.384Z] [DEBUG] Processing company database: company_9jxwph8g
[2025-06-20T23:26:20.435Z] [INFO] Found 1 company databases
[2025-06-20T23:26:20.435Z] [DEBUG] Processing company database: company_9jxwph8g
[2025-06-20T23:26:20.444Z] [DEBUG] Finding reports to execute in company_9jxwph8g (current time: 2025-06-20T23:26:20.444Z)
[2025-06-20T23:26:20.498Z] [DEBUG] Finding reports to execute in company_9jxwph8g (current time: 2025-06-20T23:26:20.498Z)
[2025-06-20T23:26:20.505Z] [INFO] Found 0 reports to execute in company_9jxwph8g
[2025-06-20T23:26:20.505Z] [INFO] Scheduled reports check completed
[2025-06-20T23:26:20.507Z] [DEBUG] MongoDB connection closed
[2025-06-20T23:26:20.557Z] [INFO] Found 0 reports to execute in company_9jxwph8g
[2025-06-20T23:26:20.557Z] [INFO] Scheduled reports check completed
[2025-06-20T23:26:20.559Z] [DEBUG] MongoDB connection closed
[2025-06-20T23:26:49.648Z] [INFO] Checking for scheduled reports...
[2025-06-20T23:26:49.707Z] [INFO] Checking for scheduled reports...
[2025-06-20T23:26:50.418Z] [DEBUG] Connected to MongoDB
[2025-06-20T23:26:50.437Z] [DEBUG] Connected to MongoDB
[2025-06-20T23:26:50.487Z] [INFO] Found 1 company databases
[2025-06-20T23:26:50.488Z] [DEBUG] Processing company database: company_9jxwph8g
[2025-06-20T23:26:50.507Z] [INFO] Found 1 company databases
[2025-06-20T23:26:50.508Z] [DEBUG] Processing company database: company_9jxwph8g
[2025-06-20T23:26:50.550Z] [DEBUG] Finding reports to execute in company_9jxwph8g (current time: 2025-06-20T23:26:50.550Z)
[2025-06-20T23:26:50.569Z] [DEBUG] Finding reports to execute in company_9jxwph8g (current time: 2025-06-20T23:26:50.569Z)
[2025-06-20T23:26:50.606Z] [INFO] Found 0 reports to execute in company_9jxwph8g
[2025-06-20T23:26:50.607Z] [INFO] Scheduled reports check completed
[2025-06-20T23:26:50.609Z] [DEBUG] MongoDB connection closed
[2025-06-20T23:26:50.629Z] [INFO] Found 0 reports to execute in company_9jxwph8g
[2025-06-20T23:26:50.629Z] [INFO] Scheduled reports check completed
[2025-06-20T23:26:50.631Z] [DEBUG] MongoDB connection closed
Fri Jun 20 18:27:00 CDT 2025: Checking if NextJS server is running...
Fri Jun 20 18:27:00 CDT 2025: Running scheduled reports
/Users/sim/Project2/scripts/../scripts/run-simple-scheduled-reports.sh: line 16: node: command not found
Fri Jun 20 18:27:00 CDT 2025: NextJS server is running. Running scheduled reports check...
/Users/sim/Project2/scripts/../scripts/run-scheduled-reports-cron.sh: line 25: node: command not found
[2025-06-20T23:27:19.649Z] [INFO] Checking for scheduled reports...
[2025-06-20T23:27:19.708Z] [INFO] Checking for scheduled reports...
[2025-06-20T23:27:20.310Z] [DEBUG] Connected to MongoDB
[2025-06-20T23:27:20.368Z] [DEBUG] Connected to MongoDB
[2025-06-20T23:27:20.379Z] [INFO] Found 1 company databases
[2025-06-20T23:27:20.379Z] [DEBUG] Processing company database: company_9jxwph8g
[2025-06-20T23:27:20.438Z] [DEBUG] Finding reports to execute in company_9jxwph8g (current time: 2025-06-20T23:27:20.438Z)
[2025-06-20T23:27:20.442Z] [INFO] Found 1 company databases
[2025-06-20T23:27:20.442Z] [DEBUG] Processing company database: company_9jxwph8g
[2025-06-20T23:27:20.498Z] [INFO] Found 0 reports to execute in company_9jxwph8g
[2025-06-20T23:27:20.499Z] [INFO] Scheduled reports check completed
[2025-06-20T23:27:20.500Z] [DEBUG] MongoDB connection closed
[2025-06-20T23:27:20.506Z] [DEBUG] Finding reports to execute in company_9jxwph8g (current time: 2025-06-20T23:27:20.506Z)
[2025-06-20T23:27:20.563Z] [INFO] Found 0 reports to execute in company_9jxwph8g
[2025-06-20T23:27:20.564Z] [INFO] Scheduled reports check completed
[2025-06-20T23:27:20.565Z] [DEBUG] MongoDB connection closed
[2025-06-20T23:27:49.650Z] [INFO] Checking for scheduled reports...
[2025-06-20T23:27:49.709Z] [INFO] Checking for scheduled reports...
[2025-06-20T23:27:50.315Z] [DEBUG] Connected to MongoDB
[2025-06-20T23:27:50.397Z] [DEBUG] Connected to MongoDB
[2025-06-20T23:27:50.398Z] [INFO] Found 1 company databases
[2025-06-20T23:27:50.399Z] [DEBUG] Processing company database: company_9jxwph8g
[2025-06-20T23:27:50.562Z] [DEBUG] Finding reports to execute in company_9jxwph8g (current time: 2025-06-20T23:27:50.562Z)
[2025-06-20T23:27:50.580Z] [INFO] Found 1 company databases
[2025-06-20T23:27:50.580Z] [DEBUG] Processing company database: company_9jxwph8g
[2025-06-20T23:27:50.651Z] [INFO] Found 0 reports to execute in company_9jxwph8g
[2025-06-20T23:27:50.651Z] [DEBUG] Finding reports to execute in company_9jxwph8g (current time: 2025-06-20T23:27:50.651Z)
[2025-06-20T23:27:50.652Z] [INFO] Scheduled reports check completed
[2025-06-20T23:27:50.654Z] [DEBUG] MongoDB connection closed
[2025-06-20T23:27:50.727Z] [INFO] Found 0 reports to execute in company_9jxwph8g
[2025-06-20T23:27:50.728Z] [INFO] Scheduled reports check completed
[2025-06-20T23:27:50.731Z] [DEBUG] MongoDB connection closed
Fri Jun 20 18:28:00 CDT 2025: Checking if NextJS server is running...
Fri Jun 20 18:28:00 CDT 2025: Running scheduled reports
/Users/sim/Project2/scripts/../scripts/run-simple-scheduled-reports.sh: line 16: node: command not found
Fri Jun 20 18:28:00 CDT 2025: NextJS server is running. Running scheduled reports check...
/Users/sim/Project2/scripts/../scripts/run-scheduled-reports-cron.sh: line 25: node: command not found
[2025-06-20T23:28:19.651Z] [INFO] Checking for scheduled reports...
[2025-06-20T23:28:19.709Z] [INFO] Checking for scheduled reports...
[2025-06-20T23:28:20.361Z] [DEBUG] Connected to MongoDB
[2025-06-20T23:28:20.371Z] [DEBUG] Connected to MongoDB
[2025-06-20T23:28:20.431Z] [INFO] Found 1 company databases
[2025-06-20T23:28:20.432Z] [DEBUG] Processing company database: company_9jxwph8g
[2025-06-20T23:28:20.446Z] [INFO] Found 1 company databases
[2025-06-20T23:28:20.446Z] [DEBUG] Processing company database: company_9jxwph8g
[2025-06-20T23:28:20.492Z] [DEBUG] Finding reports to execute in company_9jxwph8g (current time: 2025-06-20T23:28:20.492Z)
[2025-06-20T23:28:20.531Z] [DEBUG] Finding reports to execute in company_9jxwph8g (current time: 2025-06-20T23:28:20.531Z)
[2025-06-20T23:28:20.553Z] [INFO] Found 0 reports to execute in company_9jxwph8g
[2025-06-20T23:28:20.553Z] [INFO] Scheduled reports check completed
[2025-06-20T23:28:20.555Z] [DEBUG] MongoDB connection closed
[2025-06-20T23:28:20.589Z] [INFO] Found 0 reports to execute in company_9jxwph8g
[2025-06-20T23:28:20.589Z] [INFO] Scheduled reports check completed
[2025-06-20T23:28:20.591Z] [DEBUG] MongoDB connection closed
[2025-06-20T23:28:49.651Z] [INFO] Checking for scheduled reports...
[2025-06-20T23:28:49.709Z] [INFO] Checking for scheduled reports...
[2025-06-20T23:28:50.332Z] [DEBUG] Connected to MongoDB
[2025-06-20T23:28:50.344Z] [DEBUG] Connected to MongoDB
[2025-06-20T23:28:50.420Z] [INFO] Found 1 company databases
[2025-06-20T23:28:50.420Z] [INFO] Found 1 company databases
[2025-06-20T23:28:50.421Z] [DEBUG] Processing company database: company_9jxwph8g
[2025-06-20T23:28:50.421Z] [DEBUG] Processing company database: company_9jxwph8g
[2025-06-20T23:28:50.481Z] [DEBUG] Finding reports to execute in company_9jxwph8g (current time: 2025-06-20T23:28:50.481Z)
[2025-06-20T23:28:50.481Z] [DEBUG] Finding reports to execute in company_9jxwph8g (current time: 2025-06-20T23:28:50.481Z)
[2025-06-20T23:28:50.551Z] [INFO] Found 0 reports to execute in company_9jxwph8g
[2025-06-20T23:28:50.551Z] [INFO] Found 0 reports to execute in company_9jxwph8g
[2025-06-20T23:28:50.551Z] [INFO] Scheduled reports check completed
[2025-06-20T23:28:50.552Z] [INFO] Scheduled reports check completed
[2025-06-20T23:28:50.554Z] [DEBUG] MongoDB connection closed
[2025-06-20T23:28:50.554Z] [DEBUG] MongoDB connection closed
Fri Jun 20 18:29:00 CDT 2025: Running scheduled reports
Fri Jun 20 18:29:00 CDT 2025: Checking if NextJS server is running...
/Users/sim/Project2/scripts/../scripts/run-simple-scheduled-reports.sh: line 16: node: command not found
Fri Jun 20 18:29:00 CDT 2025: NextJS server is running. Running scheduled reports check...
/Users/sim/Project2/scripts/../scripts/run-scheduled-reports-cron.sh: line 25: node: command not found
[2025-06-20T23:29:19.652Z] [INFO] Checking for scheduled reports...
[2025-06-20T23:29:19.709Z] [INFO] Checking for scheduled reports...
[2025-06-20T23:29:20.273Z] [DEBUG] Connected to MongoDB
[2025-06-20T23:29:20.324Z] [DEBUG] Connected to MongoDB
[2025-06-20T23:29:20.348Z] [INFO] Found 1 company databases
[2025-06-20T23:29:20.348Z] [DEBUG] Processing company database: company_9jxwph8g
[2025-06-20T23:29:20.394Z] [INFO] Found 1 company databases
[2025-06-20T23:29:20.395Z] [DEBUG] Processing company database: company_9jxwph8g
[2025-06-20T23:29:20.411Z] [DEBUG] Finding reports to execute in company_9jxwph8g (current time: 2025-06-20T23:29:20.411Z)
[2025-06-20T23:29:20.472Z] [DEBUG] Finding reports to execute in company_9jxwph8g (current time: 2025-06-20T23:29:20.472Z)
[2025-06-20T23:29:20.472Z] [INFO] Found 0 reports to execute in company_9jxwph8g
[2025-06-20T23:29:20.473Z] [INFO] Scheduled reports check completed
[2025-06-20T23:29:20.473Z] [DEBUG] MongoDB connection closed
[2025-06-20T23:29:20.531Z] [INFO] Found 0 reports to execute in company_9jxwph8g
[2025-06-20T23:29:20.531Z] [INFO] Scheduled reports check completed
[2025-06-20T23:29:20.533Z] [DEBUG] MongoDB connection closed
[2025-06-20T23:29:49.653Z] [INFO] Checking for scheduled reports...
[2025-06-20T23:29:49.711Z] [INFO] Checking for scheduled reports...
[2025-06-20T23:29:50.524Z] [DEBUG] Connected to MongoDB
[2025-06-20T23:29:50.557Z] [DEBUG] Connected to MongoDB
[2025-06-20T23:29:50.595Z] [INFO] Found 1 company databases
[2025-06-20T23:29:50.595Z] [DEBUG] Processing company database: company_9jxwph8g
[2025-06-20T23:29:50.630Z] [INFO] Found 1 company databases
[2025-06-20T23:29:50.631Z] [DEBUG] Processing company database: company_9jxwph8g
[2025-06-20T23:29:50.664Z] [DEBUG] Finding reports to execute in company_9jxwph8g (current time: 2025-06-20T23:29:50.664Z)
[2025-06-20T23:29:50.693Z] [DEBUG] Finding reports to execute in company_9jxwph8g (current time: 2025-06-20T23:29:50.693Z)
[2025-06-20T23:29:50.721Z] [INFO] Found 0 reports to execute in company_9jxwph8g
[2025-06-20T23:29:50.722Z] [INFO] Scheduled reports check completed
[2025-06-20T23:29:50.724Z] [DEBUG] MongoDB connection closed
[2025-06-20T23:29:50.754Z] [INFO] Found 0 reports to execute in company_9jxwph8g
[2025-06-20T23:29:50.754Z] [INFO] Scheduled reports check completed
[2025-06-20T23:29:50.757Z] [DEBUG] MongoDB connection closed
Fri Jun 20 18:30:00 CDT 2025: Running scheduled reports
Fri Jun 20 18:30:00 CDT 2025: Checking if NextJS server is running...
/Users/sim/Project2/scripts/../scripts/run-simple-scheduled-reports.sh: line 16: node: command not found
Fri Jun 20 18:30:00 CDT 2025: NextJS server is running. Running scheduled reports check...
/Users/sim/Project2/scripts/../scripts/run-scheduled-reports-cron.sh: line 25: node: command not found
[2025-06-20T23:30:19.654Z] [INFO] Checking for scheduled reports...
[2025-06-20T23:30:19.712Z] [INFO] Checking for scheduled reports...
[2025-06-20T23:30:20.293Z] [DEBUG] Connected to MongoDB
[2025-06-20T23:30:20.353Z] [DEBUG] Connected to MongoDB
[2025-06-20T23:30:20.366Z] [INFO] Found 1 company databases
[2025-06-20T23:30:20.367Z] [DEBUG] Processing company database: company_9jxwph8g
[2025-06-20T23:30:20.423Z] [INFO] Found 1 company databases
[2025-06-20T23:30:20.423Z] [DEBUG] Processing company database: company_9jxwph8g
[2025-06-20T23:30:20.432Z] [DEBUG] Finding reports to execute in company_9jxwph8g (current time: 2025-06-20T23:30:20.432Z)
[2025-06-20T23:30:20.484Z] [DEBUG] Finding reports to execute in company_9jxwph8g (current time: 2025-06-20T23:30:20.484Z)
[2025-06-20T23:30:20.500Z] [INFO] Found 0 reports to execute in company_9jxwph8g
[2025-06-20T23:30:20.501Z] [INFO] Scheduled reports check completed
[2025-06-20T23:30:20.503Z] [DEBUG] MongoDB connection closed
[2025-06-20T23:30:20.544Z] [INFO] Found 0 reports to execute in company_9jxwph8g
[2025-06-20T23:30:20.544Z] [INFO] Scheduled reports check completed
[2025-06-20T23:30:20.546Z] [DEBUG] MongoDB connection closed
[2025-06-20T23:30:49.656Z] [INFO] Checking for scheduled reports...
[2025-06-20T23:30:49.712Z] [INFO] Checking for scheduled reports...
[2025-06-20T23:30:50.327Z] [DEBUG] Connected to MongoDB
[2025-06-20T23:30:50.351Z] [DEBUG] Connected to MongoDB
[2025-06-20T23:30:50.395Z] [INFO] Found 1 company databases
[2025-06-20T23:30:50.395Z] [DEBUG] Processing company database: company_9jxwph8g
[2025-06-20T23:30:50.418Z] [INFO] Found 1 company databases
[2025-06-20T23:30:50.418Z] [DEBUG] Processing company database: company_9jxwph8g
[2025-06-20T23:30:50.452Z] [DEBUG] Finding reports to execute in company_9jxwph8g (current time: 2025-06-20T23:30:50.452Z)
[2025-06-20T23:30:50.481Z] [DEBUG] Finding reports to execute in company_9jxwph8g (current time: 2025-06-20T23:30:50.481Z)
[2025-06-20T23:30:50.510Z] [INFO] Found 0 reports to execute in company_9jxwph8g
[2025-06-20T23:30:50.510Z] [INFO] Scheduled reports check completed
[2025-06-20T23:30:50.512Z] [DEBUG] MongoDB connection closed
[2025-06-20T23:30:50.537Z] [INFO] Found 0 reports to execute in company_9jxwph8g
[2025-06-20T23:30:50.538Z] [INFO] Scheduled reports check completed
[2025-06-20T23:30:50.540Z] [DEBUG] MongoDB connection closed
Fri Jun 20 18:31:00 CDT 2025: Running scheduled reports
Fri Jun 20 18:31:00 CDT 2025: Checking if NextJS server is running...
/Users/sim/Project2/scripts/../scripts/run-simple-scheduled-reports.sh: line 16: node: command not found
Fri Jun 20 18:31:00 CDT 2025: NextJS server is running. Running scheduled reports check...
/Users/sim/Project2/scripts/../scripts/run-scheduled-reports-cron.sh: line 25: node: command not found
[2025-06-20T23:31:19.657Z] [INFO] Checking for scheduled reports...
[2025-06-20T23:31:19.714Z] [INFO] Checking for scheduled reports...
[2025-06-20T23:31:20.571Z] [DEBUG] Connected to MongoDB
[2025-06-20T23:31:20.571Z] [DEBUG] Connected to MongoDB
[2025-06-20T23:31:20.675Z] [INFO] Found 1 company databases
[2025-06-20T23:31:20.675Z] [INFO] Found 1 company databases
[2025-06-20T23:31:20.675Z] [DEBUG] Processing company database: company_9jxwph8g
[2025-06-20T23:31:20.676Z] [DEBUG] Processing company database: company_9jxwph8g
[2025-06-20T23:31:20.757Z] [DEBUG] Finding reports to execute in company_9jxwph8g (current time: 2025-06-20T23:31:20.757Z)
[2025-06-20T23:31:20.757Z] [DEBUG] Finding reports to execute in company_9jxwph8g (current time: 2025-06-20T23:31:20.757Z)
[2025-06-20T23:31:20.883Z] [INFO] Found 0 reports to execute in company_9jxwph8g
[2025-06-20T23:31:20.883Z] [INFO] Found 0 reports to execute in company_9jxwph8g
[2025-06-20T23:31:20.883Z] [INFO] Scheduled reports check completed
[2025-06-20T23:31:20.883Z] [INFO] Scheduled reports check completed
[2025-06-20T23:31:20.885Z] [DEBUG] MongoDB connection closed
[2025-06-20T23:31:20.885Z] [DEBUG] MongoDB connection closed
[2025-06-20T23:31:49.658Z] [INFO] Checking for scheduled reports...
[2025-06-20T23:31:49.714Z] [INFO] Checking for scheduled reports...
[2025-06-20T23:31:50.406Z] [DEBUG] Connected to MongoDB
[2025-06-20T23:31:50.435Z] [DEBUG] Connected to MongoDB
[2025-06-20T23:31:50.478Z] [INFO] Found 1 company databases
[2025-06-20T23:31:50.478Z] [DEBUG] Processing company database: company_9jxwph8g
[2025-06-20T23:31:50.506Z] [INFO] Found 1 company databases
[2025-06-20T23:31:50.507Z] [DEBUG] Processing company database: company_9jxwph8g
[2025-06-20T23:31:50.541Z] [DEBUG] Finding reports to execute in company_9jxwph8g (current time: 2025-06-20T23:31:50.540Z)
[2025-06-20T23:31:50.572Z] [DEBUG] Finding reports to execute in company_9jxwph8g (current time: 2025-06-20T23:31:50.572Z)
[2025-06-20T23:31:50.598Z] [INFO] Found 0 reports to execute in company_9jxwph8g
[2025-06-20T23:31:50.598Z] [INFO] Scheduled reports check completed
[2025-06-20T23:31:50.600Z] [DEBUG] MongoDB connection closed
[2025-06-20T23:31:50.633Z] [INFO] Found 0 reports to execute in company_9jxwph8g
[2025-06-20T23:31:50.634Z] [INFO] Scheduled reports check completed
[2025-06-20T23:31:50.635Z] [DEBUG] MongoDB connection closed
Fri Jun 20 18:32:01 CDT 2025: Checking if NextJS server is running...
Fri Jun 20 18:32:01 CDT 2025: Running scheduled reports
/Users/sim/Project2/scripts/../scripts/run-simple-scheduled-reports.sh: line 16: node: command not found
Fri Jun 20 18:32:01 CDT 2025: NextJS server is running. Running scheduled reports check...
/Users/sim/Project2/scripts/../scripts/run-scheduled-reports-cron.sh: line 25: node: command not found
[2025-06-20T23:32:19.659Z] [INFO] Checking for scheduled reports...
[2025-06-20T23:32:19.715Z] [INFO] Checking for scheduled reports...
[2025-06-20T23:32:20.279Z] [DEBUG] Connected to MongoDB
[2025-06-20T23:32:20.324Z] [DEBUG] Connected to MongoDB
[2025-06-20T23:32:20.348Z] [INFO] Found 1 company databases
[2025-06-20T23:32:20.349Z] [DEBUG] Processing company database: company_9jxwph8g
[2025-06-20T23:32:20.395Z] [INFO] Found 1 company databases
[2025-06-20T23:32:20.396Z] [DEBUG] Processing company database: company_9jxwph8g
[2025-06-20T23:32:20.412Z] [DEBUG] Finding reports to execute in company_9jxwph8g (current time: 2025-06-20T23:32:20.412Z)
[2025-06-20T23:32:20.461Z] [DEBUG] Finding reports to execute in company_9jxwph8g (current time: 2025-06-20T23:32:20.461Z)
[2025-06-20T23:32:20.469Z] [INFO] Found 0 reports to execute in company_9jxwph8g
[2025-06-20T23:32:20.469Z] [INFO] Scheduled reports check completed
[2025-06-20T23:32:20.472Z] [DEBUG] MongoDB connection closed
[2025-06-20T23:32:20.519Z] [INFO] Found 0 reports to execute in company_9jxwph8g
[2025-06-20T23:32:20.520Z] [INFO] Scheduled reports check completed
[2025-06-20T23:32:20.522Z] [DEBUG] MongoDB connection closed
[2025-06-20T23:32:49.659Z] [INFO] Checking for scheduled reports...
[2025-06-20T23:32:49.715Z] [INFO] Checking for scheduled reports...
[2025-06-20T23:32:50.479Z] [DEBUG] Connected to MongoDB
[2025-06-20T23:32:50.510Z] [DEBUG] Connected to MongoDB
[2025-06-20T23:32:50.551Z] [INFO] Found 1 company databases
[2025-06-20T23:32:50.552Z] [DEBUG] Processing company database: company_9jxwph8g
[2025-06-20T23:32:50.583Z] [INFO] Found 1 company databases
[2025-06-20T23:32:50.584Z] [DEBUG] Processing company database: company_9jxwph8g
[2025-06-20T23:32:50.613Z] [DEBUG] Finding reports to execute in company_9jxwph8g (current time: 2025-06-20T23:32:50.613Z)
[2025-06-20T23:32:50.645Z] [DEBUG] Finding reports to execute in company_9jxwph8g (current time: 2025-06-20T23:32:50.645Z)
[2025-06-20T23:32:50.673Z] [INFO] Found 0 reports to execute in company_9jxwph8g
[2025-06-20T23:32:50.674Z] [INFO] Scheduled reports check completed
[2025-06-20T23:32:50.676Z] [DEBUG] MongoDB connection closed
[2025-06-20T23:32:50.703Z] [INFO] Found 0 reports to execute in company_9jxwph8g
[2025-06-20T23:32:50.703Z] [INFO] Scheduled reports check completed
[2025-06-20T23:32:50.706Z] [DEBUG] MongoDB connection closed
Fri Jun 20 18:33:00 CDT 2025: Checking if NextJS server is running...
Fri Jun 20 18:33:00 CDT 2025: Running scheduled reports
/Users/sim/Project2/scripts/../scripts/run-simple-scheduled-reports.sh: line 16: node: command not found
Fri Jun 20 18:33:00 CDT 2025: NextJS server is running. Running scheduled reports check...
/Users/sim/Project2/scripts/../scripts/run-scheduled-reports-cron.sh: line 25: node: command not found
[2025-06-20T23:33:19.659Z] [INFO] Checking for scheduled reports...
[2025-06-20T23:33:19.716Z] [INFO] Checking for scheduled reports...
[2025-06-20T23:33:20.280Z] [DEBUG] Connected to MongoDB
[2025-06-20T23:33:20.346Z] [DEBUG] Connected to MongoDB
[2025-06-20T23:33:20.346Z] [INFO] Found 1 company databases
[2025-06-20T23:33:20.347Z] [DEBUG] Processing company database: company_9jxwph8g
[2025-06-20T23:33:20.415Z] [DEBUG] Finding reports to execute in company_9jxwph8g (current time: 2025-06-20T23:33:20.415Z)
[2025-06-20T23:33:20.423Z] [INFO] Found 1 company databases
[2025-06-20T23:33:20.424Z] [DEBUG] Processing company database: company_9jxwph8g
[2025-06-20T23:33:20.473Z] [INFO] Found 0 reports to execute in company_9jxwph8g
[2025-06-20T23:33:20.474Z] [INFO] Scheduled reports check completed
[2025-06-20T23:33:20.476Z] [DEBUG] MongoDB connection closed
[2025-06-20T23:33:20.488Z] [DEBUG] Finding reports to execute in company_9jxwph8g (current time: 2025-06-20T23:33:20.488Z)
[2025-06-20T23:33:20.546Z] [INFO] Found 0 reports to execute in company_9jxwph8g
[2025-06-20T23:33:20.546Z] [INFO] Scheduled reports check completed
[2025-06-20T23:33:20.548Z] [DEBUG] MongoDB connection closed
[2025-06-20T23:33:49.659Z] [INFO] Checking for scheduled reports...
[2025-06-20T23:33:49.717Z] [INFO] Checking for scheduled reports...
[2025-06-20T23:33:50.305Z] [DEBUG] Connected to MongoDB
[2025-06-20T23:33:50.387Z] [DEBUG] Connected to MongoDB
[2025-06-20T23:33:50.388Z] [INFO] Found 1 company databases
[2025-06-20T23:33:50.389Z] [DEBUG] Processing company database: company_9jxwph8g
[2025-06-20T23:33:50.448Z] [DEBUG] Finding reports to execute in company_9jxwph8g (current time: 2025-06-20T23:33:50.448Z)
[2025-06-20T23:33:50.455Z] [INFO] Found 1 company databases
[2025-06-20T23:33:50.456Z] [DEBUG] Processing company database: company_9jxwph8g
[2025-06-20T23:33:50.511Z] [INFO] Found 0 reports to execute in company_9jxwph8g
[2025-06-20T23:33:50.511Z] [INFO] Scheduled reports check completed
[2025-06-20T23:33:50.514Z] [DEBUG] MongoDB connection closed
[2025-06-20T23:33:50.516Z] [DEBUG] Finding reports to execute in company_9jxwph8g (current time: 2025-06-20T23:33:50.516Z)
[2025-06-20T23:33:50.575Z] [INFO] Found 0 reports to execute in company_9jxwph8g
[2025-06-20T23:33:50.576Z] [INFO] Scheduled reports check completed
[2025-06-20T23:33:50.579Z] [DEBUG] MongoDB connection closed
Fri Jun 20 18:34:00 CDT 2025: Checking if NextJS server is running...
Fri Jun 20 18:34:00 CDT 2025: Running scheduled reports
/Users/sim/Project2/scripts/../scripts/run-simple-scheduled-reports.sh: line 16: node: command not found
Fri Jun 20 18:34:00 CDT 2025: NextJS server is running. Running scheduled reports check...
/Users/sim/Project2/scripts/../scripts/run-scheduled-reports-cron.sh: line 25: node: command not found
[2025-06-20T23:34:19.659Z] [INFO] Checking for scheduled reports...
[2025-06-20T23:34:19.718Z] [INFO] Checking for scheduled reports...
[2025-06-20T23:34:20.375Z] [DEBUG] Connected to MongoDB
[2025-06-20T23:34:20.407Z] [DEBUG] Connected to MongoDB
[2025-06-20T23:34:20.450Z] [INFO] Found 1 company databases
[2025-06-20T23:34:20.451Z] [DEBUG] Processing company database: company_9jxwph8g
[2025-06-20T23:34:20.478Z] [INFO] Found 1 company databases
[2025-06-20T23:34:20.478Z] [DEBUG] Processing company database: company_9jxwph8g
[2025-06-20T23:34:20.509Z] [DEBUG] Finding reports to execute in company_9jxwph8g (current time: 2025-06-20T23:34:20.509Z)
[2025-06-20T23:34:20.544Z] [DEBUG] Finding reports to execute in company_9jxwph8g (current time: 2025-06-20T23:34:20.544Z)
[2025-06-20T23:34:20.576Z] [INFO] Found 0 reports to execute in company_9jxwph8g
[2025-06-20T23:34:20.576Z] [INFO] Scheduled reports check completed
[2025-06-20T23:34:20.579Z] [DEBUG] MongoDB connection closed
[2025-06-20T23:34:20.602Z] [INFO] Found 0 reports to execute in company_9jxwph8g
[2025-06-20T23:34:20.603Z] [INFO] Scheduled reports check completed
[2025-06-20T23:34:20.605Z] [DEBUG] MongoDB connection closed
[2025-06-20T23:34:49.661Z] [INFO] Checking for scheduled reports...
[2025-06-20T23:34:49.718Z] [INFO] Checking for scheduled reports...
[2025-06-20T23:34:50.378Z] [DEBUG] Connected to MongoDB
[2025-06-20T23:34:50.391Z] [DEBUG] Connected to MongoDB
[2025-06-20T23:34:50.446Z] [INFO] Found 1 company databases
[2025-06-20T23:34:50.446Z] [DEBUG] Processing company database: company_9jxwph8g
[2025-06-20T23:34:50.456Z] [INFO] Found 1 company databases
[2025-06-20T23:34:50.457Z] [DEBUG] Processing company database: company_9jxwph8g
[2025-06-20T23:34:50.504Z] [DEBUG] Finding reports to execute in company_9jxwph8g (current time: 2025-06-20T23:34:50.504Z)
[2025-06-20T23:34:50.520Z] [DEBUG] Finding reports to execute in company_9jxwph8g (current time: 2025-06-20T23:34:50.520Z)
[2025-06-20T23:34:50.582Z] [INFO] Found 0 reports to execute in company_9jxwph8g
[2025-06-20T23:34:50.582Z] [INFO] Scheduled reports check completed
[2025-06-20T23:34:50.585Z] [DEBUG] MongoDB connection closed
[2025-06-20T23:34:50.589Z] [INFO] Found 0 reports to execute in company_9jxwph8g
[2025-06-20T23:34:50.589Z] [INFO] Scheduled reports check completed
[2025-06-20T23:34:50.592Z] [DEBUG] MongoDB connection closed
Fri Jun 20 18:35:00 CDT 2025: Running scheduled reports
Fri Jun 20 18:35:00 CDT 2025: Checking if NextJS server is running...
/Users/sim/Project2/scripts/../scripts/run-simple-scheduled-reports.sh: line 16: node: command not found
Fri Jun 20 18:35:00 CDT 2025: NextJS server is running. Running scheduled reports check...
/Users/sim/Project2/scripts/../scripts/run-scheduled-reports-cron.sh: line 25: node: command not found
[2025-06-20T23:35:19.661Z] [INFO] Checking for scheduled reports...
[2025-06-20T23:35:19.720Z] [INFO] Checking for scheduled reports...
[2025-06-20T23:35:20.271Z] [DEBUG] Connected to MongoDB
[2025-06-20T23:35:20.334Z] [DEBUG] Connected to MongoDB
[2025-06-20T23:35:20.341Z] [INFO] Found 1 company databases
[2025-06-20T23:35:20.341Z] [DEBUG] Processing company database: company_9jxwph8g
[2025-06-20T23:35:20.400Z] [DEBUG] Finding reports to execute in company_9jxwph8g (current time: 2025-06-20T23:35:20.400Z)
[2025-06-20T23:35:20.407Z] [INFO] Found 1 company databases
[2025-06-20T23:35:20.408Z] [DEBUG] Processing company database: company_9jxwph8g
[2025-06-20T23:35:20.458Z] [INFO] Found 0 reports to execute in company_9jxwph8g
[2025-06-20T23:35:20.459Z] [INFO] Scheduled reports check completed
[2025-06-20T23:35:20.461Z] [DEBUG] MongoDB connection closed
[2025-06-20T23:35:20.467Z] [DEBUG] Finding reports to execute in company_9jxwph8g (current time: 2025-06-20T23:35:20.467Z)
[2025-06-20T23:35:20.525Z] [INFO] Found 0 reports to execute in company_9jxwph8g
[2025-06-20T23:35:20.525Z] [INFO] Scheduled reports check completed
[2025-06-20T23:35:20.527Z] [DEBUG] MongoDB connection closed
[2025-06-20T23:35:49.663Z] [INFO] Checking for scheduled reports...
[2025-06-20T23:35:49.721Z] [INFO] Checking for scheduled reports...
[2025-06-20T23:35:50.491Z] [DEBUG] Connected to MongoDB
[2025-06-20T23:35:50.543Z] [DEBUG] Connected to MongoDB
[2025-06-20T23:35:50.571Z] [INFO] Found 1 company databases
[2025-06-20T23:35:50.572Z] [DEBUG] Processing company database: company_9jxwph8g
[2025-06-20T23:35:50.612Z] [INFO] Found 1 company databases
[2025-06-20T23:35:50.612Z] [DEBUG] Processing company database: company_9jxwph8g
[2025-06-20T23:35:50.660Z] [DEBUG] Finding reports to execute in company_9jxwph8g (current time: 2025-06-20T23:35:50.660Z)
[2025-06-20T23:35:50.674Z] [DEBUG] Finding reports to execute in company_9jxwph8g (current time: 2025-06-20T23:35:50.674Z)
[2025-06-20T23:35:50.726Z] [INFO] Found 0 reports to execute in company_9jxwph8g
[2025-06-20T23:35:50.727Z] [INFO] Scheduled reports check completed
[2025-06-20T23:35:50.729Z] [DEBUG] MongoDB connection closed
[2025-06-20T23:35:50.770Z] [INFO] Found 0 reports to execute in company_9jxwph8g
[2025-06-20T23:35:50.770Z] [INFO] Scheduled reports check completed
[2025-06-20T23:35:50.773Z] [DEBUG] MongoDB connection closed
Fri Jun 20 18:36:00 CDT 2025: Checking if NextJS server is running...
Fri Jun 20 18:36:00 CDT 2025: Running scheduled reports
/Users/sim/Project2/scripts/../scripts/run-simple-scheduled-reports.sh: line 16: node: command not found
Fri Jun 20 18:36:00 CDT 2025: NextJS server is running. Running scheduled reports check...
/Users/sim/Project2/scripts/../scripts/run-scheduled-reports-cron.sh: line 25: node: command not found
[2025-06-20T23:36:19.665Z] [INFO] Checking for scheduled reports...
[2025-06-20T23:36:19.721Z] [INFO] Checking for scheduled reports...
[2025-06-20T23:36:20.252Z] [DEBUG] Connected to MongoDB
[2025-06-20T23:36:20.307Z] [DEBUG] Connected to MongoDB
[2025-06-20T23:36:20.319Z] [INFO] Found 1 company databases
[2025-06-20T23:36:20.320Z] [DEBUG] Processing company database: company_9jxwph8g
[2025-06-20T23:36:20.374Z] [INFO] Found 1 company databases
[2025-06-20T23:36:20.374Z] [DEBUG] Processing company database: company_9jxwph8g
[2025-06-20T23:36:20.401Z] [DEBUG] Finding reports to execute in company_9jxwph8g (current time: 2025-06-20T23:36:20.401Z)
[2025-06-20T23:36:20.439Z] [DEBUG] Finding reports to execute in company_9jxwph8g (current time: 2025-06-20T23:36:20.439Z)
[2025-06-20T23:36:20.457Z] [INFO] Found 0 reports to execute in company_9jxwph8g
[2025-06-20T23:36:20.457Z] [INFO] Scheduled reports check completed
[2025-06-20T23:36:20.460Z] [DEBUG] MongoDB connection closed
[2025-06-20T23:36:20.494Z] [INFO] Found 0 reports to execute in company_9jxwph8g
[2025-06-20T23:36:20.495Z] [INFO] Scheduled reports check completed
[2025-06-20T23:36:20.497Z] [DEBUG] MongoDB connection closed
[2025-06-20T23:36:49.668Z] [INFO] Checking for scheduled reports...
[2025-06-20T23:36:49.721Z] [INFO] Checking for scheduled reports...
[2025-06-20T23:36:50.328Z] [DEBUG] Connected to MongoDB
[2025-06-20T23:36:50.366Z] [DEBUG] Connected to MongoDB
[2025-06-20T23:36:50.398Z] [INFO] Found 1 company databases
[2025-06-20T23:36:50.398Z] [DEBUG] Processing company database: company_9jxwph8g
[2025-06-20T23:36:50.435Z] [INFO] Found 1 company databases
[2025-06-20T23:36:50.436Z] [DEBUG] Processing company database: company_9jxwph8g
[2025-06-20T23:36:50.457Z] [DEBUG] Finding reports to execute in company_9jxwph8g (current time: 2025-06-20T23:36:50.457Z)
[2025-06-20T23:36:50.496Z] [DEBUG] Finding reports to execute in company_9jxwph8g (current time: 2025-06-20T23:36:50.496Z)
[2025-06-20T23:36:50.512Z] [INFO] Found 0 reports to execute in company_9jxwph8g
[2025-06-20T23:36:50.513Z] [INFO] Scheduled reports check completed
[2025-06-20T23:36:50.515Z] [DEBUG] MongoDB connection closed
[2025-06-20T23:36:50.551Z] [INFO] Found 0 reports to execute in company_9jxwph8g
[2025-06-20T23:36:50.552Z] [INFO] Scheduled reports check completed
[2025-06-20T23:36:50.554Z] [DEBUG] MongoDB connection closed
Fri Jun 20 18:37:01 CDT 2025: Checking if NextJS server is running...
Fri Jun 20 18:37:01 CDT 2025: Running scheduled reports
/Users/sim/Project2/scripts/../scripts/run-simple-scheduled-reports.sh: line 16: node: command not found
Fri Jun 20 18:37:01 CDT 2025: NextJS server is running. Running scheduled reports check...
/Users/sim/Project2/scripts/../scripts/run-scheduled-reports-cron.sh: line 25: node: command not found
[2025-06-20T23:37:19.669Z] [INFO] Checking for scheduled reports...
[2025-06-20T23:37:19.721Z] [INFO] Checking for scheduled reports...
[2025-06-20T23:37:20.320Z] [DEBUG] Connected to MongoDB
[2025-06-20T23:37:20.336Z] [DEBUG] Connected to MongoDB
[2025-06-20T23:37:20.387Z] [INFO] Found 1 company databases
[2025-06-20T23:37:20.388Z] [DEBUG] Processing company database: company_9jxwph8g
[2025-06-20T23:37:20.405Z] [INFO] Found 1 company databases
[2025-06-20T23:37:20.405Z] [DEBUG] Processing company database: company_9jxwph8g
[2025-06-20T23:37:20.444Z] [DEBUG] Finding reports to execute in company_9jxwph8g (current time: 2025-06-20T23:37:20.444Z)
[2025-06-20T23:37:20.461Z] [DEBUG] Finding reports to execute in company_9jxwph8g (current time: 2025-06-20T23:37:20.461Z)
[2025-06-20T23:37:20.499Z] [INFO] Found 0 reports to execute in company_9jxwph8g
[2025-06-20T23:37:20.500Z] [INFO] Scheduled reports check completed
[2025-06-20T23:37:20.502Z] [DEBUG] MongoDB connection closed
[2025-06-20T23:37:20.517Z] [INFO] Found 0 reports to execute in company_9jxwph8g
[2025-06-20T23:37:20.517Z] [INFO] Scheduled reports check completed
[2025-06-20T23:37:20.519Z] [DEBUG] MongoDB connection closed
[2025-06-20T23:37:49.671Z] [INFO] Checking for scheduled reports...
[2025-06-20T23:37:49.724Z] [INFO] Checking for scheduled reports...
[2025-06-20T23:37:50.336Z] [DEBUG] Connected to MongoDB
[2025-06-20T23:37:50.391Z] [DEBUG] Connected to MongoDB
[2025-06-20T23:37:50.403Z] [INFO] Found 1 company databases
[2025-06-20T23:37:50.404Z] [DEBUG] Processing company database: company_9jxwph8g
[2025-06-20T23:37:50.460Z] [INFO] Found 1 company databases
[2025-06-20T23:37:50.460Z] [DEBUG] Finding reports to execute in company_9jxwph8g (current time: 2025-06-20T23:37:50.460Z)
[2025-06-20T23:37:50.461Z] [DEBUG] Processing company database: company_9jxwph8g
[2025-06-20T23:37:50.529Z] [INFO] Found 0 reports to execute in company_9jxwph8g
[2025-06-20T23:37:50.529Z] [INFO] Scheduled reports check completed
[2025-06-20T23:37:50.530Z] [DEBUG] Finding reports to execute in company_9jxwph8g (current time: 2025-06-20T23:37:50.530Z)
[2025-06-20T23:37:50.531Z] [DEBUG] MongoDB connection closed
[2025-06-20T23:37:50.594Z] [INFO] Found 0 reports to execute in company_9jxwph8g
[2025-06-20T23:37:50.594Z] [INFO] Scheduled reports check completed
[2025-06-20T23:37:50.597Z] [DEBUG] MongoDB connection closed
Fri Jun 20 18:38:00 CDT 2025: Checking if NextJS server is running...
Fri Jun 20 18:38:00 CDT 2025: Running scheduled reports
/Users/sim/Project2/scripts/../scripts/run-simple-scheduled-reports.sh: line 16: node: command not found
Fri Jun 20 18:38:00 CDT 2025: NextJS server is running. Running scheduled reports check...
/Users/sim/Project2/scripts/../scripts/run-scheduled-reports-cron.sh: line 25: node: command not found
[2025-06-20T23:38:19.673Z] [INFO] Checking for scheduled reports...
[2025-06-20T23:38:19.726Z] [INFO] Checking for scheduled reports...
[2025-06-20T23:38:20.279Z] [DEBUG] Connected to MongoDB
[2025-06-20T23:38:20.314Z] [DEBUG] Connected to MongoDB
[2025-06-20T23:38:20.348Z] [INFO] Found 1 company databases
[2025-06-20T23:38:20.348Z] [DEBUG] Processing company database: company_9jxwph8g
[2025-06-20T23:38:20.381Z] [INFO] Found 1 company databases
[2025-06-20T23:38:20.381Z] [DEBUG] Processing company database: company_9jxwph8g
[2025-06-20T23:38:20.405Z] [DEBUG] Finding reports to execute in company_9jxwph8g (current time: 2025-06-20T23:38:20.405Z)
[2025-06-20T23:38:20.438Z] [DEBUG] Finding reports to execute in company_9jxwph8g (current time: 2025-06-20T23:38:20.438Z)
[2025-06-20T23:38:20.461Z] [INFO] Found 0 reports to execute in company_9jxwph8g
[2025-06-20T23:38:20.462Z] [INFO] Scheduled reports check completed
[2025-06-20T23:38:20.465Z] [DEBUG] MongoDB connection closed
[2025-06-20T23:38:20.494Z] [INFO] Found 0 reports to execute in company_9jxwph8g
[2025-06-20T23:38:20.494Z] [INFO] Scheduled reports check completed
[2025-06-20T23:38:20.498Z] [DEBUG] MongoDB connection closed
[2025-06-20T23:38:49.675Z] [INFO] Checking for scheduled reports...
[2025-06-20T23:38:49.728Z] [INFO] Checking for scheduled reports...
[2025-06-20T23:38:50.427Z] [DEBUG] Connected to MongoDB
[2025-06-20T23:38:50.431Z] [DEBUG] Connected to MongoDB
[2025-06-20T23:38:50.497Z] [INFO] Found 1 company databases
[2025-06-20T23:38:50.498Z] [DEBUG] Processing company database: company_9jxwph8g
[2025-06-20T23:38:50.498Z] [INFO] Found 1 company databases
[2025-06-20T23:38:50.498Z] [DEBUG] Processing company database: company_9jxwph8g
[2025-06-20T23:38:50.554Z] [DEBUG] Finding reports to execute in company_9jxwph8g (current time: 2025-06-20T23:38:50.554Z)
[2025-06-20T23:38:50.558Z] [DEBUG] Finding reports to execute in company_9jxwph8g (current time: 2025-06-20T23:38:50.558Z)
[2025-06-20T23:38:50.610Z] [INFO] Found 0 reports to execute in company_9jxwph8g
[2025-06-20T23:38:50.611Z] [INFO] Scheduled reports check completed
[2025-06-20T23:38:50.613Z] [DEBUG] MongoDB connection closed
[2025-06-20T23:38:50.613Z] [INFO] Found 0 reports to execute in company_9jxwph8g
[2025-06-20T23:38:50.614Z] [INFO] Scheduled reports check completed
[2025-06-20T23:38:50.615Z] [DEBUG] MongoDB connection closed
Fri Jun 20 18:39:00 CDT 2025: Running scheduled reports
Fri Jun 20 18:39:00 CDT 2025: Checking if NextJS server is running...
/Users/sim/Project2/scripts/../scripts/run-simple-scheduled-reports.sh: line 16: node: command not found
Fri Jun 20 18:39:00 CDT 2025: NextJS server is running. Running scheduled reports check...
/Users/sim/Project2/scripts/../scripts/run-scheduled-reports-cron.sh: line 25: node: command not found
[2025-06-20T23:39:19.677Z] [INFO] Checking for scheduled reports...
[2025-06-20T23:39:19.730Z] [INFO] Checking for scheduled reports...
[2025-06-20T23:39:20.263Z] [DEBUG] Connected to MongoDB
[2025-06-20T23:39:20.331Z] [INFO] Found 1 company databases
[2025-06-20T23:39:20.331Z] [DEBUG] Processing company database: company_9jxwph8g
[2025-06-20T23:39:20.337Z] [DEBUG] Connected to MongoDB
[2025-06-20T23:39:20.388Z] [DEBUG] Finding reports to execute in company_9jxwph8g (current time: 2025-06-20T23:39:20.388Z)
[2025-06-20T23:39:20.403Z] [INFO] Found 1 company databases
[2025-06-20T23:39:20.404Z] [DEBUG] Processing company database: company_9jxwph8g
[2025-06-20T23:39:20.443Z] [INFO] Found 0 reports to execute in company_9jxwph8g
[2025-06-20T23:39:20.444Z] [INFO] Scheduled reports check completed
[2025-06-20T23:39:20.446Z] [DEBUG] MongoDB connection closed
[2025-06-20T23:39:20.461Z] [DEBUG] Finding reports to execute in company_9jxwph8g (current time: 2025-06-20T23:39:20.461Z)
[2025-06-20T23:39:20.517Z] [INFO] Found 0 reports to execute in company_9jxwph8g
[2025-06-20T23:39:20.517Z] [INFO] Scheduled reports check completed
[2025-06-20T23:39:20.519Z] [DEBUG] MongoDB connection closed
[2025-06-20T23:39:49.678Z] [INFO] Checking for scheduled reports...
[2025-06-20T23:39:49.734Z] [INFO] Checking for scheduled reports...
[2025-06-20T23:39:50.384Z] [DEBUG] Connected to MongoDB
[2025-06-20T23:39:50.406Z] [DEBUG] Connected to MongoDB
[2025-06-20T23:39:50.451Z] [INFO] Found 1 company databases
[2025-06-20T23:39:50.452Z] [DEBUG] Processing company database: company_9jxwph8g
[2025-06-20T23:39:50.474Z] [INFO] Found 1 company databases
[2025-06-20T23:39:50.475Z] [DEBUG] Processing company database: company_9jxwph8g
[2025-06-20T23:39:50.508Z] [DEBUG] Finding reports to execute in company_9jxwph8g (current time: 2025-06-20T23:39:50.508Z)
[2025-06-20T23:39:50.530Z] [DEBUG] Finding reports to execute in company_9jxwph8g (current time: 2025-06-20T23:39:50.530Z)
[2025-06-20T23:39:50.563Z] [INFO] Found 0 reports to execute in company_9jxwph8g
[2025-06-20T23:39:50.564Z] [INFO] Scheduled reports check completed
[2025-06-20T23:39:50.565Z] [DEBUG] MongoDB connection closed
[2025-06-20T23:39:50.585Z] [INFO] Found 0 reports to execute in company_9jxwph8g
[2025-06-20T23:39:50.586Z] [INFO] Scheduled reports check completed
[2025-06-20T23:39:50.587Z] [DEBUG] MongoDB connection closed
Fri Jun 20 18:40:00 CDT 2025: Running scheduled reports
Fri Jun 20 18:40:00 CDT 2025: Checking if NextJS server is running...
/Users/sim/Project2/scripts/../scripts/run-simple-scheduled-reports.sh: line 16: node: command not found
Fri Jun 20 18:40:00 CDT 2025: NextJS server is running. Running scheduled reports check...
/Users/sim/Project2/scripts/../scripts/run-scheduled-reports-cron.sh: line 25: node: command not found
[2025-06-20T23:40:19.677Z] [INFO] Checking for scheduled reports...
[2025-06-20T23:40:19.735Z] [INFO] Checking for scheduled reports...
[2025-06-20T23:40:20.450Z] [DEBUG] Connected to MongoDB
[2025-06-20T23:40:20.468Z] [DEBUG] Connected to MongoDB
[2025-06-20T23:40:20.516Z] [INFO] Found 1 company databases
[2025-06-20T23:40:20.517Z] [DEBUG] Processing company database: company_9jxwph8g
[2025-06-20T23:40:20.535Z] [INFO] Found 1 company databases
[2025-06-20T23:40:20.536Z] [DEBUG] Processing company database: company_9jxwph8g
[2025-06-20T23:40:20.573Z] [DEBUG] Finding reports to execute in company_9jxwph8g (current time: 2025-06-20T23:40:20.573Z)
[2025-06-20T23:40:20.593Z] [DEBUG] Finding reports to execute in company_9jxwph8g (current time: 2025-06-20T23:40:20.593Z)
[2025-06-20T23:40:20.629Z] [INFO] Found 0 reports to execute in company_9jxwph8g
[2025-06-20T23:40:20.629Z] [INFO] Scheduled reports check completed
[2025-06-20T23:40:20.631Z] [DEBUG] MongoDB connection closed
[2025-06-20T23:40:20.650Z] [INFO] Found 0 reports to execute in company_9jxwph8g
[2025-06-20T23:40:20.651Z] [INFO] Scheduled reports check completed
[2025-06-20T23:40:20.652Z] [DEBUG] MongoDB connection closed
[2025-06-20T23:40:49.679Z] [INFO] Checking for scheduled reports...
[2025-06-20T23:40:49.737Z] [INFO] Checking for scheduled reports...
[2025-06-20T23:40:50.352Z] [DEBUG] Connected to MongoDB
[2025-06-20T23:40:50.372Z] [DEBUG] Connected to MongoDB
[2025-06-20T23:40:50.435Z] [INFO] Found 1 company databases
[2025-06-20T23:40:50.436Z] [DEBUG] Processing company database: company_9jxwph8g
[2025-06-20T23:40:50.453Z] [INFO] Found 1 company databases
[2025-06-20T23:40:50.454Z] [DEBUG] Processing company database: company_9jxwph8g
[2025-06-20T23:40:50.492Z] [DEBUG] Finding reports to execute in company_9jxwph8g (current time: 2025-06-20T23:40:50.492Z)
[2025-06-20T23:40:50.512Z] [DEBUG] Finding reports to execute in company_9jxwph8g (current time: 2025-06-20T23:40:50.512Z)
[2025-06-20T23:40:50.548Z] [INFO] Found 0 reports to execute in company_9jxwph8g
[2025-06-20T23:40:50.548Z] [INFO] Scheduled reports check completed
[2025-06-20T23:40:50.550Z] [DEBUG] MongoDB connection closed
[2025-06-20T23:40:50.567Z] [INFO] Found 0 reports to execute in company_9jxwph8g
[2025-06-20T23:40:50.568Z] [INFO] Scheduled reports check completed
[2025-06-20T23:40:50.570Z] [DEBUG] MongoDB connection closed
Fri Jun 20 18:41:01 CDT 2025: Checking if NextJS server is running...
Fri Jun 20 18:41:01 CDT 2025: Running scheduled reports
/Users/sim/Project2/scripts/../scripts/run-simple-scheduled-reports.sh: line 16: node: command not found
Fri Jun 20 18:41:01 CDT 2025: NextJS server is running. Running scheduled reports check...
/Users/sim/Project2/scripts/../scripts/run-scheduled-reports-cron.sh: line 25: node: command not found
[2025-06-20T23:41:19.681Z] [INFO] Checking for scheduled reports...
[2025-06-20T23:41:19.739Z] [INFO] Checking for scheduled reports...
[2025-06-20T23:41:20.269Z] [DEBUG] Connected to MongoDB
[2025-06-20T23:41:20.324Z] [DEBUG] Connected to MongoDB
[2025-06-20T23:41:20.335Z] [INFO] Found 1 company databases
[2025-06-20T23:41:20.336Z] [DEBUG] Processing company database: company_9jxwph8g
[2025-06-20T23:41:20.391Z] [INFO] Found 1 company databases
[2025-06-20T23:41:20.392Z] [DEBUG] Finding reports to execute in company_9jxwph8g (current time: 2025-06-20T23:41:20.392Z)
[2025-06-20T23:41:20.392Z] [DEBUG] Processing company database: company_9jxwph8g
[2025-06-20T23:41:20.448Z] [INFO] Found 0 reports to execute in company_9jxwph8g
[2025-06-20T23:41:20.449Z] [INFO] Scheduled reports check completed
[2025-06-20T23:41:20.449Z] [DEBUG] Finding reports to execute in company_9jxwph8g (current time: 2025-06-20T23:41:20.449Z)
[2025-06-20T23:41:20.451Z] [DEBUG] MongoDB connection closed
[2025-06-20T23:41:20.506Z] [INFO] Found 0 reports to execute in company_9jxwph8g
[2025-06-20T23:41:20.507Z] [INFO] Scheduled reports check completed
[2025-06-20T23:41:20.509Z] [DEBUG] MongoDB connection closed
[2025-06-20T23:41:49.682Z] [INFO] Checking for scheduled reports...
[2025-06-20T23:41:49.741Z] [INFO] Checking for scheduled reports...
[2025-06-20T23:41:51.675Z] [DEBUG] Connected to MongoDB
[2025-06-20T23:41:51.691Z] [DEBUG] Connected to MongoDB
[2025-06-20T23:41:51.742Z] [INFO] Found 1 company databases
[2025-06-20T23:41:51.743Z] [DEBUG] Processing company database: company_9jxwph8g
[2025-06-20T23:41:51.759Z] [INFO] Found 1 company databases
[2025-06-20T23:41:51.760Z] [DEBUG] Processing company database: company_9jxwph8g
[2025-06-20T23:41:51.801Z] [DEBUG] Finding reports to execute in company_9jxwph8g (current time: 2025-06-20T23:41:51.800Z)
[2025-06-20T23:41:51.819Z] [DEBUG] Finding reports to execute in company_9jxwph8g (current time: 2025-06-20T23:41:51.819Z)
[2025-06-20T23:41:51.873Z] [INFO] Found 0 reports to execute in company_9jxwph8g
[2025-06-20T23:41:51.873Z] [INFO] Scheduled reports check completed
[2025-06-20T23:41:51.875Z] [DEBUG] MongoDB connection closed
[2025-06-20T23:41:51.886Z] [INFO] Found 0 reports to execute in company_9jxwph8g
[2025-06-20T23:41:51.887Z] [INFO] Scheduled reports check completed
[2025-06-20T23:41:51.889Z] [DEBUG] MongoDB connection closed
Fri Jun 20 18:42:00 CDT 2025: Checking if NextJS server is running...
Fri Jun 20 18:42:00 CDT 2025: Running scheduled reports
/Users/sim/Project2/scripts/../scripts/run-simple-scheduled-reports.sh: line 16: node: command not found
Fri Jun 20 18:42:00 CDT 2025: NextJS server is running. Running scheduled reports check...
/Users/sim/Project2/scripts/../scripts/run-scheduled-reports-cron.sh: line 25: node: command not found
[2025-06-20T23:42:19.684Z] [INFO] Checking for scheduled reports...
[2025-06-20T23:42:19.742Z] [INFO] Checking for scheduled reports...
[2025-06-20T23:42:20.274Z] [DEBUG] Connected to MongoDB
[2025-06-20T23:42:20.335Z] [DEBUG] Connected to MongoDB
[2025-06-20T23:42:20.341Z] [INFO] Found 1 company databases
[2025-06-20T23:42:20.342Z] [DEBUG] Processing company database: company_9jxwph8g
[2025-06-20T23:42:20.399Z] [DEBUG] Finding reports to execute in company_9jxwph8g (current time: 2025-06-20T23:42:20.399Z)
[2025-06-20T23:42:20.405Z] [INFO] Found 1 company databases
[2025-06-20T23:42:20.405Z] [DEBUG] Processing company database: company_9jxwph8g
[2025-06-20T23:42:20.455Z] [INFO] Found 0 reports to execute in company_9jxwph8g
[2025-06-20T23:42:20.455Z] [INFO] Scheduled reports check completed
[2025-06-20T23:42:20.457Z] [DEBUG] MongoDB connection closed
[2025-06-20T23:42:20.465Z] [DEBUG] Finding reports to execute in company_9jxwph8g (current time: 2025-06-20T23:42:20.465Z)
[2025-06-20T23:42:20.521Z] [INFO] Found 0 reports to execute in company_9jxwph8g
[2025-06-20T23:42:20.521Z] [INFO] Scheduled reports check completed
[2025-06-20T23:42:20.523Z] [DEBUG] MongoDB connection closed
[2025-06-20T23:42:49.686Z] [INFO] Checking for scheduled reports...
[2025-06-20T23:42:49.743Z] [INFO] Checking for scheduled reports...
[2025-06-20T23:42:50.342Z] [DEBUG] Connected to MongoDB
[2025-06-20T23:42:50.365Z] [DEBUG] Connected to MongoDB
[2025-06-20T23:42:50.410Z] [INFO] Found 1 company databases
[2025-06-20T23:42:50.411Z] [DEBUG] Processing company database: company_9jxwph8g
[2025-06-20T23:42:50.432Z] [INFO] Found 1 company databases
[2025-06-20T23:42:50.433Z] [DEBUG] Processing company database: company_9jxwph8g
[2025-06-20T23:42:50.468Z] [DEBUG] Finding reports to execute in company_9jxwph8g (current time: 2025-06-20T23:42:50.468Z)
[2025-06-20T23:42:50.489Z] [DEBUG] Finding reports to execute in company_9jxwph8g (current time: 2025-06-20T23:42:50.489Z)
[2025-06-20T23:42:50.524Z] [INFO] Found 0 reports to execute in company_9jxwph8g
[2025-06-20T23:42:50.525Z] [INFO] Scheduled reports check completed
[2025-06-20T23:42:50.527Z] [DEBUG] MongoDB connection closed
[2025-06-20T23:42:50.544Z] [INFO] Found 0 reports to execute in company_9jxwph8g
[2025-06-20T23:42:50.545Z] [INFO] Scheduled reports check completed
[2025-06-20T23:42:50.547Z] [DEBUG] MongoDB connection closed
Fri Jun 20 18:43:00 CDT 2025: Running scheduled reports
Fri Jun 20 18:43:00 CDT 2025: Checking if NextJS server is running...
/Users/sim/Project2/scripts/../scripts/run-simple-scheduled-reports.sh: line 16: node: command not found
Fri Jun 20 18:43:00 CDT 2025: NextJS server is running. Running scheduled reports check...
/Users/sim/Project2/scripts/../scripts/run-scheduled-reports-cron.sh: line 25: node: command not found
[2025-06-20T23:43:19.688Z] [INFO] Checking for scheduled reports...
[2025-06-20T23:43:19.743Z] [INFO] Checking for scheduled reports...
[2025-06-20T23:43:20.844Z] [DEBUG] Connected to MongoDB
[2025-06-20T23:43:20.866Z] [DEBUG] Connected to MongoDB
[2025-06-20T23:43:20.911Z] [INFO] Found 1 company databases
[2025-06-20T23:43:20.911Z] [DEBUG] Processing company database: company_9jxwph8g
[2025-06-20T23:43:20.933Z] [INFO] Found 1 company databases
[2025-06-20T23:43:20.933Z] [DEBUG] Processing company database: company_9jxwph8g
[2025-06-20T23:43:20.967Z] [DEBUG] Finding reports to execute in company_9jxwph8g (current time: 2025-06-20T23:43:20.967Z)
[2025-06-20T23:43:20.990Z] [DEBUG] Finding reports to execute in company_9jxwph8g (current time: 2025-06-20T23:43:20.990Z)
[2025-06-20T23:43:21.022Z] [INFO] Found 0 reports to execute in company_9jxwph8g
[2025-06-20T23:43:21.022Z] [INFO] Scheduled reports check completed
[2025-06-20T23:43:21.024Z] [DEBUG] MongoDB connection closed
[2025-06-20T23:43:21.045Z] [INFO] Found 0 reports to execute in company_9jxwph8g
[2025-06-20T23:43:21.046Z] [INFO] Scheduled reports check completed
[2025-06-20T23:43:21.047Z] [DEBUG] MongoDB connection closed
[2025-06-20T23:43:49.690Z] [INFO] Checking for scheduled reports...
[2025-06-20T23:43:49.745Z] [INFO] Checking for scheduled reports...
[2025-06-20T23:43:50.355Z] [DEBUG] Connected to MongoDB
[2025-06-20T23:43:50.389Z] [DEBUG] Connected to MongoDB
[2025-06-20T23:43:50.424Z] [INFO] Found 1 company databases
[2025-06-20T23:43:50.424Z] [DEBUG] Processing company database: company_9jxwph8g
[2025-06-20T23:43:50.456Z] [INFO] Found 1 company databases
[2025-06-20T23:43:50.457Z] [DEBUG] Processing company database: company_9jxwph8g
[2025-06-20T23:43:50.481Z] [DEBUG] Finding reports to execute in company_9jxwph8g (current time: 2025-06-20T23:43:50.481Z)
[2025-06-20T23:43:50.513Z] [DEBUG] Finding reports to execute in company_9jxwph8g (current time: 2025-06-20T23:43:50.513Z)
[2025-06-20T23:43:50.537Z] [INFO] Found 0 reports to execute in company_9jxwph8g
[2025-06-20T23:43:50.538Z] [INFO] Scheduled reports check completed
[2025-06-20T23:43:50.540Z] [DEBUG] MongoDB connection closed
[2025-06-20T23:43:50.569Z] [INFO] Found 0 reports to execute in company_9jxwph8g
[2025-06-20T23:43:50.570Z] [INFO] Scheduled reports check completed
[2025-06-20T23:43:50.572Z] [DEBUG] MongoDB connection closed
Fri Jun 20 18:44:00 CDT 2025: Running scheduled reports
Fri Jun 20 18:44:00 CDT 2025: Checking if NextJS server is running...
/Users/sim/Project2/scripts/../scripts/run-simple-scheduled-reports.sh: line 16: node: command not found
Fri Jun 20 18:44:00 CDT 2025: NextJS server is running. Running scheduled reports check...
/Users/sim/Project2/scripts/../scripts/run-scheduled-reports-cron.sh: line 25: node: command not found
[2025-06-20T23:44:19.692Z] [INFO] Checking for scheduled reports...
[2025-06-20T23:44:19.747Z] [INFO] Checking for scheduled reports...
[2025-06-20T23:44:20.291Z] [DEBUG] Connected to MongoDB
[2025-06-20T23:44:20.334Z] [DEBUG] Connected to MongoDB
[2025-06-20T23:44:20.359Z] [INFO] Found 1 company databases
[2025-06-20T23:44:20.359Z] [DEBUG] Processing company database: company_9jxwph8g
[2025-06-20T23:44:20.401Z] [INFO] Found 1 company databases
[2025-06-20T23:44:20.402Z] [DEBUG] Processing company database: company_9jxwph8g
[2025-06-20T23:44:20.415Z] [DEBUG] Finding reports to execute in company_9jxwph8g (current time: 2025-06-20T23:44:20.415Z)
[2025-06-20T23:44:20.458Z] [DEBUG] Finding reports to execute in company_9jxwph8g (current time: 2025-06-20T23:44:20.458Z)
[2025-06-20T23:44:20.471Z] [INFO] Found 0 reports to execute in company_9jxwph8g
[2025-06-20T23:44:20.472Z] [INFO] Scheduled reports check completed
[2025-06-20T23:44:20.474Z] [DEBUG] MongoDB connection closed
[2025-06-20T23:44:20.514Z] [INFO] Found 0 reports to execute in company_9jxwph8g
[2025-06-20T23:44:20.515Z] [INFO] Scheduled reports check completed
[2025-06-20T23:44:20.517Z] [DEBUG] MongoDB connection closed
[2025-06-20T23:44:49.692Z] [INFO] Checking for scheduled reports...
[2025-06-20T23:44:49.749Z] [INFO] Checking for scheduled reports...
[2025-06-20T23:44:50.400Z] [DEBUG] Connected to MongoDB
[2025-06-20T23:44:50.419Z] [DEBUG] Connected to MongoDB
[2025-06-20T23:44:50.465Z] [INFO] Found 1 company databases
[2025-06-20T23:44:50.466Z] [DEBUG] Processing company database: company_9jxwph8g
[2025-06-20T23:44:50.485Z] [INFO] Found 1 company databases
[2025-06-20T23:44:50.486Z] [DEBUG] Processing company database: company_9jxwph8g
[2025-06-20T23:44:50.522Z] [DEBUG] Finding reports to execute in company_9jxwph8g (current time: 2025-06-20T23:44:50.522Z)
[2025-06-20T23:44:50.543Z] [DEBUG] Finding reports to execute in company_9jxwph8g (current time: 2025-06-20T23:44:50.543Z)
[2025-06-20T23:44:50.578Z] [INFO] Found 0 reports to execute in company_9jxwph8g
[2025-06-20T23:44:50.578Z] [INFO] Scheduled reports check completed
[2025-06-20T23:44:50.580Z] [DEBUG] MongoDB connection closed
[2025-06-20T23:44:50.600Z] [INFO] Found 0 reports to execute in company_9jxwph8g
[2025-06-20T23:44:50.600Z] [INFO] Scheduled reports check completed
[2025-06-20T23:44:50.603Z] [DEBUG] MongoDB connection closed
Fri Jun 20 18:45:01 CDT 2025: Checking if NextJS server is running...
Fri Jun 20 18:45:01 CDT 2025: Running scheduled reports
/Users/sim/Project2/scripts/../scripts/run-simple-scheduled-reports.sh: line 16: node: command not found
Fri Jun 20 18:45:01 CDT 2025: NextJS server is running. Running scheduled reports check...
/Users/sim/Project2/scripts/../scripts/run-scheduled-reports-cron.sh: line 25: node: command not found
[2025-06-20T23:45:19.692Z] [INFO] Checking for scheduled reports...
[2025-06-20T23:45:19.751Z] [INFO] Checking for scheduled reports...
[2025-06-20T23:45:20.280Z] [DEBUG] Connected to MongoDB
[2025-06-20T23:45:20.338Z] [DEBUG] Connected to MongoDB
[2025-06-20T23:45:20.351Z] [INFO] Found 1 company databases
[2025-06-20T23:45:20.352Z] [DEBUG] Processing company database: company_9jxwph8g
[2025-06-20T23:45:20.406Z] [INFO] Found 1 company databases
[2025-06-20T23:45:20.406Z] [DEBUG] Processing company database: company_9jxwph8g
[2025-06-20T23:45:20.408Z] [DEBUG] Finding reports to execute in company_9jxwph8g (current time: 2025-06-20T23:45:20.408Z)
[2025-06-20T23:45:20.464Z] [INFO] Found 0 reports to execute in company_9jxwph8g
[2025-06-20T23:45:20.465Z] [INFO] Scheduled reports check completed
[2025-06-20T23:45:20.465Z] [DEBUG] Finding reports to execute in company_9jxwph8g (current time: 2025-06-20T23:45:20.465Z)
[2025-06-20T23:45:20.466Z] [DEBUG] MongoDB connection closed
[2025-06-20T23:45:20.521Z] [INFO] Found 0 reports to execute in company_9jxwph8g
[2025-06-20T23:45:20.522Z] [INFO] Scheduled reports check completed
[2025-06-20T23:45:20.524Z] [DEBUG] MongoDB connection closed
[2025-06-20T23:45:49.692Z] [INFO] Checking for scheduled reports...
[2025-06-20T23:45:49.753Z] [INFO] Checking for scheduled reports...
[2025-06-20T23:45:50.370Z] [DEBUG] Connected to MongoDB
[2025-06-20T23:45:50.408Z] [DEBUG] Connected to MongoDB
[2025-06-20T23:45:50.439Z] [INFO] Found 1 company databases
[2025-06-20T23:45:50.440Z] [DEBUG] Processing company database: company_9jxwph8g
[2025-06-20T23:45:50.476Z] [INFO] Found 1 company databases
[2025-06-20T23:45:50.477Z] [DEBUG] Processing company database: company_9jxwph8g
[2025-06-20T23:45:50.497Z] [DEBUG] Finding reports to execute in company_9jxwph8g (current time: 2025-06-20T23:45:50.497Z)
[2025-06-20T23:45:50.533Z] [DEBUG] Finding reports to execute in company_9jxwph8g (current time: 2025-06-20T23:45:50.533Z)
[2025-06-20T23:45:50.555Z] [INFO] Found 0 reports to execute in company_9jxwph8g
[2025-06-20T23:45:50.556Z] [INFO] Scheduled reports check completed
[2025-06-20T23:45:50.558Z] [DEBUG] MongoDB connection closed
[2025-06-20T23:45:50.590Z] [INFO] Found 0 reports to execute in company_9jxwph8g
[2025-06-20T23:45:50.590Z] [INFO] Scheduled reports check completed
[2025-06-20T23:45:50.592Z] [DEBUG] MongoDB connection closed
Fri Jun 20 18:46:00 CDT 2025: Running scheduled reports
Fri Jun 20 18:46:00 CDT 2025: Checking if NextJS server is running...
/Users/sim/Project2/scripts/../scripts/run-simple-scheduled-reports.sh: line 16: node: command not found
Fri Jun 20 18:46:00 CDT 2025: NextJS server is running. Running scheduled reports check...
/Users/sim/Project2/scripts/../scripts/run-scheduled-reports-cron.sh: line 25: node: command not found
[2025-06-20T23:46:19.694Z] [INFO] Checking for scheduled reports...
[2025-06-20T23:46:19.754Z] [INFO] Checking for scheduled reports...
[2025-06-20T23:46:20.333Z] [DEBUG] Connected to MongoDB
[2025-06-20T23:46:20.348Z] [DEBUG] Connected to MongoDB
[2025-06-20T23:46:20.415Z] [INFO] Found 1 company databases
[2025-06-20T23:46:20.416Z] [DEBUG] Processing company database: company_9jxwph8g
[2025-06-20T23:46:20.427Z] [INFO] Found 1 company databases
[2025-06-20T23:46:20.427Z] [DEBUG] Processing company database: company_9jxwph8g
[2025-06-20T23:46:20.473Z] [DEBUG] Finding reports to execute in company_9jxwph8g (current time: 2025-06-20T23:46:20.473Z)
[2025-06-20T23:46:20.486Z] [DEBUG] Finding reports to execute in company_9jxwph8g (current time: 2025-06-20T23:46:20.486Z)
[2025-06-20T23:46:20.529Z] [INFO] Found 0 reports to execute in company_9jxwph8g
[2025-06-20T23:46:20.529Z] [INFO] Scheduled reports check completed
[2025-06-20T23:46:20.531Z] [DEBUG] MongoDB connection closed
[2025-06-20T23:46:20.542Z] [INFO] Found 0 reports to execute in company_9jxwph8g
[2025-06-20T23:46:20.543Z] [INFO] Scheduled reports check completed
[2025-06-20T23:46:20.545Z] [DEBUG] MongoDB connection closed
[2025-06-20T23:46:49.696Z] [INFO] Checking for scheduled reports...
[2025-06-20T23:46:49.756Z] [INFO] Checking for scheduled reports...
[2025-06-20T23:46:50.623Z] [DEBUG] Connected to MongoDB
[2025-06-20T23:46:50.651Z] [DEBUG] Connected to MongoDB
[2025-06-20T23:46:50.702Z] [INFO] Found 1 company databases
[2025-06-20T23:46:50.702Z] [DEBUG] Processing company database: company_9jxwph8g
[2025-06-20T23:46:50.756Z] [INFO] Found 1 company databases
[2025-06-20T23:46:50.757Z] [DEBUG] Processing company database: company_9jxwph8g
[2025-06-20T23:46:50.793Z] [DEBUG] Finding reports to execute in company_9jxwph8g (current time: 2025-06-20T23:46:50.793Z)
[2025-06-20T23:46:50.828Z] [DEBUG] Finding reports to execute in company_9jxwph8g (current time: 2025-06-20T23:46:50.828Z)
[2025-06-20T23:46:50.855Z] [INFO] Found 0 reports to execute in company_9jxwph8g
[2025-06-20T23:46:50.855Z] [INFO] Scheduled reports check completed
[2025-06-20T23:46:50.857Z] [DEBUG] MongoDB connection closed
[2025-06-20T23:46:50.907Z] [INFO] Found 0 reports to execute in company_9jxwph8g
[2025-06-20T23:46:50.907Z] [INFO] Scheduled reports check completed
[2025-06-20T23:46:50.909Z] [DEBUG] MongoDB connection closed
Fri Jun 20 18:47:00 CDT 2025: Checking if NextJS server is running...
Fri Jun 20 18:47:00 CDT 2025: Running scheduled reports
/Users/sim/Project2/scripts/../scripts/run-simple-scheduled-reports.sh: line 16: node: command not found
Fri Jun 20 18:47:00 CDT 2025: NextJS server is running. Running scheduled reports check...
/Users/sim/Project2/scripts/../scripts/run-scheduled-reports-cron.sh: line 25: node: command not found
[2025-06-20T23:47:19.698Z] [INFO] Checking for scheduled reports...
[2025-06-20T23:47:19.756Z] [INFO] Checking for scheduled reports...
[2025-06-20T23:47:20.296Z] [DEBUG] Connected to MongoDB
[2025-06-20T23:47:20.353Z] [DEBUG] Connected to MongoDB
[2025-06-20T23:47:20.363Z] [INFO] Found 1 company databases
[2025-06-20T23:47:20.363Z] [DEBUG] Processing company database: company_9jxwph8g
[2025-06-20T23:47:20.419Z] [DEBUG] Finding reports to execute in company_9jxwph8g (current time: 2025-06-20T23:47:20.419Z)
[2025-06-20T23:47:20.421Z] [INFO] Found 1 company databases
[2025-06-20T23:47:20.422Z] [DEBUG] Processing company database: company_9jxwph8g
[2025-06-20T23:47:20.476Z] [INFO] Found 0 reports to execute in company_9jxwph8g
[2025-06-20T23:47:20.476Z] [INFO] Scheduled reports check completed
[2025-06-20T23:47:20.478Z] [DEBUG] Finding reports to execute in company_9jxwph8g (current time: 2025-06-20T23:47:20.478Z)
[2025-06-20T23:47:20.479Z] [DEBUG] MongoDB connection closed
[2025-06-20T23:47:20.537Z] [INFO] Found 0 reports to execute in company_9jxwph8g
[2025-06-20T23:47:20.537Z] [INFO] Scheduled reports check completed
[2025-06-20T23:47:20.540Z] [DEBUG] MongoDB connection closed
[2025-06-20T23:47:49.699Z] [INFO] Checking for scheduled reports...
[2025-06-20T23:47:49.757Z] [INFO] Checking for scheduled reports...
[2025-06-20T23:47:50.441Z] [DEBUG] Connected to MongoDB
[2025-06-20T23:47:50.441Z] [DEBUG] Connected to MongoDB
[2025-06-20T23:47:50.508Z] [INFO] Found 1 company databases
[2025-06-20T23:47:50.509Z] [INFO] Found 1 company databases
[2025-06-20T23:47:50.509Z] [DEBUG] Processing company database: company_9jxwph8g
[2025-06-20T23:47:50.510Z] [DEBUG] Processing company database: company_9jxwph8g
[2025-06-20T23:47:50.565Z] [DEBUG] Finding reports to execute in company_9jxwph8g (current time: 2025-06-20T23:47:50.565Z)
[2025-06-20T23:47:50.567Z] [DEBUG] Finding reports to execute in company_9jxwph8g (current time: 2025-06-20T23:47:50.567Z)
[2025-06-20T23:47:50.622Z] [INFO] Found 0 reports to execute in company_9jxwph8g
[2025-06-20T23:47:50.623Z] [INFO] Scheduled reports check completed
[2025-06-20T23:47:50.624Z] [INFO] Found 0 reports to execute in company_9jxwph8g
[2025-06-20T23:47:50.625Z] [INFO] Scheduled reports check completed
[2025-06-20T23:47:50.625Z] [DEBUG] MongoDB connection closed
[2025-06-20T23:47:50.627Z] [DEBUG] MongoDB connection closed
Fri Jun 20 18:48:00 CDT 2025: Running scheduled reports
Fri Jun 20 18:48:00 CDT 2025: Checking if NextJS server is running...
/Users/sim/Project2/scripts/../scripts/run-simple-scheduled-reports.sh: line 16: node: command not found
Fri Jun 20 18:48:00 CDT 2025: NextJS server is running. Running scheduled reports check...
/Users/sim/Project2/scripts/../scripts/run-scheduled-reports-cron.sh: line 25: node: command not found
[2025-06-20T23:48:19.700Z] [INFO] Checking for scheduled reports...
[2025-06-20T23:48:19.758Z] [INFO] Checking for scheduled reports...
[2025-06-20T23:48:20.286Z] [DEBUG] Connected to MongoDB
[2025-06-20T23:48:20.347Z] [DEBUG] Connected to MongoDB
[2025-06-20T23:48:20.356Z] [INFO] Found 1 company databases
[2025-06-20T23:48:20.357Z] [DEBUG] Processing company database: company_9jxwph8g
[2025-06-20T23:48:20.413Z] [DEBUG] Finding reports to execute in company_9jxwph8g (current time: 2025-06-20T23:48:20.413Z)
[2025-06-20T23:48:20.415Z] [INFO] Found 1 company databases
[2025-06-20T23:48:20.415Z] [DEBUG] Processing company database: company_9jxwph8g
[2025-06-20T23:48:20.471Z] [INFO] Found 0 reports to execute in company_9jxwph8g
[2025-06-20T23:48:20.472Z] [INFO] Scheduled reports check completed
[2025-06-20T23:48:20.472Z] [DEBUG] Finding reports to execute in company_9jxwph8g (current time: 2025-06-20T23:48:20.472Z)
[2025-06-20T23:48:20.474Z] [DEBUG] MongoDB connection closed
[2025-06-20T23:48:20.528Z] [INFO] Found 0 reports to execute in company_9jxwph8g
[2025-06-20T23:48:20.529Z] [INFO] Scheduled reports check completed
[2025-06-20T23:48:20.531Z] [DEBUG] MongoDB connection closed
[2025-06-20T23:48:49.702Z] [INFO] Checking for scheduled reports...
[2025-06-20T23:48:49.760Z] [INFO] Checking for scheduled reports...
[2025-06-20T23:48:50.371Z] [DEBUG] Connected to MongoDB
[2025-06-20T23:48:50.395Z] [DEBUG] Connected to MongoDB
[2025-06-20T23:48:50.439Z] [INFO] Found 1 company databases
[2025-06-20T23:48:50.439Z] [DEBUG] Processing company database: company_9jxwph8g
[2025-06-20T23:48:50.462Z] [INFO] Found 1 company databases
[2025-06-20T23:48:50.462Z] [DEBUG] Processing company database: company_9jxwph8g
[2025-06-20T23:48:50.496Z] [DEBUG] Finding reports to execute in company_9jxwph8g (current time: 2025-06-20T23:48:50.496Z)
[2025-06-20T23:48:50.520Z] [DEBUG] Finding reports to execute in company_9jxwph8g (current time: 2025-06-20T23:48:50.520Z)
[2025-06-20T23:48:50.552Z] [INFO] Found 0 reports to execute in company_9jxwph8g
[2025-06-20T23:48:50.553Z] [INFO] Scheduled reports check completed
[2025-06-20T23:48:50.555Z] [DEBUG] MongoDB connection closed
[2025-06-20T23:48:50.576Z] [INFO] Found 0 reports to execute in company_9jxwph8g
[2025-06-20T23:48:50.576Z] [INFO] Scheduled reports check completed
[2025-06-20T23:48:50.578Z] [DEBUG] MongoDB connection closed
Fri Jun 20 18:49:00 CDT 2025: Checking if NextJS server is running...
Fri Jun 20 18:49:00 CDT 2025: Running scheduled reports
/Users/sim/Project2/scripts/../scripts/run-simple-scheduled-reports.sh: line 16: node: command not found
Fri Jun 20 18:49:01 CDT 2025: NextJS server is running. Running scheduled reports check...
/Users/sim/Project2/scripts/../scripts/run-scheduled-reports-cron.sh: line 25: node: command not found
[2025-06-20T23:49:19.703Z] [INFO] Checking for scheduled reports...
[2025-06-20T23:49:19.762Z] [INFO] Checking for scheduled reports...
[2025-06-20T23:49:20.379Z] [DEBUG] Connected to MongoDB
[2025-06-20T23:49:20.387Z] [DEBUG] Connected to MongoDB
[2025-06-20T23:49:20.446Z] [INFO] Found 1 company databases
[2025-06-20T23:49:20.447Z] [DEBUG] Processing company database: company_9jxwph8g
[2025-06-20T23:49:20.454Z] [INFO] Found 1 company databases
[2025-06-20T23:49:20.454Z] [DEBUG] Processing company database: company_9jxwph8g
[2025-06-20T23:49:20.504Z] [DEBUG] Finding reports to execute in company_9jxwph8g (current time: 2025-06-20T23:49:20.504Z)
[2025-06-20T23:49:20.510Z] [DEBUG] Finding reports to execute in company_9jxwph8g (current time: 2025-06-20T23:49:20.510Z)
[2025-06-20T23:49:20.559Z] [INFO] Found 0 reports to execute in company_9jxwph8g
[2025-06-20T23:49:20.560Z] [INFO] Scheduled reports check completed
[2025-06-20T23:49:20.561Z] [DEBUG] MongoDB connection closed
[2025-06-20T23:49:20.565Z] [INFO] Found 0 reports to execute in company_9jxwph8g
[2025-06-20T23:49:20.566Z] [INFO] Scheduled reports check completed
[2025-06-20T23:49:20.566Z] [DEBUG] MongoDB connection closed
[2025-06-20T23:49:49.703Z] [INFO] Checking for scheduled reports...
[2025-06-20T23:49:49.764Z] [INFO] Checking for scheduled reports...
[2025-06-20T23:49:50.362Z] [DEBUG] Connected to MongoDB
[2025-06-20T23:49:50.380Z] [DEBUG] Connected to MongoDB
[2025-06-20T23:49:50.429Z] [INFO] Found 1 company databases
[2025-06-20T23:49:50.429Z] [DEBUG] Processing company database: company_9jxwph8g
[2025-06-20T23:49:50.447Z] [INFO] Found 1 company databases
[2025-06-20T23:49:50.448Z] [DEBUG] Processing company database: company_9jxwph8g
[2025-06-20T23:49:50.487Z] [DEBUG] Finding reports to execute in company_9jxwph8g (current time: 2025-06-20T23:49:50.487Z)
[2025-06-20T23:49:50.505Z] [DEBUG] Finding reports to execute in company_9jxwph8g (current time: 2025-06-20T23:49:50.505Z)
[2025-06-20T23:49:50.543Z] [INFO] Found 0 reports to execute in company_9jxwph8g
[2025-06-20T23:49:50.544Z] [INFO] Scheduled reports check completed
[2025-06-20T23:49:50.548Z] [DEBUG] MongoDB connection closed
[2025-06-20T23:49:50.561Z] [INFO] Found 0 reports to execute in company_9jxwph8g
[2025-06-20T23:49:50.561Z] [INFO] Scheduled reports check completed
[2025-06-20T23:49:50.564Z] [DEBUG] MongoDB connection closed
Fri Jun 20 18:50:00 CDT 2025: Running scheduled reports
Fri Jun 20 18:50:00 CDT 2025: Checking if NextJS server is running...
/Users/sim/Project2/scripts/../scripts/run-simple-scheduled-reports.sh: line 16: node: command not found
Fri Jun 20 18:50:00 CDT 2025: NextJS server is running. Running scheduled reports check...
/Users/sim/Project2/scripts/../scripts/run-scheduled-reports-cron.sh: line 25: node: command not found
[2025-06-20T23:50:19.702Z] [INFO] Checking for scheduled reports...
[2025-06-20T23:50:19.766Z] [INFO] Checking for scheduled reports...
[2025-06-20T23:50:20.296Z] [DEBUG] Connected to MongoDB
[2025-06-20T23:50:20.367Z] [DEBUG] Connected to MongoDB
[2025-06-20T23:50:20.367Z] [INFO] Found 1 company databases
[2025-06-20T23:50:20.367Z] [DEBUG] Processing company database: company_9jxwph8g
[2025-06-20T23:50:20.424Z] [DEBUG] Finding reports to execute in company_9jxwph8g (current time: 2025-06-20T23:50:20.424Z)
[2025-06-20T23:50:20.435Z] [INFO] Found 1 company databases
[2025-06-20T23:50:20.436Z] [DEBUG] Processing company database: company_9jxwph8g
[2025-06-20T23:50:20.481Z] [INFO] Found 0 reports to execute in company_9jxwph8g
[2025-06-20T23:50:20.482Z] [INFO] Scheduled reports check completed
[2025-06-20T23:50:20.485Z] [DEBUG] MongoDB connection closed
[2025-06-20T23:50:20.492Z] [DEBUG] Finding reports to execute in company_9jxwph8g (current time: 2025-06-20T23:50:20.492Z)
[2025-06-20T23:50:20.549Z] [INFO] Found 0 reports to execute in company_9jxwph8g
[2025-06-20T23:50:20.549Z] [INFO] Scheduled reports check completed
[2025-06-20T23:50:20.552Z] [DEBUG] MongoDB connection closed
[2025-06-20T23:50:49.705Z] [INFO] Checking for scheduled reports...
[2025-06-20T23:50:49.769Z] [INFO] Checking for scheduled reports...
[2025-06-20T23:50:50.451Z] [DEBUG] Connected to MongoDB
[2025-06-20T23:50:50.478Z] [DEBUG] Connected to MongoDB
[2025-06-20T23:50:50.519Z] [INFO] Found 1 company databases
[2025-06-20T23:50:50.519Z] [DEBUG] Processing company database: company_9jxwph8g
[2025-06-20T23:50:50.545Z] [INFO] Found 1 company databases
[2025-06-20T23:50:50.545Z] [DEBUG] Processing company database: company_9jxwph8g
[2025-06-20T23:50:50.575Z] [DEBUG] Finding reports to execute in company_9jxwph8g (current time: 2025-06-20T23:50:50.575Z)
[2025-06-20T23:50:50.602Z] [DEBUG] Finding reports to execute in company_9jxwph8g (current time: 2025-06-20T23:50:50.602Z)
[2025-06-20T23:50:50.631Z] [INFO] Found 0 reports to execute in company_9jxwph8g
[2025-06-20T23:50:50.632Z] [INFO] Scheduled reports check completed
[2025-06-20T23:50:50.634Z] [DEBUG] MongoDB connection closed
[2025-06-20T23:50:50.658Z] [INFO] Found 0 reports to execute in company_9jxwph8g
[2025-06-20T23:50:50.659Z] [INFO] Scheduled reports check completed
[2025-06-20T23:50:50.661Z] [DEBUG] MongoDB connection closed
Fri Jun 20 18:51:00 CDT 2025: Running scheduled reports
Fri Jun 20 18:51:00 CDT 2025: Checking if NextJS server is running...
/Users/sim/Project2/scripts/../scripts/run-simple-scheduled-reports.sh: line 16: node: command not found
Fri Jun 20 18:51:00 CDT 2025: NextJS server is running. Running scheduled reports check...
/Users/sim/Project2/scripts/../scripts/run-scheduled-reports-cron.sh: line 25: node: command not found
[2025-06-20T23:51:19.705Z] [INFO] Checking for scheduled reports...
[2025-06-20T23:51:19.769Z] [INFO] Checking for scheduled reports...
[2025-06-20T23:51:20.291Z] [DEBUG] Connected to MongoDB
[2025-06-20T23:51:20.362Z] [DEBUG] Connected to MongoDB
[2025-06-20T23:51:20.362Z] [INFO] Found 1 company databases
[2025-06-20T23:51:20.364Z] [DEBUG] Processing company database: company_9jxwph8g
[2025-06-20T23:51:20.422Z] [DEBUG] Finding reports to execute in company_9jxwph8g (current time: 2025-06-20T23:51:20.422Z)
[2025-06-20T23:51:20.432Z] [INFO] Found 1 company databases
[2025-06-20T23:51:20.433Z] [DEBUG] Processing company database: company_9jxwph8g
[2025-06-20T23:51:20.478Z] [INFO] Found 0 reports to execute in company_9jxwph8g
[2025-06-20T23:51:20.479Z] [INFO] Scheduled reports check completed
[2025-06-20T23:51:20.482Z] [DEBUG] MongoDB connection closed
[2025-06-20T23:51:20.491Z] [DEBUG] Finding reports to execute in company_9jxwph8g (current time: 2025-06-20T23:51:20.491Z)
[2025-06-20T23:51:20.547Z] [INFO] Found 0 reports to execute in company_9jxwph8g
[2025-06-20T23:51:20.547Z] [INFO] Scheduled reports check completed
[2025-06-20T23:51:20.550Z] [DEBUG] MongoDB connection closed
[2025-06-20T23:51:49.706Z] [INFO] Checking for scheduled reports...
[2025-06-20T23:51:49.771Z] [INFO] Checking for scheduled reports...
[2025-06-20T23:51:50.409Z] [DEBUG] Connected to MongoDB
[2025-06-20T23:51:50.419Z] [DEBUG] Connected to MongoDB
[2025-06-20T23:51:50.476Z] [INFO] Found 1 company databases
[2025-06-20T23:51:50.476Z] [DEBUG] Processing company database: company_9jxwph8g
[2025-06-20T23:51:50.485Z] [INFO] Found 1 company databases
[2025-06-20T23:51:50.486Z] [DEBUG] Processing company database: company_9jxwph8g
[2025-06-20T23:51:50.534Z] [DEBUG] Finding reports to execute in company_9jxwph8g (current time: 2025-06-20T23:51:50.534Z)
[2025-06-20T23:51:50.541Z] [DEBUG] Finding reports to execute in company_9jxwph8g (current time: 2025-06-20T23:51:50.541Z)
[2025-06-20T23:51:50.590Z] [INFO] Found 0 reports to execute in company_9jxwph8g
[2025-06-20T23:51:50.591Z] [INFO] Scheduled reports check completed
[2025-06-20T23:51:50.594Z] [DEBUG] MongoDB connection closed
[2025-06-20T23:51:50.597Z] [INFO] Found 0 reports to execute in company_9jxwph8g
[2025-06-20T23:51:50.598Z] [INFO] Scheduled reports check completed
[2025-06-20T23:51:50.601Z] [DEBUG] MongoDB connection closed
Fri Jun 20 18:52:00 CDT 2025: Running scheduled reports
Fri Jun 20 18:52:00 CDT 2025: Checking if NextJS server is running...
/Users/sim/Project2/scripts/../scripts/run-simple-scheduled-reports.sh: line 16: node: command not found
Fri Jun 20 18:52:00 CDT 2025: NextJS server is running. Running scheduled reports check...
/Users/sim/Project2/scripts/../scripts/run-scheduled-reports-cron.sh: line 25: node: command not found
[2025-06-20T23:52:19.708Z] [INFO] Checking for scheduled reports...
[2025-06-20T23:52:19.771Z] [INFO] Checking for scheduled reports...
[2025-06-20T23:52:20.356Z] [DEBUG] Connected to MongoDB
[2025-06-20T23:52:20.373Z] [DEBUG] Connected to MongoDB
[2025-06-20T23:52:20.424Z] [INFO] Found 1 company databases
[2025-06-20T23:52:20.425Z] [DEBUG] Processing company database: company_9jxwph8g
[2025-06-20T23:52:20.440Z] [INFO] Found 1 company databases
[2025-06-20T23:52:20.441Z] [DEBUG] Processing company database: company_9jxwph8g
[2025-06-20T23:52:20.482Z] [DEBUG] Finding reports to execute in company_9jxwph8g (current time: 2025-06-20T23:52:20.482Z)
[2025-06-20T23:52:20.498Z] [DEBUG] Finding reports to execute in company_9jxwph8g (current time: 2025-06-20T23:52:20.498Z)
[2025-06-20T23:52:20.539Z] [INFO] Found 0 reports to execute in company_9jxwph8g
[2025-06-20T23:52:20.539Z] [INFO] Scheduled reports check completed
[2025-06-20T23:52:20.542Z] [DEBUG] MongoDB connection closed
[2025-06-20T23:52:20.556Z] [INFO] Found 0 reports to execute in company_9jxwph8g
[2025-06-20T23:52:20.557Z] [INFO] Scheduled reports check completed
[2025-06-20T23:52:20.560Z] [DEBUG] MongoDB connection closed
[2025-06-20T23:52:49.708Z] [INFO] Checking for scheduled reports...
[2025-06-20T23:52:49.771Z] [INFO] Checking for scheduled reports...
[2025-06-20T23:52:50.389Z] [DEBUG] Connected to MongoDB
[2025-06-20T23:52:50.410Z] [DEBUG] Connected to MongoDB
[2025-06-20T23:52:50.457Z] [INFO] Found 1 company databases
[2025-06-20T23:52:50.458Z] [DEBUG] Processing company database: company_9jxwph8g
[2025-06-20T23:52:50.478Z] [INFO] Found 1 company databases
[2025-06-20T23:52:50.478Z] [DEBUG] Processing company database: company_9jxwph8g
[2025-06-20T23:52:50.515Z] [DEBUG] Finding reports to execute in company_9jxwph8g (current time: 2025-06-20T23:52:50.515Z)
[2025-06-20T23:52:50.536Z] [DEBUG] Finding reports to execute in company_9jxwph8g (current time: 2025-06-20T23:52:50.536Z)
[2025-06-20T23:52:50.574Z] [INFO] Found 0 reports to execute in company_9jxwph8g
[2025-06-20T23:52:50.575Z] [INFO] Scheduled reports check completed
[2025-06-20T23:52:50.577Z] [DEBUG] MongoDB connection closed
[2025-06-20T23:52:50.593Z] [INFO] Found 0 reports to execute in company_9jxwph8g
[2025-06-20T23:52:50.594Z] [INFO] Scheduled reports check completed
[2025-06-20T23:52:50.596Z] [DEBUG] MongoDB connection closed
Fri Jun 20 18:53:00 CDT 2025: Running scheduled reports
Fri Jun 20 18:53:00 CDT 2025: Checking if NextJS server is running...
/Users/sim/Project2/scripts/../scripts/run-simple-scheduled-reports.sh: line 16: node: command not found
Fri Jun 20 18:53:01 CDT 2025: NextJS server is running. Running scheduled reports check...
/Users/sim/Project2/scripts/../scripts/run-scheduled-reports-cron.sh: line 25: node: command not found
[2025-06-20T23:53:19.708Z] [INFO] Checking for scheduled reports...
[2025-06-20T23:53:19.770Z] [INFO] Checking for scheduled reports...
[2025-06-20T23:53:20.307Z] [DEBUG] Connected to MongoDB
[2025-06-20T23:53:20.357Z] [DEBUG] Connected to MongoDB
[2025-06-20T23:53:20.376Z] [INFO] Found 1 company databases
[2025-06-20T23:53:20.376Z] [DEBUG] Processing company database: company_9jxwph8g
[2025-06-20T23:53:20.424Z] [INFO] Found 1 company databases
[2025-06-20T23:53:20.425Z] [DEBUG] Processing company database: company_9jxwph8g
[2025-06-20T23:53:20.434Z] [DEBUG] Finding reports to execute in company_9jxwph8g (current time: 2025-06-20T23:53:20.434Z)
[2025-06-20T23:53:20.485Z] [DEBUG] Finding reports to execute in company_9jxwph8g (current time: 2025-06-20T23:53:20.485Z)
[2025-06-20T23:53:20.491Z] [INFO] Found 0 reports to execute in company_9jxwph8g
[2025-06-20T23:53:20.491Z] [INFO] Scheduled reports check completed
[2025-06-20T23:53:20.493Z] [DEBUG] MongoDB connection closed
[2025-06-20T23:53:20.541Z] [INFO] Found 0 reports to execute in company_9jxwph8g
[2025-06-20T23:53:20.542Z] [INFO] Scheduled reports check completed
[2025-06-20T23:53:20.544Z] [DEBUG] MongoDB connection closed
[2025-06-20T23:53:49.708Z] [INFO] Checking for scheduled reports...
[2025-06-20T23:53:49.770Z] [INFO] Checking for scheduled reports...
[2025-06-20T23:53:50.431Z] [DEBUG] Connected to MongoDB
[2025-06-20T23:53:50.435Z] [DEBUG] Connected to MongoDB
[2025-06-20T23:53:50.498Z] [INFO] Found 1 company databases
[2025-06-20T23:53:50.498Z] [DEBUG] Processing company database: company_9jxwph8g
[2025-06-20T23:53:50.502Z] [INFO] Found 1 company databases
[2025-06-20T23:53:50.503Z] [DEBUG] Processing company database: company_9jxwph8g
[2025-06-20T23:53:50.555Z] [DEBUG] Finding reports to execute in company_9jxwph8g (current time: 2025-06-20T23:53:50.555Z)
[2025-06-20T23:53:50.559Z] [DEBUG] Finding reports to execute in company_9jxwph8g (current time: 2025-06-20T23:53:50.559Z)
[2025-06-20T23:53:50.611Z] [INFO] Found 0 reports to execute in company_9jxwph8g
[2025-06-20T23:53:50.612Z] [INFO] Scheduled reports check completed
[2025-06-20T23:53:50.614Z] [DEBUG] MongoDB connection closed
[2025-06-20T23:53:50.615Z] [INFO] Found 0 reports to execute in company_9jxwph8g
[2025-06-20T23:53:50.615Z] [INFO] Scheduled reports check completed
[2025-06-20T23:53:50.617Z] [DEBUG] MongoDB connection closed
Fri Jun 20 18:54:00 CDT 2025: Running scheduled reports
Fri Jun 20 18:54:00 CDT 2025: Checking if NextJS server is running...
/Users/sim/Project2/scripts/../scripts/run-simple-scheduled-reports.sh: line 16: node: command not found
Fri Jun 20 18:54:00 CDT 2025: NextJS server is running. Running scheduled reports check...
/Users/sim/Project2/scripts/../scripts/run-scheduled-reports-cron.sh: line 25: node: command not found
[2025-06-20T23:54:19.708Z] [INFO] Checking for scheduled reports...
[2025-06-20T23:54:19.771Z] [INFO] Checking for scheduled reports...
[2025-06-20T23:54:20.302Z] [DEBUG] Connected to MongoDB
[2025-06-20T23:54:20.364Z] [DEBUG] Connected to MongoDB
[2025-06-20T23:54:20.370Z] [INFO] Found 1 company databases
[2025-06-20T23:54:20.371Z] [DEBUG] Processing company database: company_9jxwph8g
[2025-06-20T23:54:20.431Z] [DEBUG] Finding reports to execute in company_9jxwph8g (current time: 2025-06-20T23:54:20.431Z)
[2025-06-20T23:54:20.432Z] [INFO] Found 1 company databases
[2025-06-20T23:54:20.433Z] [DEBUG] Processing company database: company_9jxwph8g
[2025-06-20T23:54:20.489Z] [INFO] Found 0 reports to execute in company_9jxwph8g
[2025-06-20T23:54:20.490Z] [INFO] Scheduled reports check completed
[2025-06-20T23:54:20.491Z] [DEBUG] Finding reports to execute in company_9jxwph8g (current time: 2025-06-20T23:54:20.491Z)
[2025-06-20T23:54:20.492Z] [DEBUG] MongoDB connection closed
[2025-06-20T23:54:20.548Z] [INFO] Found 0 reports to execute in company_9jxwph8g
[2025-06-20T23:54:20.549Z] [INFO] Scheduled reports check completed
[2025-06-20T23:54:20.552Z] [DEBUG] MongoDB connection closed
[2025-06-20T23:54:49.710Z] [INFO] Checking for scheduled reports...
[2025-06-20T23:54:49.771Z] [INFO] Checking for scheduled reports...
[2025-06-20T23:54:50.336Z] [DEBUG] Connected to MongoDB
[2025-06-20T23:54:50.393Z] [DEBUG] Connected to MongoDB
[2025-06-20T23:54:50.405Z] [INFO] Found 1 company databases
[2025-06-20T23:54:50.406Z] [DEBUG] Processing company database: company_9jxwph8g
[2025-06-20T23:54:50.461Z] [INFO] Found 1 company databases
[2025-06-20T23:54:50.461Z] [DEBUG] Processing company database: company_9jxwph8g
[2025-06-20T23:54:50.467Z] [DEBUG] Finding reports to execute in company_9jxwph8g (current time: 2025-06-20T23:54:50.467Z)
[2025-06-20T23:54:50.521Z] [DEBUG] Finding reports to execute in company_9jxwph8g (current time: 2025-06-20T23:54:50.521Z)
[2025-06-20T23:54:50.524Z] [INFO] Found 0 reports to execute in company_9jxwph8g
[2025-06-20T23:54:50.525Z] [INFO] Scheduled reports check completed
[2025-06-20T23:54:50.527Z] [DEBUG] MongoDB connection closed
[2025-06-20T23:54:50.578Z] [INFO] Found 0 reports to execute in company_9jxwph8g
[2025-06-20T23:54:50.579Z] [INFO] Scheduled reports check completed
[2025-06-20T23:54:50.582Z] [DEBUG] MongoDB connection closed
Fri Jun 20 18:55:00 CDT 2025: Running scheduled reports
Fri Jun 20 18:55:00 CDT 2025: Checking if NextJS server is running...
/Users/sim/Project2/scripts/../scripts/run-simple-scheduled-reports.sh: line 16: node: command not found
Fri Jun 20 18:55:00 CDT 2025: NextJS server is running. Running scheduled reports check...
/Users/sim/Project2/scripts/../scripts/run-scheduled-reports-cron.sh: line 25: node: command not found
[2025-06-20T23:55:19.711Z] [INFO] Checking for scheduled reports...
[2025-06-20T23:55:19.771Z] [INFO] Checking for scheduled reports...
[2025-06-20T23:55:20.354Z] [DEBUG] Connected to MongoDB
[2025-06-20T23:55:20.367Z] [DEBUG] Connected to MongoDB
[2025-06-20T23:55:20.435Z] [INFO] Found 1 company databases
[2025-06-20T23:55:20.435Z] [DEBUG] Processing company database: company_9jxwph8g
[2025-06-20T23:55:20.446Z] [INFO] Found 1 company databases
[2025-06-20T23:55:20.446Z] [DEBUG] Processing company database: company_9jxwph8g
[2025-06-20T23:55:20.491Z] [DEBUG] Finding reports to execute in company_9jxwph8g (current time: 2025-06-20T23:55:20.491Z)
[2025-06-20T23:55:20.503Z] [DEBUG] Finding reports to execute in company_9jxwph8g (current time: 2025-06-20T23:55:20.503Z)
[2025-06-20T23:55:20.548Z] [INFO] Found 0 reports to execute in company_9jxwph8g
[2025-06-20T23:55:20.548Z] [INFO] Scheduled reports check completed
[2025-06-20T23:55:20.551Z] [DEBUG] MongoDB connection closed
[2025-06-20T23:55:20.559Z] [INFO] Found 0 reports to execute in company_9jxwph8g
[2025-06-20T23:55:20.559Z] [INFO] Scheduled reports check completed
[2025-06-20T23:55:20.562Z] [DEBUG] MongoDB connection closed
[2025-06-20T23:55:49.713Z] [INFO] Checking for scheduled reports...
[2025-06-20T23:55:49.771Z] [INFO] Checking for scheduled reports...
[2025-06-20T23:55:50.378Z] [DEBUG] Connected to MongoDB
[2025-06-20T23:55:50.384Z] [DEBUG] Connected to MongoDB
[2025-06-20T23:55:50.446Z] [INFO] Found 1 company databases
[2025-06-20T23:55:50.447Z] [DEBUG] Processing company database: company_9jxwph8g
[2025-06-20T23:55:50.452Z] [INFO] Found 1 company databases
[2025-06-20T23:55:50.452Z] [DEBUG] Processing company database: company_9jxwph8g
[2025-06-20T23:55:50.507Z] [DEBUG] Finding reports to execute in company_9jxwph8g (current time: 2025-06-20T23:55:50.507Z)
[2025-06-20T23:55:50.510Z] [DEBUG] Finding reports to execute in company_9jxwph8g (current time: 2025-06-20T23:55:50.510Z)
[2025-06-20T23:55:50.566Z] [INFO] Found 0 reports to execute in company_9jxwph8g
[2025-06-20T23:55:50.566Z] [INFO] Found 0 reports to execute in company_9jxwph8g
[2025-06-20T23:55:50.566Z] [INFO] Scheduled reports check completed
[2025-06-20T23:55:50.566Z] [INFO] Scheduled reports check completed
[2025-06-20T23:55:50.569Z] [DEBUG] MongoDB connection closed
[2025-06-20T23:55:50.569Z] [DEBUG] MongoDB connection closed
Fri Jun 20 18:56:00 CDT 2025: Running scheduled reports
Fri Jun 20 18:56:00 CDT 2025: Checking if NextJS server is running...
/Users/sim/Project2/scripts/../scripts/run-simple-scheduled-reports.sh: line 16: node: command not found
Fri Jun 20 18:56:00 CDT 2025: NextJS server is running. Running scheduled reports check...
/Users/sim/Project2/scripts/../scripts/run-scheduled-reports-cron.sh: line 25: node: command not found
[2025-06-20T23:56:19.713Z] [INFO] Checking for scheduled reports...
[2025-06-20T23:56:19.771Z] [INFO] Checking for scheduled reports...
[2025-06-20T23:56:20.306Z] [DEBUG] Connected to MongoDB
[2025-06-20T23:56:20.364Z] [DEBUG] Connected to MongoDB
[2025-06-20T23:56:20.373Z] [INFO] Found 1 company databases
[2025-06-20T23:56:20.374Z] [DEBUG] Processing company database: company_9jxwph8g
[2025-06-20T23:56:20.430Z] [DEBUG] Finding reports to execute in company_9jxwph8g (current time: 2025-06-20T23:56:20.430Z)
[2025-06-20T23:56:20.433Z] [INFO] Found 1 company databases
[2025-06-20T23:56:20.434Z] [DEBUG] Processing company database: company_9jxwph8g
[2025-06-20T23:56:20.487Z] [INFO] Found 0 reports to execute in company_9jxwph8g
[2025-06-20T23:56:20.487Z] [INFO] Scheduled reports check completed
[2025-06-20T23:56:20.490Z] [DEBUG] MongoDB connection closed
[2025-06-20T23:56:20.491Z] [DEBUG] Finding reports to execute in company_9jxwph8g (current time: 2025-06-20T23:56:20.490Z)
[2025-06-20T23:56:20.547Z] [INFO] Found 0 reports to execute in company_9jxwph8g
[2025-06-20T23:56:20.547Z] [INFO] Scheduled reports check completed
[2025-06-20T23:56:20.549Z] [DEBUG] MongoDB connection closed
[2025-06-20T23:56:49.714Z] [INFO] Checking for scheduled reports...
[2025-06-20T23:56:49.773Z] [INFO] Checking for scheduled reports...
[2025-06-20T23:56:50.388Z] [DEBUG] Connected to MongoDB
[2025-06-20T23:56:50.422Z] [DEBUG] Connected to MongoDB
[2025-06-20T23:56:50.457Z] [INFO] Found 1 company databases
[2025-06-20T23:56:50.457Z] [DEBUG] Processing company database: company_9jxwph8g
[2025-06-20T23:56:50.490Z] [INFO] Found 1 company databases
[2025-06-20T23:56:50.490Z] [DEBUG] Processing company database: company_9jxwph8g
[2025-06-20T23:56:50.514Z] [DEBUG] Finding reports to execute in company_9jxwph8g (current time: 2025-06-20T23:56:50.514Z)
[2025-06-20T23:56:50.548Z] [DEBUG] Finding reports to execute in company_9jxwph8g (current time: 2025-06-20T23:56:50.548Z)
[2025-06-20T23:56:50.570Z] [INFO] Found 0 reports to execute in company_9jxwph8g
[2025-06-20T23:56:50.570Z] [INFO] Scheduled reports check completed
[2025-06-20T23:56:50.573Z] [DEBUG] MongoDB connection closed
[2025-06-20T23:56:50.606Z] [INFO] Found 0 reports to execute in company_9jxwph8g
[2025-06-20T23:56:50.606Z] [INFO] Scheduled reports check completed
[2025-06-20T23:56:50.609Z] [DEBUG] MongoDB connection closed
Fri Jun 20 18:57:01 CDT 2025: Running scheduled reports
Fri Jun 20 18:57:01 CDT 2025: Checking if NextJS server is running...
/Users/sim/Project2/scripts/../scripts/run-simple-scheduled-reports.sh: line 16: node: command not found
Fri Jun 20 18:57:01 CDT 2025: NextJS server is running. Running scheduled reports check...
/Users/sim/Project2/scripts/../scripts/run-scheduled-reports-cron.sh: line 25: node: command not found
[2025-06-20T23:57:19.714Z] [INFO] Checking for scheduled reports...
[2025-06-20T23:57:19.776Z] [INFO] Checking for scheduled reports...
[2025-06-20T23:57:20.307Z] [DEBUG] Connected to MongoDB
[2025-06-20T23:57:20.363Z] [DEBUG] Connected to MongoDB
[2025-06-20T23:57:20.375Z] [INFO] Found 1 company databases
[2025-06-20T23:57:20.376Z] [DEBUG] Processing company database: company_9jxwph8g
[2025-06-20T23:57:20.430Z] [INFO] Found 1 company databases
[2025-06-20T23:57:20.431Z] [DEBUG] Processing company database: company_9jxwph8g
[2025-06-20T23:57:20.433Z] [DEBUG] Finding reports to execute in company_9jxwph8g (current time: 2025-06-20T23:57:20.433Z)
[2025-06-20T23:57:20.488Z] [INFO] Found 0 reports to execute in company_9jxwph8g
[2025-06-20T23:57:20.488Z] [DEBUG] Finding reports to execute in company_9jxwph8g (current time: 2025-06-20T23:57:20.488Z)
[2025-06-20T23:57:20.489Z] [INFO] Scheduled reports check completed
[2025-06-20T23:57:20.490Z] [DEBUG] MongoDB connection closed
[2025-06-20T23:57:20.544Z] [INFO] Found 0 reports to execute in company_9jxwph8g
[2025-06-20T23:57:20.545Z] [INFO] Scheduled reports check completed
[2025-06-20T23:57:20.548Z] [DEBUG] MongoDB connection closed
[2025-06-20T23:57:49.714Z] [INFO] Checking for scheduled reports...
[2025-06-20T23:57:49.778Z] [INFO] Checking for scheduled reports...
[2025-06-20T23:57:50.377Z] [DEBUG] Connected to MongoDB
[2025-06-20T23:57:50.398Z] [DEBUG] Connected to MongoDB
[2025-06-20T23:57:50.446Z] [INFO] Found 1 company databases
[2025-06-20T23:57:50.446Z] [DEBUG] Processing company database: company_9jxwph8g
[2025-06-20T23:57:50.466Z] [INFO] Found 1 company databases
[2025-06-20T23:57:50.467Z] [DEBUG] Processing company database: company_9jxwph8g
[2025-06-20T23:57:50.503Z] [DEBUG] Finding reports to execute in company_9jxwph8g (current time: 2025-06-20T23:57:50.503Z)
[2025-06-20T23:57:50.524Z] [DEBUG] Finding reports to execute in company_9jxwph8g (current time: 2025-06-20T23:57:50.524Z)
[2025-06-20T23:57:50.560Z] [INFO] Found 0 reports to execute in company_9jxwph8g
[2025-06-20T23:57:50.561Z] [INFO] Scheduled reports check completed
[2025-06-20T23:57:50.564Z] [DEBUG] MongoDB connection closed
[2025-06-20T23:57:50.580Z] [INFO] Found 0 reports to execute in company_9jxwph8g
[2025-06-20T23:57:50.580Z] [INFO] Scheduled reports check completed
[2025-06-20T23:57:50.582Z] [DEBUG] MongoDB connection closed
Fri Jun 20 18:58:00 CDT 2025: Checking if NextJS server is running...
Fri Jun 20 18:58:00 CDT 2025: Running scheduled reports
/Users/sim/Project2/scripts/../scripts/run-simple-scheduled-reports.sh: line 16: node: command not found
Fri Jun 20 18:58:00 CDT 2025: NextJS server is running. Running scheduled reports check...
/Users/sim/Project2/scripts/../scripts/run-scheduled-reports-cron.sh: line 25: node: command not found
[2025-06-20T23:58:19.717Z] [INFO] Checking for scheduled reports...
[2025-06-20T23:58:19.779Z] [INFO] Checking for scheduled reports...
[2025-06-20T23:58:20.361Z] [DEBUG] Connected to MongoDB
[2025-06-20T23:58:20.377Z] [DEBUG] Connected to MongoDB
[2025-06-20T23:58:20.429Z] [INFO] Found 1 company databases
[2025-06-20T23:58:20.430Z] [DEBUG] Processing company database: company_9jxwph8g
[2025-06-20T23:58:20.445Z] [INFO] Found 1 company databases
[2025-06-20T23:58:20.445Z] [DEBUG] Processing company database: company_9jxwph8g
[2025-06-20T23:58:20.489Z] [DEBUG] Finding reports to execute in company_9jxwph8g (current time: 2025-06-20T23:58:20.489Z)
[2025-06-20T23:58:20.502Z] [DEBUG] Finding reports to execute in company_9jxwph8g (current time: 2025-06-20T23:58:20.502Z)
[2025-06-20T23:58:20.545Z] [INFO] Found 0 reports to execute in company_9jxwph8g
[2025-06-20T23:58:20.546Z] [INFO] Scheduled reports check completed
[2025-06-20T23:58:20.549Z] [DEBUG] MongoDB connection closed
[2025-06-20T23:58:20.558Z] [INFO] Found 0 reports to execute in company_9jxwph8g
[2025-06-20T23:58:20.558Z] [INFO] Scheduled reports check completed
[2025-06-20T23:58:20.561Z] [DEBUG] MongoDB connection closed
[2025-06-20T23:58:49.719Z] [INFO] Checking for scheduled reports...
[2025-06-20T23:58:49.780Z] [INFO] Checking for scheduled reports...
[2025-06-20T23:58:50.375Z] [DEBUG] Connected to MongoDB
[2025-06-20T23:58:50.394Z] [DEBUG] Connected to MongoDB
[2025-06-20T23:58:50.442Z] [INFO] Found 1 company databases
[2025-06-20T23:58:50.442Z] [DEBUG] Processing company database: company_9jxwph8g
[2025-06-20T23:58:50.475Z] [INFO] Found 1 company databases
[2025-06-20T23:58:50.476Z] [DEBUG] Processing company database: company_9jxwph8g
[2025-06-20T23:58:50.499Z] [DEBUG] Finding reports to execute in company_9jxwph8g (current time: 2025-06-20T23:58:50.499Z)
[2025-06-20T23:58:50.535Z] [DEBUG] Finding reports to execute in company_9jxwph8g (current time: 2025-06-20T23:58:50.535Z)
[2025-06-20T23:58:50.554Z] [INFO] Found 0 reports to execute in company_9jxwph8g
[2025-06-20T23:58:50.554Z] [INFO] Scheduled reports check completed
[2025-06-20T23:58:50.556Z] [DEBUG] MongoDB connection closed
[2025-06-20T23:58:50.591Z] [INFO] Found 0 reports to execute in company_9jxwph8g
[2025-06-20T23:58:50.591Z] [INFO] Scheduled reports check completed
[2025-06-20T23:58:50.594Z] [DEBUG] MongoDB connection closed
Fri Jun 20 18:59:00 CDT 2025: Running scheduled reports
Fri Jun 20 18:59:00 CDT 2025: Checking if NextJS server is running...
/Users/sim/Project2/scripts/../scripts/run-simple-scheduled-reports.sh: line 16: node: command not found
Fri Jun 20 18:59:00 CDT 2025: NextJS server is running. Running scheduled reports check...
/Users/sim/Project2/scripts/../scripts/run-scheduled-reports-cron.sh: line 25: node: command not found
[2025-06-20T23:59:19.720Z] [INFO] Checking for scheduled reports...
[2025-06-20T23:59:19.782Z] [INFO] Checking for scheduled reports...
[2025-06-20T23:59:20.302Z] [DEBUG] Connected to MongoDB
[2025-06-20T23:59:20.369Z] [INFO] Found 1 company databases
[2025-06-20T23:59:20.369Z] [DEBUG] Processing company database: company_9jxwph8g
[2025-06-20T23:59:20.373Z] [DEBUG] Connected to MongoDB
[2025-06-20T23:59:20.426Z] [DEBUG] Finding reports to execute in company_9jxwph8g (current time: 2025-06-20T23:59:20.426Z)
[2025-06-20T23:59:20.441Z] [INFO] Found 1 company databases
[2025-06-20T23:59:20.441Z] [DEBUG] Processing company database: company_9jxwph8g
[2025-06-20T23:59:20.482Z] [INFO] Found 0 reports to execute in company_9jxwph8g
[2025-06-20T23:59:20.483Z] [INFO] Scheduled reports check completed
[2025-06-20T23:59:20.485Z] [DEBUG] MongoDB connection closed
[2025-06-20T23:59:20.497Z] [DEBUG] Finding reports to execute in company_9jxwph8g (current time: 2025-06-20T23:59:20.497Z)
[2025-06-20T23:59:20.553Z] [INFO] Found 0 reports to execute in company_9jxwph8g
[2025-06-20T23:59:20.554Z] [INFO] Scheduled reports check completed
[2025-06-20T23:59:20.556Z] [DEBUG] MongoDB connection closed
[2025-06-20T23:59:49.721Z] [INFO] Checking for scheduled reports...
[2025-06-20T23:59:49.784Z] [INFO] Checking for scheduled reports...
[2025-06-20T23:59:50.451Z] [DEBUG] Connected to MongoDB
[2025-06-20T23:59:50.472Z] [DEBUG] Connected to MongoDB
[2025-06-20T23:59:50.518Z] [INFO] Found 1 company databases
[2025-06-20T23:59:50.519Z] [DEBUG] Processing company database: company_9jxwph8g
[2025-06-20T23:59:50.549Z] [INFO] Found 1 company databases
[2025-06-20T23:59:50.550Z] [DEBUG] Processing company database: company_9jxwph8g
[2025-06-20T23:59:50.576Z] [DEBUG] Finding reports to execute in company_9jxwph8g (current time: 2025-06-20T23:59:50.576Z)
[2025-06-20T23:59:50.610Z] [DEBUG] Finding reports to execute in company_9jxwph8g (current time: 2025-06-20T23:59:50.610Z)
[2025-06-20T23:59:50.633Z] [INFO] Found 0 reports to execute in company_9jxwph8g
[2025-06-20T23:59:50.634Z] [INFO] Scheduled reports check completed
[2025-06-20T23:59:50.637Z] [DEBUG] MongoDB connection closed
[2025-06-20T23:59:50.666Z] [INFO] Found 0 reports to execute in company_9jxwph8g
[2025-06-20T23:59:50.667Z] [INFO] Scheduled reports check completed
[2025-06-20T23:59:50.670Z] [DEBUG] MongoDB connection closed
Fri Jun 20 19:00:00 CDT 2025: Running scheduled reports
Fri Jun 20 19:00:00 CDT 2025: Checking if NextJS server is running...
/Users/sim/Project2/scripts/../scripts/run-simple-scheduled-reports.sh: line 16: node: command not found
Fri Jun 20 19:00:00 CDT 2025: NextJS server is running. Running scheduled reports check...
/Users/sim/Project2/scripts/../scripts/run-scheduled-reports-cron.sh: line 25: node: command not found
Fri Jun 20 19:01:01 CDT 2025: Checking if NextJS server is running...
Fri Jun 20 19:01:01 CDT 2025: Running scheduled reports
/Users/sim/Project2/scripts/../scripts/run-simple-scheduled-reports.sh: line 16: node: command not found
Fri Jun 20 19:01:01 CDT 2025: NextJS server is running. Running scheduled reports check...
/Users/sim/Project2/scripts/../scripts/run-scheduled-reports-cron.sh: line 25: node: command not found
Fri Jun 20 19:02:00 CDT 2025: Running scheduled reports
Fri Jun 20 19:02:00 CDT 2025: Checking if NextJS server is running...
/Users/sim/Project2/scripts/../scripts/run-simple-scheduled-reports.sh: line 16: node: command not found
Fri Jun 20 19:02:00 CDT 2025: NextJS server is running. Running scheduled reports check...
/Users/sim/Project2/scripts/../scripts/run-scheduled-reports-cron.sh: line 25: node: command not found
Fri Jun 20 19:03:00 CDT 2025: Running scheduled reports
Fri Jun 20 19:03:00 CDT 2025: Checking if NextJS server is running...
/Users/sim/Project2/scripts/../scripts/run-simple-scheduled-reports.sh: line 16: node: command not found
Fri Jun 20 19:03:00 CDT 2025: NextJS server is running. Running scheduled reports check...
/Users/sim/Project2/scripts/../scripts/run-scheduled-reports-cron.sh: line 25: node: command not found
Fri Jun 20 19:04:00 CDT 2025: Checking if NextJS server is running...
Fri Jun 20 19:04:00 CDT 2025: Running scheduled reports
/Users/sim/Project2/scripts/../scripts/run-simple-scheduled-reports.sh: line 16: node: command not found
Fri Jun 20 19:04:00 CDT 2025: NextJS server is running. Running scheduled reports check...
/Users/sim/Project2/scripts/../scripts/run-scheduled-reports-cron.sh: line 25: node: command not found
Fri Jun 20 19:05:01 CDT 2025: Checking if NextJS server is running...
Fri Jun 20 19:05:01 CDT 2025: Running scheduled reports
/Users/sim/Project2/scripts/../scripts/run-simple-scheduled-reports.sh: line 16: node: command not found
Fri Jun 20 19:05:01 CDT 2025: NextJS server is running. Running scheduled reports check...
/Users/sim/Project2/scripts/../scripts/run-scheduled-reports-cron.sh: line 25: node: command not found
Fri Jun 20 19:06:00 CDT 2025: Running scheduled reports
Fri Jun 20 19:06:00 CDT 2025: Checking if NextJS server is running...
/Users/sim/Project2/scripts/../scripts/run-simple-scheduled-reports.sh: line 16: node: command not found
Fri Jun 20 19:06:00 CDT 2025: NextJS server is running. Running scheduled reports check...
/Users/sim/Project2/scripts/../scripts/run-scheduled-reports-cron.sh: line 25: node: command not found
Fri Jun 20 19:07:00 CDT 2025: Checking if NextJS server is running...
Fri Jun 20 19:07:00 CDT 2025: Running scheduled reports
/Users/sim/Project2/scripts/../scripts/run-simple-scheduled-reports.sh: line 16: node: command not found
Fri Jun 20 19:07:00 CDT 2025: NextJS server is running. Running scheduled reports check...
/Users/sim/Project2/scripts/../scripts/run-scheduled-reports-cron.sh: line 25: node: command not found
Fri Jun 20 19:08:00 CDT 2025: Checking if NextJS server is running...
Fri Jun 20 19:08:00 CDT 2025: Running scheduled reports
/Users/sim/Project2/scripts/../scripts/run-simple-scheduled-reports.sh: line 16: node: command not found
Fri Jun 20 19:08:00 CDT 2025: NextJS server is running. Running scheduled reports check...
/Users/sim/Project2/scripts/../scripts/run-scheduled-reports-cron.sh: line 25: node: command not found
Fri Jun 20 19:09:01 CDT 2025: Checking if NextJS server is running...
Fri Jun 20 19:09:01 CDT 2025: Running scheduled reports
/Users/sim/Project2/scripts/../scripts/run-simple-scheduled-reports.sh: line 16: node: command not found
Fri Jun 20 19:09:01 CDT 2025: NextJS server is running. Running scheduled reports check...
/Users/sim/Project2/scripts/../scripts/run-scheduled-reports-cron.sh: line 25: node: command not found
Fri Jun 20 19:10:00 CDT 2025: Running scheduled reports
Fri Jun 20 19:10:00 CDT 2025: Checking if NextJS server is running...
/Users/sim/Project2/scripts/../scripts/run-simple-scheduled-reports.sh: line 16: node: command not found
Fri Jun 20 19:10:00 CDT 2025: NextJS server is running. Running scheduled reports check...
/Users/sim/Project2/scripts/../scripts/run-scheduled-reports-cron.sh: line 25: node: command not found
Fri Jun 20 19:11:00 CDT 2025: Running scheduled reports
Fri Jun 20 19:11:00 CDT 2025: Checking if NextJS server is running...
/Users/sim/Project2/scripts/../scripts/run-simple-scheduled-reports.sh: line 16: node: command not found
Fri Jun 20 19:11:00 CDT 2025: NextJS server is running. Running scheduled reports check...
/Users/sim/Project2/scripts/../scripts/run-scheduled-reports-cron.sh: line 25: node: command not found
Fri Jun 20 19:12:00 CDT 2025: Running scheduled reports
Fri Jun 20 19:12:00 CDT 2025: Checking if NextJS server is running...
/Users/sim/Project2/scripts/../scripts/run-simple-scheduled-reports.sh: line 16: node: command not found
Fri Jun 20 19:12:00 CDT 2025: NextJS server is running. Running scheduled reports check...
/Users/sim/Project2/scripts/../scripts/run-scheduled-reports-cron.sh: line 25: node: command not found
Fri Jun 20 19:13:01 CDT 2025: Checking if NextJS server is running...
Fri Jun 20 19:13:01 CDT 2025: Running scheduled reports
/Users/sim/Project2/scripts/../scripts/run-simple-scheduled-reports.sh: line 16: node: command not found
Fri Jun 20 19:13:01 CDT 2025: NextJS server is running. Running scheduled reports check...
/Users/sim/Project2/scripts/../scripts/run-scheduled-reports-cron.sh: line 25: node: command not found
Fri Jun 20 19:14:00 CDT 2025: Checking if NextJS server is running...
Fri Jun 20 19:14:00 CDT 2025: Running scheduled reports
/Users/sim/Project2/scripts/../scripts/run-simple-scheduled-reports.sh: line 16: node: command not found
Fri Jun 20 19:14:00 CDT 2025: NextJS server is running. Running scheduled reports check...
/Users/sim/Project2/scripts/../scripts/run-scheduled-reports-cron.sh: line 25: node: command not found
Fri Jun 20 19:15:00 CDT 2025: Checking if NextJS server is running...
Fri Jun 20 19:15:00 CDT 2025: Running scheduled reports
/Users/sim/Project2/scripts/../scripts/run-simple-scheduled-reports.sh: line 16: node: command not found
Fri Jun 20 19:15:00 CDT 2025: NextJS server is running. Running scheduled reports check...
/Users/sim/Project2/scripts/../scripts/run-scheduled-reports-cron.sh: line 25: node: command not found
Fri Jun 20 19:16:00 CDT 2025: Running scheduled reports
Fri Jun 20 19:16:00 CDT 2025: Checking if NextJS server is running...
/Users/sim/Project2/scripts/../scripts/run-simple-scheduled-reports.sh: line 16: node: command not found
Fri Jun 20 19:16:00 CDT 2025: NextJS server is running. Running scheduled reports check...
/Users/sim/Project2/scripts/../scripts/run-scheduled-reports-cron.sh: line 25: node: command not found
Fri Jun 20 19:17:01 CDT 2025: Running scheduled reports
Fri Jun 20 19:17:01 CDT 2025: Checking if NextJS server is running...
/Users/sim/Project2/scripts/../scripts/run-simple-scheduled-reports.sh: line 16: node: command not found
Fri Jun 20 19:17:01 CDT 2025: NextJS server is running. Running scheduled reports check...
/Users/sim/Project2/scripts/../scripts/run-scheduled-reports-cron.sh: line 25: node: command not found
Fri Jun 20 19:18:00 CDT 2025: Checking if NextJS server is running...
Fri Jun 20 19:18:00 CDT 2025: Running scheduled reports
/Users/sim/Project2/scripts/../scripts/run-simple-scheduled-reports.sh: line 16: node: command not found
Fri Jun 20 19:18:00 CDT 2025: NextJS server is running. Running scheduled reports check...
/Users/sim/Project2/scripts/../scripts/run-scheduled-reports-cron.sh: line 25: node: command not found
Fri Jun 20 19:19:00 CDT 2025: Running scheduled reports
Fri Jun 20 19:19:00 CDT 2025: Checking if NextJS server is running...
/Users/sim/Project2/scripts/../scripts/run-simple-scheduled-reports.sh: line 16: node: command not found
Fri Jun 20 19:19:00 CDT 2025: NextJS server is running. Running scheduled reports check...
/Users/sim/Project2/scripts/../scripts/run-scheduled-reports-cron.sh: line 25: node: command not found
Fri Jun 20 19:20:00 CDT 2025: Checking if NextJS server is running...
Fri Jun 20 19:20:00 CDT 2025: Running scheduled reports
/Users/sim/Project2/scripts/../scripts/run-simple-scheduled-reports.sh: line 16: node: command not found
Fri Jun 20 19:20:00 CDT 2025: NextJS server is running. Running scheduled reports check...
/Users/sim/Project2/scripts/../scripts/run-scheduled-reports-cron.sh: line 25: node: command not found
Fri Jun 20 19:21:01 CDT 2025: Running scheduled reports
Fri Jun 20 19:21:01 CDT 2025: Checking if NextJS server is running...
/Users/sim/Project2/scripts/../scripts/run-simple-scheduled-reports.sh: line 16: node: command not found
Fri Jun 20 19:21:01 CDT 2025: NextJS server is running. Running scheduled reports check...
/Users/sim/Project2/scripts/../scripts/run-scheduled-reports-cron.sh: line 25: node: command not found
Fri Jun 20 19:22:00 CDT 2025: Checking if NextJS server is running...
Fri Jun 20 19:22:00 CDT 2025: Running scheduled reports
/Users/sim/Project2/scripts/../scripts/run-simple-scheduled-reports.sh: line 16: node: command not found
Fri Jun 20 19:22:00 CDT 2025: NextJS server is running. Running scheduled reports check...
/Users/sim/Project2/scripts/../scripts/run-scheduled-reports-cron.sh: line 25: node: command not found
Fri Jun 20 19:23:00 CDT 2025: Checking if NextJS server is running...
Fri Jun 20 19:23:00 CDT 2025: Running scheduled reports
/Users/sim/Project2/scripts/../scripts/run-simple-scheduled-reports.sh: line 16: node: command not found
Fri Jun 20 19:23:00 CDT 2025: NextJS server is running. Running scheduled reports check...
/Users/sim/Project2/scripts/../scripts/run-scheduled-reports-cron.sh: line 25: node: command not found
Fri Jun 20 19:24:01 CDT 2025: Running scheduled reports
Fri Jun 20 19:24:01 CDT 2025: Checking if NextJS server is running...
/Users/sim/Project2/scripts/../scripts/run-simple-scheduled-reports.sh: line 16: node: command not found
Fri Jun 20 19:24:01 CDT 2025: NextJS server is running. Running scheduled reports check...
/Users/sim/Project2/scripts/../scripts/run-scheduled-reports-cron.sh: line 25: node: command not found
Fri Jun 20 19:25:00 CDT 2025: Running scheduled reports
Fri Jun 20 19:25:00 CDT 2025: Checking if NextJS server is running...
/Users/sim/Project2/scripts/../scripts/run-simple-scheduled-reports.sh: line 16: node: command not found
Fri Jun 20 19:25:00 CDT 2025: NextJS server is running. Running scheduled reports check...
/Users/sim/Project2/scripts/../scripts/run-scheduled-reports-cron.sh: line 25: node: command not found
Fri Jun 20 19:26:00 CDT 2025: Checking if NextJS server is running...
Fri Jun 20 19:26:00 CDT 2025: Running scheduled reports
/Users/sim/Project2/scripts/../scripts/run-simple-scheduled-reports.sh: line 16: node: command not found
Fri Jun 20 19:26:00 CDT 2025: NextJS server is running. Running scheduled reports check...
/Users/sim/Project2/scripts/../scripts/run-scheduled-reports-cron.sh: line 25: node: command not found
Fri Jun 20 19:27:00 CDT 2025: Running scheduled reports
Fri Jun 20 19:27:00 CDT 2025: Checking if NextJS server is running...
/Users/sim/Project2/scripts/../scripts/run-simple-scheduled-reports.sh: line 16: node: command not found
Fri Jun 20 19:27:00 CDT 2025: NextJS server is running. Running scheduled reports check...
/Users/sim/Project2/scripts/../scripts/run-scheduled-reports-cron.sh: line 25: node: command not found
Fri Jun 20 19:28:01 CDT 2025: Checking if NextJS server is running...
Fri Jun 20 19:28:01 CDT 2025: Running scheduled reports
/Users/sim/Project2/scripts/../scripts/run-simple-scheduled-reports.sh: line 16: node: command not found
Fri Jun 20 19:28:01 CDT 2025: NextJS server is running. Running scheduled reports check...
/Users/sim/Project2/scripts/../scripts/run-scheduled-reports-cron.sh: line 25: node: command not found
Fri Jun 20 19:29:00 CDT 2025: Running scheduled reports
Fri Jun 20 19:29:00 CDT 2025: Checking if NextJS server is running...
/Users/sim/Project2/scripts/../scripts/run-simple-scheduled-reports.sh: line 16: node: command not found
Fri Jun 20 19:29:00 CDT 2025: NextJS server is running. Running scheduled reports check...
/Users/sim/Project2/scripts/../scripts/run-scheduled-reports-cron.sh: line 25: node: command not found
Fri Jun 20 19:30:00 CDT 2025: Running scheduled reports
Fri Jun 20 19:30:00 CDT 2025: Checking if NextJS server is running...
/Users/sim/Project2/scripts/../scripts/run-simple-scheduled-reports.sh: line 16: node: command not found
Fri Jun 20 19:30:00 CDT 2025: NextJS server is running. Running scheduled reports check...
/Users/sim/Project2/scripts/../scripts/run-scheduled-reports-cron.sh: line 25: node: command not found
Fri Jun 20 20:37:00 CDT 2025: Checking if NextJS server is running...
Fri Jun 20 20:37:00 CDT 2025: Running scheduled reports
/Users/sim/Project2/scripts/../scripts/run-simple-scheduled-reports.sh: line 16: node: command not found
Fri Jun 20 20:37:02 CDT 2025: NextJS server is running. Running scheduled reports check...
/Users/sim/Project2/scripts/../scripts/run-scheduled-reports-cron.sh: line 25: node: command not found
Fri Jun 20 20:38:00 CDT 2025: Checking if NextJS server is running...
Fri Jun 20 20:38:00 CDT 2025: Running scheduled reports
/Users/sim/Project2/scripts/../scripts/run-simple-scheduled-reports.sh: line 16: node: command not found
Fri Jun 20 20:38:00 CDT 2025: NextJS server is running. Running scheduled reports check...
/Users/sim/Project2/scripts/../scripts/run-scheduled-reports-cron.sh: line 25: node: command not found
Fri Jun 20 20:39:00 CDT 2025: Checking if NextJS server is running...
Fri Jun 20 20:39:00 CDT 2025: Running scheduled reports
/Users/sim/Project2/scripts/../scripts/run-simple-scheduled-reports.sh: line 16: node: command not found
Fri Jun 20 20:39:00 CDT 2025: NextJS server is running. Running scheduled reports check...
/Users/sim/Project2/scripts/../scripts/run-scheduled-reports-cron.sh: line 25: node: command not found
Fri Jun 20 20:40:01 CDT 2025: Running scheduled reports
Fri Jun 20 20:40:01 CDT 2025: Checking if NextJS server is running...
/Users/sim/Project2/scripts/../scripts/run-simple-scheduled-reports.sh: line 16: node: command not found
Fri Jun 20 20:40:01 CDT 2025: NextJS server is running. Running scheduled reports check...
/Users/sim/Project2/scripts/../scripts/run-scheduled-reports-cron.sh: line 25: node: command not found
Fri Jun 20 20:41:00 CDT 2025: Running scheduled reports
Fri Jun 20 20:41:00 CDT 2025: Checking if NextJS server is running...
/Users/sim/Project2/scripts/../scripts/run-simple-scheduled-reports.sh: line 16: node: command not found
Fri Jun 20 20:41:00 CDT 2025: NextJS server is running. Running scheduled reports check...
/Users/sim/Project2/scripts/../scripts/run-scheduled-reports-cron.sh: line 25: node: command not found
Fri Jun 20 20:42:00 CDT 2025: Checking if NextJS server is running...
Fri Jun 20 20:42:00 CDT 2025: Running scheduled reports
/Users/sim/Project2/scripts/../scripts/run-simple-scheduled-reports.sh: line 16: node: command not found
Fri Jun 20 20:42:00 CDT 2025: NextJS server is running. Running scheduled reports check...
/Users/sim/Project2/scripts/../scripts/run-scheduled-reports-cron.sh: line 25: node: command not found
Fri Jun 20 20:43:00 CDT 2025: Checking if NextJS server is running...
Fri Jun 20 20:43:00 CDT 2025: Running scheduled reports
/Users/sim/Project2/scripts/../scripts/run-simple-scheduled-reports.sh: line 16: node: command not found
Fri Jun 20 20:43:00 CDT 2025: NextJS server is running. Running scheduled reports check...
/Users/sim/Project2/scripts/../scripts/run-scheduled-reports-cron.sh: line 25: node: command not found
Fri Jun 20 20:44:00 CDT 2025: Running scheduled reports
Fri Jun 20 20:44:00 CDT 2025: Checking if NextJS server is running...
/Users/sim/Project2/scripts/../scripts/run-simple-scheduled-reports.sh: line 16: node: command not found
Fri Jun 20 20:44:01 CDT 2025: NextJS server is running. Running scheduled reports check...
/Users/sim/Project2/scripts/../scripts/run-scheduled-reports-cron.sh: line 25: node: command not found
Fri Jun 20 20:45:00 CDT 2025: Running scheduled reports
Fri Jun 20 20:45:00 CDT 2025: Checking if NextJS server is running...
/Users/sim/Project2/scripts/../scripts/run-simple-scheduled-reports.sh: line 16: node: command not found
Fri Jun 20 20:45:00 CDT 2025: NextJS server is running. Running scheduled reports check...
/Users/sim/Project2/scripts/../scripts/run-scheduled-reports-cron.sh: line 25: node: command not found
Fri Jun 20 20:46:00 CDT 2025: Checking if NextJS server is running...
Fri Jun 20 20:46:00 CDT 2025: Running scheduled reports
/Users/sim/Project2/scripts/../scripts/run-simple-scheduled-reports.sh: line 16: node: command not found
Fri Jun 20 20:46:00 CDT 2025: NextJS server is running. Running scheduled reports check...
/Users/sim/Project2/scripts/../scripts/run-scheduled-reports-cron.sh: line 25: node: command not found
Fri Jun 20 20:47:00 CDT 2025: Checking if NextJS server is running...
Fri Jun 20 20:47:00 CDT 2025: Running scheduled reports
/Users/sim/Project2/scripts/../scripts/run-simple-scheduled-reports.sh: line 16: node: command not found
Fri Jun 20 20:47:00 CDT 2025: NextJS server is running. Running scheduled reports check...
/Users/sim/Project2/scripts/../scripts/run-scheduled-reports-cron.sh: line 25: node: command not found
Fri Jun 20 20:48:00 CDT 2025: Running scheduled reports
Fri Jun 20 20:48:00 CDT 2025: Checking if NextJS server is running...
/Users/sim/Project2/scripts/../scripts/run-simple-scheduled-reports.sh: line 16: node: command not found
Fri Jun 20 20:48:00 CDT 2025: NextJS server is running. Running scheduled reports check...
/Users/sim/Project2/scripts/../scripts/run-scheduled-reports-cron.sh: line 25: node: command not found
Fri Jun 20 20:49:00 CDT 2025: Checking if NextJS server is running...
Fri Jun 20 20:49:00 CDT 2025: Running scheduled reports
/Users/sim/Project2/scripts/../scripts/run-simple-scheduled-reports.sh: line 16: node: command not found
Fri Jun 20 20:49:00 CDT 2025: NextJS server is running. Running scheduled reports check...
/Users/sim/Project2/scripts/../scripts/run-scheduled-reports-cron.sh: line 25: node: command not found
Fri Jun 20 20:50:00 CDT 2025: Running scheduled reports
Fri Jun 20 20:50:00 CDT 2025: Checking if NextJS server is running...
/Users/sim/Project2/scripts/../scripts/run-simple-scheduled-reports.sh: line 16: node: command not found
Fri Jun 20 20:50:00 CDT 2025: NextJS server is running. Running scheduled reports check...
/Users/sim/Project2/scripts/../scripts/run-scheduled-reports-cron.sh: line 25: node: command not found
Fri Jun 20 20:51:01 CDT 2025: Running scheduled reports
Fri Jun 20 20:51:01 CDT 2025: Checking if NextJS server is running...
/Users/sim/Project2/scripts/../scripts/run-simple-scheduled-reports.sh: line 16: node: command not found
Fri Jun 20 20:51:01 CDT 2025: NextJS server is running. Running scheduled reports check...
/Users/sim/Project2/scripts/../scripts/run-scheduled-reports-cron.sh: line 25: node: command not found
Fri Jun 20 20:52:00 CDT 2025: Running scheduled reports
Fri Jun 20 20:52:00 CDT 2025: Checking if NextJS server is running...
/Users/sim/Project2/scripts/../scripts/run-simple-scheduled-reports.sh: line 16: node: command not found
Fri Jun 20 20:52:00 CDT 2025: NextJS server is running. Running scheduled reports check...
/Users/sim/Project2/scripts/../scripts/run-scheduled-reports-cron.sh: line 25: node: command not found
Fri Jun 20 20:53:00 CDT 2025: Checking if NextJS server is running...
Fri Jun 20 20:53:00 CDT 2025: Running scheduled reports
/Users/sim/Project2/scripts/../scripts/run-simple-scheduled-reports.sh: line 16: node: command not found
Fri Jun 20 20:53:00 CDT 2025: NextJS server is running. Running scheduled reports check...
/Users/sim/Project2/scripts/../scripts/run-scheduled-reports-cron.sh: line 25: node: command not found
Fri Jun 20 20:54:00 CDT 2025: Running scheduled reports
Fri Jun 20 20:54:00 CDT 2025: Checking if NextJS server is running...
/Users/sim/Project2/scripts/../scripts/run-simple-scheduled-reports.sh: line 16: node: command not found
Fri Jun 20 20:54:00 CDT 2025: NextJS server is running. Running scheduled reports check...
/Users/sim/Project2/scripts/../scripts/run-scheduled-reports-cron.sh: line 25: node: command not found
Fri Jun 20 20:55:01 CDT 2025: Checking if NextJS server is running...
Fri Jun 20 20:55:01 CDT 2025: Running scheduled reports
/Users/sim/Project2/scripts/../scripts/run-simple-scheduled-reports.sh: line 16: node: command not found
Fri Jun 20 20:55:01 CDT 2025: NextJS server is running. Running scheduled reports check...
/Users/sim/Project2/scripts/../scripts/run-scheduled-reports-cron.sh: line 25: node: command not found
Fri Jun 20 20:56:00 CDT 2025: Running scheduled reports
Fri Jun 20 20:56:00 CDT 2025: Checking if NextJS server is running...
/Users/sim/Project2/scripts/../scripts/run-simple-scheduled-reports.sh: line 16: node: command not found
Fri Jun 20 20:56:00 CDT 2025: NextJS server is running. Running scheduled reports check...
/Users/sim/Project2/scripts/../scripts/run-scheduled-reports-cron.sh: line 25: node: command not found
Fri Jun 20 20:57:00 CDT 2025: Checking if NextJS server is running...
Fri Jun 20 20:57:00 CDT 2025: Running scheduled reports
/Users/sim/Project2/scripts/../scripts/run-simple-scheduled-reports.sh: line 16: node: command not found
Fri Jun 20 20:57:00 CDT 2025: NextJS server is running. Running scheduled reports check...
/Users/sim/Project2/scripts/../scripts/run-scheduled-reports-cron.sh: line 25: node: command not found
Fri Jun 20 20:58:00 CDT 2025: Checking if NextJS server is running...
Fri Jun 20 20:58:00 CDT 2025: Running scheduled reports
/Users/sim/Project2/scripts/../scripts/run-simple-scheduled-reports.sh: line 16: node: command not found
Fri Jun 20 20:58:00 CDT 2025: NextJS server is running. Running scheduled reports check...
/Users/sim/Project2/scripts/../scripts/run-scheduled-reports-cron.sh: line 25: node: command not found
Fri Jun 20 20:59:01 CDT 2025: Running scheduled reports
Fri Jun 20 20:59:01 CDT 2025: Checking if NextJS server is running...
/Users/sim/Project2/scripts/../scripts/run-simple-scheduled-reports.sh: line 16: node: command not found
Fri Jun 20 20:59:01 CDT 2025: NextJS server is running. Running scheduled reports check...
/Users/sim/Project2/scripts/../scripts/run-scheduled-reports-cron.sh: line 25: node: command not found
Fri Jun 20 21:00:00 CDT 2025: Checking if NextJS server is running...
Fri Jun 20 21:00:00 CDT 2025: Running scheduled reports
/Users/sim/Project2/scripts/../scripts/run-simple-scheduled-reports.sh: line 16: node: command not found
Fri Jun 20 21:00:00 CDT 2025: NextJS server is running. Running scheduled reports check...
/Users/sim/Project2/scripts/../scripts/run-scheduled-reports-cron.sh: line 25: node: command not found
Fri Jun 20 21:01:00 CDT 2025: Running scheduled reports
Fri Jun 20 21:01:00 CDT 2025: Checking if NextJS server is running...
/Users/sim/Project2/scripts/../scripts/run-simple-scheduled-reports.sh: line 16: node: command not found
Fri Jun 20 21:01:00 CDT 2025: NextJS server is running. Running scheduled reports check...
/Users/sim/Project2/scripts/../scripts/run-scheduled-reports-cron.sh: line 25: node: command not found
Fri Jun 20 21:02:00 CDT 2025: Running scheduled reports
Fri Jun 20 21:02:00 CDT 2025: Checking if NextJS server is running...
/Users/sim/Project2/scripts/../scripts/run-simple-scheduled-reports.sh: line 16: node: command not found
Fri Jun 20 21:02:00 CDT 2025: NextJS server is running. Running scheduled reports check...
/Users/sim/Project2/scripts/../scripts/run-scheduled-reports-cron.sh: line 25: node: command not found
Fri Jun 20 21:03:00 CDT 2025: Checking if NextJS server is running...
Fri Jun 20 21:03:00 CDT 2025: Running scheduled reports
/Users/sim/Project2/scripts/../scripts/run-simple-scheduled-reports.sh: line 16: node: command not found
Fri Jun 20 21:03:00 CDT 2025: NextJS server is running. Running scheduled reports check...
/Users/sim/Project2/scripts/../scripts/run-scheduled-reports-cron.sh: line 25: node: command not found
Fri Jun 20 21:04:01 CDT 2025: Checking if NextJS server is running...
Fri Jun 20 21:04:01 CDT 2025: Running scheduled reports
/Users/sim/Project2/scripts/../scripts/run-simple-scheduled-reports.sh: line 16: node: command not found
Fri Jun 20 21:04:01 CDT 2025: NextJS server is running. Running scheduled reports check...
/Users/sim/Project2/scripts/../scripts/run-scheduled-reports-cron.sh: line 25: node: command not found
Fri Jun 20 21:05:00 CDT 2025: Checking if NextJS server is running...
Fri Jun 20 21:05:00 CDT 2025: Running scheduled reports
/Users/sim/Project2/scripts/../scripts/run-simple-scheduled-reports.sh: line 16: node: command not found
Fri Jun 20 21:05:00 CDT 2025: NextJS server is running. Running scheduled reports check...
/Users/sim/Project2/scripts/../scripts/run-scheduled-reports-cron.sh: line 25: node: command not found
Fri Jun 20 21:06:00 CDT 2025: Running scheduled reports
Fri Jun 20 21:06:00 CDT 2025: Checking if NextJS server is running...
/Users/sim/Project2/scripts/../scripts/run-simple-scheduled-reports.sh: line 16: node: command not found
Fri Jun 20 21:06:00 CDT 2025: NextJS server is running. Running scheduled reports check...
/Users/sim/Project2/scripts/../scripts/run-scheduled-reports-cron.sh: line 25: node: command not found
Fri Jun 20 21:07:00 CDT 2025: Running scheduled reports
Fri Jun 20 21:07:00 CDT 2025: Checking if NextJS server is running...
/Users/sim/Project2/scripts/../scripts/run-simple-scheduled-reports.sh: line 16: node: command not found
Fri Jun 20 21:07:00 CDT 2025: NextJS server is running. Running scheduled reports check...
/Users/sim/Project2/scripts/../scripts/run-scheduled-reports-cron.sh: line 25: node: command not found
Fri Jun 20 21:08:00 CDT 2025: Checking if NextJS server is running...
Fri Jun 20 21:08:00 CDT 2025: Running scheduled reports
/Users/sim/Project2/scripts/../scripts/run-simple-scheduled-reports.sh: line 16: node: command not found
Fri Jun 20 21:08:00 CDT 2025: NextJS server is running. Running scheduled reports check...
/Users/sim/Project2/scripts/../scripts/run-scheduled-reports-cron.sh: line 25: node: command not found
Fri Jun 20 21:09:01 CDT 2025: Checking if NextJS server is running...
Fri Jun 20 21:09:01 CDT 2025: Running scheduled reports
/Users/sim/Project2/scripts/../scripts/run-simple-scheduled-reports.sh: line 16: node: command not found
Fri Jun 20 21:09:01 CDT 2025: NextJS server is running. Running scheduled reports check...
/Users/sim/Project2/scripts/../scripts/run-scheduled-reports-cron.sh: line 25: node: command not found
Fri Jun 20 21:10:00 CDT 2025: Running scheduled reports
Fri Jun 20 21:10:00 CDT 2025: Checking if NextJS server is running...
/Users/sim/Project2/scripts/../scripts/run-simple-scheduled-reports.sh: line 16: node: command not found
Fri Jun 20 21:10:00 CDT 2025: NextJS server is running. Running scheduled reports check...
/Users/sim/Project2/scripts/../scripts/run-scheduled-reports-cron.sh: line 25: node: command not found
Fri Jun 20 21:11:00 CDT 2025: Running scheduled reports
Fri Jun 20 21:11:00 CDT 2025: Checking if NextJS server is running...
/Users/sim/Project2/scripts/../scripts/run-simple-scheduled-reports.sh: line 16: node: command not found
Fri Jun 20 21:11:00 CDT 2025: NextJS server is running. Running scheduled reports check...
/Users/sim/Project2/scripts/../scripts/run-scheduled-reports-cron.sh: line 25: node: command not found
Fri Jun 20 21:12:00 CDT 2025: Running scheduled reports
Fri Jun 20 21:12:00 CDT 2025: Checking if NextJS server is running...
/Users/sim/Project2/scripts/../scripts/run-simple-scheduled-reports.sh: line 16: node: command not found
Fri Jun 20 21:12:00 CDT 2025: NextJS server is running. Running scheduled reports check...
/Users/sim/Project2/scripts/../scripts/run-scheduled-reports-cron.sh: line 25: node: command not found
Fri Jun 20 21:13:00 CDT 2025: Running scheduled reports
Fri Jun 20 21:13:00 CDT 2025: Checking if NextJS server is running...
/Users/sim/Project2/scripts/../scripts/run-simple-scheduled-reports.sh: line 16: node: command not found
Fri Jun 20 21:13:00 CDT 2025: NextJS server is running. Running scheduled reports check...
/Users/sim/Project2/scripts/../scripts/run-scheduled-reports-cron.sh: line 25: node: command not found
Fri Jun 20 21:14:00 CDT 2025: Running scheduled reports
Fri Jun 20 21:14:00 CDT 2025: Checking if NextJS server is running...
/Users/sim/Project2/scripts/../scripts/run-simple-scheduled-reports.sh: line 16: node: command not found
Fri Jun 20 21:14:01 CDT 2025: NextJS server is running. Running scheduled reports check...
/Users/sim/Project2/scripts/../scripts/run-scheduled-reports-cron.sh: line 25: node: command not found
Fri Jun 20 21:15:00 CDT 2025: Running scheduled reports
Fri Jun 20 21:15:00 CDT 2025: Checking if NextJS server is running...
/Users/sim/Project2/scripts/../scripts/run-simple-scheduled-reports.sh: line 16: node: command not found
Fri Jun 20 21:15:00 CDT 2025: NextJS server is running. Running scheduled reports check...
/Users/sim/Project2/scripts/../scripts/run-scheduled-reports-cron.sh: line 25: node: command not found
Fri Jun 20 21:16:00 CDT 2025: Checking if NextJS server is running...
Fri Jun 20 21:16:00 CDT 2025: Running scheduled reports
/Users/sim/Project2/scripts/../scripts/run-simple-scheduled-reports.sh: line 16: node: command not found
Fri Jun 20 21:16:00 CDT 2025: NextJS server is running. Running scheduled reports check...
/Users/sim/Project2/scripts/../scripts/run-scheduled-reports-cron.sh: line 25: node: command not found
Fri Jun 20 21:17:00 CDT 2025: Checking if NextJS server is running...
Fri Jun 20 21:17:00 CDT 2025: Running scheduled reports
/Users/sim/Project2/scripts/../scripts/run-simple-scheduled-reports.sh: line 16: node: command not found
Fri Jun 20 21:17:00 CDT 2025: NextJS server is running. Running scheduled reports check...
/Users/sim/Project2/scripts/../scripts/run-scheduled-reports-cron.sh: line 25: node: command not found
Fri Jun 20 21:18:00 CDT 2025: Running scheduled reports
Fri Jun 20 21:18:00 CDT 2025: Checking if NextJS server is running...
/Users/sim/Project2/scripts/../scripts/run-simple-scheduled-reports.sh: line 16: node: command not found
Fri Jun 20 21:18:01 CDT 2025: NextJS server is running. Running scheduled reports check...
/Users/sim/Project2/scripts/../scripts/run-scheduled-reports-cron.sh: line 25: node: command not found
Fri Jun 20 21:19:00 CDT 2025: Checking if NextJS server is running...
Fri Jun 20 21:19:00 CDT 2025: Running scheduled reports
/Users/sim/Project2/scripts/../scripts/run-simple-scheduled-reports.sh: line 16: node: command not found
Fri Jun 20 21:19:00 CDT 2025: NextJS server is running. Running scheduled reports check...
/Users/sim/Project2/scripts/../scripts/run-scheduled-reports-cron.sh: line 25: node: command not found
Fri Jun 20 21:20:00 CDT 2025: Running scheduled reports
Fri Jun 20 21:20:00 CDT 2025: Checking if NextJS server is running...
/Users/sim/Project2/scripts/../scripts/run-simple-scheduled-reports.sh: line 16: node: command not found
Fri Jun 20 21:20:00 CDT 2025: NextJS server is running. Running scheduled reports check...
/Users/sim/Project2/scripts/../scripts/run-scheduled-reports-cron.sh: line 25: node: command not found
Fri Jun 20 21:21:00 CDT 2025: Running scheduled reports
Fri Jun 20 21:21:00 CDT 2025: Checking if NextJS server is running...
/Users/sim/Project2/scripts/../scripts/run-simple-scheduled-reports.sh: line 16: node: command not found
Fri Jun 20 21:21:00 CDT 2025: NextJS server is running. Running scheduled reports check...
/Users/sim/Project2/scripts/../scripts/run-scheduled-reports-cron.sh: line 25: node: command not found
Fri Jun 20 21:22:00 CDT 2025: Running scheduled reports
Fri Jun 20 21:22:00 CDT 2025: Checking if NextJS server is running...
/Users/sim/Project2/scripts/../scripts/run-simple-scheduled-reports.sh: line 16: node: command not found
Fri Jun 20 21:22:00 CDT 2025: NextJS server is running. Running scheduled reports check...
/Users/sim/Project2/scripts/../scripts/run-scheduled-reports-cron.sh: line 25: node: command not found
Fri Jun 20 21:23:01 CDT 2025: Running scheduled reports
Fri Jun 20 21:23:01 CDT 2025: Checking if NextJS server is running...
/Users/sim/Project2/scripts/../scripts/run-simple-scheduled-reports.sh: line 16: node: command not found
Fri Jun 20 21:23:01 CDT 2025: NextJS server is running. Running scheduled reports check...
/Users/sim/Project2/scripts/../scripts/run-scheduled-reports-cron.sh: line 25: node: command not found
Fri Jun 20 21:24:00 CDT 2025: Checking if NextJS server is running...
Fri Jun 20 21:24:00 CDT 2025: Running scheduled reports
/Users/sim/Project2/scripts/../scripts/run-simple-scheduled-reports.sh: line 16: node: command not found
Fri Jun 20 21:24:00 CDT 2025: NextJS server is running. Running scheduled reports check...
/Users/sim/Project2/scripts/../scripts/run-scheduled-reports-cron.sh: line 25: node: command not found
Fri Jun 20 21:25:00 CDT 2025: Running scheduled reports
Fri Jun 20 21:25:00 CDT 2025: Checking if NextJS server is running...
/Users/sim/Project2/scripts/../scripts/run-simple-scheduled-reports.sh: line 16: node: command not found
Fri Jun 20 21:25:00 CDT 2025: NextJS server is running. Running scheduled reports check...
/Users/sim/Project2/scripts/../scripts/run-scheduled-reports-cron.sh: line 25: node: command not found
Fri Jun 20 21:26:00 CDT 2025: Checking if NextJS server is running...
Fri Jun 20 21:26:00 CDT 2025: Running scheduled reports
/Users/sim/Project2/scripts/../scripts/run-simple-scheduled-reports.sh: line 16: node: command not found
Fri Jun 20 21:26:00 CDT 2025: NextJS server is running. Running scheduled reports check...
/Users/sim/Project2/scripts/../scripts/run-scheduled-reports-cron.sh: line 25: node: command not found
Fri Jun 20 21:27:00 CDT 2025: Checking if NextJS server is running...
Fri Jun 20 21:27:00 CDT 2025: Running scheduled reports
/Users/sim/Project2/scripts/../scripts/run-simple-scheduled-reports.sh: line 16: node: command not found
Fri Jun 20 21:27:01 CDT 2025: NextJS server is running. Running scheduled reports check...
/Users/sim/Project2/scripts/../scripts/run-scheduled-reports-cron.sh: line 25: node: command not found
Fri Jun 20 21:28:00 CDT 2025: Checking if NextJS server is running...
Fri Jun 20 21:28:00 CDT 2025: Running scheduled reports
/Users/sim/Project2/scripts/../scripts/run-simple-scheduled-reports.sh: line 16: node: command not found
Fri Jun 20 21:28:00 CDT 2025: NextJS server is running. Running scheduled reports check...
/Users/sim/Project2/scripts/../scripts/run-scheduled-reports-cron.sh: line 25: node: command not found
Fri Jun 20 21:29:00 CDT 2025: Running scheduled reports
Fri Jun 20 21:29:00 CDT 2025: Checking if NextJS server is running...
/Users/sim/Project2/scripts/../scripts/run-simple-scheduled-reports.sh: line 16: node: command not found
Fri Jun 20 21:29:00 CDT 2025: NextJS server is running. Running scheduled reports check...
/Users/sim/Project2/scripts/../scripts/run-scheduled-reports-cron.sh: line 25: node: command not found
Fri Jun 20 21:30:00 CDT 2025: Checking if NextJS server is running...
Fri Jun 20 21:30:00 CDT 2025: Running scheduled reports
/Users/sim/Project2/scripts/../scripts/run-simple-scheduled-reports.sh: line 16: node: command not found
Fri Jun 20 21:30:00 CDT 2025: NextJS server is running. Running scheduled reports check...
/Users/sim/Project2/scripts/../scripts/run-scheduled-reports-cron.sh: line 25: node: command not found
Fri Jun 20 21:31:00 CDT 2025: Checking if NextJS server is running...
Fri Jun 20 21:31:00 CDT 2025: Running scheduled reports
/Users/sim/Project2/scripts/../scripts/run-simple-scheduled-reports.sh: line 16: node: command not found
Fri Jun 20 21:31:00 CDT 2025: NextJS server is running. Running scheduled reports check...
/Users/sim/Project2/scripts/../scripts/run-scheduled-reports-cron.sh: line 25: node: command not found
Fri Jun 20 21:32:00 CDT 2025: Running scheduled reports
Fri Jun 20 21:32:00 CDT 2025: Checking if NextJS server is running...
/Users/sim/Project2/scripts/../scripts/run-simple-scheduled-reports.sh: line 16: node: command not found
Fri Jun 20 21:32:00 CDT 2025: NextJS server is running. Running scheduled reports check...
/Users/sim/Project2/scripts/../scripts/run-scheduled-reports-cron.sh: line 25: node: command not found
Fri Jun 20 21:33:01 CDT 2025: Running scheduled reports
Fri Jun 20 21:33:01 CDT 2025: Checking if NextJS server is running...
/Users/sim/Project2/scripts/../scripts/run-simple-scheduled-reports.sh: line 16: node: command not found
Fri Jun 20 21:33:01 CDT 2025: NextJS server is running. Running scheduled reports check...
/Users/sim/Project2/scripts/../scripts/run-scheduled-reports-cron.sh: line 25: node: command not found
Fri Jun 20 21:34:00 CDT 2025: Checking if NextJS server is running...
Fri Jun 20 21:34:00 CDT 2025: Running scheduled reports
/Users/sim/Project2/scripts/../scripts/run-simple-scheduled-reports.sh: line 16: node: command not found
Fri Jun 20 21:34:00 CDT 2025: NextJS server is running. Running scheduled reports check...
/Users/sim/Project2/scripts/../scripts/run-scheduled-reports-cron.sh: line 25: node: command not found
Fri Jun 20 21:35:00 CDT 2025: Running scheduled reports
Fri Jun 20 21:35:00 CDT 2025: Checking if NextJS server is running...
/Users/sim/Project2/scripts/../scripts/run-simple-scheduled-reports.sh: line 16: node: command not found
Fri Jun 20 21:35:00 CDT 2025: NextJS server is running. Running scheduled reports check...
/Users/sim/Project2/scripts/../scripts/run-scheduled-reports-cron.sh: line 25: node: command not found
Fri Jun 20 21:36:00 CDT 2025: Running scheduled reports
Fri Jun 20 21:36:00 CDT 2025: Checking if NextJS server is running...
/Users/sim/Project2/scripts/../scripts/run-simple-scheduled-reports.sh: line 16: node: command not found
Fri Jun 20 21:36:00 CDT 2025: NextJS server is running. Running scheduled reports check...
/Users/sim/Project2/scripts/../scripts/run-scheduled-reports-cron.sh: line 25: node: command not found
Fri Jun 20 21:37:00 CDT 2025: Running scheduled reports
Fri Jun 20 21:37:00 CDT 2025: Checking if NextJS server is running...
/Users/sim/Project2/scripts/../scripts/run-simple-scheduled-reports.sh: line 16: node: command not found
Fri Jun 20 21:37:01 CDT 2025: NextJS server is running. Running scheduled reports check...
/Users/sim/Project2/scripts/../scripts/run-scheduled-reports-cron.sh: line 25: node: command not found
Fri Jun 20 21:38:00 CDT 2025: Running scheduled reports
Fri Jun 20 21:38:00 CDT 2025: Checking if NextJS server is running...
/Users/sim/Project2/scripts/../scripts/run-simple-scheduled-reports.sh: line 16: node: command not found
Fri Jun 20 21:38:02 CDT 2025: NextJS server is running. Running scheduled reports check...
/Users/sim/Project2/scripts/../scripts/run-scheduled-reports-cron.sh: line 25: node: command not found
Fri Jun 20 21:39:00 CDT 2025: Running scheduled reports
Fri Jun 20 21:39:00 CDT 2025: Checking if NextJS server is running...
/Users/sim/Project2/scripts/../scripts/run-simple-scheduled-reports.sh: line 16: node: command not found
Fri Jun 20 21:39:00 CDT 2025: NextJS server is running. Running scheduled reports check...
/Users/sim/Project2/scripts/../scripts/run-scheduled-reports-cron.sh: line 25: node: command not found
Fri Jun 20 21:40:00 CDT 2025: Running scheduled reports
Fri Jun 20 21:40:00 CDT 2025: Checking if NextJS server is running...
/Users/sim/Project2/scripts/../scripts/run-simple-scheduled-reports.sh: line 16: node: command not found
Fri Jun 20 21:40:00 CDT 2025: NextJS server is running. Running scheduled reports check...
/Users/sim/Project2/scripts/../scripts/run-scheduled-reports-cron.sh: line 25: node: command not found
Fri Jun 20 21:41:00 CDT 2025: Running scheduled reports
Fri Jun 20 21:41:00 CDT 2025: Checking if NextJS server is running...
/Users/sim/Project2/scripts/../scripts/run-simple-scheduled-reports.sh: line 16: node: command not found
Fri Jun 20 21:41:00 CDT 2025: NextJS server is running. Running scheduled reports check...
/Users/sim/Project2/scripts/../scripts/run-scheduled-reports-cron.sh: line 25: node: command not found
Fri Jun 20 21:42:01 CDT 2025: Running scheduled reports
Fri Jun 20 21:42:01 CDT 2025: Checking if NextJS server is running...
/Users/sim/Project2/scripts/../scripts/run-simple-scheduled-reports.sh: line 16: node: command not found
Fri Jun 20 21:42:01 CDT 2025: NextJS server is running. Running scheduled reports check...
/Users/sim/Project2/scripts/../scripts/run-scheduled-reports-cron.sh: line 25: node: command not found
Fri Jun 20 21:43:00 CDT 2025: Running scheduled reports
Fri Jun 20 21:43:00 CDT 2025: Checking if NextJS server is running...
/Users/sim/Project2/scripts/../scripts/run-simple-scheduled-reports.sh: line 16: node: command not found
Fri Jun 20 21:43:00 CDT 2025: NextJS server is running. Running scheduled reports check...
/Users/sim/Project2/scripts/../scripts/run-scheduled-reports-cron.sh: line 25: node: command not found
Fri Jun 20 21:44:00 CDT 2025: Checking if NextJS server is running...
Fri Jun 20 21:44:00 CDT 2025: Running scheduled reports
/Users/sim/Project2/scripts/../scripts/run-simple-scheduled-reports.sh: line 16: node: command not found
Fri Jun 20 21:44:00 CDT 2025: NextJS server is running. Running scheduled reports check...
/Users/sim/Project2/scripts/../scripts/run-scheduled-reports-cron.sh: line 25: node: command not found
Fri Jun 20 21:45:00 CDT 2025: Running scheduled reports
Fri Jun 20 21:45:00 CDT 2025: Checking if NextJS server is running...
/Users/sim/Project2/scripts/../scripts/run-simple-scheduled-reports.sh: line 16: node: command not found
Fri Jun 20 21:45:00 CDT 2025: NextJS server is running. Running scheduled reports check...
/Users/sim/Project2/scripts/../scripts/run-scheduled-reports-cron.sh: line 25: node: command not found
Fri Jun 20 21:46:00 CDT 2025: Running scheduled reports
Fri Jun 20 21:46:00 CDT 2025: Checking if NextJS server is running...
/Users/sim/Project2/scripts/../scripts/run-simple-scheduled-reports.sh: line 16: node: command not found
Fri Jun 20 21:46:01 CDT 2025: NextJS server is running. Running scheduled reports check...
/Users/sim/Project2/scripts/../scripts/run-scheduled-reports-cron.sh: line 25: node: command not found
Fri Jun 20 21:47:00 CDT 2025: Checking if NextJS server is running...
Fri Jun 20 21:47:00 CDT 2025: Running scheduled reports
/Users/sim/Project2/scripts/../scripts/run-simple-scheduled-reports.sh: line 16: node: command not found
Fri Jun 20 21:47:00 CDT 2025: NextJS server is running. Running scheduled reports check...
/Users/sim/Project2/scripts/../scripts/run-scheduled-reports-cron.sh: line 25: node: command not found
Fri Jun 20 21:48:00 CDT 2025: Running scheduled reports
Fri Jun 20 21:48:00 CDT 2025: Checking if NextJS server is running...
/Users/sim/Project2/scripts/../scripts/run-simple-scheduled-reports.sh: line 16: node: command not found
Fri Jun 20 21:48:00 CDT 2025: NextJS server is running. Running scheduled reports check...
/Users/sim/Project2/scripts/../scripts/run-scheduled-reports-cron.sh: line 25: node: command not found
Fri Jun 20 21:49:00 CDT 2025: Running scheduled reports
Fri Jun 20 21:49:00 CDT 2025: Checking if NextJS server is running...
/Users/sim/Project2/scripts/../scripts/run-simple-scheduled-reports.sh: line 16: node: command not found
Fri Jun 20 21:49:00 CDT 2025: NextJS server is running. Running scheduled reports check...
/Users/sim/Project2/scripts/../scripts/run-scheduled-reports-cron.sh: line 25: node: command not found
Fri Jun 20 21:50:00 CDT 2025: Checking if NextJS server is running...
Fri Jun 20 21:50:00 CDT 2025: Running scheduled reports
/Users/sim/Project2/scripts/../scripts/run-simple-scheduled-reports.sh: line 16: node: command not found
Fri Jun 20 21:50:00 CDT 2025: NextJS server is running. Running scheduled reports check...
/Users/sim/Project2/scripts/../scripts/run-scheduled-reports-cron.sh: line 25: node: command not found
Fri Jun 20 21:51:00 CDT 2025: Checking if NextJS server is running...
Fri Jun 20 21:51:00 CDT 2025: Running scheduled reports
/Users/sim/Project2/scripts/../scripts/run-simple-scheduled-reports.sh: line 16: node: command not found
Fri Jun 20 21:51:01 CDT 2025: NextJS server is running. Running scheduled reports check...
/Users/sim/Project2/scripts/../scripts/run-scheduled-reports-cron.sh: line 25: node: command not found
Fri Jun 20 21:52:00 CDT 2025: Checking if NextJS server is running...
Fri Jun 20 21:52:00 CDT 2025: Running scheduled reports
/Users/sim/Project2/scripts/../scripts/run-simple-scheduled-reports.sh: line 16: node: command not found
Fri Jun 20 21:52:00 CDT 2025: NextJS server is running. Running scheduled reports check...
/Users/sim/Project2/scripts/../scripts/run-scheduled-reports-cron.sh: line 25: node: command not found
Fri Jun 20 21:53:00 CDT 2025: Running scheduled reports
Fri Jun 20 21:53:00 CDT 2025: Checking if NextJS server is running...
/Users/sim/Project2/scripts/../scripts/run-simple-scheduled-reports.sh: line 16: node: command not found
Fri Jun 20 21:53:00 CDT 2025: NextJS server is running. Running scheduled reports check...
/Users/sim/Project2/scripts/../scripts/run-scheduled-reports-cron.sh: line 25: node: command not found
Fri Jun 20 21:54:00 CDT 2025: Running scheduled reports
Fri Jun 20 21:54:00 CDT 2025: Checking if NextJS server is running...
/Users/sim/Project2/scripts/../scripts/run-simple-scheduled-reports.sh: line 16: node: command not found
Fri Jun 20 21:54:00 CDT 2025: NextJS server is running. Running scheduled reports check...
/Users/sim/Project2/scripts/../scripts/run-scheduled-reports-cron.sh: line 25: node: command not found
Fri Jun 20 21:55:00 CDT 2025: Checking if NextJS server is running...
Fri Jun 20 21:55:00 CDT 2025: Running scheduled reports
/Users/sim/Project2/scripts/../scripts/run-simple-scheduled-reports.sh: line 16: node: command not found
Fri Jun 20 21:55:00 CDT 2025: NextJS server is running. Running scheduled reports check...
/Users/sim/Project2/scripts/../scripts/run-scheduled-reports-cron.sh: line 25: node: command not found
Fri Jun 20 21:56:01 CDT 2025: Running scheduled reports
Fri Jun 20 21:56:01 CDT 2025: Checking if NextJS server is running...
/Users/sim/Project2/scripts/../scripts/run-simple-scheduled-reports.sh: line 16: node: command not found
Fri Jun 20 21:56:01 CDT 2025: NextJS server is running. Running scheduled reports check...
/Users/sim/Project2/scripts/../scripts/run-scheduled-reports-cron.sh: line 25: node: command not found
Fri Jun 20 21:57:00 CDT 2025: Running scheduled reports
Fri Jun 20 21:57:00 CDT 2025: Checking if NextJS server is running...
/Users/sim/Project2/scripts/../scripts/run-simple-scheduled-reports.sh: line 16: node: command not found
Fri Jun 20 21:57:00 CDT 2025: NextJS server is running. Running scheduled reports check...
/Users/sim/Project2/scripts/../scripts/run-scheduled-reports-cron.sh: line 25: node: command not found
Fri Jun 20 21:58:00 CDT 2025: Checking if NextJS server is running...
Fri Jun 20 21:58:00 CDT 2025: Running scheduled reports
/Users/sim/Project2/scripts/../scripts/run-simple-scheduled-reports.sh: line 16: node: command not found
Fri Jun 20 21:58:00 CDT 2025: NextJS server is running. Running scheduled reports check...
/Users/sim/Project2/scripts/../scripts/run-scheduled-reports-cron.sh: line 25: node: command not found
Fri Jun 20 21:59:00 CDT 2025: Checking if NextJS server is running...
Fri Jun 20 21:59:00 CDT 2025: Running scheduled reports
/Users/sim/Project2/scripts/../scripts/run-simple-scheduled-reports.sh: line 16: node: command not found
Fri Jun 20 21:59:00 CDT 2025: NextJS server is running. Running scheduled reports check...
/Users/sim/Project2/scripts/../scripts/run-scheduled-reports-cron.sh: line 25: node: command not found
Fri Jun 20 22:00:00 CDT 2025: Running scheduled reports
Fri Jun 20 22:00:00 CDT 2025: Checking if NextJS server is running...
/Users/sim/Project2/scripts/../scripts/run-simple-scheduled-reports.sh: line 16: node: command not found
Fri Jun 20 22:00:00 CDT 2025: NextJS server is running. Running scheduled reports check...
/Users/sim/Project2/scripts/../scripts/run-scheduled-reports-cron.sh: line 25: node: command not found
Fri Jun 20 22:01:01 CDT 2025: Running scheduled reports
Fri Jun 20 22:01:01 CDT 2025: Checking if NextJS server is running...
/Users/sim/Project2/scripts/../scripts/run-simple-scheduled-reports.sh: line 16: node: command not found
Fri Jun 20 22:01:01 CDT 2025: NextJS server is running. Running scheduled reports check...
/Users/sim/Project2/scripts/../scripts/run-scheduled-reports-cron.sh: line 25: node: command not found
Fri Jun 20 22:02:00 CDT 2025: Checking if NextJS server is running...
Fri Jun 20 22:02:00 CDT 2025: Running scheduled reports
/Users/sim/Project2/scripts/../scripts/run-simple-scheduled-reports.sh: line 16: node: command not found
Fri Jun 20 22:02:00 CDT 2025: NextJS server is running. Running scheduled reports check...
/Users/sim/Project2/scripts/../scripts/run-scheduled-reports-cron.sh: line 25: node: command not found
Fri Jun 20 22:03:00 CDT 2025: Checking if NextJS server is running...
Fri Jun 20 22:03:00 CDT 2025: Running scheduled reports
/Users/sim/Project2/scripts/../scripts/run-simple-scheduled-reports.sh: line 16: node: command not found
Fri Jun 20 22:03:00 CDT 2025: NextJS server is running. Running scheduled reports check...
/Users/sim/Project2/scripts/../scripts/run-scheduled-reports-cron.sh: line 25: node: command not found
Fri Jun 20 22:04:00 CDT 2025: Checking if NextJS server is running...
Fri Jun 20 22:04:00 CDT 2025: Running scheduled reports
/Users/sim/Project2/scripts/../scripts/run-simple-scheduled-reports.sh: line 16: node: command not found
Fri Jun 20 22:04:00 CDT 2025: NextJS server is running. Running scheduled reports check...
/Users/sim/Project2/scripts/../scripts/run-scheduled-reports-cron.sh: line 25: node: command not found
Fri Jun 20 22:05:00 CDT 2025: Running scheduled reports
Fri Jun 20 22:05:00 CDT 2025: Checking if NextJS server is running...
/Users/sim/Project2/scripts/../scripts/run-simple-scheduled-reports.sh: line 16: node: command not found
Fri Jun 20 22:05:00 CDT 2025: NextJS server is running. Running scheduled reports check...
/Users/sim/Project2/scripts/../scripts/run-scheduled-reports-cron.sh: line 25: node: command not found
Fri Jun 20 22:06:00 CDT 2025: Checking if NextJS server is running...
Fri Jun 20 22:06:00 CDT 2025: Running scheduled reports
/Users/sim/Project2/scripts/../scripts/run-simple-scheduled-reports.sh: line 16: node: command not found
Fri Jun 20 22:06:01 CDT 2025: NextJS server is running. Running scheduled reports check...
/Users/sim/Project2/scripts/../scripts/run-scheduled-reports-cron.sh: line 25: node: command not found
Fri Jun 20 22:07:00 CDT 2025: Running scheduled reports
Fri Jun 20 22:07:00 CDT 2025: Checking if NextJS server is running...
/Users/sim/Project2/scripts/../scripts/run-simple-scheduled-reports.sh: line 16: node: command not found
Fri Jun 20 22:07:00 CDT 2025: NextJS server is running. Running scheduled reports check...
/Users/sim/Project2/scripts/../scripts/run-scheduled-reports-cron.sh: line 25: node: command not found
Fri Jun 20 22:08:00 CDT 2025: Checking if NextJS server is running...
Fri Jun 20 22:08:00 CDT 2025: Running scheduled reports
/Users/sim/Project2/scripts/../scripts/run-simple-scheduled-reports.sh: line 16: node: command not found
Fri Jun 20 22:08:00 CDT 2025: NextJS server is running. Running scheduled reports check...
/Users/sim/Project2/scripts/../scripts/run-scheduled-reports-cron.sh: line 25: node: command not found
Fri Jun 20 22:09:00 CDT 2025: Running scheduled reports
Fri Jun 20 22:09:00 CDT 2025: Checking if NextJS server is running...
/Users/sim/Project2/scripts/../scripts/run-simple-scheduled-reports.sh: line 16: node: command not found
Fri Jun 20 22:09:00 CDT 2025: NextJS server is running. Running scheduled reports check...
/Users/sim/Project2/scripts/../scripts/run-scheduled-reports-cron.sh: line 25: node: command not found
Fri Jun 20 22:10:00 CDT 2025: Checking if NextJS server is running...
Fri Jun 20 22:10:00 CDT 2025: Running scheduled reports
/Users/sim/Project2/scripts/../scripts/run-simple-scheduled-reports.sh: line 16: node: command not found
Fri Jun 20 22:10:01 CDT 2025: NextJS server is running. Running scheduled reports check...
/Users/sim/Project2/scripts/../scripts/run-scheduled-reports-cron.sh: line 25: node: command not found
Fri Jun 20 22:11:00 CDT 2025: Running scheduled reports
Fri Jun 20 22:11:00 CDT 2025: Checking if NextJS server is running...
/Users/sim/Project2/scripts/../scripts/run-simple-scheduled-reports.sh: line 16: node: command not found
Fri Jun 20 22:11:01 CDT 2025: NextJS server is running. Running scheduled reports check...
/Users/sim/Project2/scripts/../scripts/run-scheduled-reports-cron.sh: line 25: node: command not found
Fri Jun 20 22:12:00 CDT 2025: Checking if NextJS server is running...
Fri Jun 20 22:12:00 CDT 2025: Running scheduled reports
/Users/sim/Project2/scripts/../scripts/run-simple-scheduled-reports.sh: line 16: node: command not found
Fri Jun 20 22:12:00 CDT 2025: NextJS server is running. Running scheduled reports check...
/Users/sim/Project2/scripts/../scripts/run-scheduled-reports-cron.sh: line 25: node: command not found
Fri Jun 20 22:13:00 CDT 2025: Running scheduled reports
Fri Jun 20 22:13:00 CDT 2025: Checking if NextJS server is running...
/Users/sim/Project2/scripts/../scripts/run-simple-scheduled-reports.sh: line 16: node: command not found
Fri Jun 20 22:13:00 CDT 2025: NextJS server is running. Running scheduled reports check...
/Users/sim/Project2/scripts/../scripts/run-scheduled-reports-cron.sh: line 25: node: command not found
Fri Jun 20 22:14:00 CDT 2025: Checking if NextJS server is running...
Fri Jun 20 22:14:00 CDT 2025: Running scheduled reports
/Users/sim/Project2/scripts/../scripts/run-simple-scheduled-reports.sh: line 16: node: command not found
Fri Jun 20 22:14:00 CDT 2025: NextJS server is running. Running scheduled reports check...
/Users/sim/Project2/scripts/../scripts/run-scheduled-reports-cron.sh: line 25: node: command not found
Fri Jun 20 22:15:00 CDT 2025: Running scheduled reports
Fri Jun 20 22:15:00 CDT 2025: Checking if NextJS server is running...
/Users/sim/Project2/scripts/../scripts/run-simple-scheduled-reports.sh: line 16: node: command not found
Fri Jun 20 22:15:01 CDT 2025: NextJS server is running. Running scheduled reports check...
/Users/sim/Project2/scripts/../scripts/run-scheduled-reports-cron.sh: line 25: node: command not found
Fri Jun 20 22:16:00 CDT 2025: Running scheduled reports
Fri Jun 20 22:16:00 CDT 2025: Checking if NextJS server is running...
/Users/sim/Project2/scripts/../scripts/run-simple-scheduled-reports.sh: line 16: node: command not found
Fri Jun 20 22:16:00 CDT 2025: NextJS server is running. Running scheduled reports check...
/Users/sim/Project2/scripts/../scripts/run-scheduled-reports-cron.sh: line 25: node: command not found
Fri Jun 20 22:17:00 CDT 2025: Running scheduled reports
Fri Jun 20 22:17:00 CDT 2025: Checking if NextJS server is running...
/Users/sim/Project2/scripts/../scripts/run-simple-scheduled-reports.sh: line 16: node: command not found
Fri Jun 20 22:17:00 CDT 2025: NextJS server is running. Running scheduled reports check...
/Users/sim/Project2/scripts/../scripts/run-scheduled-reports-cron.sh: line 25: node: command not found
Fri Jun 20 22:18:00 CDT 2025: Running scheduled reports
Fri Jun 20 22:18:00 CDT 2025: Checking if NextJS server is running...
/Users/sim/Project2/scripts/../scripts/run-simple-scheduled-reports.sh: line 16: node: command not found
Fri Jun 20 22:18:06 CDT 2025: NextJS server is running. Running scheduled reports check...
/Users/sim/Project2/scripts/../scripts/run-scheduled-reports-cron.sh: line 25: node: command not found
Fri Jun 20 22:19:00 CDT 2025: Checking if NextJS server is running...
Fri Jun 20 22:19:00 CDT 2025: Running scheduled reports
/Users/sim/Project2/scripts/../scripts/run-simple-scheduled-reports.sh: line 16: node: command not found
Fri Jun 20 22:19:04 CDT 2025: NextJS server is running. Running scheduled reports check...
/Users/sim/Project2/scripts/../scripts/run-scheduled-reports-cron.sh: line 25: node: command not found
Fri Jun 20 22:20:00 CDT 2025: Running scheduled reports
Fri Jun 20 22:20:00 CDT 2025: Checking if NextJS server is running...
/Users/sim/Project2/scripts/../scripts/run-simple-scheduled-reports.sh: line 16: node: command not found
Fri Jun 20 22:20:00 CDT 2025: NextJS server is running. Running scheduled reports check...
/Users/sim/Project2/scripts/../scripts/run-scheduled-reports-cron.sh: line 25: node: command not found
Fri Jun 20 22:21:00 CDT 2025: Checking if NextJS server is running...
Fri Jun 20 22:21:00 CDT 2025: Running scheduled reports
/Users/sim/Project2/scripts/../scripts/run-simple-scheduled-reports.sh: line 16: node: command not found
Fri Jun 20 22:21:09 CDT 2025: NextJS server is running. Running scheduled reports check...
/Users/sim/Project2/scripts/../scripts/run-scheduled-reports-cron.sh: line 25: node: command not found
Fri Jun 20 22:22:01 CDT 2025: Checking if NextJS server is running...
Fri Jun 20 22:22:01 CDT 2025: Running scheduled reports
/Users/sim/Project2/scripts/../scripts/run-simple-scheduled-reports.sh: line 16: node: command not found
Fri Jun 20 22:22:01 CDT 2025: NextJS server is running. Running scheduled reports check...
/Users/sim/Project2/scripts/../scripts/run-scheduled-reports-cron.sh: line 25: node: command not found
Fri Jun 20 22:23:00 CDT 2025: Running scheduled reports
Fri Jun 20 22:23:00 CDT 2025: Checking if NextJS server is running...
/Users/sim/Project2/scripts/../scripts/run-simple-scheduled-reports.sh: line 16: node: command not found
Fri Jun 20 22:23:00 CDT 2025: NextJS server is running. Running scheduled reports check...
/Users/sim/Project2/scripts/../scripts/run-scheduled-reports-cron.sh: line 25: node: command not found
Fri Jun 20 22:24:00 CDT 2025: Running scheduled reports
Fri Jun 20 22:24:00 CDT 2025: Checking if NextJS server is running...
/Users/sim/Project2/scripts/../scripts/run-simple-scheduled-reports.sh: line 16: node: command not found
Fri Jun 20 22:24:00 CDT 2025: NextJS server is running. Running scheduled reports check...
/Users/sim/Project2/scripts/../scripts/run-scheduled-reports-cron.sh: line 25: node: command not found
Fri Jun 20 22:25:00 CDT 2025: Running scheduled reports
Fri Jun 20 22:25:00 CDT 2025: Checking if NextJS server is running...
/Users/sim/Project2/scripts/../scripts/run-simple-scheduled-reports.sh: line 16: node: command not found
Fri Jun 20 22:25:00 CDT 2025: NextJS server is running. Running scheduled reports check...
/Users/sim/Project2/scripts/../scripts/run-scheduled-reports-cron.sh: line 25: node: command not found
Fri Jun 20 22:26:01 CDT 2025: Running scheduled reports
Fri Jun 20 22:26:01 CDT 2025: Checking if NextJS server is running...
/Users/sim/Project2/scripts/../scripts/run-simple-scheduled-reports.sh: line 16: node: command not found
Fri Jun 20 22:26:01 CDT 2025: NextJS server is running. Running scheduled reports check...
/Users/sim/Project2/scripts/../scripts/run-scheduled-reports-cron.sh: line 25: node: command not found
Fri Jun 20 22:27:00 CDT 2025: Running scheduled reports
Fri Jun 20 22:27:00 CDT 2025: Checking if NextJS server is running...
/Users/sim/Project2/scripts/../scripts/run-simple-scheduled-reports.sh: line 16: node: command not found
Fri Jun 20 22:27:00 CDT 2025: NextJS server is running. Running scheduled reports check...
/Users/sim/Project2/scripts/../scripts/run-scheduled-reports-cron.sh: line 25: node: command not found
Fri Jun 20 22:28:00 CDT 2025: Running scheduled reports
Fri Jun 20 22:28:00 CDT 2025: Checking if NextJS server is running...
/Users/sim/Project2/scripts/../scripts/run-simple-scheduled-reports.sh: line 16: node: command not found
Fri Jun 20 22:28:00 CDT 2025: NextJS server is running. Running scheduled reports check...
/Users/sim/Project2/scripts/../scripts/run-scheduled-reports-cron.sh: line 25: node: command not found
Fri Jun 20 22:29:00 CDT 2025: Checking if NextJS server is running...
Fri Jun 20 22:29:00 CDT 2025: Running scheduled reports
/Users/sim/Project2/scripts/../scripts/run-simple-scheduled-reports.sh: line 16: node: command not found
Fri Jun 20 22:29:00 CDT 2025: NextJS server is running. Running scheduled reports check...
/Users/sim/Project2/scripts/../scripts/run-scheduled-reports-cron.sh: line 25: node: command not found
Fri Jun 20 22:30:00 CDT 2025: Running scheduled reports
Fri Jun 20 22:30:00 CDT 2025: Checking if NextJS server is running...
/Users/sim/Project2/scripts/../scripts/run-simple-scheduled-reports.sh: line 16: node: command not found
Fri Jun 20 22:30:00 CDT 2025: NextJS server is running. Running scheduled reports check...
/Users/sim/Project2/scripts/../scripts/run-scheduled-reports-cron.sh: line 25: node: command not found
Fri Jun 20 22:31:01 CDT 2025: Checking if NextJS server is running...
Fri Jun 20 22:31:01 CDT 2025: Running scheduled reports
/Users/sim/Project2/scripts/../scripts/run-simple-scheduled-reports.sh: line 16: node: command not found
Fri Jun 20 22:31:01 CDT 2025: NextJS server is running. Running scheduled reports check...
/Users/sim/Project2/scripts/../scripts/run-scheduled-reports-cron.sh: line 25: node: command not found
Fri Jun 20 22:32:00 CDT 2025: Checking if NextJS server is running...
Fri Jun 20 22:32:00 CDT 2025: Running scheduled reports
/Users/sim/Project2/scripts/../scripts/run-simple-scheduled-reports.sh: line 16: node: command not found
Fri Jun 20 22:32:00 CDT 2025: NextJS server is running. Running scheduled reports check...
/Users/sim/Project2/scripts/../scripts/run-scheduled-reports-cron.sh: line 25: node: command not found
Fri Jun 20 22:33:00 CDT 2025: Checking if NextJS server is running...
Fri Jun 20 22:33:00 CDT 2025: Running scheduled reports
/Users/sim/Project2/scripts/../scripts/run-simple-scheduled-reports.sh: line 16: node: command not found
Fri Jun 20 22:33:00 CDT 2025: NextJS server is running. Running scheduled reports check...
/Users/sim/Project2/scripts/../scripts/run-scheduled-reports-cron.sh: line 25: node: command not found
Fri Jun 20 22:34:00 CDT 2025: Checking if NextJS server is running...
Fri Jun 20 22:34:00 CDT 2025: Running scheduled reports
/Users/sim/Project2/scripts/../scripts/run-simple-scheduled-reports.sh: line 16: node: command not found
Fri Jun 20 22:34:00 CDT 2025: NextJS server is running. Running scheduled reports check...
/Users/sim/Project2/scripts/../scripts/run-scheduled-reports-cron.sh: line 25: node: command not found
Fri Jun 20 22:35:01 CDT 2025: Checking if NextJS server is running...
Fri Jun 20 22:35:01 CDT 2025: Running scheduled reports
/Users/sim/Project2/scripts/../scripts/run-simple-scheduled-reports.sh: line 16: node: command not found
Fri Jun 20 22:35:01 CDT 2025: NextJS server is running. Running scheduled reports check...
/Users/sim/Project2/scripts/../scripts/run-scheduled-reports-cron.sh: line 25: node: command not found
Fri Jun 20 22:36:00 CDT 2025: Checking if NextJS server is running...
Fri Jun 20 22:36:00 CDT 2025: Running scheduled reports
/Users/sim/Project2/scripts/../scripts/run-simple-scheduled-reports.sh: line 16: node: command not found
Fri Jun 20 22:36:00 CDT 2025: NextJS server is running. Running scheduled reports check...
/Users/sim/Project2/scripts/../scripts/run-scheduled-reports-cron.sh: line 25: node: command not found
Fri Jun 20 22:37:00 CDT 2025: Checking if NextJS server is running...
Fri Jun 20 22:37:00 CDT 2025: Running scheduled reports
/Users/sim/Project2/scripts/../scripts/run-simple-scheduled-reports.sh: line 16: node: command not found
Fri Jun 20 22:37:00 CDT 2025: NextJS server is running. Running scheduled reports check...
/Users/sim/Project2/scripts/../scripts/run-scheduled-reports-cron.sh: line 25: node: command not found
Fri Jun 20 22:38:00 CDT 2025: Running scheduled reports
Fri Jun 20 22:38:00 CDT 2025: Checking if NextJS server is running...
/Users/sim/Project2/scripts/../scripts/run-simple-scheduled-reports.sh: line 16: node: command not found
Fri Jun 20 22:38:00 CDT 2025: NextJS server is running. Running scheduled reports check...
/Users/sim/Project2/scripts/../scripts/run-scheduled-reports-cron.sh: line 25: node: command not found
Fri Jun 20 22:39:01 CDT 2025: Running scheduled reports
Fri Jun 20 22:39:01 CDT 2025: Checking if NextJS server is running...
/Users/sim/Project2/scripts/../scripts/run-simple-scheduled-reports.sh: line 16: node: command not found
Fri Jun 20 22:39:01 CDT 2025: NextJS server is running. Running scheduled reports check...
/Users/sim/Project2/scripts/../scripts/run-scheduled-reports-cron.sh: line 25: node: command not found
Fri Jun 20 22:40:00 CDT 2025: Checking if NextJS server is running...
Fri Jun 20 22:40:00 CDT 2025: Running scheduled reports
/Users/sim/Project2/scripts/../scripts/run-simple-scheduled-reports.sh: line 16: node: command not found
Fri Jun 20 22:40:00 CDT 2025: NextJS server is running. Running scheduled reports check...
/Users/sim/Project2/scripts/../scripts/run-scheduled-reports-cron.sh: line 25: node: command not found
Fri Jun 20 22:41:00 CDT 2025: Checking if NextJS server is running...
Fri Jun 20 22:41:00 CDT 2025: Running scheduled reports
/Users/sim/Project2/scripts/../scripts/run-simple-scheduled-reports.sh: line 16: node: command not found
Fri Jun 20 22:41:00 CDT 2025: NextJS server is running. Running scheduled reports check...
/Users/sim/Project2/scripts/../scripts/run-scheduled-reports-cron.sh: line 25: node: command not found
Fri Jun 20 22:42:00 CDT 2025: Checking if NextJS server is running...
Fri Jun 20 22:42:00 CDT 2025: Running scheduled reports
/Users/sim/Project2/scripts/../scripts/run-simple-scheduled-reports.sh: line 16: node: command not found
Fri Jun 20 22:42:00 CDT 2025: NextJS server is running. Running scheduled reports check...
/Users/sim/Project2/scripts/../scripts/run-scheduled-reports-cron.sh: line 25: node: command not found
Fri Jun 20 22:43:01 CDT 2025: Checking if NextJS server is running...
Fri Jun 20 22:43:01 CDT 2025: Running scheduled reports
/Users/sim/Project2/scripts/../scripts/run-simple-scheduled-reports.sh: line 16: node: command not found
Fri Jun 20 22:43:01 CDT 2025: NextJS server is running. Running scheduled reports check...
/Users/sim/Project2/scripts/../scripts/run-scheduled-reports-cron.sh: line 25: node: command not found
Fri Jun 20 22:44:00 CDT 2025: Checking if NextJS server is running...
Fri Jun 20 22:44:00 CDT 2025: Running scheduled reports
/Users/sim/Project2/scripts/../scripts/run-simple-scheduled-reports.sh: line 16: node: command not found
Fri Jun 20 22:44:00 CDT 2025: NextJS server is running. Running scheduled reports check...
/Users/sim/Project2/scripts/../scripts/run-scheduled-reports-cron.sh: line 25: node: command not found
Fri Jun 20 22:45:00 CDT 2025: Checking if NextJS server is running...
Fri Jun 20 22:45:00 CDT 2025: Running scheduled reports
/Users/sim/Project2/scripts/../scripts/run-simple-scheduled-reports.sh: line 16: node: command not found
Fri Jun 20 22:45:00 CDT 2025: NextJS server is running. Running scheduled reports check...
/Users/sim/Project2/scripts/../scripts/run-scheduled-reports-cron.sh: line 25: node: command not found
Fri Jun 20 22:46:00 CDT 2025: Running scheduled reports
Fri Jun 20 22:46:00 CDT 2025: Checking if NextJS server is running...
/Users/sim/Project2/scripts/../scripts/run-simple-scheduled-reports.sh: line 16: node: command not found
Fri Jun 20 22:46:00 CDT 2025: NextJS server is running. Running scheduled reports check...
/Users/sim/Project2/scripts/../scripts/run-scheduled-reports-cron.sh: line 25: node: command not found
Fri Jun 20 22:47:01 CDT 2025: Checking if NextJS server is running...
Fri Jun 20 22:47:01 CDT 2025: Running scheduled reports
/Users/sim/Project2/scripts/../scripts/run-simple-scheduled-reports.sh: line 16: node: command not found
Fri Jun 20 22:47:01 CDT 2025: NextJS server is running. Running scheduled reports check...
/Users/sim/Project2/scripts/../scripts/run-scheduled-reports-cron.sh: line 25: node: command not found
Fri Jun 20 22:48:00 CDT 2025: Running scheduled reports
Fri Jun 20 22:48:00 CDT 2025: Checking if NextJS server is running...
/Users/sim/Project2/scripts/../scripts/run-simple-scheduled-reports.sh: line 16: node: command not found
Fri Jun 20 22:48:00 CDT 2025: NextJS server is running. Running scheduled reports check...
/Users/sim/Project2/scripts/../scripts/run-scheduled-reports-cron.sh: line 25: node: command not found
Fri Jun 20 22:49:00 CDT 2025: Running scheduled reports
Fri Jun 20 22:49:00 CDT 2025: Checking if NextJS server is running...
/Users/sim/Project2/scripts/../scripts/run-simple-scheduled-reports.sh: line 16: node: command not found
Fri Jun 20 22:49:00 CDT 2025: NextJS server is running. Running scheduled reports check...
/Users/sim/Project2/scripts/../scripts/run-scheduled-reports-cron.sh: line 25: node: command not found
Fri Jun 20 22:50:00 CDT 2025: Running scheduled reports
Fri Jun 20 22:50:00 CDT 2025: Checking if NextJS server is running...
/Users/sim/Project2/scripts/../scripts/run-simple-scheduled-reports.sh: line 16: node: command not found
Fri Jun 20 22:50:00 CDT 2025: NextJS server is running. Running scheduled reports check...
/Users/sim/Project2/scripts/../scripts/run-scheduled-reports-cron.sh: line 25: node: command not found
Fri Jun 20 22:51:01 CDT 2025: Checking if NextJS server is running...
Fri Jun 20 22:51:01 CDT 2025: Running scheduled reports
/Users/sim/Project2/scripts/../scripts/run-simple-scheduled-reports.sh: line 16: node: command not found
Fri Jun 20 22:51:01 CDT 2025: NextJS server is running. Running scheduled reports check...
/Users/sim/Project2/scripts/../scripts/run-scheduled-reports-cron.sh: line 25: node: command not found
Fri Jun 20 22:52:00 CDT 2025: Checking if NextJS server is running...
Fri Jun 20 22:52:00 CDT 2025: Running scheduled reports
/Users/sim/Project2/scripts/../scripts/run-simple-scheduled-reports.sh: line 16: node: command not found
Fri Jun 20 22:52:00 CDT 2025: NextJS server is running. Running scheduled reports check...
/Users/sim/Project2/scripts/../scripts/run-scheduled-reports-cron.sh: line 25: node: command not found
Fri Jun 20 22:53:00 CDT 2025: Checking if NextJS server is running...
Fri Jun 20 22:53:00 CDT 2025: Running scheduled reports
/Users/sim/Project2/scripts/../scripts/run-simple-scheduled-reports.sh: line 16: node: command not found
Fri Jun 20 22:53:00 CDT 2025: NextJS server is running. Running scheduled reports check...
/Users/sim/Project2/scripts/../scripts/run-scheduled-reports-cron.sh: line 25: node: command not found
Fri Jun 20 22:54:00 CDT 2025: Checking if NextJS server is running...
Fri Jun 20 22:54:00 CDT 2025: Running scheduled reports
/Users/sim/Project2/scripts/../scripts/run-simple-scheduled-reports.sh: line 16: node: command not found
Fri Jun 20 22:54:00 CDT 2025: NextJS server is running. Running scheduled reports check...
/Users/sim/Project2/scripts/../scripts/run-scheduled-reports-cron.sh: line 25: node: command not found
Fri Jun 20 22:55:01 CDT 2025: Running scheduled reports
Fri Jun 20 22:55:01 CDT 2025: Checking if NextJS server is running...
/Users/sim/Project2/scripts/../scripts/run-simple-scheduled-reports.sh: line 16: node: command not found
Fri Jun 20 22:55:01 CDT 2025: NextJS server is running. Running scheduled reports check...
/Users/sim/Project2/scripts/../scripts/run-scheduled-reports-cron.sh: line 25: node: command not found
Fri Jun 20 22:56:00 CDT 2025: Checking if NextJS server is running...
Fri Jun 20 22:56:00 CDT 2025: Running scheduled reports
/Users/sim/Project2/scripts/../scripts/run-simple-scheduled-reports.sh: line 16: node: command not found
Fri Jun 20 22:56:00 CDT 2025: NextJS server is running. Running scheduled reports check...
/Users/sim/Project2/scripts/../scripts/run-scheduled-reports-cron.sh: line 25: node: command not found
Fri Jun 20 22:57:00 CDT 2025: Checking if NextJS server is running...
Fri Jun 20 22:57:00 CDT 2025: Running scheduled reports
/Users/sim/Project2/scripts/../scripts/run-simple-scheduled-reports.sh: line 16: node: command not found
Fri Jun 20 22:57:00 CDT 2025: NextJS server is running. Running scheduled reports check...
/Users/sim/Project2/scripts/../scripts/run-scheduled-reports-cron.sh: line 25: node: command not found
Fri Jun 20 22:58:00 CDT 2025: Running scheduled reports
Fri Jun 20 22:58:00 CDT 2025: Checking if NextJS server is running...
/Users/sim/Project2/scripts/../scripts/run-simple-scheduled-reports.sh: line 16: node: command not found
Fri Jun 20 22:58:00 CDT 2025: NextJS server is running. Running scheduled reports check...
/Users/sim/Project2/scripts/../scripts/run-scheduled-reports-cron.sh: line 25: node: command not found
Fri Jun 20 22:59:00 CDT 2025: Running scheduled reports
Fri Jun 20 22:59:00 CDT 2025: Checking if NextJS server is running...
/Users/sim/Project2/scripts/../scripts/run-simple-scheduled-reports.sh: line 16: node: command not found
Fri Jun 20 22:59:01 CDT 2025: NextJS server is running. Running scheduled reports check...
/Users/sim/Project2/scripts/../scripts/run-scheduled-reports-cron.sh: line 25: node: command not found
Fri Jun 20 23:00:00 CDT 2025: Running scheduled reports
Fri Jun 20 23:00:00 CDT 2025: Checking if NextJS server is running...
/Users/sim/Project2/scripts/../scripts/run-simple-scheduled-reports.sh: line 16: node: command not found
Fri Jun 20 23:00:00 CDT 2025: NextJS server is running. Running scheduled reports check...
/Users/sim/Project2/scripts/../scripts/run-scheduled-reports-cron.sh: line 25: node: command not found
Fri Jun 20 23:01:00 CDT 2025: Running scheduled reports
Fri Jun 20 23:01:00 CDT 2025: Checking if NextJS server is running...
/Users/sim/Project2/scripts/../scripts/run-simple-scheduled-reports.sh: line 16: node: command not found
Fri Jun 20 23:01:00 CDT 2025: NextJS server is running. Running scheduled reports check...
/Users/sim/Project2/scripts/../scripts/run-scheduled-reports-cron.sh: line 25: node: command not found
Fri Jun 20 23:02:00 CDT 2025: Checking if NextJS server is running...
Fri Jun 20 23:02:00 CDT 2025: Running scheduled reports
/Users/sim/Project2/scripts/../scripts/run-simple-scheduled-reports.sh: line 16: node: command not found
Fri Jun 20 23:02:00 CDT 2025: NextJS server is running. Running scheduled reports check...
/Users/sim/Project2/scripts/../scripts/run-scheduled-reports-cron.sh: line 25: node: command not found
Fri Jun 20 23:03:00 CDT 2025: Checking if NextJS server is running...
Fri Jun 20 23:03:00 CDT 2025: Running scheduled reports
/Users/sim/Project2/scripts/../scripts/run-simple-scheduled-reports.sh: line 16: node: command not found
Fri Jun 20 23:03:00 CDT 2025: NextJS server is running. Running scheduled reports check...
/Users/sim/Project2/scripts/../scripts/run-scheduled-reports-cron.sh: line 25: node: command not found
Fri Jun 20 23:04:00 CDT 2025: Checking if NextJS server is running...
Fri Jun 20 23:04:00 CDT 2025: Running scheduled reports
/Users/sim/Project2/scripts/../scripts/run-simple-scheduled-reports.sh: line 16: node: command not found
Fri Jun 20 23:04:00 CDT 2025: NextJS server is running. Running scheduled reports check...
/Users/sim/Project2/scripts/../scripts/run-scheduled-reports-cron.sh: line 25: node: command not found
Fri Jun 20 23:05:01 CDT 2025: Running scheduled reports
Fri Jun 20 23:05:01 CDT 2025: Checking if NextJS server is running...
/Users/sim/Project2/scripts/../scripts/run-simple-scheduled-reports.sh: line 16: node: command not found
Fri Jun 20 23:05:01 CDT 2025: NextJS server is running. Running scheduled reports check...
/Users/sim/Project2/scripts/../scripts/run-scheduled-reports-cron.sh: line 25: node: command not found
Fri Jun 20 23:06:00 CDT 2025: Running scheduled reports
Fri Jun 20 23:06:00 CDT 2025: Checking if NextJS server is running...
/Users/sim/Project2/scripts/../scripts/run-simple-scheduled-reports.sh: line 16: node: command not found
Fri Jun 20 23:06:00 CDT 2025: NextJS server is running. Running scheduled reports check...
/Users/sim/Project2/scripts/../scripts/run-scheduled-reports-cron.sh: line 25: node: command not found
Fri Jun 20 23:07:00 CDT 2025: Checking if NextJS server is running...
Fri Jun 20 23:07:00 CDT 2025: Running scheduled reports
/Users/sim/Project2/scripts/../scripts/run-simple-scheduled-reports.sh: line 16: node: command not found
Fri Jun 20 23:07:00 CDT 2025: NextJS server is running. Running scheduled reports check...
/Users/sim/Project2/scripts/../scripts/run-scheduled-reports-cron.sh: line 25: node: command not found
Fri Jun 20 23:08:00 CDT 2025: Checking if NextJS server is running...
Fri Jun 20 23:08:00 CDT 2025: Running scheduled reports
/Users/sim/Project2/scripts/../scripts/run-simple-scheduled-reports.sh: line 16: node: command not found
Fri Jun 20 23:08:00 CDT 2025: NextJS server is running. Running scheduled reports check...
/Users/sim/Project2/scripts/../scripts/run-scheduled-reports-cron.sh: line 25: node: command not found
Fri Jun 20 23:09:00 CDT 2025: Checking if NextJS server is running...
Fri Jun 20 23:09:00 CDT 2025: Running scheduled reports
/Users/sim/Project2/scripts/../scripts/run-simple-scheduled-reports.sh: line 16: node: command not found
Fri Jun 20 23:09:01 CDT 2025: NextJS server is running. Running scheduled reports check...
/Users/sim/Project2/scripts/../scripts/run-scheduled-reports-cron.sh: line 25: node: command not found
Fri Jun 20 23:10:00 CDT 2025: Running scheduled reports
Fri Jun 20 23:10:00 CDT 2025: Checking if NextJS server is running...
/Users/sim/Project2/scripts/../scripts/run-simple-scheduled-reports.sh: line 16: node: command not found
Fri Jun 20 23:10:00 CDT 2025: NextJS server is running. Running scheduled reports check...
/Users/sim/Project2/scripts/../scripts/run-scheduled-reports-cron.sh: line 25: node: command not found
Fri Jun 20 23:11:00 CDT 2025: Running scheduled reports
Fri Jun 20 23:11:00 CDT 2025: Checking if NextJS server is running...
/Users/sim/Project2/scripts/../scripts/run-simple-scheduled-reports.sh: line 16: node: command not found
Fri Jun 20 23:11:00 CDT 2025: NextJS server is running. Running scheduled reports check...
/Users/sim/Project2/scripts/../scripts/run-scheduled-reports-cron.sh: line 25: node: command not found
Fri Jun 20 23:12:00 CDT 2025: Running scheduled reports
Fri Jun 20 23:12:00 CDT 2025: Checking if NextJS server is running...
/Users/sim/Project2/scripts/../scripts/run-simple-scheduled-reports.sh: line 16: node: command not found
Fri Jun 20 23:12:00 CDT 2025: NextJS server is running. Running scheduled reports check...
/Users/sim/Project2/scripts/../scripts/run-scheduled-reports-cron.sh: line 25: node: command not found
Fri Jun 20 23:13:00 CDT 2025: Checking if NextJS server is running...
Fri Jun 20 23:13:00 CDT 2025: Running scheduled reports
/Users/sim/Project2/scripts/../scripts/run-simple-scheduled-reports.sh: line 16: node: command not found
Fri Jun 20 23:13:00 CDT 2025: NextJS server is running. Running scheduled reports check...
/Users/sim/Project2/scripts/../scripts/run-scheduled-reports-cron.sh: line 25: node: command not found
Fri Jun 20 23:14:00 CDT 2025: Running scheduled reports
Fri Jun 20 23:14:00 CDT 2025: Checking if NextJS server is running...
/Users/sim/Project2/scripts/../scripts/run-simple-scheduled-reports.sh: line 16: node: command not found
Fri Jun 20 23:14:01 CDT 2025: NextJS server is running. Running scheduled reports check...
/Users/sim/Project2/scripts/../scripts/run-scheduled-reports-cron.sh: line 25: node: command not found
Fri Jun 20 23:15:00 CDT 2025: Running scheduled reports
Fri Jun 20 23:15:00 CDT 2025: Checking if NextJS server is running...
/Users/sim/Project2/scripts/../scripts/run-simple-scheduled-reports.sh: line 16: node: command not found
Fri Jun 20 23:15:00 CDT 2025: NextJS server is running. Running scheduled reports check...
/Users/sim/Project2/scripts/../scripts/run-scheduled-reports-cron.sh: line 25: node: command not found
Fri Jun 20 23:16:00 CDT 2025: Checking if NextJS server is running...
Fri Jun 20 23:16:00 CDT 2025: Running scheduled reports
/Users/sim/Project2/scripts/../scripts/run-simple-scheduled-reports.sh: line 16: node: command not found
Fri Jun 20 23:16:00 CDT 2025: NextJS server is running. Running scheduled reports check...
/Users/sim/Project2/scripts/../scripts/run-scheduled-reports-cron.sh: line 25: node: command not found
Fri Jun 20 23:17:00 CDT 2025: Checking if NextJS server is running...
Fri Jun 20 23:17:00 CDT 2025: Running scheduled reports
/Users/sim/Project2/scripts/../scripts/run-simple-scheduled-reports.sh: line 16: node: command not found
Fri Jun 20 23:17:00 CDT 2025: NextJS server is running. Running scheduled reports check...
/Users/sim/Project2/scripts/../scripts/run-scheduled-reports-cron.sh: line 25: node: command not found
Fri Jun 20 23:18:00 CDT 2025: Running scheduled reports
Fri Jun 20 23:18:00 CDT 2025: Checking if NextJS server is running...
/Users/sim/Project2/scripts/../scripts/run-simple-scheduled-reports.sh: line 16: node: command not found
Fri Jun 20 23:18:00 CDT 2025: NextJS server is running. Running scheduled reports check...
/Users/sim/Project2/scripts/../scripts/run-scheduled-reports-cron.sh: line 25: node: command not found
Fri Jun 20 23:19:01 CDT 2025: Running scheduled reports
Fri Jun 20 23:19:01 CDT 2025: Checking if NextJS server is running...
/Users/sim/Project2/scripts/../scripts/run-simple-scheduled-reports.sh: line 16: node: command not found
Fri Jun 20 23:19:01 CDT 2025: NextJS server is running. Running scheduled reports check...
/Users/sim/Project2/scripts/../scripts/run-scheduled-reports-cron.sh: line 25: node: command not found
Fri Jun 20 23:20:00 CDT 2025: Checking if NextJS server is running...
Fri Jun 20 23:20:00 CDT 2025: Running scheduled reports
/Users/sim/Project2/scripts/../scripts/run-simple-scheduled-reports.sh: line 16: node: command not found
Fri Jun 20 23:20:00 CDT 2025: NextJS server is running. Running scheduled reports check...
/Users/sim/Project2/scripts/../scripts/run-scheduled-reports-cron.sh: line 25: node: command not found
Fri Jun 20 23:21:00 CDT 2025: Checking if NextJS server is running...
Fri Jun 20 23:21:00 CDT 2025: Running scheduled reports
/Users/sim/Project2/scripts/../scripts/run-simple-scheduled-reports.sh: line 16: node: command not found
Fri Jun 20 23:21:00 CDT 2025: NextJS server is running. Running scheduled reports check...
/Users/sim/Project2/scripts/../scripts/run-scheduled-reports-cron.sh: line 25: node: command not found
Fri Jun 20 23:22:00 CDT 2025: Running scheduled reports
Fri Jun 20 23:22:00 CDT 2025: Checking if NextJS server is running...
/Users/sim/Project2/scripts/../scripts/run-simple-scheduled-reports.sh: line 16: node: command not found
Fri Jun 20 23:22:00 CDT 2025: NextJS server is running. Running scheduled reports check...
/Users/sim/Project2/scripts/../scripts/run-scheduled-reports-cron.sh: line 25: node: command not found
Fri Jun 20 23:23:00 CDT 2025: Running scheduled reports
Fri Jun 20 23:23:00 CDT 2025: Checking if NextJS server is running...
/Users/sim/Project2/scripts/../scripts/run-simple-scheduled-reports.sh: line 16: node: command not found
Fri Jun 20 23:23:00 CDT 2025: NextJS server is running. Running scheduled reports check...
/Users/sim/Project2/scripts/../scripts/run-scheduled-reports-cron.sh: line 25: node: command not found
Fri Jun 20 23:24:00 CDT 2025: Checking if NextJS server is running...
Fri Jun 20 23:24:00 CDT 2025: Running scheduled reports
/Users/sim/Project2/scripts/../scripts/run-simple-scheduled-reports.sh: line 16: node: command not found
Fri Jun 20 23:24:01 CDT 2025: NextJS server is running. Running scheduled reports check...
/Users/sim/Project2/scripts/../scripts/run-scheduled-reports-cron.sh: line 25: node: command not found
Fri Jun 20 23:25:00 CDT 2025: Checking if NextJS server is running...
Fri Jun 20 23:25:00 CDT 2025: Running scheduled reports
/Users/sim/Project2/scripts/../scripts/run-simple-scheduled-reports.sh: line 16: node: command not found
Fri Jun 20 23:25:00 CDT 2025: NextJS server is running. Running scheduled reports check...
/Users/sim/Project2/scripts/../scripts/run-scheduled-reports-cron.sh: line 25: node: command not found
Fri Jun 20 23:26:00 CDT 2025: Checking if NextJS server is running...
Fri Jun 20 23:26:00 CDT 2025: Running scheduled reports
/Users/sim/Project2/scripts/../scripts/run-simple-scheduled-reports.sh: line 16: node: command not found
Fri Jun 20 23:26:00 CDT 2025: NextJS server is running. Running scheduled reports check...
/Users/sim/Project2/scripts/../scripts/run-scheduled-reports-cron.sh: line 25: node: command not found
Fri Jun 20 23:27:00 CDT 2025: Running scheduled reports
Fri Jun 20 23:27:00 CDT 2025: Checking if NextJS server is running...
/Users/sim/Project2/scripts/../scripts/run-simple-scheduled-reports.sh: line 16: node: command not found
Fri Jun 20 23:27:00 CDT 2025: NextJS server is running. Running scheduled reports check...
/Users/sim/Project2/scripts/../scripts/run-scheduled-reports-cron.sh: line 25: node: command not found
Fri Jun 20 23:28:00 CDT 2025: Checking if NextJS server is running...
Fri Jun 20 23:28:00 CDT 2025: Running scheduled reports
/Users/sim/Project2/scripts/../scripts/run-simple-scheduled-reports.sh: line 16: node: command not found
Fri Jun 20 23:28:00 CDT 2025: NextJS server is running. Running scheduled reports check...
/Users/sim/Project2/scripts/../scripts/run-scheduled-reports-cron.sh: line 25: node: command not found
Fri Jun 20 23:29:01 CDT 2025: Checking if NextJS server is running...
Fri Jun 20 23:29:01 CDT 2025: Running scheduled reports
/Users/sim/Project2/scripts/../scripts/run-simple-scheduled-reports.sh: line 16: node: command not found
Fri Jun 20 23:29:01 CDT 2025: NextJS server is running. Running scheduled reports check...
/Users/sim/Project2/scripts/../scripts/run-scheduled-reports-cron.sh: line 25: node: command not found
Fri Jun 20 23:30:00 CDT 2025: Checking if NextJS server is running...
Fri Jun 20 23:30:00 CDT 2025: Running scheduled reports
/Users/sim/Project2/scripts/../scripts/run-simple-scheduled-reports.sh: line 16: node: command not found
Fri Jun 20 23:30:00 CDT 2025: NextJS server is running. Running scheduled reports check...
/Users/sim/Project2/scripts/../scripts/run-scheduled-reports-cron.sh: line 25: node: command not found
Fri Jun 20 23:31:00 CDT 2025: Running scheduled reports
Fri Jun 20 23:31:00 CDT 2025: Checking if NextJS server is running...
/Users/sim/Project2/scripts/../scripts/run-simple-scheduled-reports.sh: line 16: node: command not found
Fri Jun 20 23:31:00 CDT 2025: NextJS server is running. Running scheduled reports check...
/Users/sim/Project2/scripts/../scripts/run-scheduled-reports-cron.sh: line 25: node: command not found
Fri Jun 20 23:32:00 CDT 2025: Running scheduled reports
Fri Jun 20 23:32:00 CDT 2025: Checking if NextJS server is running...
/Users/sim/Project2/scripts/../scripts/run-simple-scheduled-reports.sh: line 16: node: command not found
Fri Jun 20 23:32:00 CDT 2025: NextJS server is running. Running scheduled reports check...
/Users/sim/Project2/scripts/../scripts/run-scheduled-reports-cron.sh: line 25: node: command not found
Fri Jun 20 23:33:00 CDT 2025: Running scheduled reports
Fri Jun 20 23:33:00 CDT 2025: Checking if NextJS server is running...
/Users/sim/Project2/scripts/../scripts/run-simple-scheduled-reports.sh: line 16: node: command not found
Fri Jun 20 23:33:00 CDT 2025: NextJS server is running. Running scheduled reports check...
/Users/sim/Project2/scripts/../scripts/run-scheduled-reports-cron.sh: line 25: node: command not found
Fri Jun 20 23:34:00 CDT 2025: Running scheduled reports
Fri Jun 20 23:34:00 CDT 2025: Checking if NextJS server is running...
/Users/sim/Project2/scripts/../scripts/run-simple-scheduled-reports.sh: line 16: node: command not found
Fri Jun 20 23:34:01 CDT 2025: NextJS server is running. Running scheduled reports check...
/Users/sim/Project2/scripts/../scripts/run-scheduled-reports-cron.sh: line 25: node: command not found
Fri Jun 20 23:35:00 CDT 2025: Checking if NextJS server is running...
Fri Jun 20 23:35:00 CDT 2025: Running scheduled reports
/Users/sim/Project2/scripts/../scripts/run-simple-scheduled-reports.sh: line 16: node: command not found
Fri Jun 20 23:35:00 CDT 2025: NextJS server is running. Running scheduled reports check...
/Users/sim/Project2/scripts/../scripts/run-scheduled-reports-cron.sh: line 25: node: command not found
Fri Jun 20 23:36:00 CDT 2025: Checking if NextJS server is running...
Fri Jun 20 23:36:00 CDT 2025: Running scheduled reports
/Users/sim/Project2/scripts/../scripts/run-simple-scheduled-reports.sh: line 16: node: command not found
Fri Jun 20 23:36:00 CDT 2025: NextJS server is running. Running scheduled reports check...
/Users/sim/Project2/scripts/../scripts/run-scheduled-reports-cron.sh: line 25: node: command not found
Fri Jun 20 23:37:00 CDT 2025: Checking if NextJS server is running...
Fri Jun 20 23:37:00 CDT 2025: Running scheduled reports
/Users/sim/Project2/scripts/../scripts/run-simple-scheduled-reports.sh: line 16: node: command not found
Fri Jun 20 23:37:00 CDT 2025: NextJS server is running. Running scheduled reports check...
/Users/sim/Project2/scripts/../scripts/run-scheduled-reports-cron.sh: line 25: node: command not found
Fri Jun 20 23:38:01 CDT 2025: Running scheduled reports
Fri Jun 20 23:38:01 CDT 2025: Checking if NextJS server is running...
/Users/sim/Project2/scripts/../scripts/run-simple-scheduled-reports.sh: line 16: node: command not found
Fri Jun 20 23:38:01 CDT 2025: NextJS server is running. Running scheduled reports check...
/Users/sim/Project2/scripts/../scripts/run-scheduled-reports-cron.sh: line 25: node: command not found
Fri Jun 20 23:39:00 CDT 2025: Checking if NextJS server is running...
Fri Jun 20 23:39:00 CDT 2025: Running scheduled reports
/Users/sim/Project2/scripts/../scripts/run-simple-scheduled-reports.sh: line 16: node: command not found
Fri Jun 20 23:39:00 CDT 2025: NextJS server is running. Running scheduled reports check...
/Users/sim/Project2/scripts/../scripts/run-scheduled-reports-cron.sh: line 25: node: command not found
Fri Jun 20 23:40:00 CDT 2025: Running scheduled reports
Fri Jun 20 23:40:00 CDT 2025: Checking if NextJS server is running...
/Users/sim/Project2/scripts/../scripts/run-simple-scheduled-reports.sh: line 16: node: command not found
Fri Jun 20 23:40:00 CDT 2025: NextJS server is running. Running scheduled reports check...
/Users/sim/Project2/scripts/../scripts/run-scheduled-reports-cron.sh: line 25: node: command not found
Fri Jun 20 23:41:00 CDT 2025: Checking if NextJS server is running...
Fri Jun 20 23:41:00 CDT 2025: Running scheduled reports
/Users/sim/Project2/scripts/../scripts/run-simple-scheduled-reports.sh: line 16: node: command not found
Fri Jun 20 23:41:00 CDT 2025: NextJS server is running. Running scheduled reports check...
/Users/sim/Project2/scripts/../scripts/run-scheduled-reports-cron.sh: line 25: node: command not found
Fri Jun 20 23:42:00 CDT 2025: Running scheduled reports
Fri Jun 20 23:42:00 CDT 2025: Checking if NextJS server is running...
/Users/sim/Project2/scripts/../scripts/run-simple-scheduled-reports.sh: line 16: node: command not found
Fri Jun 20 23:42:00 CDT 2025: NextJS server is running. Running scheduled reports check...
/Users/sim/Project2/scripts/../scripts/run-scheduled-reports-cron.sh: line 25: node: command not found
Fri Jun 20 23:43:01 CDT 2025: Checking if NextJS server is running...
Fri Jun 20 23:43:01 CDT 2025: Running scheduled reports
/Users/sim/Project2/scripts/../scripts/run-simple-scheduled-reports.sh: line 16: node: command not found
Fri Jun 20 23:43:01 CDT 2025: NextJS server is running. Running scheduled reports check...
/Users/sim/Project2/scripts/../scripts/run-scheduled-reports-cron.sh: line 25: node: command not found
Fri Jun 20 23:44:00 CDT 2025: Running scheduled reports
Fri Jun 20 23:44:00 CDT 2025: Checking if NextJS server is running...
/Users/sim/Project2/scripts/../scripts/run-simple-scheduled-reports.sh: line 16: node: command not found
Fri Jun 20 23:44:00 CDT 2025: NextJS server is running. Running scheduled reports check...
/Users/sim/Project2/scripts/../scripts/run-scheduled-reports-cron.sh: line 25: node: command not found
Fri Jun 20 23:45:00 CDT 2025: Running scheduled reports
Fri Jun 20 23:45:00 CDT 2025: Checking if NextJS server is running...
/Users/sim/Project2/scripts/../scripts/run-simple-scheduled-reports.sh: line 16: node: command not found
Fri Jun 20 23:45:00 CDT 2025: NextJS server is running. Running scheduled reports check...
/Users/sim/Project2/scripts/../scripts/run-scheduled-reports-cron.sh: line 25: node: command not found
Fri Jun 20 23:46:00 CDT 2025: Running scheduled reports
Fri Jun 20 23:46:00 CDT 2025: Checking if NextJS server is running...
/Users/sim/Project2/scripts/../scripts/run-simple-scheduled-reports.sh: line 16: node: command not found
Fri Jun 20 23:46:00 CDT 2025: NextJS server is running. Running scheduled reports check...
/Users/sim/Project2/scripts/../scripts/run-scheduled-reports-cron.sh: line 25: node: command not found
Fri Jun 20 23:47:00 CDT 2025: Running scheduled reports
Fri Jun 20 23:47:00 CDT 2025: Checking if NextJS server is running...
/Users/sim/Project2/scripts/../scripts/run-simple-scheduled-reports.sh: line 16: node: command not found
Fri Jun 20 23:47:01 CDT 2025: NextJS server is running. Running scheduled reports check...
/Users/sim/Project2/scripts/../scripts/run-scheduled-reports-cron.sh: line 25: node: command not found
Fri Jun 20 23:48:00 CDT 2025: Running scheduled reports
Fri Jun 20 23:48:00 CDT 2025: Checking if NextJS server is running...
/Users/sim/Project2/scripts/../scripts/run-simple-scheduled-reports.sh: line 16: node: command not found
Fri Jun 20 23:48:00 CDT 2025: NextJS server is running. Running scheduled reports check...
/Users/sim/Project2/scripts/../scripts/run-scheduled-reports-cron.sh: line 25: node: command not found
Fri Jun 20 23:49:00 CDT 2025: Running scheduled reports
Fri Jun 20 23:49:00 CDT 2025: Checking if NextJS server is running...
/Users/sim/Project2/scripts/../scripts/run-simple-scheduled-reports.sh: line 16: node: command not found
Fri Jun 20 23:49:00 CDT 2025: NextJS server is running. Running scheduled reports check...
/Users/sim/Project2/scripts/../scripts/run-scheduled-reports-cron.sh: line 25: node: command not found
Fri Jun 20 23:50:00 CDT 2025: Checking if NextJS server is running...
Fri Jun 20 23:50:00 CDT 2025: Running scheduled reports
/Users/sim/Project2/scripts/../scripts/run-simple-scheduled-reports.sh: line 16: node: command not found
Fri Jun 20 23:50:00 CDT 2025: NextJS server is running. Running scheduled reports check...
/Users/sim/Project2/scripts/../scripts/run-scheduled-reports-cron.sh: line 25: node: command not found
Fri Jun 20 23:51:00 CDT 2025: Running scheduled reports
Fri Jun 20 23:51:00 CDT 2025: Checking if NextJS server is running...
/Users/sim/Project2/scripts/../scripts/run-simple-scheduled-reports.sh: line 16: node: command not found
Fri Jun 20 23:51:01 CDT 2025: NextJS server is running. Running scheduled reports check...
/Users/sim/Project2/scripts/../scripts/run-scheduled-reports-cron.sh: line 25: node: command not found
Fri Jun 20 23:52:00 CDT 2025: Running scheduled reports
Fri Jun 20 23:52:00 CDT 2025: Checking if NextJS server is running...
/Users/sim/Project2/scripts/../scripts/run-simple-scheduled-reports.sh: line 16: node: command not found
Fri Jun 20 23:52:00 CDT 2025: NextJS server is running. Running scheduled reports check...
/Users/sim/Project2/scripts/../scripts/run-scheduled-reports-cron.sh: line 25: node: command not found
Fri Jun 20 23:53:00 CDT 2025: Checking if NextJS server is running...
Fri Jun 20 23:53:00 CDT 2025: Running scheduled reports
/Users/sim/Project2/scripts/../scripts/run-simple-scheduled-reports.sh: line 16: node: command not found
Fri Jun 20 23:53:00 CDT 2025: NextJS server is running. Running scheduled reports check...
/Users/sim/Project2/scripts/../scripts/run-scheduled-reports-cron.sh: line 25: node: command not found
Fri Jun 20 23:54:00 CDT 2025: Checking if NextJS server is running...
Fri Jun 20 23:54:00 CDT 2025: Running scheduled reports
/Users/sim/Project2/scripts/../scripts/run-simple-scheduled-reports.sh: line 16: node: command not found
Fri Jun 20 23:54:00 CDT 2025: NextJS server is running. Running scheduled reports check...
/Users/sim/Project2/scripts/../scripts/run-scheduled-reports-cron.sh: line 25: node: command not found
Fri Jun 20 23:55:00 CDT 2025: Running scheduled reports
Fri Jun 20 23:55:00 CDT 2025: Checking if NextJS server is running...
/Users/sim/Project2/scripts/../scripts/run-simple-scheduled-reports.sh: line 16: node: command not found
Fri Jun 20 23:55:00 CDT 2025: NextJS server is running. Running scheduled reports check...
/Users/sim/Project2/scripts/../scripts/run-scheduled-reports-cron.sh: line 25: node: command not found
Fri Jun 20 23:56:01 CDT 2025: Checking if NextJS server is running...
Fri Jun 20 23:56:01 CDT 2025: Running scheduled reports
/Users/sim/Project2/scripts/../scripts/run-simple-scheduled-reports.sh: line 16: node: command not found
Fri Jun 20 23:56:01 CDT 2025: NextJS server is running. Running scheduled reports check...
/Users/sim/Project2/scripts/../scripts/run-scheduled-reports-cron.sh: line 25: node: command not found
Fri Jun 20 23:57:00 CDT 2025: Checking if NextJS server is running...
Fri Jun 20 23:57:00 CDT 2025: Running scheduled reports
/Users/sim/Project2/scripts/../scripts/run-simple-scheduled-reports.sh: line 16: node: command not found
Fri Jun 20 23:57:00 CDT 2025: NextJS server is running. Running scheduled reports check...
/Users/sim/Project2/scripts/../scripts/run-scheduled-reports-cron.sh: line 25: node: command not found
Fri Jun 20 23:58:00 CDT 2025: Checking if NextJS server is running...
Fri Jun 20 23:58:00 CDT 2025: Running scheduled reports
/Users/sim/Project2/scripts/../scripts/run-simple-scheduled-reports.sh: line 16: node: command not found
Fri Jun 20 23:58:00 CDT 2025: NextJS server is running. Running scheduled reports check...
/Users/sim/Project2/scripts/../scripts/run-scheduled-reports-cron.sh: line 25: node: command not found
Fri Jun 20 23:59:00 CDT 2025: Checking if NextJS server is running...
Fri Jun 20 23:59:00 CDT 2025: Running scheduled reports
/Users/sim/Project2/scripts/../scripts/run-simple-scheduled-reports.sh: line 16: node: command not found
Fri Jun 20 23:59:00 CDT 2025: NextJS server is running. Running scheduled reports check...
/Users/sim/Project2/scripts/../scripts/run-scheduled-reports-cron.sh: line 25: node: command not found
