[2025-06-24T00:00:23.659Z] [INFO] Checking for scheduled reports...
[2025-06-24T00:00:24.295Z] [DEBUG] Connected to MongoDB
[2025-06-24T00:00:24.364Z] [INFO] Found 1 company databases
[2025-06-24T00:00:24.365Z] [DEBUG] Processing company database: company_9jxwph8g
[2025-06-24T00:00:24.459Z] [DEBUG] Finding reports to execute in company_9jxwph8g (current time: 2025-06-24T00:00:24.459Z)
[2025-06-24T00:00:24.520Z] [INFO] Found 0 reports to execute in company_9jxwph8g
[2025-06-24T00:00:24.521Z] [INFO] Scheduled reports check completed
[2025-06-24T00:00:24.523Z] [DEBUG] MongoDB connection closed
[2025-06-24T00:00:53.659Z] [INFO] Checking for scheduled reports...
[2025-06-24T00:00:54.444Z] [DEBUG] Connected to MongoDB
[2025-06-24T00:00:54.520Z] [INFO] Found 1 company databases
[2025-06-24T00:00:54.521Z] [DEBUG] Processing company database: company_9jxwph8g
[2025-06-24T00:00:54.583Z] [DEBUG] Finding reports to execute in company_9jxwph8g (current time: 2025-06-24T00:00:54.583Z)
[2025-06-24T00:00:54.664Z] [INFO] Found 0 reports to execute in company_9jxwph8g
[2025-06-24T00:00:54.664Z] [INFO] Scheduled reports check completed
[2025-06-24T00:00:54.666Z] [DEBUG] MongoDB connection closed
[2025-06-24T00:01:23.659Z] [INFO] Checking for scheduled reports...
[2025-06-24T00:01:24.287Z] [DEBUG] Connected to MongoDB
[2025-06-24T00:01:24.364Z] [INFO] Found 1 company databases
[2025-06-24T00:01:24.364Z] [DEBUG] Processing company database: company_9jxwph8g
[2025-06-24T00:01:24.437Z] [DEBUG] Finding reports to execute in company_9jxwph8g (current time: 2025-06-24T00:01:24.437Z)
[2025-06-24T00:01:24.498Z] [INFO] Found 0 reports to execute in company_9jxwph8g
[2025-06-24T00:01:24.499Z] [INFO] Scheduled reports check completed
[2025-06-24T00:01:24.502Z] [DEBUG] MongoDB connection closed
[2025-06-24T00:01:53.660Z] [INFO] Checking for scheduled reports...
[2025-06-24T00:01:54.338Z] [DEBUG] Connected to MongoDB
[2025-06-24T00:01:54.409Z] [INFO] Found 1 company databases
[2025-06-24T00:01:54.410Z] [DEBUG] Processing company database: company_9jxwph8g
[2025-06-24T00:01:54.468Z] [DEBUG] Finding reports to execute in company_9jxwph8g (current time: 2025-06-24T00:01:54.468Z)
[2025-06-24T00:01:54.527Z] [INFO] Found 0 reports to execute in company_9jxwph8g
[2025-06-24T00:01:54.528Z] [INFO] Scheduled reports check completed
[2025-06-24T00:01:54.531Z] [DEBUG] MongoDB connection closed
[2025-06-24T00:02:23.661Z] [INFO] Checking for scheduled reports...
[2025-06-24T00:02:24.509Z] [DEBUG] Connected to MongoDB
[2025-06-24T00:02:24.586Z] [INFO] Found 1 company databases
[2025-06-24T00:02:24.586Z] [DEBUG] Processing company database: company_9jxwph8g
[2025-06-24T00:02:24.661Z] [DEBUG] Finding reports to execute in company_9jxwph8g (current time: 2025-06-24T00:02:24.661Z)
[2025-06-24T00:02:24.718Z] [INFO] Found 0 reports to execute in company_9jxwph8g
[2025-06-24T00:02:24.719Z] [INFO] Scheduled reports check completed
[2025-06-24T00:02:24.721Z] [DEBUG] MongoDB connection closed
[2025-06-24T00:02:53.663Z] [INFO] Checking for scheduled reports...
[2025-06-24T00:02:54.326Z] [DEBUG] Connected to MongoDB
[2025-06-24T00:02:54.394Z] [INFO] Found 1 company databases
[2025-06-24T00:02:54.394Z] [DEBUG] Processing company database: company_9jxwph8g
[2025-06-24T00:02:54.451Z] [DEBUG] Finding reports to execute in company_9jxwph8g (current time: 2025-06-24T00:02:54.451Z)
[2025-06-24T00:02:54.508Z] [INFO] Found 0 reports to execute in company_9jxwph8g
[2025-06-24T00:02:54.509Z] [INFO] Scheduled reports check completed
[2025-06-24T00:02:54.511Z] [DEBUG] MongoDB connection closed
[2025-06-24T00:03:23.663Z] [INFO] Checking for scheduled reports...
[2025-06-24T00:03:24.459Z] [DEBUG] Connected to MongoDB
[2025-06-24T00:03:24.533Z] [INFO] Found 1 company databases
[2025-06-24T00:03:24.533Z] [DEBUG] Processing company database: company_9jxwph8g
[2025-06-24T00:03:24.624Z] [DEBUG] Finding reports to execute in company_9jxwph8g (current time: 2025-06-24T00:03:24.624Z)
[2025-06-24T00:03:24.682Z] [INFO] Found 0 reports to execute in company_9jxwph8g
[2025-06-24T00:03:24.683Z] [INFO] Scheduled reports check completed
[2025-06-24T00:03:24.684Z] [DEBUG] MongoDB connection closed
[2025-06-24T00:03:53.664Z] [INFO] Checking for scheduled reports...
[2025-06-24T00:03:54.625Z] [DEBUG] Connected to MongoDB
[2025-06-24T00:03:54.703Z] [INFO] Found 1 company databases
[2025-06-24T00:03:54.703Z] [DEBUG] Processing company database: company_9jxwph8g
[2025-06-24T00:03:54.793Z] [DEBUG] Finding reports to execute in company_9jxwph8g (current time: 2025-06-24T00:03:54.793Z)
[2025-06-24T00:03:54.854Z] [INFO] Found 0 reports to execute in company_9jxwph8g
[2025-06-24T00:03:54.855Z] [INFO] Scheduled reports check completed
[2025-06-24T00:03:54.857Z] [DEBUG] MongoDB connection closed
[2025-06-24T00:04:23.665Z] [INFO] Checking for scheduled reports...
[2025-06-24T00:04:24.319Z] [DEBUG] Connected to MongoDB
[2025-06-24T00:04:24.431Z] [INFO] Found 1 company databases
[2025-06-24T00:04:24.432Z] [DEBUG] Processing company database: company_9jxwph8g
[2025-06-24T00:04:24.499Z] [DEBUG] Finding reports to execute in company_9jxwph8g (current time: 2025-06-24T00:04:24.499Z)
[2025-06-24T00:04:24.556Z] [INFO] Found 0 reports to execute in company_9jxwph8g
[2025-06-24T00:04:24.556Z] [INFO] Scheduled reports check completed
[2025-06-24T00:04:24.558Z] [DEBUG] MongoDB connection closed
[2025-06-24T00:04:53.667Z] [INFO] Checking for scheduled reports...
[2025-06-24T00:04:54.453Z] [DEBUG] Connected to MongoDB
[2025-06-24T00:04:54.538Z] [INFO] Found 1 company databases
[2025-06-24T00:04:54.538Z] [DEBUG] Processing company database: company_9jxwph8g
[2025-06-24T00:04:54.606Z] [DEBUG] Finding reports to execute in company_9jxwph8g (current time: 2025-06-24T00:04:54.606Z)
[2025-06-24T00:04:54.673Z] [INFO] Found 0 reports to execute in company_9jxwph8g
[2025-06-24T00:04:54.674Z] [INFO] Scheduled reports check completed
[2025-06-24T00:04:54.676Z] [DEBUG] MongoDB connection closed
[2025-06-24T00:05:23.667Z] [INFO] Checking for scheduled reports...
[2025-06-24T00:05:26.736Z] [DEBUG] Connected to MongoDB
[2025-06-24T00:05:26.823Z] [INFO] Found 1 company databases
[2025-06-24T00:05:26.823Z] [DEBUG] Processing company database: company_9jxwph8g
[2025-06-24T00:05:26.956Z] [DEBUG] Finding reports to execute in company_9jxwph8g (current time: 2025-06-24T00:05:26.956Z)
[2025-06-24T00:05:27.019Z] [INFO] Found 0 reports to execute in company_9jxwph8g
[2025-06-24T00:05:27.020Z] [INFO] Scheduled reports check completed
[2025-06-24T00:05:27.024Z] [DEBUG] MongoDB connection closed
[2025-06-24T00:05:53.669Z] [INFO] Checking for scheduled reports...
[2025-06-24T00:05:55.610Z] [DEBUG] Connected to MongoDB
[2025-06-24T00:05:55.718Z] [INFO] Found 1 company databases
[2025-06-24T00:05:55.719Z] [DEBUG] Processing company database: company_9jxwph8g
[2025-06-24T00:05:55.810Z] [DEBUG] Finding reports to execute in company_9jxwph8g (current time: 2025-06-24T00:05:55.810Z)
[2025-06-24T00:05:55.890Z] [INFO] Found 0 reports to execute in company_9jxwph8g
[2025-06-24T00:05:55.891Z] [INFO] Scheduled reports check completed
[2025-06-24T00:05:55.893Z] [DEBUG] MongoDB connection closed
[2025-06-24T00:06:23.670Z] [INFO] Checking for scheduled reports...
[2025-06-24T00:06:25.630Z] [DEBUG] Connected to MongoDB
[2025-06-24T00:06:25.770Z] [INFO] Found 1 company databases
[2025-06-24T00:06:25.770Z] [DEBUG] Processing company database: company_9jxwph8g
[2025-06-24T00:06:25.965Z] [DEBUG] Finding reports to execute in company_9jxwph8g (current time: 2025-06-24T00:06:25.965Z)
[2025-06-24T00:06:26.030Z] [INFO] Found 0 reports to execute in company_9jxwph8g
[2025-06-24T00:06:26.031Z] [INFO] Scheduled reports check completed
[2025-06-24T00:06:26.032Z] [DEBUG] MongoDB connection closed
[2025-06-24T00:06:53.670Z] [INFO] Checking for scheduled reports...
[2025-06-24T00:06:54.731Z] [DEBUG] Connected to MongoDB
[2025-06-24T00:06:54.802Z] [INFO] Found 1 company databases
[2025-06-24T00:06:54.803Z] [DEBUG] Processing company database: company_9jxwph8g
[2025-06-24T00:06:54.915Z] [DEBUG] Finding reports to execute in company_9jxwph8g (current time: 2025-06-24T00:06:54.915Z)
[2025-06-24T00:06:54.993Z] [INFO] Found 0 reports to execute in company_9jxwph8g
[2025-06-24T00:06:54.993Z] [INFO] Scheduled reports check completed
[2025-06-24T00:06:54.995Z] [DEBUG] MongoDB connection closed
[2025-06-24T00:07:23.671Z] [INFO] Checking for scheduled reports...
[2025-06-24T00:07:24.461Z] [DEBUG] Connected to MongoDB
[2025-06-24T00:07:24.559Z] [INFO] Found 1 company databases
[2025-06-24T00:07:24.560Z] [DEBUG] Processing company database: company_9jxwph8g
[2025-06-24T00:07:24.648Z] [DEBUG] Finding reports to execute in company_9jxwph8g (current time: 2025-06-24T00:07:24.648Z)
[2025-06-24T00:07:24.713Z] [INFO] Found 0 reports to execute in company_9jxwph8g
[2025-06-24T00:07:24.713Z] [INFO] Scheduled reports check completed
[2025-06-24T00:07:24.715Z] [DEBUG] MongoDB connection closed
[2025-06-24T00:07:53.673Z] [INFO] Checking for scheduled reports...
[2025-06-24T00:07:54.637Z] [DEBUG] Connected to MongoDB
[2025-06-24T00:07:54.712Z] [INFO] Found 1 company databases
[2025-06-24T00:07:54.713Z] [DEBUG] Processing company database: company_9jxwph8g
[2025-06-24T00:07:54.774Z] [DEBUG] Finding reports to execute in company_9jxwph8g (current time: 2025-06-24T00:07:54.774Z)
[2025-06-24T00:07:54.835Z] [INFO] Found 0 reports to execute in company_9jxwph8g
[2025-06-24T00:07:54.836Z] [INFO] Scheduled reports check completed
[2025-06-24T00:07:54.838Z] [DEBUG] MongoDB connection closed
[2025-06-24T00:08:23.673Z] [INFO] Checking for scheduled reports...
[2025-06-24T00:08:25.584Z] [DEBUG] Connected to MongoDB
[2025-06-24T00:08:25.844Z] [INFO] Found 1 company databases
[2025-06-24T00:08:25.845Z] [DEBUG] Processing company database: company_9jxwph8g
[2025-06-24T00:08:25.924Z] [DEBUG] Finding reports to execute in company_9jxwph8g (current time: 2025-06-24T00:08:25.924Z)
[2025-06-24T00:08:25.986Z] [INFO] Found 0 reports to execute in company_9jxwph8g
[2025-06-24T00:08:25.986Z] [INFO] Scheduled reports check completed
[2025-06-24T00:08:25.988Z] [DEBUG] MongoDB connection closed
[2025-06-24T00:08:53.674Z] [INFO] Checking for scheduled reports...
[2025-06-24T00:08:54.363Z] [DEBUG] Connected to MongoDB
[2025-06-24T00:08:54.431Z] [INFO] Found 1 company databases
[2025-06-24T00:08:54.431Z] [DEBUG] Processing company database: company_9jxwph8g
[2025-06-24T00:08:54.490Z] [DEBUG] Finding reports to execute in company_9jxwph8g (current time: 2025-06-24T00:08:54.490Z)
[2025-06-24T00:08:54.559Z] [INFO] Found 0 reports to execute in company_9jxwph8g
[2025-06-24T00:08:54.560Z] [INFO] Scheduled reports check completed
[2025-06-24T00:08:54.562Z] [DEBUG] MongoDB connection closed
[2025-06-24T00:09:23.674Z] [INFO] Checking for scheduled reports...
[2025-06-24T00:09:24.408Z] [DEBUG] Connected to MongoDB
[2025-06-24T00:09:24.480Z] [INFO] Found 1 company databases
[2025-06-24T00:09:24.480Z] [DEBUG] Processing company database: company_9jxwph8g
[2025-06-24T00:09:24.552Z] [DEBUG] Finding reports to execute in company_9jxwph8g (current time: 2025-06-24T00:09:24.552Z)
[2025-06-24T00:09:24.619Z] [INFO] Found 0 reports to execute in company_9jxwph8g
[2025-06-24T00:09:24.619Z] [INFO] Scheduled reports check completed
[2025-06-24T00:09:24.621Z] [DEBUG] MongoDB connection closed
[2025-06-24T00:09:53.675Z] [INFO] Checking for scheduled reports...
[2025-06-24T00:09:54.470Z] [DEBUG] Connected to MongoDB
[2025-06-24T00:09:54.540Z] [INFO] Found 1 company databases
[2025-06-24T00:09:54.540Z] [DEBUG] Processing company database: company_9jxwph8g
[2025-06-24T00:09:54.600Z] [DEBUG] Finding reports to execute in company_9jxwph8g (current time: 2025-06-24T00:09:54.600Z)
[2025-06-24T00:09:54.662Z] [INFO] Found 0 reports to execute in company_9jxwph8g
[2025-06-24T00:09:54.663Z] [INFO] Scheduled reports check completed
[2025-06-24T00:09:54.664Z] [DEBUG] MongoDB connection closed
[2025-06-24T00:10:23.676Z] [INFO] Checking for scheduled reports...
[2025-06-24T00:10:24.288Z] [DEBUG] Connected to MongoDB
[2025-06-24T00:10:24.358Z] [INFO] Found 1 company databases
[2025-06-24T00:10:24.358Z] [DEBUG] Processing company database: company_9jxwph8g
[2025-06-24T00:10:24.426Z] [DEBUG] Finding reports to execute in company_9jxwph8g (current time: 2025-06-24T00:10:24.426Z)
[2025-06-24T00:10:24.484Z] [INFO] Found 0 reports to execute in company_9jxwph8g
[2025-06-24T00:10:24.484Z] [INFO] Scheduled reports check completed
[2025-06-24T00:10:24.485Z] [DEBUG] MongoDB connection closed
[2025-06-24T00:10:53.678Z] [INFO] Checking for scheduled reports...
[2025-06-24T00:10:54.384Z] [DEBUG] Connected to MongoDB
[2025-06-24T00:10:54.453Z] [INFO] Found 1 company databases
[2025-06-24T00:10:54.453Z] [DEBUG] Processing company database: company_9jxwph8g
[2025-06-24T00:10:54.512Z] [DEBUG] Finding reports to execute in company_9jxwph8g (current time: 2025-06-24T00:10:54.512Z)
[2025-06-24T00:10:54.569Z] [INFO] Found 0 reports to execute in company_9jxwph8g
[2025-06-24T00:10:54.570Z] [INFO] Scheduled reports check completed
[2025-06-24T00:10:54.571Z] [DEBUG] MongoDB connection closed
[2025-06-24T00:11:23.678Z] [INFO] Checking for scheduled reports...
[2025-06-24T00:11:24.441Z] [DEBUG] Connected to MongoDB
[2025-06-24T00:11:24.513Z] [INFO] Found 1 company databases
[2025-06-24T00:11:24.513Z] [DEBUG] Processing company database: company_9jxwph8g
[2025-06-24T00:11:24.579Z] [DEBUG] Finding reports to execute in company_9jxwph8g (current time: 2025-06-24T00:11:24.579Z)
[2025-06-24T00:11:24.646Z] [INFO] Found 0 reports to execute in company_9jxwph8g
[2025-06-24T00:11:24.647Z] [INFO] Scheduled reports check completed
[2025-06-24T00:11:24.649Z] [DEBUG] MongoDB connection closed
[2025-06-24T00:11:53.680Z] [INFO] Checking for scheduled reports...
[2025-06-24T00:11:54.392Z] [DEBUG] Connected to MongoDB
[2025-06-24T00:11:54.464Z] [INFO] Found 1 company databases
[2025-06-24T00:11:54.465Z] [DEBUG] Processing company database: company_9jxwph8g
[2025-06-24T00:11:54.526Z] [DEBUG] Finding reports to execute in company_9jxwph8g (current time: 2025-06-24T00:11:54.526Z)
[2025-06-24T00:11:54.588Z] [INFO] Found 0 reports to execute in company_9jxwph8g
[2025-06-24T00:11:54.589Z] [INFO] Scheduled reports check completed
[2025-06-24T00:11:54.591Z] [DEBUG] MongoDB connection closed
[2025-06-24T00:12:23.680Z] [INFO] Checking for scheduled reports...
[2025-06-24T00:12:24.297Z] [DEBUG] Connected to MongoDB
[2025-06-24T00:12:24.374Z] [INFO] Found 1 company databases
[2025-06-24T00:12:24.374Z] [DEBUG] Processing company database: company_9jxwph8g
[2025-06-24T00:12:24.435Z] [DEBUG] Finding reports to execute in company_9jxwph8g (current time: 2025-06-24T00:12:24.435Z)
[2025-06-24T00:12:24.495Z] [INFO] Found 0 reports to execute in company_9jxwph8g
[2025-06-24T00:12:24.496Z] [INFO] Scheduled reports check completed
[2025-06-24T00:12:24.497Z] [DEBUG] MongoDB connection closed
[2025-06-24T00:12:53.680Z] [INFO] Checking for scheduled reports...
[2025-06-24T00:12:54.447Z] [DEBUG] Connected to MongoDB
[2025-06-24T00:12:54.520Z] [INFO] Found 1 company databases
[2025-06-24T00:12:54.520Z] [DEBUG] Processing company database: company_9jxwph8g
[2025-06-24T00:12:54.590Z] [DEBUG] Finding reports to execute in company_9jxwph8g (current time: 2025-06-24T00:12:54.590Z)
[2025-06-24T00:12:54.665Z] [INFO] Found 0 reports to execute in company_9jxwph8g
[2025-06-24T00:12:54.666Z] [INFO] Scheduled reports check completed
[2025-06-24T00:12:54.667Z] [DEBUG] MongoDB connection closed
[2025-06-24T00:13:23.681Z] [INFO] Checking for scheduled reports...
[2025-06-24T00:13:24.364Z] [DEBUG] Connected to MongoDB
[2025-06-24T00:13:24.435Z] [INFO] Found 1 company databases
[2025-06-24T00:13:24.435Z] [DEBUG] Processing company database: company_9jxwph8g
[2025-06-24T00:13:24.495Z] [DEBUG] Finding reports to execute in company_9jxwph8g (current time: 2025-06-24T00:13:24.495Z)
[2025-06-24T00:13:24.559Z] [INFO] Found 0 reports to execute in company_9jxwph8g
[2025-06-24T00:13:24.560Z] [INFO] Scheduled reports check completed
[2025-06-24T00:13:24.562Z] [DEBUG] MongoDB connection closed
[2025-06-24T00:13:53.682Z] [INFO] Checking for scheduled reports...
[2025-06-24T00:13:54.427Z] [DEBUG] Connected to MongoDB
[2025-06-24T00:13:54.498Z] [INFO] Found 1 company databases
[2025-06-24T00:13:54.499Z] [DEBUG] Processing company database: company_9jxwph8g
[2025-06-24T00:13:54.556Z] [DEBUG] Finding reports to execute in company_9jxwph8g (current time: 2025-06-24T00:13:54.555Z)
[2025-06-24T00:13:54.613Z] [INFO] Found 0 reports to execute in company_9jxwph8g
[2025-06-24T00:13:54.614Z] [INFO] Scheduled reports check completed
[2025-06-24T00:13:54.615Z] [DEBUG] MongoDB connection closed
[2025-06-24T00:14:23.683Z] [INFO] Checking for scheduled reports...
[2025-06-24T00:14:24.390Z] [DEBUG] Connected to MongoDB
[2025-06-24T00:14:24.459Z] [INFO] Found 1 company databases
[2025-06-24T00:14:24.460Z] [DEBUG] Processing company database: company_9jxwph8g
[2025-06-24T00:14:24.545Z] [DEBUG] Finding reports to execute in company_9jxwph8g (current time: 2025-06-24T00:14:24.545Z)
[2025-06-24T00:14:24.604Z] [INFO] Found 0 reports to execute in company_9jxwph8g
[2025-06-24T00:14:24.604Z] [INFO] Scheduled reports check completed
[2025-06-24T00:14:24.605Z] [DEBUG] MongoDB connection closed
[2025-06-24T00:14:53.683Z] [INFO] Checking for scheduled reports...
[2025-06-24T00:14:54.371Z] [DEBUG] Connected to MongoDB
[2025-06-24T00:14:54.448Z] [INFO] Found 1 company databases
[2025-06-24T00:14:54.448Z] [DEBUG] Processing company database: company_9jxwph8g
[2025-06-24T00:14:54.504Z] [DEBUG] Finding reports to execute in company_9jxwph8g (current time: 2025-06-24T00:14:54.504Z)
[2025-06-24T00:14:54.561Z] [INFO] Found 0 reports to execute in company_9jxwph8g
[2025-06-24T00:14:54.561Z] [INFO] Scheduled reports check completed
[2025-06-24T00:14:54.563Z] [DEBUG] MongoDB connection closed
[2025-06-24T00:15:23.684Z] [INFO] Checking for scheduled reports...
[2025-06-24T00:15:24.302Z] [DEBUG] Connected to MongoDB
[2025-06-24T00:15:24.369Z] [INFO] Found 1 company databases
[2025-06-24T00:15:24.370Z] [DEBUG] Processing company database: company_9jxwph8g
[2025-06-24T00:15:24.429Z] [DEBUG] Finding reports to execute in company_9jxwph8g (current time: 2025-06-24T00:15:24.429Z)
[2025-06-24T00:15:24.487Z] [INFO] Found 0 reports to execute in company_9jxwph8g
[2025-06-24T00:15:24.487Z] [INFO] Scheduled reports check completed
[2025-06-24T00:15:24.488Z] [DEBUG] MongoDB connection closed
[2025-06-24T00:15:53.685Z] [INFO] Checking for scheduled reports...
[2025-06-24T00:15:54.477Z] [DEBUG] Connected to MongoDB
[2025-06-24T00:15:54.546Z] [INFO] Found 1 company databases
[2025-06-24T00:15:54.547Z] [DEBUG] Processing company database: company_9jxwph8g
[2025-06-24T00:15:54.606Z] [DEBUG] Finding reports to execute in company_9jxwph8g (current time: 2025-06-24T00:15:54.606Z)
[2025-06-24T00:15:54.669Z] [INFO] Found 0 reports to execute in company_9jxwph8g
[2025-06-24T00:15:54.670Z] [INFO] Scheduled reports check completed
[2025-06-24T00:15:54.672Z] [DEBUG] MongoDB connection closed
[2025-06-24T00:15:56.276Z] [INFO] Starting scheduled reports daemon with check interval of 30000ms
[2025-06-24T00:15:56.278Z] [INFO] Checking for scheduled reports...
[2025-06-24T00:15:57.011Z] [DEBUG] Connected to MongoDB
[2025-06-24T00:15:57.086Z] [INFO] Found 1 company databases
[2025-06-24T00:15:57.087Z] [DEBUG] Processing company database: company_9jxwph8g
[2025-06-24T00:15:57.146Z] [DEBUG] Finding reports to execute in company_9jxwph8g (current time: 2025-06-24T00:15:57.146Z)
[2025-06-24T00:15:57.204Z] [INFO] Found 0 reports to execute in company_9jxwph8g
[2025-06-24T00:15:57.204Z] [INFO] Scheduled reports check completed
[2025-06-24T00:15:57.207Z] [DEBUG] MongoDB connection closed
[2025-06-24T00:15:57.207Z] [INFO] Daemon is now running continuously...
[2025-06-24T00:16:23.686Z] [INFO] Checking for scheduled reports...
[2025-06-24T00:16:24.341Z] [DEBUG] Connected to MongoDB
[2025-06-24T00:16:24.413Z] [INFO] Found 1 company databases
[2025-06-24T00:16:24.413Z] [DEBUG] Processing company database: company_9jxwph8g
[2025-06-24T00:16:24.477Z] [DEBUG] Finding reports to execute in company_9jxwph8g (current time: 2025-06-24T00:16:24.477Z)
[2025-06-24T00:16:24.534Z] [INFO] Found 0 reports to execute in company_9jxwph8g
[2025-06-24T00:16:24.534Z] [INFO] Scheduled reports check completed
[2025-06-24T00:16:24.536Z] [DEBUG] MongoDB connection closed
[2025-06-24T00:16:53.686Z] [INFO] Checking for scheduled reports...
[2025-06-24T00:16:54.435Z] [DEBUG] Connected to MongoDB
[2025-06-24T00:16:54.504Z] [INFO] Found 1 company databases
[2025-06-24T00:16:54.505Z] [DEBUG] Processing company database: company_9jxwph8g
[2025-06-24T00:16:54.569Z] [DEBUG] Finding reports to execute in company_9jxwph8g (current time: 2025-06-24T00:16:54.569Z)
[2025-06-24T00:16:54.643Z] [INFO] Found 0 reports to execute in company_9jxwph8g
[2025-06-24T00:16:54.644Z] [INFO] Scheduled reports check completed
[2025-06-24T00:16:54.646Z] [DEBUG] MongoDB connection closed
[2025-06-24T00:17:23.686Z] [INFO] Checking for scheduled reports...
[2025-06-24T00:17:24.355Z] [DEBUG] Connected to MongoDB
[2025-06-24T00:17:24.423Z] [INFO] Found 1 company databases
[2025-06-24T00:17:24.424Z] [DEBUG] Processing company database: company_9jxwph8g
[2025-06-24T00:17:24.483Z] [DEBUG] Finding reports to execute in company_9jxwph8g (current time: 2025-06-24T00:17:24.483Z)
[2025-06-24T00:17:24.541Z] [INFO] Found 0 reports to execute in company_9jxwph8g
[2025-06-24T00:17:24.542Z] [INFO] Scheduled reports check completed
[2025-06-24T00:17:24.544Z] [DEBUG] MongoDB connection closed
[2025-06-24T00:17:53.687Z] [INFO] Checking for scheduled reports...
[2025-06-24T00:17:54.423Z] [DEBUG] Connected to MongoDB
[2025-06-24T00:17:54.494Z] [INFO] Found 1 company databases
[2025-06-24T00:17:54.494Z] [DEBUG] Processing company database: company_9jxwph8g
[2025-06-24T00:17:54.554Z] [DEBUG] Finding reports to execute in company_9jxwph8g (current time: 2025-06-24T00:17:54.554Z)
[2025-06-24T00:17:54.612Z] [INFO] Found 0 reports to execute in company_9jxwph8g
[2025-06-24T00:17:54.613Z] [INFO] Scheduled reports check completed
[2025-06-24T00:17:54.615Z] [DEBUG] MongoDB connection closed
[2025-06-24T00:18:23.688Z] [INFO] Checking for scheduled reports...
[2025-06-24T00:18:24.309Z] [DEBUG] Connected to MongoDB
[2025-06-24T00:18:24.379Z] [INFO] Found 1 company databases
[2025-06-24T00:18:24.379Z] [DEBUG] Processing company database: company_9jxwph8g
[2025-06-24T00:18:24.441Z] [DEBUG] Finding reports to execute in company_9jxwph8g (current time: 2025-06-24T00:18:24.441Z)
[2025-06-24T00:18:24.505Z] [INFO] Found 0 reports to execute in company_9jxwph8g
[2025-06-24T00:18:24.506Z] [INFO] Scheduled reports check completed
[2025-06-24T00:18:24.508Z] [DEBUG] MongoDB connection closed
[2025-06-24T00:18:53.689Z] [INFO] Checking for scheduled reports...
[2025-06-24T00:18:54.433Z] [DEBUG] Connected to MongoDB
[2025-06-24T00:18:54.502Z] [INFO] Found 1 company databases
[2025-06-24T00:18:54.503Z] [DEBUG] Processing company database: company_9jxwph8g
[2025-06-24T00:18:54.560Z] [DEBUG] Finding reports to execute in company_9jxwph8g (current time: 2025-06-24T00:18:54.560Z)
[2025-06-24T00:18:54.618Z] [INFO] Found 0 reports to execute in company_9jxwph8g
[2025-06-24T00:18:54.619Z] [INFO] Scheduled reports check completed
[2025-06-24T00:18:54.621Z] [DEBUG] MongoDB connection closed
[2025-06-24T00:19:23.690Z] [INFO] Checking for scheduled reports...
[2025-06-24T00:19:24.311Z] [DEBUG] Connected to MongoDB
[2025-06-24T00:19:24.379Z] [INFO] Found 1 company databases
[2025-06-24T00:19:24.380Z] [DEBUG] Processing company database: company_9jxwph8g
[2025-06-24T00:19:24.452Z] [DEBUG] Finding reports to execute in company_9jxwph8g (current time: 2025-06-24T00:19:24.452Z)
[2025-06-24T00:19:24.510Z] [INFO] Found 0 reports to execute in company_9jxwph8g
[2025-06-24T00:19:24.511Z] [INFO] Scheduled reports check completed
[2025-06-24T00:19:24.513Z] [DEBUG] MongoDB connection closed
[2025-06-24T00:19:53.691Z] [INFO] Checking for scheduled reports...
[2025-06-24T00:19:54.413Z] [DEBUG] Connected to MongoDB
[2025-06-24T00:19:54.485Z] [INFO] Found 1 company databases
[2025-06-24T00:19:54.485Z] [DEBUG] Processing company database: company_9jxwph8g
[2025-06-24T00:19:54.574Z] [DEBUG] Finding reports to execute in company_9jxwph8g (current time: 2025-06-24T00:19:54.574Z)
[2025-06-24T00:19:54.629Z] [INFO] Found 0 reports to execute in company_9jxwph8g
[2025-06-24T00:19:54.629Z] [INFO] Scheduled reports check completed
[2025-06-24T00:19:54.631Z] [DEBUG] MongoDB connection closed
[2025-06-24T00:20:23.692Z] [INFO] Checking for scheduled reports...
[2025-06-24T00:20:24.443Z] [DEBUG] Connected to MongoDB
[2025-06-24T00:20:24.515Z] [INFO] Found 1 company databases
[2025-06-24T00:20:24.516Z] [DEBUG] Processing company database: company_9jxwph8g
[2025-06-24T00:20:24.573Z] [DEBUG] Finding reports to execute in company_9jxwph8g (current time: 2025-06-24T00:20:24.573Z)
[2025-06-24T00:20:24.629Z] [INFO] Found 0 reports to execute in company_9jxwph8g
[2025-06-24T00:20:24.629Z] [INFO] Scheduled reports check completed
[2025-06-24T00:20:24.630Z] [DEBUG] MongoDB connection closed
[2025-06-24T00:20:53.692Z] [INFO] Checking for scheduled reports...
[2025-06-24T00:20:54.407Z] [DEBUG] Connected to MongoDB
[2025-06-24T00:20:54.476Z] [INFO] Found 1 company databases
[2025-06-24T00:20:54.476Z] [DEBUG] Processing company database: company_9jxwph8g
[2025-06-24T00:20:54.534Z] [DEBUG] Finding reports to execute in company_9jxwph8g (current time: 2025-06-24T00:20:54.534Z)
[2025-06-24T00:20:54.589Z] [INFO] Found 0 reports to execute in company_9jxwph8g
[2025-06-24T00:20:54.589Z] [INFO] Scheduled reports check completed
[2025-06-24T00:20:54.590Z] [DEBUG] MongoDB connection closed
[2025-06-24T00:21:23.693Z] [INFO] Checking for scheduled reports...
[2025-06-24T00:21:24.319Z] [DEBUG] Connected to MongoDB
[2025-06-24T00:21:24.395Z] [INFO] Found 1 company databases
[2025-06-24T00:21:24.396Z] [DEBUG] Processing company database: company_9jxwph8g
[2025-06-24T00:21:24.456Z] [DEBUG] Finding reports to execute in company_9jxwph8g (current time: 2025-06-24T00:21:24.456Z)
[2025-06-24T00:21:24.511Z] [INFO] Found 0 reports to execute in company_9jxwph8g
[2025-06-24T00:21:24.512Z] [INFO] Scheduled reports check completed
[2025-06-24T00:21:24.514Z] [DEBUG] MongoDB connection closed
[2025-06-24T00:21:53.695Z] [INFO] Checking for scheduled reports...
[2025-06-24T00:21:54.565Z] [DEBUG] Connected to MongoDB
[2025-06-24T00:21:54.665Z] [INFO] Found 1 company databases
[2025-06-24T00:21:54.666Z] [DEBUG] Processing company database: company_9jxwph8g
[2025-06-24T00:21:54.744Z] [DEBUG] Finding reports to execute in company_9jxwph8g (current time: 2025-06-24T00:21:54.744Z)
[2025-06-24T00:21:54.808Z] [INFO] Found 0 reports to execute in company_9jxwph8g
[2025-06-24T00:21:54.809Z] [INFO] Scheduled reports check completed
[2025-06-24T00:21:54.811Z] [DEBUG] MongoDB connection closed
[2025-06-24T00:22:23.696Z] [INFO] Checking for scheduled reports...
[2025-06-24T00:22:24.303Z] [DEBUG] Connected to MongoDB
[2025-06-24T00:22:24.375Z] [INFO] Found 1 company databases
[2025-06-24T00:22:24.376Z] [DEBUG] Processing company database: company_9jxwph8g
[2025-06-24T00:22:24.434Z] [DEBUG] Finding reports to execute in company_9jxwph8g (current time: 2025-06-24T00:22:24.434Z)
[2025-06-24T00:22:24.491Z] [INFO] Found 0 reports to execute in company_9jxwph8g
[2025-06-24T00:22:24.492Z] [INFO] Scheduled reports check completed
[2025-06-24T00:22:24.494Z] [DEBUG] MongoDB connection closed
[2025-06-24T00:22:53.697Z] [INFO] Checking for scheduled reports...
[2025-06-24T00:22:54.393Z] [DEBUG] Connected to MongoDB
[2025-06-24T00:22:54.468Z] [INFO] Found 1 company databases
[2025-06-24T00:22:54.468Z] [DEBUG] Processing company database: company_9jxwph8g
[2025-06-24T00:22:54.529Z] [DEBUG] Finding reports to execute in company_9jxwph8g (current time: 2025-06-24T00:22:54.529Z)
[2025-06-24T00:22:54.592Z] [INFO] Found 0 reports to execute in company_9jxwph8g
[2025-06-24T00:22:54.593Z] [INFO] Scheduled reports check completed
[2025-06-24T00:22:54.595Z] [DEBUG] MongoDB connection closed
[2025-06-24T00:23:23.699Z] [INFO] Checking for scheduled reports...
[2025-06-24T00:23:24.408Z] [DEBUG] Connected to MongoDB
[2025-06-24T00:23:24.478Z] [INFO] Found 1 company databases
[2025-06-24T00:23:24.479Z] [DEBUG] Processing company database: company_9jxwph8g
[2025-06-24T00:23:24.538Z] [DEBUG] Finding reports to execute in company_9jxwph8g (current time: 2025-06-24T00:23:24.538Z)
[2025-06-24T00:23:24.595Z] [INFO] Found 0 reports to execute in company_9jxwph8g
[2025-06-24T00:23:24.596Z] [INFO] Scheduled reports check completed
[2025-06-24T00:23:24.598Z] [DEBUG] MongoDB connection closed
[2025-06-24T00:23:53.699Z] [INFO] Checking for scheduled reports...
[2025-06-24T00:23:54.395Z] [DEBUG] Connected to MongoDB
[2025-06-24T00:23:54.467Z] [INFO] Found 1 company databases
[2025-06-24T00:23:54.467Z] [DEBUG] Processing company database: company_9jxwph8g
[2025-06-24T00:23:54.524Z] [DEBUG] Finding reports to execute in company_9jxwph8g (current time: 2025-06-24T00:23:54.524Z)
[2025-06-24T00:23:54.582Z] [INFO] Found 0 reports to execute in company_9jxwph8g
[2025-06-24T00:23:54.583Z] [INFO] Scheduled reports check completed
[2025-06-24T00:23:54.584Z] [DEBUG] MongoDB connection closed
[2025-06-24T00:24:23.701Z] [INFO] Checking for scheduled reports...
[2025-06-24T00:24:24.357Z] [DEBUG] Connected to MongoDB
[2025-06-24T00:24:24.425Z] [INFO] Found 1 company databases
[2025-06-24T00:24:24.426Z] [DEBUG] Processing company database: company_9jxwph8g
[2025-06-24T00:24:24.487Z] [DEBUG] Finding reports to execute in company_9jxwph8g (current time: 2025-06-24T00:24:24.487Z)
[2025-06-24T00:24:24.543Z] [INFO] Found 0 reports to execute in company_9jxwph8g
[2025-06-24T00:24:24.544Z] [INFO] Scheduled reports check completed
[2025-06-24T00:24:24.546Z] [DEBUG] MongoDB connection closed
[2025-06-24T00:24:53.702Z] [INFO] Checking for scheduled reports...
[2025-06-24T00:24:54.448Z] [DEBUG] Connected to MongoDB
[2025-06-24T00:24:54.522Z] [INFO] Found 1 company databases
[2025-06-24T00:24:54.523Z] [DEBUG] Processing company database: company_9jxwph8g
[2025-06-24T00:24:54.583Z] [DEBUG] Finding reports to execute in company_9jxwph8g (current time: 2025-06-24T00:24:54.583Z)
[2025-06-24T00:24:54.641Z] [INFO] Found 0 reports to execute in company_9jxwph8g
[2025-06-24T00:24:54.642Z] [INFO] Scheduled reports check completed
[2025-06-24T00:24:54.643Z] [DEBUG] MongoDB connection closed
[2025-06-24T00:25:23.703Z] [INFO] Checking for scheduled reports...
[2025-06-24T00:25:24.307Z] [DEBUG] Connected to MongoDB
[2025-06-24T00:25:24.378Z] [INFO] Found 1 company databases
[2025-06-24T00:25:24.379Z] [DEBUG] Processing company database: company_9jxwph8g
[2025-06-24T00:25:24.446Z] [DEBUG] Finding reports to execute in company_9jxwph8g (current time: 2025-06-24T00:25:24.446Z)
[2025-06-24T00:25:24.520Z] [INFO] Found 0 reports to execute in company_9jxwph8g
[2025-06-24T00:25:24.520Z] [INFO] Scheduled reports check completed
[2025-06-24T00:25:24.522Z] [DEBUG] MongoDB connection closed
[2025-06-24T00:25:53.704Z] [INFO] Checking for scheduled reports...
[2025-06-24T00:25:54.349Z] [DEBUG] Connected to MongoDB
[2025-06-24T00:25:54.424Z] [INFO] Found 1 company databases
[2025-06-24T00:25:54.424Z] [DEBUG] Processing company database: company_9jxwph8g
[2025-06-24T00:25:54.486Z] [DEBUG] Finding reports to execute in company_9jxwph8g (current time: 2025-06-24T00:25:54.486Z)
[2025-06-24T00:25:54.542Z] [INFO] Found 0 reports to execute in company_9jxwph8g
[2025-06-24T00:25:54.542Z] [INFO] Scheduled reports check completed
[2025-06-24T00:25:54.544Z] [DEBUG] MongoDB connection closed
[2025-06-24T00:26:23.704Z] [INFO] Checking for scheduled reports...
[2025-06-24T00:26:24.361Z] [DEBUG] Connected to MongoDB
[2025-06-24T00:26:24.432Z] [INFO] Found 1 company databases
[2025-06-24T00:26:24.432Z] [DEBUG] Processing company database: company_9jxwph8g
[2025-06-24T00:26:24.493Z] [DEBUG] Finding reports to execute in company_9jxwph8g (current time: 2025-06-24T00:26:24.493Z)
[2025-06-24T00:26:24.554Z] [INFO] Found 0 reports to execute in company_9jxwph8g
[2025-06-24T00:26:24.554Z] [INFO] Scheduled reports check completed
[2025-06-24T00:26:24.556Z] [DEBUG] MongoDB connection closed
[2025-06-24T00:26:53.706Z] [INFO] Checking for scheduled reports...
[2025-06-24T00:26:54.432Z] [DEBUG] Connected to MongoDB
[2025-06-24T00:26:54.502Z] [INFO] Found 1 company databases
[2025-06-24T00:26:54.502Z] [DEBUG] Processing company database: company_9jxwph8g
[2025-06-24T00:26:54.561Z] [DEBUG] Finding reports to execute in company_9jxwph8g (current time: 2025-06-24T00:26:54.561Z)
[2025-06-24T00:26:54.619Z] [INFO] Found 0 reports to execute in company_9jxwph8g
[2025-06-24T00:26:54.619Z] [INFO] Scheduled reports check completed
[2025-06-24T00:26:54.621Z] [DEBUG] MongoDB connection closed
[2025-06-24T00:27:23.707Z] [INFO] Checking for scheduled reports...
[2025-06-24T00:27:24.313Z] [DEBUG] Connected to MongoDB
[2025-06-24T00:27:24.381Z] [INFO] Found 1 company databases
[2025-06-24T00:27:24.381Z] [DEBUG] Processing company database: company_9jxwph8g
[2025-06-24T00:27:24.439Z] [DEBUG] Finding reports to execute in company_9jxwph8g (current time: 2025-06-24T00:27:24.439Z)
[2025-06-24T00:27:24.497Z] [INFO] Found 0 reports to execute in company_9jxwph8g
[2025-06-24T00:27:24.497Z] [INFO] Scheduled reports check completed
[2025-06-24T00:27:24.499Z] [DEBUG] MongoDB connection closed
[2025-06-24T00:27:53.707Z] [INFO] Checking for scheduled reports...
[2025-06-24T00:27:54.535Z] [DEBUG] Connected to MongoDB
[2025-06-24T00:27:54.605Z] [INFO] Found 1 company databases
[2025-06-24T00:27:54.606Z] [DEBUG] Processing company database: company_9jxwph8g
[2025-06-24T00:27:54.665Z] [DEBUG] Finding reports to execute in company_9jxwph8g (current time: 2025-06-24T00:27:54.665Z)
[2025-06-24T00:27:54.746Z] [INFO] Found 0 reports to execute in company_9jxwph8g
[2025-06-24T00:27:54.747Z] [INFO] Scheduled reports check completed
[2025-06-24T00:27:54.749Z] [DEBUG] MongoDB connection closed
[2025-06-24T00:28:23.708Z] [INFO] Checking for scheduled reports...
[2025-06-24T00:28:24.312Z] [DEBUG] Connected to MongoDB
[2025-06-24T00:28:24.384Z] [INFO] Found 1 company databases
[2025-06-24T00:28:24.385Z] [DEBUG] Processing company database: company_9jxwph8g
[2025-06-24T00:28:24.443Z] [DEBUG] Finding reports to execute in company_9jxwph8g (current time: 2025-06-24T00:28:24.443Z)
[2025-06-24T00:28:24.498Z] [INFO] Found 0 reports to execute in company_9jxwph8g
[2025-06-24T00:28:24.498Z] [INFO] Scheduled reports check completed
[2025-06-24T00:28:24.500Z] [DEBUG] MongoDB connection closed
[2025-06-24T00:28:53.710Z] [INFO] Checking for scheduled reports...
[2025-06-24T00:28:54.508Z] [DEBUG] Connected to MongoDB
[2025-06-24T00:28:54.579Z] [INFO] Found 1 company databases
[2025-06-24T00:28:54.580Z] [DEBUG] Processing company database: company_9jxwph8g
[2025-06-24T00:28:54.640Z] [DEBUG] Finding reports to execute in company_9jxwph8g (current time: 2025-06-24T00:28:54.640Z)
[2025-06-24T00:28:54.696Z] [INFO] Found 0 reports to execute in company_9jxwph8g
[2025-06-24T00:28:54.697Z] [INFO] Scheduled reports check completed
[2025-06-24T00:28:54.699Z] [DEBUG] MongoDB connection closed
[2025-06-24T00:29:23.710Z] [INFO] Checking for scheduled reports...
[2025-06-24T00:29:24.374Z] [DEBUG] Connected to MongoDB
[2025-06-24T00:29:24.449Z] [INFO] Found 1 company databases
[2025-06-24T00:29:24.449Z] [DEBUG] Processing company database: company_9jxwph8g
[2025-06-24T00:29:24.511Z] [DEBUG] Finding reports to execute in company_9jxwph8g (current time: 2025-06-24T00:29:24.511Z)
[2025-06-24T00:29:24.578Z] [INFO] Found 0 reports to execute in company_9jxwph8g
[2025-06-24T00:29:24.578Z] [INFO] Scheduled reports check completed
[2025-06-24T00:29:24.579Z] [DEBUG] MongoDB connection closed
[2025-06-24T00:29:53.712Z] [INFO] Checking for scheduled reports...
[2025-06-24T00:29:54.404Z] [DEBUG] Connected to MongoDB
[2025-06-24T00:29:54.488Z] [INFO] Found 1 company databases
[2025-06-24T00:29:54.489Z] [DEBUG] Processing company database: company_9jxwph8g
[2025-06-24T00:29:54.554Z] [DEBUG] Finding reports to execute in company_9jxwph8g (current time: 2025-06-24T00:29:54.554Z)
[2025-06-24T00:29:54.611Z] [INFO] Found 0 reports to execute in company_9jxwph8g
[2025-06-24T00:29:54.612Z] [INFO] Scheduled reports check completed
[2025-06-24T00:29:54.615Z] [DEBUG] MongoDB connection closed
[2025-06-24T00:30:23.713Z] [INFO] Checking for scheduled reports...
[2025-06-24T00:30:24.338Z] [DEBUG] Connected to MongoDB
[2025-06-24T00:30:24.406Z] [INFO] Found 1 company databases
[2025-06-24T00:30:24.407Z] [DEBUG] Processing company database: company_9jxwph8g
[2025-06-24T00:30:24.465Z] [DEBUG] Finding reports to execute in company_9jxwph8g (current time: 2025-06-24T00:30:24.465Z)
[2025-06-24T00:30:24.525Z] [INFO] Found 0 reports to execute in company_9jxwph8g
[2025-06-24T00:30:24.525Z] [INFO] Scheduled reports check completed
[2025-06-24T00:30:24.527Z] [DEBUG] MongoDB connection closed
[2025-06-24T00:30:53.714Z] [INFO] Checking for scheduled reports...
[2025-06-24T00:30:54.468Z] [DEBUG] Connected to MongoDB
[2025-06-24T00:30:54.545Z] [INFO] Found 1 company databases
[2025-06-24T00:30:54.545Z] [DEBUG] Processing company database: company_9jxwph8g
[2025-06-24T00:30:54.608Z] [DEBUG] Finding reports to execute in company_9jxwph8g (current time: 2025-06-24T00:30:54.608Z)
[2025-06-24T00:30:54.676Z] [INFO] Found 0 reports to execute in company_9jxwph8g
[2025-06-24T00:30:54.676Z] [INFO] Scheduled reports check completed
[2025-06-24T00:30:54.677Z] [DEBUG] MongoDB connection closed
[2025-06-24T00:31:23.714Z] [INFO] Checking for scheduled reports...
[2025-06-24T00:31:24.354Z] [DEBUG] Connected to MongoDB
[2025-06-24T00:31:24.431Z] [INFO] Found 1 company databases
[2025-06-24T00:31:24.432Z] [DEBUG] Processing company database: company_9jxwph8g
[2025-06-24T00:31:24.493Z] [DEBUG] Finding reports to execute in company_9jxwph8g (current time: 2025-06-24T00:31:24.493Z)
[2025-06-24T00:31:24.549Z] [INFO] Found 0 reports to execute in company_9jxwph8g
[2025-06-24T00:31:24.550Z] [INFO] Scheduled reports check completed
[2025-06-24T00:31:24.552Z] [DEBUG] MongoDB connection closed
[2025-06-24T00:31:53.714Z] [INFO] Checking for scheduled reports...
[2025-06-24T00:31:54.492Z] [DEBUG] Connected to MongoDB
[2025-06-24T00:31:54.596Z] [INFO] Found 1 company databases
[2025-06-24T00:31:54.596Z] [DEBUG] Processing company database: company_9jxwph8g
[2025-06-24T00:31:54.657Z] [DEBUG] Finding reports to execute in company_9jxwph8g (current time: 2025-06-24T00:31:54.657Z)
[2025-06-24T00:31:54.719Z] [INFO] Found 0 reports to execute in company_9jxwph8g
[2025-06-24T00:31:54.719Z] [INFO] Scheduled reports check completed
[2025-06-24T00:31:54.720Z] [DEBUG] MongoDB connection closed
[2025-06-24T00:32:23.716Z] [INFO] Checking for scheduled reports...
[2025-06-24T00:32:24.461Z] [DEBUG] Connected to MongoDB
[2025-06-24T00:32:24.532Z] [INFO] Found 1 company databases
[2025-06-24T00:32:24.533Z] [DEBUG] Processing company database: company_9jxwph8g
[2025-06-24T00:32:24.592Z] [DEBUG] Finding reports to execute in company_9jxwph8g (current time: 2025-06-24T00:32:24.592Z)
[2025-06-24T00:32:24.649Z] [INFO] Found 0 reports to execute in company_9jxwph8g
[2025-06-24T00:32:24.649Z] [INFO] Scheduled reports check completed
[2025-06-24T00:32:24.651Z] [DEBUG] MongoDB connection closed
[2025-06-24T00:32:53.717Z] [INFO] Checking for scheduled reports...
[2025-06-24T00:32:54.444Z] [DEBUG] Connected to MongoDB
[2025-06-24T00:32:54.516Z] [INFO] Found 1 company databases
[2025-06-24T00:32:54.517Z] [DEBUG] Processing company database: company_9jxwph8g
[2025-06-24T00:32:54.575Z] [DEBUG] Finding reports to execute in company_9jxwph8g (current time: 2025-06-24T00:32:54.575Z)
[2025-06-24T00:32:54.634Z] [INFO] Found 0 reports to execute in company_9jxwph8g
[2025-06-24T00:32:54.634Z] [INFO] Scheduled reports check completed
[2025-06-24T00:32:54.637Z] [DEBUG] MongoDB connection closed
[2025-06-24T00:33:23.718Z] [INFO] Checking for scheduled reports...
[2025-06-24T00:33:24.334Z] [DEBUG] Connected to MongoDB
[2025-06-24T00:33:24.405Z] [INFO] Found 1 company databases
[2025-06-24T00:33:24.405Z] [DEBUG] Processing company database: company_9jxwph8g
[2025-06-24T00:33:24.465Z] [DEBUG] Finding reports to execute in company_9jxwph8g (current time: 2025-06-24T00:33:24.465Z)
[2025-06-24T00:33:24.524Z] [INFO] Found 0 reports to execute in company_9jxwph8g
[2025-06-24T00:33:24.524Z] [INFO] Scheduled reports check completed
[2025-06-24T00:33:24.527Z] [DEBUG] MongoDB connection closed
[2025-06-24T00:33:53.718Z] [INFO] Checking for scheduled reports...
[2025-06-24T00:33:54.504Z] [DEBUG] Connected to MongoDB
[2025-06-24T00:33:54.571Z] [INFO] Found 1 company databases
[2025-06-24T00:33:54.572Z] [DEBUG] Processing company database: company_9jxwph8g
[2025-06-24T00:33:54.635Z] [DEBUG] Finding reports to execute in company_9jxwph8g (current time: 2025-06-24T00:33:54.635Z)
[2025-06-24T00:33:54.694Z] [INFO] Found 0 reports to execute in company_9jxwph8g
[2025-06-24T00:33:54.695Z] [INFO] Scheduled reports check completed
[2025-06-24T00:33:54.697Z] [DEBUG] MongoDB connection closed
[2025-06-24T00:34:23.719Z] [INFO] Checking for scheduled reports...
[2025-06-24T00:34:24.320Z] [DEBUG] Connected to MongoDB
[2025-06-24T00:34:24.392Z] [INFO] Found 1 company databases
[2025-06-24T00:34:24.393Z] [DEBUG] Processing company database: company_9jxwph8g
[2025-06-24T00:34:24.452Z] [DEBUG] Finding reports to execute in company_9jxwph8g (current time: 2025-06-24T00:34:24.452Z)
[2025-06-24T00:34:24.510Z] [INFO] Found 0 reports to execute in company_9jxwph8g
[2025-06-24T00:34:24.511Z] [INFO] Scheduled reports check completed
[2025-06-24T00:34:24.513Z] [DEBUG] MongoDB connection closed
[2025-06-24T00:34:53.721Z] [INFO] Checking for scheduled reports...
[2025-06-24T00:34:54.512Z] [DEBUG] Connected to MongoDB
[2025-06-24T00:34:54.600Z] [INFO] Found 1 company databases
[2025-06-24T00:34:54.600Z] [DEBUG] Processing company database: company_9jxwph8g
[2025-06-24T00:34:54.660Z] [DEBUG] Finding reports to execute in company_9jxwph8g (current time: 2025-06-24T00:34:54.660Z)
[2025-06-24T00:34:54.719Z] [INFO] Found 0 reports to execute in company_9jxwph8g
[2025-06-24T00:34:54.720Z] [INFO] Scheduled reports check completed
[2025-06-24T00:34:54.722Z] [DEBUG] MongoDB connection closed
[2025-06-24T00:35:23.721Z] [INFO] Checking for scheduled reports...
[2025-06-24T00:35:24.423Z] [DEBUG] Connected to MongoDB
[2025-06-24T00:35:24.495Z] [INFO] Found 1 company databases
[2025-06-24T00:35:24.496Z] [DEBUG] Processing company database: company_9jxwph8g
[2025-06-24T00:35:24.555Z] [DEBUG] Finding reports to execute in company_9jxwph8g (current time: 2025-06-24T00:35:24.555Z)
[2025-06-24T00:35:24.611Z] [INFO] Found 0 reports to execute in company_9jxwph8g
[2025-06-24T00:35:24.612Z] [INFO] Scheduled reports check completed
[2025-06-24T00:35:24.614Z] [DEBUG] MongoDB connection closed
[2025-06-24T00:35:53.721Z] [INFO] Checking for scheduled reports...
[2025-06-24T00:35:54.375Z] [DEBUG] Connected to MongoDB
[2025-06-24T00:35:54.443Z] [INFO] Found 1 company databases
[2025-06-24T00:35:54.444Z] [DEBUG] Processing company database: company_9jxwph8g
[2025-06-24T00:35:54.508Z] [DEBUG] Finding reports to execute in company_9jxwph8g (current time: 2025-06-24T00:35:54.508Z)
[2025-06-24T00:35:54.569Z] [INFO] Found 0 reports to execute in company_9jxwph8g
[2025-06-24T00:35:54.570Z] [INFO] Scheduled reports check completed
[2025-06-24T00:35:54.571Z] [DEBUG] MongoDB connection closed
[2025-06-24T00:36:23.723Z] [INFO] Checking for scheduled reports...
[2025-06-24T00:36:24.329Z] [DEBUG] Connected to MongoDB
[2025-06-24T00:36:24.397Z] [INFO] Found 1 company databases
[2025-06-24T00:36:24.398Z] [DEBUG] Processing company database: company_9jxwph8g
[2025-06-24T00:36:24.456Z] [DEBUG] Finding reports to execute in company_9jxwph8g (current time: 2025-06-24T00:36:24.456Z)
[2025-06-24T00:36:24.512Z] [INFO] Found 0 reports to execute in company_9jxwph8g
[2025-06-24T00:36:24.513Z] [INFO] Scheduled reports check completed
[2025-06-24T00:36:24.514Z] [DEBUG] MongoDB connection closed
[2025-06-24T00:36:53.724Z] [INFO] Checking for scheduled reports...
[2025-06-24T00:36:54.576Z] [DEBUG] Connected to MongoDB
[2025-06-24T00:36:54.644Z] [INFO] Found 1 company databases
[2025-06-24T00:36:54.645Z] [DEBUG] Processing company database: company_9jxwph8g
[2025-06-24T00:36:54.708Z] [DEBUG] Finding reports to execute in company_9jxwph8g (current time: 2025-06-24T00:36:54.708Z)
[2025-06-24T00:36:54.764Z] [INFO] Found 0 reports to execute in company_9jxwph8g
[2025-06-24T00:36:54.765Z] [INFO] Scheduled reports check completed
[2025-06-24T00:36:54.767Z] [DEBUG] MongoDB connection closed
[2025-06-24T00:37:23.725Z] [INFO] Checking for scheduled reports...
[2025-06-24T00:37:24.339Z] [DEBUG] Connected to MongoDB
[2025-06-24T00:37:24.407Z] [INFO] Found 1 company databases
[2025-06-24T00:37:24.407Z] [DEBUG] Processing company database: company_9jxwph8g
[2025-06-24T00:37:24.464Z] [DEBUG] Finding reports to execute in company_9jxwph8g (current time: 2025-06-24T00:37:24.464Z)
[2025-06-24T00:37:24.531Z] [INFO] Found 0 reports to execute in company_9jxwph8g
[2025-06-24T00:37:24.531Z] [INFO] Scheduled reports check completed
[2025-06-24T00:37:24.533Z] [DEBUG] MongoDB connection closed
[2025-06-24T00:37:53.726Z] [INFO] Checking for scheduled reports...
[2025-06-24T00:37:54.463Z] [DEBUG] Connected to MongoDB
[2025-06-24T00:37:54.555Z] [INFO] Found 1 company databases
[2025-06-24T00:37:54.555Z] [DEBUG] Processing company database: company_9jxwph8g
[2025-06-24T00:37:54.617Z] [DEBUG] Finding reports to execute in company_9jxwph8g (current time: 2025-06-24T00:37:54.617Z)
[2025-06-24T00:37:54.678Z] [INFO] Found 0 reports to execute in company_9jxwph8g
[2025-06-24T00:37:54.678Z] [INFO] Scheduled reports check completed
[2025-06-24T00:37:54.680Z] [DEBUG] MongoDB connection closed
[2025-06-24T00:38:23.728Z] [INFO] Checking for scheduled reports...
[2025-06-24T00:38:24.459Z] [DEBUG] Connected to MongoDB
[2025-06-24T00:38:24.531Z] [INFO] Found 1 company databases
[2025-06-24T00:38:24.531Z] [DEBUG] Processing company database: company_9jxwph8g
[2025-06-24T00:38:24.587Z] [DEBUG] Finding reports to execute in company_9jxwph8g (current time: 2025-06-24T00:38:24.587Z)
[2025-06-24T00:38:24.653Z] [INFO] Found 0 reports to execute in company_9jxwph8g
[2025-06-24T00:38:24.653Z] [INFO] Scheduled reports check completed
[2025-06-24T00:38:24.655Z] [DEBUG] MongoDB connection closed
[2025-06-24T00:38:53.728Z] [INFO] Checking for scheduled reports...
[2025-06-24T00:38:54.454Z] [DEBUG] Connected to MongoDB
[2025-06-24T00:38:54.524Z] [INFO] Found 1 company databases
[2025-06-24T00:38:54.524Z] [DEBUG] Processing company database: company_9jxwph8g
[2025-06-24T00:38:54.583Z] [DEBUG] Finding reports to execute in company_9jxwph8g (current time: 2025-06-24T00:38:54.583Z)
[2025-06-24T00:38:54.657Z] [INFO] Found 0 reports to execute in company_9jxwph8g
[2025-06-24T00:38:54.657Z] [INFO] Scheduled reports check completed
[2025-06-24T00:38:54.659Z] [DEBUG] MongoDB connection closed
[2025-06-24T00:39:23.729Z] [INFO] Checking for scheduled reports...
[2025-06-24T00:39:24.385Z] [DEBUG] Connected to MongoDB
[2025-06-24T00:39:24.456Z] [INFO] Found 1 company databases
[2025-06-24T00:39:24.456Z] [DEBUG] Processing company database: company_9jxwph8g
[2025-06-24T00:39:24.522Z] [DEBUG] Finding reports to execute in company_9jxwph8g (current time: 2025-06-24T00:39:24.522Z)
[2025-06-24T00:39:24.579Z] [INFO] Found 0 reports to execute in company_9jxwph8g
[2025-06-24T00:39:24.580Z] [INFO] Scheduled reports check completed
[2025-06-24T00:39:24.582Z] [DEBUG] MongoDB connection closed
[2025-06-24T00:39:53.669Z] [INFO] Checking for scheduled reports...
[2025-06-24T00:39:54.700Z] [DEBUG] Connected to MongoDB
[2025-06-24T00:39:54.799Z] [INFO] Found 1 company databases
[2025-06-24T00:39:54.799Z] [DEBUG] Processing company database: company_9jxwph8g
[2025-06-24T00:39:54.859Z] [DEBUG] Finding reports to execute in company_9jxwph8g (current time: 2025-06-24T00:39:54.859Z)
[2025-06-24T00:39:54.958Z] [INFO] Found 0 reports to execute in company_9jxwph8g
[2025-06-24T00:39:54.958Z] [INFO] Scheduled reports check completed
[2025-06-24T00:39:54.960Z] [DEBUG] MongoDB connection closed
[2025-06-24T00:40:23.668Z] [INFO] Checking for scheduled reports...
[2025-06-24T00:40:43.736Z] [DEBUG] Connected to MongoDB
[2025-06-24T00:40:43.805Z] [INFO] Found 1 company databases
[2025-06-24T00:40:43.806Z] [DEBUG] Processing company database: company_9jxwph8g
[2025-06-24T00:40:43.868Z] [DEBUG] Finding reports to execute in company_9jxwph8g (current time: 2025-06-24T00:40:43.868Z)
[2025-06-24T00:40:43.926Z] [INFO] Found 0 reports to execute in company_9jxwph8g
[2025-06-24T00:40:43.926Z] [INFO] Scheduled reports check completed
[2025-06-24T00:40:43.927Z] [DEBUG] MongoDB connection closed
[2025-06-24T00:40:53.669Z] [INFO] Checking for scheduled reports...
[2025-06-24T00:40:55.068Z] [DEBUG] Connected to MongoDB
[2025-06-24T00:40:55.151Z] [INFO] Found 1 company databases
[2025-06-24T00:40:55.151Z] [DEBUG] Processing company database: company_9jxwph8g
[2025-06-24T00:40:55.217Z] [DEBUG] Finding reports to execute in company_9jxwph8g (current time: 2025-06-24T00:40:55.217Z)
[2025-06-24T00:40:55.291Z] [INFO] Found 0 reports to execute in company_9jxwph8g
[2025-06-24T00:40:55.291Z] [INFO] Scheduled reports check completed
[2025-06-24T00:40:55.293Z] [DEBUG] MongoDB connection closed
[2025-06-24T00:41:23.670Z] [INFO] Checking for scheduled reports...
[2025-06-24T00:41:24.580Z] [DEBUG] Connected to MongoDB
[2025-06-24T00:41:24.725Z] [INFO] Found 1 company databases
[2025-06-24T00:41:24.725Z] [DEBUG] Processing company database: company_9jxwph8g
[2025-06-24T00:41:24.830Z] [DEBUG] Finding reports to execute in company_9jxwph8g (current time: 2025-06-24T00:41:24.830Z)
[2025-06-24T00:41:24.933Z] [INFO] Found 0 reports to execute in company_9jxwph8g
[2025-06-24T00:41:24.933Z] [INFO] Scheduled reports check completed
[2025-06-24T00:41:24.934Z] [DEBUG] MongoDB connection closed
[2025-06-24T00:41:53.670Z] [INFO] Checking for scheduled reports...
[2025-06-24T00:41:54.633Z] [DEBUG] Connected to MongoDB
[2025-06-24T00:41:54.713Z] [INFO] Found 1 company databases
[2025-06-24T00:41:54.714Z] [DEBUG] Processing company database: company_9jxwph8g
[2025-06-24T00:41:54.774Z] [DEBUG] Finding reports to execute in company_9jxwph8g (current time: 2025-06-24T00:41:54.774Z)
[2025-06-24T00:41:54.838Z] [INFO] Found 0 reports to execute in company_9jxwph8g
[2025-06-24T00:41:54.838Z] [INFO] Scheduled reports check completed
[2025-06-24T00:41:54.841Z] [DEBUG] MongoDB connection closed
[2025-06-24T00:42:23.670Z] [INFO] Checking for scheduled reports...
[2025-06-24T00:42:24.303Z] [DEBUG] Connected to MongoDB
[2025-06-24T00:42:24.372Z] [INFO] Found 1 company databases
[2025-06-24T00:42:24.372Z] [DEBUG] Processing company database: company_9jxwph8g
[2025-06-24T00:42:24.430Z] [DEBUG] Finding reports to execute in company_9jxwph8g (current time: 2025-06-24T00:42:24.430Z)
[2025-06-24T00:42:24.488Z] [INFO] Found 0 reports to execute in company_9jxwph8g
[2025-06-24T00:42:24.488Z] [INFO] Scheduled reports check completed
[2025-06-24T00:42:24.490Z] [DEBUG] MongoDB connection closed
[2025-06-24T00:42:53.671Z] [INFO] Checking for scheduled reports...
[2025-06-24T00:42:54.422Z] [DEBUG] Connected to MongoDB
[2025-06-24T00:42:54.499Z] [INFO] Found 1 company databases
[2025-06-24T00:42:54.499Z] [DEBUG] Processing company database: company_9jxwph8g
[2025-06-24T00:42:54.557Z] [DEBUG] Finding reports to execute in company_9jxwph8g (current time: 2025-06-24T00:42:54.557Z)
[2025-06-24T00:42:54.614Z] [INFO] Found 0 reports to execute in company_9jxwph8g
[2025-06-24T00:42:54.614Z] [INFO] Scheduled reports check completed
[2025-06-24T00:42:54.616Z] [DEBUG] MongoDB connection closed
[2025-06-24T00:43:23.672Z] [INFO] Checking for scheduled reports...
[2025-06-24T00:43:24.634Z] [DEBUG] Connected to MongoDB
[2025-06-24T00:43:24.759Z] [INFO] Found 1 company databases
[2025-06-24T00:43:24.759Z] [DEBUG] Processing company database: company_9jxwph8g
[2025-06-24T00:43:24.875Z] [DEBUG] Finding reports to execute in company_9jxwph8g (current time: 2025-06-24T00:43:24.875Z)
[2025-06-24T00:43:24.988Z] [INFO] Found 0 reports to execute in company_9jxwph8g
[2025-06-24T00:43:24.988Z] [INFO] Scheduled reports check completed
[2025-06-24T00:43:24.991Z] [DEBUG] MongoDB connection closed
[2025-06-24T00:43:53.673Z] [INFO] Checking for scheduled reports...
[2025-06-24T00:43:54.446Z] [DEBUG] Connected to MongoDB
[2025-06-24T00:43:54.533Z] [INFO] Found 1 company databases
[2025-06-24T00:43:54.534Z] [DEBUG] Processing company database: company_9jxwph8g
[2025-06-24T00:43:54.598Z] [DEBUG] Finding reports to execute in company_9jxwph8g (current time: 2025-06-24T00:43:54.598Z)
[2025-06-24T00:43:54.657Z] [INFO] Found 0 reports to execute in company_9jxwph8g
[2025-06-24T00:43:54.657Z] [INFO] Scheduled reports check completed
[2025-06-24T00:43:54.660Z] [DEBUG] MongoDB connection closed
[2025-06-24T00:44:23.673Z] [INFO] Checking for scheduled reports...
[2025-06-24T00:44:24.711Z] [DEBUG] Connected to MongoDB
[2025-06-24T00:44:24.782Z] [INFO] Found 1 company databases
[2025-06-24T00:44:24.782Z] [DEBUG] Processing company database: company_9jxwph8g
[2025-06-24T00:44:24.852Z] [DEBUG] Finding reports to execute in company_9jxwph8g (current time: 2025-06-24T00:44:24.852Z)
[2025-06-24T00:44:24.910Z] [INFO] Found 0 reports to execute in company_9jxwph8g
[2025-06-24T00:44:24.910Z] [INFO] Scheduled reports check completed
[2025-06-24T00:44:24.913Z] [DEBUG] MongoDB connection closed
[2025-06-24T00:44:53.673Z] [INFO] Checking for scheduled reports...
[2025-06-24T00:44:54.419Z] [DEBUG] Connected to MongoDB
[2025-06-24T00:44:54.499Z] [INFO] Found 1 company databases
[2025-06-24T00:44:54.500Z] [DEBUG] Processing company database: company_9jxwph8g
[2025-06-24T00:44:54.575Z] [DEBUG] Finding reports to execute in company_9jxwph8g (current time: 2025-06-24T00:44:54.575Z)
[2025-06-24T00:44:54.643Z] [INFO] Found 0 reports to execute in company_9jxwph8g
[2025-06-24T00:44:54.643Z] [INFO] Scheduled reports check completed
[2025-06-24T00:44:54.646Z] [DEBUG] MongoDB connection closed
[2025-06-24T00:45:23.674Z] [INFO] Checking for scheduled reports...
[2025-06-24T00:45:24.380Z] [DEBUG] Connected to MongoDB
[2025-06-24T00:45:24.453Z] [INFO] Found 1 company databases
[2025-06-24T00:45:24.453Z] [DEBUG] Processing company database: company_9jxwph8g
[2025-06-24T00:45:24.524Z] [DEBUG] Finding reports to execute in company_9jxwph8g (current time: 2025-06-24T00:45:24.524Z)
[2025-06-24T00:45:24.587Z] [INFO] Found 0 reports to execute in company_9jxwph8g
[2025-06-24T00:45:24.587Z] [INFO] Scheduled reports check completed
[2025-06-24T00:45:24.589Z] [DEBUG] MongoDB connection closed
[2025-06-24T00:45:53.675Z] [INFO] Checking for scheduled reports...
[2025-06-24T00:45:54.522Z] [DEBUG] Connected to MongoDB
[2025-06-24T00:45:54.656Z] [INFO] Found 1 company databases
[2025-06-24T00:45:54.656Z] [DEBUG] Processing company database: company_9jxwph8g
[2025-06-24T00:45:54.774Z] [DEBUG] Finding reports to execute in company_9jxwph8g (current time: 2025-06-24T00:45:54.774Z)
[2025-06-24T00:45:54.887Z] [INFO] Found 0 reports to execute in company_9jxwph8g
[2025-06-24T00:45:54.888Z] [INFO] Scheduled reports check completed
[2025-06-24T00:45:54.889Z] [DEBUG] MongoDB connection closed
[2025-06-24T00:46:23.675Z] [INFO] Checking for scheduled reports...
[2025-06-24T00:46:24.869Z] [DEBUG] Connected to MongoDB
[2025-06-24T00:46:24.960Z] [INFO] Found 1 company databases
[2025-06-24T00:46:24.961Z] [DEBUG] Processing company database: company_9jxwph8g
[2025-06-24T00:46:25.024Z] [DEBUG] Finding reports to execute in company_9jxwph8g (current time: 2025-06-24T00:46:25.024Z)
[2025-06-24T00:46:25.101Z] [INFO] Found 0 reports to execute in company_9jxwph8g
[2025-06-24T00:46:25.102Z] [INFO] Scheduled reports check completed
[2025-06-24T00:46:25.104Z] [DEBUG] MongoDB connection closed
[2025-06-24T00:46:53.676Z] [INFO] Checking for scheduled reports...
[2025-06-24T00:46:54.414Z] [DEBUG] Connected to MongoDB
[2025-06-24T00:46:54.486Z] [INFO] Found 1 company databases
[2025-06-24T00:46:54.487Z] [DEBUG] Processing company database: company_9jxwph8g
[2025-06-24T00:46:54.551Z] [DEBUG] Finding reports to execute in company_9jxwph8g (current time: 2025-06-24T00:46:54.551Z)
[2025-06-24T00:46:54.609Z] [INFO] Found 0 reports to execute in company_9jxwph8g
[2025-06-24T00:46:54.610Z] [INFO] Scheduled reports check completed
[2025-06-24T00:46:54.612Z] [DEBUG] MongoDB connection closed
[2025-06-24T00:47:23.676Z] [INFO] Checking for scheduled reports...
[2025-06-24T00:47:24.331Z] [DEBUG] Connected to MongoDB
[2025-06-24T00:47:24.401Z] [INFO] Found 1 company databases
[2025-06-24T00:47:24.402Z] [DEBUG] Processing company database: company_9jxwph8g
[2025-06-24T00:47:24.478Z] [DEBUG] Finding reports to execute in company_9jxwph8g (current time: 2025-06-24T00:47:24.478Z)
[2025-06-24T00:47:24.536Z] [INFO] Found 0 reports to execute in company_9jxwph8g
[2025-06-24T00:47:24.537Z] [INFO] Scheduled reports check completed
[2025-06-24T00:47:24.539Z] [DEBUG] MongoDB connection closed
[2025-06-24T00:47:53.678Z] [INFO] Checking for scheduled reports...
[2025-06-24T00:47:54.418Z] [DEBUG] Connected to MongoDB
[2025-06-24T00:47:54.491Z] [INFO] Found 1 company databases
[2025-06-24T00:47:54.492Z] [DEBUG] Processing company database: company_9jxwph8g
[2025-06-24T00:47:54.559Z] [DEBUG] Finding reports to execute in company_9jxwph8g (current time: 2025-06-24T00:47:54.559Z)
[2025-06-24T00:47:54.615Z] [INFO] Found 0 reports to execute in company_9jxwph8g
[2025-06-24T00:47:54.615Z] [INFO] Scheduled reports check completed
[2025-06-24T00:47:54.616Z] [DEBUG] MongoDB connection closed
[2025-06-24T00:48:23.677Z] [INFO] Checking for scheduled reports...
[2025-06-24T00:48:24.886Z] [DEBUG] Connected to MongoDB
[2025-06-24T00:48:24.959Z] [INFO] Found 1 company databases
[2025-06-24T00:48:24.959Z] [DEBUG] Processing company database: company_9jxwph8g
[2025-06-24T00:48:25.078Z] [DEBUG] Finding reports to execute in company_9jxwph8g (current time: 2025-06-24T00:48:25.078Z)
[2025-06-24T00:48:25.161Z] [INFO] Found 0 reports to execute in company_9jxwph8g
[2025-06-24T00:48:25.162Z] [INFO] Scheduled reports check completed
[2025-06-24T00:48:25.164Z] [DEBUG] MongoDB connection closed
[2025-06-24T00:48:53.677Z] [INFO] Checking for scheduled reports...
[2025-06-24T00:48:54.397Z] [DEBUG] Connected to MongoDB
[2025-06-24T00:48:54.470Z] [INFO] Found 1 company databases
[2025-06-24T00:48:54.471Z] [DEBUG] Processing company database: company_9jxwph8g
[2025-06-24T00:48:54.530Z] [DEBUG] Finding reports to execute in company_9jxwph8g (current time: 2025-06-24T00:48:54.530Z)
[2025-06-24T00:48:54.595Z] [INFO] Found 0 reports to execute in company_9jxwph8g
[2025-06-24T00:48:54.596Z] [INFO] Scheduled reports check completed
[2025-06-24T00:48:54.599Z] [DEBUG] MongoDB connection closed
[2025-06-24T00:49:23.678Z] [INFO] Checking for scheduled reports...
[2025-06-24T00:49:24.340Z] [DEBUG] Connected to MongoDB
[2025-06-24T00:49:24.410Z] [INFO] Found 1 company databases
[2025-06-24T00:49:24.411Z] [DEBUG] Processing company database: company_9jxwph8g
[2025-06-24T00:49:24.473Z] [DEBUG] Finding reports to execute in company_9jxwph8g (current time: 2025-06-24T00:49:24.473Z)
[2025-06-24T00:49:24.537Z] [INFO] Found 0 reports to execute in company_9jxwph8g
[2025-06-24T00:49:24.538Z] [INFO] Scheduled reports check completed
[2025-06-24T00:49:24.540Z] [DEBUG] MongoDB connection closed
[2025-06-24T00:49:53.679Z] [INFO] Checking for scheduled reports...
[2025-06-24T00:49:54.560Z] [DEBUG] Connected to MongoDB
[2025-06-24T00:49:54.630Z] [INFO] Found 1 company databases
[2025-06-24T00:49:54.630Z] [DEBUG] Processing company database: company_9jxwph8g
[2025-06-24T00:49:54.687Z] [DEBUG] Finding reports to execute in company_9jxwph8g (current time: 2025-06-24T00:49:54.687Z)
[2025-06-24T00:49:54.748Z] [INFO] Found 0 reports to execute in company_9jxwph8g
[2025-06-24T00:49:54.748Z] [INFO] Scheduled reports check completed
[2025-06-24T00:49:54.750Z] [DEBUG] MongoDB connection closed
[2025-06-24T00:50:23.680Z] [INFO] Checking for scheduled reports...
[2025-06-24T00:50:24.424Z] [DEBUG] Connected to MongoDB
[2025-06-24T00:50:24.498Z] [INFO] Found 1 company databases
[2025-06-24T00:50:24.499Z] [DEBUG] Processing company database: company_9jxwph8g
[2025-06-24T00:50:24.558Z] [DEBUG] Finding reports to execute in company_9jxwph8g (current time: 2025-06-24T00:50:24.558Z)
[2025-06-24T00:50:24.618Z] [INFO] Found 0 reports to execute in company_9jxwph8g
[2025-06-24T00:50:24.619Z] [INFO] Scheduled reports check completed
[2025-06-24T00:50:24.620Z] [DEBUG] MongoDB connection closed
[2025-06-24T00:50:53.680Z] [INFO] Checking for scheduled reports...
[2025-06-24T00:50:54.356Z] [DEBUG] Connected to MongoDB
[2025-06-24T00:50:54.427Z] [INFO] Found 1 company databases
[2025-06-24T00:50:54.428Z] [DEBUG] Processing company database: company_9jxwph8g
[2025-06-24T00:50:54.488Z] [DEBUG] Finding reports to execute in company_9jxwph8g (current time: 2025-06-24T00:50:54.488Z)
[2025-06-24T00:50:54.551Z] [INFO] Found 0 reports to execute in company_9jxwph8g
[2025-06-24T00:50:54.551Z] [INFO] Scheduled reports check completed
[2025-06-24T00:50:54.552Z] [DEBUG] MongoDB connection closed
[2025-06-24T00:51:23.681Z] [INFO] Checking for scheduled reports...
[2025-06-24T00:51:24.303Z] [DEBUG] Connected to MongoDB
[2025-06-24T00:51:24.372Z] [INFO] Found 1 company databases
[2025-06-24T00:51:24.372Z] [DEBUG] Processing company database: company_9jxwph8g
[2025-06-24T00:51:24.430Z] [DEBUG] Finding reports to execute in company_9jxwph8g (current time: 2025-06-24T00:51:24.430Z)
[2025-06-24T00:51:24.488Z] [INFO] Found 0 reports to execute in company_9jxwph8g
[2025-06-24T00:51:24.489Z] [INFO] Scheduled reports check completed
[2025-06-24T00:51:24.491Z] [DEBUG] MongoDB connection closed
[2025-06-24T00:51:53.681Z] [INFO] Checking for scheduled reports...
[2025-06-24T00:51:54.405Z] [DEBUG] Connected to MongoDB
[2025-06-24T00:51:54.480Z] [INFO] Found 1 company databases
[2025-06-24T00:51:54.481Z] [DEBUG] Processing company database: company_9jxwph8g
[2025-06-24T00:51:54.545Z] [DEBUG] Finding reports to execute in company_9jxwph8g (current time: 2025-06-24T00:51:54.545Z)
[2025-06-24T00:51:54.663Z] [INFO] Found 0 reports to execute in company_9jxwph8g
[2025-06-24T00:51:54.664Z] [INFO] Scheduled reports check completed
[2025-06-24T00:51:54.667Z] [DEBUG] MongoDB connection closed
[2025-06-24T00:52:23.682Z] [INFO] Checking for scheduled reports...
[2025-06-24T00:52:24.331Z] [DEBUG] Connected to MongoDB
[2025-06-24T00:52:24.415Z] [INFO] Found 1 company databases
[2025-06-24T00:52:24.416Z] [DEBUG] Processing company database: company_9jxwph8g
[2025-06-24T00:52:24.484Z] [DEBUG] Finding reports to execute in company_9jxwph8g (current time: 2025-06-24T00:52:24.484Z)
[2025-06-24T00:52:24.547Z] [INFO] Found 0 reports to execute in company_9jxwph8g
[2025-06-24T00:52:24.548Z] [INFO] Scheduled reports check completed
[2025-06-24T00:52:24.550Z] [DEBUG] MongoDB connection closed
[2025-06-24T00:52:53.682Z] [INFO] Checking for scheduled reports...
[2025-06-24T00:52:54.454Z] [DEBUG] Connected to MongoDB
[2025-06-24T00:52:54.525Z] [INFO] Found 1 company databases
[2025-06-24T00:52:54.526Z] [DEBUG] Processing company database: company_9jxwph8g
[2025-06-24T00:52:54.587Z] [DEBUG] Finding reports to execute in company_9jxwph8g (current time: 2025-06-24T00:52:54.587Z)
[2025-06-24T00:52:54.644Z] [INFO] Found 0 reports to execute in company_9jxwph8g
[2025-06-24T00:52:54.645Z] [INFO] Scheduled reports check completed
[2025-06-24T00:52:54.647Z] [DEBUG] MongoDB connection closed
[2025-06-24T00:53:23.683Z] [INFO] Checking for scheduled reports...
[2025-06-24T00:53:24.413Z] [DEBUG] Connected to MongoDB
[2025-06-24T00:53:24.485Z] [INFO] Found 1 company databases
[2025-06-24T00:53:24.486Z] [DEBUG] Processing company database: company_9jxwph8g
[2025-06-24T00:53:24.544Z] [DEBUG] Finding reports to execute in company_9jxwph8g (current time: 2025-06-24T00:53:24.544Z)
[2025-06-24T00:53:24.602Z] [INFO] Found 0 reports to execute in company_9jxwph8g
[2025-06-24T00:53:24.603Z] [INFO] Scheduled reports check completed
[2025-06-24T00:53:24.605Z] [DEBUG] MongoDB connection closed
[2025-06-24T00:53:53.684Z] [INFO] Checking for scheduled reports...
[2025-06-24T00:53:54.387Z] [DEBUG] Connected to MongoDB
[2025-06-24T00:53:54.459Z] [INFO] Found 1 company databases
[2025-06-24T00:53:54.459Z] [DEBUG] Processing company database: company_9jxwph8g
[2025-06-24T00:53:54.519Z] [DEBUG] Finding reports to execute in company_9jxwph8g (current time: 2025-06-24T00:53:54.519Z)
[2025-06-24T00:53:54.581Z] [INFO] Found 0 reports to execute in company_9jxwph8g
[2025-06-24T00:53:54.582Z] [INFO] Scheduled reports check completed
[2025-06-24T00:53:54.584Z] [DEBUG] MongoDB connection closed
[2025-06-24T00:54:23.684Z] [INFO] Checking for scheduled reports...
[2025-06-24T00:54:24.319Z] [DEBUG] Connected to MongoDB
[2025-06-24T00:54:24.386Z] [INFO] Found 1 company databases
[2025-06-24T00:54:24.387Z] [DEBUG] Processing company database: company_9jxwph8g
[2025-06-24T00:54:24.445Z] [DEBUG] Finding reports to execute in company_9jxwph8g (current time: 2025-06-24T00:54:24.445Z)
[2025-06-24T00:54:24.503Z] [INFO] Found 0 reports to execute in company_9jxwph8g
[2025-06-24T00:54:24.504Z] [INFO] Scheduled reports check completed
[2025-06-24T00:54:24.507Z] [DEBUG] MongoDB connection closed
[2025-06-24T00:54:53.685Z] [INFO] Checking for scheduled reports...
[2025-06-24T00:54:54.447Z] [DEBUG] Connected to MongoDB
[2025-06-24T00:54:54.514Z] [INFO] Found 1 company databases
[2025-06-24T00:54:54.515Z] [DEBUG] Processing company database: company_9jxwph8g
[2025-06-24T00:54:54.576Z] [DEBUG] Finding reports to execute in company_9jxwph8g (current time: 2025-06-24T00:54:54.576Z)
[2025-06-24T00:54:54.636Z] [INFO] Found 0 reports to execute in company_9jxwph8g
[2025-06-24T00:54:54.637Z] [INFO] Scheduled reports check completed
[2025-06-24T00:54:54.640Z] [DEBUG] MongoDB connection closed
[2025-06-24T00:55:23.685Z] [INFO] Checking for scheduled reports...
[2025-06-24T00:55:24.301Z] [DEBUG] Connected to MongoDB
[2025-06-24T00:55:24.369Z] [INFO] Found 1 company databases
[2025-06-24T00:55:24.370Z] [DEBUG] Processing company database: company_9jxwph8g
[2025-06-24T00:55:24.432Z] [DEBUG] Finding reports to execute in company_9jxwph8g (current time: 2025-06-24T00:55:24.432Z)
[2025-06-24T00:55:24.498Z] [INFO] Found 0 reports to execute in company_9jxwph8g
[2025-06-24T00:55:24.498Z] [INFO] Scheduled reports check completed
[2025-06-24T00:55:24.500Z] [DEBUG] MongoDB connection closed
[2025-06-24T00:55:53.686Z] [INFO] Checking for scheduled reports...
[2025-06-24T00:55:54.429Z] [DEBUG] Connected to MongoDB
[2025-06-24T00:55:54.498Z] [INFO] Found 1 company databases
[2025-06-24T00:55:54.499Z] [DEBUG] Processing company database: company_9jxwph8g
[2025-06-24T00:55:54.556Z] [DEBUG] Finding reports to execute in company_9jxwph8g (current time: 2025-06-24T00:55:54.556Z)
[2025-06-24T00:55:54.615Z] [INFO] Found 0 reports to execute in company_9jxwph8g
[2025-06-24T00:55:54.616Z] [INFO] Scheduled reports check completed
[2025-06-24T00:55:54.618Z] [DEBUG] MongoDB connection closed
[2025-06-24T00:56:23.686Z] [INFO] Checking for scheduled reports...
[2025-06-24T00:56:24.322Z] [DEBUG] Connected to MongoDB
[2025-06-24T00:56:24.398Z] [INFO] Found 1 company databases
[2025-06-24T00:56:24.399Z] [DEBUG] Processing company database: company_9jxwph8g
[2025-06-24T00:56:24.457Z] [DEBUG] Finding reports to execute in company_9jxwph8g (current time: 2025-06-24T00:56:24.457Z)
[2025-06-24T00:56:24.525Z] [INFO] Found 0 reports to execute in company_9jxwph8g
[2025-06-24T00:56:24.526Z] [INFO] Scheduled reports check completed
[2025-06-24T00:56:24.528Z] [DEBUG] MongoDB connection closed
[2025-06-24T00:56:53.687Z] [INFO] Checking for scheduled reports...
[2025-06-24T00:56:54.330Z] [DEBUG] Connected to MongoDB
[2025-06-24T00:56:54.407Z] [INFO] Found 1 company databases
[2025-06-24T00:56:54.408Z] [DEBUG] Processing company database: company_9jxwph8g
[2025-06-24T00:56:54.468Z] [DEBUG] Finding reports to execute in company_9jxwph8g (current time: 2025-06-24T00:56:54.468Z)
[2025-06-24T00:56:54.533Z] [INFO] Found 0 reports to execute in company_9jxwph8g
[2025-06-24T00:56:54.533Z] [INFO] Scheduled reports check completed
[2025-06-24T00:56:54.535Z] [DEBUG] MongoDB connection closed
[2025-06-24T00:57:23.688Z] [INFO] Checking for scheduled reports...
[2025-06-24T00:57:24.433Z] [DEBUG] Connected to MongoDB
[2025-06-24T00:57:24.504Z] [INFO] Found 1 company databases
[2025-06-24T00:57:24.504Z] [DEBUG] Processing company database: company_9jxwph8g
[2025-06-24T00:57:24.563Z] [DEBUG] Finding reports to execute in company_9jxwph8g (current time: 2025-06-24T00:57:24.563Z)
[2025-06-24T00:57:24.624Z] [INFO] Found 0 reports to execute in company_9jxwph8g
[2025-06-24T00:57:24.624Z] [INFO] Scheduled reports check completed
[2025-06-24T00:57:24.627Z] [DEBUG] MongoDB connection closed
[2025-06-24T00:57:53.689Z] [INFO] Checking for scheduled reports...
[2025-06-24T00:57:54.405Z] [DEBUG] Connected to MongoDB
[2025-06-24T00:57:54.483Z] [INFO] Found 1 company databases
[2025-06-24T00:57:54.484Z] [DEBUG] Processing company database: company_9jxwph8g
[2025-06-24T00:57:54.542Z] [DEBUG] Finding reports to execute in company_9jxwph8g (current time: 2025-06-24T00:57:54.542Z)
[2025-06-24T00:57:54.600Z] [INFO] Found 0 reports to execute in company_9jxwph8g
[2025-06-24T00:57:54.600Z] [INFO] Scheduled reports check completed
[2025-06-24T00:57:54.602Z] [DEBUG] MongoDB connection closed
[2025-06-24T00:58:23.690Z] [INFO] Checking for scheduled reports...
[2025-06-24T00:58:24.452Z] [DEBUG] Connected to MongoDB
[2025-06-24T00:58:24.525Z] [INFO] Found 1 company databases
[2025-06-24T00:58:24.526Z] [DEBUG] Processing company database: company_9jxwph8g
[2025-06-24T00:58:24.583Z] [DEBUG] Finding reports to execute in company_9jxwph8g (current time: 2025-06-24T00:58:24.583Z)
[2025-06-24T00:58:24.647Z] [INFO] Found 0 reports to execute in company_9jxwph8g
[2025-06-24T00:58:24.647Z] [INFO] Scheduled reports check completed
[2025-06-24T00:58:24.649Z] [DEBUG] MongoDB connection closed
[2025-06-24T00:58:53.690Z] [INFO] Checking for scheduled reports...
[2025-06-24T00:58:54.452Z] [DEBUG] Connected to MongoDB
[2025-06-24T00:58:54.530Z] [INFO] Found 1 company databases
[2025-06-24T00:58:54.530Z] [DEBUG] Processing company database: company_9jxwph8g
[2025-06-24T00:58:54.587Z] [DEBUG] Finding reports to execute in company_9jxwph8g (current time: 2025-06-24T00:58:54.587Z)
[2025-06-24T00:58:54.646Z] [INFO] Found 0 reports to execute in company_9jxwph8g
[2025-06-24T00:58:54.646Z] [INFO] Scheduled reports check completed
[2025-06-24T00:58:54.648Z] [DEBUG] MongoDB connection closed
[2025-06-24T00:59:23.691Z] [INFO] Checking for scheduled reports...
[2025-06-24T00:59:24.451Z] [DEBUG] Connected to MongoDB
[2025-06-24T00:59:24.521Z] [INFO] Found 1 company databases
[2025-06-24T00:59:24.522Z] [DEBUG] Processing company database: company_9jxwph8g
[2025-06-24T00:59:24.589Z] [DEBUG] Finding reports to execute in company_9jxwph8g (current time: 2025-06-24T00:59:24.589Z)
[2025-06-24T00:59:24.650Z] [INFO] Found 0 reports to execute in company_9jxwph8g
[2025-06-24T00:59:24.650Z] [INFO] Scheduled reports check completed
[2025-06-24T00:59:24.652Z] [DEBUG] MongoDB connection closed
[2025-06-24T00:59:53.692Z] [INFO] Checking for scheduled reports...
[2025-06-24T00:59:54.426Z] [DEBUG] Connected to MongoDB
[2025-06-24T00:59:54.494Z] [INFO] Found 1 company databases
[2025-06-24T00:59:54.494Z] [DEBUG] Processing company database: company_9jxwph8g
[2025-06-24T00:59:54.554Z] [DEBUG] Finding reports to execute in company_9jxwph8g (current time: 2025-06-24T00:59:54.554Z)
[2025-06-24T00:59:54.619Z] [INFO] Found 0 reports to execute in company_9jxwph8g
[2025-06-24T00:59:54.620Z] [INFO] Scheduled reports check completed
[2025-06-24T00:59:54.622Z] [DEBUG] MongoDB connection closed
[2025-06-24T01:00:23.693Z] [INFO] Checking for scheduled reports...
[2025-06-24T01:00:24.422Z] [DEBUG] Connected to MongoDB
[2025-06-24T01:00:24.495Z] [INFO] Found 1 company databases
[2025-06-24T01:00:24.496Z] [DEBUG] Processing company database: company_9jxwph8g
[2025-06-24T01:00:24.557Z] [DEBUG] Finding reports to execute in company_9jxwph8g (current time: 2025-06-24T01:00:24.557Z)
[2025-06-24T01:00:24.624Z] [INFO] Found 0 reports to execute in company_9jxwph8g
[2025-06-24T01:00:24.624Z] [INFO] Scheduled reports check completed
[2025-06-24T01:00:24.626Z] [DEBUG] MongoDB connection closed
[2025-06-24T01:00:53.692Z] [INFO] Checking for scheduled reports...
[2025-06-24T01:00:54.489Z] [DEBUG] Connected to MongoDB
[2025-06-24T01:00:54.584Z] [INFO] Found 1 company databases
[2025-06-24T01:00:54.586Z] [DEBUG] Processing company database: company_9jxwph8g
[2025-06-24T01:00:54.650Z] [DEBUG] Finding reports to execute in company_9jxwph8g (current time: 2025-06-24T01:00:54.650Z)
[2025-06-24T01:00:54.719Z] [INFO] Found 0 reports to execute in company_9jxwph8g
[2025-06-24T01:00:54.719Z] [INFO] Scheduled reports check completed
[2025-06-24T01:00:54.722Z] [DEBUG] MongoDB connection closed
[2025-06-24T01:01:23.693Z] [INFO] Checking for scheduled reports...
[2025-06-24T01:01:24.995Z] [DEBUG] Connected to MongoDB
[2025-06-24T01:01:25.080Z] [INFO] Found 1 company databases
[2025-06-24T01:01:25.081Z] [DEBUG] Processing company database: company_9jxwph8g
[2025-06-24T01:01:25.167Z] [DEBUG] Finding reports to execute in company_9jxwph8g (current time: 2025-06-24T01:01:25.167Z)
[2025-06-24T01:01:25.262Z] [INFO] Found 0 reports to execute in company_9jxwph8g
[2025-06-24T01:01:25.263Z] [INFO] Scheduled reports check completed
[2025-06-24T01:01:25.265Z] [DEBUG] MongoDB connection closed
[2025-06-24T01:01:53.693Z] [INFO] Checking for scheduled reports...
[2025-06-24T01:01:54.600Z] [DEBUG] Connected to MongoDB
[2025-06-24T01:01:54.670Z] [INFO] Found 1 company databases
[2025-06-24T01:01:54.671Z] [DEBUG] Processing company database: company_9jxwph8g
[2025-06-24T01:01:54.737Z] [DEBUG] Finding reports to execute in company_9jxwph8g (current time: 2025-06-24T01:01:54.737Z)
[2025-06-24T01:01:54.805Z] [INFO] Found 0 reports to execute in company_9jxwph8g
[2025-06-24T01:01:54.806Z] [INFO] Scheduled reports check completed
[2025-06-24T01:01:54.808Z] [DEBUG] MongoDB connection closed
[2025-06-24T01:02:23.693Z] [INFO] Checking for scheduled reports...
[2025-06-24T01:02:27.062Z] [DEBUG] Connected to MongoDB
[2025-06-24T01:02:27.181Z] [INFO] Found 1 company databases
[2025-06-24T01:02:27.181Z] [DEBUG] Processing company database: company_9jxwph8g
[2025-06-24T01:02:27.252Z] [DEBUG] Finding reports to execute in company_9jxwph8g (current time: 2025-06-24T01:02:27.252Z)
[2025-06-24T01:02:27.338Z] [INFO] Found 0 reports to execute in company_9jxwph8g
[2025-06-24T01:02:27.339Z] [INFO] Scheduled reports check completed
[2025-06-24T01:02:27.342Z] [DEBUG] MongoDB connection closed
[2025-06-24T01:02:53.695Z] [INFO] Checking for scheduled reports...
[2025-06-24T01:02:55.495Z] [DEBUG] Connected to MongoDB
[2025-06-24T01:02:55.640Z] [INFO] Found 1 company databases
[2025-06-24T01:02:55.641Z] [DEBUG] Processing company database: company_9jxwph8g
[2025-06-24T01:02:55.723Z] [DEBUG] Finding reports to execute in company_9jxwph8g (current time: 2025-06-24T01:02:55.723Z)
[2025-06-24T01:02:55.808Z] [INFO] Found 0 reports to execute in company_9jxwph8g
[2025-06-24T01:02:55.808Z] [INFO] Scheduled reports check completed
[2025-06-24T01:02:55.810Z] [DEBUG] MongoDB connection closed
[2025-06-24T01:03:23.695Z] [INFO] Checking for scheduled reports...
[2025-06-24T01:03:24.929Z] [DEBUG] Connected to MongoDB
[2025-06-24T01:03:25.023Z] [INFO] Found 1 company databases
[2025-06-24T01:03:25.024Z] [DEBUG] Processing company database: company_9jxwph8g
[2025-06-24T01:03:25.122Z] [DEBUG] Finding reports to execute in company_9jxwph8g (current time: 2025-06-24T01:03:25.122Z)
[2025-06-24T01:03:25.203Z] [INFO] Found 0 reports to execute in company_9jxwph8g
[2025-06-24T01:03:25.204Z] [INFO] Scheduled reports check completed
[2025-06-24T01:03:25.205Z] [DEBUG] MongoDB connection closed
[2025-06-24T01:03:53.695Z] [INFO] Checking for scheduled reports...
[2025-06-24T01:03:55.160Z] [DEBUG] Connected to MongoDB
[2025-06-24T01:03:55.284Z] [INFO] Found 1 company databases
[2025-06-24T01:03:55.285Z] [DEBUG] Processing company database: company_9jxwph8g
[2025-06-24T01:03:55.488Z] [DEBUG] Finding reports to execute in company_9jxwph8g (current time: 2025-06-24T01:03:55.488Z)
[2025-06-24T01:03:55.612Z] [INFO] Found 0 reports to execute in company_9jxwph8g
[2025-06-24T01:03:55.613Z] [INFO] Scheduled reports check completed
[2025-06-24T01:03:55.615Z] [DEBUG] MongoDB connection closed
[2025-06-24T01:04:23.695Z] [INFO] Checking for scheduled reports...
[2025-06-24T01:04:24.736Z] [DEBUG] Connected to MongoDB
[2025-06-24T01:04:24.852Z] [INFO] Found 1 company databases
[2025-06-24T01:04:24.853Z] [DEBUG] Processing company database: company_9jxwph8g
[2025-06-24T01:04:25.355Z] [DEBUG] Finding reports to execute in company_9jxwph8g (current time: 2025-06-24T01:04:25.355Z)
[2025-06-24T01:04:25.445Z] [INFO] Found 0 reports to execute in company_9jxwph8g
[2025-06-24T01:04:25.445Z] [INFO] Scheduled reports check completed
[2025-06-24T01:04:25.447Z] [DEBUG] MongoDB connection closed
[2025-06-24T01:04:53.696Z] [INFO] Checking for scheduled reports...
[2025-06-24T01:04:54.853Z] [DEBUG] Connected to MongoDB
[2025-06-24T01:04:54.970Z] [INFO] Found 1 company databases
[2025-06-24T01:04:54.971Z] [DEBUG] Processing company database: company_9jxwph8g
[2025-06-24T01:04:55.065Z] [DEBUG] Finding reports to execute in company_9jxwph8g (current time: 2025-06-24T01:04:55.065Z)
[2025-06-24T01:04:55.229Z] [INFO] Found 0 reports to execute in company_9jxwph8g
[2025-06-24T01:04:55.230Z] [INFO] Scheduled reports check completed
[2025-06-24T01:04:55.232Z] [DEBUG] MongoDB connection closed
[2025-06-24T01:05:23.695Z] [INFO] Checking for scheduled reports...
[2025-06-24T01:05:25.871Z] [DEBUG] Connected to MongoDB
[2025-06-24T01:05:25.981Z] [INFO] Found 1 company databases
[2025-06-24T01:05:25.982Z] [DEBUG] Processing company database: company_9jxwph8g
[2025-06-24T01:05:27.474Z] [DEBUG] Finding reports to execute in company_9jxwph8g (current time: 2025-06-24T01:05:27.474Z)
[2025-06-24T01:05:27.545Z] [INFO] Found 0 reports to execute in company_9jxwph8g
[2025-06-24T01:05:27.546Z] [INFO] Scheduled reports check completed
[2025-06-24T01:05:27.548Z] [DEBUG] MongoDB connection closed
[2025-06-24T01:05:53.696Z] [INFO] Checking for scheduled reports...
[2025-06-24T01:05:55.503Z] [DEBUG] Connected to MongoDB
[2025-06-24T01:05:56.110Z] [INFO] Found 1 company databases
[2025-06-24T01:05:56.110Z] [DEBUG] Processing company database: company_9jxwph8g
[2025-06-24T01:05:56.438Z] [DEBUG] Finding reports to execute in company_9jxwph8g (current time: 2025-06-24T01:05:56.438Z)
[2025-06-24T01:05:56.704Z] [INFO] Found 0 reports to execute in company_9jxwph8g
[2025-06-24T01:05:56.705Z] [INFO] Scheduled reports check completed
[2025-06-24T01:05:56.707Z] [DEBUG] MongoDB connection closed
[2025-06-24T01:06:23.697Z] [INFO] Checking for scheduled reports...
[2025-06-24T01:06:24.823Z] [DEBUG] Connected to MongoDB
[2025-06-24T01:06:24.942Z] [INFO] Found 1 company databases
[2025-06-24T01:06:24.943Z] [DEBUG] Processing company database: company_9jxwph8g
[2025-06-24T01:06:25.052Z] [DEBUG] Finding reports to execute in company_9jxwph8g (current time: 2025-06-24T01:06:25.052Z)
[2025-06-24T01:06:25.172Z] [INFO] Found 0 reports to execute in company_9jxwph8g
[2025-06-24T01:06:25.172Z] [INFO] Scheduled reports check completed
[2025-06-24T01:06:25.175Z] [DEBUG] MongoDB connection closed
[2025-06-24T01:06:53.696Z] [INFO] Checking for scheduled reports...
[2025-06-24T01:06:55.585Z] [DEBUG] Connected to MongoDB
[2025-06-24T01:06:55.722Z] [INFO] Found 1 company databases
[2025-06-24T01:06:55.723Z] [DEBUG] Processing company database: company_9jxwph8g
[2025-06-24T01:06:56.135Z] [DEBUG] Finding reports to execute in company_9jxwph8g (current time: 2025-06-24T01:06:56.135Z)
[2025-06-24T01:06:56.227Z] [INFO] Found 0 reports to execute in company_9jxwph8g
[2025-06-24T01:06:56.227Z] [INFO] Scheduled reports check completed
[2025-06-24T01:06:56.229Z] [DEBUG] MongoDB connection closed
[2025-06-24T01:07:23.696Z] [INFO] Checking for scheduled reports...
[2025-06-24T01:07:43.031Z] [DEBUG] Connected to MongoDB
[2025-06-24T01:07:44.467Z] [INFO] Found 1 company databases
[2025-06-24T01:07:44.467Z] [DEBUG] Processing company database: company_9jxwph8g
[2025-06-24T01:07:46.599Z] [DEBUG] Finding reports to execute in company_9jxwph8g (current time: 2025-06-24T01:07:46.599Z)
[2025-06-24T01:07:47.070Z] [INFO] Found 0 reports to execute in company_9jxwph8g
[2025-06-24T01:07:47.071Z] [INFO] Scheduled reports check completed
[2025-06-24T01:07:47.074Z] [DEBUG] MongoDB connection closed
[2025-06-24T01:07:53.695Z] [INFO] Checking for scheduled reports...
[2025-06-24T01:07:58.406Z] [DEBUG] Connected to MongoDB
[2025-06-24T01:07:59.705Z] [INFO] Found 1 company databases
[2025-06-24T01:07:59.705Z] [DEBUG] Processing company database: company_9jxwph8g
[2025-06-24T01:08:00.652Z] [DEBUG] Finding reports to execute in company_9jxwph8g (current time: 2025-06-24T01:08:00.651Z)
[2025-06-24T01:08:00.965Z] [INFO] Found 0 reports to execute in company_9jxwph8g
[2025-06-24T01:08:00.965Z] [INFO] Scheduled reports check completed
[2025-06-24T01:08:00.967Z] [DEBUG] MongoDB connection closed
[2025-06-24T01:08:23.695Z] [INFO] Checking for scheduled reports...
[2025-06-24T01:08:25.132Z] [DEBUG] Connected to MongoDB
[2025-06-24T01:08:25.422Z] [INFO] Found 1 company databases
[2025-06-24T01:08:25.423Z] [DEBUG] Processing company database: company_9jxwph8g
[2025-06-24T01:08:25.559Z] [DEBUG] Finding reports to execute in company_9jxwph8g (current time: 2025-06-24T01:08:25.559Z)
[2025-06-24T01:08:25.695Z] [INFO] Found 0 reports to execute in company_9jxwph8g
[2025-06-24T01:08:25.695Z] [INFO] Scheduled reports check completed
[2025-06-24T01:08:25.696Z] [DEBUG] MongoDB connection closed
[2025-06-24T01:08:53.696Z] [INFO] Checking for scheduled reports...
[2025-06-24T01:08:55.421Z] [DEBUG] Connected to MongoDB
[2025-06-24T01:08:55.631Z] [INFO] Found 1 company databases
[2025-06-24T01:08:55.632Z] [DEBUG] Processing company database: company_9jxwph8g
[2025-06-24T01:08:55.916Z] [DEBUG] Finding reports to execute in company_9jxwph8g (current time: 2025-06-24T01:08:55.916Z)
[2025-06-24T01:08:55.981Z] [INFO] Found 0 reports to execute in company_9jxwph8g
[2025-06-24T01:08:55.982Z] [INFO] Scheduled reports check completed
[2025-06-24T01:08:55.984Z] [DEBUG] MongoDB connection closed
[2025-06-24T01:09:23.696Z] [INFO] Checking for scheduled reports...
[2025-06-24T01:09:24.497Z] [DEBUG] Connected to MongoDB
[2025-06-24T01:09:24.574Z] [INFO] Found 1 company databases
[2025-06-24T01:09:24.574Z] [DEBUG] Processing company database: company_9jxwph8g
[2025-06-24T01:09:24.632Z] [DEBUG] Finding reports to execute in company_9jxwph8g (current time: 2025-06-24T01:09:24.632Z)
[2025-06-24T01:09:24.688Z] [INFO] Found 0 reports to execute in company_9jxwph8g
[2025-06-24T01:09:24.688Z] [INFO] Scheduled reports check completed
[2025-06-24T01:09:24.691Z] [DEBUG] MongoDB connection closed
[2025-06-24T01:09:53.696Z] [INFO] Checking for scheduled reports...
[2025-06-24T01:09:57.060Z] [DEBUG] Connected to MongoDB
[2025-06-24T01:09:57.737Z] [INFO] Found 1 company databases
[2025-06-24T01:09:57.738Z] [DEBUG] Processing company database: company_9jxwph8g
[2025-06-24T01:10:00.905Z] [DEBUG] Finding reports to execute in company_9jxwph8g (current time: 2025-06-24T01:10:00.905Z)
[2025-06-24T01:10:01.466Z] [INFO] Found 0 reports to execute in company_9jxwph8g
[2025-06-24T01:10:01.466Z] [INFO] Scheduled reports check completed
[2025-06-24T01:10:01.468Z] [DEBUG] MongoDB connection closed
[2025-06-24T01:10:23.696Z] [INFO] Checking for scheduled reports...
[2025-06-24T01:10:26.171Z] [DEBUG] Connected to MongoDB
[2025-06-24T01:10:26.552Z] [INFO] Found 1 company databases
[2025-06-24T01:10:26.552Z] [DEBUG] Processing company database: company_9jxwph8g
[2025-06-24T01:10:26.939Z] [DEBUG] Finding reports to execute in company_9jxwph8g (current time: 2025-06-24T01:10:26.939Z)
[2025-06-24T01:10:27.314Z] [INFO] Found 0 reports to execute in company_9jxwph8g
[2025-06-24T01:10:27.314Z] [INFO] Scheduled reports check completed
[2025-06-24T01:10:27.316Z] [DEBUG] MongoDB connection closed
[2025-06-24T01:10:53.695Z] [INFO] Checking for scheduled reports...
[2025-06-24T01:10:54.616Z] [DEBUG] Connected to MongoDB
[2025-06-24T01:10:54.816Z] [INFO] Found 1 company databases
[2025-06-24T01:10:54.816Z] [DEBUG] Processing company database: company_9jxwph8g
[2025-06-24T01:10:54.972Z] [DEBUG] Finding reports to execute in company_9jxwph8g (current time: 2025-06-24T01:10:54.972Z)
[2025-06-24T01:10:55.046Z] [INFO] Found 0 reports to execute in company_9jxwph8g
[2025-06-24T01:10:55.047Z] [INFO] Scheduled reports check completed
[2025-06-24T01:10:55.048Z] [DEBUG] MongoDB connection closed
[2025-06-24T01:11:08.726Z] [INFO] Starting scheduled reports daemon with check interval of 30000ms
[2025-06-24T01:11:08.728Z] [INFO] Checking for scheduled reports...
[2025-06-24T01:11:09.558Z] [DEBUG] Connected to MongoDB
[2025-06-24T01:11:09.635Z] [INFO] Found 1 company databases
[2025-06-24T01:11:09.635Z] [DEBUG] Processing company database: company_9jxwph8g
[2025-06-24T01:11:09.704Z] [DEBUG] Finding reports to execute in company_9jxwph8g (current time: 2025-06-24T01:11:09.704Z)
[2025-06-24T01:11:09.785Z] [INFO] Found 0 reports to execute in company_9jxwph8g
[2025-06-24T01:11:09.786Z] [INFO] Scheduled reports check completed
[2025-06-24T01:11:09.792Z] [DEBUG] MongoDB connection closed
[2025-06-24T01:11:09.793Z] [INFO] Daemon is now running continuously...
[2025-06-24T01:11:23.695Z] [INFO] Checking for scheduled reports...
[2025-06-24T01:11:25.374Z] [DEBUG] Connected to MongoDB
[2025-06-24T01:11:25.440Z] [INFO] Found 1 company databases
[2025-06-24T01:11:25.441Z] [DEBUG] Processing company database: company_9jxwph8g
[2025-06-24T01:11:25.509Z] [DEBUG] Finding reports to execute in company_9jxwph8g (current time: 2025-06-24T01:11:25.509Z)
[2025-06-24T01:11:25.564Z] [INFO] Found 0 reports to execute in company_9jxwph8g
[2025-06-24T01:11:25.565Z] [INFO] Scheduled reports check completed
[2025-06-24T01:11:25.567Z] [DEBUG] MongoDB connection closed
[2025-06-24T01:11:39.793Z] [INFO] Checking for scheduled reports...
[2025-06-24T01:11:40.415Z] [DEBUG] Connected to MongoDB
[2025-06-24T01:11:40.493Z] [INFO] Found 1 company databases
[2025-06-24T01:11:40.494Z] [DEBUG] Processing company database: company_9jxwph8g
[2025-06-24T01:11:40.553Z] [DEBUG] Finding reports to execute in company_9jxwph8g (current time: 2025-06-24T01:11:40.553Z)
[2025-06-24T01:11:40.610Z] [INFO] Found 0 reports to execute in company_9jxwph8g
[2025-06-24T01:11:40.611Z] [INFO] Scheduled reports check completed
[2025-06-24T01:11:40.615Z] [DEBUG] MongoDB connection closed
[2025-06-24T01:11:53.698Z] [INFO] Checking for scheduled reports...
[2025-06-24T01:11:54.482Z] [DEBUG] Connected to MongoDB
[2025-06-24T01:11:54.549Z] [INFO] Found 1 company databases
[2025-06-24T01:11:54.550Z] [DEBUG] Processing company database: company_9jxwph8g
[2025-06-24T01:11:54.605Z] [DEBUG] Finding reports to execute in company_9jxwph8g (current time: 2025-06-24T01:11:54.605Z)
[2025-06-24T01:11:54.660Z] [INFO] Found 0 reports to execute in company_9jxwph8g
[2025-06-24T01:11:54.661Z] [INFO] Scheduled reports check completed
[2025-06-24T01:11:54.663Z] [DEBUG] MongoDB connection closed
[2025-06-24T01:12:09.792Z] [INFO] Checking for scheduled reports...
[2025-06-24T01:12:11.454Z] [DEBUG] Connected to MongoDB
[2025-06-24T01:12:11.581Z] [INFO] Found 1 company databases
[2025-06-24T01:12:11.582Z] [DEBUG] Processing company database: company_9jxwph8g
[2025-06-24T01:12:11.973Z] [DEBUG] Finding reports to execute in company_9jxwph8g (current time: 2025-06-24T01:12:11.973Z)
[2025-06-24T01:12:12.466Z] [INFO] Found 0 reports to execute in company_9jxwph8g
[2025-06-24T01:12:12.466Z] [INFO] Scheduled reports check completed
[2025-06-24T01:12:12.470Z] [DEBUG] MongoDB connection closed
[2025-06-24T01:12:23.700Z] [INFO] Checking for scheduled reports...
[2025-06-24T01:12:27.180Z] [DEBUG] Connected to MongoDB
[2025-06-24T01:12:27.247Z] [INFO] Found 1 company databases
[2025-06-24T01:12:27.248Z] [DEBUG] Processing company database: company_9jxwph8g
[2025-06-24T01:12:27.306Z] [DEBUG] Finding reports to execute in company_9jxwph8g (current time: 2025-06-24T01:12:27.306Z)
[2025-06-24T01:12:27.448Z] [INFO] Found 0 reports to execute in company_9jxwph8g
[2025-06-24T01:12:27.448Z] [INFO] Scheduled reports check completed
[2025-06-24T01:12:27.451Z] [DEBUG] MongoDB connection closed
[2025-06-24T01:12:39.793Z] [INFO] Checking for scheduled reports...
[2025-06-24T01:12:40.434Z] [DEBUG] Connected to MongoDB
[2025-06-24T01:12:40.502Z] [INFO] Found 1 company databases
[2025-06-24T01:12:40.502Z] [DEBUG] Processing company database: company_9jxwph8g
[2025-06-24T01:12:40.570Z] [DEBUG] Finding reports to execute in company_9jxwph8g (current time: 2025-06-24T01:12:40.570Z)
[2025-06-24T01:12:40.626Z] [INFO] Found 0 reports to execute in company_9jxwph8g
[2025-06-24T01:12:40.626Z] [INFO] Scheduled reports check completed
[2025-06-24T01:12:40.630Z] [DEBUG] MongoDB connection closed
[2025-06-24T01:12:53.702Z] [INFO] Checking for scheduled reports...
[2025-06-24T01:12:55.350Z] [DEBUG] Connected to MongoDB
[2025-06-24T01:12:55.535Z] [INFO] Found 1 company databases
[2025-06-24T01:12:55.536Z] [DEBUG] Processing company database: company_9jxwph8g
[2025-06-24T01:12:55.645Z] [DEBUG] Finding reports to execute in company_9jxwph8g (current time: 2025-06-24T01:12:55.645Z)
[2025-06-24T01:12:55.741Z] [INFO] Found 0 reports to execute in company_9jxwph8g
[2025-06-24T01:12:55.742Z] [INFO] Scheduled reports check completed
[2025-06-24T01:12:55.745Z] [DEBUG] MongoDB connection closed
[2025-06-24T01:13:09.794Z] [INFO] Checking for scheduled reports...
[2025-06-24T01:13:11.794Z] [DEBUG] Connected to MongoDB
[2025-06-24T01:13:11.981Z] [INFO] Found 1 company databases
[2025-06-24T01:13:11.982Z] [DEBUG] Processing company database: company_9jxwph8g
[2025-06-24T01:13:12.157Z] [DEBUG] Finding reports to execute in company_9jxwph8g (current time: 2025-06-24T01:13:12.157Z)
[2025-06-24T01:13:12.215Z] [INFO] Found 0 reports to execute in company_9jxwph8g
[2025-06-24T01:13:12.215Z] [INFO] Scheduled reports check completed
[2025-06-24T01:13:12.220Z] [DEBUG] MongoDB connection closed
[2025-06-24T01:13:23.703Z] [INFO] Checking for scheduled reports...
[2025-06-24T01:13:25.953Z] [DEBUG] Connected to MongoDB
[2025-06-24T01:13:26.188Z] [INFO] Found 1 company databases
[2025-06-24T01:13:26.188Z] [DEBUG] Processing company database: company_9jxwph8g
[2025-06-24T01:13:26.448Z] [DEBUG] Finding reports to execute in company_9jxwph8g (current time: 2025-06-24T01:13:26.448Z)
[2025-06-24T01:13:26.665Z] [INFO] Found 0 reports to execute in company_9jxwph8g
[2025-06-24T01:13:26.666Z] [INFO] Scheduled reports check completed
[2025-06-24T01:13:26.668Z] [DEBUG] MongoDB connection closed
[2025-06-24T01:13:39.794Z] [INFO] Checking for scheduled reports...
[2025-06-24T01:13:41.868Z] [DEBUG] Connected to MongoDB
[2025-06-24T01:13:41.951Z] [INFO] Found 1 company databases
[2025-06-24T01:13:41.951Z] [DEBUG] Processing company database: company_9jxwph8g
[2025-06-24T01:13:42.036Z] [DEBUG] Finding reports to execute in company_9jxwph8g (current time: 2025-06-24T01:13:42.036Z)
[2025-06-24T01:13:42.137Z] [INFO] Found 0 reports to execute in company_9jxwph8g
[2025-06-24T01:13:42.137Z] [INFO] Scheduled reports check completed
[2025-06-24T01:13:42.140Z] [DEBUG] MongoDB connection closed
[2025-06-24T01:13:53.703Z] [INFO] Checking for scheduled reports...
[2025-06-24T01:13:54.360Z] [DEBUG] Connected to MongoDB
[2025-06-24T01:13:54.430Z] [INFO] Found 1 company databases
[2025-06-24T01:13:54.488Z] [DEBUG] Processing company database: company_9jxwph8g
[2025-06-24T01:13:54.545Z] [DEBUG] Finding reports to execute in company_9jxwph8g (current time: 2025-06-24T01:13:54.545Z)
[2025-06-24T01:13:54.600Z] [INFO] Found 0 reports to execute in company_9jxwph8g
[2025-06-24T01:13:54.601Z] [INFO] Scheduled reports check completed
[2025-06-24T01:13:54.603Z] [DEBUG] MongoDB connection closed
[2025-06-24T01:14:09.796Z] [INFO] Checking for scheduled reports...
[2025-06-24T01:14:11.392Z] [DEBUG] Connected to MongoDB
[2025-06-24T01:14:11.468Z] [INFO] Found 1 company databases
[2025-06-24T01:14:11.468Z] [DEBUG] Processing company database: company_9jxwph8g
[2025-06-24T01:14:11.528Z] [DEBUG] Finding reports to execute in company_9jxwph8g (current time: 2025-06-24T01:14:11.528Z)
[2025-06-24T01:14:11.587Z] [INFO] Found 0 reports to execute in company_9jxwph8g
[2025-06-24T01:14:11.587Z] [INFO] Scheduled reports check completed
[2025-06-24T01:14:11.589Z] [DEBUG] MongoDB connection closed
[2025-06-24T01:14:23.705Z] [INFO] Checking for scheduled reports...
[2025-06-24T01:14:24.383Z] [DEBUG] Connected to MongoDB
[2025-06-24T01:14:24.451Z] [INFO] Found 1 company databases
[2025-06-24T01:14:24.451Z] [DEBUG] Processing company database: company_9jxwph8g
[2025-06-24T01:14:24.515Z] [DEBUG] Finding reports to execute in company_9jxwph8g (current time: 2025-06-24T01:14:24.515Z)
[2025-06-24T01:14:24.571Z] [INFO] Found 0 reports to execute in company_9jxwph8g
[2025-06-24T01:14:24.572Z] [INFO] Scheduled reports check completed
[2025-06-24T01:14:24.574Z] [DEBUG] MongoDB connection closed
[2025-06-24T01:14:39.796Z] [INFO] Checking for scheduled reports...
[2025-06-24T01:14:41.174Z] [DEBUG] Connected to MongoDB
[2025-06-24T01:14:41.245Z] [INFO] Found 1 company databases
[2025-06-24T01:14:41.246Z] [DEBUG] Processing company database: company_9jxwph8g
[2025-06-24T01:14:41.318Z] [DEBUG] Finding reports to execute in company_9jxwph8g (current time: 2025-06-24T01:14:41.318Z)
[2025-06-24T01:14:41.414Z] [INFO] Found 0 reports to execute in company_9jxwph8g
[2025-06-24T01:14:41.415Z] [INFO] Scheduled reports check completed
[2025-06-24T01:14:41.420Z] [DEBUG] MongoDB connection closed
[2025-06-24T01:14:53.704Z] [INFO] Checking for scheduled reports...
[2025-06-24T01:14:55.106Z] [DEBUG] Connected to MongoDB
[2025-06-24T01:14:55.274Z] [INFO] Found 1 company databases
[2025-06-24T01:14:55.274Z] [DEBUG] Processing company database: company_9jxwph8g
[2025-06-24T01:14:55.450Z] [DEBUG] Finding reports to execute in company_9jxwph8g (current time: 2025-06-24T01:14:55.450Z)
[2025-06-24T01:14:55.548Z] [INFO] Found 0 reports to execute in company_9jxwph8g
[2025-06-24T01:14:55.549Z] [INFO] Scheduled reports check completed
[2025-06-24T01:14:55.551Z] [DEBUG] MongoDB connection closed
[2025-06-24T01:15:09.798Z] [INFO] Checking for scheduled reports...
[2025-06-24T01:15:10.889Z] [DEBUG] Connected to MongoDB
[2025-06-24T01:15:11.070Z] [INFO] Found 1 company databases
[2025-06-24T01:15:11.071Z] [DEBUG] Processing company database: company_9jxwph8g
[2025-06-24T01:15:11.249Z] [DEBUG] Finding reports to execute in company_9jxwph8g (current time: 2025-06-24T01:15:11.249Z)
[2025-06-24T01:15:11.392Z] [INFO] Found 0 reports to execute in company_9jxwph8g
[2025-06-24T01:15:11.392Z] [INFO] Scheduled reports check completed
[2025-06-24T01:15:11.397Z] [DEBUG] MongoDB connection closed
[2025-06-24T01:15:23.704Z] [INFO] Checking for scheduled reports...
[2025-06-24T01:15:24.473Z] [DEBUG] Connected to MongoDB
[2025-06-24T01:15:24.544Z] [INFO] Found 1 company databases
[2025-06-24T01:15:24.544Z] [DEBUG] Processing company database: company_9jxwph8g
[2025-06-24T01:15:24.606Z] [DEBUG] Finding reports to execute in company_9jxwph8g (current time: 2025-06-24T01:15:24.606Z)
[2025-06-24T01:15:24.664Z] [INFO] Found 0 reports to execute in company_9jxwph8g
[2025-06-24T01:15:24.665Z] [INFO] Scheduled reports check completed
[2025-06-24T01:15:24.667Z] [DEBUG] MongoDB connection closed
[2025-06-24T01:15:39.798Z] [INFO] Checking for scheduled reports...
[2025-06-24T01:15:40.598Z] [DEBUG] Connected to MongoDB
[2025-06-24T01:15:40.670Z] [INFO] Found 1 company databases
[2025-06-24T01:15:40.671Z] [DEBUG] Processing company database: company_9jxwph8g
[2025-06-24T01:15:40.731Z] [DEBUG] Finding reports to execute in company_9jxwph8g (current time: 2025-06-24T01:15:40.731Z)
[2025-06-24T01:15:40.788Z] [INFO] Found 0 reports to execute in company_9jxwph8g
[2025-06-24T01:15:40.789Z] [INFO] Scheduled reports check completed
[2025-06-24T01:15:40.793Z] [DEBUG] MongoDB connection closed
[2025-06-24T01:15:53.705Z] [INFO] Checking for scheduled reports...
[2025-06-24T01:15:54.442Z] [DEBUG] Connected to MongoDB
[2025-06-24T01:15:54.519Z] [INFO] Found 1 company databases
[2025-06-24T01:15:54.520Z] [DEBUG] Processing company database: company_9jxwph8g
[2025-06-24T01:15:54.584Z] [DEBUG] Finding reports to execute in company_9jxwph8g (current time: 2025-06-24T01:15:54.584Z)
[2025-06-24T01:15:54.641Z] [INFO] Found 0 reports to execute in company_9jxwph8g
[2025-06-24T01:15:54.642Z] [INFO] Scheduled reports check completed
[2025-06-24T01:15:54.644Z] [DEBUG] MongoDB connection closed
[2025-06-24T01:16:09.798Z] [INFO] Checking for scheduled reports...
[2025-06-24T01:16:10.421Z] [DEBUG] Connected to MongoDB
[2025-06-24T01:16:10.496Z] [INFO] Found 1 company databases
[2025-06-24T01:16:10.497Z] [DEBUG] Processing company database: company_9jxwph8g
[2025-06-24T01:16:10.559Z] [DEBUG] Finding reports to execute in company_9jxwph8g (current time: 2025-06-24T01:16:10.559Z)
[2025-06-24T01:16:10.621Z] [INFO] Found 0 reports to execute in company_9jxwph8g
[2025-06-24T01:16:10.622Z] [INFO] Scheduled reports check completed
[2025-06-24T01:16:10.626Z] [DEBUG] MongoDB connection closed
[2025-06-24T01:16:23.705Z] [INFO] Checking for scheduled reports...
[2025-06-24T01:16:24.429Z] [DEBUG] Connected to MongoDB
[2025-06-24T01:16:24.498Z] [INFO] Found 1 company databases
[2025-06-24T01:16:24.498Z] [DEBUG] Processing company database: company_9jxwph8g
[2025-06-24T01:16:24.558Z] [DEBUG] Finding reports to execute in company_9jxwph8g (current time: 2025-06-24T01:16:24.558Z)
[2025-06-24T01:16:24.615Z] [INFO] Found 0 reports to execute in company_9jxwph8g
[2025-06-24T01:16:24.616Z] [INFO] Scheduled reports check completed
[2025-06-24T01:16:24.619Z] [DEBUG] MongoDB connection closed
[2025-06-24T01:16:39.799Z] [INFO] Checking for scheduled reports...
[2025-06-24T01:16:40.559Z] [DEBUG] Connected to MongoDB
[2025-06-24T01:16:40.641Z] [INFO] Found 1 company databases
[2025-06-24T01:16:40.642Z] [DEBUG] Processing company database: company_9jxwph8g
[2025-06-24T01:16:40.703Z] [DEBUG] Finding reports to execute in company_9jxwph8g (current time: 2025-06-24T01:16:40.703Z)
[2025-06-24T01:16:40.763Z] [INFO] Found 0 reports to execute in company_9jxwph8g
[2025-06-24T01:16:40.763Z] [INFO] Scheduled reports check completed
[2025-06-24T01:16:40.767Z] [DEBUG] MongoDB connection closed
[2025-06-24T01:16:53.705Z] [INFO] Checking for scheduled reports...
[2025-06-24T01:16:54.375Z] [DEBUG] Connected to MongoDB
[2025-06-24T01:16:54.444Z] [INFO] Found 1 company databases
[2025-06-24T01:16:54.445Z] [DEBUG] Processing company database: company_9jxwph8g
[2025-06-24T01:16:54.510Z] [DEBUG] Finding reports to execute in company_9jxwph8g (current time: 2025-06-24T01:16:54.510Z)
[2025-06-24T01:16:54.568Z] [INFO] Found 0 reports to execute in company_9jxwph8g
[2025-06-24T01:16:54.569Z] [INFO] Scheduled reports check completed
[2025-06-24T01:16:54.571Z] [DEBUG] MongoDB connection closed
[2025-06-24T01:17:09.800Z] [INFO] Checking for scheduled reports...
[2025-06-24T01:17:10.449Z] [DEBUG] Connected to MongoDB
[2025-06-24T01:17:10.525Z] [INFO] Found 1 company databases
[2025-06-24T01:17:10.525Z] [DEBUG] Processing company database: company_9jxwph8g
[2025-06-24T01:17:10.584Z] [DEBUG] Finding reports to execute in company_9jxwph8g (current time: 2025-06-24T01:17:10.584Z)
[2025-06-24T01:17:10.645Z] [INFO] Found 0 reports to execute in company_9jxwph8g
[2025-06-24T01:17:10.645Z] [INFO] Scheduled reports check completed
[2025-06-24T01:17:10.650Z] [DEBUG] MongoDB connection closed
[2025-06-24T01:17:23.705Z] [INFO] Checking for scheduled reports...
[2025-06-24T01:17:24.433Z] [DEBUG] Connected to MongoDB
[2025-06-24T01:17:24.500Z] [INFO] Found 1 company databases
[2025-06-24T01:17:24.500Z] [DEBUG] Processing company database: company_9jxwph8g
[2025-06-24T01:17:24.557Z] [DEBUG] Finding reports to execute in company_9jxwph8g (current time: 2025-06-24T01:17:24.557Z)
[2025-06-24T01:17:24.616Z] [INFO] Found 0 reports to execute in company_9jxwph8g
[2025-06-24T01:17:24.616Z] [INFO] Scheduled reports check completed
[2025-06-24T01:17:24.617Z] [DEBUG] MongoDB connection closed
[2025-06-24T01:17:39.805Z] [INFO] Checking for scheduled reports...
[2025-06-24T01:17:42.381Z] [DEBUG] Connected to MongoDB
[2025-06-24T01:17:42.450Z] [INFO] Found 1 company databases
[2025-06-24T01:17:42.450Z] [DEBUG] Processing company database: company_9jxwph8g
[2025-06-24T01:17:42.517Z] [DEBUG] Finding reports to execute in company_9jxwph8g (current time: 2025-06-24T01:17:42.517Z)
[2025-06-24T01:17:42.973Z] [INFO] Found 0 reports to execute in company_9jxwph8g
[2025-06-24T01:17:42.974Z] [INFO] Scheduled reports check completed
[2025-06-24T01:17:42.978Z] [DEBUG] MongoDB connection closed
[2025-06-24T01:17:53.705Z] [INFO] Checking for scheduled reports...
[2025-06-24T01:17:57.869Z] [DEBUG] Connected to MongoDB
[2025-06-24T01:17:58.465Z] [INFO] Found 1 company databases
[2025-06-24T01:17:58.466Z] [DEBUG] Processing company database: company_9jxwph8g
[2025-06-24T01:17:59.356Z] [DEBUG] Finding reports to execute in company_9jxwph8g (current time: 2025-06-24T01:17:59.355Z)
[2025-06-24T01:18:00.279Z] [INFO] Found 0 reports to execute in company_9jxwph8g
[2025-06-24T01:18:00.279Z] [INFO] Scheduled reports check completed
[2025-06-24T01:18:00.281Z] [DEBUG] MongoDB connection closed
[2025-06-24T01:18:09.806Z] [INFO] Checking for scheduled reports...
[2025-06-24T01:18:14.778Z] [DEBUG] Connected to MongoDB
[2025-06-24T01:18:14.857Z] [INFO] Found 1 company databases
[2025-06-24T01:18:14.858Z] [DEBUG] Processing company database: company_9jxwph8g
[2025-06-24T01:18:14.924Z] [DEBUG] Finding reports to execute in company_9jxwph8g (current time: 2025-06-24T01:18:14.924Z)
[2025-06-24T01:18:14.981Z] [INFO] Found 0 reports to execute in company_9jxwph8g
[2025-06-24T01:18:14.982Z] [INFO] Scheduled reports check completed
[2025-06-24T01:18:14.985Z] [DEBUG] MongoDB connection closed
[2025-06-24T01:18:23.706Z] [INFO] Checking for scheduled reports...
[2025-06-24T01:18:25.011Z] [DEBUG] Connected to MongoDB
[2025-06-24T01:18:25.581Z] [INFO] Found 1 company databases
[2025-06-24T01:18:25.582Z] [DEBUG] Processing company database: company_9jxwph8g
[2025-06-24T01:18:25.825Z] [DEBUG] Finding reports to execute in company_9jxwph8g (current time: 2025-06-24T01:18:25.825Z)
[2025-06-24T01:18:25.884Z] [INFO] Found 0 reports to execute in company_9jxwph8g
[2025-06-24T01:18:25.884Z] [INFO] Scheduled reports check completed
[2025-06-24T01:18:25.886Z] [DEBUG] MongoDB connection closed
[2025-06-24T01:18:39.806Z] [INFO] Checking for scheduled reports...
[2025-06-24T01:18:40.654Z] [DEBUG] Connected to MongoDB
[2025-06-24T01:18:40.724Z] [INFO] Found 1 company databases
[2025-06-24T01:18:40.725Z] [DEBUG] Processing company database: company_9jxwph8g
[2025-06-24T01:18:40.787Z] [DEBUG] Finding reports to execute in company_9jxwph8g (current time: 2025-06-24T01:18:40.787Z)
[2025-06-24T01:18:40.845Z] [INFO] Found 0 reports to execute in company_9jxwph8g
[2025-06-24T01:18:40.845Z] [INFO] Scheduled reports check completed
[2025-06-24T01:18:40.848Z] [DEBUG] MongoDB connection closed
[2025-06-24T01:18:53.706Z] [INFO] Checking for scheduled reports...
[2025-06-24T01:18:54.334Z] [DEBUG] Connected to MongoDB
[2025-06-24T01:18:54.404Z] [INFO] Found 1 company databases
[2025-06-24T01:18:54.404Z] [DEBUG] Processing company database: company_9jxwph8g
[2025-06-24T01:18:54.462Z] [DEBUG] Finding reports to execute in company_9jxwph8g (current time: 2025-06-24T01:18:54.462Z)
[2025-06-24T01:18:54.520Z] [INFO] Found 0 reports to execute in company_9jxwph8g
[2025-06-24T01:18:54.521Z] [INFO] Scheduled reports check completed
[2025-06-24T01:18:54.522Z] [DEBUG] MongoDB connection closed
[2025-06-24T01:19:09.808Z] [INFO] Checking for scheduled reports...
[2025-06-24T01:19:10.484Z] [DEBUG] Connected to MongoDB
[2025-06-24T01:19:10.555Z] [INFO] Found 1 company databases
[2025-06-24T01:19:10.555Z] [DEBUG] Processing company database: company_9jxwph8g
[2025-06-24T01:19:10.622Z] [DEBUG] Finding reports to execute in company_9jxwph8g (current time: 2025-06-24T01:19:10.622Z)
[2025-06-24T01:19:10.680Z] [INFO] Found 0 reports to execute in company_9jxwph8g
[2025-06-24T01:19:10.680Z] [INFO] Scheduled reports check completed
[2025-06-24T01:19:10.683Z] [DEBUG] MongoDB connection closed
[2025-06-24T01:19:23.708Z] [INFO] Checking for scheduled reports...
[2025-06-24T01:19:24.437Z] [DEBUG] Connected to MongoDB
[2025-06-24T01:19:24.506Z] [INFO] Found 1 company databases
[2025-06-24T01:19:24.507Z] [DEBUG] Processing company database: company_9jxwph8g
[2025-06-24T01:19:24.568Z] [DEBUG] Finding reports to execute in company_9jxwph8g (current time: 2025-06-24T01:19:24.568Z)
[2025-06-24T01:19:24.624Z] [INFO] Found 0 reports to execute in company_9jxwph8g
[2025-06-24T01:19:24.624Z] [INFO] Scheduled reports check completed
[2025-06-24T01:19:24.626Z] [DEBUG] MongoDB connection closed
[2025-06-24T01:19:39.810Z] [INFO] Checking for scheduled reports...
[2025-06-24T01:19:40.463Z] [DEBUG] Connected to MongoDB
[2025-06-24T01:19:40.562Z] [INFO] Found 1 company databases
[2025-06-24T01:19:40.563Z] [DEBUG] Processing company database: company_9jxwph8g
[2025-06-24T01:19:40.620Z] [DEBUG] Finding reports to execute in company_9jxwph8g (current time: 2025-06-24T01:19:40.620Z)
[2025-06-24T01:19:40.677Z] [INFO] Found 0 reports to execute in company_9jxwph8g
[2025-06-24T01:19:40.678Z] [INFO] Scheduled reports check completed
[2025-06-24T01:19:40.681Z] [DEBUG] MongoDB connection closed
[2025-06-24T01:19:53.708Z] [INFO] Checking for scheduled reports...
[2025-06-24T01:19:54.366Z] [DEBUG] Connected to MongoDB
[2025-06-24T01:19:54.437Z] [INFO] Found 1 company databases
[2025-06-24T01:19:54.437Z] [DEBUG] Processing company database: company_9jxwph8g
[2025-06-24T01:19:54.496Z] [DEBUG] Finding reports to execute in company_9jxwph8g (current time: 2025-06-24T01:19:54.496Z)
[2025-06-24T01:19:54.552Z] [INFO] Found 0 reports to execute in company_9jxwph8g
[2025-06-24T01:19:54.553Z] [INFO] Scheduled reports check completed
[2025-06-24T01:19:54.554Z] [DEBUG] MongoDB connection closed
[2025-06-24T01:20:09.811Z] [INFO] Checking for scheduled reports...
[2025-06-24T01:20:10.546Z] [DEBUG] Connected to MongoDB
[2025-06-24T01:20:10.621Z] [INFO] Found 1 company databases
[2025-06-24T01:20:10.622Z] [DEBUG] Processing company database: company_9jxwph8g
[2025-06-24T01:20:10.683Z] [DEBUG] Finding reports to execute in company_9jxwph8g (current time: 2025-06-24T01:20:10.683Z)
[2025-06-24T01:20:10.739Z] [INFO] Found 0 reports to execute in company_9jxwph8g
[2025-06-24T01:20:10.740Z] [INFO] Scheduled reports check completed
[2025-06-24T01:20:10.742Z] [DEBUG] MongoDB connection closed
[2025-06-24T01:20:23.710Z] [INFO] Checking for scheduled reports...
[2025-06-24T01:20:24.445Z] [DEBUG] Connected to MongoDB
[2025-06-24T01:20:24.515Z] [INFO] Found 1 company databases
[2025-06-24T01:20:24.516Z] [DEBUG] Processing company database: company_9jxwph8g
[2025-06-24T01:20:24.576Z] [DEBUG] Finding reports to execute in company_9jxwph8g (current time: 2025-06-24T01:20:24.576Z)
[2025-06-24T01:20:24.632Z] [INFO] Found 0 reports to execute in company_9jxwph8g
[2025-06-24T01:20:24.632Z] [INFO] Scheduled reports check completed
[2025-06-24T01:20:24.635Z] [DEBUG] MongoDB connection closed
[2025-06-24T01:20:39.811Z] [INFO] Checking for scheduled reports...
[2025-06-24T01:20:40.482Z] [DEBUG] Connected to MongoDB
[2025-06-24T01:20:40.552Z] [INFO] Found 1 company databases
[2025-06-24T01:20:40.552Z] [DEBUG] Processing company database: company_9jxwph8g
[2025-06-24T01:20:40.629Z] [DEBUG] Finding reports to execute in company_9jxwph8g (current time: 2025-06-24T01:20:40.629Z)
[2025-06-24T01:20:40.689Z] [INFO] Found 0 reports to execute in company_9jxwph8g
[2025-06-24T01:20:40.689Z] [INFO] Scheduled reports check completed
[2025-06-24T01:20:40.693Z] [DEBUG] MongoDB connection closed
[2025-06-24T01:20:53.710Z] [INFO] Checking for scheduled reports...
[2025-06-24T01:20:54.342Z] [DEBUG] Connected to MongoDB
[2025-06-24T01:20:54.411Z] [INFO] Found 1 company databases
[2025-06-24T01:20:54.412Z] [DEBUG] Processing company database: company_9jxwph8g
[2025-06-24T01:20:54.474Z] [DEBUG] Finding reports to execute in company_9jxwph8g (current time: 2025-06-24T01:20:54.474Z)
[2025-06-24T01:20:54.531Z] [INFO] Found 0 reports to execute in company_9jxwph8g
[2025-06-24T01:20:54.532Z] [INFO] Scheduled reports check completed
[2025-06-24T01:20:54.534Z] [DEBUG] MongoDB connection closed
[2025-06-24T01:21:09.811Z] [INFO] Checking for scheduled reports...
[2025-06-24T01:21:10.502Z] [DEBUG] Connected to MongoDB
[2025-06-24T01:21:10.576Z] [INFO] Found 1 company databases
[2025-06-24T01:21:10.577Z] [DEBUG] Processing company database: company_9jxwph8g
[2025-06-24T01:21:10.638Z] [DEBUG] Finding reports to execute in company_9jxwph8g (current time: 2025-06-24T01:21:10.638Z)
[2025-06-24T01:21:10.698Z] [INFO] Found 0 reports to execute in company_9jxwph8g
[2025-06-24T01:21:10.699Z] [INFO] Scheduled reports check completed
[2025-06-24T01:21:10.702Z] [DEBUG] MongoDB connection closed
[2025-06-24T01:21:23.710Z] [INFO] Checking for scheduled reports...
[2025-06-24T01:21:24.463Z] [DEBUG] Connected to MongoDB
[2025-06-24T01:21:24.533Z] [INFO] Found 1 company databases
[2025-06-24T01:21:24.533Z] [DEBUG] Processing company database: company_9jxwph8g
[2025-06-24T01:21:24.593Z] [DEBUG] Finding reports to execute in company_9jxwph8g (current time: 2025-06-24T01:21:24.593Z)
[2025-06-24T01:21:24.649Z] [INFO] Found 0 reports to execute in company_9jxwph8g
[2025-06-24T01:21:24.650Z] [INFO] Scheduled reports check completed
[2025-06-24T01:21:24.652Z] [DEBUG] MongoDB connection closed
[2025-06-24T01:21:39.812Z] [INFO] Checking for scheduled reports...
[2025-06-24T01:21:40.534Z] [DEBUG] Connected to MongoDB
[2025-06-24T01:21:40.604Z] [INFO] Found 1 company databases
[2025-06-24T01:21:40.605Z] [DEBUG] Processing company database: company_9jxwph8g
[2025-06-24T01:21:40.665Z] [DEBUG] Finding reports to execute in company_9jxwph8g (current time: 2025-06-24T01:21:40.665Z)
[2025-06-24T01:21:40.735Z] [INFO] Found 0 reports to execute in company_9jxwph8g
[2025-06-24T01:21:40.736Z] [INFO] Scheduled reports check completed
[2025-06-24T01:21:40.740Z] [DEBUG] MongoDB connection closed
[2025-06-24T01:21:53.711Z] [INFO] Checking for scheduled reports...
[2025-06-24T01:21:54.340Z] [DEBUG] Connected to MongoDB
[2025-06-24T01:21:54.407Z] [INFO] Found 1 company databases
[2025-06-24T01:21:54.407Z] [DEBUG] Processing company database: company_9jxwph8g
[2025-06-24T01:21:54.466Z] [DEBUG] Finding reports to execute in company_9jxwph8g (current time: 2025-06-24T01:21:54.466Z)
[2025-06-24T01:21:54.523Z] [INFO] Found 0 reports to execute in company_9jxwph8g
[2025-06-24T01:21:54.524Z] [INFO] Scheduled reports check completed
[2025-06-24T01:21:54.526Z] [DEBUG] MongoDB connection closed
[2025-06-24T01:22:09.813Z] [INFO] Checking for scheduled reports...
[2025-06-24T01:22:10.461Z] [DEBUG] Connected to MongoDB
[2025-06-24T01:22:10.531Z] [INFO] Found 1 company databases
[2025-06-24T01:22:10.532Z] [DEBUG] Processing company database: company_9jxwph8g
[2025-06-24T01:22:10.591Z] [DEBUG] Finding reports to execute in company_9jxwph8g (current time: 2025-06-24T01:22:10.591Z)
[2025-06-24T01:22:10.657Z] [INFO] Found 0 reports to execute in company_9jxwph8g
[2025-06-24T01:22:10.658Z] [INFO] Scheduled reports check completed
[2025-06-24T01:22:10.663Z] [DEBUG] MongoDB connection closed
[2025-06-24T01:22:23.712Z] [INFO] Checking for scheduled reports...
[2025-06-24T01:22:24.478Z] [DEBUG] Connected to MongoDB
[2025-06-24T01:22:24.548Z] [INFO] Found 1 company databases
[2025-06-24T01:22:24.548Z] [DEBUG] Processing company database: company_9jxwph8g
[2025-06-24T01:22:24.608Z] [DEBUG] Finding reports to execute in company_9jxwph8g (current time: 2025-06-24T01:22:24.608Z)
[2025-06-24T01:22:24.668Z] [INFO] Found 0 reports to execute in company_9jxwph8g
[2025-06-24T01:22:24.668Z] [INFO] Scheduled reports check completed
[2025-06-24T01:22:24.670Z] [DEBUG] MongoDB connection closed
[2025-06-24T01:22:39.813Z] [INFO] Checking for scheduled reports...
[2025-06-24T01:22:40.551Z] [DEBUG] Connected to MongoDB
[2025-06-24T01:22:40.629Z] [INFO] Found 1 company databases
[2025-06-24T01:22:40.629Z] [DEBUG] Processing company database: company_9jxwph8g
[2025-06-24T01:22:40.693Z] [DEBUG] Finding reports to execute in company_9jxwph8g (current time: 2025-06-24T01:22:40.693Z)
[2025-06-24T01:22:40.765Z] [INFO] Found 0 reports to execute in company_9jxwph8g
[2025-06-24T01:22:40.766Z] [INFO] Scheduled reports check completed
[2025-06-24T01:22:40.769Z] [DEBUG] MongoDB connection closed
[2025-06-24T01:22:53.712Z] [INFO] Checking for scheduled reports...
[2025-06-24T01:22:54.331Z] [DEBUG] Connected to MongoDB
[2025-06-24T01:22:54.399Z] [INFO] Found 1 company databases
[2025-06-24T01:22:54.400Z] [DEBUG] Processing company database: company_9jxwph8g
[2025-06-24T01:22:54.456Z] [DEBUG] Finding reports to execute in company_9jxwph8g (current time: 2025-06-24T01:22:54.456Z)
[2025-06-24T01:22:54.512Z] [INFO] Found 0 reports to execute in company_9jxwph8g
[2025-06-24T01:22:54.512Z] [INFO] Scheduled reports check completed
[2025-06-24T01:22:54.515Z] [DEBUG] MongoDB connection closed
[2025-06-24T01:23:09.814Z] [INFO] Checking for scheduled reports...
[2025-06-24T01:23:10.488Z] [DEBUG] Connected to MongoDB
[2025-06-24T01:23:10.555Z] [INFO] Found 1 company databases
[2025-06-24T01:23:10.556Z] [DEBUG] Processing company database: company_9jxwph8g
[2025-06-24T01:23:10.614Z] [DEBUG] Finding reports to execute in company_9jxwph8g (current time: 2025-06-24T01:23:10.614Z)
[2025-06-24T01:23:10.670Z] [INFO] Found 0 reports to execute in company_9jxwph8g
[2025-06-24T01:23:10.671Z] [INFO] Scheduled reports check completed
[2025-06-24T01:23:10.677Z] [DEBUG] MongoDB connection closed
[2025-06-24T01:23:23.780Z] [INFO] Checking for scheduled reports...
[2025-06-24T01:23:24.494Z] [DEBUG] Connected to MongoDB
[2025-06-24T01:23:24.564Z] [INFO] Found 1 company databases
[2025-06-24T01:23:24.564Z] [DEBUG] Processing company database: company_9jxwph8g
[2025-06-24T01:23:24.629Z] [DEBUG] Finding reports to execute in company_9jxwph8g (current time: 2025-06-24T01:23:24.629Z)
[2025-06-24T01:23:24.689Z] [INFO] Found 0 reports to execute in company_9jxwph8g
[2025-06-24T01:23:24.690Z] [INFO] Scheduled reports check completed
[2025-06-24T01:23:24.692Z] [DEBUG] MongoDB connection closed
[2025-06-24T01:23:39.883Z] [INFO] Checking for scheduled reports...
[2025-06-24T01:23:40.532Z] [DEBUG] Connected to MongoDB
[2025-06-24T01:23:40.611Z] [INFO] Found 1 company databases
[2025-06-24T01:23:40.612Z] [DEBUG] Processing company database: company_9jxwph8g
[2025-06-24T01:23:40.679Z] [DEBUG] Finding reports to execute in company_9jxwph8g (current time: 2025-06-24T01:23:40.679Z)
[2025-06-24T01:23:40.737Z] [INFO] Found 0 reports to execute in company_9jxwph8g
[2025-06-24T01:23:40.737Z] [INFO] Scheduled reports check completed
[2025-06-24T01:23:40.741Z] [DEBUG] MongoDB connection closed
[2025-06-24T01:23:53.782Z] [INFO] Checking for scheduled reports...
[2025-06-24T01:23:54.393Z] [DEBUG] Connected to MongoDB
[2025-06-24T01:23:54.464Z] [INFO] Found 1 company databases
[2025-06-24T01:23:54.464Z] [DEBUG] Processing company database: company_9jxwph8g
[2025-06-24T01:23:54.523Z] [DEBUG] Finding reports to execute in company_9jxwph8g (current time: 2025-06-24T01:23:54.523Z)
[2025-06-24T01:23:54.580Z] [INFO] Found 0 reports to execute in company_9jxwph8g
[2025-06-24T01:23:54.580Z] [INFO] Scheduled reports check completed
[2025-06-24T01:23:54.582Z] [DEBUG] MongoDB connection closed
[2025-06-24T01:24:09.885Z] [INFO] Checking for scheduled reports...
[2025-06-24T01:24:10.532Z] [DEBUG] Connected to MongoDB
[2025-06-24T01:24:10.624Z] [INFO] Found 1 company databases
[2025-06-24T01:24:10.624Z] [DEBUG] Processing company database: company_9jxwph8g
[2025-06-24T01:24:10.684Z] [DEBUG] Finding reports to execute in company_9jxwph8g (current time: 2025-06-24T01:24:10.684Z)
[2025-06-24T01:24:10.741Z] [INFO] Found 0 reports to execute in company_9jxwph8g
[2025-06-24T01:24:10.741Z] [INFO] Scheduled reports check completed
[2025-06-24T01:24:10.747Z] [DEBUG] MongoDB connection closed
[2025-06-24T01:24:23.782Z] [INFO] Checking for scheduled reports...
[2025-06-24T01:24:24.550Z] [DEBUG] Connected to MongoDB
[2025-06-24T01:24:24.626Z] [INFO] Found 1 company databases
[2025-06-24T01:24:24.627Z] [DEBUG] Processing company database: company_9jxwph8g
[2025-06-24T01:24:24.695Z] [DEBUG] Finding reports to execute in company_9jxwph8g (current time: 2025-06-24T01:24:24.695Z)
[2025-06-24T01:24:24.753Z] [INFO] Found 0 reports to execute in company_9jxwph8g
[2025-06-24T01:24:24.754Z] [INFO] Scheduled reports check completed
[2025-06-24T01:24:24.756Z] [DEBUG] MongoDB connection closed
[2025-06-24T01:24:39.887Z] [INFO] Checking for scheduled reports...
[2025-06-24T01:24:40.662Z] [DEBUG] Connected to MongoDB
[2025-06-24T01:24:40.735Z] [INFO] Found 1 company databases
[2025-06-24T01:24:40.735Z] [DEBUG] Processing company database: company_9jxwph8g
[2025-06-24T01:24:40.798Z] [DEBUG] Finding reports to execute in company_9jxwph8g (current time: 2025-06-24T01:24:40.798Z)
[2025-06-24T01:24:40.858Z] [INFO] Found 0 reports to execute in company_9jxwph8g
[2025-06-24T01:24:40.858Z] [INFO] Scheduled reports check completed
[2025-06-24T01:24:40.861Z] [DEBUG] MongoDB connection closed
[2025-06-24T01:24:53.782Z] [INFO] Checking for scheduled reports...
[2025-06-24T01:24:54.493Z] [DEBUG] Connected to MongoDB
[2025-06-24T01:24:54.562Z] [INFO] Found 1 company databases
[2025-06-24T01:24:54.562Z] [DEBUG] Processing company database: company_9jxwph8g
[2025-06-24T01:24:54.620Z] [DEBUG] Finding reports to execute in company_9jxwph8g (current time: 2025-06-24T01:24:54.620Z)
[2025-06-24T01:24:54.680Z] [INFO] Found 0 reports to execute in company_9jxwph8g
[2025-06-24T01:24:54.681Z] [INFO] Scheduled reports check completed
[2025-06-24T01:24:54.683Z] [DEBUG] MongoDB connection closed
[2025-06-24T01:25:09.889Z] [INFO] Checking for scheduled reports...
[2025-06-24T01:25:10.645Z] [DEBUG] Connected to MongoDB
[2025-06-24T01:25:10.722Z] [INFO] Found 1 company databases
[2025-06-24T01:25:10.722Z] [DEBUG] Processing company database: company_9jxwph8g
[2025-06-24T01:25:10.795Z] [DEBUG] Finding reports to execute in company_9jxwph8g (current time: 2025-06-24T01:25:10.795Z)
[2025-06-24T01:25:10.853Z] [INFO] Found 0 reports to execute in company_9jxwph8g
[2025-06-24T01:25:10.853Z] [INFO] Scheduled reports check completed
[2025-06-24T01:25:10.857Z] [DEBUG] MongoDB connection closed
[2025-06-24T01:25:23.784Z] [INFO] Checking for scheduled reports...
[2025-06-24T01:25:24.477Z] [DEBUG] Connected to MongoDB
[2025-06-24T01:25:24.550Z] [INFO] Found 1 company databases
[2025-06-24T01:25:24.551Z] [DEBUG] Processing company database: company_9jxwph8g
[2025-06-24T01:25:24.609Z] [DEBUG] Finding reports to execute in company_9jxwph8g (current time: 2025-06-24T01:25:24.609Z)
[2025-06-24T01:25:24.675Z] [INFO] Found 0 reports to execute in company_9jxwph8g
[2025-06-24T01:25:24.676Z] [INFO] Scheduled reports check completed
[2025-06-24T01:25:24.678Z] [DEBUG] MongoDB connection closed
[2025-06-24T01:25:39.891Z] [INFO] Checking for scheduled reports...
[2025-06-24T01:25:40.537Z] [DEBUG] Connected to MongoDB
[2025-06-24T01:25:40.610Z] [INFO] Found 1 company databases
[2025-06-24T01:25:40.610Z] [DEBUG] Processing company database: company_9jxwph8g
[2025-06-24T01:25:40.677Z] [DEBUG] Finding reports to execute in company_9jxwph8g (current time: 2025-06-24T01:25:40.677Z)
[2025-06-24T01:25:40.734Z] [INFO] Found 0 reports to execute in company_9jxwph8g
[2025-06-24T01:25:40.735Z] [INFO] Scheduled reports check completed
[2025-06-24T01:25:40.739Z] [DEBUG] MongoDB connection closed
[2025-06-24T01:25:53.788Z] [INFO] Checking for scheduled reports...
[2025-06-24T01:25:54.565Z] [DEBUG] Connected to MongoDB
[2025-06-24T01:25:54.633Z] [INFO] Found 1 company databases
[2025-06-24T01:25:54.634Z] [DEBUG] Processing company database: company_9jxwph8g
[2025-06-24T01:25:54.690Z] [DEBUG] Finding reports to execute in company_9jxwph8g (current time: 2025-06-24T01:25:54.690Z)
[2025-06-24T01:25:54.752Z] [INFO] Found 0 reports to execute in company_9jxwph8g
[2025-06-24T01:25:54.752Z] [INFO] Scheduled reports check completed
[2025-06-24T01:25:54.754Z] [DEBUG] MongoDB connection closed
[2025-06-24T01:26:09.891Z] [INFO] Checking for scheduled reports...
[2025-06-24T01:26:10.606Z] [DEBUG] Connected to MongoDB
[2025-06-24T01:26:10.681Z] [INFO] Found 1 company databases
[2025-06-24T01:26:10.681Z] [DEBUG] Processing company database: company_9jxwph8g
[2025-06-24T01:26:10.744Z] [DEBUG] Finding reports to execute in company_9jxwph8g (current time: 2025-06-24T01:26:10.744Z)
[2025-06-24T01:26:10.803Z] [INFO] Found 0 reports to execute in company_9jxwph8g
[2025-06-24T01:26:10.803Z] [INFO] Scheduled reports check completed
[2025-06-24T01:26:10.807Z] [DEBUG] MongoDB connection closed
[2025-06-24T01:26:23.790Z] [INFO] Checking for scheduled reports...
[2025-06-24T01:26:24.395Z] [DEBUG] Connected to MongoDB
[2025-06-24T01:26:24.466Z] [INFO] Found 1 company databases
[2025-06-24T01:26:24.466Z] [DEBUG] Processing company database: company_9jxwph8g
[2025-06-24T01:26:24.524Z] [DEBUG] Finding reports to execute in company_9jxwph8g (current time: 2025-06-24T01:26:24.524Z)
[2025-06-24T01:26:24.581Z] [INFO] Found 0 reports to execute in company_9jxwph8g
[2025-06-24T01:26:24.581Z] [INFO] Scheduled reports check completed
[2025-06-24T01:26:24.583Z] [DEBUG] MongoDB connection closed
[2025-06-24T01:26:39.892Z] [INFO] Checking for scheduled reports...
[2025-06-24T01:26:40.553Z] [DEBUG] Connected to MongoDB
[2025-06-24T01:26:40.653Z] [INFO] Found 1 company databases
[2025-06-24T01:26:40.653Z] [DEBUG] Processing company database: company_9jxwph8g
[2025-06-24T01:26:40.736Z] [DEBUG] Finding reports to execute in company_9jxwph8g (current time: 2025-06-24T01:26:40.736Z)
[2025-06-24T01:26:40.795Z] [INFO] Found 0 reports to execute in company_9jxwph8g
[2025-06-24T01:26:40.795Z] [INFO] Scheduled reports check completed
[2025-06-24T01:26:40.799Z] [DEBUG] MongoDB connection closed
[2025-06-24T01:26:53.792Z] [INFO] Checking for scheduled reports...
[2025-06-24T01:26:54.523Z] [DEBUG] Connected to MongoDB
[2025-06-24T01:26:54.597Z] [INFO] Found 1 company databases
[2025-06-24T01:26:54.597Z] [DEBUG] Processing company database: company_9jxwph8g
[2025-06-24T01:26:54.659Z] [DEBUG] Finding reports to execute in company_9jxwph8g (current time: 2025-06-24T01:26:54.658Z)
[2025-06-24T01:26:54.717Z] [INFO] Found 0 reports to execute in company_9jxwph8g
[2025-06-24T01:26:54.717Z] [INFO] Scheduled reports check completed
[2025-06-24T01:26:54.719Z] [DEBUG] MongoDB connection closed
[2025-06-24T01:27:09.892Z] [INFO] Checking for scheduled reports...
[2025-06-24T01:27:10.567Z] [DEBUG] Connected to MongoDB
[2025-06-24T01:27:10.646Z] [INFO] Found 1 company databases
[2025-06-24T01:27:10.647Z] [DEBUG] Processing company database: company_9jxwph8g
[2025-06-24T01:27:10.721Z] [DEBUG] Finding reports to execute in company_9jxwph8g (current time: 2025-06-24T01:27:10.721Z)
[2025-06-24T01:27:10.813Z] [INFO] Found 0 reports to execute in company_9jxwph8g
[2025-06-24T01:27:10.814Z] [INFO] Scheduled reports check completed
[2025-06-24T01:27:10.817Z] [DEBUG] MongoDB connection closed
[2025-06-24T01:27:23.793Z] [INFO] Checking for scheduled reports...
[2025-06-24T01:27:24.448Z] [DEBUG] Connected to MongoDB
[2025-06-24T01:27:24.519Z] [INFO] Found 1 company databases
[2025-06-24T01:27:24.520Z] [DEBUG] Processing company database: company_9jxwph8g
[2025-06-24T01:27:24.579Z] [DEBUG] Finding reports to execute in company_9jxwph8g (current time: 2025-06-24T01:27:24.579Z)
[2025-06-24T01:27:24.647Z] [INFO] Found 0 reports to execute in company_9jxwph8g
[2025-06-24T01:27:24.647Z] [INFO] Scheduled reports check completed
[2025-06-24T01:27:24.649Z] [DEBUG] MongoDB connection closed
[2025-06-24T01:27:39.893Z] [INFO] Checking for scheduled reports...
[2025-06-24T01:27:40.598Z] [DEBUG] Connected to MongoDB
[2025-06-24T01:27:40.669Z] [INFO] Found 1 company databases
[2025-06-24T01:27:40.669Z] [DEBUG] Processing company database: company_9jxwph8g
[2025-06-24T01:27:40.729Z] [DEBUG] Finding reports to execute in company_9jxwph8g (current time: 2025-06-24T01:27:40.729Z)
[2025-06-24T01:27:40.787Z] [INFO] Found 0 reports to execute in company_9jxwph8g
[2025-06-24T01:27:40.788Z] [INFO] Scheduled reports check completed
[2025-06-24T01:27:40.792Z] [DEBUG] MongoDB connection closed
[2025-06-24T01:27:53.795Z] [INFO] Checking for scheduled reports...
[2025-06-24T01:27:54.476Z] [DEBUG] Connected to MongoDB
[2025-06-24T01:27:54.545Z] [INFO] Found 1 company databases
[2025-06-24T01:27:54.546Z] [DEBUG] Processing company database: company_9jxwph8g
[2025-06-24T01:27:54.611Z] [DEBUG] Finding reports to execute in company_9jxwph8g (current time: 2025-06-24T01:27:54.611Z)
[2025-06-24T01:27:54.672Z] [INFO] Found 0 reports to execute in company_9jxwph8g
[2025-06-24T01:27:54.673Z] [INFO] Scheduled reports check completed
[2025-06-24T01:27:54.675Z] [DEBUG] MongoDB connection closed
[2025-06-24T01:28:09.895Z] [INFO] Checking for scheduled reports...
[2025-06-24T01:28:10.591Z] [DEBUG] Connected to MongoDB
[2025-06-24T01:28:10.659Z] [INFO] Found 1 company databases
[2025-06-24T01:28:10.660Z] [DEBUG] Processing company database: company_9jxwph8g
[2025-06-24T01:28:10.720Z] [DEBUG] Finding reports to execute in company_9jxwph8g (current time: 2025-06-24T01:28:10.720Z)
[2025-06-24T01:28:10.778Z] [INFO] Found 0 reports to execute in company_9jxwph8g
[2025-06-24T01:28:10.779Z] [INFO] Scheduled reports check completed
[2025-06-24T01:28:10.782Z] [DEBUG] MongoDB connection closed
[2025-06-24T01:28:23.797Z] [INFO] Checking for scheduled reports...
[2025-06-24T01:28:24.430Z] [DEBUG] Connected to MongoDB
[2025-06-24T01:28:24.499Z] [INFO] Found 1 company databases
[2025-06-24T01:28:24.499Z] [DEBUG] Processing company database: company_9jxwph8g
[2025-06-24T01:28:24.557Z] [DEBUG] Finding reports to execute in company_9jxwph8g (current time: 2025-06-24T01:28:24.557Z)
[2025-06-24T01:28:24.614Z] [INFO] Found 0 reports to execute in company_9jxwph8g
[2025-06-24T01:28:24.614Z] [INFO] Scheduled reports check completed
[2025-06-24T01:28:24.616Z] [DEBUG] MongoDB connection closed
[2025-06-24T01:28:39.897Z] [INFO] Checking for scheduled reports...
[2025-06-24T01:28:40.511Z] [DEBUG] Connected to MongoDB
[2025-06-24T01:28:40.580Z] [INFO] Found 1 company databases
[2025-06-24T01:28:40.580Z] [DEBUG] Processing company database: company_9jxwph8g
[2025-06-24T01:28:40.643Z] [DEBUG] Finding reports to execute in company_9jxwph8g (current time: 2025-06-24T01:28:40.643Z)
[2025-06-24T01:28:40.700Z] [INFO] Found 0 reports to execute in company_9jxwph8g
[2025-06-24T01:28:40.700Z] [INFO] Scheduled reports check completed
[2025-06-24T01:28:40.704Z] [DEBUG] MongoDB connection closed
[2025-06-24T01:28:53.798Z] [INFO] Checking for scheduled reports...
[2025-06-24T01:28:54.660Z] [DEBUG] Connected to MongoDB
[2025-06-24T01:28:54.728Z] [INFO] Found 1 company databases
[2025-06-24T01:28:54.728Z] [DEBUG] Processing company database: company_9jxwph8g
[2025-06-24T01:28:54.786Z] [DEBUG] Finding reports to execute in company_9jxwph8g (current time: 2025-06-24T01:28:54.786Z)
[2025-06-24T01:28:54.843Z] [INFO] Found 0 reports to execute in company_9jxwph8g
[2025-06-24T01:28:54.844Z] [INFO] Scheduled reports check completed
[2025-06-24T01:28:54.846Z] [DEBUG] MongoDB connection closed
[2025-06-24T01:29:09.899Z] [INFO] Checking for scheduled reports...
[2025-06-24T01:29:10.605Z] [DEBUG] Connected to MongoDB
[2025-06-24T01:29:10.674Z] [INFO] Found 1 company databases
[2025-06-24T01:29:10.675Z] [DEBUG] Processing company database: company_9jxwph8g
[2025-06-24T01:29:10.734Z] [DEBUG] Finding reports to execute in company_9jxwph8g (current time: 2025-06-24T01:29:10.734Z)
[2025-06-24T01:29:10.794Z] [INFO] Found 0 reports to execute in company_9jxwph8g
[2025-06-24T01:29:10.795Z] [INFO] Scheduled reports check completed
[2025-06-24T01:29:10.798Z] [DEBUG] MongoDB connection closed
[2025-06-24T01:29:23.798Z] [INFO] Checking for scheduled reports...
[2025-06-24T01:29:24.434Z] [DEBUG] Connected to MongoDB
[2025-06-24T01:29:24.503Z] [INFO] Found 1 company databases
[2025-06-24T01:29:24.504Z] [DEBUG] Processing company database: company_9jxwph8g
[2025-06-24T01:29:24.562Z] [DEBUG] Finding reports to execute in company_9jxwph8g (current time: 2025-06-24T01:29:24.562Z)
[2025-06-24T01:29:24.619Z] [INFO] Found 0 reports to execute in company_9jxwph8g
[2025-06-24T01:29:24.620Z] [INFO] Scheduled reports check completed
[2025-06-24T01:29:24.622Z] [DEBUG] MongoDB connection closed
[2025-06-24T01:29:39.900Z] [INFO] Checking for scheduled reports...
[2025-06-24T01:29:40.509Z] [DEBUG] Connected to MongoDB
[2025-06-24T01:29:40.579Z] [INFO] Found 1 company databases
[2025-06-24T01:29:40.580Z] [DEBUG] Processing company database: company_9jxwph8g
[2025-06-24T01:29:40.638Z] [DEBUG] Finding reports to execute in company_9jxwph8g (current time: 2025-06-24T01:29:40.638Z)
[2025-06-24T01:29:40.696Z] [INFO] Found 0 reports to execute in company_9jxwph8g
[2025-06-24T01:29:40.697Z] [INFO] Scheduled reports check completed
[2025-06-24T01:29:40.699Z] [DEBUG] MongoDB connection closed
[2025-06-24T01:29:53.798Z] [INFO] Checking for scheduled reports...
[2025-06-24T01:29:54.503Z] [DEBUG] Connected to MongoDB
[2025-06-24T01:29:54.574Z] [INFO] Found 1 company databases
[2025-06-24T01:29:54.574Z] [DEBUG] Processing company database: company_9jxwph8g
[2025-06-24T01:29:54.633Z] [DEBUG] Finding reports to execute in company_9jxwph8g (current time: 2025-06-24T01:29:54.633Z)
[2025-06-24T01:29:54.690Z] [INFO] Found 0 reports to execute in company_9jxwph8g
[2025-06-24T01:29:54.690Z] [INFO] Scheduled reports check completed
[2025-06-24T01:29:54.693Z] [DEBUG] MongoDB connection closed
[2025-06-24T01:30:09.902Z] [INFO] Checking for scheduled reports...
[2025-06-24T01:30:10.685Z] [DEBUG] Connected to MongoDB
[2025-06-24T01:30:10.754Z] [INFO] Found 1 company databases
[2025-06-24T01:30:10.755Z] [DEBUG] Processing company database: company_9jxwph8g
[2025-06-24T01:30:10.814Z] [DEBUG] Finding reports to execute in company_9jxwph8g (current time: 2025-06-24T01:30:10.814Z)
[2025-06-24T01:30:10.882Z] [INFO] Found 0 reports to execute in company_9jxwph8g
[2025-06-24T01:30:10.882Z] [INFO] Scheduled reports check completed
[2025-06-24T01:30:10.886Z] [DEBUG] MongoDB connection closed
[2025-06-24T01:30:23.798Z] [INFO] Checking for scheduled reports...
[2025-06-24T01:30:24.462Z] [DEBUG] Connected to MongoDB
[2025-06-24T01:30:24.530Z] [INFO] Found 1 company databases
[2025-06-24T01:30:24.531Z] [DEBUG] Processing company database: company_9jxwph8g
[2025-06-24T01:30:24.589Z] [DEBUG] Finding reports to execute in company_9jxwph8g (current time: 2025-06-24T01:30:24.589Z)
[2025-06-24T01:30:24.649Z] [INFO] Found 0 reports to execute in company_9jxwph8g
[2025-06-24T01:30:24.649Z] [INFO] Scheduled reports check completed
[2025-06-24T01:30:24.652Z] [DEBUG] MongoDB connection closed
[2025-06-24T01:30:39.903Z] [INFO] Checking for scheduled reports...
[2025-06-24T01:30:40.534Z] [DEBUG] Connected to MongoDB
[2025-06-24T01:30:40.601Z] [INFO] Found 1 company databases
[2025-06-24T01:30:40.602Z] [DEBUG] Processing company database: company_9jxwph8g
[2025-06-24T01:30:40.665Z] [DEBUG] Finding reports to execute in company_9jxwph8g (current time: 2025-06-24T01:30:40.665Z)
[2025-06-24T01:30:40.725Z] [INFO] Found 0 reports to execute in company_9jxwph8g
[2025-06-24T01:30:40.726Z] [INFO] Scheduled reports check completed
[2025-06-24T01:30:40.729Z] [DEBUG] MongoDB connection closed
[2025-06-24T01:30:53.798Z] [INFO] Checking for scheduled reports...
[2025-06-24T01:30:54.427Z] [DEBUG] Connected to MongoDB
[2025-06-24T01:30:54.496Z] [INFO] Found 1 company databases
[2025-06-24T01:30:54.496Z] [DEBUG] Processing company database: company_9jxwph8g
[2025-06-24T01:30:54.563Z] [DEBUG] Finding reports to execute in company_9jxwph8g (current time: 2025-06-24T01:30:54.563Z)
[2025-06-24T01:30:54.622Z] [INFO] Found 0 reports to execute in company_9jxwph8g
[2025-06-24T01:30:54.623Z] [INFO] Scheduled reports check completed
[2025-06-24T01:30:54.626Z] [DEBUG] MongoDB connection closed
[2025-06-24T01:31:09.905Z] [INFO] Checking for scheduled reports...
[2025-06-24T01:31:10.540Z] [DEBUG] Connected to MongoDB
[2025-06-24T01:31:10.612Z] [INFO] Found 1 company databases
[2025-06-24T01:31:10.613Z] [DEBUG] Processing company database: company_9jxwph8g
[2025-06-24T01:31:10.677Z] [DEBUG] Finding reports to execute in company_9jxwph8g (current time: 2025-06-24T01:31:10.677Z)
[2025-06-24T01:31:10.735Z] [INFO] Found 0 reports to execute in company_9jxwph8g
[2025-06-24T01:31:10.736Z] [INFO] Scheduled reports check completed
[2025-06-24T01:31:10.739Z] [DEBUG] MongoDB connection closed
[2025-06-24T01:31:23.798Z] [INFO] Checking for scheduled reports...
[2025-06-24T01:31:24.635Z] [DEBUG] Connected to MongoDB
[2025-06-24T01:31:24.709Z] [INFO] Found 1 company databases
[2025-06-24T01:31:24.710Z] [DEBUG] Processing company database: company_9jxwph8g
[2025-06-24T01:31:24.772Z] [DEBUG] Finding reports to execute in company_9jxwph8g (current time: 2025-06-24T01:31:24.772Z)
[2025-06-24T01:31:24.830Z] [INFO] Found 0 reports to execute in company_9jxwph8g
[2025-06-24T01:31:24.831Z] [INFO] Scheduled reports check completed
[2025-06-24T01:31:24.833Z] [DEBUG] MongoDB connection closed
[2025-06-24T01:31:53.800Z] [INFO] Checking for scheduled reports...
[2025-06-24T01:31:54.439Z] [DEBUG] Connected to MongoDB
[2025-06-24T01:31:54.506Z] [INFO] Found 1 company databases
[2025-06-24T01:31:54.507Z] [DEBUG] Processing company database: company_9jxwph8g
[2025-06-24T01:31:54.564Z] [DEBUG] Finding reports to execute in company_9jxwph8g (current time: 2025-06-24T01:31:54.564Z)
[2025-06-24T01:31:54.621Z] [INFO] Found 0 reports to execute in company_9jxwph8g
[2025-06-24T01:31:54.621Z] [INFO] Scheduled reports check completed
[2025-06-24T01:31:54.622Z] [DEBUG] MongoDB connection closed
[2025-06-24T01:32:23.801Z] [INFO] Checking for scheduled reports...
[2025-06-24T01:32:24.647Z] [DEBUG] Connected to MongoDB
[2025-06-24T01:32:24.717Z] [INFO] Found 1 company databases
[2025-06-24T01:32:24.718Z] [DEBUG] Processing company database: company_9jxwph8g
[2025-06-24T01:32:24.782Z] [DEBUG] Finding reports to execute in company_9jxwph8g (current time: 2025-06-24T01:32:24.782Z)
[2025-06-24T01:32:24.844Z] [INFO] Found 0 reports to execute in company_9jxwph8g
[2025-06-24T01:32:24.845Z] [INFO] Scheduled reports check completed
[2025-06-24T01:32:24.847Z] [DEBUG] MongoDB connection closed
[2025-06-24T01:32:53.802Z] [INFO] Checking for scheduled reports...
[2025-06-24T01:32:54.484Z] [DEBUG] Connected to MongoDB
[2025-06-24T01:32:54.551Z] [INFO] Found 1 company databases
[2025-06-24T01:32:54.552Z] [DEBUG] Processing company database: company_9jxwph8g
[2025-06-24T01:32:54.612Z] [DEBUG] Finding reports to execute in company_9jxwph8g (current time: 2025-06-24T01:32:54.612Z)
[2025-06-24T01:32:54.668Z] [INFO] Found 0 reports to execute in company_9jxwph8g
[2025-06-24T01:32:54.669Z] [INFO] Scheduled reports check completed
[2025-06-24T01:32:54.670Z] [DEBUG] MongoDB connection closed
[2025-06-24T01:33:23.804Z] [INFO] Checking for scheduled reports...
[2025-06-24T01:33:24.579Z] [DEBUG] Connected to MongoDB
[2025-06-24T01:33:24.647Z] [INFO] Found 1 company databases
[2025-06-24T01:33:24.647Z] [DEBUG] Processing company database: company_9jxwph8g
[2025-06-24T01:33:24.704Z] [DEBUG] Finding reports to execute in company_9jxwph8g (current time: 2025-06-24T01:33:24.704Z)
[2025-06-24T01:33:24.767Z] [INFO] Found 0 reports to execute in company_9jxwph8g
[2025-06-24T01:33:24.767Z] [INFO] Scheduled reports check completed
[2025-06-24T01:33:24.769Z] [DEBUG] MongoDB connection closed
[2025-06-24T01:33:53.805Z] [INFO] Checking for scheduled reports...
[2025-06-24T01:33:54.585Z] [DEBUG] Connected to MongoDB
[2025-06-24T01:33:54.651Z] [INFO] Found 1 company databases
[2025-06-24T01:33:54.652Z] [DEBUG] Processing company database: company_9jxwph8g
[2025-06-24T01:33:54.709Z] [DEBUG] Finding reports to execute in company_9jxwph8g (current time: 2025-06-24T01:33:54.709Z)
[2025-06-24T01:33:54.767Z] [INFO] Found 0 reports to execute in company_9jxwph8g
[2025-06-24T01:33:54.767Z] [INFO] Scheduled reports check completed
[2025-06-24T01:33:54.770Z] [DEBUG] MongoDB connection closed
[2025-06-24T01:34:23.807Z] [INFO] Checking for scheduled reports...
[2025-06-24T01:34:24.471Z] [DEBUG] Connected to MongoDB
[2025-06-24T01:34:24.539Z] [INFO] Found 1 company databases
[2025-06-24T01:34:24.539Z] [DEBUG] Processing company database: company_9jxwph8g
[2025-06-24T01:34:24.603Z] [DEBUG] Finding reports to execute in company_9jxwph8g (current time: 2025-06-24T01:34:24.603Z)
[2025-06-24T01:34:24.662Z] [INFO] Found 0 reports to execute in company_9jxwph8g
[2025-06-24T01:34:24.662Z] [INFO] Scheduled reports check completed
[2025-06-24T01:34:24.666Z] [DEBUG] MongoDB connection closed
[2025-06-24T01:34:53.808Z] [INFO] Checking for scheduled reports...
[2025-06-24T01:34:54.577Z] [DEBUG] Connected to MongoDB
[2025-06-24T01:34:54.650Z] [INFO] Found 1 company databases
[2025-06-24T01:34:54.651Z] [DEBUG] Processing company database: company_9jxwph8g
[2025-06-24T01:34:54.717Z] [DEBUG] Finding reports to execute in company_9jxwph8g (current time: 2025-06-24T01:34:54.717Z)
[2025-06-24T01:34:54.774Z] [INFO] Found 0 reports to execute in company_9jxwph8g
[2025-06-24T01:34:54.774Z] [INFO] Scheduled reports check completed
[2025-06-24T01:34:54.775Z] [DEBUG] MongoDB connection closed
[2025-06-24T01:35:23.809Z] [INFO] Checking for scheduled reports...
[2025-06-24T01:35:24.567Z] [DEBUG] Connected to MongoDB
[2025-06-24T01:35:24.852Z] [INFO] Found 1 company databases
[2025-06-24T01:35:24.853Z] [DEBUG] Processing company database: company_9jxwph8g
[2025-06-24T01:35:24.914Z] [DEBUG] Finding reports to execute in company_9jxwph8g (current time: 2025-06-24T01:35:24.914Z)
[2025-06-24T01:35:24.972Z] [INFO] Found 0 reports to execute in company_9jxwph8g
[2025-06-24T01:35:24.973Z] [INFO] Scheduled reports check completed
[2025-06-24T01:35:24.974Z] [DEBUG] MongoDB connection closed
[2025-06-24T01:35:53.810Z] [INFO] Checking for scheduled reports...
[2025-06-24T01:35:54.555Z] [DEBUG] Connected to MongoDB
[2025-06-24T01:35:54.626Z] [INFO] Found 1 company databases
[2025-06-24T01:35:54.627Z] [DEBUG] Processing company database: company_9jxwph8g
[2025-06-24T01:35:54.687Z] [DEBUG] Finding reports to execute in company_9jxwph8g (current time: 2025-06-24T01:35:54.687Z)
[2025-06-24T01:35:54.743Z] [INFO] Found 0 reports to execute in company_9jxwph8g
[2025-06-24T01:35:54.743Z] [INFO] Scheduled reports check completed
[2025-06-24T01:35:54.745Z] [DEBUG] MongoDB connection closed
[2025-06-24T01:36:23.811Z] [INFO] Checking for scheduled reports...
[2025-06-24T01:36:24.497Z] [DEBUG] Connected to MongoDB
[2025-06-24T01:36:24.572Z] [INFO] Found 1 company databases
[2025-06-24T01:36:24.573Z] [DEBUG] Processing company database: company_9jxwph8g
[2025-06-24T01:36:24.630Z] [DEBUG] Finding reports to execute in company_9jxwph8g (current time: 2025-06-24T01:36:24.630Z)
[2025-06-24T01:36:24.689Z] [INFO] Found 0 reports to execute in company_9jxwph8g
[2025-06-24T01:36:24.690Z] [INFO] Scheduled reports check completed
[2025-06-24T01:36:24.690Z] [DEBUG] MongoDB connection closed
[2025-06-24T01:36:53.813Z] [INFO] Checking for scheduled reports...
[2025-06-24T01:36:54.593Z] [DEBUG] Connected to MongoDB
[2025-06-24T01:36:54.665Z] [INFO] Found 1 company databases
[2025-06-24T01:36:54.665Z] [DEBUG] Processing company database: company_9jxwph8g
[2025-06-24T01:36:54.727Z] [DEBUG] Finding reports to execute in company_9jxwph8g (current time: 2025-06-24T01:36:54.727Z)
[2025-06-24T01:36:54.784Z] [INFO] Found 0 reports to execute in company_9jxwph8g
[2025-06-24T01:36:54.785Z] [INFO] Scheduled reports check completed
[2025-06-24T01:36:54.787Z] [DEBUG] MongoDB connection closed
[2025-06-24T01:37:23.814Z] [INFO] Checking for scheduled reports...
[2025-06-24T01:37:24.536Z] [DEBUG] Connected to MongoDB
[2025-06-24T01:37:24.608Z] [INFO] Found 1 company databases
[2025-06-24T01:37:24.609Z] [DEBUG] Processing company database: company_9jxwph8g
[2025-06-24T01:37:24.667Z] [DEBUG] Finding reports to execute in company_9jxwph8g (current time: 2025-06-24T01:37:24.667Z)
[2025-06-24T01:37:24.725Z] [INFO] Found 0 reports to execute in company_9jxwph8g
[2025-06-24T01:37:24.726Z] [INFO] Scheduled reports check completed
[2025-06-24T01:37:24.728Z] [DEBUG] MongoDB connection closed
[2025-06-24T01:37:53.815Z] [INFO] Checking for scheduled reports...
[2025-06-24T01:37:54.532Z] [DEBUG] Connected to MongoDB
[2025-06-24T01:37:54.608Z] [INFO] Found 1 company databases
[2025-06-24T01:37:54.608Z] [DEBUG] Processing company database: company_9jxwph8g
[2025-06-24T01:37:54.667Z] [DEBUG] Finding reports to execute in company_9jxwph8g (current time: 2025-06-24T01:37:54.667Z)
[2025-06-24T01:37:54.733Z] [INFO] Found 0 reports to execute in company_9jxwph8g
[2025-06-24T01:37:54.734Z] [INFO] Scheduled reports check completed
[2025-06-24T01:37:54.736Z] [DEBUG] MongoDB connection closed
[2025-06-24T01:38:23.816Z] [INFO] Checking for scheduled reports...
[2025-06-24T01:38:24.550Z] [DEBUG] Connected to MongoDB
[2025-06-24T01:38:24.623Z] [INFO] Found 1 company databases
[2025-06-24T01:38:24.623Z] [DEBUG] Processing company database: company_9jxwph8g
[2025-06-24T01:38:24.684Z] [DEBUG] Finding reports to execute in company_9jxwph8g (current time: 2025-06-24T01:38:24.684Z)
[2025-06-24T01:38:24.741Z] [INFO] Found 0 reports to execute in company_9jxwph8g
[2025-06-24T01:38:24.742Z] [INFO] Scheduled reports check completed
[2025-06-24T01:38:24.744Z] [DEBUG] MongoDB connection closed
[2025-06-24T01:38:53.817Z] [INFO] Checking for scheduled reports...
[2025-06-24T01:38:54.604Z] [DEBUG] Connected to MongoDB
[2025-06-24T01:38:54.673Z] [INFO] Found 1 company databases
[2025-06-24T01:38:54.674Z] [DEBUG] Processing company database: company_9jxwph8g
[2025-06-24T01:38:54.740Z] [DEBUG] Finding reports to execute in company_9jxwph8g (current time: 2025-06-24T01:38:54.740Z)
[2025-06-24T01:38:54.796Z] [INFO] Found 0 reports to execute in company_9jxwph8g
[2025-06-24T01:38:54.797Z] [INFO] Scheduled reports check completed
[2025-06-24T01:38:54.798Z] [DEBUG] MongoDB connection closed
[2025-06-24T01:39:23.818Z] [INFO] Checking for scheduled reports...
[2025-06-24T01:39:24.506Z] [DEBUG] Connected to MongoDB
[2025-06-24T01:39:24.585Z] [INFO] Found 1 company databases
[2025-06-24T01:39:24.585Z] [DEBUG] Processing company database: company_9jxwph8g
[2025-06-24T01:39:24.646Z] [DEBUG] Finding reports to execute in company_9jxwph8g (current time: 2025-06-24T01:39:24.646Z)
[2025-06-24T01:39:24.704Z] [INFO] Found 0 reports to execute in company_9jxwph8g
[2025-06-24T01:39:24.704Z] [INFO] Scheduled reports check completed
[2025-06-24T01:39:24.707Z] [DEBUG] MongoDB connection closed
[2025-06-24T01:39:53.819Z] [INFO] Checking for scheduled reports...
[2025-06-24T01:39:54.529Z] [DEBUG] Connected to MongoDB
[2025-06-24T01:39:54.609Z] [INFO] Found 1 company databases
[2025-06-24T01:39:54.609Z] [DEBUG] Processing company database: company_9jxwph8g
[2025-06-24T01:39:54.664Z] [DEBUG] Finding reports to execute in company_9jxwph8g (current time: 2025-06-24T01:39:54.664Z)
[2025-06-24T01:39:54.722Z] [INFO] Found 0 reports to execute in company_9jxwph8g
[2025-06-24T01:39:54.722Z] [INFO] Scheduled reports check completed
[2025-06-24T01:39:54.723Z] [DEBUG] MongoDB connection closed
[2025-06-24T01:40:23.819Z] [INFO] Checking for scheduled reports...
[2025-06-24T01:40:53.820Z] [INFO] Checking for scheduled reports...
[2025-06-24T01:41:02.208Z] [ERROR] Error in checkScheduledReports: Socket 'secureConnect' timed out after 32493ms (connectTimeoutMS: 30000)
[2025-06-24T01:41:02.209Z] [ERROR] Stack trace: MongoNetworkTimeoutError: Socket 'secureConnect' timed out after 32493ms (connectTimeoutMS: 30000)
    at TLSSocket.<anonymous> (/Users/sim/Project2/node_modules/mongodb/lib/cmap/connect.js:287:20)
    at Object.onceWrapper (node:events:621:28)
    at TLSSocket.emit (node:events:507:28)
    at Socket._onTimeout (node:net:609:8)
    at listOnTimeout (node:internal/timers:608:17)
    at process.processTimers (node:internal/timers:543:7)
[2025-06-24T01:41:03.830Z] [ERROR] Error in checkScheduledReports: queryTxt ETIMEOUT cluster0.nen0dzs.mongodb.net
[2025-06-24T01:41:03.831Z] [ERROR] Stack trace: Error: queryTxt ETIMEOUT cluster0.nen0dzs.mongodb.net
    at QueryReqWrap.onresolve [as oncomplete] (node:internal/dns/promises:294:17)
[2025-06-24T01:41:23.821Z] [INFO] Checking for scheduled reports...
[2025-06-24T01:41:41.741Z] [DEBUG] Connected to MongoDB
[2025-06-24T01:41:41.816Z] [INFO] Found 1 company databases
[2025-06-24T01:41:41.816Z] [DEBUG] Processing company database: company_9jxwph8g
[2025-06-24T01:41:41.874Z] [DEBUG] Finding reports to execute in company_9jxwph8g (current time: 2025-06-24T01:41:41.874Z)
[2025-06-24T01:41:41.939Z] [INFO] Found 0 reports to execute in company_9jxwph8g
[2025-06-24T01:41:41.939Z] [INFO] Scheduled reports check completed
[2025-06-24T01:41:41.940Z] [DEBUG] MongoDB connection closed
[2025-06-24T01:41:53.822Z] [INFO] Checking for scheduled reports...
[2025-06-24T01:42:03.263Z] [DEBUG] Connected to MongoDB
[2025-06-24T01:42:03.444Z] [INFO] Found 1 company databases
[2025-06-24T01:42:03.445Z] [DEBUG] Processing company database: company_9jxwph8g
[2025-06-24T01:42:23.823Z] [INFO] Checking for scheduled reports...
[2025-06-24T01:42:25.678Z] [DEBUG] Finding reports to execute in company_9jxwph8g (current time: 2025-06-24T01:42:25.678Z)
[2025-06-24T01:42:25.849Z] [INFO] Found 0 reports to execute in company_9jxwph8g
[2025-06-24T01:42:25.850Z] [INFO] Scheduled reports check completed
[2025-06-24T01:42:25.853Z] [DEBUG] MongoDB connection closed
[2025-06-24T01:42:35.104Z] [DEBUG] Connected to MongoDB
[2025-06-24T01:42:35.178Z] [INFO] Found 1 company databases
[2025-06-24T01:42:35.179Z] [DEBUG] Processing company database: company_9jxwph8g
[2025-06-24T01:42:35.241Z] [DEBUG] Finding reports to execute in company_9jxwph8g (current time: 2025-06-24T01:42:35.241Z)
[2025-06-24T01:42:35.298Z] [INFO] Found 0 reports to execute in company_9jxwph8g
[2025-06-24T01:42:35.299Z] [INFO] Scheduled reports check completed
[2025-06-24T01:42:35.301Z] [DEBUG] MongoDB connection closed
[2025-06-24T01:42:53.825Z] [INFO] Checking for scheduled reports...
[2025-06-24T01:42:57.067Z] [DEBUG] Connected to MongoDB
[2025-06-24T01:43:00.503Z] [INFO] Found 1 company databases
[2025-06-24T01:43:00.504Z] [DEBUG] Processing company database: company_9jxwph8g
[2025-06-24T01:43:00.675Z] [DEBUG] Finding reports to execute in company_9jxwph8g (current time: 2025-06-24T01:43:00.675Z)
[2025-06-24T01:43:01.207Z] [INFO] Found 0 reports to execute in company_9jxwph8g
[2025-06-24T01:43:01.208Z] [INFO] Scheduled reports check completed
[2025-06-24T01:43:01.209Z] [DEBUG] MongoDB connection closed
[2025-06-24T01:43:23.826Z] [INFO] Checking for scheduled reports...
[2025-06-24T01:43:33.106Z] [DEBUG] Connected to MongoDB
[2025-06-24T01:43:33.180Z] [INFO] Found 1 company databases
[2025-06-24T01:43:33.186Z] [DEBUG] Processing company database: company_9jxwph8g
[2025-06-24T01:43:33.254Z] [DEBUG] Finding reports to execute in company_9jxwph8g (current time: 2025-06-24T01:43:33.254Z)
[2025-06-24T01:43:33.317Z] [INFO] Found 0 reports to execute in company_9jxwph8g
[2025-06-24T01:43:33.317Z] [INFO] Scheduled reports check completed
[2025-06-24T01:43:33.319Z] [DEBUG] MongoDB connection closed
[2025-06-24T01:43:53.827Z] [INFO] Checking for scheduled reports...
[2025-06-24T01:44:23.829Z] [INFO] Checking for scheduled reports...
[2025-06-24T01:44:25.964Z] [ERROR] Error in checkScheduledReports: Server selection timed out after 30000 ms
[2025-06-24T01:44:25.965Z] [ERROR] Stack trace: MongoServerSelectionError: Server selection timed out after 30000 ms
    at Topology.selectServer (/Users/sim/Project2/node_modules/mongodb/lib/sdam/topology.js:321:38)
    at async Topology._connect (/Users/sim/Project2/node_modules/mongodb/lib/sdam/topology.js:200:28)
    at async Topology.connect (/Users/sim/Project2/node_modules/mongodb/lib/sdam/topology.js:152:13)
    at async topologyConnect (/Users/sim/Project2/node_modules/mongodb/lib/mongo_client.js:233:17)
    at async MongoClient._connect (/Users/sim/Project2/node_modules/mongodb/lib/mongo_client.js:246:13)
    at async MongoClient.connect (/Users/sim/Project2/node_modules/mongodb/lib/mongo_client.js:171:13)
    at async MongoClient.connect (/Users/sim/Project2/node_modules/mongodb/lib/mongo_client.js:360:16)
    at async checkScheduledReports (/Users/sim/Project2/scripts/scheduled-reports-daemon.js:146:14)
    at async Timeout._onTimeout (/Users/sim/Project2/scripts/scheduled-reports-daemon.js:267:7)
[2025-06-24T01:44:53.829Z] [INFO] Checking for scheduled reports...
[2025-06-24T01:45:12.844Z] [ERROR] Error in checkScheduledReports: querySrv ETIMEOUT _mongodb._tcp.cluster0.nen0dzs.mongodb.net
[2025-06-24T01:45:12.845Z] [ERROR] Stack trace: Error: querySrv ETIMEOUT _mongodb._tcp.cluster0.nen0dzs.mongodb.net
    at QueryReqWrap.onresolve [as oncomplete] (node:internal/dns/promises:294:17)
[2025-06-24T01:45:23.830Z] [INFO] Checking for scheduled reports...
[2025-06-24T01:45:37.860Z] [DEBUG] Connected to MongoDB
[2025-06-24T01:45:38.175Z] [INFO] Found 1 company databases
[2025-06-24T01:45:38.176Z] [DEBUG] Processing company database: company_9jxwph8g
[2025-06-24T01:45:38.232Z] [DEBUG] Finding reports to execute in company_9jxwph8g (current time: 2025-06-24T01:45:38.232Z)
[2025-06-24T01:45:38.289Z] [INFO] Found 0 reports to execute in company_9jxwph8g
[2025-06-24T01:45:38.289Z] [INFO] Scheduled reports check completed
[2025-06-24T01:45:38.292Z] [DEBUG] MongoDB connection closed
[2025-06-24T01:45:51.966Z] [DEBUG] Connected to MongoDB
[2025-06-24T01:45:52.035Z] [INFO] Found 1 company databases
[2025-06-24T01:45:52.035Z] [DEBUG] Processing company database: company_9jxwph8g
[2025-06-24T01:45:52.095Z] [DEBUG] Finding reports to execute in company_9jxwph8g (current time: 2025-06-24T01:45:52.095Z)
[2025-06-24T01:45:52.152Z] [INFO] Found 0 reports to execute in company_9jxwph8g
[2025-06-24T01:45:52.152Z] [INFO] Scheduled reports check completed
[2025-06-24T01:45:52.155Z] [DEBUG] MongoDB connection closed
[2025-06-24T01:45:53.831Z] [INFO] Checking for scheduled reports...
[2025-06-24T01:45:54.409Z] [DEBUG] Connected to MongoDB
[2025-06-24T01:45:54.476Z] [INFO] Found 1 company databases
[2025-06-24T01:45:54.476Z] [DEBUG] Processing company database: company_9jxwph8g
[2025-06-24T01:45:54.531Z] [DEBUG] Finding reports to execute in company_9jxwph8g (current time: 2025-06-24T01:45:54.531Z)
[2025-06-24T01:45:54.587Z] [INFO] Found 0 reports to execute in company_9jxwph8g
[2025-06-24T01:45:54.588Z] [INFO] Scheduled reports check completed
[2025-06-24T01:45:54.589Z] [DEBUG] MongoDB connection closed
[2025-06-24T01:46:23.833Z] [INFO] Checking for scheduled reports...
[2025-06-24T01:46:24.538Z] [DEBUG] Connected to MongoDB
[2025-06-24T01:46:24.606Z] [INFO] Found 1 company databases
[2025-06-24T01:46:24.606Z] [DEBUG] Processing company database: company_9jxwph8g
[2025-06-24T01:46:24.664Z] [DEBUG] Finding reports to execute in company_9jxwph8g (current time: 2025-06-24T01:46:24.664Z)
[2025-06-24T01:46:24.721Z] [INFO] Found 0 reports to execute in company_9jxwph8g
[2025-06-24T01:46:24.722Z] [INFO] Scheduled reports check completed
[2025-06-24T01:46:24.723Z] [DEBUG] MongoDB connection closed
[2025-06-24T01:46:53.834Z] [INFO] Checking for scheduled reports...
[2025-06-24T01:46:54.566Z] [DEBUG] Connected to MongoDB
[2025-06-24T01:46:54.637Z] [INFO] Found 1 company databases
[2025-06-24T01:46:54.638Z] [DEBUG] Processing company database: company_9jxwph8g
[2025-06-24T01:46:54.717Z] [DEBUG] Finding reports to execute in company_9jxwph8g (current time: 2025-06-24T01:46:54.717Z)
[2025-06-24T01:46:54.775Z] [INFO] Found 0 reports to execute in company_9jxwph8g
[2025-06-24T01:46:54.776Z] [INFO] Scheduled reports check completed
[2025-06-24T01:46:54.778Z] [DEBUG] MongoDB connection closed
[2025-06-24T01:47:23.835Z] [INFO] Checking for scheduled reports...
[2025-06-24T01:47:24.487Z] [DEBUG] Connected to MongoDB
[2025-06-24T01:47:24.557Z] [INFO] Found 1 company databases
[2025-06-24T01:47:24.558Z] [DEBUG] Processing company database: company_9jxwph8g
[2025-06-24T01:47:24.620Z] [DEBUG] Finding reports to execute in company_9jxwph8g (current time: 2025-06-24T01:47:24.620Z)
[2025-06-24T01:47:24.677Z] [INFO] Found 0 reports to execute in company_9jxwph8g
[2025-06-24T01:47:24.677Z] [INFO] Scheduled reports check completed
[2025-06-24T01:47:24.680Z] [DEBUG] MongoDB connection closed
[2025-06-24T01:47:53.836Z] [INFO] Checking for scheduled reports...
[2025-06-24T01:47:54.552Z] [DEBUG] Connected to MongoDB
[2025-06-24T01:47:54.621Z] [INFO] Found 1 company databases
[2025-06-24T01:47:54.621Z] [DEBUG] Processing company database: company_9jxwph8g
[2025-06-24T01:47:54.680Z] [DEBUG] Finding reports to execute in company_9jxwph8g (current time: 2025-06-24T01:47:54.680Z)
[2025-06-24T01:47:54.737Z] [INFO] Found 0 reports to execute in company_9jxwph8g
[2025-06-24T01:47:54.738Z] [INFO] Scheduled reports check completed
[2025-06-24T01:47:54.739Z] [DEBUG] MongoDB connection closed
[2025-06-24T01:48:23.836Z] [INFO] Checking for scheduled reports...
[2025-06-24T01:48:24.440Z] [DEBUG] Connected to MongoDB
[2025-06-24T01:48:24.509Z] [INFO] Found 1 company databases
[2025-06-24T01:48:24.510Z] [DEBUG] Processing company database: company_9jxwph8g
[2025-06-24T01:48:24.569Z] [DEBUG] Finding reports to execute in company_9jxwph8g (current time: 2025-06-24T01:48:24.569Z)
[2025-06-24T01:48:24.626Z] [INFO] Found 0 reports to execute in company_9jxwph8g
[2025-06-24T01:48:24.626Z] [INFO] Scheduled reports check completed
[2025-06-24T01:48:24.628Z] [DEBUG] MongoDB connection closed
[2025-06-24T01:48:53.838Z] [INFO] Checking for scheduled reports...
[2025-06-24T01:48:54.528Z] [DEBUG] Connected to MongoDB
[2025-06-24T01:48:54.597Z] [INFO] Found 1 company databases
[2025-06-24T01:48:54.597Z] [DEBUG] Processing company database: company_9jxwph8g
[2025-06-24T01:48:54.656Z] [DEBUG] Finding reports to execute in company_9jxwph8g (current time: 2025-06-24T01:48:54.656Z)
[2025-06-24T01:48:54.714Z] [INFO] Found 0 reports to execute in company_9jxwph8g
[2025-06-24T01:48:54.714Z] [INFO] Scheduled reports check completed
[2025-06-24T01:48:54.716Z] [DEBUG] MongoDB connection closed
[2025-06-24T01:49:23.839Z] [INFO] Checking for scheduled reports...
[2025-06-24T01:49:24.504Z] [DEBUG] Connected to MongoDB
[2025-06-24T01:49:24.575Z] [INFO] Found 1 company databases
[2025-06-24T01:49:24.575Z] [DEBUG] Processing company database: company_9jxwph8g
[2025-06-24T01:49:24.633Z] [DEBUG] Finding reports to execute in company_9jxwph8g (current time: 2025-06-24T01:49:24.633Z)
[2025-06-24T01:49:24.694Z] [INFO] Found 0 reports to execute in company_9jxwph8g
[2025-06-24T01:49:24.694Z] [INFO] Scheduled reports check completed
[2025-06-24T01:49:24.697Z] [DEBUG] MongoDB connection closed
[2025-06-24T01:49:53.839Z] [INFO] Checking for scheduled reports...
[2025-06-24T01:49:54.566Z] [DEBUG] Connected to MongoDB
[2025-06-24T01:49:54.632Z] [INFO] Found 1 company databases
[2025-06-24T01:49:54.633Z] [DEBUG] Processing company database: company_9jxwph8g
[2025-06-24T01:49:54.692Z] [DEBUG] Finding reports to execute in company_9jxwph8g (current time: 2025-06-24T01:49:54.692Z)
[2025-06-24T01:49:54.750Z] [INFO] Found 0 reports to execute in company_9jxwph8g
[2025-06-24T01:49:54.750Z] [INFO] Scheduled reports check completed
[2025-06-24T01:49:54.753Z] [DEBUG] MongoDB connection closed
[2025-06-24T01:50:23.841Z] [INFO] Checking for scheduled reports...
[2025-06-24T01:50:24.501Z] [DEBUG] Connected to MongoDB
[2025-06-24T01:50:24.569Z] [INFO] Found 1 company databases
[2025-06-24T01:50:24.570Z] [DEBUG] Processing company database: company_9jxwph8g
[2025-06-24T01:50:24.630Z] [DEBUG] Finding reports to execute in company_9jxwph8g (current time: 2025-06-24T01:50:24.630Z)
[2025-06-24T01:50:24.687Z] [INFO] Found 0 reports to execute in company_9jxwph8g
[2025-06-24T01:50:24.688Z] [INFO] Scheduled reports check completed
[2025-06-24T01:50:24.691Z] [DEBUG] MongoDB connection closed
[2025-06-24T01:50:53.841Z] [INFO] Checking for scheduled reports...
[2025-06-24T01:50:54.616Z] [DEBUG] Connected to MongoDB
[2025-06-24T01:50:54.689Z] [INFO] Found 1 company databases
[2025-06-24T01:50:54.690Z] [DEBUG] Processing company database: company_9jxwph8g
[2025-06-24T01:50:54.749Z] [DEBUG] Finding reports to execute in company_9jxwph8g (current time: 2025-06-24T01:50:54.749Z)
[2025-06-24T01:50:54.814Z] [INFO] Found 0 reports to execute in company_9jxwph8g
[2025-06-24T01:50:54.815Z] [INFO] Scheduled reports check completed
[2025-06-24T01:50:54.817Z] [DEBUG] MongoDB connection closed
[2025-06-24T01:51:23.842Z] [INFO] Checking for scheduled reports...
[2025-06-24T01:51:24.454Z] [DEBUG] Connected to MongoDB
[2025-06-24T01:51:24.522Z] [INFO] Found 1 company databases
[2025-06-24T01:51:24.523Z] [DEBUG] Processing company database: company_9jxwph8g
[2025-06-24T01:51:24.584Z] [DEBUG] Finding reports to execute in company_9jxwph8g (current time: 2025-06-24T01:51:24.584Z)
[2025-06-24T01:51:24.654Z] [INFO] Found 0 reports to execute in company_9jxwph8g
[2025-06-24T01:51:24.654Z] [INFO] Scheduled reports check completed
[2025-06-24T01:51:24.657Z] [DEBUG] MongoDB connection closed
[2025-06-24T01:51:53.843Z] [INFO] Checking for scheduled reports...
[2025-06-24T01:51:54.806Z] [DEBUG] Connected to MongoDB
[2025-06-24T01:51:54.877Z] [INFO] Found 1 company databases
[2025-06-24T01:51:54.877Z] [DEBUG] Processing company database: company_9jxwph8g
[2025-06-24T01:51:54.947Z] [DEBUG] Finding reports to execute in company_9jxwph8g (current time: 2025-06-24T01:51:54.947Z)
[2025-06-24T01:51:55.090Z] [INFO] Found 0 reports to execute in company_9jxwph8g
[2025-06-24T01:51:55.091Z] [INFO] Scheduled reports check completed
[2025-06-24T01:51:55.093Z] [DEBUG] MongoDB connection closed
[2025-06-24T01:52:23.816Z] [INFO] Checking for scheduled reports...
[2025-06-24T01:52:24.518Z] [DEBUG] Connected to MongoDB
[2025-06-24T01:52:24.595Z] [INFO] Found 1 company databases
[2025-06-24T01:52:24.596Z] [DEBUG] Processing company database: company_9jxwph8g
[2025-06-24T01:52:24.657Z] [DEBUG] Finding reports to execute in company_9jxwph8g (current time: 2025-06-24T01:52:24.657Z)
[2025-06-24T01:52:24.717Z] [INFO] Found 0 reports to execute in company_9jxwph8g
[2025-06-24T01:52:24.718Z] [INFO] Scheduled reports check completed
[2025-06-24T01:52:24.720Z] [DEBUG] MongoDB connection closed
[2025-06-24T01:52:53.806Z] [INFO] Checking for scheduled reports...
[2025-06-24T01:52:54.592Z] [DEBUG] Connected to MongoDB
[2025-06-24T01:52:54.669Z] [INFO] Found 1 company databases
[2025-06-24T01:52:54.670Z] [DEBUG] Processing company database: company_9jxwph8g
[2025-06-24T01:52:54.732Z] [DEBUG] Finding reports to execute in company_9jxwph8g (current time: 2025-06-24T01:52:54.732Z)
[2025-06-24T01:52:54.792Z] [INFO] Found 0 reports to execute in company_9jxwph8g
[2025-06-24T01:52:54.793Z] [INFO] Scheduled reports check completed
[2025-06-24T01:52:54.795Z] [DEBUG] MongoDB connection closed
[2025-06-24T01:53:23.806Z] [INFO] Checking for scheduled reports...
[2025-06-24T01:53:24.708Z] [DEBUG] Connected to MongoDB
[2025-06-24T01:53:24.778Z] [INFO] Found 1 company databases
[2025-06-24T01:53:24.778Z] [DEBUG] Processing company database: company_9jxwph8g
[2025-06-24T01:53:24.839Z] [DEBUG] Finding reports to execute in company_9jxwph8g (current time: 2025-06-24T01:53:24.839Z)
[2025-06-24T01:53:24.904Z] [INFO] Found 0 reports to execute in company_9jxwph8g
[2025-06-24T01:53:24.905Z] [INFO] Scheduled reports check completed
[2025-06-24T01:53:24.907Z] [DEBUG] MongoDB connection closed
[2025-06-24T01:53:53.807Z] [INFO] Checking for scheduled reports...
[2025-06-24T01:53:54.562Z] [DEBUG] Connected to MongoDB
[2025-06-24T01:53:54.653Z] [INFO] Found 1 company databases
[2025-06-24T01:53:54.654Z] [DEBUG] Processing company database: company_9jxwph8g
[2025-06-24T01:53:54.714Z] [DEBUG] Finding reports to execute in company_9jxwph8g (current time: 2025-06-24T01:53:54.714Z)
[2025-06-24T01:53:54.772Z] [INFO] Found 0 reports to execute in company_9jxwph8g
[2025-06-24T01:53:54.772Z] [INFO] Scheduled reports check completed
[2025-06-24T01:53:54.775Z] [DEBUG] MongoDB connection closed
[2025-06-24T01:54:23.808Z] [INFO] Checking for scheduled reports...
[2025-06-24T01:54:24.455Z] [DEBUG] Connected to MongoDB
[2025-06-24T01:54:24.526Z] [INFO] Found 1 company databases
[2025-06-24T01:54:24.526Z] [DEBUG] Processing company database: company_9jxwph8g
[2025-06-24T01:54:24.585Z] [DEBUG] Finding reports to execute in company_9jxwph8g (current time: 2025-06-24T01:54:24.585Z)
[2025-06-24T01:54:24.644Z] [INFO] Found 0 reports to execute in company_9jxwph8g
[2025-06-24T01:54:24.645Z] [INFO] Scheduled reports check completed
[2025-06-24T01:54:24.649Z] [DEBUG] MongoDB connection closed
[2025-06-24T01:54:53.809Z] [INFO] Checking for scheduled reports...
[2025-06-24T01:54:54.626Z] [DEBUG] Connected to MongoDB
[2025-06-24T01:54:54.696Z] [INFO] Found 1 company databases
[2025-06-24T01:54:54.697Z] [DEBUG] Processing company database: company_9jxwph8g
[2025-06-24T01:54:54.753Z] [DEBUG] Finding reports to execute in company_9jxwph8g (current time: 2025-06-24T01:54:54.753Z)
[2025-06-24T01:54:54.812Z] [INFO] Found 0 reports to execute in company_9jxwph8g
[2025-06-24T01:54:54.812Z] [INFO] Scheduled reports check completed
[2025-06-24T01:54:54.816Z] [DEBUG] MongoDB connection closed
[2025-06-24T01:55:23.809Z] [INFO] Checking for scheduled reports...
[2025-06-24T01:55:24.433Z] [DEBUG] Connected to MongoDB
[2025-06-24T01:55:24.502Z] [INFO] Found 1 company databases
[2025-06-24T01:55:24.503Z] [DEBUG] Processing company database: company_9jxwph8g
[2025-06-24T01:55:24.570Z] [DEBUG] Finding reports to execute in company_9jxwph8g (current time: 2025-06-24T01:55:24.570Z)
[2025-06-24T01:55:24.628Z] [INFO] Found 0 reports to execute in company_9jxwph8g
[2025-06-24T01:55:24.629Z] [INFO] Scheduled reports check completed
[2025-06-24T01:55:24.631Z] [DEBUG] MongoDB connection closed
[2025-06-24T01:55:53.809Z] [INFO] Checking for scheduled reports...
[2025-06-24T01:55:54.557Z] [DEBUG] Connected to MongoDB
[2025-06-24T01:55:54.627Z] [INFO] Found 1 company databases
[2025-06-24T01:55:54.628Z] [DEBUG] Processing company database: company_9jxwph8g
[2025-06-24T01:55:54.687Z] [DEBUG] Finding reports to execute in company_9jxwph8g (current time: 2025-06-24T01:55:54.687Z)
[2025-06-24T01:55:54.743Z] [INFO] Found 0 reports to execute in company_9jxwph8g
[2025-06-24T01:55:54.744Z] [INFO] Scheduled reports check completed
[2025-06-24T01:55:54.747Z] [DEBUG] MongoDB connection closed
[2025-06-24T01:56:23.809Z] [INFO] Checking for scheduled reports...
[2025-06-24T01:56:24.515Z] [DEBUG] Connected to MongoDB
[2025-06-24T01:56:24.585Z] [INFO] Found 1 company databases
[2025-06-24T01:56:24.585Z] [DEBUG] Processing company database: company_9jxwph8g
[2025-06-24T01:56:24.642Z] [DEBUG] Finding reports to execute in company_9jxwph8g (current time: 2025-06-24T01:56:24.641Z)
[2025-06-24T01:56:24.701Z] [INFO] Found 0 reports to execute in company_9jxwph8g
[2025-06-24T01:56:24.701Z] [INFO] Scheduled reports check completed
[2025-06-24T01:56:24.704Z] [DEBUG] MongoDB connection closed
[2025-06-24T01:56:53.810Z] [INFO] Checking for scheduled reports...
[2025-06-24T01:56:54.535Z] [DEBUG] Connected to MongoDB
[2025-06-24T01:56:54.604Z] [INFO] Found 1 company databases
[2025-06-24T01:56:54.605Z] [DEBUG] Processing company database: company_9jxwph8g
[2025-06-24T01:56:54.664Z] [DEBUG] Finding reports to execute in company_9jxwph8g (current time: 2025-06-24T01:56:54.664Z)
[2025-06-24T01:56:54.741Z] [INFO] Found 0 reports to execute in company_9jxwph8g
[2025-06-24T01:56:54.742Z] [INFO] Scheduled reports check completed
[2025-06-24T01:56:54.744Z] [DEBUG] MongoDB connection closed
[2025-06-24T01:57:23.811Z] [INFO] Checking for scheduled reports...
[2025-06-24T01:57:24.445Z] [DEBUG] Connected to MongoDB
[2025-06-24T01:57:24.515Z] [INFO] Found 1 company databases
[2025-06-24T01:57:24.516Z] [DEBUG] Processing company database: company_9jxwph8g
[2025-06-24T01:57:24.577Z] [DEBUG] Finding reports to execute in company_9jxwph8g (current time: 2025-06-24T01:57:24.577Z)
[2025-06-24T01:57:24.639Z] [INFO] Found 0 reports to execute in company_9jxwph8g
[2025-06-24T01:57:24.640Z] [INFO] Scheduled reports check completed
[2025-06-24T01:57:24.641Z] [DEBUG] MongoDB connection closed
[2025-06-24T01:57:53.811Z] [INFO] Checking for scheduled reports...
[2025-06-24T01:57:54.602Z] [DEBUG] Connected to MongoDB
[2025-06-24T01:57:54.673Z] [INFO] Found 1 company databases
[2025-06-24T01:57:54.674Z] [DEBUG] Processing company database: company_9jxwph8g
[2025-06-24T01:57:54.737Z] [DEBUG] Finding reports to execute in company_9jxwph8g (current time: 2025-06-24T01:57:54.737Z)
[2025-06-24T01:57:54.798Z] [INFO] Found 0 reports to execute in company_9jxwph8g
[2025-06-24T01:57:54.799Z] [INFO] Scheduled reports check completed
[2025-06-24T01:57:54.802Z] [DEBUG] MongoDB connection closed
[2025-06-24T01:58:23.811Z] [INFO] Checking for scheduled reports...
[2025-06-24T01:58:24.553Z] [DEBUG] Connected to MongoDB
[2025-06-24T01:58:24.630Z] [INFO] Found 1 company databases
[2025-06-24T01:58:24.630Z] [DEBUG] Processing company database: company_9jxwph8g
[2025-06-24T01:58:24.692Z] [DEBUG] Finding reports to execute in company_9jxwph8g (current time: 2025-06-24T01:58:24.692Z)
[2025-06-24T01:58:24.756Z] [INFO] Found 0 reports to execute in company_9jxwph8g
[2025-06-24T01:58:24.757Z] [INFO] Scheduled reports check completed
[2025-06-24T01:58:24.758Z] [DEBUG] MongoDB connection closed
[2025-06-24T01:58:53.810Z] [INFO] Checking for scheduled reports...
[2025-06-24T01:58:54.468Z] [DEBUG] Connected to MongoDB
[2025-06-24T01:58:54.536Z] [INFO] Found 1 company databases
[2025-06-24T01:58:54.536Z] [DEBUG] Processing company database: company_9jxwph8g
[2025-06-24T01:58:54.603Z] [DEBUG] Finding reports to execute in company_9jxwph8g (current time: 2025-06-24T01:58:54.603Z)
[2025-06-24T01:58:54.912Z] [INFO] Found 0 reports to execute in company_9jxwph8g
[2025-06-24T01:58:54.913Z] [INFO] Scheduled reports check completed
[2025-06-24T01:58:54.914Z] [DEBUG] MongoDB connection closed
[2025-06-24T01:59:23.810Z] [INFO] Checking for scheduled reports...
[2025-06-24T01:59:25.467Z] [DEBUG] Connected to MongoDB
[2025-06-24T01:59:25.541Z] [INFO] Found 1 company databases
[2025-06-24T01:59:25.541Z] [DEBUG] Processing company database: company_9jxwph8g
[2025-06-24T01:59:25.605Z] [DEBUG] Finding reports to execute in company_9jxwph8g (current time: 2025-06-24T01:59:25.605Z)
[2025-06-24T01:59:25.667Z] [INFO] Found 0 reports to execute in company_9jxwph8g
[2025-06-24T01:59:25.668Z] [INFO] Scheduled reports check completed
[2025-06-24T01:59:25.671Z] [DEBUG] MongoDB connection closed
[2025-06-24T01:59:53.811Z] [INFO] Checking for scheduled reports...
[2025-06-24T01:59:54.801Z] [DEBUG] Connected to MongoDB
[2025-06-24T01:59:54.873Z] [INFO] Found 1 company databases
[2025-06-24T01:59:54.874Z] [DEBUG] Processing company database: company_9jxwph8g
[2025-06-24T01:59:54.937Z] [DEBUG] Finding reports to execute in company_9jxwph8g (current time: 2025-06-24T01:59:54.937Z)
[2025-06-24T01:59:55.001Z] [INFO] Found 0 reports to execute in company_9jxwph8g
[2025-06-24T01:59:55.001Z] [INFO] Scheduled reports check completed
[2025-06-24T01:59:55.004Z] [DEBUG] MongoDB connection closed
[2025-06-24T02:00:23.812Z] [INFO] Checking for scheduled reports...
[2025-06-24T02:00:24.545Z] [DEBUG] Connected to MongoDB
[2025-06-24T02:00:24.615Z] [INFO] Found 1 company databases
[2025-06-24T02:00:24.616Z] [DEBUG] Processing company database: company_9jxwph8g
[2025-06-24T02:00:24.675Z] [DEBUG] Finding reports to execute in company_9jxwph8g (current time: 2025-06-24T02:00:24.675Z)
[2025-06-24T02:00:24.796Z] [INFO] Found 0 reports to execute in company_9jxwph8g
[2025-06-24T02:00:24.796Z] [INFO] Scheduled reports check completed
[2025-06-24T02:00:24.799Z] [DEBUG] MongoDB connection closed
[2025-06-24T02:00:53.813Z] [INFO] Checking for scheduled reports...
[2025-06-24T02:00:54.572Z] [DEBUG] Connected to MongoDB
[2025-06-24T02:00:54.649Z] [INFO] Found 1 company databases
[2025-06-24T02:00:54.649Z] [DEBUG] Processing company database: company_9jxwph8g
[2025-06-24T02:00:54.710Z] [DEBUG] Finding reports to execute in company_9jxwph8g (current time: 2025-06-24T02:00:54.710Z)
[2025-06-24T02:00:54.769Z] [INFO] Found 0 reports to execute in company_9jxwph8g
[2025-06-24T02:00:54.770Z] [INFO] Scheduled reports check completed
[2025-06-24T02:00:54.772Z] [DEBUG] MongoDB connection closed
[2025-06-24T02:01:23.814Z] [INFO] Checking for scheduled reports...
[2025-06-24T02:01:24.532Z] [DEBUG] Connected to MongoDB
[2025-06-24T02:01:24.610Z] [INFO] Found 1 company databases
[2025-06-24T02:01:24.610Z] [DEBUG] Processing company database: company_9jxwph8g
[2025-06-24T02:01:24.676Z] [DEBUG] Finding reports to execute in company_9jxwph8g (current time: 2025-06-24T02:01:24.676Z)
[2025-06-24T02:01:24.738Z] [INFO] Found 0 reports to execute in company_9jxwph8g
[2025-06-24T02:01:24.739Z] [INFO] Scheduled reports check completed
[2025-06-24T02:01:24.741Z] [DEBUG] MongoDB connection closed
[2025-06-24T02:01:53.814Z] [INFO] Checking for scheduled reports...
[2025-06-24T02:01:54.595Z] [DEBUG] Connected to MongoDB
[2025-06-24T02:01:54.673Z] [INFO] Found 1 company databases
[2025-06-24T02:01:54.674Z] [DEBUG] Processing company database: company_9jxwph8g
[2025-06-24T02:01:54.731Z] [DEBUG] Finding reports to execute in company_9jxwph8g (current time: 2025-06-24T02:01:54.731Z)
[2025-06-24T02:01:54.797Z] [INFO] Found 0 reports to execute in company_9jxwph8g
[2025-06-24T02:01:54.798Z] [INFO] Scheduled reports check completed
[2025-06-24T02:01:54.800Z] [DEBUG] MongoDB connection closed
[2025-06-24T02:02:23.815Z] [INFO] Checking for scheduled reports...
[2025-06-24T02:02:24.572Z] [DEBUG] Connected to MongoDB
[2025-06-24T02:02:24.644Z] [INFO] Found 1 company databases
[2025-06-24T02:02:24.645Z] [DEBUG] Processing company database: company_9jxwph8g
[2025-06-24T02:02:24.706Z] [DEBUG] Finding reports to execute in company_9jxwph8g (current time: 2025-06-24T02:02:24.706Z)
[2025-06-24T02:02:24.766Z] [INFO] Found 0 reports to execute in company_9jxwph8g
[2025-06-24T02:02:24.766Z] [INFO] Scheduled reports check completed
[2025-06-24T02:02:24.769Z] [DEBUG] MongoDB connection closed
[2025-06-24T02:02:53.816Z] [INFO] Checking for scheduled reports...
[2025-06-24T02:02:54.706Z] [DEBUG] Connected to MongoDB
[2025-06-24T02:02:54.781Z] [INFO] Found 1 company databases
[2025-06-24T02:02:54.781Z] [DEBUG] Processing company database: company_9jxwph8g
[2025-06-24T02:02:54.843Z] [DEBUG] Finding reports to execute in company_9jxwph8g (current time: 2025-06-24T02:02:54.843Z)
[2025-06-24T02:02:54.905Z] [INFO] Found 0 reports to execute in company_9jxwph8g
[2025-06-24T02:02:54.905Z] [INFO] Scheduled reports check completed
[2025-06-24T02:02:54.907Z] [DEBUG] MongoDB connection closed
[2025-06-24T02:03:23.816Z] [INFO] Checking for scheduled reports...
[2025-06-24T02:03:24.506Z] [DEBUG] Connected to MongoDB
[2025-06-24T02:03:24.584Z] [INFO] Found 1 company databases
[2025-06-24T02:03:24.585Z] [DEBUG] Processing company database: company_9jxwph8g
[2025-06-24T02:03:24.652Z] [DEBUG] Finding reports to execute in company_9jxwph8g (current time: 2025-06-24T02:03:24.652Z)
[2025-06-24T02:03:24.719Z] [INFO] Found 0 reports to execute in company_9jxwph8g
[2025-06-24T02:03:24.720Z] [INFO] Scheduled reports check completed
[2025-06-24T02:03:24.722Z] [DEBUG] MongoDB connection closed
[2025-06-24T02:03:53.816Z] [INFO] Checking for scheduled reports...
[2025-06-24T02:03:54.588Z] [DEBUG] Connected to MongoDB
[2025-06-24T02:03:54.661Z] [INFO] Found 1 company databases
[2025-06-24T02:03:54.662Z] [DEBUG] Processing company database: company_9jxwph8g
[2025-06-24T02:03:54.728Z] [DEBUG] Finding reports to execute in company_9jxwph8g (current time: 2025-06-24T02:03:54.728Z)
[2025-06-24T02:03:54.787Z] [INFO] Found 0 reports to execute in company_9jxwph8g
[2025-06-24T02:03:54.788Z] [INFO] Scheduled reports check completed
[2025-06-24T02:03:54.790Z] [DEBUG] MongoDB connection closed
[2025-06-24T02:04:23.817Z] [INFO] Checking for scheduled reports...
[2025-06-24T02:04:25.191Z] [DEBUG] Connected to MongoDB
[2025-06-24T02:04:25.267Z] [INFO] Found 1 company databases
[2025-06-24T02:04:25.267Z] [DEBUG] Processing company database: company_9jxwph8g
[2025-06-24T02:04:25.332Z] [DEBUG] Finding reports to execute in company_9jxwph8g (current time: 2025-06-24T02:04:25.332Z)
[2025-06-24T02:04:25.395Z] [INFO] Found 0 reports to execute in company_9jxwph8g
[2025-06-24T02:04:25.396Z] [INFO] Scheduled reports check completed
[2025-06-24T02:04:25.398Z] [DEBUG] MongoDB connection closed
[2025-06-24T02:04:53.818Z] [INFO] Checking for scheduled reports...
[2025-06-24T02:04:54.585Z] [DEBUG] Connected to MongoDB
[2025-06-24T02:04:54.661Z] [INFO] Found 1 company databases
[2025-06-24T02:04:54.662Z] [DEBUG] Processing company database: company_9jxwph8g
[2025-06-24T02:04:54.720Z] [DEBUG] Finding reports to execute in company_9jxwph8g (current time: 2025-06-24T02:04:54.720Z)
[2025-06-24T02:04:54.785Z] [INFO] Found 0 reports to execute in company_9jxwph8g
[2025-06-24T02:04:54.785Z] [INFO] Scheduled reports check completed
[2025-06-24T02:04:54.787Z] [DEBUG] MongoDB connection closed
[2025-06-24T02:05:23.818Z] [INFO] Checking for scheduled reports...
[2025-06-24T02:05:24.482Z] [DEBUG] Connected to MongoDB
[2025-06-24T02:05:24.553Z] [INFO] Found 1 company databases
[2025-06-24T02:05:24.553Z] [DEBUG] Processing company database: company_9jxwph8g
[2025-06-24T02:05:24.615Z] [DEBUG] Finding reports to execute in company_9jxwph8g (current time: 2025-06-24T02:05:24.615Z)
[2025-06-24T02:05:24.678Z] [INFO] Found 0 reports to execute in company_9jxwph8g
[2025-06-24T02:05:24.679Z] [INFO] Scheduled reports check completed
[2025-06-24T02:05:24.681Z] [DEBUG] MongoDB connection closed
[2025-06-24T02:05:53.819Z] [INFO] Checking for scheduled reports...
[2025-06-24T02:05:54.551Z] [DEBUG] Connected to MongoDB
[2025-06-24T02:05:54.625Z] [INFO] Found 1 company databases
[2025-06-24T02:05:54.626Z] [DEBUG] Processing company database: company_9jxwph8g
[2025-06-24T02:05:54.689Z] [DEBUG] Finding reports to execute in company_9jxwph8g (current time: 2025-06-24T02:05:54.689Z)
[2025-06-24T02:05:54.751Z] [INFO] Found 0 reports to execute in company_9jxwph8g
[2025-06-24T02:05:54.751Z] [INFO] Scheduled reports check completed
[2025-06-24T02:05:54.753Z] [DEBUG] MongoDB connection closed
[2025-06-24T02:06:23.819Z] [INFO] Checking for scheduled reports...
[2025-06-24T02:06:24.454Z] [DEBUG] Connected to MongoDB
[2025-06-24T02:06:24.529Z] [INFO] Found 1 company databases
[2025-06-24T02:06:24.529Z] [DEBUG] Processing company database: company_9jxwph8g
[2025-06-24T02:06:24.591Z] [DEBUG] Finding reports to execute in company_9jxwph8g (current time: 2025-06-24T02:06:24.591Z)
[2025-06-24T02:06:24.650Z] [INFO] Found 0 reports to execute in company_9jxwph8g
[2025-06-24T02:06:24.651Z] [INFO] Scheduled reports check completed
[2025-06-24T02:06:24.653Z] [DEBUG] MongoDB connection closed
[2025-06-24T02:06:53.820Z] [INFO] Checking for scheduled reports...
[2025-06-24T02:06:54.696Z] [DEBUG] Connected to MongoDB
[2025-06-24T02:06:54.764Z] [INFO] Found 1 company databases
[2025-06-24T02:06:54.764Z] [DEBUG] Processing company database: company_9jxwph8g
[2025-06-24T02:06:54.827Z] [DEBUG] Finding reports to execute in company_9jxwph8g (current time: 2025-06-24T02:06:54.827Z)
[2025-06-24T02:06:54.886Z] [INFO] Found 0 reports to execute in company_9jxwph8g
[2025-06-24T02:06:54.886Z] [INFO] Scheduled reports check completed
[2025-06-24T02:06:54.890Z] [DEBUG] MongoDB connection closed
[2025-06-24T02:07:23.820Z] [INFO] Checking for scheduled reports...
[2025-06-24T02:07:24.854Z] [DEBUG] Connected to MongoDB
[2025-06-24T02:07:24.935Z] [INFO] Found 1 company databases
[2025-06-24T02:07:24.936Z] [DEBUG] Processing company database: company_9jxwph8g
[2025-06-24T02:07:24.999Z] [DEBUG] Finding reports to execute in company_9jxwph8g (current time: 2025-06-24T02:07:24.999Z)
[2025-06-24T02:07:25.058Z] [INFO] Found 0 reports to execute in company_9jxwph8g
[2025-06-24T02:07:25.059Z] [INFO] Scheduled reports check completed
[2025-06-24T02:07:25.061Z] [DEBUG] MongoDB connection closed
[2025-06-24T02:07:53.821Z] [INFO] Checking for scheduled reports...
[2025-06-24T02:07:54.535Z] [DEBUG] Connected to MongoDB
[2025-06-24T02:07:54.613Z] [INFO] Found 1 company databases
[2025-06-24T02:07:54.614Z] [DEBUG] Processing company database: company_9jxwph8g
[2025-06-24T02:07:54.672Z] [DEBUG] Finding reports to execute in company_9jxwph8g (current time: 2025-06-24T02:07:54.672Z)
[2025-06-24T02:07:54.732Z] [INFO] Found 0 reports to execute in company_9jxwph8g
[2025-06-24T02:07:54.732Z] [INFO] Scheduled reports check completed
[2025-06-24T02:07:54.734Z] [DEBUG] MongoDB connection closed
[2025-06-24T02:08:23.822Z] [INFO] Checking for scheduled reports...
[2025-06-24T02:08:24.502Z] [DEBUG] Connected to MongoDB
[2025-06-24T02:08:24.571Z] [INFO] Found 1 company databases
[2025-06-24T02:08:24.572Z] [DEBUG] Processing company database: company_9jxwph8g
[2025-06-24T02:08:24.647Z] [DEBUG] Finding reports to execute in company_9jxwph8g (current time: 2025-06-24T02:08:24.647Z)
[2025-06-24T02:08:24.709Z] [INFO] Found 0 reports to execute in company_9jxwph8g
[2025-06-24T02:08:24.709Z] [INFO] Scheduled reports check completed
[2025-06-24T02:08:24.711Z] [DEBUG] MongoDB connection closed
[2025-06-24T02:08:53.823Z] [INFO] Checking for scheduled reports...
[2025-06-24T02:08:54.540Z] [DEBUG] Connected to MongoDB
[2025-06-24T02:08:54.609Z] [INFO] Found 1 company databases
[2025-06-24T02:08:54.609Z] [DEBUG] Processing company database: company_9jxwph8g
[2025-06-24T02:08:54.669Z] [DEBUG] Finding reports to execute in company_9jxwph8g (current time: 2025-06-24T02:08:54.669Z)
[2025-06-24T02:08:54.726Z] [INFO] Found 0 reports to execute in company_9jxwph8g
[2025-06-24T02:08:54.727Z] [INFO] Scheduled reports check completed
[2025-06-24T02:08:54.729Z] [DEBUG] MongoDB connection closed
[2025-06-24T02:09:23.824Z] [INFO] Checking for scheduled reports...
[2025-06-24T02:09:24.536Z] [DEBUG] Connected to MongoDB
[2025-06-24T02:09:24.638Z] [INFO] Found 1 company databases
[2025-06-24T02:09:24.639Z] [DEBUG] Processing company database: company_9jxwph8g
[2025-06-24T02:09:24.706Z] [DEBUG] Finding reports to execute in company_9jxwph8g (current time: 2025-06-24T02:09:24.706Z)
[2025-06-24T02:09:24.768Z] [INFO] Found 0 reports to execute in company_9jxwph8g
[2025-06-24T02:09:24.769Z] [INFO] Scheduled reports check completed
[2025-06-24T02:09:24.771Z] [DEBUG] MongoDB connection closed
[2025-06-24T02:09:53.825Z] [INFO] Checking for scheduled reports...
[2025-06-24T02:09:54.689Z] [DEBUG] Connected to MongoDB
[2025-06-24T02:09:54.770Z] [INFO] Found 1 company databases
[2025-06-24T02:09:54.770Z] [DEBUG] Processing company database: company_9jxwph8g
[2025-06-24T02:09:54.848Z] [DEBUG] Finding reports to execute in company_9jxwph8g (current time: 2025-06-24T02:09:54.848Z)
[2025-06-24T02:09:54.906Z] [INFO] Found 0 reports to execute in company_9jxwph8g
[2025-06-24T02:09:54.906Z] [INFO] Scheduled reports check completed
[2025-06-24T02:09:54.909Z] [DEBUG] MongoDB connection closed
[2025-06-24T02:10:23.826Z] [INFO] Checking for scheduled reports...
[2025-06-24T02:10:24.576Z] [DEBUG] Connected to MongoDB
[2025-06-24T02:10:24.643Z] [INFO] Found 1 company databases
[2025-06-24T02:10:24.644Z] [DEBUG] Processing company database: company_9jxwph8g
[2025-06-24T02:10:24.702Z] [DEBUG] Finding reports to execute in company_9jxwph8g (current time: 2025-06-24T02:10:24.702Z)
[2025-06-24T02:10:24.762Z] [INFO] Found 0 reports to execute in company_9jxwph8g
[2025-06-24T02:10:24.762Z] [INFO] Scheduled reports check completed
[2025-06-24T02:10:24.763Z] [DEBUG] MongoDB connection closed
[2025-06-24T02:10:53.826Z] [INFO] Checking for scheduled reports...
[2025-06-24T02:10:54.551Z] [DEBUG] Connected to MongoDB
[2025-06-24T02:10:54.620Z] [INFO] Found 1 company databases
[2025-06-24T02:10:54.620Z] [DEBUG] Processing company database: company_9jxwph8g
[2025-06-24T02:10:54.686Z] [DEBUG] Finding reports to execute in company_9jxwph8g (current time: 2025-06-24T02:10:54.686Z)
[2025-06-24T02:10:54.750Z] [INFO] Found 0 reports to execute in company_9jxwph8g
[2025-06-24T02:10:54.750Z] [INFO] Scheduled reports check completed
[2025-06-24T02:10:54.752Z] [DEBUG] MongoDB connection closed
[2025-06-24T02:11:23.826Z] [INFO] Checking for scheduled reports...
[2025-06-24T02:11:24.518Z] [DEBUG] Connected to MongoDB
[2025-06-24T02:11:24.586Z] [INFO] Found 1 company databases
[2025-06-24T02:11:24.586Z] [DEBUG] Processing company database: company_9jxwph8g
[2025-06-24T02:11:24.644Z] [DEBUG] Finding reports to execute in company_9jxwph8g (current time: 2025-06-24T02:11:24.644Z)
[2025-06-24T02:11:24.701Z] [INFO] Found 0 reports to execute in company_9jxwph8g
[2025-06-24T02:11:24.702Z] [INFO] Scheduled reports check completed
[2025-06-24T02:11:24.703Z] [DEBUG] MongoDB connection closed
[2025-06-24T02:11:53.828Z] [INFO] Checking for scheduled reports...
[2025-06-24T02:11:54.896Z] [DEBUG] Connected to MongoDB
[2025-06-24T02:11:55.034Z] [INFO] Found 1 company databases
[2025-06-24T02:11:55.035Z] [DEBUG] Processing company database: company_9jxwph8g
[2025-06-24T02:11:55.113Z] [DEBUG] Finding reports to execute in company_9jxwph8g (current time: 2025-06-24T02:11:55.113Z)
[2025-06-24T02:11:55.170Z] [INFO] Found 0 reports to execute in company_9jxwph8g
[2025-06-24T02:11:55.170Z] [INFO] Scheduled reports check completed
[2025-06-24T02:11:55.172Z] [DEBUG] MongoDB connection closed
[2025-06-24T02:12:23.829Z] [INFO] Checking for scheduled reports...
[2025-06-24T02:12:24.683Z] [DEBUG] Connected to MongoDB
[2025-06-24T02:12:24.760Z] [INFO] Found 1 company databases
[2025-06-24T02:12:24.761Z] [DEBUG] Processing company database: company_9jxwph8g
[2025-06-24T02:12:24.821Z] [DEBUG] Finding reports to execute in company_9jxwph8g (current time: 2025-06-24T02:12:24.821Z)
[2025-06-24T02:12:24.878Z] [INFO] Found 0 reports to execute in company_9jxwph8g
[2025-06-24T02:12:24.878Z] [INFO] Scheduled reports check completed
[2025-06-24T02:12:24.885Z] [DEBUG] MongoDB connection closed
[2025-06-24T02:12:53.829Z] [INFO] Checking for scheduled reports...
[2025-06-24T02:12:54.526Z] [DEBUG] Connected to MongoDB
[2025-06-24T02:12:54.595Z] [INFO] Found 1 company databases
[2025-06-24T02:12:54.595Z] [DEBUG] Processing company database: company_9jxwph8g
[2025-06-24T02:12:54.663Z] [DEBUG] Finding reports to execute in company_9jxwph8g (current time: 2025-06-24T02:12:54.663Z)
[2025-06-24T02:12:54.727Z] [INFO] Found 0 reports to execute in company_9jxwph8g
[2025-06-24T02:12:54.728Z] [INFO] Scheduled reports check completed
[2025-06-24T02:12:54.730Z] [DEBUG] MongoDB connection closed
[2025-06-24T02:13:23.829Z] [INFO] Checking for scheduled reports...
[2025-06-24T02:13:24.577Z] [DEBUG] Connected to MongoDB
[2025-06-24T02:13:24.663Z] [INFO] Found 1 company databases
[2025-06-24T02:13:24.663Z] [DEBUG] Processing company database: company_9jxwph8g
[2025-06-24T02:13:24.731Z] [DEBUG] Finding reports to execute in company_9jxwph8g (current time: 2025-06-24T02:13:24.731Z)
[2025-06-24T02:13:24.798Z] [INFO] Found 0 reports to execute in company_9jxwph8g
[2025-06-24T02:13:24.799Z] [INFO] Scheduled reports check completed
[2025-06-24T02:13:24.801Z] [DEBUG] MongoDB connection closed
[2025-06-24T02:13:53.830Z] [INFO] Checking for scheduled reports...
[2025-06-24T02:13:54.579Z] [DEBUG] Connected to MongoDB
[2025-06-24T02:13:54.650Z] [INFO] Found 1 company databases
[2025-06-24T02:13:54.650Z] [DEBUG] Processing company database: company_9jxwph8g
[2025-06-24T02:13:54.716Z] [DEBUG] Finding reports to execute in company_9jxwph8g (current time: 2025-06-24T02:13:54.716Z)
[2025-06-24T02:13:54.782Z] [INFO] Found 0 reports to execute in company_9jxwph8g
[2025-06-24T02:13:54.783Z] [INFO] Scheduled reports check completed
[2025-06-24T02:13:54.784Z] [DEBUG] MongoDB connection closed
[2025-06-24T02:14:23.831Z] [INFO] Checking for scheduled reports...
[2025-06-24T02:14:24.595Z] [DEBUG] Connected to MongoDB
[2025-06-24T02:14:24.668Z] [INFO] Found 1 company databases
[2025-06-24T02:14:24.669Z] [DEBUG] Processing company database: company_9jxwph8g
[2025-06-24T02:14:24.729Z] [DEBUG] Finding reports to execute in company_9jxwph8g (current time: 2025-06-24T02:14:24.729Z)
[2025-06-24T02:14:24.789Z] [INFO] Found 0 reports to execute in company_9jxwph8g
[2025-06-24T02:14:24.790Z] [INFO] Scheduled reports check completed
[2025-06-24T02:14:24.792Z] [DEBUG] MongoDB connection closed
[2025-06-24T02:14:53.831Z] [INFO] Checking for scheduled reports...
[2025-06-24T02:14:54.471Z] [DEBUG] Connected to MongoDB
[2025-06-24T02:14:54.541Z] [INFO] Found 1 company databases
[2025-06-24T02:14:54.541Z] [DEBUG] Processing company database: company_9jxwph8g
[2025-06-24T02:14:54.600Z] [DEBUG] Finding reports to execute in company_9jxwph8g (current time: 2025-06-24T02:14:54.600Z)
[2025-06-24T02:14:54.660Z] [INFO] Found 0 reports to execute in company_9jxwph8g
[2025-06-24T02:14:54.660Z] [INFO] Scheduled reports check completed
[2025-06-24T02:14:54.661Z] [DEBUG] MongoDB connection closed
[2025-06-24T02:15:23.831Z] [INFO] Checking for scheduled reports...
[2025-06-24T02:15:24.540Z] [DEBUG] Connected to MongoDB
[2025-06-24T02:15:24.617Z] [INFO] Found 1 company databases
[2025-06-24T02:15:24.617Z] [DEBUG] Processing company database: company_9jxwph8g
[2025-06-24T02:15:24.676Z] [DEBUG] Finding reports to execute in company_9jxwph8g (current time: 2025-06-24T02:15:24.676Z)
[2025-06-24T02:15:24.737Z] [INFO] Found 0 reports to execute in company_9jxwph8g
[2025-06-24T02:15:24.737Z] [INFO] Scheduled reports check completed
[2025-06-24T02:15:24.740Z] [DEBUG] MongoDB connection closed
[2025-06-24T02:15:53.832Z] [INFO] Checking for scheduled reports...
[2025-06-24T02:15:54.662Z] [DEBUG] Connected to MongoDB
[2025-06-24T02:15:54.732Z] [INFO] Found 1 company databases
[2025-06-24T02:15:54.733Z] [DEBUG] Processing company database: company_9jxwph8g
[2025-06-24T02:15:54.796Z] [DEBUG] Finding reports to execute in company_9jxwph8g (current time: 2025-06-24T02:15:54.796Z)
[2025-06-24T02:15:54.856Z] [INFO] Found 0 reports to execute in company_9jxwph8g
[2025-06-24T02:15:54.857Z] [INFO] Scheduled reports check completed
[2025-06-24T02:15:54.859Z] [DEBUG] MongoDB connection closed
[2025-06-24T02:16:23.832Z] [INFO] Checking for scheduled reports...
[2025-06-24T02:16:24.488Z] [DEBUG] Connected to MongoDB
[2025-06-24T02:16:24.560Z] [INFO] Found 1 company databases
[2025-06-24T02:16:24.561Z] [DEBUG] Processing company database: company_9jxwph8g
[2025-06-24T02:16:24.625Z] [DEBUG] Finding reports to execute in company_9jxwph8g (current time: 2025-06-24T02:16:24.625Z)
[2025-06-24T02:16:24.686Z] [INFO] Found 0 reports to execute in company_9jxwph8g
[2025-06-24T02:16:24.686Z] [INFO] Scheduled reports check completed
[2025-06-24T02:16:24.689Z] [DEBUG] MongoDB connection closed
[2025-06-24T02:16:53.833Z] [INFO] Checking for scheduled reports...
[2025-06-24T02:16:54.567Z] [DEBUG] Connected to MongoDB
[2025-06-24T02:16:54.639Z] [INFO] Found 1 company databases
[2025-06-24T02:16:54.640Z] [DEBUG] Processing company database: company_9jxwph8g
[2025-06-24T02:16:54.699Z] [DEBUG] Finding reports to execute in company_9jxwph8g (current time: 2025-06-24T02:16:54.699Z)
[2025-06-24T02:16:54.770Z] [INFO] Found 0 reports to execute in company_9jxwph8g
[2025-06-24T02:16:54.770Z] [INFO] Scheduled reports check completed
[2025-06-24T02:16:54.773Z] [DEBUG] MongoDB connection closed
[2025-06-24T02:17:23.834Z] [INFO] Checking for scheduled reports...
[2025-06-24T02:17:25.506Z] [DEBUG] Connected to MongoDB
[2025-06-24T02:17:25.580Z] [INFO] Found 1 company databases
[2025-06-24T02:17:25.580Z] [DEBUG] Processing company database: company_9jxwph8g
[2025-06-24T02:17:25.653Z] [DEBUG] Finding reports to execute in company_9jxwph8g (current time: 2025-06-24T02:17:25.653Z)
[2025-06-24T02:17:25.716Z] [INFO] Found 0 reports to execute in company_9jxwph8g
[2025-06-24T02:17:25.717Z] [INFO] Scheduled reports check completed
[2025-06-24T02:17:25.720Z] [DEBUG] MongoDB connection closed
[2025-06-24T02:17:53.834Z] [INFO] Checking for scheduled reports...
[2025-06-24T02:17:54.581Z] [DEBUG] Connected to MongoDB
[2025-06-24T02:17:54.651Z] [INFO] Found 1 company databases
[2025-06-24T02:17:54.651Z] [DEBUG] Processing company database: company_9jxwph8g
[2025-06-24T02:17:54.709Z] [DEBUG] Finding reports to execute in company_9jxwph8g (current time: 2025-06-24T02:17:54.709Z)
[2025-06-24T02:17:54.772Z] [INFO] Found 0 reports to execute in company_9jxwph8g
[2025-06-24T02:17:54.773Z] [INFO] Scheduled reports check completed
[2025-06-24T02:17:54.775Z] [DEBUG] MongoDB connection closed
[2025-06-24T02:18:23.834Z] [INFO] Checking for scheduled reports...
[2025-06-24T02:18:24.502Z] [DEBUG] Connected to MongoDB
[2025-06-24T02:18:24.573Z] [INFO] Found 1 company databases
[2025-06-24T02:18:24.574Z] [DEBUG] Processing company database: company_9jxwph8g
[2025-06-24T02:18:24.635Z] [DEBUG] Finding reports to execute in company_9jxwph8g (current time: 2025-06-24T02:18:24.635Z)
[2025-06-24T02:18:24.697Z] [INFO] Found 0 reports to execute in company_9jxwph8g
[2025-06-24T02:18:24.698Z] [INFO] Scheduled reports check completed
[2025-06-24T02:18:24.700Z] [DEBUG] MongoDB connection closed
[2025-06-24T02:18:53.834Z] [INFO] Checking for scheduled reports...
[2025-06-24T02:18:54.571Z] [DEBUG] Connected to MongoDB
[2025-06-24T02:18:54.639Z] [INFO] Found 1 company databases
[2025-06-24T02:18:54.640Z] [DEBUG] Processing company database: company_9jxwph8g
[2025-06-24T02:18:54.703Z] [DEBUG] Finding reports to execute in company_9jxwph8g (current time: 2025-06-24T02:18:54.703Z)
[2025-06-24T02:18:54.766Z] [INFO] Found 0 reports to execute in company_9jxwph8g
[2025-06-24T02:18:54.767Z] [INFO] Scheduled reports check completed
[2025-06-24T02:18:54.769Z] [DEBUG] MongoDB connection closed
[2025-06-24T02:19:23.835Z] [INFO] Checking for scheduled reports...
[2025-06-24T02:19:24.533Z] [DEBUG] Connected to MongoDB
[2025-06-24T02:19:24.604Z] [INFO] Found 1 company databases
[2025-06-24T02:19:24.604Z] [DEBUG] Processing company database: company_9jxwph8g
[2025-06-24T02:19:24.664Z] [DEBUG] Finding reports to execute in company_9jxwph8g (current time: 2025-06-24T02:19:24.664Z)
[2025-06-24T02:19:24.725Z] [INFO] Found 0 reports to execute in company_9jxwph8g
[2025-06-24T02:19:24.725Z] [INFO] Scheduled reports check completed
[2025-06-24T02:19:24.727Z] [DEBUG] MongoDB connection closed
[2025-06-24T02:19:53.836Z] [INFO] Checking for scheduled reports...
[2025-06-24T02:19:54.734Z] [DEBUG] Connected to MongoDB
[2025-06-24T02:19:54.809Z] [INFO] Found 1 company databases
[2025-06-24T02:19:54.810Z] [DEBUG] Processing company database: company_9jxwph8g
[2025-06-24T02:19:54.872Z] [DEBUG] Finding reports to execute in company_9jxwph8g (current time: 2025-06-24T02:19:54.872Z)
[2025-06-24T02:19:55.028Z] [INFO] Found 0 reports to execute in company_9jxwph8g
[2025-06-24T02:19:55.029Z] [INFO] Scheduled reports check completed
[2025-06-24T02:19:55.031Z] [DEBUG] MongoDB connection closed
[2025-06-24T02:20:23.835Z] [INFO] Checking for scheduled reports...
[2025-06-24T02:20:25.321Z] [DEBUG] Connected to MongoDB
[2025-06-24T02:20:25.394Z] [INFO] Found 1 company databases
[2025-06-24T02:20:25.394Z] [DEBUG] Processing company database: company_9jxwph8g
[2025-06-24T02:20:25.460Z] [DEBUG] Finding reports to execute in company_9jxwph8g (current time: 2025-06-24T02:20:25.460Z)
[2025-06-24T02:20:25.530Z] [INFO] Found 0 reports to execute in company_9jxwph8g
[2025-06-24T02:20:25.531Z] [INFO] Scheduled reports check completed
[2025-06-24T02:20:25.533Z] [DEBUG] MongoDB connection closed
[2025-06-24T02:20:53.836Z] [INFO] Checking for scheduled reports...
[2025-06-24T02:20:55.232Z] [DEBUG] Connected to MongoDB
[2025-06-24T02:20:55.640Z] [INFO] Found 1 company databases
[2025-06-24T02:20:55.640Z] [DEBUG] Processing company database: company_9jxwph8g
[2025-06-24T02:20:55.842Z] [DEBUG] Finding reports to execute in company_9jxwph8g (current time: 2025-06-24T02:20:55.842Z)
[2025-06-24T02:20:56.301Z] [INFO] Found 0 reports to execute in company_9jxwph8g
[2025-06-24T02:20:56.302Z] [INFO] Scheduled reports check completed
[2025-06-24T02:20:56.305Z] [DEBUG] MongoDB connection closed
[2025-06-24T02:21:23.837Z] [INFO] Checking for scheduled reports...
[2025-06-24T02:21:24.546Z] [DEBUG] Connected to MongoDB
[2025-06-24T02:21:24.626Z] [INFO] Found 1 company databases
[2025-06-24T02:21:24.627Z] [DEBUG] Processing company database: company_9jxwph8g
[2025-06-24T02:21:24.687Z] [DEBUG] Finding reports to execute in company_9jxwph8g (current time: 2025-06-24T02:21:24.687Z)
[2025-06-24T02:21:24.745Z] [INFO] Found 0 reports to execute in company_9jxwph8g
[2025-06-24T02:21:24.746Z] [INFO] Scheduled reports check completed
[2025-06-24T02:21:24.747Z] [DEBUG] MongoDB connection closed
[2025-06-24T02:21:53.837Z] [INFO] Checking for scheduled reports...
[2025-06-24T02:21:54.695Z] [DEBUG] Connected to MongoDB
[2025-06-24T02:21:54.768Z] [INFO] Found 1 company databases
[2025-06-24T02:21:54.770Z] [DEBUG] Processing company database: company_9jxwph8g
[2025-06-24T02:21:54.831Z] [DEBUG] Finding reports to execute in company_9jxwph8g (current time: 2025-06-24T02:21:54.831Z)
[2025-06-24T02:21:54.899Z] [INFO] Found 0 reports to execute in company_9jxwph8g
[2025-06-24T02:21:54.900Z] [INFO] Scheduled reports check completed
[2025-06-24T02:21:54.903Z] [DEBUG] MongoDB connection closed
[2025-06-24T02:22:23.838Z] [INFO] Checking for scheduled reports...
[2025-06-24T02:22:24.631Z] [DEBUG] Connected to MongoDB
[2025-06-24T02:22:24.702Z] [INFO] Found 1 company databases
[2025-06-24T02:22:24.702Z] [DEBUG] Processing company database: company_9jxwph8g
[2025-06-24T02:22:24.776Z] [DEBUG] Finding reports to execute in company_9jxwph8g (current time: 2025-06-24T02:22:24.776Z)
[2025-06-24T02:22:24.837Z] [INFO] Found 0 reports to execute in company_9jxwph8g
[2025-06-24T02:22:24.837Z] [INFO] Scheduled reports check completed
[2025-06-24T02:22:24.839Z] [DEBUG] MongoDB connection closed
[2025-06-24T02:22:53.839Z] [INFO] Checking for scheduled reports...
[2025-06-24T02:22:54.623Z] [DEBUG] Connected to MongoDB
[2025-06-24T02:22:54.710Z] [INFO] Found 1 company databases
[2025-06-24T02:22:54.710Z] [DEBUG] Processing company database: company_9jxwph8g
[2025-06-24T02:22:54.778Z] [DEBUG] Finding reports to execute in company_9jxwph8g (current time: 2025-06-24T02:22:54.778Z)
[2025-06-24T02:22:54.842Z] [INFO] Found 0 reports to execute in company_9jxwph8g
[2025-06-24T02:22:54.842Z] [INFO] Scheduled reports check completed
[2025-06-24T02:22:54.844Z] [DEBUG] MongoDB connection closed
[2025-06-24T02:23:23.840Z] [INFO] Checking for scheduled reports...
[2025-06-24T02:23:24.571Z] [DEBUG] Connected to MongoDB
[2025-06-24T02:23:24.657Z] [INFO] Found 1 company databases
[2025-06-24T02:23:24.658Z] [DEBUG] Processing company database: company_9jxwph8g
[2025-06-24T02:23:24.726Z] [DEBUG] Finding reports to execute in company_9jxwph8g (current time: 2025-06-24T02:23:24.726Z)
[2025-06-24T02:23:24.790Z] [INFO] Found 0 reports to execute in company_9jxwph8g
[2025-06-24T02:23:24.791Z] [INFO] Scheduled reports check completed
[2025-06-24T02:23:24.793Z] [DEBUG] MongoDB connection closed
[2025-06-24T02:23:53.841Z] [INFO] Checking for scheduled reports...
[2025-06-24T02:23:54.578Z] [DEBUG] Connected to MongoDB
[2025-06-24T02:23:54.649Z] [INFO] Found 1 company databases
[2025-06-24T02:23:54.649Z] [DEBUG] Processing company database: company_9jxwph8g
[2025-06-24T02:23:54.718Z] [DEBUG] Finding reports to execute in company_9jxwph8g (current time: 2025-06-24T02:23:54.718Z)
[2025-06-24T02:23:54.794Z] [INFO] Found 0 reports to execute in company_9jxwph8g
[2025-06-24T02:23:54.795Z] [INFO] Scheduled reports check completed
[2025-06-24T02:23:54.797Z] [DEBUG] MongoDB connection closed
[2025-06-24T02:24:23.841Z] [INFO] Checking for scheduled reports...
[2025-06-24T02:24:24.628Z] [DEBUG] Connected to MongoDB
[2025-06-24T02:24:24.700Z] [INFO] Found 1 company databases
[2025-06-24T02:24:24.701Z] [DEBUG] Processing company database: company_9jxwph8g
[2025-06-24T02:24:24.778Z] [DEBUG] Finding reports to execute in company_9jxwph8g (current time: 2025-06-24T02:24:24.778Z)
[2025-06-24T02:24:24.861Z] [INFO] Found 0 reports to execute in company_9jxwph8g
[2025-06-24T02:24:24.861Z] [INFO] Scheduled reports check completed
[2025-06-24T02:24:24.862Z] [DEBUG] MongoDB connection closed
[2025-06-24T02:24:53.842Z] [INFO] Checking for scheduled reports...
[2025-06-24T02:24:54.655Z] [DEBUG] Connected to MongoDB
[2025-06-24T02:24:54.789Z] [INFO] Found 1 company databases
[2025-06-24T02:24:54.789Z] [DEBUG] Processing company database: company_9jxwph8g
[2025-06-24T02:24:54.861Z] [DEBUG] Finding reports to execute in company_9jxwph8g (current time: 2025-06-24T02:24:54.861Z)
[2025-06-24T02:24:54.922Z] [INFO] Found 0 reports to execute in company_9jxwph8g
[2025-06-24T02:24:54.923Z] [INFO] Scheduled reports check completed
[2025-06-24T02:24:54.926Z] [DEBUG] MongoDB connection closed
[2025-06-24T02:25:23.843Z] [INFO] Checking for scheduled reports...
[2025-06-24T02:25:24.628Z] [DEBUG] Connected to MongoDB
[2025-06-24T02:25:24.702Z] [INFO] Found 1 company databases
[2025-06-24T02:25:24.702Z] [DEBUG] Processing company database: company_9jxwph8g
[2025-06-24T02:25:24.763Z] [DEBUG] Finding reports to execute in company_9jxwph8g (current time: 2025-06-24T02:25:24.763Z)
[2025-06-24T02:25:24.822Z] [INFO] Found 0 reports to execute in company_9jxwph8g
[2025-06-24T02:25:24.823Z] [INFO] Scheduled reports check completed
[2025-06-24T02:25:24.825Z] [DEBUG] MongoDB connection closed
[2025-06-24T02:25:53.844Z] [INFO] Checking for scheduled reports...
[2025-06-24T02:25:54.512Z] [DEBUG] Connected to MongoDB
[2025-06-24T02:25:54.598Z] [INFO] Found 1 company databases
[2025-06-24T02:25:54.599Z] [DEBUG] Processing company database: company_9jxwph8g
[2025-06-24T02:25:54.670Z] [DEBUG] Finding reports to execute in company_9jxwph8g (current time: 2025-06-24T02:25:54.670Z)
[2025-06-24T02:25:54.748Z] [INFO] Found 0 reports to execute in company_9jxwph8g
[2025-06-24T02:25:54.749Z] [INFO] Scheduled reports check completed
[2025-06-24T02:25:54.751Z] [DEBUG] MongoDB connection closed
[2025-06-24T02:26:23.844Z] [INFO] Checking for scheduled reports...
[2025-06-24T02:26:25.146Z] [DEBUG] Connected to MongoDB
[2025-06-24T02:26:25.218Z] [INFO] Found 1 company databases
[2025-06-24T02:26:25.218Z] [DEBUG] Processing company database: company_9jxwph8g
[2025-06-24T02:26:25.280Z] [DEBUG] Finding reports to execute in company_9jxwph8g (current time: 2025-06-24T02:26:25.280Z)
[2025-06-24T02:26:25.347Z] [INFO] Found 0 reports to execute in company_9jxwph8g
[2025-06-24T02:26:25.348Z] [INFO] Scheduled reports check completed
[2025-06-24T02:26:25.350Z] [DEBUG] MongoDB connection closed
[2025-06-24T02:26:53.845Z] [INFO] Checking for scheduled reports...
[2025-06-24T02:26:54.507Z] [DEBUG] Connected to MongoDB
[2025-06-24T02:26:54.576Z] [INFO] Found 1 company databases
[2025-06-24T02:26:54.577Z] [DEBUG] Processing company database: company_9jxwph8g
[2025-06-24T02:26:54.641Z] [DEBUG] Finding reports to execute in company_9jxwph8g (current time: 2025-06-24T02:26:54.641Z)
[2025-06-24T02:26:54.702Z] [INFO] Found 0 reports to execute in company_9jxwph8g
[2025-06-24T02:26:54.703Z] [INFO] Scheduled reports check completed
[2025-06-24T02:26:54.706Z] [DEBUG] MongoDB connection closed
[2025-06-24T02:27:23.846Z] [INFO] Checking for scheduled reports...
[2025-06-24T02:27:24.488Z] [DEBUG] Connected to MongoDB
[2025-06-24T02:27:24.558Z] [INFO] Found 1 company databases
[2025-06-24T02:27:24.559Z] [DEBUG] Processing company database: company_9jxwph8g
[2025-06-24T02:27:24.621Z] [DEBUG] Finding reports to execute in company_9jxwph8g (current time: 2025-06-24T02:27:24.621Z)
[2025-06-24T02:27:24.680Z] [INFO] Found 0 reports to execute in company_9jxwph8g
[2025-06-24T02:27:24.681Z] [INFO] Scheduled reports check completed
[2025-06-24T02:27:24.683Z] [DEBUG] MongoDB connection closed
[2025-06-24T02:27:53.846Z] [INFO] Checking for scheduled reports...
[2025-06-24T02:27:54.609Z] [DEBUG] Connected to MongoDB
[2025-06-24T02:27:54.679Z] [INFO] Found 1 company databases
[2025-06-24T02:27:54.679Z] [DEBUG] Processing company database: company_9jxwph8g
[2025-06-24T02:27:54.737Z] [DEBUG] Finding reports to execute in company_9jxwph8g (current time: 2025-06-24T02:27:54.737Z)
[2025-06-24T02:27:54.795Z] [INFO] Found 0 reports to execute in company_9jxwph8g
[2025-06-24T02:27:54.796Z] [INFO] Scheduled reports check completed
[2025-06-24T02:27:54.798Z] [DEBUG] MongoDB connection closed
[2025-06-24T02:28:23.846Z] [INFO] Checking for scheduled reports...
[2025-06-24T02:28:24.607Z] [DEBUG] Connected to MongoDB
[2025-06-24T02:28:24.677Z] [INFO] Found 1 company databases
[2025-06-24T02:28:24.678Z] [DEBUG] Processing company database: company_9jxwph8g
[2025-06-24T02:28:24.752Z] [DEBUG] Finding reports to execute in company_9jxwph8g (current time: 2025-06-24T02:28:24.752Z)
[2025-06-24T02:28:24.817Z] [INFO] Found 0 reports to execute in company_9jxwph8g
[2025-06-24T02:28:24.818Z] [INFO] Scheduled reports check completed
[2025-06-24T02:28:24.820Z] [DEBUG] MongoDB connection closed
[2025-06-24T02:28:53.846Z] [INFO] Checking for scheduled reports...
[2025-06-24T02:28:54.621Z] [DEBUG] Connected to MongoDB
[2025-06-24T02:28:54.690Z] [INFO] Found 1 company databases
[2025-06-24T02:28:54.691Z] [DEBUG] Processing company database: company_9jxwph8g
[2025-06-24T02:28:54.756Z] [DEBUG] Finding reports to execute in company_9jxwph8g (current time: 2025-06-24T02:28:54.756Z)
[2025-06-24T02:28:54.836Z] [INFO] Found 0 reports to execute in company_9jxwph8g
[2025-06-24T02:28:54.836Z] [INFO] Scheduled reports check completed
[2025-06-24T02:28:54.839Z] [DEBUG] MongoDB connection closed
[2025-06-24T02:29:23.847Z] [INFO] Checking for scheduled reports...
[2025-06-24T02:29:24.671Z] [DEBUG] Connected to MongoDB
[2025-06-24T02:29:24.738Z] [INFO] Found 1 company databases
[2025-06-24T02:29:24.739Z] [DEBUG] Processing company database: company_9jxwph8g
[2025-06-24T02:29:24.795Z] [DEBUG] Finding reports to execute in company_9jxwph8g (current time: 2025-06-24T02:29:24.795Z)
[2025-06-24T02:29:24.851Z] [INFO] Found 0 reports to execute in company_9jxwph8g
[2025-06-24T02:29:24.852Z] [INFO] Scheduled reports check completed
[2025-06-24T02:29:24.855Z] [DEBUG] MongoDB connection closed
[2025-06-24T02:29:53.847Z] [INFO] Checking for scheduled reports...
[2025-06-24T02:29:54.468Z] [DEBUG] Connected to MongoDB
[2025-06-24T02:29:54.534Z] [INFO] Found 1 company databases
[2025-06-24T02:29:54.535Z] [DEBUG] Processing company database: company_9jxwph8g
[2025-06-24T02:29:54.591Z] [DEBUG] Finding reports to execute in company_9jxwph8g (current time: 2025-06-24T02:29:54.591Z)
[2025-06-24T02:29:54.646Z] [INFO] Found 0 reports to execute in company_9jxwph8g
[2025-06-24T02:29:54.646Z] [INFO] Scheduled reports check completed
[2025-06-24T02:29:54.648Z] [DEBUG] MongoDB connection closed
[2025-06-24T02:30:23.849Z] [INFO] Checking for scheduled reports...
[2025-06-24T02:30:25.030Z] [DEBUG] Connected to MongoDB
[2025-06-24T02:30:25.098Z] [INFO] Found 1 company databases
[2025-06-24T02:30:25.098Z] [DEBUG] Processing company database: company_9jxwph8g
[2025-06-24T02:30:25.263Z] [DEBUG] Finding reports to execute in company_9jxwph8g (current time: 2025-06-24T02:30:25.263Z)
[2025-06-24T02:30:25.438Z] [INFO] Found 0 reports to execute in company_9jxwph8g
[2025-06-24T02:30:25.439Z] [INFO] Scheduled reports check completed
[2025-06-24T02:30:25.441Z] [DEBUG] MongoDB connection closed
[2025-06-24T02:30:53.849Z] [INFO] Checking for scheduled reports...
[2025-06-24T02:30:54.559Z] [DEBUG] Connected to MongoDB
[2025-06-24T02:30:54.626Z] [INFO] Found 1 company databases
[2025-06-24T02:30:54.626Z] [DEBUG] Processing company database: company_9jxwph8g
[2025-06-24T02:30:54.683Z] [DEBUG] Finding reports to execute in company_9jxwph8g (current time: 2025-06-24T02:30:54.683Z)
[2025-06-24T02:30:54.738Z] [INFO] Found 0 reports to execute in company_9jxwph8g
[2025-06-24T02:30:54.739Z] [INFO] Scheduled reports check completed
[2025-06-24T02:30:54.742Z] [DEBUG] MongoDB connection closed
[2025-06-24T02:31:23.849Z] [INFO] Checking for scheduled reports...
[2025-06-24T02:31:24.611Z] [DEBUG] Connected to MongoDB
[2025-06-24T02:31:24.679Z] [INFO] Found 1 company databases
[2025-06-24T02:31:24.680Z] [DEBUG] Processing company database: company_9jxwph8g
[2025-06-24T02:31:24.738Z] [DEBUG] Finding reports to execute in company_9jxwph8g (current time: 2025-06-24T02:31:24.738Z)
[2025-06-24T02:31:24.796Z] [INFO] Found 0 reports to execute in company_9jxwph8g
[2025-06-24T02:31:24.796Z] [INFO] Scheduled reports check completed
[2025-06-24T02:31:24.797Z] [DEBUG] MongoDB connection closed
[2025-06-24T02:31:53.850Z] [INFO] Checking for scheduled reports...
[2025-06-24T02:31:54.661Z] [DEBUG] Connected to MongoDB
[2025-06-24T02:31:54.740Z] [INFO] Found 1 company databases
[2025-06-24T02:31:54.740Z] [DEBUG] Processing company database: company_9jxwph8g
[2025-06-24T02:31:54.804Z] [DEBUG] Finding reports to execute in company_9jxwph8g (current time: 2025-06-24T02:31:54.804Z)
[2025-06-24T02:31:54.873Z] [INFO] Found 0 reports to execute in company_9jxwph8g
[2025-06-24T02:31:54.874Z] [INFO] Scheduled reports check completed
[2025-06-24T02:31:54.875Z] [DEBUG] MongoDB connection closed
[2025-06-24T02:32:23.850Z] [INFO] Checking for scheduled reports...
[2025-06-24T02:32:24.664Z] [DEBUG] Connected to MongoDB
[2025-06-24T02:32:24.741Z] [INFO] Found 1 company databases
[2025-06-24T02:32:24.742Z] [DEBUG] Processing company database: company_9jxwph8g
[2025-06-24T02:32:24.806Z] [DEBUG] Finding reports to execute in company_9jxwph8g (current time: 2025-06-24T02:32:24.806Z)
[2025-06-24T02:32:24.868Z] [INFO] Found 0 reports to execute in company_9jxwph8g
[2025-06-24T02:32:24.868Z] [INFO] Scheduled reports check completed
[2025-06-24T02:32:24.872Z] [DEBUG] MongoDB connection closed
[2025-06-24T02:32:53.851Z] [INFO] Checking for scheduled reports...
[2025-06-24T02:32:54.529Z] [DEBUG] Connected to MongoDB
[2025-06-24T02:32:54.603Z] [INFO] Found 1 company databases
[2025-06-24T02:32:54.604Z] [DEBUG] Processing company database: company_9jxwph8g
[2025-06-24T02:32:54.677Z] [DEBUG] Finding reports to execute in company_9jxwph8g (current time: 2025-06-24T02:32:54.677Z)
[2025-06-24T02:32:54.733Z] [INFO] Found 0 reports to execute in company_9jxwph8g
[2025-06-24T02:32:54.734Z] [INFO] Scheduled reports check completed
[2025-06-24T02:32:54.735Z] [DEBUG] MongoDB connection closed
[2025-06-24T02:33:23.853Z] [INFO] Checking for scheduled reports...
[2025-06-24T02:33:24.518Z] [DEBUG] Connected to MongoDB
[2025-06-24T02:33:24.588Z] [INFO] Found 1 company databases
[2025-06-24T02:33:24.588Z] [DEBUG] Processing company database: company_9jxwph8g
[2025-06-24T02:33:24.647Z] [DEBUG] Finding reports to execute in company_9jxwph8g (current time: 2025-06-24T02:33:24.647Z)
[2025-06-24T02:33:24.705Z] [INFO] Found 0 reports to execute in company_9jxwph8g
[2025-06-24T02:33:24.705Z] [INFO] Scheduled reports check completed
[2025-06-24T02:33:24.708Z] [DEBUG] MongoDB connection closed
[2025-06-24T02:33:39.054Z] [INFO] Starting scheduled reports daemon with check interval of 30000ms
[2025-06-24T02:33:39.055Z] [INFO] Checking for scheduled reports...
[2025-06-24T02:33:39.809Z] [DEBUG] Connected to MongoDB
[2025-06-24T02:33:39.881Z] [INFO] Found 1 company databases
[2025-06-24T02:33:39.882Z] [DEBUG] Processing company database: company_9jxwph8g
[2025-06-24T02:33:39.954Z] [DEBUG] Finding reports to execute in company_9jxwph8g (current time: 2025-06-24T02:33:39.954Z)
[2025-06-24T02:33:40.012Z] [INFO] Found 0 reports to execute in company_9jxwph8g
[2025-06-24T02:33:40.012Z] [INFO] Scheduled reports check completed
[2025-06-24T02:33:40.015Z] [DEBUG] MongoDB connection closed
[2025-06-24T02:33:40.015Z] [INFO] Daemon is now running continuously...
[2025-06-24T02:33:53.853Z] [INFO] Checking for scheduled reports...
[2025-06-24T02:33:54.543Z] [DEBUG] Connected to MongoDB
[2025-06-24T02:33:54.613Z] [INFO] Found 1 company databases
[2025-06-24T02:33:54.614Z] [DEBUG] Processing company database: company_9jxwph8g
[2025-06-24T02:33:54.673Z] [DEBUG] Finding reports to execute in company_9jxwph8g (current time: 2025-06-24T02:33:54.673Z)
[2025-06-24T02:33:54.731Z] [INFO] Found 0 reports to execute in company_9jxwph8g
[2025-06-24T02:33:54.732Z] [INFO] Scheduled reports check completed
[2025-06-24T02:33:54.734Z] [DEBUG] MongoDB connection closed
[2025-06-24T02:34:23.854Z] [INFO] Checking for scheduled reports...
[2025-06-24T02:34:24.547Z] [DEBUG] Connected to MongoDB
[2025-06-24T02:34:24.662Z] [INFO] Found 1 company databases
[2025-06-24T02:34:24.662Z] [DEBUG] Processing company database: company_9jxwph8g
[2025-06-24T02:34:24.746Z] [DEBUG] Finding reports to execute in company_9jxwph8g (current time: 2025-06-24T02:34:24.746Z)
[2025-06-24T02:34:24.829Z] [INFO] Found 0 reports to execute in company_9jxwph8g
[2025-06-24T02:34:24.830Z] [INFO] Scheduled reports check completed
[2025-06-24T02:34:24.831Z] [DEBUG] MongoDB connection closed
[2025-06-24T02:34:53.854Z] [INFO] Checking for scheduled reports...
[2025-06-24T02:34:54.727Z] [DEBUG] Connected to MongoDB
[2025-06-24T02:34:54.801Z] [INFO] Found 1 company databases
[2025-06-24T02:34:54.801Z] [DEBUG] Processing company database: company_9jxwph8g
[2025-06-24T02:34:54.869Z] [DEBUG] Finding reports to execute in company_9jxwph8g (current time: 2025-06-24T02:34:54.869Z)
[2025-06-24T02:34:54.927Z] [INFO] Found 0 reports to execute in company_9jxwph8g
[2025-06-24T02:34:54.927Z] [INFO] Scheduled reports check completed
[2025-06-24T02:34:54.930Z] [DEBUG] MongoDB connection closed
[2025-06-24T02:35:23.855Z] [INFO] Checking for scheduled reports...
[2025-06-24T02:35:25.667Z] [DEBUG] Connected to MongoDB
[2025-06-24T02:35:25.752Z] [INFO] Found 1 company databases
[2025-06-24T02:35:25.752Z] [DEBUG] Processing company database: company_9jxwph8g
[2025-06-24T02:35:25.955Z] [DEBUG] Finding reports to execute in company_9jxwph8g (current time: 2025-06-24T02:35:25.955Z)
[2025-06-24T02:35:26.034Z] [INFO] Found 0 reports to execute in company_9jxwph8g
[2025-06-24T02:35:26.035Z] [INFO] Scheduled reports check completed
[2025-06-24T02:35:26.038Z] [DEBUG] MongoDB connection closed
[2025-06-24T02:35:53.856Z] [INFO] Checking for scheduled reports...
[2025-06-24T02:35:54.563Z] [DEBUG] Connected to MongoDB
[2025-06-24T02:35:54.656Z] [INFO] Found 1 company databases
[2025-06-24T02:35:54.656Z] [DEBUG] Processing company database: company_9jxwph8g
[2025-06-24T02:35:54.740Z] [DEBUG] Finding reports to execute in company_9jxwph8g (current time: 2025-06-24T02:35:54.740Z)
[2025-06-24T02:35:54.814Z] [INFO] Found 0 reports to execute in company_9jxwph8g
[2025-06-24T02:35:54.814Z] [INFO] Scheduled reports check completed
[2025-06-24T02:35:54.816Z] [DEBUG] MongoDB connection closed
[2025-06-24T02:36:23.856Z] [INFO] Checking for scheduled reports...
[2025-06-24T02:36:26.416Z] [DEBUG] Connected to MongoDB
[2025-06-24T02:36:26.574Z] [INFO] Found 1 company databases
[2025-06-24T02:36:26.574Z] [DEBUG] Processing company database: company_9jxwph8g
[2025-06-24T02:36:26.667Z] [DEBUG] Finding reports to execute in company_9jxwph8g (current time: 2025-06-24T02:36:26.667Z)
[2025-06-24T02:36:26.866Z] [INFO] Found 0 reports to execute in company_9jxwph8g
[2025-06-24T02:36:26.866Z] [INFO] Scheduled reports check completed
[2025-06-24T02:36:26.868Z] [DEBUG] MongoDB connection closed
[2025-06-24T02:36:53.857Z] [INFO] Checking for scheduled reports...
[2025-06-24T02:36:59.916Z] [DEBUG] Connected to MongoDB
[2025-06-24T02:37:00.076Z] [INFO] Found 1 company databases
[2025-06-24T02:37:00.077Z] [DEBUG] Processing company database: company_9jxwph8g
[2025-06-24T02:37:00.219Z] [DEBUG] Finding reports to execute in company_9jxwph8g (current time: 2025-06-24T02:37:00.219Z)
[2025-06-24T02:37:00.310Z] [INFO] Found 0 reports to execute in company_9jxwph8g
[2025-06-24T02:37:00.311Z] [INFO] Scheduled reports check completed
[2025-06-24T02:37:00.313Z] [DEBUG] MongoDB connection closed
[2025-06-24T02:37:23.856Z] [INFO] Checking for scheduled reports...
[2025-06-24T02:37:24.556Z] [DEBUG] Connected to MongoDB
[2025-06-24T02:37:24.634Z] [INFO] Found 1 company databases
[2025-06-24T02:37:24.634Z] [DEBUG] Processing company database: company_9jxwph8g
[2025-06-24T02:37:24.709Z] [DEBUG] Finding reports to execute in company_9jxwph8g (current time: 2025-06-24T02:37:24.709Z)
[2025-06-24T02:37:24.789Z] [INFO] Found 0 reports to execute in company_9jxwph8g
[2025-06-24T02:37:24.790Z] [INFO] Scheduled reports check completed
[2025-06-24T02:37:24.798Z] [DEBUG] MongoDB connection closed
[2025-06-24T02:37:53.856Z] [INFO] Checking for scheduled reports...
[2025-06-24T02:38:00.023Z] [DEBUG] Connected to MongoDB
[2025-06-24T02:38:00.098Z] [INFO] Found 1 company databases
[2025-06-24T02:38:00.099Z] [DEBUG] Processing company database: company_9jxwph8g
[2025-06-24T02:38:00.169Z] [DEBUG] Finding reports to execute in company_9jxwph8g (current time: 2025-06-24T02:38:00.169Z)
[2025-06-24T02:38:00.227Z] [INFO] Found 0 reports to execute in company_9jxwph8g
[2025-06-24T02:38:00.227Z] [INFO] Scheduled reports check completed
[2025-06-24T02:38:00.230Z] [DEBUG] MongoDB connection closed
[2025-06-24T02:38:23.856Z] [INFO] Checking for scheduled reports...
[2025-06-24T02:38:31.362Z] [DEBUG] Connected to MongoDB
[2025-06-24T02:38:31.622Z] [INFO] Found 1 company databases
[2025-06-24T02:38:31.622Z] [DEBUG] Processing company database: company_9jxwph8g
[2025-06-24T02:38:31.693Z] [DEBUG] Finding reports to execute in company_9jxwph8g (current time: 2025-06-24T02:38:31.693Z)
[2025-06-24T02:38:32.012Z] [INFO] Found 0 reports to execute in company_9jxwph8g
[2025-06-24T02:38:32.013Z] [INFO] Scheduled reports check completed
[2025-06-24T02:38:32.015Z] [DEBUG] MongoDB connection closed
[2025-06-24T02:38:53.856Z] [INFO] Checking for scheduled reports...
[2025-06-24T02:39:23.856Z] [INFO] Checking for scheduled reports...
[2025-06-24T02:39:23.865Z] [ERROR] Error in checkScheduledReports: Server selection timed out after 30000 ms
[2025-06-24T02:39:23.866Z] [ERROR] Stack trace: MongoServerSelectionError: Server selection timed out after 30000 ms
    at Topology.selectServer (/Users/sim/Project2/node_modules/mongodb/lib/sdam/topology.js:321:38)
    at async Topology._connect (/Users/sim/Project2/node_modules/mongodb/lib/sdam/topology.js:200:28)
    at async Topology.connect (/Users/sim/Project2/node_modules/mongodb/lib/sdam/topology.js:152:13)
    at async topologyConnect (/Users/sim/Project2/node_modules/mongodb/lib/mongo_client.js:233:17)
    at async MongoClient._connect (/Users/sim/Project2/node_modules/mongodb/lib/mongo_client.js:246:13)
    at async MongoClient.connect (/Users/sim/Project2/node_modules/mongodb/lib/mongo_client.js:171:13)
    at async MongoClient.connect (/Users/sim/Project2/node_modules/mongodb/lib/mongo_client.js:360:16)
    at async checkScheduledReports (/Users/sim/Project2/scripts/scheduled-reports-daemon.js:146:14)
    at async Timeout._onTimeout (/Users/sim/Project2/scripts/scheduled-reports-daemon.js:267:7)
[2025-06-24T02:39:51.261Z] [DEBUG] Connected to MongoDB
[2025-06-24T02:39:51.385Z] [INFO] Found 1 company databases
[2025-06-24T02:39:51.386Z] [DEBUG] Processing company database: company_9jxwph8g
[2025-06-24T02:39:51.675Z] [DEBUG] Finding reports to execute in company_9jxwph8g (current time: 2025-06-24T02:39:51.675Z)
[2025-06-24T02:39:52.127Z] [INFO] Found 0 reports to execute in company_9jxwph8g
[2025-06-24T02:39:52.127Z] [INFO] Scheduled reports check completed
[2025-06-24T02:39:52.129Z] [DEBUG] MongoDB connection closed
[2025-06-24T02:39:53.857Z] [INFO] Checking for scheduled reports...
[2025-06-24T02:39:55.903Z] [DEBUG] Connected to MongoDB
[2025-06-24T02:39:56.333Z] [INFO] Found 1 company databases
[2025-06-24T02:39:56.334Z] [DEBUG] Processing company database: company_9jxwph8g
[2025-06-24T02:39:56.638Z] [DEBUG] Finding reports to execute in company_9jxwph8g (current time: 2025-06-24T02:39:56.638Z)
[2025-06-24T02:39:56.804Z] [INFO] Found 0 reports to execute in company_9jxwph8g
[2025-06-24T02:39:56.805Z] [INFO] Scheduled reports check completed
[2025-06-24T02:39:56.807Z] [DEBUG] MongoDB connection closed
[2025-06-24T02:40:23.858Z] [INFO] Checking for scheduled reports...
[2025-06-24T02:40:31.754Z] [DEBUG] Connected to MongoDB
[2025-06-24T02:40:31.896Z] [INFO] Found 1 company databases
[2025-06-24T02:40:31.897Z] [DEBUG] Processing company database: company_9jxwph8g
[2025-06-24T02:40:32.079Z] [DEBUG] Finding reports to execute in company_9jxwph8g (current time: 2025-06-24T02:40:32.079Z)
[2025-06-24T02:40:35.574Z] [INFO] Found 0 reports to execute in company_9jxwph8g
[2025-06-24T02:40:35.575Z] [INFO] Scheduled reports check completed
[2025-06-24T02:40:35.577Z] [DEBUG] MongoDB connection closed
[2025-06-24T02:40:53.858Z] [INFO] Checking for scheduled reports...
[2025-06-24T02:41:23.860Z] [INFO] Checking for scheduled reports...
[2025-06-24T02:41:23.882Z] [ERROR] Error in checkScheduledReports: queryTxt ETIMEOUT cluster0.nen0dzs.mongodb.net
[2025-06-24T02:41:23.883Z] [ERROR] Stack trace: Error: queryTxt ETIMEOUT cluster0.nen0dzs.mongodb.net
    at QueryReqWrap.onresolve [as oncomplete] (node:internal/dns/promises:294:17)
[2025-06-24T02:41:26.507Z] [DEBUG] Connected to MongoDB
[2025-06-24T02:41:26.941Z] [INFO] Found 1 company databases
[2025-06-24T02:41:26.942Z] [DEBUG] Processing company database: company_9jxwph8g
[2025-06-24T02:41:27.082Z] [DEBUG] Finding reports to execute in company_9jxwph8g (current time: 2025-06-24T02:41:27.082Z)
[2025-06-24T02:41:27.715Z] [INFO] Found 0 reports to execute in company_9jxwph8g
[2025-06-24T02:41:27.715Z] [INFO] Scheduled reports check completed
[2025-06-24T02:41:27.717Z] [DEBUG] MongoDB connection closed
[2025-06-24T02:41:53.861Z] [INFO] Checking for scheduled reports...
[2025-06-24T02:41:57.634Z] [DEBUG] Connected to MongoDB
[2025-06-24T02:41:57.749Z] [INFO] Found 1 company databases
[2025-06-24T02:41:57.750Z] [DEBUG] Processing company database: company_9jxwph8g
[2025-06-24T02:41:57.904Z] [DEBUG] Finding reports to execute in company_9jxwph8g (current time: 2025-06-24T02:41:57.904Z)
[2025-06-24T02:41:58.072Z] [INFO] Found 0 reports to execute in company_9jxwph8g
[2025-06-24T02:41:58.073Z] [INFO] Scheduled reports check completed
[2025-06-24T02:41:58.074Z] [DEBUG] MongoDB connection closed
[2025-06-24T02:42:23.862Z] [INFO] Checking for scheduled reports...
[2025-06-24T02:42:25.230Z] [DEBUG] Connected to MongoDB
[2025-06-24T02:42:25.362Z] [INFO] Found 1 company databases
[2025-06-24T02:42:25.363Z] [DEBUG] Processing company database: company_9jxwph8g
[2025-06-24T02:42:25.546Z] [DEBUG] Finding reports to execute in company_9jxwph8g (current time: 2025-06-24T02:42:25.546Z)
[2025-06-24T02:42:25.708Z] [INFO] Found 0 reports to execute in company_9jxwph8g
[2025-06-24T02:42:25.708Z] [INFO] Scheduled reports check completed
[2025-06-24T02:42:25.711Z] [DEBUG] MongoDB connection closed
[2025-06-24T02:42:53.862Z] [INFO] Checking for scheduled reports...
[2025-06-24T02:42:55.175Z] [DEBUG] Connected to MongoDB
[2025-06-24T02:42:55.285Z] [INFO] Found 1 company databases
[2025-06-24T02:42:55.285Z] [DEBUG] Processing company database: company_9jxwph8g
[2025-06-24T02:42:55.483Z] [DEBUG] Finding reports to execute in company_9jxwph8g (current time: 2025-06-24T02:42:55.483Z)
[2025-06-24T02:42:55.614Z] [INFO] Found 0 reports to execute in company_9jxwph8g
[2025-06-24T02:42:55.614Z] [INFO] Scheduled reports check completed
[2025-06-24T02:42:55.617Z] [DEBUG] MongoDB connection closed
[2025-06-24T02:43:23.864Z] [INFO] Checking for scheduled reports...
[2025-06-24T02:43:25.195Z] [DEBUG] Connected to MongoDB
[2025-06-24T02:43:25.669Z] [INFO] Found 1 company databases
[2025-06-24T02:43:25.670Z] [DEBUG] Processing company database: company_9jxwph8g
[2025-06-24T02:43:25.863Z] [DEBUG] Finding reports to execute in company_9jxwph8g (current time: 2025-06-24T02:43:25.863Z)
[2025-06-24T02:43:26.059Z] [INFO] Found 0 reports to execute in company_9jxwph8g
[2025-06-24T02:43:26.060Z] [INFO] Scheduled reports check completed
[2025-06-24T02:43:26.062Z] [DEBUG] MongoDB connection closed
[2025-06-24T02:43:53.864Z] [INFO] Checking for scheduled reports...
[2025-06-24T02:43:54.853Z] [DEBUG] Connected to MongoDB
[2025-06-24T02:43:55.126Z] [INFO] Found 1 company databases
[2025-06-24T02:43:55.126Z] [DEBUG] Processing company database: company_9jxwph8g
[2025-06-24T02:43:55.242Z] [DEBUG] Finding reports to execute in company_9jxwph8g (current time: 2025-06-24T02:43:55.242Z)
[2025-06-24T02:43:55.340Z] [INFO] Found 0 reports to execute in company_9jxwph8g
[2025-06-24T02:43:55.341Z] [INFO] Scheduled reports check completed
[2025-06-24T02:43:55.343Z] [DEBUG] MongoDB connection closed
[2025-06-24T02:44:23.864Z] [INFO] Checking for scheduled reports...
[2025-06-24T02:44:27.802Z] [DEBUG] Connected to MongoDB
[2025-06-24T02:44:27.909Z] [INFO] Found 1 company databases
[2025-06-24T02:44:27.910Z] [DEBUG] Processing company database: company_9jxwph8g
[2025-06-24T02:44:28.000Z] [DEBUG] Finding reports to execute in company_9jxwph8g (current time: 2025-06-24T02:44:28.000Z)
[2025-06-24T02:44:28.084Z] [INFO] Found 0 reports to execute in company_9jxwph8g
[2025-06-24T02:44:28.085Z] [INFO] Scheduled reports check completed
[2025-06-24T02:44:28.087Z] [DEBUG] MongoDB connection closed
[2025-06-24T02:44:53.864Z] [INFO] Checking for scheduled reports...
[2025-06-24T02:44:56.815Z] [DEBUG] Connected to MongoDB
[2025-06-24T02:44:57.282Z] [INFO] Found 1 company databases
[2025-06-24T02:44:57.283Z] [DEBUG] Processing company database: company_9jxwph8g
[2025-06-24T02:44:57.409Z] [DEBUG] Finding reports to execute in company_9jxwph8g (current time: 2025-06-24T02:44:57.409Z)
[2025-06-24T02:44:57.535Z] [INFO] Found 0 reports to execute in company_9jxwph8g
[2025-06-24T02:44:57.535Z] [INFO] Scheduled reports check completed
[2025-06-24T02:44:57.538Z] [DEBUG] MongoDB connection closed
[2025-06-24T02:45:23.866Z] [INFO] Checking for scheduled reports...
[2025-06-24T02:45:25.609Z] [DEBUG] Connected to MongoDB
[2025-06-24T02:45:25.772Z] [INFO] Found 1 company databases
[2025-06-24T02:45:25.772Z] [DEBUG] Processing company database: company_9jxwph8g
[2025-06-24T02:45:26.418Z] [DEBUG] Finding reports to execute in company_9jxwph8g (current time: 2025-06-24T02:45:26.418Z)
[2025-06-24T02:45:26.493Z] [INFO] Found 0 reports to execute in company_9jxwph8g
[2025-06-24T02:45:26.494Z] [INFO] Scheduled reports check completed
[2025-06-24T02:45:26.496Z] [DEBUG] MongoDB connection closed
[2025-06-24T02:45:53.866Z] [INFO] Checking for scheduled reports...
[2025-06-24T02:45:54.634Z] [DEBUG] Connected to MongoDB
[2025-06-24T02:45:54.737Z] [INFO] Found 1 company databases
[2025-06-24T02:45:54.738Z] [DEBUG] Processing company database: company_9jxwph8g
[2025-06-24T02:45:54.855Z] [DEBUG] Finding reports to execute in company_9jxwph8g (current time: 2025-06-24T02:45:54.855Z)
[2025-06-24T02:45:54.972Z] [INFO] Found 0 reports to execute in company_9jxwph8g
[2025-06-24T02:45:54.973Z] [INFO] Scheduled reports check completed
[2025-06-24T02:45:54.975Z] [DEBUG] MongoDB connection closed
[2025-06-24T02:46:23.868Z] [INFO] Checking for scheduled reports...
[2025-06-24T02:46:25.137Z] [DEBUG] Connected to MongoDB
[2025-06-24T02:46:25.237Z] [INFO] Found 1 company databases
[2025-06-24T02:46:25.237Z] [DEBUG] Processing company database: company_9jxwph8g
[2025-06-24T02:46:25.330Z] [DEBUG] Finding reports to execute in company_9jxwph8g (current time: 2025-06-24T02:46:25.330Z)
[2025-06-24T02:46:25.417Z] [INFO] Found 0 reports to execute in company_9jxwph8g
[2025-06-24T02:46:25.418Z] [INFO] Scheduled reports check completed
[2025-06-24T02:46:25.420Z] [DEBUG] MongoDB connection closed
[2025-06-24T02:46:53.870Z] [INFO] Checking for scheduled reports...
[2025-06-24T02:46:57.456Z] [DEBUG] Connected to MongoDB
[2025-06-24T02:46:57.555Z] [INFO] Found 1 company databases
[2025-06-24T02:46:57.555Z] [DEBUG] Processing company database: company_9jxwph8g
[2025-06-24T02:46:57.663Z] [DEBUG] Finding reports to execute in company_9jxwph8g (current time: 2025-06-24T02:46:57.663Z)
[2025-06-24T02:46:57.759Z] [INFO] Found 0 reports to execute in company_9jxwph8g
[2025-06-24T02:46:57.760Z] [INFO] Scheduled reports check completed
[2025-06-24T02:46:57.762Z] [DEBUG] MongoDB connection closed
[2025-06-24T02:47:23.870Z] [INFO] Checking for scheduled reports...
[2025-06-24T02:47:25.698Z] [DEBUG] Connected to MongoDB
[2025-06-24T02:47:25.800Z] [INFO] Found 1 company databases
[2025-06-24T02:47:25.800Z] [DEBUG] Processing company database: company_9jxwph8g
[2025-06-24T02:47:26.015Z] [DEBUG] Finding reports to execute in company_9jxwph8g (current time: 2025-06-24T02:47:26.014Z)
[2025-06-24T02:47:26.164Z] [INFO] Found 0 reports to execute in company_9jxwph8g
[2025-06-24T02:47:26.165Z] [INFO] Scheduled reports check completed
[2025-06-24T02:47:26.167Z] [DEBUG] MongoDB connection closed
[2025-06-24T02:47:53.871Z] [INFO] Checking for scheduled reports...
[2025-06-24T02:47:54.998Z] [DEBUG] Connected to MongoDB
[2025-06-24T02:47:55.103Z] [INFO] Found 1 company databases
[2025-06-24T02:47:55.103Z] [DEBUG] Processing company database: company_9jxwph8g
[2025-06-24T02:47:55.172Z] [DEBUG] Finding reports to execute in company_9jxwph8g (current time: 2025-06-24T02:47:55.172Z)
[2025-06-24T02:47:55.248Z] [INFO] Found 0 reports to execute in company_9jxwph8g
[2025-06-24T02:47:55.248Z] [INFO] Scheduled reports check completed
[2025-06-24T02:47:55.250Z] [DEBUG] MongoDB connection closed
[2025-06-24T02:48:23.873Z] [INFO] Checking for scheduled reports...
[2025-06-24T02:48:24.807Z] [DEBUG] Connected to MongoDB
[2025-06-24T02:48:24.900Z] [INFO] Found 1 company databases
[2025-06-24T02:48:24.900Z] [DEBUG] Processing company database: company_9jxwph8g
[2025-06-24T02:48:25.013Z] [DEBUG] Finding reports to execute in company_9jxwph8g (current time: 2025-06-24T02:48:25.013Z)
[2025-06-24T02:48:25.088Z] [INFO] Found 0 reports to execute in company_9jxwph8g
[2025-06-24T02:48:25.089Z] [INFO] Scheduled reports check completed
[2025-06-24T02:48:25.090Z] [DEBUG] MongoDB connection closed
[2025-06-24T02:48:53.874Z] [INFO] Checking for scheduled reports...
[2025-06-24T02:48:55.477Z] [DEBUG] Connected to MongoDB
[2025-06-24T02:48:55.692Z] [INFO] Found 1 company databases
[2025-06-24T02:48:55.693Z] [DEBUG] Processing company database: company_9jxwph8g
[2025-06-24T02:48:56.046Z] [DEBUG] Finding reports to execute in company_9jxwph8g (current time: 2025-06-24T02:48:56.046Z)
[2025-06-24T02:48:57.143Z] [INFO] Found 0 reports to execute in company_9jxwph8g
[2025-06-24T02:48:57.144Z] [INFO] Scheduled reports check completed
[2025-06-24T02:48:57.146Z] [DEBUG] MongoDB connection closed
[2025-06-24T02:49:23.874Z] [INFO] Checking for scheduled reports...
[2025-06-24T02:49:25.182Z] [DEBUG] Connected to MongoDB
[2025-06-24T02:49:25.390Z] [INFO] Found 1 company databases
[2025-06-24T02:49:25.390Z] [DEBUG] Processing company database: company_9jxwph8g
[2025-06-24T02:49:25.595Z] [DEBUG] Finding reports to execute in company_9jxwph8g (current time: 2025-06-24T02:49:25.595Z)
[2025-06-24T02:49:25.849Z] [INFO] Found 0 reports to execute in company_9jxwph8g
[2025-06-24T02:49:25.850Z] [INFO] Scheduled reports check completed
[2025-06-24T02:49:25.853Z] [DEBUG] MongoDB connection closed
[2025-06-24T02:49:53.875Z] [INFO] Checking for scheduled reports...
[2025-06-24T02:49:55.595Z] [DEBUG] Connected to MongoDB
[2025-06-24T02:49:55.923Z] [INFO] Found 1 company databases
[2025-06-24T02:49:55.924Z] [DEBUG] Processing company database: company_9jxwph8g
[2025-06-24T02:49:56.184Z] [DEBUG] Finding reports to execute in company_9jxwph8g (current time: 2025-06-24T02:49:56.184Z)
[2025-06-24T02:49:56.443Z] [INFO] Found 0 reports to execute in company_9jxwph8g
[2025-06-24T02:49:56.444Z] [INFO] Scheduled reports check completed
[2025-06-24T02:49:56.446Z] [DEBUG] MongoDB connection closed
[2025-06-24T02:50:23.875Z] [INFO] Checking for scheduled reports...
[2025-06-24T02:50:25.350Z] [DEBUG] Connected to MongoDB
[2025-06-24T02:50:25.471Z] [INFO] Found 1 company databases
[2025-06-24T02:50:25.472Z] [DEBUG] Processing company database: company_9jxwph8g
[2025-06-24T02:50:26.285Z] [DEBUG] Finding reports to execute in company_9jxwph8g (current time: 2025-06-24T02:50:26.285Z)
[2025-06-24T02:50:26.422Z] [INFO] Found 0 reports to execute in company_9jxwph8g
[2025-06-24T02:50:26.422Z] [INFO] Scheduled reports check completed
[2025-06-24T02:50:26.425Z] [DEBUG] MongoDB connection closed
[2025-06-24T02:50:53.875Z] [INFO] Checking for scheduled reports...
[2025-06-24T02:50:55.309Z] [DEBUG] Connected to MongoDB
[2025-06-24T02:50:55.395Z] [INFO] Found 1 company databases
[2025-06-24T02:50:55.396Z] [DEBUG] Processing company database: company_9jxwph8g
[2025-06-24T02:50:55.488Z] [DEBUG] Finding reports to execute in company_9jxwph8g (current time: 2025-06-24T02:50:55.488Z)
[2025-06-24T02:50:55.551Z] [INFO] Found 0 reports to execute in company_9jxwph8g
[2025-06-24T02:50:55.551Z] [INFO] Scheduled reports check completed
[2025-06-24T02:50:55.553Z] [DEBUG] MongoDB connection closed
[2025-06-24T02:51:23.876Z] [INFO] Checking for scheduled reports...
[2025-06-24T02:51:25.364Z] [DEBUG] Connected to MongoDB
[2025-06-24T02:51:25.476Z] [INFO] Found 1 company databases
[2025-06-24T02:51:25.477Z] [DEBUG] Processing company database: company_9jxwph8g
[2025-06-24T02:51:25.590Z] [DEBUG] Finding reports to execute in company_9jxwph8g (current time: 2025-06-24T02:51:25.590Z)
[2025-06-24T02:51:25.691Z] [INFO] Found 0 reports to execute in company_9jxwph8g
[2025-06-24T02:51:25.692Z] [INFO] Scheduled reports check completed
[2025-06-24T02:51:25.694Z] [DEBUG] MongoDB connection closed
[2025-06-24T02:51:53.877Z] [INFO] Checking for scheduled reports...
[2025-06-24T02:51:55.094Z] [DEBUG] Connected to MongoDB
[2025-06-24T02:51:55.232Z] [INFO] Found 1 company databases
[2025-06-24T02:51:55.233Z] [DEBUG] Processing company database: company_9jxwph8g
[2025-06-24T02:51:55.366Z] [DEBUG] Finding reports to execute in company_9jxwph8g (current time: 2025-06-24T02:51:55.366Z)
[2025-06-24T02:51:55.459Z] [INFO] Found 0 reports to execute in company_9jxwph8g
[2025-06-24T02:51:55.459Z] [INFO] Scheduled reports check completed
[2025-06-24T02:51:55.461Z] [DEBUG] MongoDB connection closed
[2025-06-24T02:52:23.877Z] [INFO] Checking for scheduled reports...
[2025-06-24T02:52:25.162Z] [DEBUG] Connected to MongoDB
[2025-06-24T02:52:25.287Z] [INFO] Found 1 company databases
[2025-06-24T02:52:25.287Z] [DEBUG] Processing company database: company_9jxwph8g
[2025-06-24T02:52:25.391Z] [DEBUG] Finding reports to execute in company_9jxwph8g (current time: 2025-06-24T02:52:25.391Z)
[2025-06-24T02:52:25.463Z] [INFO] Found 0 reports to execute in company_9jxwph8g
[2025-06-24T02:52:25.464Z] [INFO] Scheduled reports check completed
[2025-06-24T02:52:25.466Z] [DEBUG] MongoDB connection closed
[2025-06-24T02:52:53.878Z] [INFO] Checking for scheduled reports...
[2025-06-24T02:52:58.826Z] [DEBUG] Connected to MongoDB
[2025-06-24T02:52:58.980Z] [INFO] Found 1 company databases
[2025-06-24T02:52:58.980Z] [DEBUG] Processing company database: company_9jxwph8g
[2025-06-24T02:52:59.213Z] [DEBUG] Finding reports to execute in company_9jxwph8g (current time: 2025-06-24T02:52:59.213Z)
[2025-06-24T02:52:59.443Z] [INFO] Found 0 reports to execute in company_9jxwph8g
[2025-06-24T02:52:59.444Z] [INFO] Scheduled reports check completed
[2025-06-24T02:52:59.446Z] [DEBUG] MongoDB connection closed
[2025-06-24T02:53:23.878Z] [INFO] Checking for scheduled reports...
[2025-06-24T02:53:25.595Z] [DEBUG] Connected to MongoDB
[2025-06-24T02:53:25.717Z] [INFO] Found 1 company databases
[2025-06-24T02:53:25.718Z] [DEBUG] Processing company database: company_9jxwph8g
[2025-06-24T02:53:25.835Z] [DEBUG] Finding reports to execute in company_9jxwph8g (current time: 2025-06-24T02:53:25.835Z)
[2025-06-24T02:53:25.954Z] [INFO] Found 0 reports to execute in company_9jxwph8g
[2025-06-24T02:53:25.955Z] [INFO] Scheduled reports check completed
[2025-06-24T02:53:25.958Z] [DEBUG] MongoDB connection closed
[2025-06-24T02:53:53.878Z] [INFO] Checking for scheduled reports...
[2025-06-24T02:54:02.880Z] [DEBUG] Connected to MongoDB
[2025-06-24T02:54:03.185Z] [INFO] Found 1 company databases
[2025-06-24T02:54:03.185Z] [DEBUG] Processing company database: company_9jxwph8g
[2025-06-24T02:54:03.314Z] [DEBUG] Finding reports to execute in company_9jxwph8g (current time: 2025-06-24T02:54:03.314Z)
[2025-06-24T02:54:03.475Z] [INFO] Found 0 reports to execute in company_9jxwph8g
[2025-06-24T02:54:03.475Z] [INFO] Scheduled reports check completed
[2025-06-24T02:54:03.478Z] [DEBUG] MongoDB connection closed
[2025-06-24T02:54:23.878Z] [INFO] Checking for scheduled reports...
[2025-06-24T02:54:24.642Z] [DEBUG] Connected to MongoDB
[2025-06-24T02:54:24.722Z] [INFO] Found 1 company databases
[2025-06-24T02:54:24.722Z] [DEBUG] Processing company database: company_9jxwph8g
[2025-06-24T02:54:24.788Z] [DEBUG] Finding reports to execute in company_9jxwph8g (current time: 2025-06-24T02:54:24.788Z)
[2025-06-24T02:54:24.853Z] [INFO] Found 0 reports to execute in company_9jxwph8g
[2025-06-24T02:54:24.853Z] [INFO] Scheduled reports check completed
[2025-06-24T02:54:24.855Z] [DEBUG] MongoDB connection closed
[2025-06-24T02:54:53.880Z] [INFO] Checking for scheduled reports...
[2025-06-24T02:54:59.095Z] [DEBUG] Connected to MongoDB
[2025-06-24T02:54:59.870Z] [INFO] Found 1 company databases
[2025-06-24T02:54:59.871Z] [DEBUG] Processing company database: company_9jxwph8g
[2025-06-24T02:55:00.119Z] [DEBUG] Finding reports to execute in company_9jxwph8g (current time: 2025-06-24T02:55:00.119Z)
[2025-06-24T02:55:00.305Z] [INFO] Found 0 reports to execute in company_9jxwph8g
[2025-06-24T02:55:00.305Z] [INFO] Scheduled reports check completed
[2025-06-24T02:55:00.308Z] [DEBUG] MongoDB connection closed
[2025-06-24T02:55:23.880Z] [INFO] Checking for scheduled reports...
[2025-06-24T02:55:25.327Z] [DEBUG] Connected to MongoDB
[2025-06-24T02:55:25.819Z] [INFO] Found 1 company databases
[2025-06-24T02:55:25.820Z] [DEBUG] Processing company database: company_9jxwph8g
[2025-06-24T02:55:25.933Z] [DEBUG] Finding reports to execute in company_9jxwph8g (current time: 2025-06-24T02:55:25.933Z)
[2025-06-24T02:55:26.054Z] [INFO] Found 0 reports to execute in company_9jxwph8g
[2025-06-24T02:55:26.054Z] [INFO] Scheduled reports check completed
[2025-06-24T02:55:26.056Z] [DEBUG] MongoDB connection closed
[2025-06-24T02:55:53.881Z] [INFO] Checking for scheduled reports...
[2025-06-24T02:56:23.882Z] [INFO] Checking for scheduled reports...
[2025-06-24T02:56:53.883Z] [INFO] Checking for scheduled reports...
[2025-06-24T02:57:03.450Z] [ERROR] Error in checkScheduledReports: Socket 'secureConnect' timed out after 30003ms (connectTimeoutMS: 30000)
[2025-06-24T02:57:03.453Z] [ERROR] Stack trace: MongoNetworkTimeoutError: Socket 'secureConnect' timed out after 30003ms (connectTimeoutMS: 30000)
    at TLSSocket.<anonymous> (/Users/sim/Project2/node_modules/mongodb/lib/cmap/connect.js:287:20)
    at Object.onceWrapper (node:events:621:28)
    at TLSSocket.emit (node:events:507:28)
    at Socket._onTimeout (node:net:609:8)
    at listOnTimeout (node:internal/timers:608:17)
    at process.processTimers (node:internal/timers:543:7)
[2025-06-24T02:57:23.883Z] [INFO] Checking for scheduled reports...
[2025-06-24T02:57:26.616Z] [ERROR] Error in checkScheduledReports: Server selection timed out after 30000 ms
[2025-06-24T02:57:26.618Z] [ERROR] Stack trace: MongoServerSelectionError: Server selection timed out after 30000 ms
    at Topology.selectServer (/Users/sim/Project2/node_modules/mongodb/lib/sdam/topology.js:321:38)
    at async Topology._connect (/Users/sim/Project2/node_modules/mongodb/lib/sdam/topology.js:200:28)
    at async Topology.connect (/Users/sim/Project2/node_modules/mongodb/lib/sdam/topology.js:152:13)
    at async topologyConnect (/Users/sim/Project2/node_modules/mongodb/lib/mongo_client.js:233:17)
    at async MongoClient._connect (/Users/sim/Project2/node_modules/mongodb/lib/mongo_client.js:246:13)
    at async MongoClient.connect (/Users/sim/Project2/node_modules/mongodb/lib/mongo_client.js:171:13)
    at async MongoClient.connect (/Users/sim/Project2/node_modules/mongodb/lib/mongo_client.js:360:16)
    at async checkScheduledReports (/Users/sim/Project2/scripts/scheduled-reports-daemon.js:146:14)
    at async Timeout._onTimeout (/Users/sim/Project2/scripts/scheduled-reports-daemon.js:267:7)
[2025-06-24T02:57:37.474Z] [ERROR] Error in checkScheduledReports: Connection pool for ac-wz3pdz3-shard-00-02.nen0dzs.mongodb.net:27017 was cleared because another operation failed with: "connection <monitor> to 89.192.236.29:27017 timed out"
[2025-06-24T02:57:37.475Z] [ERROR] Stack trace: MongoPoolClearedError: Connection pool for ac-wz3pdz3-shard-00-02.nen0dzs.mongodb.net:27017 was cleared because another operation failed with: "connection <monitor> to 89.192.236.29:27017 timed out"
    at /Users/sim/Project2/node_modules/mongodb/lib/cmap/connection_pool.js:357:77
    at process.processTicksAndRejections (node:internal/process/task_queues:105:5)
[2025-06-24T02:57:53.883Z] [INFO] Checking for scheduled reports...
[2025-06-24T02:57:53.891Z] [ERROR] Error in checkScheduledReports: Server selection timed out after 30000 ms
[2025-06-24T02:57:53.892Z] [ERROR] Stack trace: MongoServerSelectionError: Server selection timed out after 30000 ms
    at Topology.selectServer (/Users/sim/Project2/node_modules/mongodb/lib/sdam/topology.js:321:38)
    at async Topology._connect (/Users/sim/Project2/node_modules/mongodb/lib/sdam/topology.js:200:28)
    at async Topology.connect (/Users/sim/Project2/node_modules/mongodb/lib/sdam/topology.js:152:13)
    at async topologyConnect (/Users/sim/Project2/node_modules/mongodb/lib/mongo_client.js:233:17)
    at async MongoClient._connect (/Users/sim/Project2/node_modules/mongodb/lib/mongo_client.js:246:13)
    at async MongoClient.connect (/Users/sim/Project2/node_modules/mongodb/lib/mongo_client.js:171:13)
    at async MongoClient.connect (/Users/sim/Project2/node_modules/mongodb/lib/mongo_client.js:360:16)
    at async checkScheduledReports (/Users/sim/Project2/scripts/scheduled-reports-daemon.js:146:14)
    at async Timeout._onTimeout (/Users/sim/Project2/scripts/scheduled-reports-daemon.js:267:7)
[2025-06-24T02:58:23.884Z] [INFO] Checking for scheduled reports...
[2025-06-24T02:58:23.892Z] [ERROR] Error in checkScheduledReports: Server selection timed out after 30000 ms
[2025-06-24T02:58:23.892Z] [ERROR] Stack trace: MongoServerSelectionError: Server selection timed out after 30000 ms
    at Topology.selectServer (/Users/sim/Project2/node_modules/mongodb/lib/sdam/topology.js:321:38)
    at async Topology._connect (/Users/sim/Project2/node_modules/mongodb/lib/sdam/topology.js:200:28)
    at async Topology.connect (/Users/sim/Project2/node_modules/mongodb/lib/sdam/topology.js:152:13)
    at async topologyConnect (/Users/sim/Project2/node_modules/mongodb/lib/mongo_client.js:233:17)
    at async MongoClient._connect (/Users/sim/Project2/node_modules/mongodb/lib/mongo_client.js:246:13)
    at async MongoClient.connect (/Users/sim/Project2/node_modules/mongodb/lib/mongo_client.js:171:13)
    at async MongoClient.connect (/Users/sim/Project2/node_modules/mongodb/lib/mongo_client.js:360:16)
    at async checkScheduledReports (/Users/sim/Project2/scripts/scheduled-reports-daemon.js:146:14)
    at async Timeout._onTimeout (/Users/sim/Project2/scripts/scheduled-reports-daemon.js:267:7)
[2025-06-24T02:58:31.743Z] [DEBUG] Connected to MongoDB
[2025-06-24T02:58:31.929Z] [INFO] Found 1 company databases
[2025-06-24T02:58:31.930Z] [DEBUG] Processing company database: company_9jxwph8g
[2025-06-24T02:58:32.197Z] [DEBUG] Finding reports to execute in company_9jxwph8g (current time: 2025-06-24T02:58:32.197Z)
[2025-06-24T02:58:32.359Z] [INFO] Found 0 reports to execute in company_9jxwph8g
[2025-06-24T02:58:32.360Z] [INFO] Scheduled reports check completed
[2025-06-24T02:58:32.362Z] [DEBUG] MongoDB connection closed
[2025-06-24T02:58:53.885Z] [INFO] Checking for scheduled reports...
[2025-06-24T02:58:56.945Z] [DEBUG] Connected to MongoDB
[2025-06-24T02:58:57.153Z] [INFO] Found 1 company databases
[2025-06-24T02:58:57.154Z] [DEBUG] Processing company database: company_9jxwph8g
[2025-06-24T02:58:57.300Z] [DEBUG] Finding reports to execute in company_9jxwph8g (current time: 2025-06-24T02:58:57.300Z)
[2025-06-24T02:58:57.443Z] [INFO] Found 0 reports to execute in company_9jxwph8g
[2025-06-24T02:58:57.444Z] [INFO] Scheduled reports check completed
[2025-06-24T02:58:57.448Z] [DEBUG] MongoDB connection closed
[2025-06-24T02:59:23.885Z] [INFO] Checking for scheduled reports...
[2025-06-24T02:59:53.886Z] [INFO] Checking for scheduled reports...
[2025-06-24T02:59:53.896Z] [ERROR] Error in checkScheduledReports: Socket 'secureConnect' timed out after 30004ms (connectTimeoutMS: 30000)
[2025-06-24T02:59:53.896Z] [ERROR] Stack trace: MongoServerSelectionError: Socket 'secureConnect' timed out after 30004ms (connectTimeoutMS: 30000)
    at Topology.selectServer (/Users/sim/Project2/node_modules/mongodb/lib/sdam/topology.js:321:38)
    at async Topology._connect (/Users/sim/Project2/node_modules/mongodb/lib/sdam/topology.js:200:28)
    at async Topology.connect (/Users/sim/Project2/node_modules/mongodb/lib/sdam/topology.js:152:13)
    at async topologyConnect (/Users/sim/Project2/node_modules/mongodb/lib/mongo_client.js:233:17)
    at async MongoClient._connect (/Users/sim/Project2/node_modules/mongodb/lib/mongo_client.js:246:13)
    at async MongoClient.connect (/Users/sim/Project2/node_modules/mongodb/lib/mongo_client.js:171:13)
    at async MongoClient.connect (/Users/sim/Project2/node_modules/mongodb/lib/mongo_client.js:360:16)
    at async checkScheduledReports (/Users/sim/Project2/scripts/scheduled-reports-daemon.js:146:14)
    at async Timeout._onTimeout (/Users/sim/Project2/scripts/scheduled-reports-daemon.js:267:7)
[2025-06-24T03:00:09.546Z] [DEBUG] Connected to MongoDB
[2025-06-24T03:00:11.321Z] [INFO] Found 1 company databases
[2025-06-24T03:00:11.322Z] [DEBUG] Processing company database: company_9jxwph8g
[2025-06-24T03:00:11.508Z] [DEBUG] Finding reports to execute in company_9jxwph8g (current time: 2025-06-24T03:00:11.508Z)
[2025-06-24T03:00:11.799Z] [INFO] Found 0 reports to execute in company_9jxwph8g
[2025-06-24T03:00:11.799Z] [INFO] Scheduled reports check completed
[2025-06-24T03:00:11.802Z] [DEBUG] MongoDB connection closed
[2025-06-24T03:00:23.886Z] [INFO] Checking for scheduled reports...
[2025-06-24T03:00:29.693Z] [DEBUG] Connected to MongoDB
[2025-06-24T03:00:29.807Z] [INFO] Found 1 company databases
[2025-06-24T03:00:29.807Z] [DEBUG] Processing company database: company_9jxwph8g
[2025-06-24T03:00:29.909Z] [DEBUG] Finding reports to execute in company_9jxwph8g (current time: 2025-06-24T03:00:29.909Z)
[2025-06-24T03:00:30.001Z] [INFO] Found 0 reports to execute in company_9jxwph8g
[2025-06-24T03:00:30.002Z] [INFO] Scheduled reports check completed
[2025-06-24T03:00:30.005Z] [DEBUG] MongoDB connection closed
[2025-06-24T03:00:53.886Z] [INFO] Checking for scheduled reports...
[2025-06-24T03:00:54.468Z] [DEBUG] Connected to MongoDB
[2025-06-24T03:00:54.536Z] [INFO] Found 1 company databases
[2025-06-24T03:00:54.536Z] [DEBUG] Processing company database: company_9jxwph8g
[2025-06-24T03:00:54.592Z] [DEBUG] Finding reports to execute in company_9jxwph8g (current time: 2025-06-24T03:00:54.592Z)
[2025-06-24T03:00:54.648Z] [INFO] Found 0 reports to execute in company_9jxwph8g
[2025-06-24T03:00:54.649Z] [INFO] Scheduled reports check completed
[2025-06-24T03:00:54.651Z] [DEBUG] MongoDB connection closed
[2025-06-24T03:01:23.886Z] [INFO] Checking for scheduled reports...
[2025-06-24T03:01:24.703Z] [DEBUG] Connected to MongoDB
[2025-06-24T03:01:24.772Z] [INFO] Found 1 company databases
[2025-06-24T03:01:24.773Z] [DEBUG] Processing company database: company_9jxwph8g
[2025-06-24T03:01:24.837Z] [DEBUG] Finding reports to execute in company_9jxwph8g (current time: 2025-06-24T03:01:24.837Z)
[2025-06-24T03:01:24.895Z] [INFO] Found 0 reports to execute in company_9jxwph8g
[2025-06-24T03:01:24.895Z] [INFO] Scheduled reports check completed
[2025-06-24T03:01:24.898Z] [DEBUG] MongoDB connection closed
[2025-06-24T03:01:53.886Z] [INFO] Checking for scheduled reports...
[2025-06-24T03:01:54.519Z] [DEBUG] Connected to MongoDB
[2025-06-24T03:01:54.586Z] [INFO] Found 1 company databases
[2025-06-24T03:01:54.587Z] [DEBUG] Processing company database: company_9jxwph8g
[2025-06-24T03:01:54.646Z] [DEBUG] Finding reports to execute in company_9jxwph8g (current time: 2025-06-24T03:01:54.646Z)
[2025-06-24T03:01:54.707Z] [INFO] Found 0 reports to execute in company_9jxwph8g
[2025-06-24T03:01:54.708Z] [INFO] Scheduled reports check completed
[2025-06-24T03:01:54.708Z] [DEBUG] MongoDB connection closed
[2025-06-24T03:02:23.886Z] [INFO] Checking for scheduled reports...
[2025-06-24T03:02:24.538Z] [DEBUG] Connected to MongoDB
[2025-06-24T03:02:24.607Z] [INFO] Found 1 company databases
[2025-06-24T03:02:24.608Z] [DEBUG] Processing company database: company_9jxwph8g
[2025-06-24T03:02:24.669Z] [DEBUG] Finding reports to execute in company_9jxwph8g (current time: 2025-06-24T03:02:24.669Z)
[2025-06-24T03:02:24.728Z] [INFO] Found 0 reports to execute in company_9jxwph8g
[2025-06-24T03:02:24.729Z] [INFO] Scheduled reports check completed
[2025-06-24T03:02:24.731Z] [DEBUG] MongoDB connection closed
[2025-06-24T03:02:53.888Z] [INFO] Checking for scheduled reports...
[2025-06-24T03:02:54.676Z] [DEBUG] Connected to MongoDB
[2025-06-24T03:02:54.745Z] [INFO] Found 1 company databases
[2025-06-24T03:02:54.745Z] [DEBUG] Processing company database: company_9jxwph8g
[2025-06-24T03:02:54.805Z] [DEBUG] Finding reports to execute in company_9jxwph8g (current time: 2025-06-24T03:02:54.805Z)
[2025-06-24T03:02:54.863Z] [INFO] Found 0 reports to execute in company_9jxwph8g
[2025-06-24T03:02:54.864Z] [INFO] Scheduled reports check completed
[2025-06-24T03:02:54.866Z] [DEBUG] MongoDB connection closed
[2025-06-24T03:03:23.888Z] [INFO] Checking for scheduled reports...
[2025-06-24T03:03:24.592Z] [DEBUG] Connected to MongoDB
[2025-06-24T03:03:24.665Z] [INFO] Found 1 company databases
[2025-06-24T03:03:24.665Z] [DEBUG] Processing company database: company_9jxwph8g
[2025-06-24T03:03:24.725Z] [DEBUG] Finding reports to execute in company_9jxwph8g (current time: 2025-06-24T03:03:24.725Z)
[2025-06-24T03:03:24.783Z] [INFO] Found 0 reports to execute in company_9jxwph8g
[2025-06-24T03:03:24.783Z] [INFO] Scheduled reports check completed
[2025-06-24T03:03:24.785Z] [DEBUG] MongoDB connection closed
[2025-06-24T03:03:53.889Z] [INFO] Checking for scheduled reports...
[2025-06-24T03:03:54.583Z] [DEBUG] Connected to MongoDB
[2025-06-24T03:03:54.653Z] [INFO] Found 1 company databases
[2025-06-24T03:03:54.654Z] [DEBUG] Processing company database: company_9jxwph8g
[2025-06-24T03:03:54.715Z] [DEBUG] Finding reports to execute in company_9jxwph8g (current time: 2025-06-24T03:03:54.715Z)
[2025-06-24T03:03:54.795Z] [INFO] Found 0 reports to execute in company_9jxwph8g
[2025-06-24T03:03:54.795Z] [INFO] Scheduled reports check completed
[2025-06-24T03:03:54.797Z] [DEBUG] MongoDB connection closed
[2025-06-24T03:04:23.890Z] [INFO] Checking for scheduled reports...
[2025-06-24T03:04:24.776Z] [DEBUG] Connected to MongoDB
[2025-06-24T03:04:24.845Z] [INFO] Found 1 company databases
[2025-06-24T03:04:24.846Z] [DEBUG] Processing company database: company_9jxwph8g
[2025-06-24T03:04:24.911Z] [DEBUG] Finding reports to execute in company_9jxwph8g (current time: 2025-06-24T03:04:24.911Z)
[2025-06-24T03:04:24.981Z] [INFO] Found 0 reports to execute in company_9jxwph8g
[2025-06-24T03:04:24.981Z] [INFO] Scheduled reports check completed
[2025-06-24T03:04:24.984Z] [DEBUG] MongoDB connection closed
[2025-06-24T03:04:53.892Z] [INFO] Checking for scheduled reports...
[2025-06-24T03:04:54.550Z] [DEBUG] Connected to MongoDB
[2025-06-24T03:04:54.618Z] [INFO] Found 1 company databases
[2025-06-24T03:04:54.619Z] [DEBUG] Processing company database: company_9jxwph8g
[2025-06-24T03:04:54.680Z] [DEBUG] Finding reports to execute in company_9jxwph8g (current time: 2025-06-24T03:04:54.680Z)
[2025-06-24T03:04:54.746Z] [INFO] Found 0 reports to execute in company_9jxwph8g
[2025-06-24T03:04:54.747Z] [INFO] Scheduled reports check completed
[2025-06-24T03:04:54.749Z] [DEBUG] MongoDB connection closed
[2025-06-24T03:05:23.893Z] [INFO] Checking for scheduled reports...
[2025-06-24T03:05:24.589Z] [DEBUG] Connected to MongoDB
[2025-06-24T03:05:24.657Z] [INFO] Found 1 company databases
[2025-06-24T03:05:24.658Z] [DEBUG] Processing company database: company_9jxwph8g
[2025-06-24T03:05:24.747Z] [DEBUG] Finding reports to execute in company_9jxwph8g (current time: 2025-06-24T03:05:24.747Z)
[2025-06-24T03:05:24.818Z] [INFO] Found 0 reports to execute in company_9jxwph8g
[2025-06-24T03:05:24.819Z] [INFO] Scheduled reports check completed
[2025-06-24T03:05:24.821Z] [DEBUG] MongoDB connection closed
[2025-06-24T03:05:53.894Z] [INFO] Checking for scheduled reports...
[2025-06-24T03:05:54.645Z] [DEBUG] Connected to MongoDB
[2025-06-24T03:05:54.719Z] [INFO] Found 1 company databases
[2025-06-24T03:05:54.719Z] [DEBUG] Processing company database: company_9jxwph8g
[2025-06-24T03:05:54.779Z] [DEBUG] Finding reports to execute in company_9jxwph8g (current time: 2025-06-24T03:05:54.779Z)
[2025-06-24T03:05:54.846Z] [INFO] Found 0 reports to execute in company_9jxwph8g
[2025-06-24T03:05:54.847Z] [INFO] Scheduled reports check completed
[2025-06-24T03:05:54.849Z] [DEBUG] MongoDB connection closed
[2025-06-24T03:06:23.895Z] [INFO] Checking for scheduled reports...
[2025-06-24T03:06:24.544Z] [DEBUG] Connected to MongoDB
[2025-06-24T03:06:24.611Z] [INFO] Found 1 company databases
[2025-06-24T03:06:24.611Z] [DEBUG] Processing company database: company_9jxwph8g
[2025-06-24T03:06:24.670Z] [DEBUG] Finding reports to execute in company_9jxwph8g (current time: 2025-06-24T03:06:24.670Z)
[2025-06-24T03:06:24.726Z] [INFO] Found 0 reports to execute in company_9jxwph8g
[2025-06-24T03:06:24.727Z] [INFO] Scheduled reports check completed
[2025-06-24T03:06:24.728Z] [DEBUG] MongoDB connection closed
[2025-06-24T03:06:53.895Z] [INFO] Checking for scheduled reports...
[2025-06-24T03:06:54.740Z] [DEBUG] Connected to MongoDB
[2025-06-24T03:06:54.809Z] [INFO] Found 1 company databases
[2025-06-24T03:06:54.810Z] [DEBUG] Processing company database: company_9jxwph8g
[2025-06-24T03:06:54.868Z] [DEBUG] Finding reports to execute in company_9jxwph8g (current time: 2025-06-24T03:06:54.868Z)
[2025-06-24T03:06:54.925Z] [INFO] Found 0 reports to execute in company_9jxwph8g
[2025-06-24T03:06:54.926Z] [INFO] Scheduled reports check completed
[2025-06-24T03:06:54.928Z] [DEBUG] MongoDB connection closed
[2025-06-24T03:07:23.896Z] [INFO] Checking for scheduled reports...
[2025-06-24T03:07:24.698Z] [DEBUG] Connected to MongoDB
[2025-06-24T03:07:24.793Z] [INFO] Found 1 company databases
[2025-06-24T03:07:24.794Z] [DEBUG] Processing company database: company_9jxwph8g
[2025-06-24T03:07:24.853Z] [DEBUG] Finding reports to execute in company_9jxwph8g (current time: 2025-06-24T03:07:24.853Z)
[2025-06-24T03:07:24.917Z] [INFO] Found 0 reports to execute in company_9jxwph8g
[2025-06-24T03:07:24.917Z] [INFO] Scheduled reports check completed
[2025-06-24T03:07:24.919Z] [DEBUG] MongoDB connection closed
[2025-06-24T03:07:37.340Z] [INFO] Starting scheduled reports daemon with check interval of 30000ms
[2025-06-24T03:07:37.342Z] [INFO] Checking for scheduled reports...
[2025-06-24T03:07:38.144Z] [DEBUG] Connected to MongoDB
[2025-06-24T03:07:38.235Z] [INFO] Found 1 company databases
[2025-06-24T03:07:38.235Z] [DEBUG] Processing company database: company_9jxwph8g
[2025-06-24T03:07:38.313Z] [DEBUG] Finding reports to execute in company_9jxwph8g (current time: 2025-06-24T03:07:38.313Z)
[2025-06-24T03:07:38.373Z] [INFO] Found 0 reports to execute in company_9jxwph8g
[2025-06-24T03:07:38.374Z] [INFO] Scheduled reports check completed
[2025-06-24T03:07:38.380Z] [DEBUG] MongoDB connection closed
[2025-06-24T03:07:38.380Z] [INFO] Daemon is now running continuously...
[2025-06-24T03:07:53.897Z] [INFO] Checking for scheduled reports...
[2025-06-24T03:07:54.727Z] [DEBUG] Connected to MongoDB
[2025-06-24T03:07:54.812Z] [INFO] Found 1 company databases
[2025-06-24T03:07:54.812Z] [DEBUG] Processing company database: company_9jxwph8g
[2025-06-24T03:07:54.945Z] [DEBUG] Finding reports to execute in company_9jxwph8g (current time: 2025-06-24T03:07:54.945Z)
[2025-06-24T03:07:55.011Z] [INFO] Found 0 reports to execute in company_9jxwph8g
[2025-06-24T03:07:55.012Z] [INFO] Scheduled reports check completed
[2025-06-24T03:07:55.014Z] [DEBUG] MongoDB connection closed
[2025-06-24T03:08:08.381Z] [INFO] Checking for scheduled reports...
[2025-06-24T03:08:09.154Z] [DEBUG] Connected to MongoDB
[2025-06-24T03:08:09.234Z] [INFO] Found 1 company databases
[2025-06-24T03:08:09.235Z] [DEBUG] Processing company database: company_9jxwph8g
[2025-06-24T03:08:09.323Z] [DEBUG] Finding reports to execute in company_9jxwph8g (current time: 2025-06-24T03:08:09.323Z)
[2025-06-24T03:08:10.075Z] [INFO] Found 0 reports to execute in company_9jxwph8g
[2025-06-24T03:08:10.076Z] [INFO] Scheduled reports check completed
[2025-06-24T03:08:10.081Z] [DEBUG] MongoDB connection closed
[2025-06-24T03:08:23.898Z] [INFO] Checking for scheduled reports...
[2025-06-24T03:08:24.617Z] [DEBUG] Connected to MongoDB
[2025-06-24T03:08:24.715Z] [INFO] Found 1 company databases
[2025-06-24T03:08:24.716Z] [DEBUG] Processing company database: company_9jxwph8g
[2025-06-24T03:08:24.791Z] [DEBUG] Finding reports to execute in company_9jxwph8g (current time: 2025-06-24T03:08:24.791Z)
[2025-06-24T03:08:24.849Z] [INFO] Found 0 reports to execute in company_9jxwph8g
[2025-06-24T03:08:24.849Z] [INFO] Scheduled reports check completed
[2025-06-24T03:08:24.851Z] [DEBUG] MongoDB connection closed
[2025-06-24T03:08:38.382Z] [INFO] Checking for scheduled reports...
[2025-06-24T03:08:39.139Z] [DEBUG] Connected to MongoDB
[2025-06-24T03:08:39.212Z] [INFO] Found 1 company databases
[2025-06-24T03:08:39.213Z] [DEBUG] Processing company database: company_9jxwph8g
[2025-06-24T03:08:39.271Z] [DEBUG] Finding reports to execute in company_9jxwph8g (current time: 2025-06-24T03:08:39.271Z)
[2025-06-24T03:08:39.330Z] [INFO] Found 0 reports to execute in company_9jxwph8g
[2025-06-24T03:08:39.331Z] [INFO] Scheduled reports check completed
[2025-06-24T03:08:39.336Z] [DEBUG] MongoDB connection closed
[2025-06-24T03:08:53.899Z] [INFO] Checking for scheduled reports...
[2025-06-24T03:08:54.665Z] [DEBUG] Connected to MongoDB
[2025-06-24T03:08:54.735Z] [INFO] Found 1 company databases
[2025-06-24T03:08:54.735Z] [DEBUG] Processing company database: company_9jxwph8g
[2025-06-24T03:08:54.802Z] [DEBUG] Finding reports to execute in company_9jxwph8g (current time: 2025-06-24T03:08:54.801Z)
[2025-06-24T03:08:54.858Z] [INFO] Found 0 reports to execute in company_9jxwph8g
[2025-06-24T03:08:54.859Z] [INFO] Scheduled reports check completed
[2025-06-24T03:08:54.861Z] [DEBUG] MongoDB connection closed
[2025-06-24T03:09:08.382Z] [INFO] Checking for scheduled reports...
[2025-06-24T03:09:09.023Z] [DEBUG] Connected to MongoDB
[2025-06-24T03:09:09.094Z] [INFO] Found 1 company databases
[2025-06-24T03:09:09.094Z] [DEBUG] Processing company database: company_9jxwph8g
[2025-06-24T03:09:09.159Z] [DEBUG] Finding reports to execute in company_9jxwph8g (current time: 2025-06-24T03:09:09.159Z)
[2025-06-24T03:09:09.219Z] [INFO] Found 0 reports to execute in company_9jxwph8g
[2025-06-24T03:09:09.220Z] [INFO] Scheduled reports check completed
[2025-06-24T03:09:09.223Z] [DEBUG] MongoDB connection closed
[2025-06-24T03:09:23.900Z] [INFO] Checking for scheduled reports...
[2025-06-24T03:09:24.550Z] [DEBUG] Connected to MongoDB
[2025-06-24T03:09:24.623Z] [INFO] Found 1 company databases
[2025-06-24T03:09:24.624Z] [DEBUG] Processing company database: company_9jxwph8g
[2025-06-24T03:09:24.685Z] [DEBUG] Finding reports to execute in company_9jxwph8g (current time: 2025-06-24T03:09:24.685Z)
[2025-06-24T03:09:24.745Z] [INFO] Found 0 reports to execute in company_9jxwph8g
[2025-06-24T03:09:24.746Z] [INFO] Scheduled reports check completed
[2025-06-24T03:09:24.750Z] [DEBUG] MongoDB connection closed
[2025-06-24T03:09:38.383Z] [INFO] Checking for scheduled reports...
[2025-06-24T03:09:39.550Z] [DEBUG] Connected to MongoDB
[2025-06-24T03:09:39.642Z] [INFO] Found 1 company databases
[2025-06-24T03:09:39.642Z] [DEBUG] Processing company database: company_9jxwph8g
[2025-06-24T03:09:39.703Z] [DEBUG] Finding reports to execute in company_9jxwph8g (current time: 2025-06-24T03:09:39.703Z)
[2025-06-24T03:09:39.768Z] [INFO] Found 0 reports to execute in company_9jxwph8g
[2025-06-24T03:09:39.768Z] [INFO] Scheduled reports check completed
[2025-06-24T03:09:39.772Z] [DEBUG] MongoDB connection closed
[2025-06-24T03:09:53.900Z] [INFO] Checking for scheduled reports...
[2025-06-24T03:09:54.723Z] [DEBUG] Connected to MongoDB
[2025-06-24T03:09:54.811Z] [INFO] Found 1 company databases
[2025-06-24T03:09:54.811Z] [DEBUG] Processing company database: company_9jxwph8g
[2025-06-24T03:09:55.070Z] [DEBUG] Finding reports to execute in company_9jxwph8g (current time: 2025-06-24T03:09:55.070Z)
[2025-06-24T03:09:55.127Z] [INFO] Found 0 reports to execute in company_9jxwph8g
[2025-06-24T03:09:55.128Z] [INFO] Scheduled reports check completed
[2025-06-24T03:09:55.129Z] [DEBUG] MongoDB connection closed
[2025-06-24T03:10:08.384Z] [INFO] Checking for scheduled reports...
[2025-06-24T03:10:09.018Z] [DEBUG] Connected to MongoDB
[2025-06-24T03:10:09.090Z] [INFO] Found 1 company databases
[2025-06-24T03:10:09.090Z] [DEBUG] Processing company database: company_9jxwph8g
[2025-06-24T03:10:09.165Z] [DEBUG] Finding reports to execute in company_9jxwph8g (current time: 2025-06-24T03:10:09.165Z)
[2025-06-24T03:10:09.232Z] [INFO] Found 0 reports to execute in company_9jxwph8g
[2025-06-24T03:10:09.233Z] [INFO] Scheduled reports check completed
[2025-06-24T03:10:09.236Z] [DEBUG] MongoDB connection closed
[2025-06-24T03:10:23.901Z] [INFO] Checking for scheduled reports...
[2025-06-24T03:10:24.753Z] [DEBUG] Connected to MongoDB
[2025-06-24T03:10:24.850Z] [INFO] Found 1 company databases
[2025-06-24T03:10:24.850Z] [DEBUG] Processing company database: company_9jxwph8g
[2025-06-24T03:10:24.925Z] [DEBUG] Finding reports to execute in company_9jxwph8g (current time: 2025-06-24T03:10:24.925Z)
[2025-06-24T03:10:24.983Z] [INFO] Found 0 reports to execute in company_9jxwph8g
[2025-06-24T03:10:24.984Z] [INFO] Scheduled reports check completed
[2025-06-24T03:10:24.986Z] [DEBUG] MongoDB connection closed
[2025-06-24T03:10:38.385Z] [INFO] Checking for scheduled reports...
[2025-06-24T03:10:39.160Z] [DEBUG] Connected to MongoDB
[2025-06-24T03:10:39.232Z] [INFO] Found 1 company databases
[2025-06-24T03:10:39.232Z] [DEBUG] Processing company database: company_9jxwph8g
[2025-06-24T03:10:39.296Z] [DEBUG] Finding reports to execute in company_9jxwph8g (current time: 2025-06-24T03:10:39.296Z)
[2025-06-24T03:10:39.354Z] [INFO] Found 0 reports to execute in company_9jxwph8g
[2025-06-24T03:10:39.355Z] [INFO] Scheduled reports check completed
[2025-06-24T03:10:39.359Z] [DEBUG] MongoDB connection closed
[2025-06-24T03:10:53.901Z] [INFO] Checking for scheduled reports...
[2025-06-24T03:10:54.568Z] [DEBUG] Connected to MongoDB
[2025-06-24T03:10:54.637Z] [INFO] Found 1 company databases
[2025-06-24T03:10:54.637Z] [DEBUG] Processing company database: company_9jxwph8g
[2025-06-24T03:10:54.702Z] [DEBUG] Finding reports to execute in company_9jxwph8g (current time: 2025-06-24T03:10:54.702Z)
[2025-06-24T03:10:54.759Z] [INFO] Found 0 reports to execute in company_9jxwph8g
[2025-06-24T03:10:54.760Z] [INFO] Scheduled reports check completed
[2025-06-24T03:10:54.762Z] [DEBUG] MongoDB connection closed
[2025-06-24T03:11:08.385Z] [INFO] Checking for scheduled reports...
[2025-06-24T03:11:09.041Z] [DEBUG] Connected to MongoDB
[2025-06-24T03:11:09.115Z] [INFO] Found 1 company databases
[2025-06-24T03:11:09.115Z] [DEBUG] Processing company database: company_9jxwph8g
[2025-06-24T03:11:09.174Z] [DEBUG] Finding reports to execute in company_9jxwph8g (current time: 2025-06-24T03:11:09.174Z)
[2025-06-24T03:11:09.234Z] [INFO] Found 0 reports to execute in company_9jxwph8g
[2025-06-24T03:11:09.235Z] [INFO] Scheduled reports check completed
[2025-06-24T03:11:09.238Z] [DEBUG] MongoDB connection closed
[2025-06-24T03:11:23.902Z] [INFO] Checking for scheduled reports...
[2025-06-24T03:11:24.586Z] [DEBUG] Connected to MongoDB
[2025-06-24T03:11:24.659Z] [INFO] Found 1 company databases
[2025-06-24T03:11:24.659Z] [DEBUG] Processing company database: company_9jxwph8g
[2025-06-24T03:11:24.726Z] [DEBUG] Finding reports to execute in company_9jxwph8g (current time: 2025-06-24T03:11:24.726Z)
[2025-06-24T03:11:24.784Z] [INFO] Found 0 reports to execute in company_9jxwph8g
[2025-06-24T03:11:24.785Z] [INFO] Scheduled reports check completed
[2025-06-24T03:11:24.786Z] [DEBUG] MongoDB connection closed
[2025-06-24T03:11:38.386Z] [INFO] Checking for scheduled reports...
[2025-06-24T03:11:39.181Z] [DEBUG] Connected to MongoDB
[2025-06-24T03:11:39.260Z] [INFO] Found 1 company databases
[2025-06-24T03:11:39.261Z] [DEBUG] Processing company database: company_9jxwph8g
[2025-06-24T03:11:39.337Z] [DEBUG] Finding reports to execute in company_9jxwph8g (current time: 2025-06-24T03:11:39.337Z)
[2025-06-24T03:11:39.395Z] [INFO] Found 0 reports to execute in company_9jxwph8g
[2025-06-24T03:11:39.396Z] [INFO] Scheduled reports check completed
[2025-06-24T03:11:39.400Z] [DEBUG] MongoDB connection closed
[2025-06-24T03:11:53.904Z] [INFO] Checking for scheduled reports...
[2025-06-24T03:11:54.744Z] [DEBUG] Connected to MongoDB
[2025-06-24T03:11:54.821Z] [INFO] Found 1 company databases
[2025-06-24T03:11:54.821Z] [DEBUG] Processing company database: company_9jxwph8g
[2025-06-24T03:11:54.881Z] [DEBUG] Finding reports to execute in company_9jxwph8g (current time: 2025-06-24T03:11:54.881Z)
[2025-06-24T03:11:54.943Z] [INFO] Found 0 reports to execute in company_9jxwph8g
[2025-06-24T03:11:54.943Z] [INFO] Scheduled reports check completed
[2025-06-24T03:11:54.945Z] [DEBUG] MongoDB connection closed
[2025-06-24T03:12:08.387Z] [INFO] Checking for scheduled reports...
[2025-06-24T03:12:09.071Z] [DEBUG] Connected to MongoDB
[2025-06-24T03:12:09.142Z] [INFO] Found 1 company databases
[2025-06-24T03:12:09.142Z] [DEBUG] Processing company database: company_9jxwph8g
[2025-06-24T03:12:09.199Z] [DEBUG] Finding reports to execute in company_9jxwph8g (current time: 2025-06-24T03:12:09.199Z)
[2025-06-24T03:12:09.265Z] [INFO] Found 0 reports to execute in company_9jxwph8g
[2025-06-24T03:12:09.266Z] [INFO] Scheduled reports check completed
[2025-06-24T03:12:09.268Z] [DEBUG] MongoDB connection closed
[2025-06-24T03:12:23.904Z] [INFO] Checking for scheduled reports...
[2025-06-24T03:12:24.539Z] [DEBUG] Connected to MongoDB
[2025-06-24T03:12:24.608Z] [INFO] Found 1 company databases
[2025-06-24T03:12:24.608Z] [DEBUG] Processing company database: company_9jxwph8g
[2025-06-24T03:12:24.666Z] [DEBUG] Finding reports to execute in company_9jxwph8g (current time: 2025-06-24T03:12:24.666Z)
[2025-06-24T03:12:24.724Z] [INFO] Found 0 reports to execute in company_9jxwph8g
[2025-06-24T03:12:24.724Z] [INFO] Scheduled reports check completed
[2025-06-24T03:12:24.726Z] [DEBUG] MongoDB connection closed
[2025-06-24T03:12:38.387Z] [INFO] Checking for scheduled reports...
[2025-06-24T03:12:39.154Z] [DEBUG] Connected to MongoDB
[2025-06-24T03:12:39.225Z] [INFO] Found 1 company databases
[2025-06-24T03:12:39.226Z] [DEBUG] Processing company database: company_9jxwph8g
[2025-06-24T03:12:39.284Z] [DEBUG] Finding reports to execute in company_9jxwph8g (current time: 2025-06-24T03:12:39.284Z)
[2025-06-24T03:12:39.342Z] [INFO] Found 0 reports to execute in company_9jxwph8g
[2025-06-24T03:12:39.343Z] [INFO] Scheduled reports check completed
[2025-06-24T03:12:39.346Z] [DEBUG] MongoDB connection closed
[2025-06-24T03:12:53.905Z] [INFO] Checking for scheduled reports...
[2025-06-24T03:12:54.584Z] [DEBUG] Connected to MongoDB
[2025-06-24T03:12:54.655Z] [INFO] Found 1 company databases
[2025-06-24T03:12:54.655Z] [DEBUG] Processing company database: company_9jxwph8g
[2025-06-24T03:12:54.723Z] [DEBUG] Finding reports to execute in company_9jxwph8g (current time: 2025-06-24T03:12:54.723Z)
[2025-06-24T03:12:54.785Z] [INFO] Found 0 reports to execute in company_9jxwph8g
[2025-06-24T03:12:54.785Z] [INFO] Scheduled reports check completed
[2025-06-24T03:12:54.787Z] [DEBUG] MongoDB connection closed
[2025-06-24T03:13:08.389Z] [INFO] Checking for scheduled reports...
[2025-06-24T03:13:09.024Z] [DEBUG] Connected to MongoDB
[2025-06-24T03:13:09.097Z] [INFO] Found 1 company databases
[2025-06-24T03:13:09.098Z] [DEBUG] Processing company database: company_9jxwph8g
[2025-06-24T03:13:09.169Z] [DEBUG] Finding reports to execute in company_9jxwph8g (current time: 2025-06-24T03:13:09.169Z)
[2025-06-24T03:13:09.229Z] [INFO] Found 0 reports to execute in company_9jxwph8g
[2025-06-24T03:13:09.230Z] [INFO] Scheduled reports check completed
[2025-06-24T03:13:09.234Z] [DEBUG] MongoDB connection closed
[2025-06-24T03:13:23.906Z] [INFO] Checking for scheduled reports...
[2025-06-24T03:13:24.633Z] [DEBUG] Connected to MongoDB
[2025-06-24T03:13:24.702Z] [INFO] Found 1 company databases
[2025-06-24T03:13:24.703Z] [DEBUG] Processing company database: company_9jxwph8g
[2025-06-24T03:13:24.765Z] [DEBUG] Finding reports to execute in company_9jxwph8g (current time: 2025-06-24T03:13:24.765Z)
[2025-06-24T03:13:24.824Z] [INFO] Found 0 reports to execute in company_9jxwph8g
[2025-06-24T03:13:24.825Z] [INFO] Scheduled reports check completed
[2025-06-24T03:13:24.827Z] [DEBUG] MongoDB connection closed
[2025-06-24T03:13:53.906Z] [INFO] Checking for scheduled reports...
[2025-06-24T03:13:56.867Z] [DEBUG] Connected to MongoDB
[2025-06-24T03:13:57.180Z] [INFO] Found 1 company databases
[2025-06-24T03:13:57.181Z] [DEBUG] Processing company database: company_9jxwph8g
[2025-06-24T03:13:57.847Z] [DEBUG] Finding reports to execute in company_9jxwph8g (current time: 2025-06-24T03:13:57.847Z)
[2025-06-24T03:13:58.394Z] [INFO] Found 0 reports to execute in company_9jxwph8g
[2025-06-24T03:13:58.394Z] [INFO] Scheduled reports check completed
[2025-06-24T03:13:58.396Z] [DEBUG] MongoDB connection closed
[2025-06-24T03:14:23.907Z] [INFO] Checking for scheduled reports...
[2025-06-24T03:14:46.559Z] [DEBUG] Connected to MongoDB
[2025-06-24T03:14:47.008Z] [INFO] Found 1 company databases
[2025-06-24T03:14:47.008Z] [DEBUG] Processing company database: company_9jxwph8g
[2025-06-24T03:14:47.430Z] [DEBUG] Finding reports to execute in company_9jxwph8g (current time: 2025-06-24T03:14:47.430Z)
[2025-06-24T03:14:47.689Z] [INFO] Found 0 reports to execute in company_9jxwph8g
[2025-06-24T03:14:47.689Z] [INFO] Scheduled reports check completed
[2025-06-24T03:14:47.690Z] [DEBUG] MongoDB connection closed
[2025-06-24T03:14:53.908Z] [INFO] Checking for scheduled reports...
[2025-06-24T03:14:55.542Z] [DEBUG] Connected to MongoDB
[2025-06-24T03:14:55.746Z] [INFO] Found 1 company databases
[2025-06-24T03:14:55.747Z] [DEBUG] Processing company database: company_9jxwph8g
[2025-06-24T03:14:56.107Z] [DEBUG] Finding reports to execute in company_9jxwph8g (current time: 2025-06-24T03:14:56.107Z)
[2025-06-24T03:14:56.797Z] [INFO] Found 0 reports to execute in company_9jxwph8g
[2025-06-24T03:14:56.798Z] [INFO] Scheduled reports check completed
[2025-06-24T03:14:56.799Z] [DEBUG] MongoDB connection closed
[2025-06-24T03:15:23.910Z] [INFO] Checking for scheduled reports...
[2025-06-24T03:15:25.389Z] [DEBUG] Connected to MongoDB
[2025-06-24T03:15:25.483Z] [INFO] Found 1 company databases
[2025-06-24T03:15:25.483Z] [DEBUG] Processing company database: company_9jxwph8g
[2025-06-24T03:15:25.585Z] [DEBUG] Finding reports to execute in company_9jxwph8g (current time: 2025-06-24T03:15:25.585Z)
[2025-06-24T03:15:25.767Z] [INFO] Found 0 reports to execute in company_9jxwph8g
[2025-06-24T03:15:25.767Z] [INFO] Scheduled reports check completed
[2025-06-24T03:15:25.769Z] [DEBUG] MongoDB connection closed
[2025-06-24T03:15:53.911Z] [INFO] Checking for scheduled reports...
[2025-06-24T03:15:55.397Z] [DEBUG] Connected to MongoDB
[2025-06-24T03:15:55.500Z] [INFO] Found 1 company databases
[2025-06-24T03:15:55.500Z] [DEBUG] Processing company database: company_9jxwph8g
[2025-06-24T03:15:55.614Z] [DEBUG] Finding reports to execute in company_9jxwph8g (current time: 2025-06-24T03:15:55.614Z)
[2025-06-24T03:15:55.759Z] [INFO] Found 0 reports to execute in company_9jxwph8g
[2025-06-24T03:15:55.760Z] [INFO] Scheduled reports check completed
[2025-06-24T03:15:55.761Z] [DEBUG] MongoDB connection closed
[2025-06-24T03:16:23.911Z] [INFO] Checking for scheduled reports...
[2025-06-24T03:16:27.135Z] [DEBUG] Connected to MongoDB
[2025-06-24T03:16:27.532Z] [INFO] Found 1 company databases
[2025-06-24T03:16:27.532Z] [DEBUG] Processing company database: company_9jxwph8g
[2025-06-24T03:16:28.077Z] [DEBUG] Finding reports to execute in company_9jxwph8g (current time: 2025-06-24T03:16:28.077Z)
[2025-06-24T03:16:28.485Z] [INFO] Found 0 reports to execute in company_9jxwph8g
[2025-06-24T03:16:28.485Z] [INFO] Scheduled reports check completed
[2025-06-24T03:16:28.486Z] [DEBUG] MongoDB connection closed
[2025-06-24T03:16:53.912Z] [INFO] Checking for scheduled reports...
[2025-06-24T03:16:54.711Z] [DEBUG] Connected to MongoDB
[2025-06-24T03:16:54.780Z] [INFO] Found 1 company databases
[2025-06-24T03:16:54.780Z] [DEBUG] Processing company database: company_9jxwph8g
[2025-06-24T03:16:54.845Z] [DEBUG] Finding reports to execute in company_9jxwph8g (current time: 2025-06-24T03:16:54.845Z)
[2025-06-24T03:16:54.902Z] [INFO] Found 0 reports to execute in company_9jxwph8g
[2025-06-24T03:16:54.902Z] [INFO] Scheduled reports check completed
[2025-06-24T03:16:54.904Z] [DEBUG] MongoDB connection closed
[2025-06-24T03:17:23.914Z] [INFO] Checking for scheduled reports...
[2025-06-24T03:17:24.704Z] [DEBUG] Connected to MongoDB
[2025-06-24T03:17:24.775Z] [INFO] Found 1 company databases
[2025-06-24T03:17:24.775Z] [DEBUG] Processing company database: company_9jxwph8g
[2025-06-24T03:17:24.861Z] [DEBUG] Finding reports to execute in company_9jxwph8g (current time: 2025-06-24T03:17:24.861Z)
[2025-06-24T03:17:24.932Z] [INFO] Found 0 reports to execute in company_9jxwph8g
[2025-06-24T03:17:24.933Z] [INFO] Scheduled reports check completed
[2025-06-24T03:17:24.936Z] [DEBUG] MongoDB connection closed
[2025-06-24T03:17:53.914Z] [INFO] Checking for scheduled reports...
[2025-06-24T03:17:57.487Z] [DEBUG] Connected to MongoDB
[2025-06-24T03:17:57.746Z] [INFO] Found 1 company databases
[2025-06-24T03:17:57.746Z] [DEBUG] Processing company database: company_9jxwph8g
[2025-06-24T03:17:57.999Z] [DEBUG] Finding reports to execute in company_9jxwph8g (current time: 2025-06-24T03:17:57.999Z)
[2025-06-24T03:17:58.194Z] [INFO] Found 0 reports to execute in company_9jxwph8g
[2025-06-24T03:17:58.194Z] [INFO] Scheduled reports check completed
[2025-06-24T03:17:58.196Z] [DEBUG] MongoDB connection closed
[2025-06-24T03:18:23.915Z] [INFO] Checking for scheduled reports...
[2025-06-24T03:18:27.644Z] [DEBUG] Connected to MongoDB
[2025-06-24T03:18:27.788Z] [INFO] Found 1 company databases
[2025-06-24T03:18:27.788Z] [DEBUG] Processing company database: company_9jxwph8g
[2025-06-24T03:18:27.940Z] [DEBUG] Finding reports to execute in company_9jxwph8g (current time: 2025-06-24T03:18:27.940Z)
[2025-06-24T03:18:28.126Z] [INFO] Found 0 reports to execute in company_9jxwph8g
[2025-06-24T03:18:28.126Z] [INFO] Scheduled reports check completed
[2025-06-24T03:18:28.128Z] [DEBUG] MongoDB connection closed
[2025-06-24T03:18:53.915Z] [INFO] Checking for scheduled reports...
[2025-06-24T03:18:55.577Z] [DEBUG] Connected to MongoDB
[2025-06-24T03:18:55.663Z] [INFO] Found 1 company databases
[2025-06-24T03:18:55.664Z] [DEBUG] Processing company database: company_9jxwph8g
[2025-06-24T03:18:55.731Z] [DEBUG] Finding reports to execute in company_9jxwph8g (current time: 2025-06-24T03:18:55.730Z)
[2025-06-24T03:18:55.798Z] [INFO] Found 0 reports to execute in company_9jxwph8g
[2025-06-24T03:18:55.799Z] [INFO] Scheduled reports check completed
[2025-06-24T03:18:55.801Z] [DEBUG] MongoDB connection closed
[2025-06-24T03:19:23.917Z] [INFO] Checking for scheduled reports...
[2025-06-24T03:19:26.147Z] [DEBUG] Connected to MongoDB
[2025-06-24T03:19:26.337Z] [INFO] Found 1 company databases
[2025-06-24T03:19:26.338Z] [DEBUG] Processing company database: company_9jxwph8g
[2025-06-24T03:19:26.429Z] [DEBUG] Finding reports to execute in company_9jxwph8g (current time: 2025-06-24T03:19:26.429Z)
[2025-06-24T03:19:26.513Z] [INFO] Found 0 reports to execute in company_9jxwph8g
[2025-06-24T03:19:26.514Z] [INFO] Scheduled reports check completed
[2025-06-24T03:19:26.517Z] [DEBUG] MongoDB connection closed
[2025-06-24T03:19:53.916Z] [INFO] Checking for scheduled reports...
[2025-06-24T03:19:55.071Z] [DEBUG] Connected to MongoDB
[2025-06-24T03:19:55.152Z] [INFO] Found 1 company databases
[2025-06-24T03:19:55.153Z] [DEBUG] Processing company database: company_9jxwph8g
[2025-06-24T03:19:55.231Z] [DEBUG] Finding reports to execute in company_9jxwph8g (current time: 2025-06-24T03:19:55.231Z)
[2025-06-24T03:19:55.310Z] [INFO] Found 0 reports to execute in company_9jxwph8g
[2025-06-24T03:19:55.310Z] [INFO] Scheduled reports check completed
[2025-06-24T03:19:55.313Z] [DEBUG] MongoDB connection closed
[2025-06-24T03:20:23.919Z] [INFO] Checking for scheduled reports...
[2025-06-24T03:20:24.642Z] [DEBUG] Connected to MongoDB
[2025-06-24T03:20:24.713Z] [INFO] Found 1 company databases
[2025-06-24T03:20:24.713Z] [DEBUG] Processing company database: company_9jxwph8g
[2025-06-24T03:20:24.774Z] [DEBUG] Finding reports to execute in company_9jxwph8g (current time: 2025-06-24T03:20:24.774Z)
[2025-06-24T03:20:24.840Z] [INFO] Found 0 reports to execute in company_9jxwph8g
[2025-06-24T03:20:24.840Z] [INFO] Scheduled reports check completed
[2025-06-24T03:20:24.843Z] [DEBUG] MongoDB connection closed
[2025-06-24T03:20:53.920Z] [INFO] Checking for scheduled reports...
[2025-06-24T03:20:54.672Z] [DEBUG] Connected to MongoDB
[2025-06-24T03:20:54.742Z] [INFO] Found 1 company databases
[2025-06-24T03:20:54.743Z] [DEBUG] Processing company database: company_9jxwph8g
[2025-06-24T03:20:54.807Z] [DEBUG] Finding reports to execute in company_9jxwph8g (current time: 2025-06-24T03:20:54.807Z)
[2025-06-24T03:20:54.872Z] [INFO] Found 0 reports to execute in company_9jxwph8g
[2025-06-24T03:20:54.873Z] [INFO] Scheduled reports check completed
[2025-06-24T03:20:54.875Z] [DEBUG] MongoDB connection closed
[2025-06-24T03:21:23.921Z] [INFO] Checking for scheduled reports...
[2025-06-24T03:21:26.326Z] [DEBUG] Connected to MongoDB
[2025-06-24T03:21:26.763Z] [INFO] Found 1 company databases
[2025-06-24T03:21:26.764Z] [DEBUG] Processing company database: company_9jxwph8g
[2025-06-24T03:21:27.173Z] [DEBUG] Finding reports to execute in company_9jxwph8g (current time: 2025-06-24T03:21:27.173Z)
[2025-06-24T03:21:27.426Z] [INFO] Found 0 reports to execute in company_9jxwph8g
[2025-06-24T03:21:27.426Z] [INFO] Scheduled reports check completed
[2025-06-24T03:21:27.428Z] [DEBUG] MongoDB connection closed
[2025-06-24T03:21:53.921Z] [INFO] Checking for scheduled reports...
[2025-06-24T03:21:55.655Z] [DEBUG] Connected to MongoDB
[2025-06-24T03:21:56.810Z] [INFO] Found 1 company databases
[2025-06-24T03:21:56.810Z] [DEBUG] Processing company database: company_9jxwph8g
[2025-06-24T03:21:57.931Z] [DEBUG] Finding reports to execute in company_9jxwph8g (current time: 2025-06-24T03:21:57.931Z)
[2025-06-24T03:21:58.522Z] [INFO] Found 0 reports to execute in company_9jxwph8g
[2025-06-24T03:21:58.522Z] [INFO] Scheduled reports check completed
[2025-06-24T03:21:58.524Z] [DEBUG] MongoDB connection closed
[2025-06-24T03:22:23.922Z] [INFO] Checking for scheduled reports...
[2025-06-24T03:22:25.382Z] [DEBUG] Connected to MongoDB
[2025-06-24T03:22:25.574Z] [INFO] Found 1 company databases
[2025-06-24T03:22:25.575Z] [DEBUG] Processing company database: company_9jxwph8g
[2025-06-24T03:22:25.854Z] [DEBUG] Finding reports to execute in company_9jxwph8g (current time: 2025-06-24T03:22:25.854Z)
[2025-06-24T03:22:26.079Z] [INFO] Found 0 reports to execute in company_9jxwph8g
[2025-06-24T03:22:26.079Z] [INFO] Scheduled reports check completed
[2025-06-24T03:22:26.081Z] [DEBUG] MongoDB connection closed
[2025-06-24T03:22:53.923Z] [INFO] Checking for scheduled reports...
[2025-06-24T03:22:55.834Z] [DEBUG] Connected to MongoDB
[2025-06-24T03:22:55.931Z] [INFO] Found 1 company databases
[2025-06-24T03:22:55.932Z] [DEBUG] Processing company database: company_9jxwph8g
[2025-06-24T03:22:56.000Z] [DEBUG] Finding reports to execute in company_9jxwph8g (current time: 2025-06-24T03:22:56.000Z)
[2025-06-24T03:22:56.076Z] [INFO] Found 0 reports to execute in company_9jxwph8g
[2025-06-24T03:22:56.076Z] [INFO] Scheduled reports check completed
[2025-06-24T03:22:56.080Z] [DEBUG] MongoDB connection closed
[2025-06-24T03:23:23.923Z] [INFO] Checking for scheduled reports...
[2025-06-24T03:23:25.622Z] [DEBUG] Connected to MongoDB
[2025-06-24T03:23:25.832Z] [INFO] Found 1 company databases
[2025-06-24T03:23:25.832Z] [DEBUG] Processing company database: company_9jxwph8g
[2025-06-24T03:23:25.970Z] [DEBUG] Finding reports to execute in company_9jxwph8g (current time: 2025-06-24T03:23:25.970Z)
[2025-06-24T03:23:26.117Z] [INFO] Found 0 reports to execute in company_9jxwph8g
[2025-06-24T03:23:26.117Z] [INFO] Scheduled reports check completed
[2025-06-24T03:23:26.118Z] [DEBUG] MongoDB connection closed
[2025-06-24T03:23:53.929Z] [INFO] Checking for scheduled reports...
[2025-06-24T03:23:55.000Z] [DEBUG] Connected to MongoDB
[2025-06-24T03:23:55.069Z] [INFO] Found 1 company databases
[2025-06-24T03:23:55.070Z] [DEBUG] Processing company database: company_9jxwph8g
[2025-06-24T03:23:55.129Z] [DEBUG] Finding reports to execute in company_9jxwph8g (current time: 2025-06-24T03:23:55.129Z)
[2025-06-24T03:23:55.191Z] [INFO] Found 0 reports to execute in company_9jxwph8g
[2025-06-24T03:23:55.192Z] [INFO] Scheduled reports check completed
[2025-06-24T03:23:55.193Z] [DEBUG] MongoDB connection closed
[2025-06-24T03:24:23.930Z] [INFO] Checking for scheduled reports...
[2025-06-24T03:24:24.743Z] [DEBUG] Connected to MongoDB
[2025-06-24T03:24:24.824Z] [INFO] Found 1 company databases
[2025-06-24T03:24:24.825Z] [DEBUG] Processing company database: company_9jxwph8g
[2025-06-24T03:24:24.891Z] [DEBUG] Finding reports to execute in company_9jxwph8g (current time: 2025-06-24T03:24:24.891Z)
[2025-06-24T03:24:24.977Z] [INFO] Found 0 reports to execute in company_9jxwph8g
[2025-06-24T03:24:24.978Z] [INFO] Scheduled reports check completed
[2025-06-24T03:24:24.981Z] [DEBUG] MongoDB connection closed
[2025-06-24T03:24:53.930Z] [INFO] Checking for scheduled reports...
[2025-06-24T03:25:04.484Z] [DEBUG] Connected to MongoDB
[2025-06-24T03:25:04.554Z] [INFO] Found 1 company databases
[2025-06-24T03:25:04.555Z] [DEBUG] Processing company database: company_9jxwph8g
[2025-06-24T03:25:04.612Z] [DEBUG] Finding reports to execute in company_9jxwph8g (current time: 2025-06-24T03:25:04.612Z)
[2025-06-24T03:25:04.670Z] [INFO] Found 0 reports to execute in company_9jxwph8g
[2025-06-24T03:25:04.671Z] [INFO] Scheduled reports check completed
[2025-06-24T03:25:04.674Z] [DEBUG] MongoDB connection closed
[2025-06-24T03:25:23.930Z] [INFO] Checking for scheduled reports...
[2025-06-24T03:25:26.164Z] [DEBUG] Connected to MongoDB
[2025-06-24T03:25:26.234Z] [INFO] Found 1 company databases
[2025-06-24T03:25:26.235Z] [DEBUG] Processing company database: company_9jxwph8g
[2025-06-24T03:25:26.291Z] [DEBUG] Finding reports to execute in company_9jxwph8g (current time: 2025-06-24T03:25:26.291Z)
[2025-06-24T03:25:26.346Z] [INFO] Found 0 reports to execute in company_9jxwph8g
[2025-06-24T03:25:26.347Z] [INFO] Scheduled reports check completed
[2025-06-24T03:25:26.348Z] [DEBUG] MongoDB connection closed
[2025-06-24T03:25:53.933Z] [INFO] Checking for scheduled reports...
[2025-06-24T03:25:54.662Z] [DEBUG] Connected to MongoDB
[2025-06-24T03:25:54.733Z] [INFO] Found 1 company databases
[2025-06-24T03:25:54.734Z] [DEBUG] Processing company database: company_9jxwph8g
[2025-06-24T03:25:54.802Z] [DEBUG] Finding reports to execute in company_9jxwph8g (current time: 2025-06-24T03:25:54.802Z)
[2025-06-24T03:25:54.860Z] [INFO] Found 0 reports to execute in company_9jxwph8g
[2025-06-24T03:25:54.860Z] [INFO] Scheduled reports check completed
[2025-06-24T03:25:54.863Z] [DEBUG] MongoDB connection closed
[2025-06-24T03:26:23.933Z] [INFO] Checking for scheduled reports...
[2025-06-24T03:26:24.654Z] [DEBUG] Connected to MongoDB
[2025-06-24T03:26:24.722Z] [INFO] Found 1 company databases
[2025-06-24T03:26:24.723Z] [DEBUG] Processing company database: company_9jxwph8g
[2025-06-24T03:26:24.782Z] [DEBUG] Finding reports to execute in company_9jxwph8g (current time: 2025-06-24T03:26:24.782Z)
[2025-06-24T03:26:24.844Z] [INFO] Found 0 reports to execute in company_9jxwph8g
[2025-06-24T03:26:24.844Z] [INFO] Scheduled reports check completed
[2025-06-24T03:26:24.846Z] [DEBUG] MongoDB connection closed
[2025-06-24T03:26:54.016Z] [INFO] Checking for scheduled reports...
[2025-06-24T03:26:54.680Z] [DEBUG] Connected to MongoDB
[2025-06-24T03:26:54.753Z] [INFO] Found 1 company databases
[2025-06-24T03:26:54.753Z] [DEBUG] Processing company database: company_9jxwph8g
[2025-06-24T03:26:54.815Z] [DEBUG] Finding reports to execute in company_9jxwph8g (current time: 2025-06-24T03:26:54.815Z)
[2025-06-24T03:26:54.881Z] [INFO] Found 0 reports to execute in company_9jxwph8g
[2025-06-24T03:26:54.882Z] [INFO] Scheduled reports check completed
[2025-06-24T03:26:54.883Z] [DEBUG] MongoDB connection closed
[2025-06-24T03:27:24.017Z] [INFO] Checking for scheduled reports...
[2025-06-24T03:27:24.694Z] [DEBUG] Connected to MongoDB
[2025-06-24T03:27:24.765Z] [INFO] Found 1 company databases
[2025-06-24T03:27:24.765Z] [DEBUG] Processing company database: company_9jxwph8g
[2025-06-24T03:27:24.827Z] [DEBUG] Finding reports to execute in company_9jxwph8g (current time: 2025-06-24T03:27:24.827Z)
[2025-06-24T03:27:24.886Z] [INFO] Found 0 reports to execute in company_9jxwph8g
[2025-06-24T03:27:24.886Z] [INFO] Scheduled reports check completed
[2025-06-24T03:27:24.888Z] [DEBUG] MongoDB connection closed
[2025-06-24T03:27:54.018Z] [INFO] Checking for scheduled reports...
[2025-06-24T03:27:55.023Z] [DEBUG] Connected to MongoDB
[2025-06-24T03:27:55.107Z] [INFO] Found 1 company databases
[2025-06-24T03:27:55.108Z] [DEBUG] Processing company database: company_9jxwph8g
[2025-06-24T03:27:55.168Z] [DEBUG] Finding reports to execute in company_9jxwph8g (current time: 2025-06-24T03:27:55.168Z)
[2025-06-24T03:27:55.227Z] [INFO] Found 0 reports to execute in company_9jxwph8g
[2025-06-24T03:27:55.227Z] [INFO] Scheduled reports check completed
[2025-06-24T03:27:55.230Z] [DEBUG] MongoDB connection closed
[2025-06-24T03:28:24.019Z] [INFO] Checking for scheduled reports...
[2025-06-24T03:28:24.795Z] [DEBUG] Connected to MongoDB
[2025-06-24T03:28:24.864Z] [INFO] Found 1 company databases
[2025-06-24T03:28:24.864Z] [DEBUG] Processing company database: company_9jxwph8g
[2025-06-24T03:28:24.925Z] [DEBUG] Finding reports to execute in company_9jxwph8g (current time: 2025-06-24T03:28:24.925Z)
[2025-06-24T03:28:24.983Z] [INFO] Found 0 reports to execute in company_9jxwph8g
[2025-06-24T03:28:24.984Z] [INFO] Scheduled reports check completed
[2025-06-24T03:28:24.986Z] [DEBUG] MongoDB connection closed
[2025-06-24T03:28:54.021Z] [INFO] Checking for scheduled reports...
[2025-06-24T03:28:56.397Z] [DEBUG] Connected to MongoDB
[2025-06-24T03:28:56.469Z] [INFO] Found 1 company databases
[2025-06-24T03:28:56.469Z] [DEBUG] Processing company database: company_9jxwph8g
[2025-06-24T03:28:56.561Z] [DEBUG] Finding reports to execute in company_9jxwph8g (current time: 2025-06-24T03:28:56.561Z)
[2025-06-24T03:28:56.676Z] [INFO] Found 0 reports to execute in company_9jxwph8g
[2025-06-24T03:28:56.677Z] [INFO] Scheduled reports check completed
[2025-06-24T03:28:56.680Z] [DEBUG] MongoDB connection closed
[2025-06-24T03:29:24.022Z] [INFO] Checking for scheduled reports...
[2025-06-24T03:29:24.900Z] [DEBUG] Connected to MongoDB
[2025-06-24T03:29:24.997Z] [INFO] Found 1 company databases
[2025-06-24T03:29:24.998Z] [DEBUG] Processing company database: company_9jxwph8g
[2025-06-24T03:29:25.075Z] [DEBUG] Finding reports to execute in company_9jxwph8g (current time: 2025-06-24T03:29:25.075Z)
[2025-06-24T03:29:25.137Z] [INFO] Found 0 reports to execute in company_9jxwph8g
[2025-06-24T03:29:25.138Z] [INFO] Scheduled reports check completed
[2025-06-24T03:29:25.139Z] [DEBUG] MongoDB connection closed
[2025-06-24T03:29:54.023Z] [INFO] Checking for scheduled reports...
[2025-06-24T03:29:54.827Z] [DEBUG] Connected to MongoDB
[2025-06-24T03:29:54.900Z] [INFO] Found 1 company databases
[2025-06-24T03:29:54.901Z] [DEBUG] Processing company database: company_9jxwph8g
[2025-06-24T03:29:54.959Z] [DEBUG] Finding reports to execute in company_9jxwph8g (current time: 2025-06-24T03:29:54.959Z)
[2025-06-24T03:29:55.020Z] [INFO] Found 0 reports to execute in company_9jxwph8g
[2025-06-24T03:29:55.020Z] [INFO] Scheduled reports check completed
[2025-06-24T03:29:55.021Z] [DEBUG] MongoDB connection closed
[2025-06-24T03:30:36.074Z] [INFO] Checking for scheduled reports...
[2025-06-24T03:30:36.953Z] [DEBUG] Connected to MongoDB
[2025-06-24T03:30:37.047Z] [INFO] Found 1 company databases
[2025-06-24T03:30:37.047Z] [DEBUG] Processing company database: company_9jxwph8g
[2025-06-24T03:30:37.109Z] [DEBUG] Finding reports to execute in company_9jxwph8g (current time: 2025-06-24T03:30:37.109Z)
[2025-06-24T03:30:37.167Z] [INFO] Found 0 reports to execute in company_9jxwph8g
[2025-06-24T03:30:37.168Z] [INFO] Scheduled reports check completed
[2025-06-24T03:30:37.169Z] [DEBUG] MongoDB connection closed
[2025-06-24T05:14:22.040Z] [INFO] Checking for scheduled reports...
[2025-06-24T05:14:22.931Z] [DEBUG] Connected to MongoDB
[2025-06-24T05:14:23.003Z] [INFO] Found 1 company databases
[2025-06-24T05:14:23.003Z] [DEBUG] Processing company database: company_9jxwph8g
[2025-06-24T05:14:23.076Z] [DEBUG] Finding reports to execute in company_9jxwph8g (current time: 2025-06-24T05:14:23.076Z)
[2025-06-24T05:14:23.137Z] [INFO] Found 0 reports to execute in company_9jxwph8g
[2025-06-24T05:14:23.138Z] [INFO] Scheduled reports check completed
[2025-06-24T05:14:23.139Z] [DEBUG] MongoDB connection closed
[2025-06-24T05:30:49.084Z] [INFO] Checking for scheduled reports...
[2025-06-24T05:30:49.886Z] [DEBUG] Connected to MongoDB
[2025-06-24T05:30:49.968Z] [INFO] Found 1 company databases
[2025-06-24T05:30:49.968Z] [DEBUG] Processing company database: company_9jxwph8g
[2025-06-24T05:30:50.030Z] [DEBUG] Finding reports to execute in company_9jxwph8g (current time: 2025-06-24T05:30:50.030Z)
[2025-06-24T05:30:50.115Z] [INFO] Found 0 reports to execute in company_9jxwph8g
[2025-06-24T05:30:50.116Z] [INFO] Scheduled reports check completed
[2025-06-24T05:30:50.119Z] [DEBUG] MongoDB connection closed
[2025-06-24T06:31:49.344Z] [INFO] Checking for scheduled reports...
[2025-06-24T06:31:50.130Z] [DEBUG] Connected to MongoDB
[2025-06-24T06:31:50.198Z] [INFO] Found 1 company databases
[2025-06-24T06:31:50.199Z] [DEBUG] Processing company database: company_9jxwph8g
[2025-06-24T06:31:50.256Z] [DEBUG] Finding reports to execute in company_9jxwph8g (current time: 2025-06-24T06:31:50.256Z)
[2025-06-24T06:31:50.315Z] [INFO] Found 0 reports to execute in company_9jxwph8g
[2025-06-24T06:31:50.315Z] [INFO] Scheduled reports check completed
[2025-06-24T06:31:50.317Z] [DEBUG] MongoDB connection closed
[2025-06-24T07:32:47.487Z] [INFO] Checking for scheduled reports...
[2025-06-24T07:32:48.393Z] [DEBUG] Connected to MongoDB
[2025-06-24T07:32:48.465Z] [INFO] Found 1 company databases
[2025-06-24T07:32:48.465Z] [DEBUG] Processing company database: company_9jxwph8g
[2025-06-24T07:32:48.529Z] [DEBUG] Finding reports to execute in company_9jxwph8g (current time: 2025-06-24T07:32:48.529Z)
[2025-06-24T07:32:48.591Z] [INFO] Found 0 reports to execute in company_9jxwph8g
[2025-06-24T07:32:48.592Z] [INFO] Scheduled reports check completed
[2025-06-24T07:32:48.594Z] [DEBUG] MongoDB connection closed
Tue Jun 24 02:33:00 CDT 2025: Running scheduled reports
Tue Jun 24 02:33:00 CDT 2025: Checking if NextJS server is running...
/Users/sim/Project2/scripts/../scripts/run-simple-scheduled-reports.sh: line 16: node: command not found
Tue Jun 24 02:33:00 CDT 2025: NextJS server is not running. Skipping scheduled reports check.
[2025-06-24T07:33:17.507Z] [INFO] Checking for scheduled reports...
[2025-06-24T07:33:18.671Z] [DEBUG] Connected to MongoDB
[2025-06-24T07:33:18.744Z] [INFO] Found 1 company databases
[2025-06-24T07:33:18.745Z] [DEBUG] Processing company database: company_9jxwph8g
[2025-06-24T07:33:18.814Z] [DEBUG] Finding reports to execute in company_9jxwph8g (current time: 2025-06-24T07:33:18.814Z)
[2025-06-24T07:33:18.875Z] [INFO] Found 0 reports to execute in company_9jxwph8g
[2025-06-24T07:33:18.876Z] [INFO] Scheduled reports check completed
[2025-06-24T07:33:18.878Z] [DEBUG] MongoDB connection closed
[2025-06-24T08:33:52.147Z] [INFO] Checking for scheduled reports...
[2025-06-24T08:33:53.064Z] [DEBUG] Connected to MongoDB
[2025-06-24T08:33:53.137Z] [INFO] Found 1 company databases
[2025-06-24T08:33:53.138Z] [DEBUG] Processing company database: company_9jxwph8g
[2025-06-24T08:33:53.201Z] [DEBUG] Finding reports to execute in company_9jxwph8g (current time: 2025-06-24T08:33:53.201Z)
[2025-06-24T08:33:53.262Z] [INFO] Found 0 reports to execute in company_9jxwph8g
[2025-06-24T08:33:53.262Z] [INFO] Scheduled reports check completed
[2025-06-24T08:33:53.264Z] [DEBUG] MongoDB connection closed
[2025-06-24T10:35:48.341Z] [INFO] Checking for scheduled reports...
[2025-06-24T10:35:49.095Z] [DEBUG] Connected to MongoDB
[2025-06-24T10:35:49.164Z] [INFO] Found 1 company databases
[2025-06-24T10:35:49.164Z] [DEBUG] Processing company database: company_9jxwph8g
[2025-06-24T10:35:49.224Z] [DEBUG] Finding reports to execute in company_9jxwph8g (current time: 2025-06-24T10:35:49.224Z)
[2025-06-24T10:35:49.283Z] [INFO] Found 0 reports to execute in company_9jxwph8g
[2025-06-24T10:35:49.283Z] [INFO] Scheduled reports check completed
[2025-06-24T10:35:49.285Z] [DEBUG] MongoDB connection closed
Tue Jun 24 05:36:00 CDT 2025: Checking if NextJS server is running...
Tue Jun 24 05:36:00 CDT 2025: Running scheduled reports
/Users/sim/Project2/scripts/../scripts/run-simple-scheduled-reports.sh: line 16: node: command not found
Tue Jun 24 05:36:00 CDT 2025: NextJS server is not running. Skipping scheduled reports check.
[2025-06-24T10:57:46.038Z] [INFO] Checking for scheduled reports...
[2025-06-24T10:57:46.830Z] [DEBUG] Connected to MongoDB
[2025-06-24T10:57:46.906Z] [INFO] Found 1 company databases
[2025-06-24T10:57:46.906Z] [DEBUG] Processing company database: company_9jxwph8g
[2025-06-24T10:57:46.964Z] [DEBUG] Finding reports to execute in company_9jxwph8g (current time: 2025-06-24T10:57:46.964Z)
[2025-06-24T10:57:47.022Z] [INFO] Found 0 reports to execute in company_9jxwph8g
[2025-06-24T10:57:47.023Z] [INFO] Scheduled reports check completed
[2025-06-24T10:57:47.024Z] [DEBUG] MongoDB connection closed
[2025-06-24T11:01:23.986Z] [INFO] Checking for scheduled reports...
[2025-06-24T11:01:25.344Z] [DEBUG] Connected to MongoDB
[2025-06-24T11:01:25.427Z] [INFO] Found 1 company databases
[2025-06-24T11:01:25.428Z] [DEBUG] Processing company database: company_9jxwph8g
[2025-06-24T11:01:25.491Z] [DEBUG] Finding reports to execute in company_9jxwph8g (current time: 2025-06-24T11:01:25.491Z)
[2025-06-24T11:01:25.572Z] [INFO] Found 0 reports to execute in company_9jxwph8g
[2025-06-24T11:01:25.573Z] [INFO] Scheduled reports check completed
[2025-06-24T11:01:25.575Z] [DEBUG] MongoDB connection closed
[2025-06-24T11:05:49.616Z] [INFO] Checking for scheduled reports...
[2025-06-24T11:05:51.572Z] [DEBUG] Connected to MongoDB
[2025-06-24T11:05:51.741Z] [INFO] Found 1 company databases
[2025-06-24T11:05:51.742Z] [DEBUG] Processing company database: company_9jxwph8g
[2025-06-24T11:05:51.849Z] [DEBUG] Finding reports to execute in company_9jxwph8g (current time: 2025-06-24T11:05:51.849Z)
[2025-06-24T11:05:51.929Z] [INFO] Found 0 reports to execute in company_9jxwph8g
[2025-06-24T11:05:51.930Z] [INFO] Scheduled reports check completed
[2025-06-24T11:05:51.931Z] [DEBUG] MongoDB connection closed
Tue Jun 24 06:06:00 CDT 2025: Checking if NextJS server is running...
Tue Jun 24 06:06:00 CDT 2025: Running scheduled reports
/Users/sim/Project2/scripts/../scripts/run-simple-scheduled-reports.sh: line 16: node: command not found
Tue Jun 24 06:06:00 CDT 2025: NextJS server is not running. Skipping scheduled reports check.
[2025-06-24T11:06:19.617Z] [INFO] Checking for scheduled reports...
[2025-06-24T11:06:20.950Z] [DEBUG] Connected to MongoDB
[2025-06-24T11:06:21.074Z] [INFO] Found 1 company databases
[2025-06-24T11:06:21.075Z] [DEBUG] Processing company database: company_9jxwph8g
[2025-06-24T11:06:21.254Z] [DEBUG] Finding reports to execute in company_9jxwph8g (current time: 2025-06-24T11:06:21.254Z)
[2025-06-24T11:06:21.378Z] [INFO] Found 0 reports to execute in company_9jxwph8g
[2025-06-24T11:06:21.378Z] [INFO] Scheduled reports check completed
[2025-06-24T11:06:21.380Z] [DEBUG] MongoDB connection closed
[2025-06-24T11:06:49.618Z] [INFO] Checking for scheduled reports...
[2025-06-24T11:06:50.316Z] [DEBUG] Connected to MongoDB
[2025-06-24T11:06:50.383Z] [INFO] Found 1 company databases
[2025-06-24T11:06:50.383Z] [DEBUG] Processing company database: company_9jxwph8g
[2025-06-24T11:06:50.439Z] [DEBUG] Finding reports to execute in company_9jxwph8g (current time: 2025-06-24T11:06:50.439Z)
[2025-06-24T11:06:50.495Z] [INFO] Found 0 reports to execute in company_9jxwph8g
[2025-06-24T11:06:50.496Z] [INFO] Scheduled reports check completed
[2025-06-24T11:06:50.498Z] [DEBUG] MongoDB connection closed
Tue Jun 24 06:07:00 CDT 2025: Running scheduled reports
Tue Jun 24 06:07:00 CDT 2025: Checking if NextJS server is running...
/Users/sim/Project2/scripts/../scripts/run-simple-scheduled-reports.sh: line 16: node: command not found
Tue Jun 24 06:07:00 CDT 2025: NextJS server is not running. Skipping scheduled reports check.
[2025-06-24T11:07:19.619Z] [INFO] Checking for scheduled reports...
[2025-06-24T11:07:20.308Z] [DEBUG] Connected to MongoDB
[2025-06-24T11:07:20.422Z] [INFO] Found 1 company databases
[2025-06-24T11:07:20.424Z] [DEBUG] Processing company database: company_9jxwph8g
[2025-06-24T11:07:20.482Z] [DEBUG] Finding reports to execute in company_9jxwph8g (current time: 2025-06-24T11:07:20.482Z)
[2025-06-24T11:07:20.545Z] [INFO] Found 0 reports to execute in company_9jxwph8g
[2025-06-24T11:07:20.546Z] [INFO] Scheduled reports check completed
[2025-06-24T11:07:20.548Z] [DEBUG] MongoDB connection closed
[2025-06-24T11:07:49.620Z] [INFO] Checking for scheduled reports...
[2025-06-24T11:07:50.339Z] [DEBUG] Connected to MongoDB
[2025-06-24T11:07:50.411Z] [INFO] Found 1 company databases
[2025-06-24T11:07:50.412Z] [DEBUG] Processing company database: company_9jxwph8g
[2025-06-24T11:07:50.471Z] [DEBUG] Finding reports to execute in company_9jxwph8g (current time: 2025-06-24T11:07:50.471Z)
[2025-06-24T11:07:50.526Z] [INFO] Found 0 reports to execute in company_9jxwph8g
[2025-06-24T11:07:50.527Z] [INFO] Scheduled reports check completed
[2025-06-24T11:07:50.529Z] [DEBUG] MongoDB connection closed
Tue Jun 24 06:08:00 CDT 2025: Checking if NextJS server is running...
Tue Jun 24 06:08:00 CDT 2025: Running scheduled reports
/Users/sim/Project2/scripts/../scripts/run-simple-scheduled-reports.sh: line 16: node: command not found
Tue Jun 24 06:08:00 CDT 2025: NextJS server is not running. Skipping scheduled reports check.
[2025-06-24T11:08:19.622Z] [INFO] Checking for scheduled reports...
[2025-06-24T11:08:21.047Z] [DEBUG] Connected to MongoDB
[2025-06-24T11:08:21.155Z] [INFO] Found 1 company databases
[2025-06-24T11:08:21.155Z] [DEBUG] Processing company database: company_9jxwph8g
[2025-06-24T11:08:21.278Z] [DEBUG] Finding reports to execute in company_9jxwph8g (current time: 2025-06-24T11:08:21.278Z)
[2025-06-24T11:08:21.404Z] [INFO] Found 0 reports to execute in company_9jxwph8g
[2025-06-24T11:08:21.405Z] [INFO] Scheduled reports check completed
[2025-06-24T11:08:21.407Z] [DEBUG] MongoDB connection closed
[2025-06-24T11:08:49.624Z] [INFO] Checking for scheduled reports...
[2025-06-24T11:08:50.435Z] [DEBUG] Connected to MongoDB
[2025-06-24T11:08:50.500Z] [INFO] Found 1 company databases
[2025-06-24T11:08:50.500Z] [DEBUG] Processing company database: company_9jxwph8g
[2025-06-24T11:08:50.567Z] [DEBUG] Finding reports to execute in company_9jxwph8g (current time: 2025-06-24T11:08:50.567Z)
[2025-06-24T11:08:50.625Z] [INFO] Found 0 reports to execute in company_9jxwph8g
[2025-06-24T11:08:50.626Z] [INFO] Scheduled reports check completed
[2025-06-24T11:08:50.627Z] [DEBUG] MongoDB connection closed
Tue Jun 24 06:09:00 CDT 2025: Checking if NextJS server is running...
Tue Jun 24 06:09:00 CDT 2025: Running scheduled reports
/Users/sim/Project2/scripts/../scripts/run-simple-scheduled-reports.sh: line 16: node: command not found
Tue Jun 24 06:09:00 CDT 2025: NextJS server is not running. Skipping scheduled reports check.
[2025-06-24T11:09:19.624Z] [INFO] Checking for scheduled reports...
[2025-06-24T11:09:20.292Z] [DEBUG] Connected to MongoDB
[2025-06-24T11:09:20.358Z] [INFO] Found 1 company databases
[2025-06-24T11:09:20.358Z] [DEBUG] Processing company database: company_9jxwph8g
[2025-06-24T11:09:20.414Z] [DEBUG] Finding reports to execute in company_9jxwph8g (current time: 2025-06-24T11:09:20.414Z)
[2025-06-24T11:09:20.472Z] [INFO] Found 0 reports to execute in company_9jxwph8g
[2025-06-24T11:09:20.473Z] [INFO] Scheduled reports check completed
[2025-06-24T11:09:20.475Z] [DEBUG] MongoDB connection closed
[2025-06-24T11:09:49.626Z] [INFO] Checking for scheduled reports...
[2025-06-24T11:09:50.928Z] [DEBUG] Connected to MongoDB
[2025-06-24T11:09:50.995Z] [INFO] Found 1 company databases
[2025-06-24T11:09:50.996Z] [DEBUG] Processing company database: company_9jxwph8g
[2025-06-24T11:09:51.066Z] [DEBUG] Finding reports to execute in company_9jxwph8g (current time: 2025-06-24T11:09:51.066Z)
[2025-06-24T11:09:51.122Z] [INFO] Found 0 reports to execute in company_9jxwph8g
[2025-06-24T11:09:51.122Z] [INFO] Scheduled reports check completed
[2025-06-24T11:09:51.125Z] [DEBUG] MongoDB connection closed
Tue Jun 24 06:10:00 CDT 2025: Running scheduled reports
Tue Jun 24 06:10:00 CDT 2025: Checking if NextJS server is running...
/Users/sim/Project2/scripts/../scripts/run-simple-scheduled-reports.sh: line 16: node: command not found
Tue Jun 24 06:10:00 CDT 2025: NextJS server is not running. Skipping scheduled reports check.
[2025-06-24T11:10:19.626Z] [INFO] Checking for scheduled reports...
[2025-06-24T11:10:20.264Z] [DEBUG] Connected to MongoDB
[2025-06-24T11:10:20.330Z] [INFO] Found 1 company databases
[2025-06-24T11:10:20.331Z] [DEBUG] Processing company database: company_9jxwph8g
[2025-06-24T11:10:20.394Z] [DEBUG] Finding reports to execute in company_9jxwph8g (current time: 2025-06-24T11:10:20.394Z)
[2025-06-24T11:10:20.450Z] [INFO] Found 0 reports to execute in company_9jxwph8g
[2025-06-24T11:10:20.450Z] [INFO] Scheduled reports check completed
[2025-06-24T11:10:20.452Z] [DEBUG] MongoDB connection closed
[2025-06-24T11:10:49.627Z] [INFO] Checking for scheduled reports...
[2025-06-24T11:10:51.035Z] [DEBUG] Connected to MongoDB
[2025-06-24T11:10:51.103Z] [INFO] Found 1 company databases
[2025-06-24T11:10:51.103Z] [DEBUG] Processing company database: company_9jxwph8g
[2025-06-24T11:10:51.161Z] [DEBUG] Finding reports to execute in company_9jxwph8g (current time: 2025-06-24T11:10:51.161Z)
[2025-06-24T11:10:51.217Z] [INFO] Found 0 reports to execute in company_9jxwph8g
[2025-06-24T11:10:51.218Z] [INFO] Scheduled reports check completed
[2025-06-24T11:10:51.221Z] [DEBUG] MongoDB connection closed
Tue Jun 24 06:11:00 CDT 2025: Running scheduled reports
Tue Jun 24 06:11:00 CDT 2025: Checking if NextJS server is running...
/Users/sim/Project2/scripts/../scripts/run-simple-scheduled-reports.sh: line 16: node: command not found
Tue Jun 24 06:11:00 CDT 2025: NextJS server is not running. Skipping scheduled reports check.
[2025-06-24T11:11:19.628Z] [INFO] Checking for scheduled reports...
[2025-06-24T11:11:20.211Z] [DEBUG] Connected to MongoDB
[2025-06-24T11:11:20.278Z] [INFO] Found 1 company databases
[2025-06-24T11:11:20.278Z] [DEBUG] Processing company database: company_9jxwph8g
[2025-06-24T11:11:20.334Z] [DEBUG] Finding reports to execute in company_9jxwph8g (current time: 2025-06-24T11:11:20.334Z)
[2025-06-24T11:11:20.389Z] [INFO] Found 0 reports to execute in company_9jxwph8g
[2025-06-24T11:11:20.390Z] [INFO] Scheduled reports check completed
[2025-06-24T11:11:20.391Z] [DEBUG] MongoDB connection closed
[2025-06-24T11:11:49.629Z] [INFO] Checking for scheduled reports...
[2025-06-24T11:11:50.357Z] [DEBUG] Connected to MongoDB
[2025-06-24T11:11:50.423Z] [INFO] Found 1 company databases
[2025-06-24T11:11:50.424Z] [DEBUG] Processing company database: company_9jxwph8g
[2025-06-24T11:11:50.479Z] [DEBUG] Finding reports to execute in company_9jxwph8g (current time: 2025-06-24T11:11:50.479Z)
[2025-06-24T11:11:50.535Z] [INFO] Found 0 reports to execute in company_9jxwph8g
[2025-06-24T11:11:50.536Z] [INFO] Scheduled reports check completed
[2025-06-24T11:11:50.539Z] [DEBUG] MongoDB connection closed
Tue Jun 24 06:12:00 CDT 2025: Checking if NextJS server is running...
Tue Jun 24 06:12:00 CDT 2025: Running scheduled reports
/Users/sim/Project2/scripts/../scripts/run-simple-scheduled-reports.sh: line 16: node: command not found
Tue Jun 24 06:12:00 CDT 2025: NextJS server is not running. Skipping scheduled reports check.
[2025-06-24T11:12:19.631Z] [INFO] Checking for scheduled reports...
[2025-06-24T11:12:20.696Z] [DEBUG] Connected to MongoDB
[2025-06-24T11:12:20.770Z] [INFO] Found 1 company databases
[2025-06-24T11:12:20.771Z] [DEBUG] Processing company database: company_9jxwph8g
[2025-06-24T11:12:20.827Z] [DEBUG] Finding reports to execute in company_9jxwph8g (current time: 2025-06-24T11:12:20.827Z)
[2025-06-24T11:12:20.885Z] [INFO] Found 0 reports to execute in company_9jxwph8g
[2025-06-24T11:12:20.886Z] [INFO] Scheduled reports check completed
[2025-06-24T11:12:20.888Z] [DEBUG] MongoDB connection closed
[2025-06-24T11:12:49.632Z] [INFO] Checking for scheduled reports...
[2025-06-24T11:12:50.329Z] [DEBUG] Connected to MongoDB
[2025-06-24T11:12:50.401Z] [INFO] Found 1 company databases
[2025-06-24T11:12:50.402Z] [DEBUG] Processing company database: company_9jxwph8g
[2025-06-24T11:12:50.458Z] [DEBUG] Finding reports to execute in company_9jxwph8g (current time: 2025-06-24T11:12:50.458Z)
[2025-06-24T11:12:50.514Z] [INFO] Found 0 reports to execute in company_9jxwph8g
[2025-06-24T11:12:50.514Z] [INFO] Scheduled reports check completed
[2025-06-24T11:12:50.516Z] [DEBUG] MongoDB connection closed
Tue Jun 24 06:13:00 CDT 2025: Checking if NextJS server is running...
Tue Jun 24 06:13:00 CDT 2025: Running scheduled reports
/Users/sim/Project2/scripts/../scripts/run-simple-scheduled-reports.sh: line 16: node: command not found
Tue Jun 24 06:13:00 CDT 2025: NextJS server is not running. Skipping scheduled reports check.
[2025-06-24T11:13:19.634Z] [INFO] Checking for scheduled reports...
[2025-06-24T11:13:20.853Z] [DEBUG] Connected to MongoDB
[2025-06-24T11:13:20.920Z] [INFO] Found 1 company databases
[2025-06-24T11:13:20.921Z] [DEBUG] Processing company database: company_9jxwph8g
[2025-06-24T11:13:20.977Z] [DEBUG] Finding reports to execute in company_9jxwph8g (current time: 2025-06-24T11:13:20.977Z)
[2025-06-24T11:13:21.033Z] [INFO] Found 0 reports to execute in company_9jxwph8g
[2025-06-24T11:13:21.034Z] [INFO] Scheduled reports check completed
[2025-06-24T11:13:21.037Z] [DEBUG] MongoDB connection closed
[2025-06-24T11:13:49.634Z] [INFO] Checking for scheduled reports...
[2025-06-24T11:13:50.353Z] [DEBUG] Connected to MongoDB
[2025-06-24T11:13:50.421Z] [INFO] Found 1 company databases
[2025-06-24T11:13:50.421Z] [DEBUG] Processing company database: company_9jxwph8g
[2025-06-24T11:13:50.500Z] [DEBUG] Finding reports to execute in company_9jxwph8g (current time: 2025-06-24T11:13:50.500Z)
[2025-06-24T11:13:50.557Z] [INFO] Found 0 reports to execute in company_9jxwph8g
[2025-06-24T11:13:50.557Z] [INFO] Scheduled reports check completed
[2025-06-24T11:13:50.559Z] [DEBUG] MongoDB connection closed
Tue Jun 24 06:14:01 CDT 2025: Checking if NextJS server is running...
Tue Jun 24 06:14:01 CDT 2025: Running scheduled reports
/Users/sim/Project2/scripts/../scripts/run-simple-scheduled-reports.sh: line 16: node: command not found
Tue Jun 24 06:14:01 CDT 2025: NextJS server is not running. Skipping scheduled reports check.
[2025-06-24T11:14:19.636Z] [INFO] Checking for scheduled reports...
[2025-06-24T11:14:20.292Z] [DEBUG] Connected to MongoDB
[2025-06-24T11:14:20.364Z] [INFO] Found 1 company databases
[2025-06-24T11:14:20.365Z] [DEBUG] Processing company database: company_9jxwph8g
[2025-06-24T11:14:20.420Z] [DEBUG] Finding reports to execute in company_9jxwph8g (current time: 2025-06-24T11:14:20.420Z)
[2025-06-24T11:14:20.475Z] [INFO] Found 0 reports to execute in company_9jxwph8g
[2025-06-24T11:14:20.476Z] [INFO] Scheduled reports check completed
[2025-06-24T11:14:20.478Z] [DEBUG] MongoDB connection closed
[2025-06-24T11:14:49.636Z] [INFO] Checking for scheduled reports...
[2025-06-24T11:14:50.598Z] [DEBUG] Connected to MongoDB
[2025-06-24T11:14:50.739Z] [INFO] Found 1 company databases
[2025-06-24T11:14:50.741Z] [DEBUG] Processing company database: company_9jxwph8g
[2025-06-24T11:14:50.826Z] [DEBUG] Finding reports to execute in company_9jxwph8g (current time: 2025-06-24T11:14:50.826Z)
[2025-06-24T11:14:50.998Z] [INFO] Found 0 reports to execute in company_9jxwph8g
[2025-06-24T11:14:50.998Z] [INFO] Scheduled reports check completed
[2025-06-24T11:14:51.001Z] [DEBUG] MongoDB connection closed
Tue Jun 24 06:15:00 CDT 2025: Checking if NextJS server is running...
Tue Jun 24 06:15:00 CDT 2025: Running scheduled reports
/Users/sim/Project2/scripts/../scripts/run-simple-scheduled-reports.sh: line 16: node: command not found
Tue Jun 24 06:15:00 CDT 2025: NextJS server is not running. Skipping scheduled reports check.
[2025-06-24T11:15:19.638Z] [INFO] Checking for scheduled reports...
[2025-06-24T11:15:21.970Z] [DEBUG] Connected to MongoDB
[2025-06-24T11:15:22.037Z] [INFO] Found 1 company databases
[2025-06-24T11:15:22.037Z] [DEBUG] Processing company database: company_9jxwph8g
[2025-06-24T11:15:22.094Z] [DEBUG] Finding reports to execute in company_9jxwph8g (current time: 2025-06-24T11:15:22.094Z)
[2025-06-24T11:15:22.149Z] [INFO] Found 0 reports to execute in company_9jxwph8g
[2025-06-24T11:15:22.150Z] [INFO] Scheduled reports check completed
[2025-06-24T11:15:22.152Z] [DEBUG] MongoDB connection closed
[2025-06-24T11:15:49.638Z] [INFO] Checking for scheduled reports...
[2025-06-24T11:15:50.802Z] [DEBUG] Connected to MongoDB
[2025-06-24T11:15:50.873Z] [INFO] Found 1 company databases
[2025-06-24T11:15:50.874Z] [DEBUG] Processing company database: company_9jxwph8g
[2025-06-24T11:15:50.932Z] [DEBUG] Finding reports to execute in company_9jxwph8g (current time: 2025-06-24T11:15:50.932Z)
[2025-06-24T11:15:51.000Z] [INFO] Found 0 reports to execute in company_9jxwph8g
[2025-06-24T11:15:51.001Z] [INFO] Scheduled reports check completed
[2025-06-24T11:15:51.003Z] [DEBUG] MongoDB connection closed
Tue Jun 24 06:16:00 CDT 2025: Checking if NextJS server is running...
Tue Jun 24 06:16:00 CDT 2025: Running scheduled reports
/Users/sim/Project2/scripts/../scripts/run-simple-scheduled-reports.sh: line 16: node: command not found
Tue Jun 24 06:16:00 CDT 2025: NextJS server is not running. Skipping scheduled reports check.
[2025-06-24T11:16:19.639Z] [INFO] Checking for scheduled reports...
[2025-06-24T11:16:20.353Z] [DEBUG] Connected to MongoDB
[2025-06-24T11:16:20.429Z] [INFO] Found 1 company databases
[2025-06-24T11:16:20.430Z] [DEBUG] Processing company database: company_9jxwph8g
[2025-06-24T11:16:20.492Z] [DEBUG] Finding reports to execute in company_9jxwph8g (current time: 2025-06-24T11:16:20.492Z)
[2025-06-24T11:16:20.549Z] [INFO] Found 0 reports to execute in company_9jxwph8g
[2025-06-24T11:16:20.550Z] [INFO] Scheduled reports check completed
[2025-06-24T11:16:20.552Z] [DEBUG] MongoDB connection closed
[2025-06-24T11:16:49.641Z] [INFO] Checking for scheduled reports...
[2025-06-24T11:16:50.356Z] [DEBUG] Connected to MongoDB
[2025-06-24T11:16:50.426Z] [INFO] Found 1 company databases
[2025-06-24T11:16:50.427Z] [DEBUG] Processing company database: company_9jxwph8g
[2025-06-24T11:16:50.491Z] [DEBUG] Finding reports to execute in company_9jxwph8g (current time: 2025-06-24T11:16:50.491Z)
[2025-06-24T11:16:50.549Z] [INFO] Found 0 reports to execute in company_9jxwph8g
[2025-06-24T11:16:50.549Z] [INFO] Scheduled reports check completed
[2025-06-24T11:16:50.551Z] [DEBUG] MongoDB connection closed
Tue Jun 24 06:17:00 CDT 2025: Checking if NextJS server is running...
Tue Jun 24 06:17:00 CDT 2025: Running scheduled reports
/Users/sim/Project2/scripts/../scripts/run-simple-scheduled-reports.sh: line 16: node: command not found
Tue Jun 24 06:17:00 CDT 2025: NextJS server is not running. Skipping scheduled reports check.
[2025-06-24T11:17:19.642Z] [INFO] Checking for scheduled reports...
[2025-06-24T11:17:20.783Z] [DEBUG] Connected to MongoDB
[2025-06-24T11:17:20.856Z] [INFO] Found 1 company databases
[2025-06-24T11:17:20.856Z] [DEBUG] Processing company database: company_9jxwph8g
[2025-06-24T11:17:20.921Z] [DEBUG] Finding reports to execute in company_9jxwph8g (current time: 2025-06-24T11:17:20.921Z)
[2025-06-24T11:17:20.980Z] [INFO] Found 0 reports to execute in company_9jxwph8g
[2025-06-24T11:17:20.980Z] [INFO] Scheduled reports check completed
[2025-06-24T11:17:20.982Z] [DEBUG] MongoDB connection closed
[2025-06-24T11:17:49.643Z] [INFO] Checking for scheduled reports...
[2025-06-24T11:17:50.454Z] [DEBUG] Connected to MongoDB
[2025-06-24T11:17:50.595Z] [INFO] Found 1 company databases
[2025-06-24T11:17:50.596Z] [DEBUG] Processing company database: company_9jxwph8g
[2025-06-24T11:17:50.707Z] [DEBUG] Finding reports to execute in company_9jxwph8g (current time: 2025-06-24T11:17:50.707Z)
[2025-06-24T11:17:51.031Z] [INFO] Found 0 reports to execute in company_9jxwph8g
[2025-06-24T11:17:51.032Z] [INFO] Scheduled reports check completed
[2025-06-24T11:17:51.034Z] [DEBUG] MongoDB connection closed
Tue Jun 24 06:18:00 CDT 2025: Checking if NextJS server is running...
Tue Jun 24 06:18:00 CDT 2025: Running scheduled reports
/Users/sim/Project2/scripts/../scripts/run-simple-scheduled-reports.sh: line 16: node: command not found
Tue Jun 24 06:18:00 CDT 2025: NextJS server is not running. Skipping scheduled reports check.
[2025-06-24T11:18:19.644Z] [INFO] Checking for scheduled reports...
[2025-06-24T11:18:20.273Z] [DEBUG] Connected to MongoDB
[2025-06-24T11:18:20.343Z] [INFO] Found 1 company databases
[2025-06-24T11:18:20.343Z] [DEBUG] Processing company database: company_9jxwph8g
[2025-06-24T11:18:20.402Z] [DEBUG] Finding reports to execute in company_9jxwph8g (current time: 2025-06-24T11:18:20.402Z)
[2025-06-24T11:18:20.464Z] [INFO] Found 0 reports to execute in company_9jxwph8g
[2025-06-24T11:18:20.465Z] [INFO] Scheduled reports check completed
[2025-06-24T11:18:20.467Z] [DEBUG] MongoDB connection closed
[2025-06-24T11:18:49.646Z] [INFO] Checking for scheduled reports...
[2025-06-24T11:18:50.876Z] [DEBUG] Connected to MongoDB
[2025-06-24T11:18:50.948Z] [INFO] Found 1 company databases
[2025-06-24T11:18:50.948Z] [DEBUG] Processing company database: company_9jxwph8g
[2025-06-24T11:18:51.004Z] [DEBUG] Finding reports to execute in company_9jxwph8g (current time: 2025-06-24T11:18:51.004Z)
[2025-06-24T11:18:51.068Z] [INFO] Found 0 reports to execute in company_9jxwph8g
[2025-06-24T11:18:51.068Z] [INFO] Scheduled reports check completed
[2025-06-24T11:18:51.070Z] [DEBUG] MongoDB connection closed
Tue Jun 24 06:19:00 CDT 2025: Checking if NextJS server is running...
Tue Jun 24 06:19:00 CDT 2025: Running scheduled reports
/Users/sim/Project2/scripts/../scripts/run-simple-scheduled-reports.sh: line 16: node: command not found
Tue Jun 24 06:19:00 CDT 2025: NextJS server is not running. Skipping scheduled reports check.
[2025-06-24T11:19:19.646Z] [INFO] Checking for scheduled reports...
[2025-06-24T11:19:20.342Z] [DEBUG] Connected to MongoDB
[2025-06-24T11:19:20.414Z] [INFO] Found 1 company databases
[2025-06-24T11:19:20.415Z] [DEBUG] Processing company database: company_9jxwph8g
[2025-06-24T11:19:20.473Z] [DEBUG] Finding reports to execute in company_9jxwph8g (current time: 2025-06-24T11:19:20.473Z)
[2025-06-24T11:19:20.530Z] [INFO] Found 0 reports to execute in company_9jxwph8g
[2025-06-24T11:19:20.530Z] [INFO] Scheduled reports check completed
[2025-06-24T11:19:20.532Z] [DEBUG] MongoDB connection closed
[2025-06-24T11:19:49.647Z] [INFO] Checking for scheduled reports...
[2025-06-24T11:19:50.797Z] [DEBUG] Connected to MongoDB
[2025-06-24T11:19:50.865Z] [INFO] Found 1 company databases
[2025-06-24T11:19:50.865Z] [DEBUG] Processing company database: company_9jxwph8g
[2025-06-24T11:19:50.929Z] [DEBUG] Finding reports to execute in company_9jxwph8g (current time: 2025-06-24T11:19:50.929Z)
[2025-06-24T11:19:50.986Z] [INFO] Found 0 reports to execute in company_9jxwph8g
[2025-06-24T11:19:50.987Z] [INFO] Scheduled reports check completed
[2025-06-24T11:19:50.988Z] [DEBUG] MongoDB connection closed
Tue Jun 24 06:20:00 CDT 2025: Checking if NextJS server is running...
Tue Jun 24 06:20:00 CDT 2025: Running scheduled reports
/Users/sim/Project2/scripts/../scripts/run-simple-scheduled-reports.sh: line 16: node: command not found
Tue Jun 24 06:20:00 CDT 2025: NextJS server is not running. Skipping scheduled reports check.
[2025-06-24T11:20:19.640Z] [INFO] Checking for scheduled reports...
[2025-06-24T11:20:20.250Z] [DEBUG] Connected to MongoDB
[2025-06-24T11:20:20.322Z] [INFO] Found 1 company databases
[2025-06-24T11:20:20.323Z] [DEBUG] Processing company database: company_9jxwph8g
[2025-06-24T11:20:20.385Z] [DEBUG] Finding reports to execute in company_9jxwph8g (current time: 2025-06-24T11:20:20.385Z)
[2025-06-24T11:20:20.447Z] [INFO] Found 0 reports to execute in company_9jxwph8g
[2025-06-24T11:20:20.448Z] [INFO] Scheduled reports check completed
[2025-06-24T11:20:20.453Z] [DEBUG] MongoDB connection closed
[2025-06-24T11:20:49.640Z] [INFO] Checking for scheduled reports...
[2025-06-24T11:20:50.442Z] [DEBUG] Connected to MongoDB
[2025-06-24T11:20:50.509Z] [INFO] Found 1 company databases
[2025-06-24T11:20:50.510Z] [DEBUG] Processing company database: company_9jxwph8g
[2025-06-24T11:20:50.569Z] [DEBUG] Finding reports to execute in company_9jxwph8g (current time: 2025-06-24T11:20:50.569Z)
[2025-06-24T11:20:50.627Z] [INFO] Found 0 reports to execute in company_9jxwph8g
[2025-06-24T11:20:50.627Z] [INFO] Scheduled reports check completed
[2025-06-24T11:20:50.629Z] [DEBUG] MongoDB connection closed
Tue Jun 24 06:21:00 CDT 2025: Checking if NextJS server is running...
Tue Jun 24 06:21:00 CDT 2025: Running scheduled reports
/Users/sim/Project2/scripts/../scripts/run-simple-scheduled-reports.sh: line 16: node: command not found
Tue Jun 24 06:21:00 CDT 2025: NextJS server is not running. Skipping scheduled reports check.
[2025-06-24T11:21:19.642Z] [INFO] Checking for scheduled reports...
[2025-06-24T11:21:20.312Z] [DEBUG] Connected to MongoDB
[2025-06-24T11:21:20.389Z] [INFO] Found 1 company databases
[2025-06-24T11:21:20.389Z] [DEBUG] Processing company database: company_9jxwph8g
[2025-06-24T11:21:20.451Z] [DEBUG] Finding reports to execute in company_9jxwph8g (current time: 2025-06-24T11:21:20.451Z)
[2025-06-24T11:21:20.508Z] [INFO] Found 0 reports to execute in company_9jxwph8g
[2025-06-24T11:21:20.508Z] [INFO] Scheduled reports check completed
[2025-06-24T11:21:20.510Z] [DEBUG] MongoDB connection closed
[2025-06-24T11:21:49.643Z] [INFO] Checking for scheduled reports...
[2025-06-24T11:21:50.668Z] [DEBUG] Connected to MongoDB
[2025-06-24T11:21:50.740Z] [INFO] Found 1 company databases
[2025-06-24T11:21:50.741Z] [DEBUG] Processing company database: company_9jxwph8g
[2025-06-24T11:21:50.819Z] [DEBUG] Finding reports to execute in company_9jxwph8g (current time: 2025-06-24T11:21:50.819Z)
[2025-06-24T11:21:50.877Z] [INFO] Found 0 reports to execute in company_9jxwph8g
[2025-06-24T11:21:50.877Z] [INFO] Scheduled reports check completed
[2025-06-24T11:21:50.879Z] [DEBUG] MongoDB connection closed
Tue Jun 24 06:22:01 CDT 2025: Running scheduled reports
Tue Jun 24 06:22:01 CDT 2025: Checking if NextJS server is running...
/Users/sim/Project2/scripts/../scripts/run-simple-scheduled-reports.sh: line 16: node: command not found
Tue Jun 24 06:22:01 CDT 2025: NextJS server is not running. Skipping scheduled reports check.
[2025-06-24T11:22:19.644Z] [INFO] Checking for scheduled reports...
[2025-06-24T11:22:20.294Z] [DEBUG] Connected to MongoDB
[2025-06-24T11:22:20.362Z] [INFO] Found 1 company databases
[2025-06-24T11:22:20.363Z] [DEBUG] Processing company database: company_9jxwph8g
[2025-06-24T11:22:20.420Z] [DEBUG] Finding reports to execute in company_9jxwph8g (current time: 2025-06-24T11:22:20.420Z)
[2025-06-24T11:22:20.476Z] [INFO] Found 0 reports to execute in company_9jxwph8g
[2025-06-24T11:22:20.477Z] [INFO] Scheduled reports check completed
[2025-06-24T11:22:20.478Z] [DEBUG] MongoDB connection closed
[2025-06-24T11:22:49.645Z] [INFO] Checking for scheduled reports...
[2025-06-24T11:22:50.349Z] [DEBUG] Connected to MongoDB
[2025-06-24T11:22:50.421Z] [INFO] Found 1 company databases
[2025-06-24T11:22:50.422Z] [DEBUG] Processing company database: company_9jxwph8g
[2025-06-24T11:22:50.492Z] [DEBUG] Finding reports to execute in company_9jxwph8g (current time: 2025-06-24T11:22:50.492Z)
[2025-06-24T11:22:50.552Z] [INFO] Found 0 reports to execute in company_9jxwph8g
[2025-06-24T11:22:50.553Z] [INFO] Scheduled reports check completed
[2025-06-24T11:22:50.555Z] [DEBUG] MongoDB connection closed
Tue Jun 24 06:23:00 CDT 2025: Checking if NextJS server is running...
Tue Jun 24 06:23:00 CDT 2025: Running scheduled reports
/Users/sim/Project2/scripts/../scripts/run-simple-scheduled-reports.sh: line 16: node: command not found
Tue Jun 24 06:23:00 CDT 2025: NextJS server is not running. Skipping scheduled reports check.
[2025-06-24T11:23:19.646Z] [INFO] Checking for scheduled reports...
[2025-06-24T11:23:20.331Z] [DEBUG] Connected to MongoDB
[2025-06-24T11:23:20.401Z] [INFO] Found 1 company databases
[2025-06-24T11:23:20.402Z] [DEBUG] Processing company database: company_9jxwph8g
[2025-06-24T11:23:20.461Z] [DEBUG] Finding reports to execute in company_9jxwph8g (current time: 2025-06-24T11:23:20.461Z)
[2025-06-24T11:23:20.523Z] [INFO] Found 0 reports to execute in company_9jxwph8g
[2025-06-24T11:23:20.524Z] [INFO] Scheduled reports check completed
[2025-06-24T11:23:20.527Z] [DEBUG] MongoDB connection closed
[2025-06-24T11:23:49.648Z] [INFO] Checking for scheduled reports...
[2025-06-24T11:23:50.381Z] [DEBUG] Connected to MongoDB
[2025-06-24T11:23:50.456Z] [INFO] Found 1 company databases
[2025-06-24T11:23:50.457Z] [DEBUG] Processing company database: company_9jxwph8g
[2025-06-24T11:23:50.517Z] [DEBUG] Finding reports to execute in company_9jxwph8g (current time: 2025-06-24T11:23:50.517Z)
[2025-06-24T11:23:50.574Z] [INFO] Found 0 reports to execute in company_9jxwph8g
[2025-06-24T11:23:50.575Z] [INFO] Scheduled reports check completed
[2025-06-24T11:23:50.578Z] [DEBUG] MongoDB connection closed
Tue Jun 24 06:24:00 CDT 2025: Checking if NextJS server is running...
Tue Jun 24 06:24:00 CDT 2025: Running scheduled reports
/Users/sim/Project2/scripts/../scripts/run-simple-scheduled-reports.sh: line 16: node: command not found
Tue Jun 24 06:24:00 CDT 2025: NextJS server is not running. Skipping scheduled reports check.
