Tue Jun 10 00:12:00 CDT 2025: Checking if NextJS server is running...
Tue Jun 10 00:12:00 CDT 2025: Running scheduled reports
/Users/sim/Project2/scripts/../scripts/run-simple-scheduled-reports.sh: line 16: node: command not found
Tue Jun 10 00:12:00 CDT 2025: NextJS server is not running. Skipping scheduled reports check.
Tue Jun 10 00:22:11 CDT 2025: Checking if NextJS server is running...
Tue Jun 10 00:22:11 CDT 2025: Running scheduled reports
/Users/sim/Project2/scripts/../scripts/run-simple-scheduled-reports.sh: line 16: node: command not found
Tue Jun 10 00:22:11 CDT 2025: NextJS server is not running. Skipping scheduled reports check.
Tue Jun 10 00:23:01 CDT 2025: Running scheduled reports
Tue Jun 10 00:23:01 CDT 2025: Checking if NextJS server is running...
/Users/sim/Project2/scripts/../scripts/run-simple-scheduled-reports.sh: line 16: node: command not found
Tue Jun 10 00:23:01 CDT 2025: NextJS server is not running. Skipping scheduled reports check.
Tue Jun 10 00:24:00 CDT 2025: Running scheduled reports
Tue Jun 10 00:24:00 CDT 2025: Checking if NextJS server is running...
/Users/sim/Project2/scripts/../scripts/run-simple-scheduled-reports.sh: line 16: node: command not found
Tue Jun 10 00:24:01 CDT 2025: NextJS server is not running. Skipping scheduled reports check.
Tue Jun 10 00:25:00 CDT 2025: Checking if NextJS server is running...
Tue Jun 10 00:25:00 CDT 2025: Running scheduled reports
/Users/sim/Project2/scripts/../scripts/run-simple-scheduled-reports.sh: line 16: node: command not found
Tue Jun 10 00:25:01 CDT 2025: NextJS server is not running. Skipping scheduled reports check.
Tue Jun 10 00:26:00 CDT 2025: Checking if NextJS server is running...
Tue Jun 10 00:26:00 CDT 2025: Running scheduled reports
/Users/sim/Project2/scripts/../scripts/run-simple-scheduled-reports.sh: line 16: node: command not found
Tue Jun 10 00:26:00 CDT 2025: NextJS server is not running. Skipping scheduled reports check.
Tue Jun 10 00:27:00 CDT 2025: Running scheduled reports
Tue Jun 10 00:27:00 CDT 2025: Checking if NextJS server is running...
/Users/sim/Project2/scripts/../scripts/run-simple-scheduled-reports.sh: line 16: node: command not found
Tue Jun 10 00:27:00 CDT 2025: NextJS server is not running. Skipping scheduled reports check.
Tue Jun 10 00:28:01 CDT 2025: Checking if NextJS server is running...
Tue Jun 10 00:28:01 CDT 2025: Running scheduled reports
/Users/sim/Project2/scripts/../scripts/run-simple-scheduled-reports.sh: line 16: node: command not found
Tue Jun 10 00:28:01 CDT 2025: NextJS server is not running. Skipping scheduled reports check.
Tue Jun 10 00:29:01 CDT 2025: Checking if NextJS server is running...
Tue Jun 10 00:29:01 CDT 2025: Running scheduled reports
/Users/sim/Project2/scripts/../scripts/run-simple-scheduled-reports.sh: line 16: node: command not found
Tue Jun 10 00:29:01 CDT 2025: NextJS server is not running. Skipping scheduled reports check.
Tue Jun 10 00:30:00 CDT 2025: Running scheduled reports
Tue Jun 10 00:30:00 CDT 2025: Checking if NextJS server is running...
/Users/sim/Project2/scripts/../scripts/run-simple-scheduled-reports.sh: line 16: node: command not found
Tue Jun 10 00:30:00 CDT 2025: NextJS server is not running. Skipping scheduled reports check.
Tue Jun 10 00:31:01 CDT 2025: Running scheduled reports
Tue Jun 10 00:31:01 CDT 2025: Checking if NextJS server is running...
/Users/sim/Project2/scripts/../scripts/run-simple-scheduled-reports.sh: line 16: node: command not found
Tue Jun 10 00:31:01 CDT 2025: NextJS server is not running. Skipping scheduled reports check.
Tue Jun 10 00:32:00 CDT 2025: Checking if NextJS server is running...
Tue Jun 10 00:32:00 CDT 2025: Running scheduled reports
/Users/sim/Project2/scripts/../scripts/run-simple-scheduled-reports.sh: line 16: node: command not found
Tue Jun 10 00:32:00 CDT 2025: NextJS server is not running. Skipping scheduled reports check.
Tue Jun 10 00:33:01 CDT 2025: Checking if NextJS server is running...
Tue Jun 10 00:33:01 CDT 2025: Running scheduled reports
/Users/sim/Project2/scripts/../scripts/run-simple-scheduled-reports.sh: line 16: node: command not found
Tue Jun 10 00:33:01 CDT 2025: NextJS server is not running. Skipping scheduled reports check.
Tue Jun 10 00:34:01 CDT 2025: Checking if NextJS server is running...
Tue Jun 10 00:34:01 CDT 2025: Running scheduled reports
/Users/sim/Project2/scripts/../scripts/run-simple-scheduled-reports.sh: line 16: node: command not found
Tue Jun 10 00:34:02 CDT 2025: NextJS server is not running. Skipping scheduled reports check.
Tue Jun 10 00:35:00 CDT 2025: Checking if NextJS server is running...
Tue Jun 10 00:35:00 CDT 2025: Running scheduled reports
/Users/sim/Project2/scripts/../scripts/run-simple-scheduled-reports.sh: line 16: node: command not found
Tue Jun 10 00:35:01 CDT 2025: NextJS server is not running. Skipping scheduled reports check.
Tue Jun 10 00:36:00 CDT 2025: Running scheduled reports
Tue Jun 10 00:36:00 CDT 2025: Checking if NextJS server is running...
/Users/sim/Project2/scripts/../scripts/run-simple-scheduled-reports.sh: line 16: node: command not found
Tue Jun 10 00:36:00 CDT 2025: NextJS server is not running. Skipping scheduled reports check.
Tue Jun 10 00:37:01 CDT 2025: Running scheduled reports
Tue Jun 10 00:37:01 CDT 2025: Checking if NextJS server is running...
/Users/sim/Project2/scripts/../scripts/run-simple-scheduled-reports.sh: line 16: node: command not found
Tue Jun 10 00:37:01 CDT 2025: NextJS server is not running. Skipping scheduled reports check.
Tue Jun 10 00:38:01 CDT 2025: Checking if NextJS server is running...
Tue Jun 10 00:38:01 CDT 2025: Running scheduled reports
/Users/sim/Project2/scripts/../scripts/run-simple-scheduled-reports.sh: line 16: node: command not found
Tue Jun 10 00:38:01 CDT 2025: NextJS server is not running. Skipping scheduled reports check.
Tue Jun 10 00:39:01 CDT 2025: Running scheduled reports
Tue Jun 10 00:39:01 CDT 2025: Checking if NextJS server is running...
/Users/sim/Project2/scripts/../scripts/run-simple-scheduled-reports.sh: line 16: node: command not found
Tue Jun 10 00:39:01 CDT 2025: NextJS server is not running. Skipping scheduled reports check.
Tue Jun 10 00:40:00 CDT 2025: Running scheduled reports
Tue Jun 10 00:40:00 CDT 2025: Checking if NextJS server is running...
/Users/sim/Project2/scripts/../scripts/run-simple-scheduled-reports.sh: line 16: node: command not found
Tue Jun 10 00:40:00 CDT 2025: NextJS server is not running. Skipping scheduled reports check.
Tue Jun 10 00:41:01 CDT 2025: Checking if NextJS server is running...
Tue Jun 10 00:41:01 CDT 2025: Running scheduled reports
/Users/sim/Project2/scripts/../scripts/run-simple-scheduled-reports.sh: line 16: node: command not found
Tue Jun 10 00:41:01 CDT 2025: NextJS server is not running. Skipping scheduled reports check.
Tue Jun 10 00:42:00 CDT 2025: Running scheduled reports
Tue Jun 10 00:42:00 CDT 2025: Checking if NextJS server is running...
/Users/sim/Project2/scripts/../scripts/run-simple-scheduled-reports.sh: line 16: node: command not found
Tue Jun 10 00:42:00 CDT 2025: NextJS server is not running. Skipping scheduled reports check.
Tue Jun 10 00:43:00 CDT 2025: Running scheduled reports
Tue Jun 10 00:43:00 CDT 2025: Checking if NextJS server is running...
/Users/sim/Project2/scripts/../scripts/run-simple-scheduled-reports.sh: line 16: node: command not found
Tue Jun 10 00:43:00 CDT 2025: NextJS server is not running. Skipping scheduled reports check.
Tue Jun 10 00:44:00 CDT 2025: Running scheduled reports
Tue Jun 10 00:44:00 CDT 2025: Checking if NextJS server is running...
/Users/sim/Project2/scripts/../scripts/run-simple-scheduled-reports.sh: line 16: node: command not found
Tue Jun 10 00:44:00 CDT 2025: NextJS server is not running. Skipping scheduled reports check.
Tue Jun 10 00:45:00 CDT 2025: Running scheduled reports
Tue Jun 10 00:45:00 CDT 2025: Checking if NextJS server is running...
/Users/sim/Project2/scripts/../scripts/run-simple-scheduled-reports.sh: line 16: node: command not found
Tue Jun 10 00:45:00 CDT 2025: NextJS server is not running. Skipping scheduled reports check.
Tue Jun 10 00:46:01 CDT 2025: Running scheduled reports
Tue Jun 10 00:46:01 CDT 2025: Checking if NextJS server is running...
/Users/sim/Project2/scripts/../scripts/run-simple-scheduled-reports.sh: line 16: node: command not found
Tue Jun 10 00:46:01 CDT 2025: NextJS server is not running. Skipping scheduled reports check.
Tue Jun 10 00:47:00 CDT 2025: Running scheduled reports
Tue Jun 10 00:47:00 CDT 2025: Checking if NextJS server is running...
/Users/sim/Project2/scripts/../scripts/run-simple-scheduled-reports.sh: line 16: node: command not found
Tue Jun 10 00:47:00 CDT 2025: NextJS server is not running. Skipping scheduled reports check.
Tue Jun 10 00:48:00 CDT 2025: Checking if NextJS server is running...
Tue Jun 10 00:48:00 CDT 2025: Running scheduled reports
/Users/sim/Project2/scripts/../scripts/run-simple-scheduled-reports.sh: line 16: node: command not found
Tue Jun 10 00:48:00 CDT 2025: NextJS server is not running. Skipping scheduled reports check.
Tue Jun 10 00:49:00 CDT 2025: Running scheduled reports
Tue Jun 10 00:49:00 CDT 2025: Checking if NextJS server is running...
/Users/sim/Project2/scripts/../scripts/run-simple-scheduled-reports.sh: line 16: node: command not found
Tue Jun 10 00:49:00 CDT 2025: NextJS server is not running. Skipping scheduled reports check.
Tue Jun 10 00:50:01 CDT 2025: Running scheduled reports
Tue Jun 10 00:50:01 CDT 2025: Checking if NextJS server is running...
/Users/sim/Project2/scripts/../scripts/run-simple-scheduled-reports.sh: line 16: node: command not found
Tue Jun 10 00:50:01 CDT 2025: NextJS server is not running. Skipping scheduled reports check.
Tue Jun 10 00:51:00 CDT 2025: Running scheduled reports
Tue Jun 10 00:51:00 CDT 2025: Checking if NextJS server is running...
/Users/sim/Project2/scripts/../scripts/run-simple-scheduled-reports.sh: line 16: node: command not found
Tue Jun 10 00:51:00 CDT 2025: NextJS server is not running. Skipping scheduled reports check.
Tue Jun 10 00:52:00 CDT 2025: Checking if NextJS server is running...
Tue Jun 10 00:52:00 CDT 2025: Running scheduled reports
/Users/sim/Project2/scripts/../scripts/run-simple-scheduled-reports.sh: line 16: node: command not found
Tue Jun 10 00:52:00 CDT 2025: NextJS server is not running. Skipping scheduled reports check.
Tue Jun 10 00:53:00 CDT 2025: Running scheduled reports
Tue Jun 10 00:53:00 CDT 2025: Checking if NextJS server is running...
/Users/sim/Project2/scripts/../scripts/run-simple-scheduled-reports.sh: line 16: node: command not found
Tue Jun 10 00:53:00 CDT 2025: NextJS server is not running. Skipping scheduled reports check.
Tue Jun 10 00:54:01 CDT 2025: Running scheduled reports
Tue Jun 10 00:54:01 CDT 2025: Checking if NextJS server is running...
/Users/sim/Project2/scripts/../scripts/run-simple-scheduled-reports.sh: line 16: node: command not found
Tue Jun 10 00:54:01 CDT 2025: NextJS server is not running. Skipping scheduled reports check.
Tue Jun 10 00:55:00 CDT 2025: Running scheduled reports
Tue Jun 10 00:55:00 CDT 2025: Checking if NextJS server is running...
/Users/sim/Project2/scripts/../scripts/run-simple-scheduled-reports.sh: line 16: node: command not found
Tue Jun 10 00:55:00 CDT 2025: NextJS server is not running. Skipping scheduled reports check.
Tue Jun 10 00:56:00 CDT 2025: Running scheduled reports
Tue Jun 10 00:56:00 CDT 2025: Checking if NextJS server is running...
/Users/sim/Project2/scripts/../scripts/run-simple-scheduled-reports.sh: line 16: node: command not found
Tue Jun 10 00:56:00 CDT 2025: NextJS server is not running. Skipping scheduled reports check.
Tue Jun 10 00:57:00 CDT 2025: Running scheduled reports
Tue Jun 10 00:57:00 CDT 2025: Checking if NextJS server is running...
/Users/sim/Project2/scripts/../scripts/run-simple-scheduled-reports.sh: line 16: node: command not found
Tue Jun 10 00:57:00 CDT 2025: NextJS server is not running. Skipping scheduled reports check.
Tue Jun 10 00:58:00 CDT 2025: Running scheduled reports
Tue Jun 10 00:58:00 CDT 2025: Checking if NextJS server is running...
/Users/sim/Project2/scripts/../scripts/run-simple-scheduled-reports.sh: line 16: node: command not found
Tue Jun 10 00:58:00 CDT 2025: NextJS server is not running. Skipping scheduled reports check.
Tue Jun 10 00:59:01 CDT 2025: Running scheduled reports
Tue Jun 10 00:59:01 CDT 2025: Checking if NextJS server is running...
/Users/sim/Project2/scripts/../scripts/run-simple-scheduled-reports.sh: line 16: node: command not found
Tue Jun 10 00:59:01 CDT 2025: NextJS server is not running. Skipping scheduled reports check.
Tue Jun 10 01:00:00 CDT 2025: Checking if NextJS server is running...
Tue Jun 10 01:00:00 CDT 2025: Running scheduled reports
/Users/sim/Project2/scripts/../scripts/run-simple-scheduled-reports.sh: line 16: node: command not found
Tue Jun 10 01:00:00 CDT 2025: NextJS server is not running. Skipping scheduled reports check.
Tue Jun 10 01:01:00 CDT 2025: Checking if NextJS server is running...
Tue Jun 10 01:01:00 CDT 2025: Running scheduled reports
/Users/sim/Project2/scripts/../scripts/run-simple-scheduled-reports.sh: line 16: node: command not found
Tue Jun 10 01:01:01 CDT 2025: NextJS server is not running. Skipping scheduled reports check.
Tue Jun 10 01:02:00 CDT 2025: Running scheduled reports
Tue Jun 10 01:02:00 CDT 2025: Checking if NextJS server is running...
/Users/sim/Project2/scripts/../scripts/run-simple-scheduled-reports.sh: line 16: node: command not found
Tue Jun 10 01:02:00 CDT 2025: NextJS server is not running. Skipping scheduled reports check.
Tue Jun 10 01:03:01 CDT 2025: Running scheduled reports
Tue Jun 10 01:03:01 CDT 2025: Checking if NextJS server is running...
/Users/sim/Project2/scripts/../scripts/run-simple-scheduled-reports.sh: line 16: node: command not found
Tue Jun 10 01:03:01 CDT 2025: NextJS server is not running. Skipping scheduled reports check.
Tue Jun 10 01:04:00 CDT 2025: Running scheduled reports
Tue Jun 10 01:04:00 CDT 2025: Checking if NextJS server is running...
/Users/sim/Project2/scripts/../scripts/run-simple-scheduled-reports.sh: line 16: node: command not found
Tue Jun 10 01:04:00 CDT 2025: NextJS server is not running. Skipping scheduled reports check.
Tue Jun 10 01:05:00 CDT 2025: Checking if NextJS server is running...
Tue Jun 10 01:05:00 CDT 2025: Running scheduled reports
/Users/sim/Project2/scripts/../scripts/run-simple-scheduled-reports.sh: line 16: node: command not found
Tue Jun 10 01:05:00 CDT 2025: NextJS server is not running. Skipping scheduled reports check.
Tue Jun 10 01:06:01 CDT 2025: Checking if NextJS server is running...
Tue Jun 10 01:06:01 CDT 2025: Running scheduled reports
/Users/sim/Project2/scripts/../scripts/run-simple-scheduled-reports.sh: line 16: node: command not found
Tue Jun 10 01:06:01 CDT 2025: NextJS server is not running. Skipping scheduled reports check.
Tue Jun 10 01:07:00 CDT 2025: Running scheduled reports
Tue Jun 10 01:07:00 CDT 2025: Checking if NextJS server is running...
/Users/sim/Project2/scripts/../scripts/run-simple-scheduled-reports.sh: line 16: node: command not found
Tue Jun 10 01:07:01 CDT 2025: NextJS server is not running. Skipping scheduled reports check.
Tue Jun 10 01:08:00 CDT 2025: Checking if NextJS server is running...
Tue Jun 10 01:08:00 CDT 2025: Running scheduled reports
/Users/sim/Project2/scripts/../scripts/run-simple-scheduled-reports.sh: line 16: node: command not found
Tue Jun 10 01:08:00 CDT 2025: NextJS server is not running. Skipping scheduled reports check.
Tue Jun 10 01:09:00 CDT 2025: Checking if NextJS server is running...
Tue Jun 10 01:09:00 CDT 2025: Running scheduled reports
/Users/sim/Project2/scripts/../scripts/run-simple-scheduled-reports.sh: line 16: node: command not found
Tue Jun 10 01:09:00 CDT 2025: NextJS server is not running. Skipping scheduled reports check.
Tue Jun 10 01:10:01 CDT 2025: Checking if NextJS server is running...
Tue Jun 10 01:10:01 CDT 2025: Running scheduled reports
/Users/sim/Project2/scripts/../scripts/run-simple-scheduled-reports.sh: line 16: node: command not found
Tue Jun 10 01:10:01 CDT 2025: NextJS server is not running. Skipping scheduled reports check.
Tue Jun 10 01:11:00 CDT 2025: Running scheduled reports
Tue Jun 10 01:11:00 CDT 2025: Checking if NextJS server is running...
/Users/sim/Project2/scripts/../scripts/run-simple-scheduled-reports.sh: line 16: node: command not found
Tue Jun 10 01:11:00 CDT 2025: NextJS server is not running. Skipping scheduled reports check.
Tue Jun 10 01:12:00 CDT 2025: Checking if NextJS server is running...
Tue Jun 10 01:12:00 CDT 2025: Running scheduled reports
/Users/sim/Project2/scripts/../scripts/run-simple-scheduled-reports.sh: line 16: node: command not found
Tue Jun 10 01:12:00 CDT 2025: NextJS server is not running. Skipping scheduled reports check.
Tue Jun 10 01:13:01 CDT 2025: Running scheduled reports
Tue Jun 10 01:13:01 CDT 2025: Checking if NextJS server is running...
/Users/sim/Project2/scripts/../scripts/run-simple-scheduled-reports.sh: line 16: node: command not found
Tue Jun 10 01:13:01 CDT 2025: NextJS server is not running. Skipping scheduled reports check.
Tue Jun 10 01:14:01 CDT 2025: Running scheduled reports
Tue Jun 10 01:14:01 CDT 2025: Checking if NextJS server is running...
/Users/sim/Project2/scripts/../scripts/run-simple-scheduled-reports.sh: line 16: node: command not found
Tue Jun 10 01:14:01 CDT 2025: NextJS server is not running. Skipping scheduled reports check.
Tue Jun 10 01:15:01 CDT 2025: Checking if NextJS server is running...
Tue Jun 10 01:15:01 CDT 2025: Running scheduled reports
/Users/sim/Project2/scripts/../scripts/run-simple-scheduled-reports.sh: line 16: node: command not found
Tue Jun 10 01:15:01 CDT 2025: NextJS server is not running. Skipping scheduled reports check.
Tue Jun 10 01:16:01 CDT 2025: Running scheduled reports
Tue Jun 10 01:16:01 CDT 2025: Checking if NextJS server is running...
/Users/sim/Project2/scripts/../scripts/run-simple-scheduled-reports.sh: line 16: node: command not found
Tue Jun 10 01:16:01 CDT 2025: NextJS server is not running. Skipping scheduled reports check.
Tue Jun 10 01:17:00 CDT 2025: Running scheduled reports
Tue Jun 10 01:17:00 CDT 2025: Checking if NextJS server is running...
/Users/sim/Project2/scripts/../scripts/run-simple-scheduled-reports.sh: line 16: node: command not found
Tue Jun 10 01:17:00 CDT 2025: NextJS server is not running. Skipping scheduled reports check.
Tue Jun 10 01:18:01 CDT 2025: Checking if NextJS server is running...
Tue Jun 10 01:18:01 CDT 2025: Running scheduled reports
/Users/sim/Project2/scripts/../scripts/run-simple-scheduled-reports.sh: line 16: node: command not found
Tue Jun 10 01:18:02 CDT 2025: NextJS server is not running. Skipping scheduled reports check.
Tue Jun 10 01:19:00 CDT 2025: Running scheduled reports
Tue Jun 10 01:19:00 CDT 2025: Checking if NextJS server is running...
/Users/sim/Project2/scripts/../scripts/run-simple-scheduled-reports.sh: line 16: node: command not found
Tue Jun 10 01:19:00 CDT 2025: NextJS server is not running. Skipping scheduled reports check.
Tue Jun 10 01:20:01 CDT 2025: Running scheduled reports
Tue Jun 10 01:20:01 CDT 2025: Checking if NextJS server is running...
/Users/sim/Project2/scripts/../scripts/run-simple-scheduled-reports.sh: line 16: node: command not found
Tue Jun 10 01:20:01 CDT 2025: NextJS server is not running. Skipping scheduled reports check.
Tue Jun 10 01:21:00 CDT 2025: Running scheduled reports
Tue Jun 10 01:21:00 CDT 2025: Checking if NextJS server is running...
/Users/sim/Project2/scripts/../scripts/run-simple-scheduled-reports.sh: line 16: node: command not found
Tue Jun 10 01:21:00 CDT 2025: NextJS server is not running. Skipping scheduled reports check.
Tue Jun 10 01:22:01 CDT 2025: Checking if NextJS server is running...
Tue Jun 10 01:22:01 CDT 2025: Running scheduled reports
/Users/sim/Project2/scripts/../scripts/run-simple-scheduled-reports.sh: line 16: node: command not found
Tue Jun 10 01:22:01 CDT 2025: NextJS server is not running. Skipping scheduled reports check.
Tue Jun 10 01:23:01 CDT 2025: Running scheduled reports
Tue Jun 10 01:23:01 CDT 2025: Checking if NextJS server is running...
/Users/sim/Project2/scripts/../scripts/run-simple-scheduled-reports.sh: line 16: node: command not found
Tue Jun 10 01:23:01 CDT 2025: NextJS server is not running. Skipping scheduled reports check.
Tue Jun 10 01:24:00 CDT 2025: Running scheduled reports
Tue Jun 10 01:24:01 CDT 2025: Checking if NextJS server is running...
/Users/sim/Project2/scripts/../scripts/run-simple-scheduled-reports.sh: line 16: node: command not found
Tue Jun 10 01:24:01 CDT 2025: NextJS server is not running. Skipping scheduled reports check.
Tue Jun 10 01:25:00 CDT 2025: Checking if NextJS server is running...
Tue Jun 10 01:25:00 CDT 2025: Running scheduled reports
/Users/sim/Project2/scripts/../scripts/run-simple-scheduled-reports.sh: line 16: node: command not found
Tue Jun 10 01:25:00 CDT 2025: NextJS server is not running. Skipping scheduled reports check.
Tue Jun 10 01:26:00 CDT 2025: Checking if NextJS server is running...
Tue Jun 10 01:26:00 CDT 2025: Running scheduled reports
/Users/sim/Project2/scripts/../scripts/run-simple-scheduled-reports.sh: line 16: node: command not found
Tue Jun 10 01:26:01 CDT 2025: NextJS server is not running. Skipping scheduled reports check.
Tue Jun 10 01:27:01 CDT 2025: Running scheduled reports
Tue Jun 10 01:27:01 CDT 2025: Checking if NextJS server is running...
/Users/sim/Project2/scripts/../scripts/run-simple-scheduled-reports.sh: line 16: node: command not found
Tue Jun 10 01:27:02 CDT 2025: NextJS server is not running. Skipping scheduled reports check.
Tue Jun 10 01:28:00 CDT 2025: Checking if NextJS server is running...
Tue Jun 10 01:28:00 CDT 2025: Running scheduled reports
/Users/sim/Project2/scripts/../scripts/run-simple-scheduled-reports.sh: line 16: node: command not found
Tue Jun 10 01:28:00 CDT 2025: NextJS server is not running. Skipping scheduled reports check.
Tue Jun 10 01:29:00 CDT 2025: Running scheduled reports
Tue Jun 10 01:29:00 CDT 2025: Checking if NextJS server is running...
/Users/sim/Project2/scripts/../scripts/run-simple-scheduled-reports.sh: line 16: node: command not found
Tue Jun 10 01:29:00 CDT 2025: NextJS server is not running. Skipping scheduled reports check.
Tue Jun 10 01:30:01 CDT 2025: Checking if NextJS server is running...
Tue Jun 10 01:30:01 CDT 2025: Running scheduled reports
/Users/sim/Project2/scripts/../scripts/run-simple-scheduled-reports.sh: line 16: node: command not found
Tue Jun 10 01:30:01 CDT 2025: NextJS server is not running. Skipping scheduled reports check.
Tue Jun 10 01:31:01 CDT 2025: Checking if NextJS server is running...
Tue Jun 10 01:31:01 CDT 2025: Running scheduled reports
/Users/sim/Project2/scripts/../scripts/run-simple-scheduled-reports.sh: line 16: node: command not found
Tue Jun 10 01:31:02 CDT 2025: NextJS server is not running. Skipping scheduled reports check.
Tue Jun 10 01:32:00 CDT 2025: Running scheduled reports
Tue Jun 10 01:32:00 CDT 2025: Checking if NextJS server is running...
/Users/sim/Project2/scripts/../scripts/run-simple-scheduled-reports.sh: line 16: node: command not found
Tue Jun 10 01:32:01 CDT 2025: NextJS server is not running. Skipping scheduled reports check.
Tue Jun 10 05:12:13 CDT 2025: Running scheduled reports
Tue Jun 10 05:12:13 CDT 2025: Checking if NextJS server is running...
/Users/sim/Project2/scripts/../scripts/run-simple-scheduled-reports.sh: line 16: node: command not found
Tue Jun 10 05:12:26 CDT 2025: NextJS server is running. Running scheduled reports check...
/Users/sim/Project2/scripts/../scripts/run-scheduled-reports-cron.sh: line 25: node: command not found
Tue Jun 10 05:13:00 CDT 2025: Running scheduled reports
Tue Jun 10 05:13:00 CDT 2025: Checking if NextJS server is running...
/Users/sim/Project2/scripts/../scripts/run-simple-scheduled-reports.sh: line 16: node: command not found
Tue Jun 10 05:13:01 CDT 2025: NextJS server is running. Running scheduled reports check...
/Users/sim/Project2/scripts/../scripts/run-scheduled-reports-cron.sh: line 25: node: command not found
Tue Jun 10 05:14:00 CDT 2025: Checking if NextJS server is running...
Tue Jun 10 05:14:00 CDT 2025: Running scheduled reports
/Users/sim/Project2/scripts/../scripts/run-simple-scheduled-reports.sh: line 16: node: command not found
Tue Jun 10 05:14:00 CDT 2025: NextJS server is running. Running scheduled reports check...
/Users/sim/Project2/scripts/../scripts/run-scheduled-reports-cron.sh: line 25: node: command not found
Tue Jun 10 05:15:00 CDT 2025: Running scheduled reports
Tue Jun 10 05:15:00 CDT 2025: Checking if NextJS server is running...
/Users/sim/Project2/scripts/../scripts/run-simple-scheduled-reports.sh: line 16: node: command not found
Tue Jun 10 05:15:00 CDT 2025: NextJS server is running. Running scheduled reports check...
/Users/sim/Project2/scripts/../scripts/run-scheduled-reports-cron.sh: line 25: node: command not found
Tue Jun 10 05:16:00 CDT 2025: Running scheduled reports
Tue Jun 10 05:16:00 CDT 2025: Checking if NextJS server is running...
/Users/sim/Project2/scripts/../scripts/run-simple-scheduled-reports.sh: line 16: node: command not found
Tue Jun 10 05:16:00 CDT 2025: NextJS server is running. Running scheduled reports check...
/Users/sim/Project2/scripts/../scripts/run-scheduled-reports-cron.sh: line 25: node: command not found
Tue Jun 10 05:17:00 CDT 2025: Running scheduled reports
Tue Jun 10 05:17:00 CDT 2025: Checking if NextJS server is running...
/Users/sim/Project2/scripts/../scripts/run-simple-scheduled-reports.sh: line 16: node: command not found
Tue Jun 10 05:17:00 CDT 2025: NextJS server is running. Running scheduled reports check...
/Users/sim/Project2/scripts/../scripts/run-scheduled-reports-cron.sh: line 25: node: command not found
Tue Jun 10 05:18:00 CDT 2025: Checking if NextJS server is running...
Tue Jun 10 05:18:00 CDT 2025: Running scheduled reports
/Users/sim/Project2/scripts/../scripts/run-simple-scheduled-reports.sh: line 16: node: command not found
Tue Jun 10 05:18:00 CDT 2025: NextJS server is running. Running scheduled reports check...
/Users/sim/Project2/scripts/../scripts/run-scheduled-reports-cron.sh: line 25: node: command not found
Tue Jun 10 05:19:01 CDT 2025: Running scheduled reports
Tue Jun 10 05:19:01 CDT 2025: Checking if NextJS server is running...
/Users/sim/Project2/scripts/../scripts/run-simple-scheduled-reports.sh: line 16: node: command not found
Tue Jun 10 05:19:01 CDT 2025: NextJS server is running. Running scheduled reports check...
/Users/sim/Project2/scripts/../scripts/run-scheduled-reports-cron.sh: line 25: node: command not found
Tue Jun 10 05:20:00 CDT 2025: Checking if NextJS server is running...
Tue Jun 10 05:20:00 CDT 2025: Running scheduled reports
/Users/sim/Project2/scripts/../scripts/run-simple-scheduled-reports.sh: line 16: node: command not found
Tue Jun 10 05:20:00 CDT 2025: NextJS server is running. Running scheduled reports check...
/Users/sim/Project2/scripts/../scripts/run-scheduled-reports-cron.sh: line 25: node: command not found
Tue Jun 10 05:21:00 CDT 2025: Running scheduled reports
Tue Jun 10 05:21:00 CDT 2025: Checking if NextJS server is running...
/Users/sim/Project2/scripts/../scripts/run-simple-scheduled-reports.sh: line 16: node: command not found
Tue Jun 10 05:21:00 CDT 2025: NextJS server is running. Running scheduled reports check...
/Users/sim/Project2/scripts/../scripts/run-scheduled-reports-cron.sh: line 25: node: command not found
Tue Jun 10 05:22:00 CDT 2025: Running scheduled reports
Tue Jun 10 05:22:00 CDT 2025: Checking if NextJS server is running...
/Users/sim/Project2/scripts/../scripts/run-simple-scheduled-reports.sh: line 16: node: command not found
Tue Jun 10 05:22:00 CDT 2025: NextJS server is running. Running scheduled reports check...
/Users/sim/Project2/scripts/../scripts/run-scheduled-reports-cron.sh: line 25: node: command not found
Tue Jun 10 05:23:00 CDT 2025: Checking if NextJS server is running...
Tue Jun 10 05:23:00 CDT 2025: Running scheduled reports
/Users/sim/Project2/scripts/../scripts/run-simple-scheduled-reports.sh: line 16: node: command not found
Tue Jun 10 05:23:00 CDT 2025: NextJS server is running. Running scheduled reports check...
/Users/sim/Project2/scripts/../scripts/run-scheduled-reports-cron.sh: line 25: node: command not found
Tue Jun 10 05:24:00 CDT 2025: Running scheduled reports
Tue Jun 10 05:24:00 CDT 2025: Checking if NextJS server is running...
/Users/sim/Project2/scripts/../scripts/run-simple-scheduled-reports.sh: line 16: node: command not found
Tue Jun 10 05:24:00 CDT 2025: NextJS server is running. Running scheduled reports check...
/Users/sim/Project2/scripts/../scripts/run-scheduled-reports-cron.sh: line 25: node: command not found
Tue Jun 10 05:25:01 CDT 2025: Checking if NextJS server is running...
Tue Jun 10 05:25:01 CDT 2025: Running scheduled reports
/Users/sim/Project2/scripts/../scripts/run-simple-scheduled-reports.sh: line 16: node: command not found
Tue Jun 10 05:25:01 CDT 2025: NextJS server is running. Running scheduled reports check...
/Users/sim/Project2/scripts/../scripts/run-scheduled-reports-cron.sh: line 25: node: command not found
Tue Jun 10 05:26:00 CDT 2025: Checking if NextJS server is running...
Tue Jun 10 05:26:00 CDT 2025: Running scheduled reports
/Users/sim/Project2/scripts/../scripts/run-simple-scheduled-reports.sh: line 16: node: command not found
Tue Jun 10 05:26:00 CDT 2025: NextJS server is running. Running scheduled reports check...
/Users/sim/Project2/scripts/../scripts/run-scheduled-reports-cron.sh: line 25: node: command not found
Tue Jun 10 05:27:00 CDT 2025: Running scheduled reports
Tue Jun 10 05:27:00 CDT 2025: Checking if NextJS server is running...
/Users/sim/Project2/scripts/../scripts/run-simple-scheduled-reports.sh: line 16: node: command not found
Tue Jun 10 05:27:00 CDT 2025: NextJS server is running. Running scheduled reports check...
/Users/sim/Project2/scripts/../scripts/run-scheduled-reports-cron.sh: line 25: node: command not found
Tue Jun 10 05:28:00 CDT 2025: Running scheduled reports
Tue Jun 10 05:28:00 CDT 2025: Checking if NextJS server is running...
/Users/sim/Project2/scripts/../scripts/run-simple-scheduled-reports.sh: line 16: node: command not found
Tue Jun 10 05:28:00 CDT 2025: NextJS server is running. Running scheduled reports check...
/Users/sim/Project2/scripts/../scripts/run-scheduled-reports-cron.sh: line 25: node: command not found
Tue Jun 10 05:29:00 CDT 2025: Running scheduled reports
Tue Jun 10 05:29:00 CDT 2025: Checking if NextJS server is running...
/Users/sim/Project2/scripts/../scripts/run-simple-scheduled-reports.sh: line 16: node: command not found
Tue Jun 10 05:29:00 CDT 2025: NextJS server is running. Running scheduled reports check...
/Users/sim/Project2/scripts/../scripts/run-scheduled-reports-cron.sh: line 25: node: command not found
Tue Jun 10 05:30:00 CDT 2025: Running scheduled reports
Tue Jun 10 05:30:00 CDT 2025: Checking if NextJS server is running...
/Users/sim/Project2/scripts/../scripts/run-simple-scheduled-reports.sh: line 16: node: command not found
Tue Jun 10 05:30:01 CDT 2025: NextJS server is running. Running scheduled reports check...
/Users/sim/Project2/scripts/../scripts/run-scheduled-reports-cron.sh: line 25: node: command not found
Tue Jun 10 05:31:00 CDT 2025: Checking if NextJS server is running...
Tue Jun 10 05:31:00 CDT 2025: Running scheduled reports
/Users/sim/Project2/scripts/../scripts/run-simple-scheduled-reports.sh: line 16: node: command not found
Tue Jun 10 05:31:00 CDT 2025: NextJS server is running. Running scheduled reports check...
/Users/sim/Project2/scripts/../scripts/run-scheduled-reports-cron.sh: line 25: node: command not found
Tue Jun 10 05:32:00 CDT 2025: Running scheduled reports
Tue Jun 10 05:32:00 CDT 2025: Checking if NextJS server is running...
/Users/sim/Project2/scripts/../scripts/run-simple-scheduled-reports.sh: line 16: node: command not found
Tue Jun 10 05:32:00 CDT 2025: NextJS server is running. Running scheduled reports check...
/Users/sim/Project2/scripts/../scripts/run-scheduled-reports-cron.sh: line 25: node: command not found
Tue Jun 10 05:33:00 CDT 2025: Running scheduled reports
Tue Jun 10 05:33:00 CDT 2025: Checking if NextJS server is running...
/Users/sim/Project2/scripts/../scripts/run-simple-scheduled-reports.sh: line 16: node: command not found
Tue Jun 10 05:33:00 CDT 2025: NextJS server is running. Running scheduled reports check...
/Users/sim/Project2/scripts/../scripts/run-scheduled-reports-cron.sh: line 25: node: command not found
Tue Jun 10 05:34:00 CDT 2025: Running scheduled reports
Tue Jun 10 05:34:00 CDT 2025: Checking if NextJS server is running...
/Users/sim/Project2/scripts/../scripts/run-simple-scheduled-reports.sh: line 16: node: command not found
Tue Jun 10 05:34:00 CDT 2025: NextJS server is running. Running scheduled reports check...
/Users/sim/Project2/scripts/../scripts/run-scheduled-reports-cron.sh: line 25: node: command not found
Tue Jun 10 05:35:01 CDT 2025: Running scheduled reports
Tue Jun 10 05:35:01 CDT 2025: Checking if NextJS server is running...
/Users/sim/Project2/scripts/../scripts/run-simple-scheduled-reports.sh: line 16: node: command not found
Tue Jun 10 05:35:01 CDT 2025: NextJS server is running. Running scheduled reports check...
/Users/sim/Project2/scripts/../scripts/run-scheduled-reports-cron.sh: line 25: node: command not found
Tue Jun 10 05:36:00 CDT 2025: Running scheduled reports
Tue Jun 10 05:36:00 CDT 2025: Checking if NextJS server is running...
/Users/sim/Project2/scripts/../scripts/run-simple-scheduled-reports.sh: line 16: node: command not found
Tue Jun 10 05:36:00 CDT 2025: NextJS server is running. Running scheduled reports check...
/Users/sim/Project2/scripts/../scripts/run-scheduled-reports-cron.sh: line 25: node: command not found
Tue Jun 10 05:37:00 CDT 2025: Running scheduled reports
Tue Jun 10 05:37:00 CDT 2025: Checking if NextJS server is running...
/Users/sim/Project2/scripts/../scripts/run-simple-scheduled-reports.sh: line 16: node: command not found
Tue Jun 10 05:37:00 CDT 2025: NextJS server is running. Running scheduled reports check...
/Users/sim/Project2/scripts/../scripts/run-scheduled-reports-cron.sh: line 25: node: command not found
Tue Jun 10 05:38:00 CDT 2025: Checking if NextJS server is running...
Tue Jun 10 05:38:00 CDT 2025: Running scheduled reports
/Users/sim/Project2/scripts/../scripts/run-simple-scheduled-reports.sh: line 16: node: command not found
Tue Jun 10 05:38:00 CDT 2025: NextJS server is running. Running scheduled reports check...
/Users/sim/Project2/scripts/../scripts/run-scheduled-reports-cron.sh: line 25: node: command not found
Tue Jun 10 05:39:01 CDT 2025: Checking if NextJS server is running...
Tue Jun 10 05:39:01 CDT 2025: Running scheduled reports
/Users/sim/Project2/scripts/../scripts/run-simple-scheduled-reports.sh: line 16: node: command not found
Tue Jun 10 05:39:01 CDT 2025: NextJS server is running. Running scheduled reports check...
/Users/sim/Project2/scripts/../scripts/run-scheduled-reports-cron.sh: line 25: node: command not found
Tue Jun 10 05:40:00 CDT 2025: Checking if NextJS server is running...
Tue Jun 10 05:40:00 CDT 2025: Running scheduled reports
/Users/sim/Project2/scripts/../scripts/run-simple-scheduled-reports.sh: line 16: node: command not found
Tue Jun 10 05:40:00 CDT 2025: NextJS server is running. Running scheduled reports check...
/Users/sim/Project2/scripts/../scripts/run-scheduled-reports-cron.sh: line 25: node: command not found
Tue Jun 10 05:41:00 CDT 2025: Running scheduled reports
Tue Jun 10 05:41:00 CDT 2025: Checking if NextJS server is running...
/Users/sim/Project2/scripts/../scripts/run-simple-scheduled-reports.sh: line 16: node: command not found
Tue Jun 10 05:41:00 CDT 2025: NextJS server is running. Running scheduled reports check...
/Users/sim/Project2/scripts/../scripts/run-scheduled-reports-cron.sh: line 25: node: command not found
Tue Jun 10 05:42:00 CDT 2025: Running scheduled reports
Tue Jun 10 05:42:00 CDT 2025: Checking if NextJS server is running...
/Users/sim/Project2/scripts/../scripts/run-simple-scheduled-reports.sh: line 16: node: command not found
Tue Jun 10 05:42:00 CDT 2025: NextJS server is running. Running scheduled reports check...
/Users/sim/Project2/scripts/../scripts/run-scheduled-reports-cron.sh: line 25: node: command not found
Tue Jun 10 05:43:01 CDT 2025: Checking if NextJS server is running...
Tue Jun 10 05:43:01 CDT 2025: Running scheduled reports
/Users/sim/Project2/scripts/../scripts/run-simple-scheduled-reports.sh: line 16: node: command not found
Tue Jun 10 05:43:01 CDT 2025: NextJS server is running. Running scheduled reports check...
/Users/sim/Project2/scripts/../scripts/run-scheduled-reports-cron.sh: line 25: node: command not found
Tue Jun 10 05:44:00 CDT 2025: Running scheduled reports
Tue Jun 10 05:44:00 CDT 2025: Checking if NextJS server is running...
/Users/sim/Project2/scripts/../scripts/run-simple-scheduled-reports.sh: line 16: node: command not found
Tue Jun 10 05:44:00 CDT 2025: NextJS server is running. Running scheduled reports check...
/Users/sim/Project2/scripts/../scripts/run-scheduled-reports-cron.sh: line 25: node: command not found
Tue Jun 10 05:45:00 CDT 2025: Running scheduled reports
Tue Jun 10 05:45:00 CDT 2025: Checking if NextJS server is running...
/Users/sim/Project2/scripts/../scripts/run-simple-scheduled-reports.sh: line 16: node: command not found
Tue Jun 10 05:45:00 CDT 2025: NextJS server is running. Running scheduled reports check...
/Users/sim/Project2/scripts/../scripts/run-scheduled-reports-cron.sh: line 25: node: command not found
Tue Jun 10 05:46:00 CDT 2025: Checking if NextJS server is running...
Tue Jun 10 05:46:00 CDT 2025: Running scheduled reports
/Users/sim/Project2/scripts/../scripts/run-simple-scheduled-reports.sh: line 16: node: command not found
Tue Jun 10 05:46:00 CDT 2025: NextJS server is running. Running scheduled reports check...
/Users/sim/Project2/scripts/../scripts/run-scheduled-reports-cron.sh: line 25: node: command not found
Tue Jun 10 05:47:01 CDT 2025: Running scheduled reports
Tue Jun 10 05:47:01 CDT 2025: Checking if NextJS server is running...
/Users/sim/Project2/scripts/../scripts/run-simple-scheduled-reports.sh: line 16: node: command not found
Tue Jun 10 05:47:01 CDT 2025: NextJS server is running. Running scheduled reports check...
/Users/sim/Project2/scripts/../scripts/run-scheduled-reports-cron.sh: line 25: node: command not found
Tue Jun 10 05:48:00 CDT 2025: Checking if NextJS server is running...
Tue Jun 10 05:48:00 CDT 2025: Running scheduled reports
/Users/sim/Project2/scripts/../scripts/run-simple-scheduled-reports.sh: line 16: node: command not found
Tue Jun 10 05:48:00 CDT 2025: NextJS server is running. Running scheduled reports check...
/Users/sim/Project2/scripts/../scripts/run-scheduled-reports-cron.sh: line 25: node: command not found
Tue Jun 10 05:49:00 CDT 2025: Running scheduled reports
Tue Jun 10 05:49:00 CDT 2025: Checking if NextJS server is running...
/Users/sim/Project2/scripts/../scripts/run-simple-scheduled-reports.sh: line 16: node: command not found
Tue Jun 10 05:49:00 CDT 2025: NextJS server is running. Running scheduled reports check...
/Users/sim/Project2/scripts/../scripts/run-scheduled-reports-cron.sh: line 25: node: command not found
Tue Jun 10 05:50:00 CDT 2025: Running scheduled reports
Tue Jun 10 05:50:00 CDT 2025: Checking if NextJS server is running...
/Users/sim/Project2/scripts/../scripts/run-simple-scheduled-reports.sh: line 16: node: command not found
Tue Jun 10 05:50:00 CDT 2025: NextJS server is running. Running scheduled reports check...
/Users/sim/Project2/scripts/../scripts/run-scheduled-reports-cron.sh: line 25: node: command not found
Tue Jun 10 05:51:01 CDT 2025: Running scheduled reports
Tue Jun 10 05:51:01 CDT 2025: Checking if NextJS server is running...
/Users/sim/Project2/scripts/../scripts/run-simple-scheduled-reports.sh: line 16: node: command not found
Tue Jun 10 05:51:01 CDT 2025: NextJS server is running. Running scheduled reports check...
/Users/sim/Project2/scripts/../scripts/run-scheduled-reports-cron.sh: line 25: node: command not found
Tue Jun 10 05:52:00 CDT 2025: Running scheduled reports
Tue Jun 10 05:52:00 CDT 2025: Checking if NextJS server is running...
/Users/sim/Project2/scripts/../scripts/run-simple-scheduled-reports.sh: line 16: node: command not found
Tue Jun 10 05:52:00 CDT 2025: NextJS server is running. Running scheduled reports check...
/Users/sim/Project2/scripts/../scripts/run-scheduled-reports-cron.sh: line 25: node: command not found
Tue Jun 10 05:53:00 CDT 2025: Running scheduled reports
Tue Jun 10 05:53:00 CDT 2025: Checking if NextJS server is running...
/Users/sim/Project2/scripts/../scripts/run-simple-scheduled-reports.sh: line 16: node: command not found
Tue Jun 10 05:53:00 CDT 2025: NextJS server is running. Running scheduled reports check...
/Users/sim/Project2/scripts/../scripts/run-scheduled-reports-cron.sh: line 25: node: command not found
Tue Jun 10 05:54:00 CDT 2025: Running scheduled reports
Tue Jun 10 05:54:00 CDT 2025: Checking if NextJS server is running...
/Users/sim/Project2/scripts/../scripts/run-simple-scheduled-reports.sh: line 16: node: command not found
Tue Jun 10 05:54:00 CDT 2025: NextJS server is running. Running scheduled reports check...
/Users/sim/Project2/scripts/../scripts/run-scheduled-reports-cron.sh: line 25: node: command not found
Tue Jun 10 05:55:00 CDT 2025: Checking if NextJS server is running...
Tue Jun 10 05:55:00 CDT 2025: Running scheduled reports
/Users/sim/Project2/scripts/../scripts/run-simple-scheduled-reports.sh: line 16: node: command not found
Tue Jun 10 05:55:00 CDT 2025: NextJS server is running. Running scheduled reports check...
/Users/sim/Project2/scripts/../scripts/run-scheduled-reports-cron.sh: line 25: node: command not found
Tue Jun 10 05:56:01 CDT 2025: Checking if NextJS server is running...
Tue Jun 10 05:56:01 CDT 2025: Running scheduled reports
/Users/sim/Project2/scripts/../scripts/run-simple-scheduled-reports.sh: line 16: node: command not found
Tue Jun 10 05:56:01 CDT 2025: NextJS server is running. Running scheduled reports check...
/Users/sim/Project2/scripts/../scripts/run-scheduled-reports-cron.sh: line 25: node: command not found
Tue Jun 10 05:57:00 CDT 2025: Running scheduled reports
Tue Jun 10 05:57:00 CDT 2025: Checking if NextJS server is running...
/Users/sim/Project2/scripts/../scripts/run-simple-scheduled-reports.sh: line 16: node: command not found
Tue Jun 10 05:57:00 CDT 2025: NextJS server is running. Running scheduled reports check...
/Users/sim/Project2/scripts/../scripts/run-scheduled-reports-cron.sh: line 25: node: command not found
Tue Jun 10 05:58:00 CDT 2025: Running scheduled reports
Tue Jun 10 05:58:00 CDT 2025: Checking if NextJS server is running...
/Users/sim/Project2/scripts/../scripts/run-simple-scheduled-reports.sh: line 16: node: command not found
Tue Jun 10 05:58:00 CDT 2025: NextJS server is running. Running scheduled reports check...
/Users/sim/Project2/scripts/../scripts/run-scheduled-reports-cron.sh: line 25: node: command not found
Tue Jun 10 05:59:00 CDT 2025: Running scheduled reports
Tue Jun 10 05:59:00 CDT 2025: Checking if NextJS server is running...
/Users/sim/Project2/scripts/../scripts/run-simple-scheduled-reports.sh: line 16: node: command not found
Tue Jun 10 05:59:00 CDT 2025: NextJS server is running. Running scheduled reports check...
/Users/sim/Project2/scripts/../scripts/run-scheduled-reports-cron.sh: line 25: node: command not found
Tue Jun 10 06:00:00 CDT 2025: Checking if NextJS server is running...
Tue Jun 10 06:00:00 CDT 2025: Running scheduled reports
/Users/sim/Project2/scripts/../scripts/run-simple-scheduled-reports.sh: line 16: node: command not found
Tue Jun 10 06:00:00 CDT 2025: NextJS server is running. Running scheduled reports check...
/Users/sim/Project2/scripts/../scripts/run-scheduled-reports-cron.sh: line 25: node: command not found
Tue Jun 10 06:01:00 CDT 2025: Running scheduled reports
Tue Jun 10 06:01:00 CDT 2025: Checking if NextJS server is running...
/Users/sim/Project2/scripts/../scripts/run-simple-scheduled-reports.sh: line 16: node: command not found
Tue Jun 10 06:01:00 CDT 2025: NextJS server is running. Running scheduled reports check...
/Users/sim/Project2/scripts/../scripts/run-scheduled-reports-cron.sh: line 25: node: command not found
Tue Jun 10 06:02:01 CDT 2025: Running scheduled reports
Tue Jun 10 06:02:01 CDT 2025: Checking if NextJS server is running...
/Users/sim/Project2/scripts/../scripts/run-simple-scheduled-reports.sh: line 16: node: command not found
Tue Jun 10 06:02:01 CDT 2025: NextJS server is running. Running scheduled reports check...
/Users/sim/Project2/scripts/../scripts/run-scheduled-reports-cron.sh: line 25: node: command not found
Tue Jun 10 06:03:00 CDT 2025: Running scheduled reports
Tue Jun 10 06:03:00 CDT 2025: Checking if NextJS server is running...
/Users/sim/Project2/scripts/../scripts/run-simple-scheduled-reports.sh: line 16: node: command not found
Tue Jun 10 06:03:00 CDT 2025: NextJS server is running. Running scheduled reports check...
/Users/sim/Project2/scripts/../scripts/run-scheduled-reports-cron.sh: line 25: node: command not found
Tue Jun 10 06:04:00 CDT 2025: Checking if NextJS server is running...
Tue Jun 10 06:04:00 CDT 2025: Running scheduled reports
/Users/sim/Project2/scripts/../scripts/run-simple-scheduled-reports.sh: line 16: node: command not found
Tue Jun 10 06:04:00 CDT 2025: NextJS server is running. Running scheduled reports check...
/Users/sim/Project2/scripts/../scripts/run-scheduled-reports-cron.sh: line 25: node: command not found
Tue Jun 10 06:05:00 CDT 2025: Running scheduled reports
Tue Jun 10 06:05:00 CDT 2025: Checking if NextJS server is running...
/Users/sim/Project2/scripts/../scripts/run-simple-scheduled-reports.sh: line 16: node: command not found
Tue Jun 10 06:05:00 CDT 2025: NextJS server is running. Running scheduled reports check...
/Users/sim/Project2/scripts/../scripts/run-scheduled-reports-cron.sh: line 25: node: command not found
Tue Jun 10 06:06:00 CDT 2025: Checking if NextJS server is running...
Tue Jun 10 06:06:00 CDT 2025: Running scheduled reports
/Users/sim/Project2/scripts/../scripts/run-simple-scheduled-reports.sh: line 16: node: command not found
Tue Jun 10 06:06:00 CDT 2025: NextJS server is running. Running scheduled reports check...
/Users/sim/Project2/scripts/../scripts/run-scheduled-reports-cron.sh: line 25: node: command not found
Tue Jun 10 06:07:00 CDT 2025: Running scheduled reports
Tue Jun 10 06:07:00 CDT 2025: Checking if NextJS server is running...
/Users/sim/Project2/scripts/../scripts/run-simple-scheduled-reports.sh: line 16: node: command not found
Tue Jun 10 06:07:00 CDT 2025: NextJS server is running. Running scheduled reports check...
/Users/sim/Project2/scripts/../scripts/run-scheduled-reports-cron.sh: line 25: node: command not found
Tue Jun 10 06:08:01 CDT 2025: Running scheduled reports
Tue Jun 10 06:08:01 CDT 2025: Checking if NextJS server is running...
/Users/sim/Project2/scripts/../scripts/run-simple-scheduled-reports.sh: line 16: node: command not found
Tue Jun 10 06:08:01 CDT 2025: NextJS server is running. Running scheduled reports check...
/Users/sim/Project2/scripts/../scripts/run-scheduled-reports-cron.sh: line 25: node: command not found
Tue Jun 10 06:09:00 CDT 2025: Running scheduled reports
Tue Jun 10 06:09:00 CDT 2025: Checking if NextJS server is running...
/Users/sim/Project2/scripts/../scripts/run-simple-scheduled-reports.sh: line 16: node: command not found
Tue Jun 10 06:09:00 CDT 2025: NextJS server is running. Running scheduled reports check...
/Users/sim/Project2/scripts/../scripts/run-scheduled-reports-cron.sh: line 25: node: command not found
Tue Jun 10 06:10:00 CDT 2025: Running scheduled reports
Tue Jun 10 06:10:00 CDT 2025: Checking if NextJS server is running...
/Users/sim/Project2/scripts/../scripts/run-simple-scheduled-reports.sh: line 16: node: command not found
Tue Jun 10 06:10:00 CDT 2025: NextJS server is running. Running scheduled reports check...
/Users/sim/Project2/scripts/../scripts/run-scheduled-reports-cron.sh: line 25: node: command not found
Tue Jun 10 06:11:00 CDT 2025: Checking if NextJS server is running...
Tue Jun 10 06:11:00 CDT 2025: Running scheduled reports
/Users/sim/Project2/scripts/../scripts/run-simple-scheduled-reports.sh: line 16: node: command not found
Tue Jun 10 06:11:00 CDT 2025: NextJS server is running. Running scheduled reports check...
/Users/sim/Project2/scripts/../scripts/run-scheduled-reports-cron.sh: line 25: node: command not found
Tue Jun 10 06:12:00 CDT 2025: Checking if NextJS server is running...
Tue Jun 10 06:12:00 CDT 2025: Running scheduled reports
/Users/sim/Project2/scripts/../scripts/run-simple-scheduled-reports.sh: line 16: node: command not found
Tue Jun 10 06:12:00 CDT 2025: NextJS server is not running. Skipping scheduled reports check.
Tue Jun 10 06:13:00 CDT 2025: Running scheduled reports
Tue Jun 10 06:13:00 CDT 2025: Checking if NextJS server is running...
/Users/sim/Project2/scripts/../scripts/run-simple-scheduled-reports.sh: line 16: node: command not found
Tue Jun 10 06:13:01 CDT 2025: NextJS server is running. Running scheduled reports check...
/Users/sim/Project2/scripts/../scripts/run-scheduled-reports-cron.sh: line 25: node: command not found
Tue Jun 10 06:14:00 CDT 2025: Checking if NextJS server is running...
Tue Jun 10 06:14:00 CDT 2025: Running scheduled reports
/Users/sim/Project2/scripts/../scripts/run-simple-scheduled-reports.sh: line 16: node: command not found
Tue Jun 10 06:14:00 CDT 2025: NextJS server is running. Running scheduled reports check...
/Users/sim/Project2/scripts/../scripts/run-scheduled-reports-cron.sh: line 25: node: command not found
Tue Jun 10 06:15:00 CDT 2025: Checking if NextJS server is running...
Tue Jun 10 06:15:00 CDT 2025: Running scheduled reports
/Users/sim/Project2/scripts/../scripts/run-simple-scheduled-reports.sh: line 16: node: command not found
Tue Jun 10 06:15:00 CDT 2025: NextJS server is running. Running scheduled reports check...
/Users/sim/Project2/scripts/../scripts/run-scheduled-reports-cron.sh: line 25: node: command not found
Tue Jun 10 06:16:00 CDT 2025: Running scheduled reports
Tue Jun 10 06:16:00 CDT 2025: Checking if NextJS server is running...
/Users/sim/Project2/scripts/../scripts/run-simple-scheduled-reports.sh: line 16: node: command not found
Tue Jun 10 06:16:00 CDT 2025: NextJS server is running. Running scheduled reports check...
/Users/sim/Project2/scripts/../scripts/run-scheduled-reports-cron.sh: line 25: node: command not found
Tue Jun 10 06:17:00 CDT 2025: Checking if NextJS server is running...
Tue Jun 10 06:17:00 CDT 2025: Running scheduled reports
/Users/sim/Project2/scripts/../scripts/run-simple-scheduled-reports.sh: line 16: node: command not found
Tue Jun 10 06:17:00 CDT 2025: NextJS server is running. Running scheduled reports check...
/Users/sim/Project2/scripts/../scripts/run-scheduled-reports-cron.sh: line 25: node: command not found
Tue Jun 10 06:18:01 CDT 2025: Checking if NextJS server is running...
Tue Jun 10 06:18:01 CDT 2025: Running scheduled reports
/Users/sim/Project2/scripts/../scripts/run-simple-scheduled-reports.sh: line 16: node: command not found
Tue Jun 10 06:18:01 CDT 2025: NextJS server is running. Running scheduled reports check...
/Users/sim/Project2/scripts/../scripts/run-scheduled-reports-cron.sh: line 25: node: command not found
Tue Jun 10 06:19:00 CDT 2025: Running scheduled reports
Tue Jun 10 06:19:00 CDT 2025: Checking if NextJS server is running...
/Users/sim/Project2/scripts/../scripts/run-simple-scheduled-reports.sh: line 16: node: command not found
Tue Jun 10 06:19:00 CDT 2025: NextJS server is running. Running scheduled reports check...
/Users/sim/Project2/scripts/../scripts/run-scheduled-reports-cron.sh: line 25: node: command not found
Tue Jun 10 06:20:00 CDT 2025: Running scheduled reports
Tue Jun 10 06:20:00 CDT 2025: Checking if NextJS server is running...
/Users/sim/Project2/scripts/../scripts/run-simple-scheduled-reports.sh: line 16: node: command not found
Tue Jun 10 06:20:00 CDT 2025: NextJS server is running. Running scheduled reports check...
/Users/sim/Project2/scripts/../scripts/run-scheduled-reports-cron.sh: line 25: node: command not found
Tue Jun 10 06:21:00 CDT 2025: Running scheduled reports
Tue Jun 10 06:21:00 CDT 2025: Checking if NextJS server is running...
/Users/sim/Project2/scripts/../scripts/run-simple-scheduled-reports.sh: line 16: node: command not found
Tue Jun 10 06:21:00 CDT 2025: NextJS server is running. Running scheduled reports check...
/Users/sim/Project2/scripts/../scripts/run-scheduled-reports-cron.sh: line 25: node: command not found
Tue Jun 10 06:22:00 CDT 2025: Checking if NextJS server is running...
Tue Jun 10 06:22:00 CDT 2025: Running scheduled reports
/Users/sim/Project2/scripts/../scripts/run-simple-scheduled-reports.sh: line 16: node: command not found
Tue Jun 10 06:22:00 CDT 2025: NextJS server is running. Running scheduled reports check...
/Users/sim/Project2/scripts/../scripts/run-scheduled-reports-cron.sh: line 25: node: command not found
Tue Jun 10 06:23:00 CDT 2025: Running scheduled reports
Tue Jun 10 06:23:00 CDT 2025: Checking if NextJS server is running...
/Users/sim/Project2/scripts/../scripts/run-simple-scheduled-reports.sh: line 16: node: command not found
Tue Jun 10 06:23:01 CDT 2025: NextJS server is running. Running scheduled reports check...
/Users/sim/Project2/scripts/../scripts/run-scheduled-reports-cron.sh: line 25: node: command not found
Tue Jun 10 06:24:00 CDT 2025: Running scheduled reports
Tue Jun 10 06:24:00 CDT 2025: Checking if NextJS server is running...
/Users/sim/Project2/scripts/../scripts/run-simple-scheduled-reports.sh: line 16: node: command not found
Tue Jun 10 06:24:00 CDT 2025: NextJS server is running. Running scheduled reports check...
/Users/sim/Project2/scripts/../scripts/run-scheduled-reports-cron.sh: line 25: node: command not found
Tue Jun 10 06:25:00 CDT 2025: Checking if NextJS server is running...
Tue Jun 10 06:25:00 CDT 2025: Running scheduled reports
/Users/sim/Project2/scripts/../scripts/run-simple-scheduled-reports.sh: line 16: node: command not found
Tue Jun 10 06:25:00 CDT 2025: NextJS server is running. Running scheduled reports check...
/Users/sim/Project2/scripts/../scripts/run-scheduled-reports-cron.sh: line 25: node: command not found
Tue Jun 10 06:26:00 CDT 2025: Running scheduled reports
Tue Jun 10 06:26:00 CDT 2025: Checking if NextJS server is running...
/Users/sim/Project2/scripts/../scripts/run-simple-scheduled-reports.sh: line 16: node: command not found
Tue Jun 10 06:26:00 CDT 2025: NextJS server is running. Running scheduled reports check...
/Users/sim/Project2/scripts/../scripts/run-scheduled-reports-cron.sh: line 25: node: command not found
Tue Jun 10 06:27:00 CDT 2025: Checking if NextJS server is running...
Tue Jun 10 06:27:00 CDT 2025: Running scheduled reports
/Users/sim/Project2/scripts/../scripts/run-simple-scheduled-reports.sh: line 16: node: command not found
Tue Jun 10 06:27:00 CDT 2025: NextJS server is running. Running scheduled reports check...
/Users/sim/Project2/scripts/../scripts/run-scheduled-reports-cron.sh: line 25: node: command not found
Tue Jun 10 06:28:01 CDT 2025: Running scheduled reports
Tue Jun 10 06:28:01 CDT 2025: Checking if NextJS server is running...
/Users/sim/Project2/scripts/../scripts/run-simple-scheduled-reports.sh: line 16: node: command not found
Tue Jun 10 06:28:01 CDT 2025: NextJS server is running. Running scheduled reports check...
/Users/sim/Project2/scripts/../scripts/run-scheduled-reports-cron.sh: line 25: node: command not found
Tue Jun 10 06:29:00 CDT 2025: Running scheduled reports
Tue Jun 10 06:29:00 CDT 2025: Checking if NextJS server is running...
/Users/sim/Project2/scripts/../scripts/run-simple-scheduled-reports.sh: line 16: node: command not found
Tue Jun 10 06:29:00 CDT 2025: NextJS server is running. Running scheduled reports check...
/Users/sim/Project2/scripts/../scripts/run-scheduled-reports-cron.sh: line 25: node: command not found
Tue Jun 10 06:30:00 CDT 2025: Running scheduled reports
Tue Jun 10 06:30:00 CDT 2025: Checking if NextJS server is running...
/Users/sim/Project2/scripts/../scripts/run-simple-scheduled-reports.sh: line 16: node: command not found
Tue Jun 10 06:30:00 CDT 2025: NextJS server is running. Running scheduled reports check...
/Users/sim/Project2/scripts/../scripts/run-scheduled-reports-cron.sh: line 25: node: command not found
Tue Jun 10 06:31:00 CDT 2025: Running scheduled reports
Tue Jun 10 06:31:00 CDT 2025: Checking if NextJS server is running...
/Users/sim/Project2/scripts/../scripts/run-simple-scheduled-reports.sh: line 16: node: command not found
Tue Jun 10 06:31:00 CDT 2025: NextJS server is running. Running scheduled reports check...
/Users/sim/Project2/scripts/../scripts/run-scheduled-reports-cron.sh: line 25: node: command not found
Tue Jun 10 06:32:00 CDT 2025: Running scheduled reports
Tue Jun 10 06:32:00 CDT 2025: Checking if NextJS server is running...
/Users/sim/Project2/scripts/../scripts/run-simple-scheduled-reports.sh: line 16: node: command not found
Tue Jun 10 06:32:00 CDT 2025: NextJS server is running. Running scheduled reports check...
/Users/sim/Project2/scripts/../scripts/run-scheduled-reports-cron.sh: line 25: node: command not found
Tue Jun 10 06:33:00 CDT 2025: Running scheduled reports
Tue Jun 10 06:33:00 CDT 2025: Checking if NextJS server is running...
/Users/sim/Project2/scripts/../scripts/run-simple-scheduled-reports.sh: line 16: node: command not found
Tue Jun 10 06:33:00 CDT 2025: NextJS server is running. Running scheduled reports check...
/Users/sim/Project2/scripts/../scripts/run-scheduled-reports-cron.sh: line 25: node: command not found
Tue Jun 10 06:34:01 CDT 2025: Checking if NextJS server is running...
Tue Jun 10 06:34:01 CDT 2025: Running scheduled reports
/Users/sim/Project2/scripts/../scripts/run-simple-scheduled-reports.sh: line 16: node: command not found
Tue Jun 10 06:34:01 CDT 2025: NextJS server is running. Running scheduled reports check...
/Users/sim/Project2/scripts/../scripts/run-scheduled-reports-cron.sh: line 25: node: command not found
Tue Jun 10 06:35:00 CDT 2025: Running scheduled reports
Tue Jun 10 06:35:00 CDT 2025: Checking if NextJS server is running...
/Users/sim/Project2/scripts/../scripts/run-simple-scheduled-reports.sh: line 16: node: command not found
Tue Jun 10 06:35:00 CDT 2025: NextJS server is running. Running scheduled reports check...
/Users/sim/Project2/scripts/../scripts/run-scheduled-reports-cron.sh: line 25: node: command not found
Tue Jun 10 06:36:00 CDT 2025: Checking if NextJS server is running...
Tue Jun 10 06:36:00 CDT 2025: Running scheduled reports
/Users/sim/Project2/scripts/../scripts/run-simple-scheduled-reports.sh: line 16: node: command not found
Tue Jun 10 06:36:00 CDT 2025: NextJS server is running. Running scheduled reports check...
/Users/sim/Project2/scripts/../scripts/run-scheduled-reports-cron.sh: line 25: node: command not found
Tue Jun 10 06:37:00 CDT 2025: Running scheduled reports
Tue Jun 10 06:37:00 CDT 2025: Checking if NextJS server is running...
/Users/sim/Project2/scripts/../scripts/run-simple-scheduled-reports.sh: line 16: node: command not found
Tue Jun 10 06:37:00 CDT 2025: NextJS server is running. Running scheduled reports check...
/Users/sim/Project2/scripts/../scripts/run-scheduled-reports-cron.sh: line 25: node: command not found
Tue Jun 10 06:38:00 CDT 2025: Checking if NextJS server is running...
Tue Jun 10 06:38:00 CDT 2025: Running scheduled reports
/Users/sim/Project2/scripts/../scripts/run-simple-scheduled-reports.sh: line 16: node: command not found
Tue Jun 10 06:38:00 CDT 2025: NextJS server is running. Running scheduled reports check...
/Users/sim/Project2/scripts/../scripts/run-scheduled-reports-cron.sh: line 25: node: command not found
Tue Jun 10 06:39:00 CDT 2025: Checking if NextJS server is running...
Tue Jun 10 06:39:00 CDT 2025: Running scheduled reports
/Users/sim/Project2/scripts/../scripts/run-simple-scheduled-reports.sh: line 16: node: command not found
Tue Jun 10 06:39:00 CDT 2025: NextJS server is running. Running scheduled reports check...
/Users/sim/Project2/scripts/../scripts/run-scheduled-reports-cron.sh: line 25: node: command not found
Tue Jun 10 06:40:01 CDT 2025: Checking if NextJS server is running...
Tue Jun 10 06:40:01 CDT 2025: Running scheduled reports
/Users/sim/Project2/scripts/../scripts/run-simple-scheduled-reports.sh: line 16: node: command not found
Tue Jun 10 06:40:01 CDT 2025: NextJS server is running. Running scheduled reports check...
/Users/sim/Project2/scripts/../scripts/run-scheduled-reports-cron.sh: line 25: node: command not found
Tue Jun 10 06:41:00 CDT 2025: Running scheduled reports
Tue Jun 10 06:41:00 CDT 2025: Checking if NextJS server is running...
/Users/sim/Project2/scripts/../scripts/run-simple-scheduled-reports.sh: line 16: node: command not found
Tue Jun 10 06:41:00 CDT 2025: NextJS server is running. Running scheduled reports check...
/Users/sim/Project2/scripts/../scripts/run-scheduled-reports-cron.sh: line 25: node: command not found
Tue Jun 10 06:42:00 CDT 2025: Running scheduled reports
Tue Jun 10 06:42:00 CDT 2025: Checking if NextJS server is running...
/Users/sim/Project2/scripts/../scripts/run-simple-scheduled-reports.sh: line 16: node: command not found
Tue Jun 10 06:42:00 CDT 2025: NextJS server is running. Running scheduled reports check...
/Users/sim/Project2/scripts/../scripts/run-scheduled-reports-cron.sh: line 25: node: command not found
Tue Jun 10 06:43:00 CDT 2025: Checking if NextJS server is running...
Tue Jun 10 06:43:00 CDT 2025: Running scheduled reports
/Users/sim/Project2/scripts/../scripts/run-simple-scheduled-reports.sh: line 16: node: command not found
Tue Jun 10 06:43:00 CDT 2025: NextJS server is running. Running scheduled reports check...
/Users/sim/Project2/scripts/../scripts/run-scheduled-reports-cron.sh: line 25: node: command not found
Tue Jun 10 06:44:00 CDT 2025: Running scheduled reports
Tue Jun 10 06:44:00 CDT 2025: Checking if NextJS server is running...
/Users/sim/Project2/scripts/../scripts/run-simple-scheduled-reports.sh: line 16: node: command not found
Tue Jun 10 06:44:00 CDT 2025: NextJS server is running. Running scheduled reports check...
/Users/sim/Project2/scripts/../scripts/run-scheduled-reports-cron.sh: line 25: node: command not found
Tue Jun 10 06:45:00 CDT 2025: Checking if NextJS server is running...
Tue Jun 10 06:45:00 CDT 2025: Running scheduled reports
/Users/sim/Project2/scripts/../scripts/run-simple-scheduled-reports.sh: line 16: node: command not found
Tue Jun 10 06:45:01 CDT 2025: NextJS server is running. Running scheduled reports check...
/Users/sim/Project2/scripts/../scripts/run-scheduled-reports-cron.sh: line 25: node: command not found
Tue Jun 10 06:46:00 CDT 2025: Running scheduled reports
Tue Jun 10 06:46:00 CDT 2025: Checking if NextJS server is running...
/Users/sim/Project2/scripts/../scripts/run-simple-scheduled-reports.sh: line 16: node: command not found
Tue Jun 10 06:46:00 CDT 2025: NextJS server is running. Running scheduled reports check...
/Users/sim/Project2/scripts/../scripts/run-scheduled-reports-cron.sh: line 25: node: command not found
Tue Jun 10 06:47:00 CDT 2025: Running scheduled reports
Tue Jun 10 06:47:00 CDT 2025: Checking if NextJS server is running...
/Users/sim/Project2/scripts/../scripts/run-simple-scheduled-reports.sh: line 16: node: command not found
Tue Jun 10 06:47:00 CDT 2025: NextJS server is running. Running scheduled reports check...
/Users/sim/Project2/scripts/../scripts/run-scheduled-reports-cron.sh: line 25: node: command not found
Tue Jun 10 06:48:00 CDT 2025: Running scheduled reports
Tue Jun 10 06:48:00 CDT 2025: Checking if NextJS server is running...
/Users/sim/Project2/scripts/../scripts/run-simple-scheduled-reports.sh: line 16: node: command not found
Tue Jun 10 06:48:00 CDT 2025: NextJS server is running. Running scheduled reports check...
/Users/sim/Project2/scripts/../scripts/run-scheduled-reports-cron.sh: line 25: node: command not found
Tue Jun 10 06:49:00 CDT 2025: Checking if NextJS server is running...
Tue Jun 10 06:49:00 CDT 2025: Running scheduled reports
/Users/sim/Project2/scripts/../scripts/run-simple-scheduled-reports.sh: line 16: node: command not found
Tue Jun 10 06:49:00 CDT 2025: NextJS server is running. Running scheduled reports check...
/Users/sim/Project2/scripts/../scripts/run-scheduled-reports-cron.sh: line 25: node: command not found
Tue Jun 10 06:50:01 CDT 2025: Checking if NextJS server is running...
Tue Jun 10 06:50:01 CDT 2025: Running scheduled reports
/Users/sim/Project2/scripts/../scripts/run-simple-scheduled-reports.sh: line 16: node: command not found
Tue Jun 10 06:50:01 CDT 2025: NextJS server is running. Running scheduled reports check...
/Users/sim/Project2/scripts/../scripts/run-scheduled-reports-cron.sh: line 25: node: command not found
Tue Jun 10 06:51:00 CDT 2025: Running scheduled reports
Tue Jun 10 06:51:00 CDT 2025: Checking if NextJS server is running...
/Users/sim/Project2/scripts/../scripts/run-simple-scheduled-reports.sh: line 16: node: command not found
Tue Jun 10 06:51:00 CDT 2025: NextJS server is running. Running scheduled reports check...
/Users/sim/Project2/scripts/../scripts/run-scheduled-reports-cron.sh: line 25: node: command not found
Tue Jun 10 06:52:00 CDT 2025: Checking if NextJS server is running...
Tue Jun 10 06:52:00 CDT 2025: Running scheduled reports
/Users/sim/Project2/scripts/../scripts/run-simple-scheduled-reports.sh: line 16: node: command not found
Tue Jun 10 06:52:00 CDT 2025: NextJS server is running. Running scheduled reports check...
/Users/sim/Project2/scripts/../scripts/run-scheduled-reports-cron.sh: line 25: node: command not found
Tue Jun 10 06:53:00 CDT 2025: Running scheduled reports
Tue Jun 10 06:53:00 CDT 2025: Checking if NextJS server is running...
/Users/sim/Project2/scripts/../scripts/run-simple-scheduled-reports.sh: line 16: node: command not found
Tue Jun 10 06:53:00 CDT 2025: NextJS server is running. Running scheduled reports check...
/Users/sim/Project2/scripts/../scripts/run-scheduled-reports-cron.sh: line 25: node: command not found
Tue Jun 10 06:54:00 CDT 2025: Running scheduled reports
Tue Jun 10 06:54:00 CDT 2025: Checking if NextJS server is running...
/Users/sim/Project2/scripts/../scripts/run-simple-scheduled-reports.sh: line 16: node: command not found
Tue Jun 10 06:54:00 CDT 2025: NextJS server is running. Running scheduled reports check...
/Users/sim/Project2/scripts/../scripts/run-scheduled-reports-cron.sh: line 25: node: command not found
Tue Jun 10 06:55:03 CDT 2025: Running scheduled reports
Tue Jun 10 06:55:03 CDT 2025: Checking if NextJS server is running...
/Users/sim/Project2/scripts/../scripts/run-simple-scheduled-reports.sh: line 16: node: command not found
Tue Jun 10 06:55:03 CDT 2025: NextJS server is running. Running scheduled reports check...
/Users/sim/Project2/scripts/../scripts/run-scheduled-reports-cron.sh: line 25: node: command not found
Tue Jun 10 06:56:04 CDT 2025: Running scheduled reports
Tue Jun 10 06:56:04 CDT 2025: Checking if NextJS server is running...
/Users/sim/Project2/scripts/../scripts/run-simple-scheduled-reports.sh: line 16: node: command not found
Tue Jun 10 06:56:04 CDT 2025: NextJS server is running. Running scheduled reports check...
/Users/sim/Project2/scripts/../scripts/run-scheduled-reports-cron.sh: line 25: node: command not found
Tue Jun 10 06:57:03 CDT 2025: Running scheduled reports
Tue Jun 10 06:57:03 CDT 2025: Checking if NextJS server is running...
/Users/sim/Project2/scripts/../scripts/run-simple-scheduled-reports.sh: line 16: node: command not found
Tue Jun 10 06:57:03 CDT 2025: NextJS server is running. Running scheduled reports check...
/Users/sim/Project2/scripts/../scripts/run-scheduled-reports-cron.sh: line 25: node: command not found
Tue Jun 10 06:58:05 CDT 2025: Checking if NextJS server is running...
Tue Jun 10 06:58:05 CDT 2025: Running scheduled reports
/Users/sim/Project2/scripts/../scripts/run-simple-scheduled-reports.sh: line 16: node: command not found
Tue Jun 10 06:58:05 CDT 2025: NextJS server is running. Running scheduled reports check...
/Users/sim/Project2/scripts/../scripts/run-scheduled-reports-cron.sh: line 25: node: command not found
Tue Jun 10 06:59:03 CDT 2025: Running scheduled reports
Tue Jun 10 06:59:03 CDT 2025: Checking if NextJS server is running...
/Users/sim/Project2/scripts/../scripts/run-simple-scheduled-reports.sh: line 16: node: command not found
Tue Jun 10 06:59:03 CDT 2025: NextJS server is running. Running scheduled reports check...
/Users/sim/Project2/scripts/../scripts/run-scheduled-reports-cron.sh: line 25: node: command not found
Tue Jun 10 07:00:04 CDT 2025: Checking if NextJS server is running...
Tue Jun 10 07:00:04 CDT 2025: Running scheduled reports
/Users/sim/Project2/scripts/../scripts/run-simple-scheduled-reports.sh: line 16: node: command not found
Tue Jun 10 07:00:04 CDT 2025: NextJS server is running. Running scheduled reports check...
/Users/sim/Project2/scripts/../scripts/run-scheduled-reports-cron.sh: line 25: node: command not found
Tue Jun 10 07:01:03 CDT 2025: Checking if NextJS server is running...
Tue Jun 10 07:01:03 CDT 2025: Running scheduled reports
/Users/sim/Project2/scripts/../scripts/run-simple-scheduled-reports.sh: line 16: node: command not found
Tue Jun 10 07:01:03 CDT 2025: NextJS server is running. Running scheduled reports check...
/Users/sim/Project2/scripts/../scripts/run-scheduled-reports-cron.sh: line 25: node: command not found
Tue Jun 10 07:02:04 CDT 2025: Checking if NextJS server is running...
Tue Jun 10 07:02:04 CDT 2025: Running scheduled reports
/Users/sim/Project2/scripts/../scripts/run-simple-scheduled-reports.sh: line 16: node: command not found
Tue Jun 10 07:02:04 CDT 2025: NextJS server is running. Running scheduled reports check...
/Users/sim/Project2/scripts/../scripts/run-scheduled-reports-cron.sh: line 25: node: command not found
Tue Jun 10 07:03:03 CDT 2025: Running scheduled reports
Tue Jun 10 07:03:03 CDT 2025: Checking if NextJS server is running...
/Users/sim/Project2/scripts/../scripts/run-simple-scheduled-reports.sh: line 16: node: command not found
Tue Jun 10 07:03:04 CDT 2025: NextJS server is running. Running scheduled reports check...
/Users/sim/Project2/scripts/../scripts/run-scheduled-reports-cron.sh: line 25: node: command not found
Tue Jun 10 07:04:04 CDT 2025: Running scheduled reports
Tue Jun 10 07:04:04 CDT 2025: Checking if NextJS server is running...
/Users/sim/Project2/scripts/../scripts/run-simple-scheduled-reports.sh: line 16: node: command not found
Tue Jun 10 07:04:04 CDT 2025: NextJS server is running. Running scheduled reports check...
/Users/sim/Project2/scripts/../scripts/run-scheduled-reports-cron.sh: line 25: node: command not found
Tue Jun 10 07:05:04 CDT 2025: Running scheduled reports
Tue Jun 10 07:05:04 CDT 2025: Checking if NextJS server is running...
/Users/sim/Project2/scripts/../scripts/run-simple-scheduled-reports.sh: line 16: node: command not found
Tue Jun 10 07:05:04 CDT 2025: NextJS server is running. Running scheduled reports check...
/Users/sim/Project2/scripts/../scripts/run-scheduled-reports-cron.sh: line 25: node: command not found
Tue Jun 10 07:06:05 CDT 2025: Running scheduled reports
Tue Jun 10 07:06:05 CDT 2025: Checking if NextJS server is running...
/Users/sim/Project2/scripts/../scripts/run-simple-scheduled-reports.sh: line 16: node: command not found
Tue Jun 10 07:06:05 CDT 2025: NextJS server is running. Running scheduled reports check...
/Users/sim/Project2/scripts/../scripts/run-scheduled-reports-cron.sh: line 25: node: command not found
Tue Jun 10 07:07:03 CDT 2025: Checking if NextJS server is running...
Tue Jun 10 07:07:03 CDT 2025: Running scheduled reports
/Users/sim/Project2/scripts/../scripts/run-simple-scheduled-reports.sh: line 16: node: command not found
Tue Jun 10 07:07:04 CDT 2025: NextJS server is running. Running scheduled reports check...
/Users/sim/Project2/scripts/../scripts/run-scheduled-reports-cron.sh: line 25: node: command not found
Tue Jun 10 07:08:04 CDT 2025: Checking if NextJS server is running...
Tue Jun 10 07:08:04 CDT 2025: Running scheduled reports
/Users/sim/Project2/scripts/../scripts/run-simple-scheduled-reports.sh: line 16: node: command not found
Tue Jun 10 07:08:04 CDT 2025: NextJS server is running. Running scheduled reports check...
/Users/sim/Project2/scripts/../scripts/run-scheduled-reports-cron.sh: line 25: node: command not found
Tue Jun 10 07:09:03 CDT 2025: Running scheduled reports
Tue Jun 10 07:09:03 CDT 2025: Checking if NextJS server is running...
/Users/sim/Project2/scripts/../scripts/run-simple-scheduled-reports.sh: line 16: node: command not found
Tue Jun 10 07:09:03 CDT 2025: NextJS server is running. Running scheduled reports check...
/Users/sim/Project2/scripts/../scripts/run-scheduled-reports-cron.sh: line 25: node: command not found
Tue Jun 10 07:10:04 CDT 2025: Checking if NextJS server is running...
Tue Jun 10 07:10:04 CDT 2025: Running scheduled reports
/Users/sim/Project2/scripts/../scripts/run-simple-scheduled-reports.sh: line 16: node: command not found
Tue Jun 10 07:10:04 CDT 2025: NextJS server is running. Running scheduled reports check...
/Users/sim/Project2/scripts/../scripts/run-scheduled-reports-cron.sh: line 25: node: command not found
Tue Jun 10 07:11:03 CDT 2025: Checking if NextJS server is running...
Tue Jun 10 07:11:03 CDT 2025: Running scheduled reports
/Users/sim/Project2/scripts/../scripts/run-simple-scheduled-reports.sh: line 16: node: command not found
Tue Jun 10 07:11:03 CDT 2025: NextJS server is running. Running scheduled reports check...
/Users/sim/Project2/scripts/../scripts/run-scheduled-reports-cron.sh: line 25: node: command not found
Tue Jun 10 07:12:04 CDT 2025: Checking if NextJS server is running...
Tue Jun 10 07:12:04 CDT 2025: Running scheduled reports
/Users/sim/Project2/scripts/../scripts/run-simple-scheduled-reports.sh: line 16: node: command not found
Tue Jun 10 07:12:04 CDT 2025: NextJS server is running. Running scheduled reports check...
/Users/sim/Project2/scripts/../scripts/run-scheduled-reports-cron.sh: line 25: node: command not found
Tue Jun 10 07:13:02 CDT 2025: Checking if NextJS server is running...
Tue Jun 10 07:13:02 CDT 2025: Running scheduled reports
/Users/sim/Project2/scripts/../scripts/run-simple-scheduled-reports.sh: line 16: node: command not found
Tue Jun 10 07:13:02 CDT 2025: NextJS server is running. Running scheduled reports check...
/Users/sim/Project2/scripts/../scripts/run-scheduled-reports-cron.sh: line 25: node: command not found
Tue Jun 10 07:14:02 CDT 2025: Running scheduled reports
Tue Jun 10 07:14:02 CDT 2025: Checking if NextJS server is running...
/Users/sim/Project2/scripts/../scripts/run-simple-scheduled-reports.sh: line 16: node: command not found
Tue Jun 10 07:14:02 CDT 2025: NextJS server is running. Running scheduled reports check...
/Users/sim/Project2/scripts/../scripts/run-scheduled-reports-cron.sh: line 25: node: command not found
Tue Jun 10 07:15:04 CDT 2025: Checking if NextJS server is running...
Tue Jun 10 07:15:04 CDT 2025: Running scheduled reports
/Users/sim/Project2/scripts/../scripts/run-simple-scheduled-reports.sh: line 16: node: command not found
Tue Jun 10 07:15:04 CDT 2025: NextJS server is running. Running scheduled reports check...
/Users/sim/Project2/scripts/../scripts/run-scheduled-reports-cron.sh: line 25: node: command not found
Tue Jun 10 07:16:04 CDT 2025: Checking if NextJS server is running...
Tue Jun 10 07:16:04 CDT 2025: Running scheduled reports
/Users/sim/Project2/scripts/../scripts/run-simple-scheduled-reports.sh: line 16: node: command not found
Tue Jun 10 07:16:04 CDT 2025: NextJS server is running. Running scheduled reports check...
/Users/sim/Project2/scripts/../scripts/run-scheduled-reports-cron.sh: line 25: node: command not found
Tue Jun 10 07:17:04 CDT 2025: Running scheduled reports
Tue Jun 10 07:17:04 CDT 2025: Checking if NextJS server is running...
/Users/sim/Project2/scripts/../scripts/run-simple-scheduled-reports.sh: line 16: node: command not found
Tue Jun 10 07:17:04 CDT 2025: NextJS server is running. Running scheduled reports check...
/Users/sim/Project2/scripts/../scripts/run-scheduled-reports-cron.sh: line 25: node: command not found
Tue Jun 10 07:18:03 CDT 2025: Running scheduled reports
Tue Jun 10 07:18:03 CDT 2025: Checking if NextJS server is running...
/Users/sim/Project2/scripts/../scripts/run-simple-scheduled-reports.sh: line 16: node: command not found
Tue Jun 10 07:18:04 CDT 2025: NextJS server is running. Running scheduled reports check...
/Users/sim/Project2/scripts/../scripts/run-scheduled-reports-cron.sh: line 25: node: command not found
Tue Jun 10 07:19:03 CDT 2025: Checking if NextJS server is running...
Tue Jun 10 07:19:03 CDT 2025: Running scheduled reports
/Users/sim/Project2/scripts/../scripts/run-simple-scheduled-reports.sh: line 16: node: command not found
Tue Jun 10 07:19:03 CDT 2025: NextJS server is running. Running scheduled reports check...
/Users/sim/Project2/scripts/../scripts/run-scheduled-reports-cron.sh: line 25: node: command not found
Tue Jun 10 08:58:01 CDT 2025: Checking if NextJS server is running...
Tue Jun 10 08:58:01 CDT 2025: Running scheduled reports
/Users/sim/Project2/scripts/../scripts/run-simple-scheduled-reports.sh: line 16: node: command not found
Tue Jun 10 08:58:01 CDT 2025: NextJS server is running. Running scheduled reports check...
/Users/sim/Project2/scripts/../scripts/run-scheduled-reports-cron.sh: line 25: node: command not found
Tue Jun 10 08:59:05 CDT 2025: Running scheduled reports
Tue Jun 10 08:59:05 CDT 2025: Checking if NextJS server is running...
/Users/sim/Project2/scripts/../scripts/run-simple-scheduled-reports.sh: line 16: node: command not found
Tue Jun 10 08:59:05 CDT 2025: NextJS server is running. Running scheduled reports check...
/Users/sim/Project2/scripts/../scripts/run-scheduled-reports-cron.sh: line 25: node: command not found
Tue Jun 10 09:00:04 CDT 2025: Running scheduled reports
Tue Jun 10 09:00:04 CDT 2025: Checking if NextJS server is running...
/Users/sim/Project2/scripts/../scripts/run-simple-scheduled-reports.sh: line 16: node: command not found
Tue Jun 10 09:00:04 CDT 2025: NextJS server is running. Running scheduled reports check...
/Users/sim/Project2/scripts/../scripts/run-scheduled-reports-cron.sh: line 25: node: command not found
Tue Jun 10 09:01:04 CDT 2025: Checking if NextJS server is running...
Tue Jun 10 09:01:04 CDT 2025: Running scheduled reports
/Users/sim/Project2/scripts/../scripts/run-simple-scheduled-reports.sh: line 16: node: command not found
Tue Jun 10 09:01:04 CDT 2025: NextJS server is running. Running scheduled reports check...
/Users/sim/Project2/scripts/../scripts/run-scheduled-reports-cron.sh: line 25: node: command not found
Tue Jun 10 09:02:05 CDT 2025: Checking if NextJS server is running...
Tue Jun 10 09:02:05 CDT 2025: Running scheduled reports
/Users/sim/Project2/scripts/../scripts/run-simple-scheduled-reports.sh: line 16: node: command not found
Tue Jun 10 09:02:05 CDT 2025: NextJS server is running. Running scheduled reports check...
/Users/sim/Project2/scripts/../scripts/run-scheduled-reports-cron.sh: line 25: node: command not found
Tue Jun 10 09:03:04 CDT 2025: Checking if NextJS server is running...
Tue Jun 10 09:03:04 CDT 2025: Running scheduled reports
/Users/sim/Project2/scripts/../scripts/run-simple-scheduled-reports.sh: line 16: node: command not found
Tue Jun 10 09:03:04 CDT 2025: NextJS server is running. Running scheduled reports check...
/Users/sim/Project2/scripts/../scripts/run-scheduled-reports-cron.sh: line 25: node: command not found
Tue Jun 10 09:04:04 CDT 2025: Checking if NextJS server is running...
Tue Jun 10 09:04:04 CDT 2025: Running scheduled reports
/Users/sim/Project2/scripts/../scripts/run-simple-scheduled-reports.sh: line 16: node: command not found
Tue Jun 10 09:04:04 CDT 2025: NextJS server is running. Running scheduled reports check...
/Users/sim/Project2/scripts/../scripts/run-scheduled-reports-cron.sh: line 25: node: command not found
Tue Jun 10 09:05:03 CDT 2025: Running scheduled reports
Tue Jun 10 09:05:03 CDT 2025: Checking if NextJS server is running...
/Users/sim/Project2/scripts/../scripts/run-simple-scheduled-reports.sh: line 16: node: command not found
Tue Jun 10 09:05:03 CDT 2025: NextJS server is running. Running scheduled reports check...
/Users/sim/Project2/scripts/../scripts/run-scheduled-reports-cron.sh: line 25: node: command not found
Tue Jun 10 09:06:05 CDT 2025: Checking if NextJS server is running...
Tue Jun 10 09:06:05 CDT 2025: Running scheduled reports
/Users/sim/Project2/scripts/../scripts/run-simple-scheduled-reports.sh: line 16: node: command not found
Tue Jun 10 09:06:05 CDT 2025: NextJS server is running. Running scheduled reports check...
/Users/sim/Project2/scripts/../scripts/run-scheduled-reports-cron.sh: line 25: node: command not found
Tue Jun 10 09:07:04 CDT 2025: Running scheduled reports
Tue Jun 10 09:07:04 CDT 2025: Checking if NextJS server is running...
/Users/sim/Project2/scripts/../scripts/run-simple-scheduled-reports.sh: line 16: node: command not found
Tue Jun 10 09:07:04 CDT 2025: NextJS server is running. Running scheduled reports check...
/Users/sim/Project2/scripts/../scripts/run-scheduled-reports-cron.sh: line 25: node: command not found
Tue Jun 10 09:08:05 CDT 2025: Checking if NextJS server is running...
Tue Jun 10 09:08:05 CDT 2025: Running scheduled reports
/Users/sim/Project2/scripts/../scripts/run-simple-scheduled-reports.sh: line 16: node: command not found
Tue Jun 10 09:08:05 CDT 2025: NextJS server is running. Running scheduled reports check...
/Users/sim/Project2/scripts/../scripts/run-scheduled-reports-cron.sh: line 25: node: command not found
Tue Jun 10 09:09:05 CDT 2025: Checking if NextJS server is running...
Tue Jun 10 09:09:05 CDT 2025: Running scheduled reports
/Users/sim/Project2/scripts/../scripts/run-simple-scheduled-reports.sh: line 16: node: command not found
Tue Jun 10 09:09:05 CDT 2025: NextJS server is running. Running scheduled reports check...
/Users/sim/Project2/scripts/../scripts/run-scheduled-reports-cron.sh: line 25: node: command not found
Tue Jun 10 09:10:04 CDT 2025: Checking if NextJS server is running...
Tue Jun 10 09:10:04 CDT 2025: Running scheduled reports
/Users/sim/Project2/scripts/../scripts/run-simple-scheduled-reports.sh: line 16: node: command not found
Tue Jun 10 09:10:04 CDT 2025: NextJS server is running. Running scheduled reports check...
/Users/sim/Project2/scripts/../scripts/run-scheduled-reports-cron.sh: line 25: node: command not found
Tue Jun 10 09:11:04 CDT 2025: Running scheduled reports
Tue Jun 10 09:11:04 CDT 2025: Checking if NextJS server is running...
/Users/sim/Project2/scripts/../scripts/run-simple-scheduled-reports.sh: line 16: node: command not found
Tue Jun 10 09:11:04 CDT 2025: NextJS server is running. Running scheduled reports check...
/Users/sim/Project2/scripts/../scripts/run-scheduled-reports-cron.sh: line 25: node: command not found
Tue Jun 10 09:12:05 CDT 2025: Checking if NextJS server is running...
Tue Jun 10 09:12:05 CDT 2025: Running scheduled reports
/Users/sim/Project2/scripts/../scripts/run-simple-scheduled-reports.sh: line 16: node: command not found
Tue Jun 10 09:12:05 CDT 2025: NextJS server is running. Running scheduled reports check...
/Users/sim/Project2/scripts/../scripts/run-scheduled-reports-cron.sh: line 25: node: command not found
Tue Jun 10 09:13:04 CDT 2025: Running scheduled reports
Tue Jun 10 09:13:04 CDT 2025: Checking if NextJS server is running...
/Users/sim/Project2/scripts/../scripts/run-simple-scheduled-reports.sh: line 16: node: command not found
Tue Jun 10 09:13:04 CDT 2025: NextJS server is running. Running scheduled reports check...
/Users/sim/Project2/scripts/../scripts/run-scheduled-reports-cron.sh: line 25: node: command not found
Tue Jun 10 09:14:04 CDT 2025: Checking if NextJS server is running...
Tue Jun 10 09:14:04 CDT 2025: Running scheduled reports
/Users/sim/Project2/scripts/../scripts/run-simple-scheduled-reports.sh: line 16: node: command not found
Tue Jun 10 09:14:04 CDT 2025: NextJS server is running. Running scheduled reports check...
/Users/sim/Project2/scripts/../scripts/run-scheduled-reports-cron.sh: line 25: node: command not found
Tue Jun 10 09:15:03 CDT 2025: Checking if NextJS server is running...
Tue Jun 10 09:15:03 CDT 2025: Running scheduled reports
/Users/sim/Project2/scripts/../scripts/run-simple-scheduled-reports.sh: line 16: node: command not found
Tue Jun 10 09:15:03 CDT 2025: NextJS server is running. Running scheduled reports check...
/Users/sim/Project2/scripts/../scripts/run-scheduled-reports-cron.sh: line 25: node: command not found
Tue Jun 10 09:16:04 CDT 2025: Checking if NextJS server is running...
Tue Jun 10 09:16:04 CDT 2025: Running scheduled reports
/Users/sim/Project2/scripts/../scripts/run-simple-scheduled-reports.sh: line 16: node: command not found
Tue Jun 10 09:16:04 CDT 2025: NextJS server is running. Running scheduled reports check...
/Users/sim/Project2/scripts/../scripts/run-scheduled-reports-cron.sh: line 25: node: command not found
Tue Jun 10 09:17:03 CDT 2025: Running scheduled reports
Tue Jun 10 09:17:03 CDT 2025: Checking if NextJS server is running...
/Users/sim/Project2/scripts/../scripts/run-simple-scheduled-reports.sh: line 16: node: command not found
Tue Jun 10 09:17:03 CDT 2025: NextJS server is running. Running scheduled reports check...
/Users/sim/Project2/scripts/../scripts/run-scheduled-reports-cron.sh: line 25: node: command not found
Tue Jun 10 09:18:05 CDT 2025: Running scheduled reports
Tue Jun 10 09:18:05 CDT 2025: Checking if NextJS server is running...
/Users/sim/Project2/scripts/../scripts/run-simple-scheduled-reports.sh: line 16: node: command not found
Tue Jun 10 09:18:05 CDT 2025: NextJS server is running. Running scheduled reports check...
/Users/sim/Project2/scripts/../scripts/run-scheduled-reports-cron.sh: line 25: node: command not found
Tue Jun 10 09:19:04 CDT 2025: Running scheduled reports
Tue Jun 10 09:19:04 CDT 2025: Checking if NextJS server is running...
/Users/sim/Project2/scripts/../scripts/run-simple-scheduled-reports.sh: line 16: node: command not found
Tue Jun 10 09:19:04 CDT 2025: NextJS server is running. Running scheduled reports check...
/Users/sim/Project2/scripts/../scripts/run-scheduled-reports-cron.sh: line 25: node: command not found
Tue Jun 10 09:20:04 CDT 2025: Checking if NextJS server is running...
Tue Jun 10 09:20:04 CDT 2025: Running scheduled reports
/Users/sim/Project2/scripts/../scripts/run-simple-scheduled-reports.sh: line 16: node: command not found
Tue Jun 10 09:20:04 CDT 2025: NextJS server is running. Running scheduled reports check...
/Users/sim/Project2/scripts/../scripts/run-scheduled-reports-cron.sh: line 25: node: command not found
Tue Jun 10 09:21:04 CDT 2025: Checking if NextJS server is running...
Tue Jun 10 09:21:04 CDT 2025: Running scheduled reports
/Users/sim/Project2/scripts/../scripts/run-simple-scheduled-reports.sh: line 16: node: command not found
Tue Jun 10 09:21:04 CDT 2025: NextJS server is running. Running scheduled reports check...
/Users/sim/Project2/scripts/../scripts/run-scheduled-reports-cron.sh: line 25: node: command not found
Tue Jun 10 09:22:05 CDT 2025: Checking if NextJS server is running...
Tue Jun 10 09:22:05 CDT 2025: Running scheduled reports
/Users/sim/Project2/scripts/../scripts/run-simple-scheduled-reports.sh: line 16: node: command not found
Tue Jun 10 09:22:06 CDT 2025: NextJS server is running. Running scheduled reports check...
/Users/sim/Project2/scripts/../scripts/run-scheduled-reports-cron.sh: line 25: node: command not found
Tue Jun 10 09:23:03 CDT 2025: Running scheduled reports
Tue Jun 10 09:23:03 CDT 2025: Checking if NextJS server is running...
/Users/sim/Project2/scripts/../scripts/run-simple-scheduled-reports.sh: line 16: node: command not found
Tue Jun 10 09:23:03 CDT 2025: NextJS server is running. Running scheduled reports check...
/Users/sim/Project2/scripts/../scripts/run-scheduled-reports-cron.sh: line 25: node: command not found
Tue Jun 10 09:24:05 CDT 2025: Checking if NextJS server is running...
Tue Jun 10 09:24:05 CDT 2025: Running scheduled reports
/Users/sim/Project2/scripts/../scripts/run-simple-scheduled-reports.sh: line 16: node: command not found
Tue Jun 10 09:24:05 CDT 2025: NextJS server is running. Running scheduled reports check...
/Users/sim/Project2/scripts/../scripts/run-scheduled-reports-cron.sh: line 25: node: command not found
Tue Jun 10 09:25:04 CDT 2025: Running scheduled reports
Tue Jun 10 09:25:04 CDT 2025: Checking if NextJS server is running...
/Users/sim/Project2/scripts/../scripts/run-simple-scheduled-reports.sh: line 16: node: command not found
Tue Jun 10 09:25:04 CDT 2025: NextJS server is running. Running scheduled reports check...
/Users/sim/Project2/scripts/../scripts/run-scheduled-reports-cron.sh: line 25: node: command not found
Tue Jun 10 09:26:04 CDT 2025: Running scheduled reports
Tue Jun 10 09:26:04 CDT 2025: Checking if NextJS server is running...
/Users/sim/Project2/scripts/../scripts/run-simple-scheduled-reports.sh: line 16: node: command not found
Tue Jun 10 09:26:04 CDT 2025: NextJS server is running. Running scheduled reports check...
/Users/sim/Project2/scripts/../scripts/run-scheduled-reports-cron.sh: line 25: node: command not found
Tue Jun 10 09:27:04 CDT 2025: Checking if NextJS server is running...
Tue Jun 10 09:27:04 CDT 2025: Running scheduled reports
/Users/sim/Project2/scripts/../scripts/run-simple-scheduled-reports.sh: line 16: node: command not found
Tue Jun 10 09:27:04 CDT 2025: NextJS server is running. Running scheduled reports check...
/Users/sim/Project2/scripts/../scripts/run-scheduled-reports-cron.sh: line 25: node: command not found
Tue Jun 10 09:28:03 CDT 2025: Running scheduled reports
Tue Jun 10 09:28:03 CDT 2025: Checking if NextJS server is running...
/Users/sim/Project2/scripts/../scripts/run-simple-scheduled-reports.sh: line 16: node: command not found
Tue Jun 10 09:28:03 CDT 2025: NextJS server is running. Running scheduled reports check...
/Users/sim/Project2/scripts/../scripts/run-scheduled-reports-cron.sh: line 25: node: command not found
Tue Jun 10 09:29:03 CDT 2025: Checking if NextJS server is running...
Tue Jun 10 09:29:03 CDT 2025: Running scheduled reports
/Users/sim/Project2/scripts/../scripts/run-simple-scheduled-reports.sh: line 16: node: command not found
Tue Jun 10 09:29:03 CDT 2025: NextJS server is running. Running scheduled reports check...
/Users/sim/Project2/scripts/../scripts/run-scheduled-reports-cron.sh: line 25: node: command not found
Tue Jun 10 09:30:03 CDT 2025: Checking if NextJS server is running...
Tue Jun 10 09:30:03 CDT 2025: Running scheduled reports
/Users/sim/Project2/scripts/../scripts/run-simple-scheduled-reports.sh: line 16: node: command not found
Tue Jun 10 09:30:03 CDT 2025: NextJS server is running. Running scheduled reports check...
/Users/sim/Project2/scripts/../scripts/run-scheduled-reports-cron.sh: line 25: node: command not found
Tue Jun 10 09:31:04 CDT 2025: Running scheduled reports
Tue Jun 10 09:31:04 CDT 2025: Checking if NextJS server is running...
/Users/sim/Project2/scripts/../scripts/run-simple-scheduled-reports.sh: line 16: node: command not found
Tue Jun 10 09:31:04 CDT 2025: NextJS server is running. Running scheduled reports check...
/Users/sim/Project2/scripts/../scripts/run-scheduled-reports-cron.sh: line 25: node: command not found
Tue Jun 10 09:32:03 CDT 2025: Running scheduled reports
Tue Jun 10 09:32:03 CDT 2025: Checking if NextJS server is running...
/Users/sim/Project2/scripts/../scripts/run-simple-scheduled-reports.sh: line 16: node: command not found
Tue Jun 10 09:32:03 CDT 2025: NextJS server is running. Running scheduled reports check...
/Users/sim/Project2/scripts/../scripts/run-scheduled-reports-cron.sh: line 25: node: command not found
Tue Jun 10 09:33:05 CDT 2025: Checking if NextJS server is running...
Tue Jun 10 09:33:05 CDT 2025: Running scheduled reports
/Users/sim/Project2/scripts/../scripts/run-simple-scheduled-reports.sh: line 16: node: command not found
Tue Jun 10 09:33:05 CDT 2025: NextJS server is running. Running scheduled reports check...
/Users/sim/Project2/scripts/../scripts/run-scheduled-reports-cron.sh: line 25: node: command not found
Tue Jun 10 09:34:04 CDT 2025: Checking if NextJS server is running...
Tue Jun 10 09:34:04 CDT 2025: Running scheduled reports
/Users/sim/Project2/scripts/../scripts/run-simple-scheduled-reports.sh: line 16: node: command not found
Tue Jun 10 09:34:04 CDT 2025: NextJS server is running. Running scheduled reports check...
/Users/sim/Project2/scripts/../scripts/run-scheduled-reports-cron.sh: line 25: node: command not found
Tue Jun 10 09:35:05 CDT 2025: Running scheduled reports
Tue Jun 10 09:35:05 CDT 2025: Checking if NextJS server is running...
/Users/sim/Project2/scripts/../scripts/run-simple-scheduled-reports.sh: line 16: node: command not found
Tue Jun 10 09:35:05 CDT 2025: NextJS server is running. Running scheduled reports check...
/Users/sim/Project2/scripts/../scripts/run-scheduled-reports-cron.sh: line 25: node: command not found
Tue Jun 10 09:36:05 CDT 2025: Running scheduled reports
Tue Jun 10 09:36:05 CDT 2025: Checking if NextJS server is running...
/Users/sim/Project2/scripts/../scripts/run-simple-scheduled-reports.sh: line 16: node: command not found
Tue Jun 10 09:36:05 CDT 2025: NextJS server is running. Running scheduled reports check...
/Users/sim/Project2/scripts/../scripts/run-scheduled-reports-cron.sh: line 25: node: command not found
Tue Jun 10 09:37:04 CDT 2025: Running scheduled reports
Tue Jun 10 09:37:04 CDT 2025: Checking if NextJS server is running...
/Users/sim/Project2/scripts/../scripts/run-simple-scheduled-reports.sh: line 16: node: command not found
Tue Jun 10 09:37:04 CDT 2025: NextJS server is running. Running scheduled reports check...
/Users/sim/Project2/scripts/../scripts/run-scheduled-reports-cron.sh: line 25: node: command not found
Tue Jun 10 09:38:04 CDT 2025: Running scheduled reports
Tue Jun 10 09:38:04 CDT 2025: Checking if NextJS server is running...
/Users/sim/Project2/scripts/../scripts/run-simple-scheduled-reports.sh: line 16: node: command not found
Tue Jun 10 09:38:04 CDT 2025: NextJS server is running. Running scheduled reports check...
/Users/sim/Project2/scripts/../scripts/run-scheduled-reports-cron.sh: line 25: node: command not found
Tue Jun 10 09:39:03 CDT 2025: Checking if NextJS server is running...
Tue Jun 10 09:39:03 CDT 2025: Running scheduled reports
/Users/sim/Project2/scripts/../scripts/run-simple-scheduled-reports.sh: line 16: node: command not found
Tue Jun 10 09:39:03 CDT 2025: NextJS server is running. Running scheduled reports check...
/Users/sim/Project2/scripts/../scripts/run-scheduled-reports-cron.sh: line 25: node: command not found
Tue Jun 10 09:40:05 CDT 2025: Running scheduled reports
Tue Jun 10 09:40:05 CDT 2025: Checking if NextJS server is running...
/Users/sim/Project2/scripts/../scripts/run-simple-scheduled-reports.sh: line 16: node: command not found
Tue Jun 10 09:40:05 CDT 2025: NextJS server is running. Running scheduled reports check...
/Users/sim/Project2/scripts/../scripts/run-scheduled-reports-cron.sh: line 25: node: command not found
Tue Jun 10 09:41:04 CDT 2025: Running scheduled reports
Tue Jun 10 09:41:04 CDT 2025: Checking if NextJS server is running...
/Users/sim/Project2/scripts/../scripts/run-simple-scheduled-reports.sh: line 16: node: command not found
Tue Jun 10 09:41:04 CDT 2025: NextJS server is running. Running scheduled reports check...
/Users/sim/Project2/scripts/../scripts/run-scheduled-reports-cron.sh: line 25: node: command not found
Tue Jun 10 09:42:03 CDT 2025: Running scheduled reports
Tue Jun 10 09:42:03 CDT 2025: Checking if NextJS server is running...
/Users/sim/Project2/scripts/../scripts/run-simple-scheduled-reports.sh: line 16: node: command not found
Tue Jun 10 09:42:03 CDT 2025: NextJS server is running. Running scheduled reports check...
/Users/sim/Project2/scripts/../scripts/run-scheduled-reports-cron.sh: line 25: node: command not found
Tue Jun 10 09:43:05 CDT 2025: Checking if NextJS server is running...
Tue Jun 10 09:43:05 CDT 2025: Running scheduled reports
/Users/sim/Project2/scripts/../scripts/run-simple-scheduled-reports.sh: line 16: node: command not found
Tue Jun 10 09:43:05 CDT 2025: NextJS server is running. Running scheduled reports check...
/Users/sim/Project2/scripts/../scripts/run-scheduled-reports-cron.sh: line 25: node: command not found
Tue Jun 10 09:44:04 CDT 2025: Running scheduled reports
Tue Jun 10 09:44:04 CDT 2025: Checking if NextJS server is running...
/Users/sim/Project2/scripts/../scripts/run-simple-scheduled-reports.sh: line 16: node: command not found
Tue Jun 10 09:44:04 CDT 2025: NextJS server is running. Running scheduled reports check...
/Users/sim/Project2/scripts/../scripts/run-scheduled-reports-cron.sh: line 25: node: command not found
Tue Jun 10 09:45:04 CDT 2025: Running scheduled reports
Tue Jun 10 09:45:04 CDT 2025: Checking if NextJS server is running...
/Users/sim/Project2/scripts/../scripts/run-simple-scheduled-reports.sh: line 16: node: command not found
Tue Jun 10 09:45:04 CDT 2025: NextJS server is running. Running scheduled reports check...
/Users/sim/Project2/scripts/../scripts/run-scheduled-reports-cron.sh: line 25: node: command not found
Tue Jun 10 09:46:04 CDT 2025: Running scheduled reports
Tue Jun 10 09:46:04 CDT 2025: Checking if NextJS server is running...
/Users/sim/Project2/scripts/../scripts/run-simple-scheduled-reports.sh: line 16: node: command not found
Tue Jun 10 09:46:04 CDT 2025: NextJS server is running. Running scheduled reports check...
/Users/sim/Project2/scripts/../scripts/run-scheduled-reports-cron.sh: line 25: node: command not found
Tue Jun 10 09:47:02 CDT 2025: Running scheduled reports
Tue Jun 10 09:47:02 CDT 2025: Checking if NextJS server is running...
/Users/sim/Project2/scripts/../scripts/run-simple-scheduled-reports.sh: line 16: node: command not found
Tue Jun 10 09:47:02 CDT 2025: NextJS server is running. Running scheduled reports check...
/Users/sim/Project2/scripts/../scripts/run-scheduled-reports-cron.sh: line 25: node: command not found
Tue Jun 10 09:48:04 CDT 2025: Checking if NextJS server is running...
Tue Jun 10 09:48:04 CDT 2025: Running scheduled reports
/Users/sim/Project2/scripts/../scripts/run-simple-scheduled-reports.sh: line 16: node: command not found
Tue Jun 10 09:48:05 CDT 2025: NextJS server is running. Running scheduled reports check...
/Users/sim/Project2/scripts/../scripts/run-scheduled-reports-cron.sh: line 25: node: command not found
Tue Jun 10 09:49:04 CDT 2025: Checking if NextJS server is running...
Tue Jun 10 09:49:04 CDT 2025: Running scheduled reports
/Users/sim/Project2/scripts/../scripts/run-simple-scheduled-reports.sh: line 16: node: command not found
Tue Jun 10 09:49:04 CDT 2025: NextJS server is running. Running scheduled reports check...
/Users/sim/Project2/scripts/../scripts/run-scheduled-reports-cron.sh: line 25: node: command not found
Tue Jun 10 09:50:04 CDT 2025: Checking if NextJS server is running...
Tue Jun 10 09:50:04 CDT 2025: Running scheduled reports
/Users/sim/Project2/scripts/../scripts/run-simple-scheduled-reports.sh: line 16: node: command not found
Tue Jun 10 09:50:05 CDT 2025: NextJS server is running. Running scheduled reports check...
/Users/sim/Project2/scripts/../scripts/run-scheduled-reports-cron.sh: line 25: node: command not found
Tue Jun 10 09:51:02 CDT 2025: Checking if NextJS server is running...
Tue Jun 10 09:51:02 CDT 2025: Running scheduled reports
/Users/sim/Project2/scripts/../scripts/run-simple-scheduled-reports.sh: line 16: node: command not found
Tue Jun 10 09:51:02 CDT 2025: NextJS server is running. Running scheduled reports check...
/Users/sim/Project2/scripts/../scripts/run-scheduled-reports-cron.sh: line 25: node: command not found
Tue Jun 10 09:52:05 CDT 2025: Checking if NextJS server is running...
Tue Jun 10 09:52:05 CDT 2025: Running scheduled reports
/Users/sim/Project2/scripts/../scripts/run-simple-scheduled-reports.sh: line 16: node: command not found
Tue Jun 10 09:52:05 CDT 2025: NextJS server is running. Running scheduled reports check...
/Users/sim/Project2/scripts/../scripts/run-scheduled-reports-cron.sh: line 25: node: command not found
Tue Jun 10 09:53:04 CDT 2025: Running scheduled reports
Tue Jun 10 09:53:04 CDT 2025: Checking if NextJS server is running...
/Users/sim/Project2/scripts/../scripts/run-simple-scheduled-reports.sh: line 16: node: command not found
Tue Jun 10 09:53:04 CDT 2025: NextJS server is running. Running scheduled reports check...
/Users/sim/Project2/scripts/../scripts/run-scheduled-reports-cron.sh: line 25: node: command not found
Tue Jun 10 09:54:04 CDT 2025: Checking if NextJS server is running...
Tue Jun 10 09:54:04 CDT 2025: Running scheduled reports
/Users/sim/Project2/scripts/../scripts/run-simple-scheduled-reports.sh: line 16: node: command not found
Tue Jun 10 09:54:04 CDT 2025: NextJS server is running. Running scheduled reports check...
/Users/sim/Project2/scripts/../scripts/run-scheduled-reports-cron.sh: line 25: node: command not found
Tue Jun 10 09:55:04 CDT 2025: Running scheduled reports
Tue Jun 10 09:55:04 CDT 2025: Checking if NextJS server is running...
/Users/sim/Project2/scripts/../scripts/run-simple-scheduled-reports.sh: line 16: node: command not found
Tue Jun 10 09:55:04 CDT 2025: NextJS server is running. Running scheduled reports check...
/Users/sim/Project2/scripts/../scripts/run-scheduled-reports-cron.sh: line 25: node: command not found
Tue Jun 10 09:56:03 CDT 2025: Running scheduled reports
Tue Jun 10 09:56:03 CDT 2025: Checking if NextJS server is running...
/Users/sim/Project2/scripts/../scripts/run-simple-scheduled-reports.sh: line 16: node: command not found
Tue Jun 10 09:56:03 CDT 2025: NextJS server is running. Running scheduled reports check...
/Users/sim/Project2/scripts/../scripts/run-scheduled-reports-cron.sh: line 25: node: command not found
Tue Jun 10 09:57:04 CDT 2025: Checking if NextJS server is running...
Tue Jun 10 09:57:04 CDT 2025: Running scheduled reports
/Users/sim/Project2/scripts/../scripts/run-simple-scheduled-reports.sh: line 16: node: command not found
Tue Jun 10 09:57:04 CDT 2025: NextJS server is running. Running scheduled reports check...
/Users/sim/Project2/scripts/../scripts/run-scheduled-reports-cron.sh: line 25: node: command not found
Tue Jun 10 09:58:03 CDT 2025: Running scheduled reports
Tue Jun 10 09:58:03 CDT 2025: Checking if NextJS server is running...
/Users/sim/Project2/scripts/../scripts/run-simple-scheduled-reports.sh: line 16: node: command not found
Tue Jun 10 09:58:03 CDT 2025: NextJS server is running. Running scheduled reports check...
/Users/sim/Project2/scripts/../scripts/run-scheduled-reports-cron.sh: line 25: node: command not found
Tue Jun 10 09:59:06 CDT 2025: Running scheduled reports
Tue Jun 10 09:59:06 CDT 2025: Checking if NextJS server is running...
/Users/sim/Project2/scripts/../scripts/run-simple-scheduled-reports.sh: line 16: node: command not found
Tue Jun 10 09:59:06 CDT 2025: NextJS server is running. Running scheduled reports check...
/Users/sim/Project2/scripts/../scripts/run-scheduled-reports-cron.sh: line 25: node: command not found
Tue Jun 10 10:00:05 CDT 2025: Running scheduled reports
/Users/sim/Project2/scripts/../scripts/run-simple-scheduled-reports.sh: line 16: node: command not found
Tue Jun 10 10:00:05 CDT 2025: Checking if NextJS server is running...
Tue Jun 10 10:00:05 CDT 2025: NextJS server is running. Running scheduled reports check...
/Users/sim/Project2/scripts/../scripts/run-scheduled-reports-cron.sh: line 25: node: command not found
Tue Jun 10 10:01:04 CDT 2025: Checking if NextJS server is running...
Tue Jun 10 10:01:04 CDT 2025: Running scheduled reports
/Users/sim/Project2/scripts/../scripts/run-simple-scheduled-reports.sh: line 16: node: command not found
Tue Jun 10 10:01:05 CDT 2025: NextJS server is running. Running scheduled reports check...
/Users/sim/Project2/scripts/../scripts/run-scheduled-reports-cron.sh: line 25: node: command not found
Tue Jun 10 10:02:04 CDT 2025: Running scheduled reports
Tue Jun 10 10:02:04 CDT 2025: Checking if NextJS server is running...
/Users/sim/Project2/scripts/../scripts/run-simple-scheduled-reports.sh: line 16: node: command not found
Tue Jun 10 10:02:04 CDT 2025: NextJS server is running. Running scheduled reports check...
/Users/sim/Project2/scripts/../scripts/run-scheduled-reports-cron.sh: line 25: node: command not found
Tue Jun 10 10:03:05 CDT 2025: Checking if NextJS server is running...
Tue Jun 10 10:03:05 CDT 2025: Running scheduled reports
/Users/sim/Project2/scripts/../scripts/run-simple-scheduled-reports.sh: line 16: node: command not found
Tue Jun 10 10:03:05 CDT 2025: NextJS server is running. Running scheduled reports check...
/Users/sim/Project2/scripts/../scripts/run-scheduled-reports-cron.sh: line 25: node: command not found
Tue Jun 10 10:04:03 CDT 2025: Running scheduled reports
Tue Jun 10 10:04:03 CDT 2025: Checking if NextJS server is running...
/Users/sim/Project2/scripts/../scripts/run-simple-scheduled-reports.sh: line 16: node: command not found
Tue Jun 10 10:04:03 CDT 2025: NextJS server is running. Running scheduled reports check...
/Users/sim/Project2/scripts/../scripts/run-scheduled-reports-cron.sh: line 25: node: command not found
Tue Jun 10 10:05:04 CDT 2025: Checking if NextJS server is running...
Tue Jun 10 10:05:04 CDT 2025: Running scheduled reports
/Users/sim/Project2/scripts/../scripts/run-simple-scheduled-reports.sh: line 16: node: command not found
Tue Jun 10 10:05:04 CDT 2025: NextJS server is running. Running scheduled reports check...
/Users/sim/Project2/scripts/../scripts/run-scheduled-reports-cron.sh: line 25: node: command not found
Tue Jun 10 10:06:02 CDT 2025: Running scheduled reports
Tue Jun 10 10:06:02 CDT 2025: Checking if NextJS server is running...
/Users/sim/Project2/scripts/../scripts/run-simple-scheduled-reports.sh: line 16: node: command not found
Tue Jun 10 10:06:02 CDT 2025: NextJS server is running. Running scheduled reports check...
/Users/sim/Project2/scripts/../scripts/run-scheduled-reports-cron.sh: line 25: node: command not found
Tue Jun 10 10:07:05 CDT 2025: Checking if NextJS server is running...
Tue Jun 10 10:07:05 CDT 2025: Running scheduled reports
Tue Jun 10 10:07:05 CDT 2025: NextJS server is running. Running scheduled reports check...
/Users/sim/Project2/scripts/../scripts/run-simple-scheduled-reports.sh: line 16: node: command not found
/Users/sim/Project2/scripts/../scripts/run-scheduled-reports-cron.sh: line 25: node: command not found
Tue Jun 10 10:08:03 CDT 2025: Running scheduled reports
Tue Jun 10 10:08:03 CDT 2025: Checking if NextJS server is running...
/Users/sim/Project2/scripts/../scripts/run-simple-scheduled-reports.sh: line 16: node: command not found
Tue Jun 10 10:08:03 CDT 2025: NextJS server is running. Running scheduled reports check...
/Users/sim/Project2/scripts/../scripts/run-scheduled-reports-cron.sh: line 25: node: command not found
Tue Jun 10 10:09:04 CDT 2025: Checking if NextJS server is running...
Tue Jun 10 10:09:04 CDT 2025: Running scheduled reports
/Users/sim/Project2/scripts/../scripts/run-simple-scheduled-reports.sh: line 16: node: command not found
Tue Jun 10 10:09:04 CDT 2025: NextJS server is running. Running scheduled reports check...
/Users/sim/Project2/scripts/../scripts/run-scheduled-reports-cron.sh: line 25: node: command not found
Tue Jun 10 10:10:03 CDT 2025: Running scheduled reports
Tue Jun 10 10:10:03 CDT 2025: Checking if NextJS server is running...
/Users/sim/Project2/scripts/../scripts/run-simple-scheduled-reports.sh: line 16: node: command not found
Tue Jun 10 10:10:03 CDT 2025: NextJS server is running. Running scheduled reports check...
/Users/sim/Project2/scripts/../scripts/run-scheduled-reports-cron.sh: line 25: node: command not found
Tue Jun 10 10:11:04 CDT 2025: Checking if NextJS server is running...
Tue Jun 10 10:11:04 CDT 2025: Running scheduled reports
/Users/sim/Project2/scripts/../scripts/run-simple-scheduled-reports.sh: line 16: node: command not found
Tue Jun 10 10:11:04 CDT 2025: NextJS server is running. Running scheduled reports check...
/Users/sim/Project2/scripts/../scripts/run-scheduled-reports-cron.sh: line 25: node: command not found
Tue Jun 10 10:12:05 CDT 2025: Running scheduled reports
Tue Jun 10 10:12:05 CDT 2025: Checking if NextJS server is running...
/Users/sim/Project2/scripts/../scripts/run-simple-scheduled-reports.sh: line 16: node: command not found
Tue Jun 10 10:12:05 CDT 2025: NextJS server is running. Running scheduled reports check...
/Users/sim/Project2/scripts/../scripts/run-scheduled-reports-cron.sh: line 25: node: command not found
Tue Jun 10 10:13:03 CDT 2025: Running scheduled reports
Tue Jun 10 10:13:03 CDT 2025: Checking if NextJS server is running...
/Users/sim/Project2/scripts/../scripts/run-simple-scheduled-reports.sh: line 16: node: command not found
Tue Jun 10 10:13:03 CDT 2025: NextJS server is running. Running scheduled reports check...
/Users/sim/Project2/scripts/../scripts/run-scheduled-reports-cron.sh: line 25: node: command not found
Tue Jun 10 10:14:04 CDT 2025: Running scheduled reports
Tue Jun 10 10:14:04 CDT 2025: Checking if NextJS server is running...
/Users/sim/Project2/scripts/../scripts/run-simple-scheduled-reports.sh: line 16: node: command not found
Tue Jun 10 10:14:04 CDT 2025: NextJS server is running. Running scheduled reports check...
/Users/sim/Project2/scripts/../scripts/run-scheduled-reports-cron.sh: line 25: node: command not found
Tue Jun 10 10:15:03 CDT 2025: Running scheduled reports
Tue Jun 10 10:15:03 CDT 2025: Checking if NextJS server is running...
/Users/sim/Project2/scripts/../scripts/run-simple-scheduled-reports.sh: line 16: node: command not found
Tue Jun 10 10:15:04 CDT 2025: NextJS server is running. Running scheduled reports check...
/Users/sim/Project2/scripts/../scripts/run-scheduled-reports-cron.sh: line 25: node: command not found
Tue Jun 10 10:16:03 CDT 2025: Running scheduled reports
Tue Jun 10 10:16:03 CDT 2025: Checking if NextJS server is running...
/Users/sim/Project2/scripts/../scripts/run-simple-scheduled-reports.sh: line 16: node: command not found
Tue Jun 10 10:16:03 CDT 2025: NextJS server is running. Running scheduled reports check...
/Users/sim/Project2/scripts/../scripts/run-scheduled-reports-cron.sh: line 25: node: command not found
Tue Jun 10 10:33:04 CDT 2025: Checking if NextJS server is running...
Tue Jun 10 10:33:04 CDT 2025: Running scheduled reports
/Users/sim/Project2/scripts/../scripts/run-simple-scheduled-reports.sh: line 16: node: command not found
Tue Jun 10 10:33:04 CDT 2025: NextJS server is running. Running scheduled reports check...
/Users/sim/Project2/scripts/../scripts/run-scheduled-reports-cron.sh: line 25: node: command not found
Tue Jun 10 10:34:03 CDT 2025: Checking if NextJS server is running...
Tue Jun 10 10:34:03 CDT 2025: Running scheduled reports
/Users/sim/Project2/scripts/../scripts/run-simple-scheduled-reports.sh: line 16: node: command not found
Tue Jun 10 10:34:03 CDT 2025: NextJS server is running. Running scheduled reports check...
/Users/sim/Project2/scripts/../scripts/run-scheduled-reports-cron.sh: line 25: node: command not found
Tue Jun 10 10:35:05 CDT 2025: Checking if NextJS server is running...
Tue Jun 10 10:35:05 CDT 2025: Running scheduled reports
/Users/sim/Project2/scripts/../scripts/run-simple-scheduled-reports.sh: line 16: node: command not found
Tue Jun 10 10:35:05 CDT 2025: NextJS server is running. Running scheduled reports check...
/Users/sim/Project2/scripts/../scripts/run-scheduled-reports-cron.sh: line 25: node: command not found
Tue Jun 10 10:36:03 CDT 2025: Running scheduled reports
Tue Jun 10 10:36:03 CDT 2025: Checking if NextJS server is running...
/Users/sim/Project2/scripts/../scripts/run-simple-scheduled-reports.sh: line 16: node: command not found
Tue Jun 10 10:36:03 CDT 2025: NextJS server is running. Running scheduled reports check...
/Users/sim/Project2/scripts/../scripts/run-scheduled-reports-cron.sh: line 25: node: command not found
Tue Jun 10 10:37:04 CDT 2025: Checking if NextJS server is running...
Tue Jun 10 10:37:04 CDT 2025: Running scheduled reports
/Users/sim/Project2/scripts/../scripts/run-simple-scheduled-reports.sh: line 16: node: command not found
Tue Jun 10 10:37:04 CDT 2025: NextJS server is running. Running scheduled reports check...
/Users/sim/Project2/scripts/../scripts/run-scheduled-reports-cron.sh: line 25: node: command not found
Tue Jun 10 10:38:04 CDT 2025: Running scheduled reports
Tue Jun 10 10:38:04 CDT 2025: Checking if NextJS server is running...
/Users/sim/Project2/scripts/../scripts/run-simple-scheduled-reports.sh: line 16: node: command not found
Tue Jun 10 10:38:04 CDT 2025: NextJS server is running. Running scheduled reports check...
/Users/sim/Project2/scripts/../scripts/run-scheduled-reports-cron.sh: line 25: node: command not found
Tue Jun 10 10:39:04 CDT 2025: Running scheduled reports
Tue Jun 10 10:39:04 CDT 2025: Checking if NextJS server is running...
/Users/sim/Project2/scripts/../scripts/run-simple-scheduled-reports.sh: line 16: node: command not found
Tue Jun 10 10:39:04 CDT 2025: NextJS server is running. Running scheduled reports check...
/Users/sim/Project2/scripts/../scripts/run-scheduled-reports-cron.sh: line 25: node: command not found
Tue Jun 10 10:40:06 CDT 2025: Checking if NextJS server is running...
Tue Jun 10 10:40:06 CDT 2025: Running scheduled reports
/Users/sim/Project2/scripts/../scripts/run-simple-scheduled-reports.sh: line 16: node: command not found
Tue Jun 10 10:40:06 CDT 2025: NextJS server is running. Running scheduled reports check...
/Users/sim/Project2/scripts/../scripts/run-scheduled-reports-cron.sh: line 25: node: command not found
Tue Jun 10 10:41:05 CDT 2025: Checking if NextJS server is running...
Tue Jun 10 10:41:05 CDT 2025: Running scheduled reports
/Users/sim/Project2/scripts/../scripts/run-simple-scheduled-reports.sh: line 16: node: command not found
Tue Jun 10 10:41:05 CDT 2025: NextJS server is running. Running scheduled reports check...
/Users/sim/Project2/scripts/../scripts/run-scheduled-reports-cron.sh: line 25: node: command not found
Tue Jun 10 10:42:04 CDT 2025: Running scheduled reports
Tue Jun 10 10:42:04 CDT 2025: Checking if NextJS server is running...
/Users/sim/Project2/scripts/../scripts/run-simple-scheduled-reports.sh: line 16: node: command not found
Tue Jun 10 10:42:04 CDT 2025: NextJS server is running. Running scheduled reports check...
/Users/sim/Project2/scripts/../scripts/run-scheduled-reports-cron.sh: line 25: node: command not found
Tue Jun 10 10:43:02 CDT 2025: Checking if NextJS server is running...
Tue Jun 10 10:43:02 CDT 2025: Running scheduled reports
/Users/sim/Project2/scripts/../scripts/run-simple-scheduled-reports.sh: line 16: node: command not found
Tue Jun 10 10:43:02 CDT 2025: NextJS server is running. Running scheduled reports check...
/Users/sim/Project2/scripts/../scripts/run-scheduled-reports-cron.sh: line 25: node: command not found
Tue Jun 10 10:44:05 CDT 2025: Checking if NextJS server is running...
Tue Jun 10 10:44:05 CDT 2025: Running scheduled reports
/Users/sim/Project2/scripts/../scripts/run-simple-scheduled-reports.sh: line 16: node: command not found
Tue Jun 10 10:44:05 CDT 2025: NextJS server is running. Running scheduled reports check...
/Users/sim/Project2/scripts/../scripts/run-scheduled-reports-cron.sh: line 25: node: command not found
Tue Jun 10 10:45:04 CDT 2025: Running scheduled reports
Tue Jun 10 10:45:04 CDT 2025: Checking if NextJS server is running...
/Users/sim/Project2/scripts/../scripts/run-simple-scheduled-reports.sh: line 16: node: command not found
Tue Jun 10 10:45:04 CDT 2025: NextJS server is running. Running scheduled reports check...
/Users/sim/Project2/scripts/../scripts/run-scheduled-reports-cron.sh: line 25: node: command not found
Tue Jun 10 10:46:03 CDT 2025: Checking if NextJS server is running...
Tue Jun 10 10:46:03 CDT 2025: Running scheduled reports
/Users/sim/Project2/scripts/../scripts/run-simple-scheduled-reports.sh: line 16: node: command not found
Tue Jun 10 10:46:03 CDT 2025: NextJS server is running. Running scheduled reports check...
/Users/sim/Project2/scripts/../scripts/run-scheduled-reports-cron.sh: line 25: node: command not found
Tue Jun 10 10:47:04 CDT 2025: Checking if NextJS server is running...
Tue Jun 10 10:47:04 CDT 2025: Running scheduled reports
/Users/sim/Project2/scripts/../scripts/run-simple-scheduled-reports.sh: line 16: node: command not found
Tue Jun 10 10:47:04 CDT 2025: NextJS server is running. Running scheduled reports check...
/Users/sim/Project2/scripts/../scripts/run-scheduled-reports-cron.sh: line 25: node: command not found
Tue Jun 10 10:48:03 CDT 2025: Running scheduled reports
Tue Jun 10 10:48:03 CDT 2025: Checking if NextJS server is running...
/Users/sim/Project2/scripts/../scripts/run-simple-scheduled-reports.sh: line 16: node: command not found
Tue Jun 10 10:48:03 CDT 2025: NextJS server is running. Running scheduled reports check...
/Users/sim/Project2/scripts/../scripts/run-scheduled-reports-cron.sh: line 25: node: command not found
Tue Jun 10 10:49:04 CDT 2025: Checking if NextJS server is running...
Tue Jun 10 10:49:04 CDT 2025: Running scheduled reports
/Users/sim/Project2/scripts/../scripts/run-simple-scheduled-reports.sh: line 16: node: command not found
Tue Jun 10 10:49:05 CDT 2025: NextJS server is running. Running scheduled reports check...
/Users/sim/Project2/scripts/../scripts/run-scheduled-reports-cron.sh: line 25: node: command not found
Tue Jun 10 10:50:03 CDT 2025: Checking if NextJS server is running...
Tue Jun 10 10:50:03 CDT 2025: Running scheduled reports
/Users/sim/Project2/scripts/../scripts/run-simple-scheduled-reports.sh: line 16: node: command not found
Tue Jun 10 10:50:03 CDT 2025: NextJS server is running. Running scheduled reports check...
/Users/sim/Project2/scripts/../scripts/run-scheduled-reports-cron.sh: line 25: node: command not found
Tue Jun 10 10:51:05 CDT 2025: Running scheduled reports
Tue Jun 10 10:51:05 CDT 2025: Checking if NextJS server is running...
/Users/sim/Project2/scripts/../scripts/run-simple-scheduled-reports.sh: line 16: node: command not found
Tue Jun 10 10:51:05 CDT 2025: NextJS server is running. Running scheduled reports check...
/Users/sim/Project2/scripts/../scripts/run-scheduled-reports-cron.sh: line 25: node: command not found
Tue Jun 10 10:52:05 CDT 2025: Running scheduled reports
Tue Jun 10 10:52:05 CDT 2025: Checking if NextJS server is running...
/Users/sim/Project2/scripts/../scripts/run-simple-scheduled-reports.sh: line 16: node: command not found
Tue Jun 10 10:52:05 CDT 2025: NextJS server is running. Running scheduled reports check...
/Users/sim/Project2/scripts/../scripts/run-scheduled-reports-cron.sh: line 25: node: command not found
Tue Jun 10 10:53:05 CDT 2025: Checking if NextJS server is running...
Tue Jun 10 10:53:05 CDT 2025: Running scheduled reports
/Users/sim/Project2/scripts/../scripts/run-simple-scheduled-reports.sh: line 16: node: command not found
Tue Jun 10 10:53:05 CDT 2025: NextJS server is running. Running scheduled reports check...
/Users/sim/Project2/scripts/../scripts/run-scheduled-reports-cron.sh: line 25: node: command not found
Tue Jun 10 10:54:04 CDT 2025: Checking if NextJS server is running...
Tue Jun 10 10:54:04 CDT 2025: Running scheduled reports
/Users/sim/Project2/scripts/../scripts/run-simple-scheduled-reports.sh: line 16: node: command not found
Tue Jun 10 10:54:04 CDT 2025: NextJS server is running. Running scheduled reports check...
/Users/sim/Project2/scripts/../scripts/run-scheduled-reports-cron.sh: line 25: node: command not found
Tue Jun 10 10:55:03 CDT 2025: Checking if NextJS server is running...
Tue Jun 10 10:55:03 CDT 2025: Running scheduled reports
/Users/sim/Project2/scripts/../scripts/run-simple-scheduled-reports.sh: line 16: node: command not found
Tue Jun 10 10:55:03 CDT 2025: NextJS server is running. Running scheduled reports check...
/Users/sim/Project2/scripts/../scripts/run-scheduled-reports-cron.sh: line 25: node: command not found
Tue Jun 10 10:56:05 CDT 2025: Checking if NextJS server is running...
Tue Jun 10 10:56:05 CDT 2025: Running scheduled reports
/Users/sim/Project2/scripts/../scripts/run-simple-scheduled-reports.sh: line 16: node: command not found
Tue Jun 10 10:56:05 CDT 2025: NextJS server is running. Running scheduled reports check...
/Users/sim/Project2/scripts/../scripts/run-scheduled-reports-cron.sh: line 25: node: command not found
Tue Jun 10 10:57:05 CDT 2025: Running scheduled reports
Tue Jun 10 10:57:05 CDT 2025: Checking if NextJS server is running...
/Users/sim/Project2/scripts/../scripts/run-simple-scheduled-reports.sh: line 16: node: command not found
Tue Jun 10 10:57:05 CDT 2025: NextJS server is running. Running scheduled reports check...
/Users/sim/Project2/scripts/../scripts/run-scheduled-reports-cron.sh: line 25: node: command not found
Tue Jun 10 10:58:09 CDT 2025: Running scheduled reports
Tue Jun 10 10:58:09 CDT 2025: Checking if NextJS server is running...
/Users/sim/Project2/scripts/../scripts/run-simple-scheduled-reports.sh: line 16: node: command not found
Tue Jun 10 10:58:09 CDT 2025: NextJS server is running. Running scheduled reports check...
/Users/sim/Project2/scripts/../scripts/run-scheduled-reports-cron.sh: line 25: node: command not found
Tue Jun 10 10:59:06 CDT 2025: Running scheduled reports
Tue Jun 10 10:59:06 CDT 2025: Checking if NextJS server is running...
/Users/sim/Project2/scripts/../scripts/run-simple-scheduled-reports.sh: line 16: node: command not found
Tue Jun 10 10:59:06 CDT 2025: NextJS server is running. Running scheduled reports check...
/Users/sim/Project2/scripts/../scripts/run-scheduled-reports-cron.sh: line 25: node: command not found
Tue Jun 10 11:00:05 CDT 2025: Running scheduled reports
Tue Jun 10 11:00:05 CDT 2025: Checking if NextJS server is running...
/Users/sim/Project2/scripts/../scripts/run-simple-scheduled-reports.sh: line 16: node: command not found
Tue Jun 10 11:00:05 CDT 2025: NextJS server is running. Running scheduled reports check...
/Users/sim/Project2/scripts/../scripts/run-scheduled-reports-cron.sh: line 25: node: command not found
Tue Jun 10 11:01:04 CDT 2025: Checking if NextJS server is running...
Tue Jun 10 11:01:04 CDT 2025: Running scheduled reports
/Users/sim/Project2/scripts/../scripts/run-simple-scheduled-reports.sh: line 16: node: command not found
Tue Jun 10 11:01:04 CDT 2025: NextJS server is running. Running scheduled reports check...
/Users/sim/Project2/scripts/../scripts/run-scheduled-reports-cron.sh: line 25: node: command not found
Tue Jun 10 11:02:04 CDT 2025: Checking if NextJS server is running...
Tue Jun 10 11:02:04 CDT 2025: Running scheduled reports
/Users/sim/Project2/scripts/../scripts/run-simple-scheduled-reports.sh: line 16: node: command not found
Tue Jun 10 11:02:04 CDT 2025: NextJS server is running. Running scheduled reports check...
/Users/sim/Project2/scripts/../scripts/run-scheduled-reports-cron.sh: line 25: node: command not found
Tue Jun 10 11:03:03 CDT 2025: Running scheduled reports
Tue Jun 10 11:03:03 CDT 2025: Checking if NextJS server is running...
/Users/sim/Project2/scripts/../scripts/run-simple-scheduled-reports.sh: line 16: node: command not found
Tue Jun 10 11:03:03 CDT 2025: NextJS server is running. Running scheduled reports check...
/Users/sim/Project2/scripts/../scripts/run-scheduled-reports-cron.sh: line 25: node: command not found
Tue Jun 10 11:04:04 CDT 2025: Running scheduled reports
Tue Jun 10 11:04:04 CDT 2025: Checking if NextJS server is running...
/Users/sim/Project2/scripts/../scripts/run-simple-scheduled-reports.sh: line 16: node: command not found
Tue Jun 10 11:04:04 CDT 2025: NextJS server is running. Running scheduled reports check...
/Users/sim/Project2/scripts/../scripts/run-scheduled-reports-cron.sh: line 25: node: command not found
Tue Jun 10 11:05:04 CDT 2025: Running scheduled reports
Tue Jun 10 11:05:04 CDT 2025: Checking if NextJS server is running...
/Users/sim/Project2/scripts/../scripts/run-simple-scheduled-reports.sh: line 16: node: command not found
Tue Jun 10 11:05:04 CDT 2025: NextJS server is running. Running scheduled reports check...
/Users/sim/Project2/scripts/../scripts/run-scheduled-reports-cron.sh: line 25: node: command not found
Tue Jun 10 11:06:05 CDT 2025: Running scheduled reports
Tue Jun 10 11:06:05 CDT 2025: Checking if NextJS server is running...
/Users/sim/Project2/scripts/../scripts/run-simple-scheduled-reports.sh: line 16: node: command not found
Tue Jun 10 11:06:05 CDT 2025: NextJS server is running. Running scheduled reports check...
/Users/sim/Project2/scripts/../scripts/run-scheduled-reports-cron.sh: line 25: node: command not found
Tue Jun 10 11:07:04 CDT 2025: Checking if NextJS server is running...
Tue Jun 10 11:07:04 CDT 2025: Running scheduled reports
/Users/sim/Project2/scripts/../scripts/run-simple-scheduled-reports.sh: line 16: node: command not found
Tue Jun 10 11:07:04 CDT 2025: NextJS server is running. Running scheduled reports check...
/Users/sim/Project2/scripts/../scripts/run-scheduled-reports-cron.sh: line 25: node: command not found
Tue Jun 10 11:08:04 CDT 2025: Running scheduled reports
Tue Jun 10 11:08:04 CDT 2025: Checking if NextJS server is running...
/Users/sim/Project2/scripts/../scripts/run-simple-scheduled-reports.sh: line 16: node: command not found
Tue Jun 10 11:08:04 CDT 2025: NextJS server is running. Running scheduled reports check...
/Users/sim/Project2/scripts/../scripts/run-scheduled-reports-cron.sh: line 25: node: command not found
Tue Jun 10 11:09:04 CDT 2025: Checking if NextJS server is running...
Tue Jun 10 11:09:04 CDT 2025: Running scheduled reports
/Users/sim/Project2/scripts/../scripts/run-simple-scheduled-reports.sh: line 16: node: command not found
Tue Jun 10 11:09:04 CDT 2025: NextJS server is running. Running scheduled reports check...
/Users/sim/Project2/scripts/../scripts/run-scheduled-reports-cron.sh: line 25: node: command not found
Tue Jun 10 11:10:04 CDT 2025: Running scheduled reports
Tue Jun 10 11:10:04 CDT 2025: Checking if NextJS server is running...
/Users/sim/Project2/scripts/../scripts/run-simple-scheduled-reports.sh: line 16: node: command not found
Tue Jun 10 11:10:04 CDT 2025: NextJS server is running. Running scheduled reports check...
/Users/sim/Project2/scripts/../scripts/run-scheduled-reports-cron.sh: line 25: node: command not found
Tue Jun 10 11:11:04 CDT 2025: Checking if NextJS server is running...
Tue Jun 10 11:11:04 CDT 2025: Running scheduled reports
/Users/sim/Project2/scripts/../scripts/run-simple-scheduled-reports.sh: line 16: node: command not found
Tue Jun 10 11:11:04 CDT 2025: NextJS server is running. Running scheduled reports check...
/Users/sim/Project2/scripts/../scripts/run-scheduled-reports-cron.sh: line 25: node: command not found
Tue Jun 10 11:12:06 CDT 2025: Checking if NextJS server is running...
Tue Jun 10 11:12:06 CDT 2025: Running scheduled reports
/Users/sim/Project2/scripts/../scripts/run-simple-scheduled-reports.sh: line 16: node: command not found
Tue Jun 10 11:12:06 CDT 2025: NextJS server is running. Running scheduled reports check...
/Users/sim/Project2/scripts/../scripts/run-scheduled-reports-cron.sh: line 25: node: command not found
Tue Jun 10 11:13:04 CDT 2025: Checking if NextJS server is running...
Tue Jun 10 11:13:04 CDT 2025: Running scheduled reports
/Users/sim/Project2/scripts/../scripts/run-simple-scheduled-reports.sh: line 16: node: command not found
Tue Jun 10 11:13:05 CDT 2025: NextJS server is running. Running scheduled reports check...
/Users/sim/Project2/scripts/../scripts/run-scheduled-reports-cron.sh: line 25: node: command not found
Tue Jun 10 11:14:04 CDT 2025: Running scheduled reports
Tue Jun 10 11:14:04 CDT 2025: Checking if NextJS server is running...
/Users/sim/Project2/scripts/../scripts/run-simple-scheduled-reports.sh: line 16: node: command not found
Tue Jun 10 11:14:04 CDT 2025: NextJS server is running. Running scheduled reports check...
/Users/sim/Project2/scripts/../scripts/run-scheduled-reports-cron.sh: line 25: node: command not found
Tue Jun 10 11:15:04 CDT 2025: Checking if NextJS server is running...
Tue Jun 10 11:15:04 CDT 2025: Running scheduled reports
/Users/sim/Project2/scripts/../scripts/run-simple-scheduled-reports.sh: line 16: node: command not found
Tue Jun 10 11:15:04 CDT 2025: NextJS server is running. Running scheduled reports check...
/Users/sim/Project2/scripts/../scripts/run-scheduled-reports-cron.sh: line 25: node: command not found
Tue Jun 10 11:16:04 CDT 2025: Running scheduled reports
Tue Jun 10 11:16:04 CDT 2025: Checking if NextJS server is running...
/Users/sim/Project2/scripts/../scripts/run-simple-scheduled-reports.sh: line 16: node: command not found
Tue Jun 10 11:16:04 CDT 2025: NextJS server is running. Running scheduled reports check...
/Users/sim/Project2/scripts/../scripts/run-scheduled-reports-cron.sh: line 25: node: command not found
Tue Jun 10 11:17:05 CDT 2025: Running scheduled reports
Tue Jun 10 11:17:05 CDT 2025: Checking if NextJS server is running...
/Users/sim/Project2/scripts/../scripts/run-simple-scheduled-reports.sh: line 16: node: command not found
Tue Jun 10 11:17:05 CDT 2025: NextJS server is running. Running scheduled reports check...
/Users/sim/Project2/scripts/../scripts/run-scheduled-reports-cron.sh: line 25: node: command not found
Tue Jun 10 11:18:04 CDT 2025: Running scheduled reports
Tue Jun 10 11:18:04 CDT 2025: Checking if NextJS server is running...
/Users/sim/Project2/scripts/../scripts/run-simple-scheduled-reports.sh: line 16: node: command not found
Tue Jun 10 11:18:04 CDT 2025: NextJS server is running. Running scheduled reports check...
/Users/sim/Project2/scripts/../scripts/run-scheduled-reports-cron.sh: line 25: node: command not found
Tue Jun 10 11:19:05 CDT 2025: Running scheduled reports
Tue Jun 10 11:19:05 CDT 2025: Checking if NextJS server is running...
/Users/sim/Project2/scripts/../scripts/run-simple-scheduled-reports.sh: line 16: node: command not found
Tue Jun 10 11:19:05 CDT 2025: NextJS server is running. Running scheduled reports check...
/Users/sim/Project2/scripts/../scripts/run-scheduled-reports-cron.sh: line 25: node: command not found
Tue Jun 10 11:20:10 CDT 2025: Running scheduled reports
Tue Jun 10 11:20:10 CDT 2025: Checking if NextJS server is running...
/Users/sim/Project2/scripts/../scripts/run-simple-scheduled-reports.sh: line 16: node: command not found
Tue Jun 10 11:20:10 CDT 2025: NextJS server is running. Running scheduled reports check...
/Users/sim/Project2/scripts/../scripts/run-scheduled-reports-cron.sh: line 25: node: command not found
Tue Jun 10 11:21:03 CDT 2025: Running scheduled reports
Tue Jun 10 11:21:03 CDT 2025: Checking if NextJS server is running...
/Users/sim/Project2/scripts/../scripts/run-simple-scheduled-reports.sh: line 16: node: command not found
Tue Jun 10 11:21:03 CDT 2025: NextJS server is running. Running scheduled reports check...
/Users/sim/Project2/scripts/../scripts/run-scheduled-reports-cron.sh: line 25: node: command not found
Tue Jun 10 11:22:04 CDT 2025: Running scheduled reports
Tue Jun 10 11:22:04 CDT 2025: Checking if NextJS server is running...
/Users/sim/Project2/scripts/../scripts/run-simple-scheduled-reports.sh: line 16: node: command not found
Tue Jun 10 11:22:05 CDT 2025: NextJS server is running. Running scheduled reports check...
/Users/sim/Project2/scripts/../scripts/run-scheduled-reports-cron.sh: line 25: node: command not found
Tue Jun 10 11:23:04 CDT 2025: Checking if NextJS server is running...
Tue Jun 10 11:23:04 CDT 2025: Running scheduled reports
/Users/sim/Project2/scripts/../scripts/run-simple-scheduled-reports.sh: line 16: node: command not found
Tue Jun 10 11:23:04 CDT 2025: NextJS server is running. Running scheduled reports check...
/Users/sim/Project2/scripts/../scripts/run-scheduled-reports-cron.sh: line 25: node: command not found
Tue Jun 10 11:24:04 CDT 2025: Checking if NextJS server is running...
Tue Jun 10 11:24:04 CDT 2025: Running scheduled reports
/Users/sim/Project2/scripts/../scripts/run-simple-scheduled-reports.sh: line 16: node: command not found
Tue Jun 10 11:24:04 CDT 2025: NextJS server is running. Running scheduled reports check...
/Users/sim/Project2/scripts/../scripts/run-scheduled-reports-cron.sh: line 25: node: command not found
Tue Jun 10 11:25:04 CDT 2025: Running scheduled reports
Tue Jun 10 11:25:04 CDT 2025: Checking if NextJS server is running...
/Users/sim/Project2/scripts/../scripts/run-simple-scheduled-reports.sh: line 16: node: command not found
Tue Jun 10 11:25:04 CDT 2025: NextJS server is running. Running scheduled reports check...
/Users/sim/Project2/scripts/../scripts/run-scheduled-reports-cron.sh: line 25: node: command not found
Tue Jun 10 11:26:04 CDT 2025: Running scheduled reports
Tue Jun 10 11:26:04 CDT 2025: Checking if NextJS server is running...
/Users/sim/Project2/scripts/../scripts/run-simple-scheduled-reports.sh: line 16: node: command not found
Tue Jun 10 11:26:04 CDT 2025: NextJS server is running. Running scheduled reports check...
/Users/sim/Project2/scripts/../scripts/run-scheduled-reports-cron.sh: line 25: node: command not found
Tue Jun 10 11:27:05 CDT 2025: Running scheduled reports
Tue Jun 10 11:27:05 CDT 2025: Checking if NextJS server is running...
/Users/sim/Project2/scripts/../scripts/run-simple-scheduled-reports.sh: line 16: node: command not found
Tue Jun 10 11:27:05 CDT 2025: NextJS server is running. Running scheduled reports check...
/Users/sim/Project2/scripts/../scripts/run-scheduled-reports-cron.sh: line 25: node: command not found
Tue Jun 10 11:28:04 CDT 2025: Checking if NextJS server is running...
Tue Jun 10 11:28:04 CDT 2025: Running scheduled reports
/Users/sim/Project2/scripts/../scripts/run-simple-scheduled-reports.sh: line 16: node: command not found
Tue Jun 10 11:28:04 CDT 2025: NextJS server is running. Running scheduled reports check...
/Users/sim/Project2/scripts/../scripts/run-scheduled-reports-cron.sh: line 25: node: command not found
Tue Jun 10 11:29:04 CDT 2025: Checking if NextJS server is running...
Tue Jun 10 11:29:04 CDT 2025: Running scheduled reports
/Users/sim/Project2/scripts/../scripts/run-simple-scheduled-reports.sh: line 16: node: command not found
Tue Jun 10 11:29:04 CDT 2025: NextJS server is running. Running scheduled reports check...
/Users/sim/Project2/scripts/../scripts/run-scheduled-reports-cron.sh: line 25: node: command not found
Tue Jun 10 11:30:05 CDT 2025: Running scheduled reports
Tue Jun 10 11:30:05 CDT 2025: Checking if NextJS server is running...
/Users/sim/Project2/scripts/../scripts/run-simple-scheduled-reports.sh: line 16: node: command not found
Tue Jun 10 11:30:05 CDT 2025: NextJS server is running. Running scheduled reports check...
/Users/sim/Project2/scripts/../scripts/run-scheduled-reports-cron.sh: line 25: node: command not found
Tue Jun 10 11:31:04 CDT 2025: Checking if NextJS server is running...
Tue Jun 10 11:31:04 CDT 2025: Running scheduled reports
/Users/sim/Project2/scripts/../scripts/run-simple-scheduled-reports.sh: line 16: node: command not found
Tue Jun 10 11:31:04 CDT 2025: NextJS server is running. Running scheduled reports check...
/Users/sim/Project2/scripts/../scripts/run-scheduled-reports-cron.sh: line 25: node: command not found
Tue Jun 10 11:32:04 CDT 2025: Checking if NextJS server is running...
Tue Jun 10 11:32:04 CDT 2025: Running scheduled reports
/Users/sim/Project2/scripts/../scripts/run-simple-scheduled-reports.sh: line 16: node: command not found
Tue Jun 10 11:32:04 CDT 2025: NextJS server is running. Running scheduled reports check...
/Users/sim/Project2/scripts/../scripts/run-scheduled-reports-cron.sh: line 25: node: command not found
Tue Jun 10 11:33:05 CDT 2025: Checking if NextJS server is running...
Tue Jun 10 11:33:05 CDT 2025: Running scheduled reports
/Users/sim/Project2/scripts/../scripts/run-simple-scheduled-reports.sh: line 16: node: command not found
Tue Jun 10 11:33:05 CDT 2025: NextJS server is running. Running scheduled reports check...
/Users/sim/Project2/scripts/../scripts/run-scheduled-reports-cron.sh: line 25: node: command not found
Tue Jun 10 11:34:04 CDT 2025: Running scheduled reports
Tue Jun 10 11:34:04 CDT 2025: Checking if NextJS server is running...
/Users/sim/Project2/scripts/../scripts/run-simple-scheduled-reports.sh: line 16: node: command not found
Tue Jun 10 11:34:04 CDT 2025: NextJS server is running. Running scheduled reports check...
/Users/sim/Project2/scripts/../scripts/run-scheduled-reports-cron.sh: line 25: node: command not found
Tue Jun 10 11:35:04 CDT 2025: Running scheduled reports
Tue Jun 10 11:35:04 CDT 2025: Checking if NextJS server is running...
/Users/sim/Project2/scripts/../scripts/run-simple-scheduled-reports.sh: line 16: node: command not found
Tue Jun 10 11:35:04 CDT 2025: NextJS server is running. Running scheduled reports check...
/Users/sim/Project2/scripts/../scripts/run-scheduled-reports-cron.sh: line 25: node: command not found
Tue Jun 10 11:36:04 CDT 2025: Checking if NextJS server is running...
Tue Jun 10 11:36:04 CDT 2025: Running scheduled reports
/Users/sim/Project2/scripts/../scripts/run-simple-scheduled-reports.sh: line 16: node: command not found
Tue Jun 10 11:36:04 CDT 2025: NextJS server is running. Running scheduled reports check...
/Users/sim/Project2/scripts/../scripts/run-scheduled-reports-cron.sh: line 25: node: command not found
Tue Jun 10 11:37:04 CDT 2025: Running scheduled reports
Tue Jun 10 11:37:04 CDT 2025: Checking if NextJS server is running...
/Users/sim/Project2/scripts/../scripts/run-simple-scheduled-reports.sh: line 16: node: command not found
Tue Jun 10 11:37:04 CDT 2025: NextJS server is running. Running scheduled reports check...
/Users/sim/Project2/scripts/../scripts/run-scheduled-reports-cron.sh: line 25: node: command not found
Tue Jun 10 11:38:05 CDT 2025: Running scheduled reports
Tue Jun 10 11:38:05 CDT 2025: Checking if NextJS server is running...
/Users/sim/Project2/scripts/../scripts/run-simple-scheduled-reports.sh: line 16: node: command not found
Tue Jun 10 11:38:05 CDT 2025: NextJS server is running. Running scheduled reports check...
/Users/sim/Project2/scripts/../scripts/run-scheduled-reports-cron.sh: line 25: node: command not found
Tue Jun 10 11:39:04 CDT 2025: Checking if NextJS server is running...
Tue Jun 10 11:39:04 CDT 2025: Running scheduled reports
/Users/sim/Project2/scripts/../scripts/run-simple-scheduled-reports.sh: line 16: node: command not found
Tue Jun 10 11:39:04 CDT 2025: NextJS server is running. Running scheduled reports check...
/Users/sim/Project2/scripts/../scripts/run-scheduled-reports-cron.sh: line 25: node: command not found
Tue Jun 10 11:40:05 CDT 2025: Checking if NextJS server is running...
Tue Jun 10 11:40:05 CDT 2025: Running scheduled reports
/Users/sim/Project2/scripts/../scripts/run-simple-scheduled-reports.sh: line 16: node: command not found
Tue Jun 10 11:40:05 CDT 2025: NextJS server is running. Running scheduled reports check...
/Users/sim/Project2/scripts/../scripts/run-scheduled-reports-cron.sh: line 25: node: command not found
Tue Jun 10 11:41:05 CDT 2025: Running scheduled reports
Tue Jun 10 11:41:05 CDT 2025: Checking if NextJS server is running...
/Users/sim/Project2/scripts/../scripts/run-simple-scheduled-reports.sh: line 16: node: command not found
Tue Jun 10 11:41:05 CDT 2025: NextJS server is running. Running scheduled reports check...
/Users/sim/Project2/scripts/../scripts/run-scheduled-reports-cron.sh: line 25: node: command not found
Tue Jun 10 11:42:04 CDT 2025: Running scheduled reports
Tue Jun 10 11:42:04 CDT 2025: Checking if NextJS server is running...
/Users/sim/Project2/scripts/../scripts/run-simple-scheduled-reports.sh: line 16: node: command not found
Tue Jun 10 11:42:04 CDT 2025: NextJS server is running. Running scheduled reports check...
/Users/sim/Project2/scripts/../scripts/run-scheduled-reports-cron.sh: line 25: node: command not found
Tue Jun 10 11:43:05 CDT 2025: Running scheduled reports
Tue Jun 10 11:43:05 CDT 2025: Checking if NextJS server is running...
/Users/sim/Project2/scripts/../scripts/run-simple-scheduled-reports.sh: line 16: node: command not found
Tue Jun 10 11:43:05 CDT 2025: NextJS server is running. Running scheduled reports check...
/Users/sim/Project2/scripts/../scripts/run-scheduled-reports-cron.sh: line 25: node: command not found
Tue Jun 10 11:44:03 CDT 2025: Checking if NextJS server is running...
Tue Jun 10 11:44:03 CDT 2025: Running scheduled reports
/Users/sim/Project2/scripts/../scripts/run-simple-scheduled-reports.sh: line 16: node: command not found
Tue Jun 10 11:44:03 CDT 2025: NextJS server is running. Running scheduled reports check...
/Users/sim/Project2/scripts/../scripts/run-scheduled-reports-cron.sh: line 25: node: command not found
Tue Jun 10 11:45:04 CDT 2025: Running scheduled reports
Tue Jun 10 11:45:04 CDT 2025: Checking if NextJS server is running...
/Users/sim/Project2/scripts/../scripts/run-simple-scheduled-reports.sh: line 16: node: command not found
Tue Jun 10 11:45:04 CDT 2025: NextJS server is running. Running scheduled reports check...
/Users/sim/Project2/scripts/../scripts/run-scheduled-reports-cron.sh: line 25: node: command not found
Tue Jun 10 11:46:04 CDT 2025: Running scheduled reports
Tue Jun 10 11:46:04 CDT 2025: Checking if NextJS server is running...
/Users/sim/Project2/scripts/../scripts/run-simple-scheduled-reports.sh: line 16: node: command not found
Tue Jun 10 11:46:04 CDT 2025: NextJS server is running. Running scheduled reports check...
/Users/sim/Project2/scripts/../scripts/run-scheduled-reports-cron.sh: line 25: node: command not found
Tue Jun 10 11:47:05 CDT 2025: Checking if NextJS server is running...
Tue Jun 10 11:47:05 CDT 2025: Running scheduled reports
/Users/sim/Project2/scripts/../scripts/run-simple-scheduled-reports.sh: line 16: node: command not found
Tue Jun 10 11:47:05 CDT 2025: NextJS server is running. Running scheduled reports check...
/Users/sim/Project2/scripts/../scripts/run-scheduled-reports-cron.sh: line 25: node: command not found
Tue Jun 10 11:48:05 CDT 2025: Running scheduled reports
Tue Jun 10 11:48:05 CDT 2025: Checking if NextJS server is running...
/Users/sim/Project2/scripts/../scripts/run-simple-scheduled-reports.sh: line 16: node: command not found
Tue Jun 10 11:48:05 CDT 2025: NextJS server is running. Running scheduled reports check...
/Users/sim/Project2/scripts/../scripts/run-scheduled-reports-cron.sh: line 25: node: command not found
Tue Jun 10 11:49:03 CDT 2025: Checking if NextJS server is running...
Tue Jun 10 11:49:03 CDT 2025: Running scheduled reports
/Users/sim/Project2/scripts/../scripts/run-simple-scheduled-reports.sh: line 16: node: command not found
Tue Jun 10 11:49:03 CDT 2025: NextJS server is running. Running scheduled reports check...
/Users/sim/Project2/scripts/../scripts/run-scheduled-reports-cron.sh: line 25: node: command not found
Tue Jun 10 11:50:04 CDT 2025: Checking if NextJS server is running...
Tue Jun 10 11:50:04 CDT 2025: Running scheduled reports
/Users/sim/Project2/scripts/../scripts/run-simple-scheduled-reports.sh: line 16: node: command not found
Tue Jun 10 11:50:04 CDT 2025: NextJS server is running. Running scheduled reports check...
/Users/sim/Project2/scripts/../scripts/run-scheduled-reports-cron.sh: line 25: node: command not found
Tue Jun 10 11:51:05 CDT 2025: Checking if NextJS server is running...
Tue Jun 10 11:51:05 CDT 2025: Running scheduled reports
/Users/sim/Project2/scripts/../scripts/run-simple-scheduled-reports.sh: line 16: node: command not found
Tue Jun 10 11:51:05 CDT 2025: NextJS server is running. Running scheduled reports check...
/Users/sim/Project2/scripts/../scripts/run-scheduled-reports-cron.sh: line 25: node: command not found
Tue Jun 10 11:52:04 CDT 2025: Checking if NextJS server is running...
Tue Jun 10 11:52:04 CDT 2025: Running scheduled reports
/Users/sim/Project2/scripts/../scripts/run-simple-scheduled-reports.sh: line 16: node: command not found
Tue Jun 10 11:52:04 CDT 2025: NextJS server is running. Running scheduled reports check...
/Users/sim/Project2/scripts/../scripts/run-scheduled-reports-cron.sh: line 25: node: command not found
Tue Jun 10 11:53:04 CDT 2025: Running scheduled reports
Tue Jun 10 11:53:04 CDT 2025: Checking if NextJS server is running...
/Users/sim/Project2/scripts/../scripts/run-simple-scheduled-reports.sh: line 16: node: command not found
Tue Jun 10 11:53:04 CDT 2025: NextJS server is running. Running scheduled reports check...
/Users/sim/Project2/scripts/../scripts/run-scheduled-reports-cron.sh: line 25: node: command not found
Tue Jun 10 11:54:05 CDT 2025: Checking if NextJS server is running...
Tue Jun 10 11:54:05 CDT 2025: Running scheduled reports
/Users/sim/Project2/scripts/../scripts/run-simple-scheduled-reports.sh: line 16: node: command not found
Tue Jun 10 11:54:05 CDT 2025: NextJS server is running. Running scheduled reports check...
/Users/sim/Project2/scripts/../scripts/run-scheduled-reports-cron.sh: line 25: node: command not found
Tue Jun 10 11:55:04 CDT 2025: Checking if NextJS server is running...
Tue Jun 10 11:55:04 CDT 2025: Running scheduled reports
/Users/sim/Project2/scripts/../scripts/run-simple-scheduled-reports.sh: line 16: node: command not found
Tue Jun 10 11:55:04 CDT 2025: NextJS server is running. Running scheduled reports check...
/Users/sim/Project2/scripts/../scripts/run-scheduled-reports-cron.sh: line 25: node: command not found
Tue Jun 10 11:56:03 CDT 2025: Running scheduled reports
Tue Jun 10 11:56:03 CDT 2025: Checking if NextJS server is running...
/Users/sim/Project2/scripts/../scripts/run-simple-scheduled-reports.sh: line 16: node: command not found
Tue Jun 10 11:56:03 CDT 2025: NextJS server is running. Running scheduled reports check...
/Users/sim/Project2/scripts/../scripts/run-scheduled-reports-cron.sh: line 25: node: command not found
Tue Jun 10 11:57:04 CDT 2025: Checking if NextJS server is running...
Tue Jun 10 11:57:04 CDT 2025: Running scheduled reports
/Users/sim/Project2/scripts/../scripts/run-simple-scheduled-reports.sh: line 16: node: command not found
Tue Jun 10 11:57:04 CDT 2025: NextJS server is running. Running scheduled reports check...
/Users/sim/Project2/scripts/../scripts/run-scheduled-reports-cron.sh: line 25: node: command not found
Tue Jun 10 11:58:04 CDT 2025: Checking if NextJS server is running...
Tue Jun 10 11:58:04 CDT 2025: Running scheduled reports
/Users/sim/Project2/scripts/../scripts/run-simple-scheduled-reports.sh: line 16: node: command not found
Tue Jun 10 11:58:04 CDT 2025: NextJS server is running. Running scheduled reports check...
/Users/sim/Project2/scripts/../scripts/run-scheduled-reports-cron.sh: line 25: node: command not found
Tue Jun 10 11:59:06 CDT 2025: Running scheduled reports
Tue Jun 10 11:59:06 CDT 2025: Checking if NextJS server is running...
/Users/sim/Project2/scripts/../scripts/run-simple-scheduled-reports.sh: line 16: node: command not found
Tue Jun 10 11:59:06 CDT 2025: NextJS server is running. Running scheduled reports check...
/Users/sim/Project2/scripts/../scripts/run-scheduled-reports-cron.sh: line 25: node: command not found
Tue Jun 10 12:00:04 CDT 2025: Running scheduled reports
Tue Jun 10 12:00:04 CDT 2025: Checking if NextJS server is running...
/Users/sim/Project2/scripts/../scripts/run-simple-scheduled-reports.sh: line 16: node: command not found
Tue Jun 10 12:00:04 CDT 2025: NextJS server is running. Running scheduled reports check...
/Users/sim/Project2/scripts/../scripts/run-scheduled-reports-cron.sh: line 25: node: command not found
Tue Jun 10 12:01:04 CDT 2025: Checking if NextJS server is running...
Tue Jun 10 12:01:04 CDT 2025: Running scheduled reports
/Users/sim/Project2/scripts/../scripts/run-simple-scheduled-reports.sh: line 16: node: command not found
Tue Jun 10 12:01:04 CDT 2025: NextJS server is running. Running scheduled reports check...
/Users/sim/Project2/scripts/../scripts/run-scheduled-reports-cron.sh: line 25: node: command not found
Tue Jun 10 12:02:05 CDT 2025: Running scheduled reports
Tue Jun 10 12:02:05 CDT 2025: Checking if NextJS server is running...
/Users/sim/Project2/scripts/../scripts/run-simple-scheduled-reports.sh: line 16: node: command not found
Tue Jun 10 12:02:05 CDT 2025: NextJS server is running. Running scheduled reports check...
/Users/sim/Project2/scripts/../scripts/run-scheduled-reports-cron.sh: line 25: node: command not found
Tue Jun 10 12:03:04 CDT 2025: Checking if NextJS server is running...
Tue Jun 10 12:03:04 CDT 2025: Running scheduled reports
/Users/sim/Project2/scripts/../scripts/run-simple-scheduled-reports.sh: line 16: node: command not found
Tue Jun 10 12:03:04 CDT 2025: NextJS server is running. Running scheduled reports check...
/Users/sim/Project2/scripts/../scripts/run-scheduled-reports-cron.sh: line 25: node: command not found
Tue Jun 10 12:04:05 CDT 2025: Checking if NextJS server is running...
Tue Jun 10 12:04:05 CDT 2025: Running scheduled reports
/Users/sim/Project2/scripts/../scripts/run-simple-scheduled-reports.sh: line 16: node: command not found
Tue Jun 10 12:04:05 CDT 2025: NextJS server is running. Running scheduled reports check...
/Users/sim/Project2/scripts/../scripts/run-scheduled-reports-cron.sh: line 25: node: command not found
Tue Jun 10 12:05:04 CDT 2025: Checking if NextJS server is running...
Tue Jun 10 12:05:04 CDT 2025: Running scheduled reports
/Users/sim/Project2/scripts/../scripts/run-simple-scheduled-reports.sh: line 16: node: command not found
Tue Jun 10 12:05:04 CDT 2025: NextJS server is running. Running scheduled reports check...
/Users/sim/Project2/scripts/../scripts/run-scheduled-reports-cron.sh: line 25: node: command not found
Tue Jun 10 12:06:04 CDT 2025: Running scheduled reports
Tue Jun 10 12:06:04 CDT 2025: Checking if NextJS server is running...
/Users/sim/Project2/scripts/../scripts/run-simple-scheduled-reports.sh: line 16: node: command not found
Tue Jun 10 12:06:04 CDT 2025: NextJS server is running. Running scheduled reports check...
/Users/sim/Project2/scripts/../scripts/run-scheduled-reports-cron.sh: line 25: node: command not found
Tue Jun 10 12:07:05 CDT 2025: Checking if NextJS server is running...
Tue Jun 10 12:07:05 CDT 2025: Running scheduled reports
/Users/sim/Project2/scripts/../scripts/run-simple-scheduled-reports.sh: line 16: node: command not found
Tue Jun 10 12:07:05 CDT 2025: NextJS server is running. Running scheduled reports check...
/Users/sim/Project2/scripts/../scripts/run-scheduled-reports-cron.sh: line 25: node: command not found
Tue Jun 10 12:08:04 CDT 2025: Checking if NextJS server is running...
Tue Jun 10 12:08:04 CDT 2025: Running scheduled reports
/Users/sim/Project2/scripts/../scripts/run-simple-scheduled-reports.sh: line 16: node: command not found
Tue Jun 10 12:08:04 CDT 2025: NextJS server is running. Running scheduled reports check...
/Users/sim/Project2/scripts/../scripts/run-scheduled-reports-cron.sh: line 25: node: command not found
Tue Jun 10 12:09:03 CDT 2025: Checking if NextJS server is running...
Tue Jun 10 12:09:03 CDT 2025: Running scheduled reports
/Users/sim/Project2/scripts/../scripts/run-simple-scheduled-reports.sh: line 16: node: command not found
Tue Jun 10 12:09:03 CDT 2025: NextJS server is running. Running scheduled reports check...
/Users/sim/Project2/scripts/../scripts/run-scheduled-reports-cron.sh: line 25: node: command not found
Tue Jun 10 12:10:04 CDT 2025: Running scheduled reports
Tue Jun 10 12:10:04 CDT 2025: Checking if NextJS server is running...
/Users/sim/Project2/scripts/../scripts/run-simple-scheduled-reports.sh: line 16: node: command not found
Tue Jun 10 12:10:04 CDT 2025: NextJS server is running. Running scheduled reports check...
/Users/sim/Project2/scripts/../scripts/run-scheduled-reports-cron.sh: line 25: node: command not found
Tue Jun 10 12:11:04 CDT 2025: Running scheduled reports
Tue Jun 10 12:11:04 CDT 2025: Checking if NextJS server is running...
/Users/sim/Project2/scripts/../scripts/run-simple-scheduled-reports.sh: line 16: node: command not found
Tue Jun 10 12:11:04 CDT 2025: NextJS server is running. Running scheduled reports check...
/Users/sim/Project2/scripts/../scripts/run-scheduled-reports-cron.sh: line 25: node: command not found
Tue Jun 10 12:12:04 CDT 2025: Checking if NextJS server is running...
Tue Jun 10 12:12:04 CDT 2025: Running scheduled reports
/Users/sim/Project2/scripts/../scripts/run-simple-scheduled-reports.sh: line 16: node: command not found
Tue Jun 10 12:12:04 CDT 2025: NextJS server is running. Running scheduled reports check...
/Users/sim/Project2/scripts/../scripts/run-scheduled-reports-cron.sh: line 25: node: command not found
Tue Jun 10 12:13:03 CDT 2025: Checking if NextJS server is running...
Tue Jun 10 12:13:03 CDT 2025: Running scheduled reports
/Users/sim/Project2/scripts/../scripts/run-simple-scheduled-reports.sh: line 16: node: command not found
Tue Jun 10 12:13:03 CDT 2025: NextJS server is running. Running scheduled reports check...
/Users/sim/Project2/scripts/../scripts/run-scheduled-reports-cron.sh: line 25: node: command not found
Tue Jun 10 12:14:05 CDT 2025: Checking if NextJS server is running...
Tue Jun 10 12:14:05 CDT 2025: Running scheduled reports
/Users/sim/Project2/scripts/../scripts/run-simple-scheduled-reports.sh: line 16: node: command not found
Tue Jun 10 12:14:05 CDT 2025: NextJS server is running. Running scheduled reports check...
/Users/sim/Project2/scripts/../scripts/run-scheduled-reports-cron.sh: line 25: node: command not found
Tue Jun 10 12:15:04 CDT 2025: Running scheduled reports
Tue Jun 10 12:15:04 CDT 2025: Checking if NextJS server is running...
/Users/sim/Project2/scripts/../scripts/run-simple-scheduled-reports.sh: line 16: node: command not found
Tue Jun 10 12:15:04 CDT 2025: NextJS server is running. Running scheduled reports check...
/Users/sim/Project2/scripts/../scripts/run-scheduled-reports-cron.sh: line 25: node: command not found
Tue Jun 10 12:16:05 CDT 2025: Running scheduled reports
Tue Jun 10 12:16:05 CDT 2025: Checking if NextJS server is running...
/Users/sim/Project2/scripts/../scripts/run-simple-scheduled-reports.sh: line 16: node: command not found
Tue Jun 10 12:16:05 CDT 2025: NextJS server is running. Running scheduled reports check...
/Users/sim/Project2/scripts/../scripts/run-scheduled-reports-cron.sh: line 25: node: command not found
Tue Jun 10 12:17:04 CDT 2025: Running scheduled reports
Tue Jun 10 12:17:04 CDT 2025: Checking if NextJS server is running...
/Users/sim/Project2/scripts/../scripts/run-simple-scheduled-reports.sh: line 16: node: command not found
Tue Jun 10 12:17:04 CDT 2025: NextJS server is running. Running scheduled reports check...
/Users/sim/Project2/scripts/../scripts/run-scheduled-reports-cron.sh: line 25: node: command not found
Tue Jun 10 12:18:03 CDT 2025: Running scheduled reports
Tue Jun 10 12:18:03 CDT 2025: Checking if NextJS server is running...
/Users/sim/Project2/scripts/../scripts/run-simple-scheduled-reports.sh: line 16: node: command not found
Tue Jun 10 12:18:03 CDT 2025: NextJS server is running. Running scheduled reports check...
/Users/sim/Project2/scripts/../scripts/run-scheduled-reports-cron.sh: line 25: node: command not found
Tue Jun 10 12:19:05 CDT 2025: Running scheduled reports
Tue Jun 10 12:19:05 CDT 2025: Checking if NextJS server is running...
/Users/sim/Project2/scripts/../scripts/run-simple-scheduled-reports.sh: line 16: node: command not found
Tue Jun 10 12:19:05 CDT 2025: NextJS server is running. Running scheduled reports check...
/Users/sim/Project2/scripts/../scripts/run-scheduled-reports-cron.sh: line 25: node: command not found
Tue Jun 10 12:20:06 CDT 2025: Running scheduled reports
Tue Jun 10 12:20:06 CDT 2025: Checking if NextJS server is running...
/Users/sim/Project2/scripts/../scripts/run-simple-scheduled-reports.sh: line 16: node: command not found
Tue Jun 10 12:20:06 CDT 2025: NextJS server is running. Running scheduled reports check...
/Users/sim/Project2/scripts/../scripts/run-scheduled-reports-cron.sh: line 25: node: command not found
Tue Jun 10 12:21:04 CDT 2025: Checking if NextJS server is running...
Tue Jun 10 12:21:04 CDT 2025: Running scheduled reports
/Users/sim/Project2/scripts/../scripts/run-simple-scheduled-reports.sh: line 16: node: command not found
Tue Jun 10 12:21:04 CDT 2025: NextJS server is running. Running scheduled reports check...
/Users/sim/Project2/scripts/../scripts/run-scheduled-reports-cron.sh: line 25: node: command not found
Tue Jun 10 12:22:06 CDT 2025: Checking if NextJS server is running...
Tue Jun 10 12:22:06 CDT 2025: Running scheduled reports
/Users/sim/Project2/scripts/../scripts/run-simple-scheduled-reports.sh: line 16: node: command not found
Tue Jun 10 12:22:06 CDT 2025: NextJS server is running. Running scheduled reports check...
/Users/sim/Project2/scripts/../scripts/run-scheduled-reports-cron.sh: line 25: node: command not found
Tue Jun 10 12:23:03 CDT 2025: Checking if NextJS server is running...
Tue Jun 10 12:23:03 CDT 2025: Running scheduled reports
/Users/sim/Project2/scripts/../scripts/run-simple-scheduled-reports.sh: line 16: node: command not found
Tue Jun 10 12:23:03 CDT 2025: NextJS server is running. Running scheduled reports check...
/Users/sim/Project2/scripts/../scripts/run-scheduled-reports-cron.sh: line 25: node: command not found
Tue Jun 10 12:24:05 CDT 2025: Checking if NextJS server is running...
Tue Jun 10 12:24:05 CDT 2025: Running scheduled reports
/Users/sim/Project2/scripts/../scripts/run-simple-scheduled-reports.sh: line 16: node: command not found
Tue Jun 10 12:24:05 CDT 2025: NextJS server is running. Running scheduled reports check...
/Users/sim/Project2/scripts/../scripts/run-scheduled-reports-cron.sh: line 25: node: command not found
Tue Jun 10 12:25:03 CDT 2025: Running scheduled reports
Tue Jun 10 12:25:03 CDT 2025: Checking if NextJS server is running...
/Users/sim/Project2/scripts/../scripts/run-simple-scheduled-reports.sh: line 16: node: command not found
Tue Jun 10 12:25:04 CDT 2025: NextJS server is running. Running scheduled reports check...
/Users/sim/Project2/scripts/../scripts/run-scheduled-reports-cron.sh: line 25: node: command not found
Tue Jun 10 12:26:04 CDT 2025: Running scheduled reports
Tue Jun 10 12:26:04 CDT 2025: Checking if NextJS server is running...
/Users/sim/Project2/scripts/../scripts/run-simple-scheduled-reports.sh: line 16: node: command not found
Tue Jun 10 12:26:04 CDT 2025: NextJS server is running. Running scheduled reports check...
/Users/sim/Project2/scripts/../scripts/run-scheduled-reports-cron.sh: line 25: node: command not found
Tue Jun 10 12:27:03 CDT 2025: Checking if NextJS server is running...
Tue Jun 10 12:27:03 CDT 2025: Running scheduled reports
/Users/sim/Project2/scripts/../scripts/run-simple-scheduled-reports.sh: line 16: node: command not found
Tue Jun 10 12:27:03 CDT 2025: NextJS server is running. Running scheduled reports check...
/Users/sim/Project2/scripts/../scripts/run-scheduled-reports-cron.sh: line 25: node: command not found
Tue Jun 10 12:28:04 CDT 2025: Running scheduled reports
Tue Jun 10 12:28:04 CDT 2025: Checking if NextJS server is running...
/Users/sim/Project2/scripts/../scripts/run-simple-scheduled-reports.sh: line 16: node: command not found
Tue Jun 10 12:28:04 CDT 2025: NextJS server is running. Running scheduled reports check...
/Users/sim/Project2/scripts/../scripts/run-scheduled-reports-cron.sh: line 25: node: command not found
Tue Jun 10 12:29:04 CDT 2025: Running scheduled reports
Tue Jun 10 12:29:04 CDT 2025: Checking if NextJS server is running...
/Users/sim/Project2/scripts/../scripts/run-simple-scheduled-reports.sh: line 16: node: command not found
Tue Jun 10 12:29:04 CDT 2025: NextJS server is running. Running scheduled reports check...
/Users/sim/Project2/scripts/../scripts/run-scheduled-reports-cron.sh: line 25: node: command not found
Tue Jun 10 12:30:04 CDT 2025: Checking if NextJS server is running...
Tue Jun 10 12:30:04 CDT 2025: Running scheduled reports
/Users/sim/Project2/scripts/../scripts/run-simple-scheduled-reports.sh: line 16: node: command not found
Tue Jun 10 12:30:04 CDT 2025: NextJS server is running. Running scheduled reports check...
/Users/sim/Project2/scripts/../scripts/run-scheduled-reports-cron.sh: line 25: node: command not found
Tue Jun 10 12:31:04 CDT 2025: Checking if NextJS server is running...
Tue Jun 10 12:31:04 CDT 2025: Running scheduled reports
/Users/sim/Project2/scripts/../scripts/run-simple-scheduled-reports.sh: line 16: node: command not found
Tue Jun 10 12:31:04 CDT 2025: NextJS server is running. Running scheduled reports check...
/Users/sim/Project2/scripts/../scripts/run-scheduled-reports-cron.sh: line 25: node: command not found
Tue Jun 10 12:32:06 CDT 2025: Running scheduled reports
Tue Jun 10 12:32:06 CDT 2025: Checking if NextJS server is running...
/Users/sim/Project2/scripts/../scripts/run-simple-scheduled-reports.sh: line 16: node: command not found
Tue Jun 10 12:32:06 CDT 2025: NextJS server is running. Running scheduled reports check...
/Users/sim/Project2/scripts/../scripts/run-scheduled-reports-cron.sh: line 25: node: command not found
Tue Jun 10 12:33:05 CDT 2025: Running scheduled reports
Tue Jun 10 12:33:05 CDT 2025: Checking if NextJS server is running...
/Users/sim/Project2/scripts/../scripts/run-simple-scheduled-reports.sh: line 16: node: command not found
Tue Jun 10 12:33:05 CDT 2025: NextJS server is running. Running scheduled reports check...
/Users/sim/Project2/scripts/../scripts/run-scheduled-reports-cron.sh: line 25: node: command not found
Tue Jun 10 12:34:03 CDT 2025: Checking if NextJS server is running...
Tue Jun 10 12:34:03 CDT 2025: Running scheduled reports
/Users/sim/Project2/scripts/../scripts/run-simple-scheduled-reports.sh: line 16: node: command not found
Tue Jun 10 12:34:03 CDT 2025: NextJS server is running. Running scheduled reports check...
/Users/sim/Project2/scripts/../scripts/run-scheduled-reports-cron.sh: line 25: node: command not found
Tue Jun 10 12:35:05 CDT 2025: Checking if NextJS server is running...
Tue Jun 10 12:35:05 CDT 2025: Running scheduled reports
/Users/sim/Project2/scripts/../scripts/run-simple-scheduled-reports.sh: line 16: node: command not found
Tue Jun 10 12:35:05 CDT 2025: NextJS server is running. Running scheduled reports check...
/Users/sim/Project2/scripts/../scripts/run-scheduled-reports-cron.sh: line 25: node: command not found
Tue Jun 10 12:36:04 CDT 2025: Running scheduled reports
Tue Jun 10 12:36:04 CDT 2025: Checking if NextJS server is running...
/Users/sim/Project2/scripts/../scripts/run-simple-scheduled-reports.sh: line 16: node: command not found
Tue Jun 10 12:36:04 CDT 2025: NextJS server is running. Running scheduled reports check...
/Users/sim/Project2/scripts/../scripts/run-scheduled-reports-cron.sh: line 25: node: command not found
Tue Jun 10 12:37:04 CDT 2025: Running scheduled reports
Tue Jun 10 12:37:04 CDT 2025: Checking if NextJS server is running...
/Users/sim/Project2/scripts/../scripts/run-simple-scheduled-reports.sh: line 16: node: command not found
Tue Jun 10 12:37:04 CDT 2025: NextJS server is running. Running scheduled reports check...
/Users/sim/Project2/scripts/../scripts/run-scheduled-reports-cron.sh: line 25: node: command not found
Tue Jun 10 12:38:04 CDT 2025: Checking if NextJS server is running...
Tue Jun 10 12:38:04 CDT 2025: Running scheduled reports
/Users/sim/Project2/scripts/../scripts/run-simple-scheduled-reports.sh: line 16: node: command not found
Tue Jun 10 12:38:04 CDT 2025: NextJS server is running. Running scheduled reports check...
/Users/sim/Project2/scripts/../scripts/run-scheduled-reports-cron.sh: line 25: node: command not found
Tue Jun 10 12:39:04 CDT 2025: Running scheduled reports
Tue Jun 10 12:39:04 CDT 2025: Checking if NextJS server is running...
/Users/sim/Project2/scripts/../scripts/run-simple-scheduled-reports.sh: line 16: node: command not found
Tue Jun 10 12:39:04 CDT 2025: NextJS server is running. Running scheduled reports check...
/Users/sim/Project2/scripts/../scripts/run-scheduled-reports-cron.sh: line 25: node: command not found
Tue Jun 10 12:40:03 CDT 2025: Checking if NextJS server is running...
Tue Jun 10 12:40:03 CDT 2025: Running scheduled reports
/Users/sim/Project2/scripts/../scripts/run-simple-scheduled-reports.sh: line 16: node: command not found
Tue Jun 10 12:40:03 CDT 2025: NextJS server is running. Running scheduled reports check...
/Users/sim/Project2/scripts/../scripts/run-scheduled-reports-cron.sh: line 25: node: command not found
Tue Jun 10 12:41:04 CDT 2025: Checking if NextJS server is running...
Tue Jun 10 12:41:04 CDT 2025: Running scheduled reports
/Users/sim/Project2/scripts/../scripts/run-simple-scheduled-reports.sh: line 16: node: command not found
Tue Jun 10 12:41:04 CDT 2025: NextJS server is running. Running scheduled reports check...
/Users/sim/Project2/scripts/../scripts/run-scheduled-reports-cron.sh: line 25: node: command not found
Tue Jun 10 12:42:03 CDT 2025: Checking if NextJS server is running...
Tue Jun 10 12:42:03 CDT 2025: Running scheduled reports
/Users/sim/Project2/scripts/../scripts/run-simple-scheduled-reports.sh: line 16: node: command not found
Tue Jun 10 12:42:03 CDT 2025: NextJS server is running. Running scheduled reports check...
/Users/sim/Project2/scripts/../scripts/run-scheduled-reports-cron.sh: line 25: node: command not found
Tue Jun 10 12:43:04 CDT 2025: Checking if NextJS server is running...
Tue Jun 10 12:43:04 CDT 2025: Running scheduled reports
/Users/sim/Project2/scripts/../scripts/run-simple-scheduled-reports.sh: line 16: node: command not found
Tue Jun 10 12:43:04 CDT 2025: NextJS server is running. Running scheduled reports check...
/Users/sim/Project2/scripts/../scripts/run-scheduled-reports-cron.sh: line 25: node: command not found
Tue Jun 10 12:44:05 CDT 2025: Checking if NextJS server is running...
Tue Jun 10 12:44:05 CDT 2025: Running scheduled reports
/Users/sim/Project2/scripts/../scripts/run-simple-scheduled-reports.sh: line 16: node: command not found
Tue Jun 10 12:44:05 CDT 2025: NextJS server is running. Running scheduled reports check...
/Users/sim/Project2/scripts/../scripts/run-scheduled-reports-cron.sh: line 25: node: command not found
Tue Jun 10 12:45:05 CDT 2025: Checking if NextJS server is running...
Tue Jun 10 12:45:05 CDT 2025: Running scheduled reports
/Users/sim/Project2/scripts/../scripts/run-simple-scheduled-reports.sh: line 16: node: command not found
Tue Jun 10 12:45:05 CDT 2025: NextJS server is running. Running scheduled reports check...
/Users/sim/Project2/scripts/../scripts/run-scheduled-reports-cron.sh: line 25: node: command not found
Tue Jun 10 12:46:04 CDT 2025: Running scheduled reports
Tue Jun 10 12:46:04 CDT 2025: Checking if NextJS server is running...
/Users/sim/Project2/scripts/../scripts/run-simple-scheduled-reports.sh: line 16: node: command not found
Tue Jun 10 12:46:04 CDT 2025: NextJS server is running. Running scheduled reports check...
/Users/sim/Project2/scripts/../scripts/run-scheduled-reports-cron.sh: line 25: node: command not found
Tue Jun 10 12:47:06 CDT 2025: Running scheduled reports
Tue Jun 10 12:47:06 CDT 2025: Checking if NextJS server is running...
/Users/sim/Project2/scripts/../scripts/run-simple-scheduled-reports.sh: line 16: node: command not found
Tue Jun 10 12:47:06 CDT 2025: NextJS server is running. Running scheduled reports check...
/Users/sim/Project2/scripts/../scripts/run-scheduled-reports-cron.sh: line 25: node: command not found
Tue Jun 10 12:48:03 CDT 2025: Running scheduled reports
Tue Jun 10 12:48:03 CDT 2025: Checking if NextJS server is running...
/Users/sim/Project2/scripts/../scripts/run-simple-scheduled-reports.sh: line 16: node: command not found
Tue Jun 10 12:48:03 CDT 2025: NextJS server is running. Running scheduled reports check...
/Users/sim/Project2/scripts/../scripts/run-scheduled-reports-cron.sh: line 25: node: command not found
Tue Jun 10 12:49:05 CDT 2025: Running scheduled reports
Tue Jun 10 12:49:05 CDT 2025: Checking if NextJS server is running...
/Users/sim/Project2/scripts/../scripts/run-simple-scheduled-reports.sh: line 16: node: command not found
Tue Jun 10 12:49:05 CDT 2025: NextJS server is running. Running scheduled reports check...
/Users/sim/Project2/scripts/../scripts/run-scheduled-reports-cron.sh: line 25: node: command not found
Tue Jun 10 12:50:04 CDT 2025: Running scheduled reports
Tue Jun 10 12:50:04 CDT 2025: Checking if NextJS server is running...
/Users/sim/Project2/scripts/../scripts/run-simple-scheduled-reports.sh: line 16: node: command not found
Tue Jun 10 12:50:05 CDT 2025: NextJS server is running. Running scheduled reports check...
/Users/sim/Project2/scripts/../scripts/run-scheduled-reports-cron.sh: line 25: node: command not found
Tue Jun 10 12:51:07 CDT 2025: Checking if NextJS server is running...
Tue Jun 10 12:51:07 CDT 2025: Running scheduled reports
/Users/sim/Project2/scripts/../scripts/run-simple-scheduled-reports.sh: line 16: node: command not found
Tue Jun 10 12:51:07 CDT 2025: NextJS server is running. Running scheduled reports check...
/Users/sim/Project2/scripts/../scripts/run-scheduled-reports-cron.sh: line 25: node: command not found
Tue Jun 10 12:52:05 CDT 2025: Checking if NextJS server is running...
Tue Jun 10 12:52:05 CDT 2025: Running scheduled reports
/Users/sim/Project2/scripts/../scripts/run-simple-scheduled-reports.sh: line 16: node: command not found
Tue Jun 10 12:52:05 CDT 2025: NextJS server is running. Running scheduled reports check...
/Users/sim/Project2/scripts/../scripts/run-scheduled-reports-cron.sh: line 25: node: command not found
Tue Jun 10 12:53:04 CDT 2025: Checking if NextJS server is running...
Tue Jun 10 12:53:04 CDT 2025: Running scheduled reports
/Users/sim/Project2/scripts/../scripts/run-simple-scheduled-reports.sh: line 16: node: command not found
Tue Jun 10 12:53:04 CDT 2025: NextJS server is running. Running scheduled reports check...
/Users/sim/Project2/scripts/../scripts/run-scheduled-reports-cron.sh: line 25: node: command not found
Tue Jun 10 12:54:04 CDT 2025: Checking if NextJS server is running...
Tue Jun 10 12:54:04 CDT 2025: Running scheduled reports
/Users/sim/Project2/scripts/../scripts/run-simple-scheduled-reports.sh: line 16: node: command not found
Tue Jun 10 12:54:04 CDT 2025: NextJS server is running. Running scheduled reports check...
/Users/sim/Project2/scripts/../scripts/run-scheduled-reports-cron.sh: line 25: node: command not found
Tue Jun 10 12:55:04 CDT 2025: Running scheduled reports
Tue Jun 10 12:55:04 CDT 2025: Checking if NextJS server is running...
/Users/sim/Project2/scripts/../scripts/run-simple-scheduled-reports.sh: line 16: node: command not found
Tue Jun 10 12:55:04 CDT 2025: NextJS server is running. Running scheduled reports check...
/Users/sim/Project2/scripts/../scripts/run-scheduled-reports-cron.sh: line 25: node: command not found
Tue Jun 10 12:56:02 CDT 2025: Checking if NextJS server is running...
Tue Jun 10 12:56:02 CDT 2025: Running scheduled reports
/Users/sim/Project2/scripts/../scripts/run-simple-scheduled-reports.sh: line 16: node: command not found
Tue Jun 10 12:56:02 CDT 2025: NextJS server is running. Running scheduled reports check...
/Users/sim/Project2/scripts/../scripts/run-scheduled-reports-cron.sh: line 25: node: command not found
Tue Jun 10 12:57:06 CDT 2025: Running scheduled reports
Tue Jun 10 12:57:06 CDT 2025: Checking if NextJS server is running...
/Users/sim/Project2/scripts/../scripts/run-simple-scheduled-reports.sh: line 16: node: command not found
Tue Jun 10 12:57:06 CDT 2025: NextJS server is running. Running scheduled reports check...
/Users/sim/Project2/scripts/../scripts/run-scheduled-reports-cron.sh: line 25: node: command not found
Tue Jun 10 12:58:05 CDT 2025: Running scheduled reports
Tue Jun 10 12:58:05 CDT 2025: Checking if NextJS server is running...
/Users/sim/Project2/scripts/../scripts/run-simple-scheduled-reports.sh: line 16: node: command not found
Tue Jun 10 12:58:05 CDT 2025: NextJS server is running. Running scheduled reports check...
/Users/sim/Project2/scripts/../scripts/run-scheduled-reports-cron.sh: line 25: node: command not found
Tue Jun 10 12:59:04 CDT 2025: Running scheduled reports
Tue Jun 10 12:59:04 CDT 2025: Checking if NextJS server is running...
/Users/sim/Project2/scripts/../scripts/run-simple-scheduled-reports.sh: line 16: node: command not found
Tue Jun 10 12:59:04 CDT 2025: NextJS server is running. Running scheduled reports check...
/Users/sim/Project2/scripts/../scripts/run-scheduled-reports-cron.sh: line 25: node: command not found
Tue Jun 10 13:00:04 CDT 2025: Running scheduled reports
Tue Jun 10 13:00:04 CDT 2025: Checking if NextJS server is running...
/Users/sim/Project2/scripts/../scripts/run-simple-scheduled-reports.sh: line 16: node: command not found
Tue Jun 10 13:00:04 CDT 2025: NextJS server is running. Running scheduled reports check...
/Users/sim/Project2/scripts/../scripts/run-scheduled-reports-cron.sh: line 25: node: command not found
Tue Jun 10 13:01:03 CDT 2025: Running scheduled reports
Tue Jun 10 13:01:03 CDT 2025: Checking if NextJS server is running...
/Users/sim/Project2/scripts/../scripts/run-simple-scheduled-reports.sh: line 16: node: command not found
Tue Jun 10 13:01:03 CDT 2025: NextJS server is running. Running scheduled reports check...
/Users/sim/Project2/scripts/../scripts/run-scheduled-reports-cron.sh: line 25: node: command not found
Tue Jun 10 13:02:04 CDT 2025: Checking if NextJS server is running...
Tue Jun 10 13:02:04 CDT 2025: Running scheduled reports
/Users/sim/Project2/scripts/../scripts/run-simple-scheduled-reports.sh: line 16: node: command not found
Tue Jun 10 13:02:04 CDT 2025: NextJS server is running. Running scheduled reports check...
/Users/sim/Project2/scripts/../scripts/run-scheduled-reports-cron.sh: line 25: node: command not found
Tue Jun 10 13:03:04 CDT 2025: Running scheduled reports
Tue Jun 10 13:03:04 CDT 2025: Checking if NextJS server is running...
/Users/sim/Project2/scripts/../scripts/run-simple-scheduled-reports.sh: line 16: node: command not found
Tue Jun 10 13:03:04 CDT 2025: NextJS server is running. Running scheduled reports check...
/Users/sim/Project2/scripts/../scripts/run-scheduled-reports-cron.sh: line 25: node: command not found
Tue Jun 10 13:04:05 CDT 2025: Running scheduled reports
Tue Jun 10 13:04:05 CDT 2025: Checking if NextJS server is running...
/Users/sim/Project2/scripts/../scripts/run-simple-scheduled-reports.sh: line 16: node: command not found
Tue Jun 10 13:04:05 CDT 2025: NextJS server is running. Running scheduled reports check...
/Users/sim/Project2/scripts/../scripts/run-scheduled-reports-cron.sh: line 25: node: command not found
Tue Jun 10 13:05:03 CDT 2025: Checking if NextJS server is running...
Tue Jun 10 13:05:03 CDT 2025: Running scheduled reports
/Users/sim/Project2/scripts/../scripts/run-simple-scheduled-reports.sh: line 16: node: command not found
Tue Jun 10 13:05:03 CDT 2025: NextJS server is running. Running scheduled reports check...
/Users/sim/Project2/scripts/../scripts/run-scheduled-reports-cron.sh: line 25: node: command not found
Tue Jun 10 13:06:05 CDT 2025: Checking if NextJS server is running...
Tue Jun 10 13:06:05 CDT 2025: Running scheduled reports
/Users/sim/Project2/scripts/../scripts/run-simple-scheduled-reports.sh: line 16: node: command not found
Tue Jun 10 13:06:05 CDT 2025: NextJS server is running. Running scheduled reports check...
/Users/sim/Project2/scripts/../scripts/run-scheduled-reports-cron.sh: line 25: node: command not found
Tue Jun 10 13:07:04 CDT 2025: Running scheduled reports
Tue Jun 10 13:07:04 CDT 2025: Checking if NextJS server is running...
/Users/sim/Project2/scripts/../scripts/run-simple-scheduled-reports.sh: line 16: node: command not found
Tue Jun 10 13:07:04 CDT 2025: NextJS server is running. Running scheduled reports check...
/Users/sim/Project2/scripts/../scripts/run-scheduled-reports-cron.sh: line 25: node: command not found
Tue Jun 10 13:08:05 CDT 2025: Checking if NextJS server is running...
Tue Jun 10 13:08:05 CDT 2025: Running scheduled reports
/Users/sim/Project2/scripts/../scripts/run-simple-scheduled-reports.sh: line 16: node: command not found
Tue Jun 10 13:08:05 CDT 2025: NextJS server is running. Running scheduled reports check...
/Users/sim/Project2/scripts/../scripts/run-scheduled-reports-cron.sh: line 25: node: command not found
Tue Jun 10 13:09:03 CDT 2025: Running scheduled reports
Tue Jun 10 13:09:03 CDT 2025: Checking if NextJS server is running...
/Users/sim/Project2/scripts/../scripts/run-simple-scheduled-reports.sh: line 16: node: command not found
Tue Jun 10 13:09:03 CDT 2025: NextJS server is running. Running scheduled reports check...
/Users/sim/Project2/scripts/../scripts/run-scheduled-reports-cron.sh: line 25: node: command not found
Tue Jun 10 13:10:06 CDT 2025: Checking if NextJS server is running...
Tue Jun 10 13:10:06 CDT 2025: Running scheduled reports
/Users/sim/Project2/scripts/../scripts/run-simple-scheduled-reports.sh: line 16: node: command not found
Tue Jun 10 13:10:06 CDT 2025: NextJS server is running. Running scheduled reports check...
/Users/sim/Project2/scripts/../scripts/run-scheduled-reports-cron.sh: line 25: node: command not found
Tue Jun 10 13:11:07 CDT 2025: Checking if NextJS server is running...
Tue Jun 10 13:11:07 CDT 2025: Running scheduled reports
/Users/sim/Project2/scripts/../scripts/run-simple-scheduled-reports.sh: line 16: node: command not found
Tue Jun 10 13:11:07 CDT 2025: NextJS server is running. Running scheduled reports check...
/Users/sim/Project2/scripts/../scripts/run-scheduled-reports-cron.sh: line 25: node: command not found
Tue Jun 10 13:12:03 CDT 2025: Running scheduled reports
Tue Jun 10 13:12:03 CDT 2025: Checking if NextJS server is running...
/Users/sim/Project2/scripts/../scripts/run-simple-scheduled-reports.sh: line 16: node: command not found
Tue Jun 10 13:12:03 CDT 2025: NextJS server is running. Running scheduled reports check...
/Users/sim/Project2/scripts/../scripts/run-scheduled-reports-cron.sh: line 25: node: command not found
Tue Jun 10 13:13:04 CDT 2025: Running scheduled reports
Tue Jun 10 13:13:04 CDT 2025: Checking if NextJS server is running...
/Users/sim/Project2/scripts/../scripts/run-simple-scheduled-reports.sh: line 16: node: command not found
Tue Jun 10 13:13:04 CDT 2025: NextJS server is running. Running scheduled reports check...
/Users/sim/Project2/scripts/../scripts/run-scheduled-reports-cron.sh: line 25: node: command not found
Tue Jun 10 13:14:04 CDT 2025: Checking if NextJS server is running...
Tue Jun 10 13:14:04 CDT 2025: Running scheduled reports
/Users/sim/Project2/scripts/../scripts/run-simple-scheduled-reports.sh: line 16: node: command not found
Tue Jun 10 13:14:04 CDT 2025: NextJS server is running. Running scheduled reports check...
/Users/sim/Project2/scripts/../scripts/run-scheduled-reports-cron.sh: line 25: node: command not found
Tue Jun 10 13:15:05 CDT 2025: Checking if NextJS server is running...
Tue Jun 10 13:15:05 CDT 2025: Running scheduled reports
/Users/sim/Project2/scripts/../scripts/run-simple-scheduled-reports.sh: line 16: node: command not found
Tue Jun 10 13:15:05 CDT 2025: NextJS server is running. Running scheduled reports check...
/Users/sim/Project2/scripts/../scripts/run-scheduled-reports-cron.sh: line 25: node: command not found
Tue Jun 10 13:16:05 CDT 2025: Running scheduled reports
Tue Jun 10 13:16:05 CDT 2025: Checking if NextJS server is running...
/Users/sim/Project2/scripts/../scripts/run-simple-scheduled-reports.sh: line 16: node: command not found
Tue Jun 10 13:16:05 CDT 2025: NextJS server is running. Running scheduled reports check...
/Users/sim/Project2/scripts/../scripts/run-scheduled-reports-cron.sh: line 25: node: command not found
Tue Jun 10 13:17:04 CDT 2025: Checking if NextJS server is running...
Tue Jun 10 13:17:04 CDT 2025: Running scheduled reports
/Users/sim/Project2/scripts/../scripts/run-simple-scheduled-reports.sh: line 16: node: command not found
Tue Jun 10 13:17:04 CDT 2025: NextJS server is running. Running scheduled reports check...
/Users/sim/Project2/scripts/../scripts/run-scheduled-reports-cron.sh: line 25: node: command not found
Tue Jun 10 13:18:05 CDT 2025: Checking if NextJS server is running...
Tue Jun 10 13:18:05 CDT 2025: Running scheduled reports
/Users/sim/Project2/scripts/../scripts/run-simple-scheduled-reports.sh: line 16: node: command not found
Tue Jun 10 13:18:05 CDT 2025: NextJS server is running. Running scheduled reports check...
/Users/sim/Project2/scripts/../scripts/run-scheduled-reports-cron.sh: line 25: node: command not found
Tue Jun 10 13:19:06 CDT 2025: Checking if NextJS server is running...
Tue Jun 10 13:19:06 CDT 2025: Running scheduled reports
/Users/sim/Project2/scripts/../scripts/run-simple-scheduled-reports.sh: line 16: node: command not found
Tue Jun 10 13:19:06 CDT 2025: NextJS server is running. Running scheduled reports check...
/Users/sim/Project2/scripts/../scripts/run-scheduled-reports-cron.sh: line 25: node: command not found
Tue Jun 10 13:20:06 CDT 2025: Running scheduled reports
Tue Jun 10 13:20:06 CDT 2025: Checking if NextJS server is running...
/Users/sim/Project2/scripts/../scripts/run-simple-scheduled-reports.sh: line 16: node: command not found
Tue Jun 10 13:20:06 CDT 2025: NextJS server is running. Running scheduled reports check...
/Users/sim/Project2/scripts/../scripts/run-scheduled-reports-cron.sh: line 25: node: command not found
Tue Jun 10 13:21:04 CDT 2025: Checking if NextJS server is running...
Tue Jun 10 13:21:04 CDT 2025: Running scheduled reports
/Users/sim/Project2/scripts/../scripts/run-simple-scheduled-reports.sh: line 16: node: command not found
Tue Jun 10 13:21:04 CDT 2025: NextJS server is running. Running scheduled reports check...
/Users/sim/Project2/scripts/../scripts/run-scheduled-reports-cron.sh: line 25: node: command not found
Tue Jun 10 13:22:04 CDT 2025: Running scheduled reports
Tue Jun 10 13:22:04 CDT 2025: Checking if NextJS server is running...
/Users/sim/Project2/scripts/../scripts/run-simple-scheduled-reports.sh: line 16: node: command not found
Tue Jun 10 13:22:04 CDT 2025: NextJS server is running. Running scheduled reports check...
/Users/sim/Project2/scripts/../scripts/run-scheduled-reports-cron.sh: line 25: node: command not found
Tue Jun 10 13:49:38 CDT 2025: Checking if NextJS server is running...
Tue Jun 10 13:49:38 CDT 2025: Running scheduled reports
/Users/sim/Project2/scripts/../scripts/run-simple-scheduled-reports.sh: line 16: node: command not found
Tue Jun 10 13:49:38 CDT 2025: NextJS server is running. Running scheduled reports check...
/Users/sim/Project2/scripts/../scripts/run-scheduled-reports-cron.sh: line 25: node: command not found
Tue Jun 10 13:56:39 CDT 2025: Checking if NextJS server is running...
Tue Jun 10 13:56:39 CDT 2025: Running scheduled reports
/Users/sim/Project2/scripts/../scripts/run-simple-scheduled-reports.sh: line 16: node: command not found
Tue Jun 10 13:56:39 CDT 2025: NextJS server is running. Running scheduled reports check...
/Users/sim/Project2/scripts/../scripts/run-scheduled-reports-cron.sh: line 25: node: command not found
Tue Jun 10 13:57:02 CDT 2025: Running scheduled reports
Tue Jun 10 13:57:02 CDT 2025: Checking if NextJS server is running...
/Users/sim/Project2/scripts/../scripts/run-simple-scheduled-reports.sh: line 16: node: command not found
Tue Jun 10 13:57:02 CDT 2025: NextJS server is running. Running scheduled reports check...
/Users/sim/Project2/scripts/../scripts/run-scheduled-reports-cron.sh: line 25: node: command not found
Tue Jun 10 13:58:04 CDT 2025: Running scheduled reports
Tue Jun 10 13:58:04 CDT 2025: Checking if NextJS server is running...
/Users/sim/Project2/scripts/../scripts/run-simple-scheduled-reports.sh: line 16: node: command not found
Tue Jun 10 13:58:04 CDT 2025: NextJS server is running. Running scheduled reports check...
/Users/sim/Project2/scripts/../scripts/run-scheduled-reports-cron.sh: line 25: node: command not found
Tue Jun 10 13:59:01 CDT 2025: Checking if NextJS server is running...
Tue Jun 10 13:59:01 CDT 2025: Running scheduled reports
/Users/sim/Project2/scripts/../scripts/run-simple-scheduled-reports.sh: line 16: node: command not found
Tue Jun 10 13:59:02 CDT 2025: NextJS server is running. Running scheduled reports check...
/Users/sim/Project2/scripts/../scripts/run-scheduled-reports-cron.sh: line 25: node: command not found
Tue Jun 10 14:00:00 CDT 2025: Checking if NextJS server is running...
Tue Jun 10 14:00:00 CDT 2025: Running scheduled reports
/Users/sim/Project2/scripts/../scripts/run-simple-scheduled-reports.sh: line 16: node: command not found
Tue Jun 10 14:00:00 CDT 2025: NextJS server is running. Running scheduled reports check...
/Users/sim/Project2/scripts/../scripts/run-scheduled-reports-cron.sh: line 25: node: command not found
Tue Jun 10 14:01:00 CDT 2025: Running scheduled reports
Tue Jun 10 14:01:00 CDT 2025: Checking if NextJS server is running...
/Users/sim/Project2/scripts/../scripts/run-simple-scheduled-reports.sh: line 16: node: command not found
Tue Jun 10 14:01:00 CDT 2025: NextJS server is running. Running scheduled reports check...
/Users/sim/Project2/scripts/../scripts/run-scheduled-reports-cron.sh: line 25: node: command not found
Tue Jun 10 14:02:00 CDT 2025: Running scheduled reports
Tue Jun 10 14:02:00 CDT 2025: Checking if NextJS server is running...
/Users/sim/Project2/scripts/../scripts/run-simple-scheduled-reports.sh: line 16: node: command not found
Tue Jun 10 14:02:00 CDT 2025: NextJS server is running. Running scheduled reports check...
/Users/sim/Project2/scripts/../scripts/run-scheduled-reports-cron.sh: line 25: node: command not found
Tue Jun 10 14:03:00 CDT 2025: Running scheduled reports
Tue Jun 10 14:03:00 CDT 2025: Checking if NextJS server is running...
/Users/sim/Project2/scripts/../scripts/run-simple-scheduled-reports.sh: line 16: node: command not found
Tue Jun 10 14:03:01 CDT 2025: NextJS server is running. Running scheduled reports check...
/Users/sim/Project2/scripts/../scripts/run-scheduled-reports-cron.sh: line 25: node: command not found
Tue Jun 10 14:04:00 CDT 2025: Checking if NextJS server is running...
Tue Jun 10 14:04:00 CDT 2025: Running scheduled reports
/Users/sim/Project2/scripts/../scripts/run-simple-scheduled-reports.sh: line 16: node: command not found
Tue Jun 10 14:04:00 CDT 2025: NextJS server is running. Running scheduled reports check...
/Users/sim/Project2/scripts/../scripts/run-scheduled-reports-cron.sh: line 25: node: command not found
Tue Jun 10 14:05:00 CDT 2025: Checking if NextJS server is running...
Tue Jun 10 14:05:00 CDT 2025: Running scheduled reports
/Users/sim/Project2/scripts/../scripts/run-simple-scheduled-reports.sh: line 16: node: command not found
Tue Jun 10 14:05:00 CDT 2025: NextJS server is running. Running scheduled reports check...
/Users/sim/Project2/scripts/../scripts/run-scheduled-reports-cron.sh: line 25: node: command not found
Tue Jun 10 14:06:00 CDT 2025: Running scheduled reports
Tue Jun 10 14:06:00 CDT 2025: Checking if NextJS server is running...
/Users/sim/Project2/scripts/../scripts/run-simple-scheduled-reports.sh: line 16: node: command not found
Tue Jun 10 14:06:00 CDT 2025: NextJS server is running. Running scheduled reports check...
/Users/sim/Project2/scripts/../scripts/run-scheduled-reports-cron.sh: line 25: node: command not found
Tue Jun 10 14:07:00 CDT 2025: Checking if NextJS server is running...
Tue Jun 10 14:07:00 CDT 2025: Running scheduled reports
/Users/sim/Project2/scripts/../scripts/run-simple-scheduled-reports.sh: line 16: node: command not found
Tue Jun 10 14:07:00 CDT 2025: NextJS server is running. Running scheduled reports check...
/Users/sim/Project2/scripts/../scripts/run-scheduled-reports-cron.sh: line 25: node: command not found
Tue Jun 10 14:08:00 CDT 2025: Checking if NextJS server is running...
Tue Jun 10 14:08:00 CDT 2025: Running scheduled reports
/Users/sim/Project2/scripts/../scripts/run-simple-scheduled-reports.sh: line 16: node: command not found
Tue Jun 10 14:08:01 CDT 2025: NextJS server is running. Running scheduled reports check...
/Users/sim/Project2/scripts/../scripts/run-scheduled-reports-cron.sh: line 25: node: command not found
Tue Jun 10 14:09:00 CDT 2025: Checking if NextJS server is running...
Tue Jun 10 14:09:00 CDT 2025: Running scheduled reports
/Users/sim/Project2/scripts/../scripts/run-simple-scheduled-reports.sh: line 16: node: command not found
Tue Jun 10 14:09:00 CDT 2025: NextJS server is running. Running scheduled reports check...
/Users/sim/Project2/scripts/../scripts/run-scheduled-reports-cron.sh: line 25: node: command not found
Tue Jun 10 14:10:00 CDT 2025: Running scheduled reports
Tue Jun 10 14:10:00 CDT 2025: Checking if NextJS server is running...
/Users/sim/Project2/scripts/../scripts/run-simple-scheduled-reports.sh: line 16: node: command not found
Tue Jun 10 14:10:00 CDT 2025: NextJS server is running. Running scheduled reports check...
/Users/sim/Project2/scripts/../scripts/run-scheduled-reports-cron.sh: line 25: node: command not found
Tue Jun 10 14:11:00 CDT 2025: Running scheduled reports
Tue Jun 10 14:11:00 CDT 2025: Checking if NextJS server is running...
/Users/sim/Project2/scripts/../scripts/run-simple-scheduled-reports.sh: line 16: node: command not found
Tue Jun 10 14:11:00 CDT 2025: NextJS server is running. Running scheduled reports check...
/Users/sim/Project2/scripts/../scripts/run-scheduled-reports-cron.sh: line 25: node: command not found
Tue Jun 10 14:12:00 CDT 2025: Checking if NextJS server is running...
Tue Jun 10 14:12:00 CDT 2025: Running scheduled reports
/Users/sim/Project2/scripts/../scripts/run-simple-scheduled-reports.sh: line 16: node: command not found
Tue Jun 10 14:12:00 CDT 2025: NextJS server is running. Running scheduled reports check...
/Users/sim/Project2/scripts/../scripts/run-scheduled-reports-cron.sh: line 25: node: command not found
Tue Jun 10 14:13:01 CDT 2025: Running scheduled reports
Tue Jun 10 14:13:01 CDT 2025: Checking if NextJS server is running...
/Users/sim/Project2/scripts/../scripts/run-simple-scheduled-reports.sh: line 16: node: command not found
Tue Jun 10 14:13:01 CDT 2025: NextJS server is running. Running scheduled reports check...
/Users/sim/Project2/scripts/../scripts/run-scheduled-reports-cron.sh: line 25: node: command not found
Tue Jun 10 14:14:00 CDT 2025: Checking if NextJS server is running...
Tue Jun 10 14:14:00 CDT 2025: Running scheduled reports
/Users/sim/Project2/scripts/../scripts/run-simple-scheduled-reports.sh: line 16: node: command not found
Tue Jun 10 14:14:00 CDT 2025: NextJS server is running. Running scheduled reports check...
/Users/sim/Project2/scripts/../scripts/run-scheduled-reports-cron.sh: line 25: node: command not found
Tue Jun 10 14:15:00 CDT 2025: Running scheduled reports
Tue Jun 10 14:15:00 CDT 2025: Checking if NextJS server is running...
/Users/sim/Project2/scripts/../scripts/run-simple-scheduled-reports.sh: line 16: node: command not found
Tue Jun 10 14:15:00 CDT 2025: NextJS server is running. Running scheduled reports check...
/Users/sim/Project2/scripts/../scripts/run-scheduled-reports-cron.sh: line 25: node: command not found
Tue Jun 10 14:16:00 CDT 2025: Checking if NextJS server is running...
Tue Jun 10 14:16:00 CDT 2025: Running scheduled reports
/Users/sim/Project2/scripts/../scripts/run-simple-scheduled-reports.sh: line 16: node: command not found
Tue Jun 10 14:16:00 CDT 2025: NextJS server is running. Running scheduled reports check...
/Users/sim/Project2/scripts/../scripts/run-scheduled-reports-cron.sh: line 25: node: command not found
Tue Jun 10 14:17:00 CDT 2025: Checking if NextJS server is running...
Tue Jun 10 14:17:00 CDT 2025: Running scheduled reports
/Users/sim/Project2/scripts/../scripts/run-simple-scheduled-reports.sh: line 16: node: command not found
Tue Jun 10 14:17:00 CDT 2025: NextJS server is running. Running scheduled reports check...
/Users/sim/Project2/scripts/../scripts/run-scheduled-reports-cron.sh: line 25: node: command not found
Tue Jun 10 14:18:00 CDT 2025: Running scheduled reports
Tue Jun 10 14:18:00 CDT 2025: Checking if NextJS server is running...
/Users/sim/Project2/scripts/../scripts/run-simple-scheduled-reports.sh: line 16: node: command not found
Tue Jun 10 14:18:01 CDT 2025: NextJS server is running. Running scheduled reports check...
/Users/sim/Project2/scripts/../scripts/run-scheduled-reports-cron.sh: line 25: node: command not found
Tue Jun 10 14:19:00 CDT 2025: Checking if NextJS server is running...
Tue Jun 10 14:19:00 CDT 2025: Running scheduled reports
/Users/sim/Project2/scripts/../scripts/run-simple-scheduled-reports.sh: line 16: node: command not found
Tue Jun 10 14:19:00 CDT 2025: NextJS server is running. Running scheduled reports check...
/Users/sim/Project2/scripts/../scripts/run-scheduled-reports-cron.sh: line 25: node: command not found
Tue Jun 10 14:20:00 CDT 2025: Checking if NextJS server is running...
Tue Jun 10 14:20:00 CDT 2025: Running scheduled reports
/Users/sim/Project2/scripts/../scripts/run-simple-scheduled-reports.sh: line 16: node: command not found
Tue Jun 10 14:20:00 CDT 2025: NextJS server is running. Running scheduled reports check...
/Users/sim/Project2/scripts/../scripts/run-scheduled-reports-cron.sh: line 25: node: command not found
Tue Jun 10 14:21:00 CDT 2025: Checking if NextJS server is running...
Tue Jun 10 14:21:00 CDT 2025: Running scheduled reports
/Users/sim/Project2/scripts/../scripts/run-simple-scheduled-reports.sh: line 16: node: command not found
Tue Jun 10 14:21:00 CDT 2025: NextJS server is running. Running scheduled reports check...
/Users/sim/Project2/scripts/../scripts/run-scheduled-reports-cron.sh: line 25: node: command not found
Tue Jun 10 14:22:00 CDT 2025: Running scheduled reports
Tue Jun 10 14:22:00 CDT 2025: Checking if NextJS server is running...
/Users/sim/Project2/scripts/../scripts/run-simple-scheduled-reports.sh: line 16: node: command not found
Tue Jun 10 14:22:01 CDT 2025: NextJS server is running. Running scheduled reports check...
/Users/sim/Project2/scripts/../scripts/run-scheduled-reports-cron.sh: line 25: node: command not found
Tue Jun 10 14:23:00 CDT 2025: Running scheduled reports
Tue Jun 10 14:23:00 CDT 2025: Checking if NextJS server is running...
/Users/sim/Project2/scripts/../scripts/run-simple-scheduled-reports.sh: line 16: node: command not found
Tue Jun 10 14:23:00 CDT 2025: NextJS server is running. Running scheduled reports check...
/Users/sim/Project2/scripts/../scripts/run-scheduled-reports-cron.sh: line 25: node: command not found
Tue Jun 10 14:24:00 CDT 2025: Running scheduled reports
Tue Jun 10 14:24:00 CDT 2025: Checking if NextJS server is running...
/Users/sim/Project2/scripts/../scripts/run-simple-scheduled-reports.sh: line 16: node: command not found
Tue Jun 10 14:24:00 CDT 2025: NextJS server is running. Running scheduled reports check...
/Users/sim/Project2/scripts/../scripts/run-scheduled-reports-cron.sh: line 25: node: command not found
Tue Jun 10 14:25:01 CDT 2025: Running scheduled reports
Tue Jun 10 14:25:01 CDT 2025: Checking if NextJS server is running...
/Users/sim/Project2/scripts/../scripts/run-simple-scheduled-reports.sh: line 16: node: command not found
Tue Jun 10 14:25:01 CDT 2025: NextJS server is not running. Skipping scheduled reports check.
Tue Jun 10 14:31:00 CDT 2025: Checking if NextJS server is running...
Tue Jun 10 14:31:00 CDT 2025: Running scheduled reports
/Users/sim/Project2/scripts/../scripts/run-simple-scheduled-reports.sh: line 16: node: command not found
Tue Jun 10 14:31:01 CDT 2025: NextJS server is running. Running scheduled reports check...
/Users/sim/Project2/scripts/../scripts/run-scheduled-reports-cron.sh: line 25: node: command not found
Tue Jun 10 14:32:00 CDT 2025: Running scheduled reports
Tue Jun 10 14:32:00 CDT 2025: Checking if NextJS server is running...
/Users/sim/Project2/scripts/../scripts/run-simple-scheduled-reports.sh: line 16: node: command not found
Tue Jun 10 14:32:00 CDT 2025: NextJS server is running. Running scheduled reports check...
/Users/sim/Project2/scripts/../scripts/run-scheduled-reports-cron.sh: line 25: node: command not found
Tue Jun 10 14:33:00 CDT 2025: Checking if NextJS server is running...
Tue Jun 10 14:33:00 CDT 2025: Running scheduled reports
/Users/sim/Project2/scripts/../scripts/run-simple-scheduled-reports.sh: line 16: node: command not found
Tue Jun 10 14:33:00 CDT 2025: NextJS server is running. Running scheduled reports check...
/Users/sim/Project2/scripts/../scripts/run-scheduled-reports-cron.sh: line 25: node: command not found
Tue Jun 10 14:34:00 CDT 2025: Running scheduled reports
Tue Jun 10 14:34:00 CDT 2025: Checking if NextJS server is running...
/Users/sim/Project2/scripts/../scripts/run-simple-scheduled-reports.sh: line 16: node: command not found
Tue Jun 10 14:34:00 CDT 2025: NextJS server is running. Running scheduled reports check...
/Users/sim/Project2/scripts/../scripts/run-scheduled-reports-cron.sh: line 25: node: command not found
Tue Jun 10 14:35:00 CDT 2025: Running scheduled reports
Tue Jun 10 14:35:00 CDT 2025: Checking if NextJS server is running...
/Users/sim/Project2/scripts/../scripts/run-simple-scheduled-reports.sh: line 16: node: command not found
Tue Jun 10 14:35:00 CDT 2025: NextJS server is running. Running scheduled reports check...
/Users/sim/Project2/scripts/../scripts/run-scheduled-reports-cron.sh: line 25: node: command not found
Tue Jun 10 14:36:01 CDT 2025: Checking if NextJS server is running...
Tue Jun 10 14:36:01 CDT 2025: Running scheduled reports
/Users/sim/Project2/scripts/../scripts/run-simple-scheduled-reports.sh: line 16: node: command not found
Tue Jun 10 14:36:01 CDT 2025: NextJS server is running. Running scheduled reports check...
/Users/sim/Project2/scripts/../scripts/run-scheduled-reports-cron.sh: line 25: node: command not found
Tue Jun 10 14:37:00 CDT 2025: Checking if NextJS server is running...
Tue Jun 10 14:37:00 CDT 2025: Running scheduled reports
/Users/sim/Project2/scripts/../scripts/run-simple-scheduled-reports.sh: line 16: node: command not found
Tue Jun 10 14:37:00 CDT 2025: NextJS server is running. Running scheduled reports check...
/Users/sim/Project2/scripts/../scripts/run-scheduled-reports-cron.sh: line 25: node: command not found
Tue Jun 10 14:38:00 CDT 2025: Running scheduled reports
Tue Jun 10 14:38:00 CDT 2025: Checking if NextJS server is running...
/Users/sim/Project2/scripts/../scripts/run-simple-scheduled-reports.sh: line 16: node: command not found
Tue Jun 10 14:38:00 CDT 2025: NextJS server is running. Running scheduled reports check...
/Users/sim/Project2/scripts/../scripts/run-scheduled-reports-cron.sh: line 25: node: command not found
Tue Jun 10 14:39:00 CDT 2025: Running scheduled reports
Tue Jun 10 14:39:00 CDT 2025: Checking if NextJS server is running...
/Users/sim/Project2/scripts/../scripts/run-simple-scheduled-reports.sh: line 16: node: command not found
Tue Jun 10 14:39:00 CDT 2025: NextJS server is running. Running scheduled reports check...
/Users/sim/Project2/scripts/../scripts/run-scheduled-reports-cron.sh: line 25: node: command not found
Tue Jun 10 14:40:00 CDT 2025: Running scheduled reports
Tue Jun 10 14:40:00 CDT 2025: Checking if NextJS server is running...
/Users/sim/Project2/scripts/../scripts/run-simple-scheduled-reports.sh: line 16: node: command not found
Tue Jun 10 14:40:00 CDT 2025: NextJS server is running. Running scheduled reports check...
/Users/sim/Project2/scripts/../scripts/run-scheduled-reports-cron.sh: line 25: node: command not found
Tue Jun 10 14:41:00 CDT 2025: Running scheduled reports
Tue Jun 10 14:41:00 CDT 2025: Checking if NextJS server is running...
/Users/sim/Project2/scripts/../scripts/run-simple-scheduled-reports.sh: line 16: node: command not found
Tue Jun 10 14:41:00 CDT 2025: NextJS server is running. Running scheduled reports check...
/Users/sim/Project2/scripts/../scripts/run-scheduled-reports-cron.sh: line 25: node: command not found
Tue Jun 10 14:42:01 CDT 2025: Running scheduled reports
Tue Jun 10 14:42:01 CDT 2025: Checking if NextJS server is running...
/Users/sim/Project2/scripts/../scripts/run-simple-scheduled-reports.sh: line 16: node: command not found
Tue Jun 10 14:42:01 CDT 2025: NextJS server is running. Running scheduled reports check...
/Users/sim/Project2/scripts/../scripts/run-scheduled-reports-cron.sh: line 25: node: command not found
Tue Jun 10 14:43:00 CDT 2025: Running scheduled reports
Tue Jun 10 14:43:00 CDT 2025: Checking if NextJS server is running...
/Users/sim/Project2/scripts/../scripts/run-simple-scheduled-reports.sh: line 16: node: command not found
Tue Jun 10 14:43:00 CDT 2025: NextJS server is running. Running scheduled reports check...
/Users/sim/Project2/scripts/../scripts/run-scheduled-reports-cron.sh: line 25: node: command not found
Tue Jun 10 14:44:00 CDT 2025: Running scheduled reports
Tue Jun 10 14:44:00 CDT 2025: Checking if NextJS server is running...
/Users/sim/Project2/scripts/../scripts/run-simple-scheduled-reports.sh: line 16: node: command not found
Tue Jun 10 14:44:00 CDT 2025: NextJS server is running. Running scheduled reports check...
/Users/sim/Project2/scripts/../scripts/run-scheduled-reports-cron.sh: line 25: node: command not found
Tue Jun 10 14:45:00 CDT 2025: Running scheduled reports
Tue Jun 10 14:45:00 CDT 2025: Checking if NextJS server is running...
/Users/sim/Project2/scripts/../scripts/run-simple-scheduled-reports.sh: line 16: node: command not found
Tue Jun 10 14:45:00 CDT 2025: NextJS server is running. Running scheduled reports check...
/Users/sim/Project2/scripts/../scripts/run-scheduled-reports-cron.sh: line 25: node: command not found
Tue Jun 10 14:46:00 CDT 2025: Running scheduled reports
Tue Jun 10 14:46:00 CDT 2025: Checking if NextJS server is running...
/Users/sim/Project2/scripts/../scripts/run-simple-scheduled-reports.sh: line 16: node: command not found
Tue Jun 10 14:46:00 CDT 2025: NextJS server is running. Running scheduled reports check...
/Users/sim/Project2/scripts/../scripts/run-scheduled-reports-cron.sh: line 25: node: command not found
Tue Jun 10 14:47:00 CDT 2025: Running scheduled reports
Tue Jun 10 14:47:00 CDT 2025: Checking if NextJS server is running...
/Users/sim/Project2/scripts/../scripts/run-simple-scheduled-reports.sh: line 16: node: command not found
Tue Jun 10 14:47:01 CDT 2025: NextJS server is running. Running scheduled reports check...
/Users/sim/Project2/scripts/../scripts/run-scheduled-reports-cron.sh: line 25: node: command not found
Tue Jun 10 14:48:00 CDT 2025: Running scheduled reports
Tue Jun 10 14:48:00 CDT 2025: Checking if NextJS server is running...
/Users/sim/Project2/scripts/../scripts/run-simple-scheduled-reports.sh: line 16: node: command not found
Tue Jun 10 14:48:00 CDT 2025: NextJS server is running. Running scheduled reports check...
/Users/sim/Project2/scripts/../scripts/run-scheduled-reports-cron.sh: line 25: node: command not found
Tue Jun 10 14:49:00 CDT 2025: Checking if NextJS server is running...
Tue Jun 10 14:49:00 CDT 2025: Running scheduled reports
/Users/sim/Project2/scripts/../scripts/run-simple-scheduled-reports.sh: line 16: node: command not found
Tue Jun 10 14:49:00 CDT 2025: NextJS server is running. Running scheduled reports check...
/Users/sim/Project2/scripts/../scripts/run-scheduled-reports-cron.sh: line 25: node: command not found
Tue Jun 10 14:50:00 CDT 2025: Checking if NextJS server is running...
Tue Jun 10 14:50:00 CDT 2025: Running scheduled reports
/Users/sim/Project2/scripts/../scripts/run-simple-scheduled-reports.sh: line 16: node: command not found
Tue Jun 10 14:50:00 CDT 2025: NextJS server is running. Running scheduled reports check...
/Users/sim/Project2/scripts/../scripts/run-scheduled-reports-cron.sh: line 25: node: command not found
Tue Jun 10 14:51:00 CDT 2025: Checking if NextJS server is running...
Tue Jun 10 14:51:00 CDT 2025: Running scheduled reports
/Users/sim/Project2/scripts/../scripts/run-simple-scheduled-reports.sh: line 16: node: command not found
Tue Jun 10 14:51:00 CDT 2025: NextJS server is running. Running scheduled reports check...
/Users/sim/Project2/scripts/../scripts/run-scheduled-reports-cron.sh: line 25: node: command not found
Tue Jun 10 14:52:00 CDT 2025: Checking if NextJS server is running...
Tue Jun 10 14:52:00 CDT 2025: Running scheduled reports
/Users/sim/Project2/scripts/../scripts/run-simple-scheduled-reports.sh: line 16: node: command not found
Tue Jun 10 14:52:00 CDT 2025: NextJS server is running. Running scheduled reports check...
/Users/sim/Project2/scripts/../scripts/run-scheduled-reports-cron.sh: line 25: node: command not found
Tue Jun 10 14:53:01 CDT 2025: Running scheduled reports
Tue Jun 10 14:53:01 CDT 2025: Checking if NextJS server is running...
/Users/sim/Project2/scripts/../scripts/run-simple-scheduled-reports.sh: line 16: node: command not found
Tue Jun 10 14:53:01 CDT 2025: NextJS server is running. Running scheduled reports check...
/Users/sim/Project2/scripts/../scripts/run-scheduled-reports-cron.sh: line 25: node: command not found
Tue Jun 10 14:54:00 CDT 2025: Running scheduled reports
Tue Jun 10 14:54:00 CDT 2025: Checking if NextJS server is running...
/Users/sim/Project2/scripts/../scripts/run-simple-scheduled-reports.sh: line 16: node: command not found
Tue Jun 10 14:54:00 CDT 2025: NextJS server is running. Running scheduled reports check...
/Users/sim/Project2/scripts/../scripts/run-scheduled-reports-cron.sh: line 25: node: command not found
Tue Jun 10 14:55:00 CDT 2025: Checking if NextJS server is running...
Tue Jun 10 14:55:00 CDT 2025: Running scheduled reports
/Users/sim/Project2/scripts/../scripts/run-simple-scheduled-reports.sh: line 16: node: command not found
Tue Jun 10 14:55:00 CDT 2025: NextJS server is running. Running scheduled reports check...
/Users/sim/Project2/scripts/../scripts/run-scheduled-reports-cron.sh: line 25: node: command not found
Tue Jun 10 14:56:00 CDT 2025: Checking if NextJS server is running...
Tue Jun 10 14:56:00 CDT 2025: Running scheduled reports
/Users/sim/Project2/scripts/../scripts/run-simple-scheduled-reports.sh: line 16: node: command not found
Tue Jun 10 14:56:00 CDT 2025: NextJS server is running. Running scheduled reports check...
/Users/sim/Project2/scripts/../scripts/run-scheduled-reports-cron.sh: line 25: node: command not found
Tue Jun 10 14:57:00 CDT 2025: Checking if NextJS server is running...
Tue Jun 10 14:57:00 CDT 2025: Running scheduled reports
/Users/sim/Project2/scripts/../scripts/run-simple-scheduled-reports.sh: line 16: node: command not found
Tue Jun 10 14:57:00 CDT 2025: NextJS server is running. Running scheduled reports check...
/Users/sim/Project2/scripts/../scripts/run-scheduled-reports-cron.sh: line 25: node: command not found
Tue Jun 10 14:58:00 CDT 2025: Running scheduled reports
Tue Jun 10 14:58:00 CDT 2025: Checking if NextJS server is running...
/Users/sim/Project2/scripts/../scripts/run-simple-scheduled-reports.sh: line 16: node: command not found
Tue Jun 10 14:58:00 CDT 2025: NextJS server is running. Running scheduled reports check...
/Users/sim/Project2/scripts/../scripts/run-scheduled-reports-cron.sh: line 25: node: command not found
Tue Jun 10 14:59:01 CDT 2025: Running scheduled reports
Tue Jun 10 14:59:01 CDT 2025: Checking if NextJS server is running...
/Users/sim/Project2/scripts/../scripts/run-simple-scheduled-reports.sh: line 16: node: command not found
Tue Jun 10 14:59:01 CDT 2025: NextJS server is running. Running scheduled reports check...
/Users/sim/Project2/scripts/../scripts/run-scheduled-reports-cron.sh: line 25: node: command not found
Tue Jun 10 15:00:00 CDT 2025: Running scheduled reports
Tue Jun 10 15:00:00 CDT 2025: Checking if NextJS server is running...
/Users/sim/Project2/scripts/../scripts/run-simple-scheduled-reports.sh: line 16: node: command not found
Tue Jun 10 15:00:00 CDT 2025: NextJS server is running. Running scheduled reports check...
/Users/sim/Project2/scripts/../scripts/run-scheduled-reports-cron.sh: line 25: node: command not found
Tue Jun 10 15:01:00 CDT 2025: Running scheduled reports
Tue Jun 10 15:01:00 CDT 2025: Checking if NextJS server is running...
/Users/sim/Project2/scripts/../scripts/run-simple-scheduled-reports.sh: line 16: node: command not found
Tue Jun 10 15:01:00 CDT 2025: NextJS server is running. Running scheduled reports check...
/Users/sim/Project2/scripts/../scripts/run-scheduled-reports-cron.sh: line 25: node: command not found
Tue Jun 10 15:02:00 CDT 2025: Checking if NextJS server is running...
Tue Jun 10 15:02:00 CDT 2025: Running scheduled reports
/Users/sim/Project2/scripts/../scripts/run-simple-scheduled-reports.sh: line 16: node: command not found
Tue Jun 10 15:02:00 CDT 2025: NextJS server is running. Running scheduled reports check...
/Users/sim/Project2/scripts/../scripts/run-scheduled-reports-cron.sh: line 25: node: command not found
Tue Jun 10 15:03:00 CDT 2025: Checking if NextJS server is running...
Tue Jun 10 15:03:00 CDT 2025: Running scheduled reports
/Users/sim/Project2/scripts/../scripts/run-simple-scheduled-reports.sh: line 16: node: command not found
Tue Jun 10 15:03:00 CDT 2025: NextJS server is running. Running scheduled reports check...
/Users/sim/Project2/scripts/../scripts/run-scheduled-reports-cron.sh: line 25: node: command not found
Tue Jun 10 15:04:00 CDT 2025: Running scheduled reports
Tue Jun 10 15:04:00 CDT 2025: Checking if NextJS server is running...
/Users/sim/Project2/scripts/../scripts/run-simple-scheduled-reports.sh: line 16: node: command not found
Tue Jun 10 15:04:00 CDT 2025: NextJS server is running. Running scheduled reports check...
/Users/sim/Project2/scripts/../scripts/run-scheduled-reports-cron.sh: line 25: node: command not found
Tue Jun 10 15:05:01 CDT 2025: Checking if NextJS server is running...
Tue Jun 10 15:05:01 CDT 2025: Running scheduled reports
/Users/sim/Project2/scripts/../scripts/run-simple-scheduled-reports.sh: line 16: node: command not found
Tue Jun 10 15:05:01 CDT 2025: NextJS server is running. Running scheduled reports check...
/Users/sim/Project2/scripts/../scripts/run-scheduled-reports-cron.sh: line 25: node: command not found
Tue Jun 10 15:06:00 CDT 2025: Checking if NextJS server is running...
Tue Jun 10 15:06:00 CDT 2025: Running scheduled reports
/Users/sim/Project2/scripts/../scripts/run-simple-scheduled-reports.sh: line 16: node: command not found
Tue Jun 10 15:06:00 CDT 2025: NextJS server is running. Running scheduled reports check...
/Users/sim/Project2/scripts/../scripts/run-scheduled-reports-cron.sh: line 25: node: command not found
Tue Jun 10 15:07:00 CDT 2025: Running scheduled reports
Tue Jun 10 15:07:00 CDT 2025: Checking if NextJS server is running...
/Users/sim/Project2/scripts/../scripts/run-simple-scheduled-reports.sh: line 16: node: command not found
Tue Jun 10 15:07:00 CDT 2025: NextJS server is running. Running scheduled reports check...
/Users/sim/Project2/scripts/../scripts/run-scheduled-reports-cron.sh: line 25: node: command not found
Tue Jun 10 15:08:00 CDT 2025: Checking if NextJS server is running...
Tue Jun 10 15:08:00 CDT 2025: Running scheduled reports
/Users/sim/Project2/scripts/../scripts/run-simple-scheduled-reports.sh: line 16: node: command not found
Tue Jun 10 15:08:00 CDT 2025: NextJS server is running. Running scheduled reports check...
/Users/sim/Project2/scripts/../scripts/run-scheduled-reports-cron.sh: line 25: node: command not found
Tue Jun 10 15:09:00 CDT 2025: Checking if NextJS server is running...
Tue Jun 10 15:09:00 CDT 2025: Running scheduled reports
/Users/sim/Project2/scripts/../scripts/run-simple-scheduled-reports.sh: line 16: node: command not found
Tue Jun 10 15:09:00 CDT 2025: NextJS server is running. Running scheduled reports check...
/Users/sim/Project2/scripts/../scripts/run-scheduled-reports-cron.sh: line 25: node: command not found
Tue Jun 10 15:10:00 CDT 2025: Running scheduled reports
Tue Jun 10 15:10:00 CDT 2025: Checking if NextJS server is running...
/Users/sim/Project2/scripts/../scripts/run-simple-scheduled-reports.sh: line 16: node: command not found
Tue Jun 10 15:10:01 CDT 2025: NextJS server is running. Running scheduled reports check...
/Users/sim/Project2/scripts/../scripts/run-scheduled-reports-cron.sh: line 25: node: command not found
Tue Jun 10 15:11:00 CDT 2025: Running scheduled reports
Tue Jun 10 15:11:00 CDT 2025: Checking if NextJS server is running...
/Users/sim/Project2/scripts/../scripts/run-simple-scheduled-reports.sh: line 16: node: command not found
Tue Jun 10 15:11:00 CDT 2025: NextJS server is running. Running scheduled reports check...
/Users/sim/Project2/scripts/../scripts/run-scheduled-reports-cron.sh: line 25: node: command not found
Tue Jun 10 15:12:00 CDT 2025: Running scheduled reports
Tue Jun 10 15:12:00 CDT 2025: Checking if NextJS server is running...
/Users/sim/Project2/scripts/../scripts/run-simple-scheduled-reports.sh: line 16: node: command not found
Tue Jun 10 15:12:00 CDT 2025: NextJS server is running. Running scheduled reports check...
/Users/sim/Project2/scripts/../scripts/run-scheduled-reports-cron.sh: line 25: node: command not found
Tue Jun 10 15:13:00 CDT 2025: Checking if NextJS server is running...
Tue Jun 10 15:13:00 CDT 2025: Running scheduled reports
/Users/sim/Project2/scripts/../scripts/run-simple-scheduled-reports.sh: line 16: node: command not found
Tue Jun 10 15:13:00 CDT 2025: NextJS server is running. Running scheduled reports check...
/Users/sim/Project2/scripts/../scripts/run-scheduled-reports-cron.sh: line 25: node: command not found
Tue Jun 10 15:14:01 CDT 2025: Checking if NextJS server is running...
Tue Jun 10 15:14:01 CDT 2025: Running scheduled reports
/Users/sim/Project2/scripts/../scripts/run-simple-scheduled-reports.sh: line 16: node: command not found
Tue Jun 10 15:14:01 CDT 2025: NextJS server is running. Running scheduled reports check...
/Users/sim/Project2/scripts/../scripts/run-scheduled-reports-cron.sh: line 25: node: command not found
Tue Jun 10 15:15:00 CDT 2025: Checking if NextJS server is running...
Tue Jun 10 15:15:00 CDT 2025: Running scheduled reports
/Users/sim/Project2/scripts/../scripts/run-simple-scheduled-reports.sh: line 16: node: command not found
Tue Jun 10 15:15:00 CDT 2025: NextJS server is running. Running scheduled reports check...
/Users/sim/Project2/scripts/../scripts/run-scheduled-reports-cron.sh: line 25: node: command not found
Tue Jun 10 15:16:00 CDT 2025: Checking if NextJS server is running...
Tue Jun 10 15:16:00 CDT 2025: Running scheduled reports
/Users/sim/Project2/scripts/../scripts/run-simple-scheduled-reports.sh: line 16: node: command not found
Tue Jun 10 15:16:00 CDT 2025: NextJS server is running. Running scheduled reports check...
/Users/sim/Project2/scripts/../scripts/run-scheduled-reports-cron.sh: line 25: node: command not found
Tue Jun 10 15:17:00 CDT 2025: Checking if NextJS server is running...
Tue Jun 10 15:17:00 CDT 2025: Running scheduled reports
/Users/sim/Project2/scripts/../scripts/run-simple-scheduled-reports.sh: line 16: node: command not found
Tue Jun 10 15:17:00 CDT 2025: NextJS server is running. Running scheduled reports check...
/Users/sim/Project2/scripts/../scripts/run-scheduled-reports-cron.sh: line 25: node: command not found
Tue Jun 10 15:18:00 CDT 2025: Running scheduled reports
Tue Jun 10 15:18:00 CDT 2025: Checking if NextJS server is running...
/Users/sim/Project2/scripts/../scripts/run-simple-scheduled-reports.sh: line 16: node: command not found
Tue Jun 10 15:18:00 CDT 2025: NextJS server is running. Running scheduled reports check...
/Users/sim/Project2/scripts/../scripts/run-scheduled-reports-cron.sh: line 25: node: command not found
Tue Jun 10 15:19:00 CDT 2025: Checking if NextJS server is running...
Tue Jun 10 15:19:00 CDT 2025: Running scheduled reports
/Users/sim/Project2/scripts/../scripts/run-simple-scheduled-reports.sh: line 16: node: command not found
Tue Jun 10 15:19:00 CDT 2025: NextJS server is running. Running scheduled reports check...
/Users/sim/Project2/scripts/../scripts/run-scheduled-reports-cron.sh: line 25: node: command not found
Tue Jun 10 15:20:01 CDT 2025: Checking if NextJS server is running...
Tue Jun 10 15:20:01 CDT 2025: Running scheduled reports
/Users/sim/Project2/scripts/../scripts/run-simple-scheduled-reports.sh: line 16: node: command not found
Tue Jun 10 15:20:01 CDT 2025: NextJS server is running. Running scheduled reports check...
/Users/sim/Project2/scripts/../scripts/run-scheduled-reports-cron.sh: line 25: node: command not found
Tue Jun 10 15:21:00 CDT 2025: Checking if NextJS server is running...
Tue Jun 10 15:21:00 CDT 2025: Running scheduled reports
/Users/sim/Project2/scripts/../scripts/run-simple-scheduled-reports.sh: line 16: node: command not found
Tue Jun 10 15:21:00 CDT 2025: NextJS server is running. Running scheduled reports check...
/Users/sim/Project2/scripts/../scripts/run-scheduled-reports-cron.sh: line 25: node: command not found
Tue Jun 10 15:22:00 CDT 2025: Running scheduled reports
Tue Jun 10 15:22:00 CDT 2025: Checking if NextJS server is running...
/Users/sim/Project2/scripts/../scripts/run-simple-scheduled-reports.sh: line 16: node: command not found
Tue Jun 10 15:22:00 CDT 2025: NextJS server is running. Running scheduled reports check...
/Users/sim/Project2/scripts/../scripts/run-scheduled-reports-cron.sh: line 25: node: command not found
Tue Jun 10 15:23:00 CDT 2025: Checking if NextJS server is running...
Tue Jun 10 15:23:00 CDT 2025: Running scheduled reports
/Users/sim/Project2/scripts/../scripts/run-simple-scheduled-reports.sh: line 16: node: command not found
Tue Jun 10 15:23:00 CDT 2025: NextJS server is running. Running scheduled reports check...
/Users/sim/Project2/scripts/../scripts/run-scheduled-reports-cron.sh: line 25: node: command not found
Tue Jun 10 15:24:00 CDT 2025: Checking if NextJS server is running...
Tue Jun 10 15:24:00 CDT 2025: Running scheduled reports
/Users/sim/Project2/scripts/../scripts/run-simple-scheduled-reports.sh: line 16: node: command not found
Tue Jun 10 15:24:00 CDT 2025: NextJS server is running. Running scheduled reports check...
/Users/sim/Project2/scripts/../scripts/run-scheduled-reports-cron.sh: line 25: node: command not found
Tue Jun 10 15:25:00 CDT 2025: Running scheduled reports
Tue Jun 10 15:25:00 CDT 2025: Checking if NextJS server is running...
/Users/sim/Project2/scripts/../scripts/run-simple-scheduled-reports.sh: line 16: node: command not found
Tue Jun 10 15:25:01 CDT 2025: NextJS server is running. Running scheduled reports check...
/Users/sim/Project2/scripts/../scripts/run-scheduled-reports-cron.sh: line 25: node: command not found
Tue Jun 10 15:26:00 CDT 2025: Checking if NextJS server is running...
Tue Jun 10 15:26:00 CDT 2025: Running scheduled reports
/Users/sim/Project2/scripts/../scripts/run-simple-scheduled-reports.sh: line 16: node: command not found
Tue Jun 10 15:26:00 CDT 2025: NextJS server is running. Running scheduled reports check...
/Users/sim/Project2/scripts/../scripts/run-scheduled-reports-cron.sh: line 25: node: command not found
Tue Jun 10 15:27:00 CDT 2025: Running scheduled reports
Tue Jun 10 15:27:00 CDT 2025: Checking if NextJS server is running...
/Users/sim/Project2/scripts/../scripts/run-simple-scheduled-reports.sh: line 16: node: command not found
Tue Jun 10 15:27:00 CDT 2025: NextJS server is running. Running scheduled reports check...
/Users/sim/Project2/scripts/../scripts/run-scheduled-reports-cron.sh: line 25: node: command not found
Tue Jun 10 15:28:00 CDT 2025: Running scheduled reports
Tue Jun 10 15:28:00 CDT 2025: Checking if NextJS server is running...
/Users/sim/Project2/scripts/../scripts/run-simple-scheduled-reports.sh: line 16: node: command not found
Tue Jun 10 15:28:00 CDT 2025: NextJS server is running. Running scheduled reports check...
/Users/sim/Project2/scripts/../scripts/run-scheduled-reports-cron.sh: line 25: node: command not found
Tue Jun 10 15:29:00 CDT 2025: Checking if NextJS server is running...
Tue Jun 10 15:29:00 CDT 2025: Running scheduled reports
/Users/sim/Project2/scripts/../scripts/run-simple-scheduled-reports.sh: line 16: node: command not found
Tue Jun 10 15:29:00 CDT 2025: NextJS server is running. Running scheduled reports check...
/Users/sim/Project2/scripts/../scripts/run-scheduled-reports-cron.sh: line 25: node: command not found
Tue Jun 10 15:30:00 CDT 2025: Running scheduled reports
Tue Jun 10 15:30:00 CDT 2025: Checking if NextJS server is running...
/Users/sim/Project2/scripts/../scripts/run-simple-scheduled-reports.sh: line 16: node: command not found
Tue Jun 10 15:30:00 CDT 2025: NextJS server is running. Running scheduled reports check...
/Users/sim/Project2/scripts/../scripts/run-scheduled-reports-cron.sh: line 25: node: command not found
Tue Jun 10 15:31:01 CDT 2025: Checking if NextJS server is running...
Tue Jun 10 15:31:01 CDT 2025: Running scheduled reports
/Users/sim/Project2/scripts/../scripts/run-simple-scheduled-reports.sh: line 16: node: command not found
Tue Jun 10 15:31:01 CDT 2025: NextJS server is running. Running scheduled reports check...
/Users/sim/Project2/scripts/../scripts/run-scheduled-reports-cron.sh: line 25: node: command not found
Tue Jun 10 15:32:00 CDT 2025: Checking if NextJS server is running...
Tue Jun 10 15:32:00 CDT 2025: Running scheduled reports
/Users/sim/Project2/scripts/../scripts/run-simple-scheduled-reports.sh: line 16: node: command not found
Tue Jun 10 15:32:00 CDT 2025: NextJS server is running. Running scheduled reports check...
/Users/sim/Project2/scripts/../scripts/run-scheduled-reports-cron.sh: line 25: node: command not found
Tue Jun 10 15:33:00 CDT 2025: Checking if NextJS server is running...
Tue Jun 10 15:33:00 CDT 2025: Running scheduled reports
/Users/sim/Project2/scripts/../scripts/run-simple-scheduled-reports.sh: line 16: node: command not found
Tue Jun 10 15:33:00 CDT 2025: NextJS server is running. Running scheduled reports check...
/Users/sim/Project2/scripts/../scripts/run-scheduled-reports-cron.sh: line 25: node: command not found
Tue Jun 10 15:34:00 CDT 2025: Checking if NextJS server is running...
Tue Jun 10 15:34:00 CDT 2025: Running scheduled reports
/Users/sim/Project2/scripts/../scripts/run-simple-scheduled-reports.sh: line 16: node: command not found
Tue Jun 10 15:34:00 CDT 2025: NextJS server is running. Running scheduled reports check...
/Users/sim/Project2/scripts/../scripts/run-scheduled-reports-cron.sh: line 25: node: command not found
Tue Jun 10 15:35:00 CDT 2025: Checking if NextJS server is running...
Tue Jun 10 15:35:00 CDT 2025: Running scheduled reports
/Users/sim/Project2/scripts/../scripts/run-simple-scheduled-reports.sh: line 16: node: command not found
Tue Jun 10 15:35:01 CDT 2025: NextJS server is running. Running scheduled reports check...
/Users/sim/Project2/scripts/../scripts/run-scheduled-reports-cron.sh: line 25: node: command not found
Tue Jun 10 15:36:00 CDT 2025: Checking if NextJS server is running...
Tue Jun 10 15:36:00 CDT 2025: Running scheduled reports
/Users/sim/Project2/scripts/../scripts/run-simple-scheduled-reports.sh: line 16: node: command not found
Tue Jun 10 15:36:00 CDT 2025: NextJS server is running. Running scheduled reports check...
/Users/sim/Project2/scripts/../scripts/run-scheduled-reports-cron.sh: line 25: node: command not found
Tue Jun 10 15:37:00 CDT 2025: Running scheduled reports
Tue Jun 10 15:37:00 CDT 2025: Checking if NextJS server is running...
/Users/sim/Project2/scripts/../scripts/run-simple-scheduled-reports.sh: line 16: node: command not found
Tue Jun 10 15:37:00 CDT 2025: NextJS server is running. Running scheduled reports check...
/Users/sim/Project2/scripts/../scripts/run-scheduled-reports-cron.sh: line 25: node: command not found
Tue Jun 10 15:38:00 CDT 2025: Checking if NextJS server is running...
Tue Jun 10 15:38:00 CDT 2025: Running scheduled reports
/Users/sim/Project2/scripts/../scripts/run-simple-scheduled-reports.sh: line 16: node: command not found
Tue Jun 10 15:38:00 CDT 2025: NextJS server is running. Running scheduled reports check...
/Users/sim/Project2/scripts/../scripts/run-scheduled-reports-cron.sh: line 25: node: command not found
Tue Jun 10 15:39:00 CDT 2025: Checking if NextJS server is running...
Tue Jun 10 15:39:00 CDT 2025: Running scheduled reports
/Users/sim/Project2/scripts/../scripts/run-simple-scheduled-reports.sh: line 16: node: command not found
Tue Jun 10 15:39:00 CDT 2025: NextJS server is running. Running scheduled reports check...
/Users/sim/Project2/scripts/../scripts/run-scheduled-reports-cron.sh: line 25: node: command not found
Tue Jun 10 15:40:01 CDT 2025: Checking if NextJS server is running...
Tue Jun 10 15:40:01 CDT 2025: Running scheduled reports
/Users/sim/Project2/scripts/../scripts/run-simple-scheduled-reports.sh: line 16: node: command not found
Tue Jun 10 15:40:01 CDT 2025: NextJS server is running. Running scheduled reports check...
/Users/sim/Project2/scripts/../scripts/run-scheduled-reports-cron.sh: line 25: node: command not found
Tue Jun 10 15:41:00 CDT 2025: Checking if NextJS server is running...
Tue Jun 10 15:41:00 CDT 2025: Running scheduled reports
/Users/sim/Project2/scripts/../scripts/run-simple-scheduled-reports.sh: line 16: node: command not found
Tue Jun 10 15:41:00 CDT 2025: NextJS server is running. Running scheduled reports check...
/Users/sim/Project2/scripts/../scripts/run-scheduled-reports-cron.sh: line 25: node: command not found
Tue Jun 10 15:42:00 CDT 2025: Checking if NextJS server is running...
Tue Jun 10 15:42:00 CDT 2025: Running scheduled reports
/Users/sim/Project2/scripts/../scripts/run-simple-scheduled-reports.sh: line 16: node: command not found
Tue Jun 10 15:42:00 CDT 2025: NextJS server is not running. Skipping scheduled reports check.
