Wed Jun  4 01:15:00 CDT 2025: Running scheduled reports
Wed Jun  4 01:15:00 CDT 2025: Checking if NextJS server is running...
/Users/sim/Project2/scripts/../scripts/run-simple-scheduled-reports.sh: line 16: node: command not found
Wed Jun  4 01:15:00 CDT 2025: NextJS server is not running. Skipping scheduled reports check.
Wed Jun  4 02:54:00 CDT 2025: Checking if NextJS server is running...
Wed Jun  4 02:54:00 CDT 2025: Running scheduled reports
/Users/sim/Project2/scripts/../scripts/run-simple-scheduled-reports.sh: line 16: node: command not found
Wed Jun  4 02:54:00 CDT 2025: NextJS server is not running. Skipping scheduled reports check.
Wed Jun  4 02:55:01 CDT 2025: Checking if NextJS server is running...
Wed Jun  4 02:55:01 CDT 2025: Running scheduled reports
/Users/sim/Project2/scripts/../scripts/run-simple-scheduled-reports.sh: line 16: node: command not found
Wed Jun  4 02:55:01 CDT 2025: NextJS server is not running. Skipping scheduled reports check.
Wed Jun  4 02:56:00 CDT 2025: Checking if NextJS server is running...
Wed Jun  4 02:56:00 CDT 2025: Running scheduled reports
/Users/sim/Project2/scripts/../scripts/run-simple-scheduled-reports.sh: line 16: node: command not found
Wed Jun  4 02:56:00 CDT 2025: NextJS server is not running. Skipping scheduled reports check.
Wed Jun  4 02:57:00 CDT 2025: Running scheduled reports
Wed Jun  4 02:57:00 CDT 2025: Checking if NextJS server is running...
/Users/sim/Project2/scripts/../scripts/run-simple-scheduled-reports.sh: line 16: node: command not found
Wed Jun  4 02:57:00 CDT 2025: NextJS server is not running. Skipping scheduled reports check.
Wed Jun  4 02:58:00 CDT 2025: Running scheduled reports
Wed Jun  4 02:58:00 CDT 2025: Checking if NextJS server is running...
/Users/sim/Project2/scripts/../scripts/run-simple-scheduled-reports.sh: line 16: node: command not found
Wed Jun  4 02:58:00 CDT 2025: NextJS server is not running. Skipping scheduled reports check.
Wed Jun  4 02:59:00 CDT 2025: Running scheduled reports
Wed Jun  4 02:59:00 CDT 2025: Checking if NextJS server is running...
/Users/sim/Project2/scripts/../scripts/run-simple-scheduled-reports.sh: line 16: node: command not found
Wed Jun  4 02:59:00 CDT 2025: NextJS server is not running. Skipping scheduled reports check.
Wed Jun  4 03:00:00 CDT 2025: Checking if NextJS server is running...
Wed Jun  4 03:00:00 CDT 2025: Running scheduled reports
/Users/sim/Project2/scripts/../scripts/run-simple-scheduled-reports.sh: line 16: node: command not found
Wed Jun  4 03:00:00 CDT 2025: NextJS server is not running. Skipping scheduled reports check.
Wed Jun  4 03:09:02 CDT 2025: Checking if NextJS server is running...
Wed Jun  4 03:09:02 CDT 2025: Running scheduled reports
/Users/sim/Project2/scripts/../scripts/run-simple-scheduled-reports.sh: line 16: node: command not found
Wed Jun  4 03:09:03 CDT 2025: NextJS server is not running. Skipping scheduled reports check.
Wed Jun  4 03:10:00 CDT 2025: Checking if NextJS server is running...
Wed Jun  4 03:10:00 CDT 2025: Running scheduled reports
/Users/sim/Project2/scripts/../scripts/run-simple-scheduled-reports.sh: line 16: node: command not found
Wed Jun  4 03:10:00 CDT 2025: NextJS server is not running. Skipping scheduled reports check.
Wed Jun  4 03:11:00 CDT 2025: Running scheduled reports
/Users/sim/Project2/scripts/../scripts/run-simple-scheduled-reports.sh: line 16: node: command not found
Wed Jun  4 03:11:00 CDT 2025: Checking if NextJS server is running...
Wed Jun  4 03:11:00 CDT 2025: NextJS server is not running. Skipping scheduled reports check.
Wed Jun  4 03:12:00 CDT 2025: Running scheduled reports
Wed Jun  4 03:12:00 CDT 2025: Checking if NextJS server is running...
/Users/sim/Project2/scripts/../scripts/run-simple-scheduled-reports.sh: line 16: node: command not found
Wed Jun  4 03:12:00 CDT 2025: NextJS server is not running. Skipping scheduled reports check.
Wed Jun  4 03:13:00 CDT 2025: Running scheduled reports
Wed Jun  4 03:13:00 CDT 2025: Checking if NextJS server is running...
/Users/sim/Project2/scripts/../scripts/run-simple-scheduled-reports.sh: line 16: node: command not found
Wed Jun  4 03:13:00 CDT 2025: NextJS server is not running. Skipping scheduled reports check.
Wed Jun  4 03:14:00 CDT 2025: Running scheduled reports
Wed Jun  4 03:14:00 CDT 2025: Checking if NextJS server is running...
/Users/sim/Project2/scripts/../scripts/run-simple-scheduled-reports.sh: line 16: node: command not found
Wed Jun  4 03:14:01 CDT 2025: NextJS server is not running. Skipping scheduled reports check.
Wed Jun  4 03:15:00 CDT 2025: Running scheduled reports
Wed Jun  4 03:15:00 CDT 2025: Checking if NextJS server is running...
/Users/sim/Project2/scripts/../scripts/run-simple-scheduled-reports.sh: line 16: node: command not found
Wed Jun  4 03:15:00 CDT 2025: NextJS server is not running. Skipping scheduled reports check.
Wed Jun  4 03:16:00 CDT 2025: Checking if NextJS server is running...
Wed Jun  4 03:16:00 CDT 2025: Running scheduled reports
/Users/sim/Project2/scripts/../scripts/run-simple-scheduled-reports.sh: line 16: node: command not found
Wed Jun  4 03:16:00 CDT 2025: NextJS server is not running. Skipping scheduled reports check.
Wed Jun  4 03:17:00 CDT 2025: Checking if NextJS server is running...
Wed Jun  4 03:17:00 CDT 2025: Running scheduled reports
/Users/sim/Project2/scripts/../scripts/run-simple-scheduled-reports.sh: line 16: node: command not found
Wed Jun  4 03:17:00 CDT 2025: NextJS server is not running. Skipping scheduled reports check.
Wed Jun  4 03:18:00 CDT 2025: Running scheduled reports
Wed Jun  4 03:18:00 CDT 2025: Checking if NextJS server is running...
/Users/sim/Project2/scripts/../scripts/run-simple-scheduled-reports.sh: line 16: node: command not found
Wed Jun  4 03:18:00 CDT 2025: NextJS server is not running. Skipping scheduled reports check.
Wed Jun  4 03:19:00 CDT 2025: Checking if NextJS server is running...
Wed Jun  4 03:19:00 CDT 2025: Running scheduled reports
/Users/sim/Project2/scripts/../scripts/run-simple-scheduled-reports.sh: line 16: node: command not found
Wed Jun  4 03:19:00 CDT 2025: NextJS server is not running. Skipping scheduled reports check.
Wed Jun  4 03:20:01 CDT 2025: Checking if NextJS server is running...
Wed Jun  4 03:20:01 CDT 2025: Running scheduled reports
/Users/sim/Project2/scripts/../scripts/run-simple-scheduled-reports.sh: line 16: node: command not found
Wed Jun  4 03:20:01 CDT 2025: NextJS server is not running. Skipping scheduled reports check.
Wed Jun  4 03:21:00 CDT 2025: Running scheduled reports
Wed Jun  4 03:21:00 CDT 2025: Checking if NextJS server is running...
/Users/sim/Project2/scripts/../scripts/run-simple-scheduled-reports.sh: line 16: node: command not found
Wed Jun  4 03:21:00 CDT 2025: NextJS server is not running. Skipping scheduled reports check.
Wed Jun  4 03:22:00 CDT 2025: Running scheduled reports
Wed Jun  4 03:22:00 CDT 2025: Checking if NextJS server is running...
/Users/sim/Project2/scripts/../scripts/run-simple-scheduled-reports.sh: line 16: node: command not found
Wed Jun  4 03:22:00 CDT 2025: NextJS server is not running. Skipping scheduled reports check.
Wed Jun  4 03:23:00 CDT 2025: Running scheduled reports
Wed Jun  4 03:23:00 CDT 2025: Checking if NextJS server is running...
/Users/sim/Project2/scripts/../scripts/run-simple-scheduled-reports.sh: line 16: node: command not found
Wed Jun  4 03:23:00 CDT 2025: NextJS server is not running. Skipping scheduled reports check.
Wed Jun  4 03:24:01 CDT 2025: Running scheduled reports
Wed Jun  4 03:24:01 CDT 2025: Checking if NextJS server is running...
/Users/sim/Project2/scripts/../scripts/run-simple-scheduled-reports.sh: line 16: node: command not found
Wed Jun  4 03:24:01 CDT 2025: NextJS server is not running. Skipping scheduled reports check.
Wed Jun  4 03:25:00 CDT 2025: Running scheduled reports
Wed Jun  4 03:25:00 CDT 2025: Checking if NextJS server is running...
/Users/sim/Project2/scripts/../scripts/run-simple-scheduled-reports.sh: line 16: node: command not found
Wed Jun  4 03:25:00 CDT 2025: NextJS server is not running. Skipping scheduled reports check.
Wed Jun  4 03:26:00 CDT 2025: Running scheduled reports
Wed Jun  4 03:26:00 CDT 2025: Checking if NextJS server is running...
/Users/sim/Project2/scripts/../scripts/run-simple-scheduled-reports.sh: line 16: node: command not found
Wed Jun  4 03:26:00 CDT 2025: NextJS server is not running. Skipping scheduled reports check.
Wed Jun  4 03:27:00 CDT 2025: Running scheduled reports
Wed Jun  4 03:27:00 CDT 2025: Checking if NextJS server is running...
/Users/sim/Project2/scripts/../scripts/run-simple-scheduled-reports.sh: line 16: node: command not found
Wed Jun  4 03:27:00 CDT 2025: NextJS server is not running. Skipping scheduled reports check.
Wed Jun  4 03:28:00 CDT 2025: Checking if NextJS server is running...
Wed Jun  4 03:28:00 CDT 2025: Running scheduled reports
/Users/sim/Project2/scripts/../scripts/run-simple-scheduled-reports.sh: line 16: node: command not found
Wed Jun  4 03:28:00 CDT 2025: NextJS server is not running. Skipping scheduled reports check.
Wed Jun  4 03:29:00 CDT 2025: Checking if NextJS server is running...
Wed Jun  4 03:29:00 CDT 2025: Running scheduled reports
/Users/sim/Project2/scripts/../scripts/run-simple-scheduled-reports.sh: line 16: node: command not found
Wed Jun  4 03:29:00 CDT 2025: NextJS server is not running. Skipping scheduled reports check.
Wed Jun  4 03:30:00 CDT 2025: Checking if NextJS server is running...
Wed Jun  4 03:30:00 CDT 2025: Running scheduled reports
/Users/sim/Project2/scripts/../scripts/run-simple-scheduled-reports.sh: line 16: node: command not found
Wed Jun  4 03:30:00 CDT 2025: NextJS server is not running. Skipping scheduled reports check.
Wed Jun  4 03:31:00 CDT 2025: Running scheduled reports
Wed Jun  4 03:31:00 CDT 2025: Checking if NextJS server is running...
/Users/sim/Project2/scripts/../scripts/run-simple-scheduled-reports.sh: line 16: node: command not found
Wed Jun  4 03:31:00 CDT 2025: NextJS server is not running. Skipping scheduled reports check.
Wed Jun  4 03:32:00 CDT 2025: Checking if NextJS server is running...
Wed Jun  4 03:32:00 CDT 2025: Running scheduled reports
/Users/sim/Project2/scripts/../scripts/run-simple-scheduled-reports.sh: line 16: node: command not found
Wed Jun  4 03:32:00 CDT 2025: NextJS server is not running. Skipping scheduled reports check.
Wed Jun  4 03:33:00 CDT 2025: Running scheduled reports
Wed Jun  4 03:33:00 CDT 2025: Checking if NextJS server is running...
/Users/sim/Project2/scripts/../scripts/run-simple-scheduled-reports.sh: line 16: node: command not found
Wed Jun  4 03:33:00 CDT 2025: NextJS server is not running. Skipping scheduled reports check.
Wed Jun  4 03:34:01 CDT 2025: Running scheduled reports
Wed Jun  4 03:34:01 CDT 2025: Checking if NextJS server is running...
/Users/sim/Project2/scripts/../scripts/run-simple-scheduled-reports.sh: line 16: node: command not found
Wed Jun  4 03:34:01 CDT 2025: NextJS server is not running. Skipping scheduled reports check.
Wed Jun  4 03:35:00 CDT 2025: Checking if NextJS server is running...
Wed Jun  4 03:35:00 CDT 2025: Running scheduled reports
/Users/sim/Project2/scripts/../scripts/run-simple-scheduled-reports.sh: line 16: node: command not found
Wed Jun  4 03:35:00 CDT 2025: NextJS server is not running. Skipping scheduled reports check.
Wed Jun  4 03:36:00 CDT 2025: Checking if NextJS server is running...
Wed Jun  4 03:36:00 CDT 2025: Running scheduled reports
/Users/sim/Project2/scripts/../scripts/run-simple-scheduled-reports.sh: line 16: node: command not found
Wed Jun  4 03:36:00 CDT 2025: NextJS server is not running. Skipping scheduled reports check.
Wed Jun  4 03:37:00 CDT 2025: Checking if NextJS server is running...
Wed Jun  4 03:37:00 CDT 2025: Running scheduled reports
/Users/sim/Project2/scripts/../scripts/run-simple-scheduled-reports.sh: line 16: node: command not found
Wed Jun  4 03:37:00 CDT 2025: NextJS server is not running. Skipping scheduled reports check.
Wed Jun  4 03:38:00 CDT 2025: Running scheduled reports
Wed Jun  4 03:38:00 CDT 2025: Checking if NextJS server is running...
/Users/sim/Project2/scripts/../scripts/run-simple-scheduled-reports.sh: line 16: node: command not found
Wed Jun  4 03:38:00 CDT 2025: NextJS server is not running. Skipping scheduled reports check.
Wed Jun  4 03:39:00 CDT 2025: Checking if NextJS server is running...
Wed Jun  4 03:39:00 CDT 2025: Running scheduled reports
/Users/sim/Project2/scripts/../scripts/run-simple-scheduled-reports.sh: line 16: node: command not found
Wed Jun  4 03:39:00 CDT 2025: NextJS server is not running. Skipping scheduled reports check.
Wed Jun  4 03:40:01 CDT 2025: Checking if NextJS server is running...
Wed Jun  4 03:40:01 CDT 2025: Running scheduled reports
/Users/sim/Project2/scripts/../scripts/run-simple-scheduled-reports.sh: line 16: node: command not found
Wed Jun  4 03:40:01 CDT 2025: NextJS server is not running. Skipping scheduled reports check.
Wed Jun  4 03:41:00 CDT 2025: Running scheduled reports
Wed Jun  4 03:41:00 CDT 2025: Checking if NextJS server is running...
/Users/sim/Project2/scripts/../scripts/run-simple-scheduled-reports.sh: line 16: node: command not found
Wed Jun  4 03:41:00 CDT 2025: NextJS server is not running. Skipping scheduled reports check.
Wed Jun  4 03:42:00 CDT 2025: Checking if NextJS server is running...
Wed Jun  4 03:42:00 CDT 2025: Running scheduled reports
/Users/sim/Project2/scripts/../scripts/run-simple-scheduled-reports.sh: line 16: node: command not found
Wed Jun  4 03:42:00 CDT 2025: NextJS server is not running. Skipping scheduled reports check.
Wed Jun  4 03:43:00 CDT 2025: Checking if NextJS server is running...
Wed Jun  4 03:43:00 CDT 2025: Running scheduled reports
/Users/sim/Project2/scripts/../scripts/run-simple-scheduled-reports.sh: line 16: node: command not found
Wed Jun  4 03:43:00 CDT 2025: NextJS server is not running. Skipping scheduled reports check.
Wed Jun  4 03:44:00 CDT 2025: Checking if NextJS server is running...
Wed Jun  4 03:44:00 CDT 2025: Running scheduled reports
/Users/sim/Project2/scripts/../scripts/run-simple-scheduled-reports.sh: line 16: node: command not found
Wed Jun  4 03:44:00 CDT 2025: NextJS server is not running. Skipping scheduled reports check.
Wed Jun  4 03:45:00 CDT 2025: Running scheduled reports
Wed Jun  4 03:45:00 CDT 2025: Checking if NextJS server is running...
/Users/sim/Project2/scripts/../scripts/run-simple-scheduled-reports.sh: line 16: node: command not found
Wed Jun  4 03:45:00 CDT 2025: NextJS server is not running. Skipping scheduled reports check.
Wed Jun  4 03:46:01 CDT 2025: Checking if NextJS server is running...
Wed Jun  4 03:46:01 CDT 2025: Running scheduled reports
/Users/sim/Project2/scripts/../scripts/run-simple-scheduled-reports.sh: line 16: node: command not found
Wed Jun  4 03:46:01 CDT 2025: NextJS server is not running. Skipping scheduled reports check.
Wed Jun  4 03:47:00 CDT 2025: Checking if NextJS server is running...
Wed Jun  4 03:47:00 CDT 2025: Running scheduled reports
/Users/sim/Project2/scripts/../scripts/run-simple-scheduled-reports.sh: line 16: node: command not found
Wed Jun  4 03:47:00 CDT 2025: NextJS server is not running. Skipping scheduled reports check.
Wed Jun  4 03:48:00 CDT 2025: Checking if NextJS server is running...
Wed Jun  4 03:48:00 CDT 2025: Running scheduled reports
/Users/sim/Project2/scripts/../scripts/run-simple-scheduled-reports.sh: line 16: node: command not found
Wed Jun  4 03:48:00 CDT 2025: NextJS server is not running. Skipping scheduled reports check.
Wed Jun  4 03:49:00 CDT 2025: Checking if NextJS server is running...
Wed Jun  4 03:49:00 CDT 2025: Running scheduled reports
/Users/sim/Project2/scripts/../scripts/run-simple-scheduled-reports.sh: line 16: node: command not found
Wed Jun  4 03:49:00 CDT 2025: NextJS server is not running. Skipping scheduled reports check.
Wed Jun  4 03:50:00 CDT 2025: Running scheduled reports
Wed Jun  4 03:50:00 CDT 2025: Checking if NextJS server is running...
/Users/sim/Project2/scripts/../scripts/run-simple-scheduled-reports.sh: line 16: node: command not found
Wed Jun  4 03:50:00 CDT 2025: NextJS server is not running. Skipping scheduled reports check.
Wed Jun  4 03:51:01 CDT 2025: Checking if NextJS server is running...
Wed Jun  4 03:51:01 CDT 2025: Running scheduled reports
/Users/sim/Project2/scripts/../scripts/run-simple-scheduled-reports.sh: line 16: node: command not found
Wed Jun  4 03:51:01 CDT 2025: NextJS server is not running. Skipping scheduled reports check.
Wed Jun  4 03:52:00 CDT 2025: Running scheduled reports
Wed Jun  4 03:52:00 CDT 2025: Checking if NextJS server is running...
/Users/sim/Project2/scripts/../scripts/run-simple-scheduled-reports.sh: line 16: node: command not found
Wed Jun  4 03:52:00 CDT 2025: NextJS server is not running. Skipping scheduled reports check.
Wed Jun  4 03:53:00 CDT 2025: Checking if NextJS server is running...
Wed Jun  4 03:53:00 CDT 2025: Running scheduled reports
/Users/sim/Project2/scripts/../scripts/run-simple-scheduled-reports.sh: line 16: node: command not found
Wed Jun  4 03:53:00 CDT 2025: NextJS server is not running. Skipping scheduled reports check.
Wed Jun  4 03:54:00 CDT 2025: Checking if NextJS server is running...
Wed Jun  4 03:54:00 CDT 2025: Running scheduled reports
/Users/sim/Project2/scripts/../scripts/run-simple-scheduled-reports.sh: line 16: node: command not found
Wed Jun  4 03:54:00 CDT 2025: NextJS server is not running. Skipping scheduled reports check.
Wed Jun  4 03:55:00 CDT 2025: Running scheduled reports
Wed Jun  4 03:55:00 CDT 2025: Checking if NextJS server is running...
/Users/sim/Project2/scripts/../scripts/run-simple-scheduled-reports.sh: line 16: node: command not found
Wed Jun  4 03:55:00 CDT 2025: NextJS server is not running. Skipping scheduled reports check.
Wed Jun  4 03:56:00 CDT 2025: Running scheduled reports
Wed Jun  4 03:56:00 CDT 2025: Checking if NextJS server is running...
/Users/sim/Project2/scripts/../scripts/run-simple-scheduled-reports.sh: line 16: node: command not found
Wed Jun  4 03:56:00 CDT 2025: NextJS server is not running. Skipping scheduled reports check.
Wed Jun  4 03:57:01 CDT 2025: Running scheduled reports
Wed Jun  4 03:57:01 CDT 2025: Checking if NextJS server is running...
/Users/sim/Project2/scripts/../scripts/run-simple-scheduled-reports.sh: line 16: node: command not found
Wed Jun  4 03:57:01 CDT 2025: NextJS server is not running. Skipping scheduled reports check.
Wed Jun  4 03:58:00 CDT 2025: Running scheduled reports
Wed Jun  4 03:58:00 CDT 2025: Checking if NextJS server is running...
/Users/sim/Project2/scripts/../scripts/run-simple-scheduled-reports.sh: line 16: node: command not found
Wed Jun  4 03:58:00 CDT 2025: NextJS server is not running. Skipping scheduled reports check.
Wed Jun  4 03:59:00 CDT 2025: Running scheduled reports
Wed Jun  4 03:59:00 CDT 2025: Checking if NextJS server is running...
/Users/sim/Project2/scripts/../scripts/run-simple-scheduled-reports.sh: line 16: node: command not found
Wed Jun  4 03:59:00 CDT 2025: NextJS server is not running. Skipping scheduled reports check.
Wed Jun  4 04:00:00 CDT 2025: Checking if NextJS server is running...
Wed Jun  4 04:00:00 CDT 2025: Running scheduled reports
/Users/sim/Project2/scripts/../scripts/run-simple-scheduled-reports.sh: line 16: node: command not found
Wed Jun  4 04:00:00 CDT 2025: NextJS server is not running. Skipping scheduled reports check.
Wed Jun  4 04:01:00 CDT 2025: Checking if NextJS server is running...
Wed Jun  4 04:01:00 CDT 2025: Running scheduled reports
/Users/sim/Project2/scripts/../scripts/run-simple-scheduled-reports.sh: line 16: node: command not found
Wed Jun  4 04:01:00 CDT 2025: NextJS server is not running. Skipping scheduled reports check.
Wed Jun  4 04:02:00 CDT 2025: Running scheduled reports
Wed Jun  4 04:02:00 CDT 2025: Checking if NextJS server is running...
/Users/sim/Project2/scripts/../scripts/run-simple-scheduled-reports.sh: line 16: node: command not found
Wed Jun  4 04:02:00 CDT 2025: NextJS server is not running. Skipping scheduled reports check.
Wed Jun  4 04:03:01 CDT 2025: Checking if NextJS server is running...
Wed Jun  4 04:03:01 CDT 2025: Running scheduled reports
/Users/sim/Project2/scripts/../scripts/run-simple-scheduled-reports.sh: line 16: node: command not found
Wed Jun  4 04:03:01 CDT 2025: NextJS server is not running. Skipping scheduled reports check.
Wed Jun  4 04:04:00 CDT 2025: Running scheduled reports
Wed Jun  4 04:04:00 CDT 2025: Checking if NextJS server is running...
/Users/sim/Project2/scripts/../scripts/run-simple-scheduled-reports.sh: line 16: node: command not found
Wed Jun  4 04:04:00 CDT 2025: NextJS server is not running. Skipping scheduled reports check.
Wed Jun  4 04:05:00 CDT 2025: Checking if NextJS server is running...
Wed Jun  4 04:05:00 CDT 2025: Running scheduled reports
/Users/sim/Project2/scripts/../scripts/run-simple-scheduled-reports.sh: line 16: node: command not found
Wed Jun  4 04:05:00 CDT 2025: NextJS server is not running. Skipping scheduled reports check.
Wed Jun  4 04:06:00 CDT 2025: Checking if NextJS server is running...
Wed Jun  4 04:06:00 CDT 2025: Running scheduled reports
/Users/sim/Project2/scripts/../scripts/run-simple-scheduled-reports.sh: line 16: node: command not found
Wed Jun  4 04:06:00 CDT 2025: NextJS server is not running. Skipping scheduled reports check.
Wed Jun  4 04:07:00 CDT 2025: Running scheduled reports
Wed Jun  4 04:07:00 CDT 2025: Checking if NextJS server is running...
/Users/sim/Project2/scripts/../scripts/run-simple-scheduled-reports.sh: line 16: node: command not found
Wed Jun  4 04:07:00 CDT 2025: NextJS server is not running. Skipping scheduled reports check.
Wed Jun  4 04:08:00 CDT 2025: Running scheduled reports
Wed Jun  4 04:08:00 CDT 2025: Checking if NextJS server is running...
/Users/sim/Project2/scripts/../scripts/run-simple-scheduled-reports.sh: line 16: node: command not found
Wed Jun  4 04:08:00 CDT 2025: NextJS server is not running. Skipping scheduled reports check.
Wed Jun  4 04:09:01 CDT 2025: Running scheduled reports
Wed Jun  4 04:09:01 CDT 2025: Checking if NextJS server is running...
/Users/sim/Project2/scripts/../scripts/run-simple-scheduled-reports.sh: line 16: node: command not found
Wed Jun  4 04:09:01 CDT 2025: NextJS server is not running. Skipping scheduled reports check.
Wed Jun  4 04:10:00 CDT 2025: Checking if NextJS server is running...
Wed Jun  4 04:10:00 CDT 2025: Running scheduled reports
/Users/sim/Project2/scripts/../scripts/run-simple-scheduled-reports.sh: line 16: node: command not found
Wed Jun  4 04:10:00 CDT 2025: NextJS server is not running. Skipping scheduled reports check.
Wed Jun  4 04:11:00 CDT 2025: Checking if NextJS server is running...
Wed Jun  4 04:11:00 CDT 2025: Running scheduled reports
/Users/sim/Project2/scripts/../scripts/run-simple-scheduled-reports.sh: line 16: node: command not found
Wed Jun  4 04:11:00 CDT 2025: NextJS server is not running. Skipping scheduled reports check.
Wed Jun  4 04:12:00 CDT 2025: Checking if NextJS server is running...
Wed Jun  4 04:12:00 CDT 2025: Running scheduled reports
/Users/sim/Project2/scripts/../scripts/run-simple-scheduled-reports.sh: line 16: node: command not found
Wed Jun  4 04:12:00 CDT 2025: NextJS server is not running. Skipping scheduled reports check.
Wed Jun  4 04:13:01 CDT 2025: Running scheduled reports
Wed Jun  4 04:13:01 CDT 2025: Checking if NextJS server is running...
/Users/sim/Project2/scripts/../scripts/run-simple-scheduled-reports.sh: line 16: node: command not found
Wed Jun  4 04:13:01 CDT 2025: NextJS server is not running. Skipping scheduled reports check.
Wed Jun  4 04:14:00 CDT 2025: Checking if NextJS server is running...
Wed Jun  4 04:14:00 CDT 2025: Running scheduled reports
/Users/sim/Project2/scripts/../scripts/run-simple-scheduled-reports.sh: line 16: node: command not found
Wed Jun  4 04:14:00 CDT 2025: NextJS server is not running. Skipping scheduled reports check.
Wed Jun  4 04:15:00 CDT 2025: Checking if NextJS server is running...
Wed Jun  4 04:15:00 CDT 2025: Running scheduled reports
/Users/sim/Project2/scripts/../scripts/run-simple-scheduled-reports.sh: line 16: node: command not found
Wed Jun  4 04:15:00 CDT 2025: NextJS server is not running. Skipping scheduled reports check.
Wed Jun  4 04:16:00 CDT 2025: Running scheduled reports
Wed Jun  4 04:16:00 CDT 2025: Checking if NextJS server is running...
/Users/sim/Project2/scripts/../scripts/run-simple-scheduled-reports.sh: line 16: node: command not found
Wed Jun  4 04:16:00 CDT 2025: NextJS server is not running. Skipping scheduled reports check.
Wed Jun  4 04:17:00 CDT 2025: Checking if NextJS server is running...
Wed Jun  4 04:17:00 CDT 2025: Running scheduled reports
/Users/sim/Project2/scripts/../scripts/run-simple-scheduled-reports.sh: line 16: node: command not found
Wed Jun  4 04:17:00 CDT 2025: NextJS server is not running. Skipping scheduled reports check.
Wed Jun  4 04:18:01 CDT 2025: Checking if NextJS server is running...
Wed Jun  4 04:18:01 CDT 2025: Running scheduled reports
/Users/sim/Project2/scripts/../scripts/run-simple-scheduled-reports.sh: line 16: node: command not found
Wed Jun  4 04:18:01 CDT 2025: NextJS server is not running. Skipping scheduled reports check.
Wed Jun  4 04:19:00 CDT 2025: Running scheduled reports
Wed Jun  4 04:19:00 CDT 2025: Checking if NextJS server is running...
/Users/sim/Project2/scripts/../scripts/run-simple-scheduled-reports.sh: line 16: node: command not found
Wed Jun  4 04:19:00 CDT 2025: NextJS server is not running. Skipping scheduled reports check.
Wed Jun  4 04:20:00 CDT 2025: Running scheduled reports
Wed Jun  4 04:20:00 CDT 2025: Checking if NextJS server is running...
/Users/sim/Project2/scripts/../scripts/run-simple-scheduled-reports.sh: line 16: node: command not found
Wed Jun  4 04:20:00 CDT 2025: NextJS server is not running. Skipping scheduled reports check.
Wed Jun  4 04:21:00 CDT 2025: Checking if NextJS server is running...
Wed Jun  4 04:21:00 CDT 2025: Running scheduled reports
/Users/sim/Project2/scripts/../scripts/run-simple-scheduled-reports.sh: line 16: node: command not found
Wed Jun  4 04:21:00 CDT 2025: NextJS server is not running. Skipping scheduled reports check.
Wed Jun  4 04:22:00 CDT 2025: Running scheduled reports
Wed Jun  4 04:22:00 CDT 2025: Checking if NextJS server is running...
/Users/sim/Project2/scripts/../scripts/run-simple-scheduled-reports.sh: line 16: node: command not found
Wed Jun  4 04:22:00 CDT 2025: NextJS server is not running. Skipping scheduled reports check.
Wed Jun  4 04:23:01 CDT 2025: Running scheduled reports
Wed Jun  4 04:23:01 CDT 2025: Checking if NextJS server is running...
/Users/sim/Project2/scripts/../scripts/run-simple-scheduled-reports.sh: line 16: node: command not found
Wed Jun  4 04:23:01 CDT 2025: NextJS server is not running. Skipping scheduled reports check.
Wed Jun  4 04:24:04 CDT 2025: Checking if NextJS server is running...
Wed Jun  4 04:24:04 CDT 2025: Running scheduled reports
/Users/sim/Project2/scripts/../scripts/run-simple-scheduled-reports.sh: line 16: node: command not found
Wed Jun  4 04:24:04 CDT 2025: NextJS server is not running. Skipping scheduled reports check.
Wed Jun  4 04:25:03 CDT 2025: Checking if NextJS server is running...
Wed Jun  4 04:25:03 CDT 2025: Running scheduled reports
/Users/sim/Project2/scripts/../scripts/run-simple-scheduled-reports.sh: line 16: node: command not found
Wed Jun  4 04:25:03 CDT 2025: NextJS server is not running. Skipping scheduled reports check.
Wed Jun  4 04:26:03 CDT 2025: Checking if NextJS server is running...
Wed Jun  4 04:26:03 CDT 2025: Running scheduled reports
/Users/sim/Project2/scripts/../scripts/run-simple-scheduled-reports.sh: line 16: node: command not found
Wed Jun  4 04:26:03 CDT 2025: NextJS server is not running. Skipping scheduled reports check.
Wed Jun  4 04:27:05 CDT 2025: Checking if NextJS server is running...
Wed Jun  4 04:27:05 CDT 2025: Running scheduled reports
/Users/sim/Project2/scripts/../scripts/run-simple-scheduled-reports.sh: line 16: node: command not found
Wed Jun  4 04:27:05 CDT 2025: NextJS server is not running. Skipping scheduled reports check.
Wed Jun  4 04:28:03 CDT 2025: Running scheduled reports
Wed Jun  4 04:28:03 CDT 2025: Checking if NextJS server is running...
/Users/sim/Project2/scripts/../scripts/run-simple-scheduled-reports.sh: line 16: node: command not found
Wed Jun  4 04:28:03 CDT 2025: NextJS server is not running. Skipping scheduled reports check.
Wed Jun  4 04:29:03 CDT 2025: Checking if NextJS server is running...
Wed Jun  4 04:29:03 CDT 2025: Running scheduled reports
/Users/sim/Project2/scripts/../scripts/run-simple-scheduled-reports.sh: line 16: node: command not found
Wed Jun  4 04:29:04 CDT 2025: NextJS server is not running. Skipping scheduled reports check.
Wed Jun  4 04:30:02 CDT 2025: Checking if NextJS server is running...
Wed Jun  4 04:30:02 CDT 2025: Running scheduled reports
/Users/sim/Project2/scripts/../scripts/run-simple-scheduled-reports.sh: line 16: node: command not found
Wed Jun  4 04:30:02 CDT 2025: NextJS server is not running. Skipping scheduled reports check.
Wed Jun  4 04:31:06 CDT 2025: Running scheduled reports
Wed Jun  4 04:31:06 CDT 2025: Checking if NextJS server is running...
/Users/sim/Project2/scripts/../scripts/run-simple-scheduled-reports.sh: line 16: node: command not found
Wed Jun  4 04:31:06 CDT 2025: NextJS server is not running. Skipping scheduled reports check.
Wed Jun  4 04:32:06 CDT 2025: Running scheduled reports
Wed Jun  4 04:32:06 CDT 2025: Checking if NextJS server is running...
/Users/sim/Project2/scripts/../scripts/run-simple-scheduled-reports.sh: line 16: node: command not found
Wed Jun  4 04:32:06 CDT 2025: NextJS server is not running. Skipping scheduled reports check.
Wed Jun  4 04:33:03 CDT 2025: Running scheduled reports
Wed Jun  4 04:33:03 CDT 2025: Checking if NextJS server is running...
/Users/sim/Project2/scripts/../scripts/run-simple-scheduled-reports.sh: line 16: node: command not found
Wed Jun  4 04:33:03 CDT 2025: NextJS server is not running. Skipping scheduled reports check.
Wed Jun  4 04:34:04 CDT 2025: Running scheduled reports
Wed Jun  4 04:34:04 CDT 2025: Checking if NextJS server is running...
/Users/sim/Project2/scripts/../scripts/run-simple-scheduled-reports.sh: line 16: node: command not found
Wed Jun  4 04:34:04 CDT 2025: NextJS server is not running. Skipping scheduled reports check.
Wed Jun  4 04:35:04 CDT 2025: Running scheduled reports
Wed Jun  4 04:35:04 CDT 2025: Checking if NextJS server is running...
/Users/sim/Project2/scripts/../scripts/run-simple-scheduled-reports.sh: line 16: node: command not found
Wed Jun  4 04:35:04 CDT 2025: NextJS server is not running. Skipping scheduled reports check.
Wed Jun  4 04:36:04 CDT 2025: Checking if NextJS server is running...
Wed Jun  4 04:36:04 CDT 2025: Running scheduled reports
/Users/sim/Project2/scripts/../scripts/run-simple-scheduled-reports.sh: line 16: node: command not found
Wed Jun  4 04:36:04 CDT 2025: NextJS server is not running. Skipping scheduled reports check.
Wed Jun  4 04:37:04 CDT 2025: Checking if NextJS server is running...
Wed Jun  4 04:37:04 CDT 2025: Running scheduled reports
/Users/sim/Project2/scripts/../scripts/run-simple-scheduled-reports.sh: line 16: node: command not found
Wed Jun  4 04:37:04 CDT 2025: NextJS server is not running. Skipping scheduled reports check.
Wed Jun  4 04:38:04 CDT 2025: Running scheduled reports
Wed Jun  4 04:38:04 CDT 2025: Checking if NextJS server is running...
/Users/sim/Project2/scripts/../scripts/run-simple-scheduled-reports.sh: line 16: node: command not found
Wed Jun  4 04:38:04 CDT 2025: NextJS server is not running. Skipping scheduled reports check.
Wed Jun  4 04:39:02 CDT 2025: Running scheduled reports
Wed Jun  4 04:39:02 CDT 2025: Checking if NextJS server is running...
/Users/sim/Project2/scripts/../scripts/run-simple-scheduled-reports.sh: line 16: node: command not found
Wed Jun  4 04:39:05 CDT 2025: NextJS server is not running. Skipping scheduled reports check.
Wed Jun  4 04:40:01 CDT 2025: Running scheduled reports
Wed Jun  4 04:40:01 CDT 2025: Checking if NextJS server is running...
/Users/sim/Project2/scripts/../scripts/run-simple-scheduled-reports.sh: line 16: node: command not found
Wed Jun  4 04:40:01 CDT 2025: NextJS server is not running. Skipping scheduled reports check.
Wed Jun  4 04:41:00 CDT 2025: Checking if NextJS server is running...
Wed Jun  4 04:41:00 CDT 2025: Running scheduled reports
/Users/sim/Project2/scripts/../scripts/run-simple-scheduled-reports.sh: line 16: node: command not found
Wed Jun  4 04:41:00 CDT 2025: NextJS server is not running. Skipping scheduled reports check.
Wed Jun  4 04:42:00 CDT 2025: Checking if NextJS server is running...
Wed Jun  4 04:42:00 CDT 2025: Running scheduled reports
/Users/sim/Project2/scripts/../scripts/run-simple-scheduled-reports.sh: line 16: node: command not found
Wed Jun  4 04:42:00 CDT 2025: NextJS server is not running. Skipping scheduled reports check.
Wed Jun  4 04:43:00 CDT 2025: Running scheduled reports
Wed Jun  4 04:43:00 CDT 2025: Checking if NextJS server is running...
/Users/sim/Project2/scripts/../scripts/run-simple-scheduled-reports.sh: line 16: node: command not found
Wed Jun  4 04:43:00 CDT 2025: NextJS server is not running. Skipping scheduled reports check.
Wed Jun  4 04:44:00 CDT 2025: Running scheduled reports
Wed Jun  4 04:44:00 CDT 2025: Checking if NextJS server is running...
/Users/sim/Project2/scripts/../scripts/run-simple-scheduled-reports.sh: line 16: node: command not found
Wed Jun  4 04:44:00 CDT 2025: NextJS server is not running. Skipping scheduled reports check.
Wed Jun  4 04:45:00 CDT 2025: Running scheduled reports
Wed Jun  4 04:45:00 CDT 2025: Checking if NextJS server is running...
/Users/sim/Project2/scripts/../scripts/run-simple-scheduled-reports.sh: line 16: node: command not found
Wed Jun  4 04:45:00 CDT 2025: NextJS server is not running. Skipping scheduled reports check.
Wed Jun  4 04:46:01 CDT 2025: Checking if NextJS server is running...
Wed Jun  4 04:46:01 CDT 2025: Running scheduled reports
/Users/sim/Project2/scripts/../scripts/run-simple-scheduled-reports.sh: line 16: node: command not found
Wed Jun  4 04:46:01 CDT 2025: NextJS server is not running. Skipping scheduled reports check.
Wed Jun  4 04:47:00 CDT 2025: Checking if NextJS server is running...
Wed Jun  4 04:47:00 CDT 2025: Running scheduled reports
/Users/sim/Project2/scripts/../scripts/run-simple-scheduled-reports.sh: line 16: node: command not found
Wed Jun  4 04:47:00 CDT 2025: NextJS server is not running. Skipping scheduled reports check.
Wed Jun  4 04:48:00 CDT 2025: Running scheduled reports
Wed Jun  4 04:48:00 CDT 2025: Checking if NextJS server is running...
/Users/sim/Project2/scripts/../scripts/run-simple-scheduled-reports.sh: line 16: node: command not found
Wed Jun  4 04:48:00 CDT 2025: NextJS server is not running. Skipping scheduled reports check.
Wed Jun  4 04:49:00 CDT 2025: Running scheduled reports
Wed Jun  4 04:49:00 CDT 2025: Checking if NextJS server is running...
/Users/sim/Project2/scripts/../scripts/run-simple-scheduled-reports.sh: line 16: node: command not found
Wed Jun  4 04:49:00 CDT 2025: NextJS server is not running. Skipping scheduled reports check.
Wed Jun  4 04:50:00 CDT 2025: Checking if NextJS server is running...
Wed Jun  4 04:50:00 CDT 2025: Running scheduled reports
/Users/sim/Project2/scripts/../scripts/run-simple-scheduled-reports.sh: line 16: node: command not found
Wed Jun  4 04:50:00 CDT 2025: NextJS server is not running. Skipping scheduled reports check.
Wed Jun  4 04:51:00 CDT 2025: Checking if NextJS server is running...
Wed Jun  4 04:51:00 CDT 2025: Running scheduled reports
/Users/sim/Project2/scripts/../scripts/run-simple-scheduled-reports.sh: line 16: node: command not found
Wed Jun  4 04:51:00 CDT 2025: NextJS server is not running. Skipping scheduled reports check.
Wed Jun  4 04:52:01 CDT 2025: Running scheduled reports
Wed Jun  4 04:52:01 CDT 2025: Checking if NextJS server is running...
/Users/sim/Project2/scripts/../scripts/run-simple-scheduled-reports.sh: line 16: node: command not found
Wed Jun  4 04:52:01 CDT 2025: NextJS server is not running. Skipping scheduled reports check.
Wed Jun  4 04:53:00 CDT 2025: Running scheduled reports
Wed Jun  4 04:53:00 CDT 2025: Checking if NextJS server is running...
/Users/sim/Project2/scripts/../scripts/run-simple-scheduled-reports.sh: line 16: node: command not found
Wed Jun  4 04:53:00 CDT 2025: NextJS server is not running. Skipping scheduled reports check.
Wed Jun  4 04:54:00 CDT 2025: Running scheduled reports
Wed Jun  4 04:54:00 CDT 2025: Checking if NextJS server is running...
/Users/sim/Project2/scripts/../scripts/run-simple-scheduled-reports.sh: line 16: node: command not found
Wed Jun  4 04:54:00 CDT 2025: NextJS server is not running. Skipping scheduled reports check.
Wed Jun  4 04:55:00 CDT 2025: Checking if NextJS server is running...
Wed Jun  4 04:55:00 CDT 2025: Running scheduled reports
/Users/sim/Project2/scripts/../scripts/run-simple-scheduled-reports.sh: line 16: node: command not found
Wed Jun  4 04:55:00 CDT 2025: NextJS server is not running. Skipping scheduled reports check.
Wed Jun  4 04:56:00 CDT 2025: Checking if NextJS server is running...
Wed Jun  4 04:56:00 CDT 2025: Running scheduled reports
/Users/sim/Project2/scripts/../scripts/run-simple-scheduled-reports.sh: line 16: node: command not found
Wed Jun  4 04:56:00 CDT 2025: NextJS server is not running. Skipping scheduled reports check.
Wed Jun  4 04:57:00 CDT 2025: Running scheduled reports
Wed Jun  4 04:57:00 CDT 2025: Checking if NextJS server is running...
/Users/sim/Project2/scripts/../scripts/run-simple-scheduled-reports.sh: line 16: node: command not found
Wed Jun  4 04:57:00 CDT 2025: NextJS server is not running. Skipping scheduled reports check.
Wed Jun  4 04:58:01 CDT 2025: Running scheduled reports
Wed Jun  4 04:58:01 CDT 2025: Checking if NextJS server is running...
/Users/sim/Project2/scripts/../scripts/run-simple-scheduled-reports.sh: line 16: node: command not found
Wed Jun  4 04:58:01 CDT 2025: NextJS server is not running. Skipping scheduled reports check.
Wed Jun  4 04:59:00 CDT 2025: Running scheduled reports
Wed Jun  4 04:59:00 CDT 2025: Checking if NextJS server is running...
/Users/sim/Project2/scripts/../scripts/run-simple-scheduled-reports.sh: line 16: node: command not found
Wed Jun  4 04:59:00 CDT 2025: NextJS server is not running. Skipping scheduled reports check.
Wed Jun  4 05:00:00 CDT 2025: Running scheduled reports
Wed Jun  4 05:00:00 CDT 2025: Checking if NextJS server is running...
/Users/sim/Project2/scripts/../scripts/run-simple-scheduled-reports.sh: line 16: node: command not found
Wed Jun  4 05:00:00 CDT 2025: NextJS server is not running. Skipping scheduled reports check.
Wed Jun  4 05:01:00 CDT 2025: Running scheduled reports
Wed Jun  4 05:01:00 CDT 2025: Checking if NextJS server is running...
/Users/sim/Project2/scripts/../scripts/run-simple-scheduled-reports.sh: line 16: node: command not found
Wed Jun  4 05:01:00 CDT 2025: NextJS server is not running. Skipping scheduled reports check.
Wed Jun  4 05:02:01 CDT 2025: Running scheduled reports
Wed Jun  4 05:02:01 CDT 2025: Checking if NextJS server is running...
/Users/sim/Project2/scripts/../scripts/run-simple-scheduled-reports.sh: line 16: node: command not found
Wed Jun  4 05:02:01 CDT 2025: NextJS server is not running. Skipping scheduled reports check.
Wed Jun  4 05:03:00 CDT 2025: Running scheduled reports
Wed Jun  4 05:03:00 CDT 2025: Checking if NextJS server is running...
/Users/sim/Project2/scripts/../scripts/run-simple-scheduled-reports.sh: line 16: node: command not found
Wed Jun  4 05:03:00 CDT 2025: NextJS server is not running. Skipping scheduled reports check.
Wed Jun  4 05:04:00 CDT 2025: Checking if NextJS server is running...
Wed Jun  4 05:04:00 CDT 2025: Running scheduled reports
/Users/sim/Project2/scripts/../scripts/run-simple-scheduled-reports.sh: line 16: node: command not found
Wed Jun  4 05:04:00 CDT 2025: NextJS server is not running. Skipping scheduled reports check.
Wed Jun  4 05:05:00 CDT 2025: Running scheduled reports
Wed Jun  4 05:05:00 CDT 2025: Checking if NextJS server is running...
/Users/sim/Project2/scripts/../scripts/run-simple-scheduled-reports.sh: line 16: node: command not found
Wed Jun  4 05:05:00 CDT 2025: NextJS server is not running. Skipping scheduled reports check.
Wed Jun  4 05:06:00 CDT 2025: Checking if NextJS server is running...
Wed Jun  4 05:06:00 CDT 2025: Running scheduled reports
/Users/sim/Project2/scripts/../scripts/run-simple-scheduled-reports.sh: line 16: node: command not found
Wed Jun  4 05:06:00 CDT 2025: NextJS server is not running. Skipping scheduled reports check.
Wed Jun  4 05:07:01 CDT 2025: Running scheduled reports
Wed Jun  4 05:07:01 CDT 2025: Checking if NextJS server is running...
/Users/sim/Project2/scripts/../scripts/run-simple-scheduled-reports.sh: line 16: node: command not found
Wed Jun  4 05:07:01 CDT 2025: NextJS server is not running. Skipping scheduled reports check.
Wed Jun  4 05:08:00 CDT 2025: Running scheduled reports
Wed Jun  4 05:08:00 CDT 2025: Checking if NextJS server is running...
/Users/sim/Project2/scripts/../scripts/run-simple-scheduled-reports.sh: line 16: node: command not found
Wed Jun  4 05:08:00 CDT 2025: NextJS server is not running. Skipping scheduled reports check.
Wed Jun  4 05:09:00 CDT 2025: Checking if NextJS server is running...
Wed Jun  4 05:09:00 CDT 2025: Running scheduled reports
/Users/sim/Project2/scripts/../scripts/run-simple-scheduled-reports.sh: line 16: node: command not found
Wed Jun  4 05:09:00 CDT 2025: NextJS server is not running. Skipping scheduled reports check.
Wed Jun  4 05:10:00 CDT 2025: Running scheduled reports
Wed Jun  4 05:10:00 CDT 2025: Checking if NextJS server is running...
/Users/sim/Project2/scripts/../scripts/run-simple-scheduled-reports.sh: line 16: node: command not found
Wed Jun  4 05:10:00 CDT 2025: NextJS server is not running. Skipping scheduled reports check.
Wed Jun  4 05:11:00 CDT 2025: Checking if NextJS server is running...
Wed Jun  4 05:11:00 CDT 2025: Running scheduled reports
/Users/sim/Project2/scripts/../scripts/run-simple-scheduled-reports.sh: line 16: node: command not found
Wed Jun  4 05:11:00 CDT 2025: NextJS server is not running. Skipping scheduled reports check.
Wed Jun  4 05:12:00 CDT 2025: Running scheduled reports
Wed Jun  4 05:12:00 CDT 2025: Checking if NextJS server is running...
/Users/sim/Project2/scripts/../scripts/run-simple-scheduled-reports.sh: line 16: node: command not found
Wed Jun  4 05:12:01 CDT 2025: NextJS server is not running. Skipping scheduled reports check.
Wed Jun  4 05:13:00 CDT 2025: Checking if NextJS server is running...
Wed Jun  4 05:13:00 CDT 2025: Running scheduled reports
/Users/sim/Project2/scripts/../scripts/run-simple-scheduled-reports.sh: line 16: node: command not found
Wed Jun  4 05:13:00 CDT 2025: NextJS server is not running. Skipping scheduled reports check.
Wed Jun  4 05:14:00 CDT 2025: Running scheduled reports
Wed Jun  4 05:14:00 CDT 2025: Checking if NextJS server is running...
/Users/sim/Project2/scripts/../scripts/run-simple-scheduled-reports.sh: line 16: node: command not found
Wed Jun  4 05:14:00 CDT 2025: NextJS server is not running. Skipping scheduled reports check.
Wed Jun  4 05:15:00 CDT 2025: Running scheduled reports
Wed Jun  4 05:15:00 CDT 2025: Checking if NextJS server is running...
/Users/sim/Project2/scripts/../scripts/run-simple-scheduled-reports.sh: line 16: node: command not found
Wed Jun  4 05:15:00 CDT 2025: NextJS server is not running. Skipping scheduled reports check.
Wed Jun  4 05:16:00 CDT 2025: Running scheduled reports
Wed Jun  4 05:16:00 CDT 2025: Checking if NextJS server is running...
/Users/sim/Project2/scripts/../scripts/run-simple-scheduled-reports.sh: line 16: node: command not found
Wed Jun  4 05:16:00 CDT 2025: NextJS server is not running. Skipping scheduled reports check.
Wed Jun  4 05:17:00 CDT 2025: Running scheduled reports
Wed Jun  4 05:17:00 CDT 2025: Checking if NextJS server is running...
/Users/sim/Project2/scripts/../scripts/run-simple-scheduled-reports.sh: line 16: node: command not found
Wed Jun  4 05:17:00 CDT 2025: NextJS server is not running. Skipping scheduled reports check.
Wed Jun  4 05:18:01 CDT 2025: Running scheduled reports
Wed Jun  4 05:18:01 CDT 2025: Checking if NextJS server is running...
/Users/sim/Project2/scripts/../scripts/run-simple-scheduled-reports.sh: line 16: node: command not found
Wed Jun  4 05:18:01 CDT 2025: NextJS server is not running. Skipping scheduled reports check.
Wed Jun  4 05:19:00 CDT 2025: Checking if NextJS server is running...
Wed Jun  4 05:19:00 CDT 2025: Running scheduled reports
/Users/sim/Project2/scripts/../scripts/run-simple-scheduled-reports.sh: line 16: node: command not found
Wed Jun  4 05:19:00 CDT 2025: NextJS server is not running. Skipping scheduled reports check.
Wed Jun  4 05:20:00 CDT 2025: Checking if NextJS server is running...
Wed Jun  4 05:20:00 CDT 2025: Running scheduled reports
/Users/sim/Project2/scripts/../scripts/run-simple-scheduled-reports.sh: line 16: node: command not found
Wed Jun  4 05:20:00 CDT 2025: NextJS server is not running. Skipping scheduled reports check.
Wed Jun  4 05:21:00 CDT 2025: Running scheduled reports
Wed Jun  4 05:21:00 CDT 2025: Checking if NextJS server is running...
/Users/sim/Project2/scripts/../scripts/run-simple-scheduled-reports.sh: line 16: node: command not found
Wed Jun  4 05:21:00 CDT 2025: NextJS server is not running. Skipping scheduled reports check.
Wed Jun  4 05:22:00 CDT 2025: Checking if NextJS server is running...
Wed Jun  4 05:22:00 CDT 2025: Running scheduled reports
/Users/sim/Project2/scripts/../scripts/run-simple-scheduled-reports.sh: line 16: node: command not found
Wed Jun  4 05:22:00 CDT 2025: NextJS server is not running. Skipping scheduled reports check.
Wed Jun  4 05:23:00 CDT 2025: Running scheduled reports
Wed Jun  4 05:23:00 CDT 2025: Checking if NextJS server is running...
/Users/sim/Project2/scripts/../scripts/run-simple-scheduled-reports.sh: line 16: node: command not found
Wed Jun  4 05:23:00 CDT 2025: NextJS server is not running. Skipping scheduled reports check.
Wed Jun  4 05:24:01 CDT 2025: Running scheduled reports
Wed Jun  4 05:24:01 CDT 2025: Checking if NextJS server is running...
/Users/sim/Project2/scripts/../scripts/run-simple-scheduled-reports.sh: line 16: node: command not found
Wed Jun  4 05:24:01 CDT 2025: NextJS server is not running. Skipping scheduled reports check.
Wed Jun  4 05:25:00 CDT 2025: Checking if NextJS server is running...
Wed Jun  4 05:25:00 CDT 2025: Running scheduled reports
/Users/sim/Project2/scripts/../scripts/run-simple-scheduled-reports.sh: line 16: node: command not found
Wed Jun  4 05:25:00 CDT 2025: NextJS server is not running. Skipping scheduled reports check.
Wed Jun  4 05:26:00 CDT 2025: Running scheduled reports
Wed Jun  4 05:26:00 CDT 2025: Checking if NextJS server is running...
/Users/sim/Project2/scripts/../scripts/run-simple-scheduled-reports.sh: line 16: node: command not found
Wed Jun  4 05:26:00 CDT 2025: NextJS server is not running. Skipping scheduled reports check.
Wed Jun  4 05:27:00 CDT 2025: Checking if NextJS server is running...
Wed Jun  4 05:27:00 CDT 2025: Running scheduled reports
/Users/sim/Project2/scripts/../scripts/run-simple-scheduled-reports.sh: line 16: node: command not found
Wed Jun  4 05:27:00 CDT 2025: NextJS server is not running. Skipping scheduled reports check.
Wed Jun  4 05:28:00 CDT 2025: Checking if NextJS server is running...
Wed Jun  4 05:28:00 CDT 2025: Running scheduled reports
/Users/sim/Project2/scripts/../scripts/run-simple-scheduled-reports.sh: line 16: node: command not found
Wed Jun  4 05:28:00 CDT 2025: NextJS server is not running. Skipping scheduled reports check.
Wed Jun  4 05:29:01 CDT 2025: Checking if NextJS server is running...
Wed Jun  4 05:29:01 CDT 2025: Running scheduled reports
/Users/sim/Project2/scripts/../scripts/run-simple-scheduled-reports.sh: line 16: node: command not found
Wed Jun  4 05:29:01 CDT 2025: NextJS server is not running. Skipping scheduled reports check.
Wed Jun  4 05:30:00 CDT 2025: Checking if NextJS server is running...
Wed Jun  4 05:30:00 CDT 2025: Running scheduled reports
/Users/sim/Project2/scripts/../scripts/run-simple-scheduled-reports.sh: line 16: node: command not found
Wed Jun  4 05:30:00 CDT 2025: NextJS server is not running. Skipping scheduled reports check.
Wed Jun  4 05:31:00 CDT 2025: Running scheduled reports
Wed Jun  4 05:31:00 CDT 2025: Checking if NextJS server is running...
/Users/sim/Project2/scripts/../scripts/run-simple-scheduled-reports.sh: line 16: node: command not found
Wed Jun  4 05:31:01 CDT 2025: NextJS server is not running. Skipping scheduled reports check.
Wed Jun  4 05:32:00 CDT 2025: Running scheduled reports
Wed Jun  4 05:32:00 CDT 2025: Checking if NextJS server is running...
/Users/sim/Project2/scripts/../scripts/run-simple-scheduled-reports.sh: line 16: node: command not found
Wed Jun  4 05:32:00 CDT 2025: NextJS server is not running. Skipping scheduled reports check.
Wed Jun  4 05:33:00 CDT 2025: Checking if NextJS server is running...
Wed Jun  4 05:33:00 CDT 2025: Running scheduled reports
/Users/sim/Project2/scripts/../scripts/run-simple-scheduled-reports.sh: line 16: node: command not found
Wed Jun  4 05:33:00 CDT 2025: NextJS server is not running. Skipping scheduled reports check.
Wed Jun  4 05:34:00 CDT 2025: Running scheduled reports
Wed Jun  4 05:34:00 CDT 2025: Checking if NextJS server is running...
/Users/sim/Project2/scripts/../scripts/run-simple-scheduled-reports.sh: line 16: node: command not found
Wed Jun  4 05:34:00 CDT 2025: NextJS server is not running. Skipping scheduled reports check.
Wed Jun  4 05:35:00 CDT 2025: Running scheduled reports
Wed Jun  4 05:35:00 CDT 2025: Checking if NextJS server is running...
/Users/sim/Project2/scripts/../scripts/run-simple-scheduled-reports.sh: line 16: node: command not found
Wed Jun  4 05:35:00 CDT 2025: NextJS server is not running. Skipping scheduled reports check.
Wed Jun  4 05:36:00 CDT 2025: Checking if NextJS server is running...
Wed Jun  4 05:36:00 CDT 2025: Running scheduled reports
/Users/sim/Project2/scripts/../scripts/run-simple-scheduled-reports.sh: line 16: node: command not found
Wed Jun  4 05:36:00 CDT 2025: NextJS server is not running. Skipping scheduled reports check.
Wed Jun  4 05:37:01 CDT 2025: Checking if NextJS server is running...
Wed Jun  4 05:37:01 CDT 2025: Running scheduled reports
/Users/sim/Project2/scripts/../scripts/run-simple-scheduled-reports.sh: line 16: node: command not found
Wed Jun  4 05:37:01 CDT 2025: NextJS server is not running. Skipping scheduled reports check.
Wed Jun  4 05:38:00 CDT 2025: Running scheduled reports
Wed Jun  4 05:38:00 CDT 2025: Checking if NextJS server is running...
/Users/sim/Project2/scripts/../scripts/run-simple-scheduled-reports.sh: line 16: node: command not found
Wed Jun  4 05:38:00 CDT 2025: NextJS server is not running. Skipping scheduled reports check.
Wed Jun  4 05:39:00 CDT 2025: Running scheduled reports
Wed Jun  4 05:39:00 CDT 2025: Checking if NextJS server is running...
/Users/sim/Project2/scripts/../scripts/run-simple-scheduled-reports.sh: line 16: node: command not found
Wed Jun  4 05:39:00 CDT 2025: NextJS server is not running. Skipping scheduled reports check.
Wed Jun  4 05:40:00 CDT 2025: Checking if NextJS server is running...
Wed Jun  4 05:40:00 CDT 2025: Running scheduled reports
/Users/sim/Project2/scripts/../scripts/run-simple-scheduled-reports.sh: line 16: node: command not found
Wed Jun  4 05:40:00 CDT 2025: NextJS server is not running. Skipping scheduled reports check.
Wed Jun  4 05:41:00 CDT 2025: Checking if NextJS server is running...
Wed Jun  4 05:41:00 CDT 2025: Running scheduled reports
/Users/sim/Project2/scripts/../scripts/run-simple-scheduled-reports.sh: line 16: node: command not found
Wed Jun  4 05:41:00 CDT 2025: NextJS server is not running. Skipping scheduled reports check.
Wed Jun  4 05:42:00 CDT 2025: Checking if NextJS server is running...
Wed Jun  4 05:42:00 CDT 2025: Running scheduled reports
/Users/sim/Project2/scripts/../scripts/run-simple-scheduled-reports.sh: line 16: node: command not found
Wed Jun  4 05:42:00 CDT 2025: NextJS server is not running. Skipping scheduled reports check.
Wed Jun  4 05:43:00 CDT 2025: Running scheduled reports
Wed Jun  4 05:43:00 CDT 2025: Checking if NextJS server is running...
/Users/sim/Project2/scripts/../scripts/run-simple-scheduled-reports.sh: line 16: node: command not found
Wed Jun  4 05:43:00 CDT 2025: NextJS server is not running. Skipping scheduled reports check.
Wed Jun  4 05:44:01 CDT 2025: Running scheduled reports
Wed Jun  4 05:44:01 CDT 2025: Checking if NextJS server is running...
/Users/sim/Project2/scripts/../scripts/run-simple-scheduled-reports.sh: line 16: node: command not found
Wed Jun  4 05:44:01 CDT 2025: NextJS server is not running. Skipping scheduled reports check.
Wed Jun  4 05:45:00 CDT 2025: Checking if NextJS server is running...
Wed Jun  4 05:45:00 CDT 2025: Running scheduled reports
/Users/sim/Project2/scripts/../scripts/run-simple-scheduled-reports.sh: line 16: node: command not found
Wed Jun  4 05:45:00 CDT 2025: NextJS server is not running. Skipping scheduled reports check.
Wed Jun  4 05:46:00 CDT 2025: Running scheduled reports
Wed Jun  4 05:46:00 CDT 2025: Checking if NextJS server is running...
/Users/sim/Project2/scripts/../scripts/run-simple-scheduled-reports.sh: line 16: node: command not found
Wed Jun  4 05:46:00 CDT 2025: NextJS server is not running. Skipping scheduled reports check.
Wed Jun  4 05:47:00 CDT 2025: Running scheduled reports
Wed Jun  4 05:47:00 CDT 2025: Checking if NextJS server is running...
/Users/sim/Project2/scripts/../scripts/run-simple-scheduled-reports.sh: line 16: node: command not found
Wed Jun  4 05:47:00 CDT 2025: NextJS server is not running. Skipping scheduled reports check.
Wed Jun  4 05:48:00 CDT 2025: Running scheduled reports
Wed Jun  4 05:48:00 CDT 2025: Checking if NextJS server is running...
/Users/sim/Project2/scripts/../scripts/run-simple-scheduled-reports.sh: line 16: node: command not found
Wed Jun  4 05:48:00 CDT 2025: NextJS server is not running. Skipping scheduled reports check.
Wed Jun  4 05:49:01 CDT 2025: Running scheduled reports
Wed Jun  4 05:49:01 CDT 2025: Checking if NextJS server is running...
/Users/sim/Project2/scripts/../scripts/run-simple-scheduled-reports.sh: line 16: node: command not found
Wed Jun  4 05:49:01 CDT 2025: NextJS server is not running. Skipping scheduled reports check.
Wed Jun  4 05:50:00 CDT 2025: Running scheduled reports
Wed Jun  4 05:50:00 CDT 2025: Checking if NextJS server is running...
/Users/sim/Project2/scripts/../scripts/run-simple-scheduled-reports.sh: line 16: node: command not found
Wed Jun  4 05:50:00 CDT 2025: NextJS server is not running. Skipping scheduled reports check.
Wed Jun  4 05:51:00 CDT 2025: Checking if NextJS server is running...
Wed Jun  4 05:51:00 CDT 2025: Running scheduled reports
/Users/sim/Project2/scripts/../scripts/run-simple-scheduled-reports.sh: line 16: node: command not found
Wed Jun  4 05:51:00 CDT 2025: NextJS server is not running. Skipping scheduled reports check.
Wed Jun  4 05:52:00 CDT 2025: Running scheduled reports
Wed Jun  4 05:52:00 CDT 2025: Checking if NextJS server is running...
/Users/sim/Project2/scripts/../scripts/run-simple-scheduled-reports.sh: line 16: node: command not found
Wed Jun  4 05:52:00 CDT 2025: NextJS server is not running. Skipping scheduled reports check.
Wed Jun  4 05:53:00 CDT 2025: Running scheduled reports
Wed Jun  4 05:53:00 CDT 2025: Checking if NextJS server is running...
/Users/sim/Project2/scripts/../scripts/run-simple-scheduled-reports.sh: line 16: node: command not found
Wed Jun  4 05:53:01 CDT 2025: NextJS server is not running. Skipping scheduled reports check.
Wed Jun  4 05:54:00 CDT 2025: Running scheduled reports
Wed Jun  4 05:54:00 CDT 2025: Checking if NextJS server is running...
/Users/sim/Project2/scripts/../scripts/run-simple-scheduled-reports.sh: line 16: node: command not found
Wed Jun  4 05:54:00 CDT 2025: NextJS server is not running. Skipping scheduled reports check.
Wed Jun  4 05:55:00 CDT 2025: Running scheduled reports
Wed Jun  4 05:55:00 CDT 2025: Checking if NextJS server is running...
/Users/sim/Project2/scripts/../scripts/run-simple-scheduled-reports.sh: line 16: node: command not found
Wed Jun  4 05:55:00 CDT 2025: NextJS server is not running. Skipping scheduled reports check.
Wed Jun  4 05:56:00 CDT 2025: Running scheduled reports
Wed Jun  4 05:56:00 CDT 2025: Checking if NextJS server is running...
/Users/sim/Project2/scripts/../scripts/run-simple-scheduled-reports.sh: line 16: node: command not found
Wed Jun  4 05:56:00 CDT 2025: NextJS server is not running. Skipping scheduled reports check.
Wed Jun  4 05:57:00 CDT 2025: Running scheduled reports
Wed Jun  4 05:57:00 CDT 2025: Checking if NextJS server is running...
/Users/sim/Project2/scripts/../scripts/run-simple-scheduled-reports.sh: line 16: node: command not found
Wed Jun  4 05:57:00 CDT 2025: NextJS server is not running. Skipping scheduled reports check.
Wed Jun  4 05:58:00 CDT 2025: Running scheduled reports
Wed Jun  4 05:58:00 CDT 2025: Checking if NextJS server is running...
/Users/sim/Project2/scripts/../scripts/run-simple-scheduled-reports.sh: line 16: node: command not found
Wed Jun  4 05:58:00 CDT 2025: NextJS server is not running. Skipping scheduled reports check.
Wed Jun  4 05:59:00 CDT 2025: Running scheduled reports
Wed Jun  4 05:59:00 CDT 2025: Checking if NextJS server is running...
/Users/sim/Project2/scripts/../scripts/run-simple-scheduled-reports.sh: line 16: node: command not found
Wed Jun  4 05:59:01 CDT 2025: NextJS server is not running. Skipping scheduled reports check.
Wed Jun  4 06:00:00 CDT 2025: Running scheduled reports
Wed Jun  4 06:00:00 CDT 2025: Checking if NextJS server is running...
/Users/sim/Project2/scripts/../scripts/run-simple-scheduled-reports.sh: line 16: node: command not found
Wed Jun  4 06:00:00 CDT 2025: NextJS server is not running. Skipping scheduled reports check.
Wed Jun  4 06:01:00 CDT 2025: Checking if NextJS server is running...
Wed Jun  4 06:01:00 CDT 2025: Running scheduled reports
/Users/sim/Project2/scripts/../scripts/run-simple-scheduled-reports.sh: line 16: node: command not found
Wed Jun  4 06:01:00 CDT 2025: NextJS server is not running. Skipping scheduled reports check.
Wed Jun  4 06:02:00 CDT 2025: Checking if NextJS server is running...
Wed Jun  4 06:02:00 CDT 2025: Running scheduled reports
/Users/sim/Project2/scripts/../scripts/run-simple-scheduled-reports.sh: line 16: node: command not found
Wed Jun  4 06:02:00 CDT 2025: NextJS server is not running. Skipping scheduled reports check.
Wed Jun  4 06:03:00 CDT 2025: Running scheduled reports
Wed Jun  4 06:03:00 CDT 2025: Checking if NextJS server is running...
/Users/sim/Project2/scripts/../scripts/run-simple-scheduled-reports.sh: line 16: node: command not found
Wed Jun  4 06:03:01 CDT 2025: NextJS server is not running. Skipping scheduled reports check.
Wed Jun  4 06:04:00 CDT 2025: Running scheduled reports
Wed Jun  4 06:04:00 CDT 2025: Checking if NextJS server is running...
/Users/sim/Project2/scripts/../scripts/run-simple-scheduled-reports.sh: line 16: node: command not found
Wed Jun  4 06:04:00 CDT 2025: NextJS server is not running. Skipping scheduled reports check.
Wed Jun  4 06:05:00 CDT 2025: Checking if NextJS server is running...
Wed Jun  4 06:05:00 CDT 2025: Running scheduled reports
/Users/sim/Project2/scripts/../scripts/run-simple-scheduled-reports.sh: line 16: node: command not found
Wed Jun  4 06:05:00 CDT 2025: NextJS server is not running. Skipping scheduled reports check.
Wed Jun  4 06:06:00 CDT 2025: Checking if NextJS server is running...
Wed Jun  4 06:06:00 CDT 2025: Running scheduled reports
/Users/sim/Project2/scripts/../scripts/run-simple-scheduled-reports.sh: line 16: node: command not found
Wed Jun  4 06:06:00 CDT 2025: NextJS server is not running. Skipping scheduled reports check.
Wed Jun  4 06:07:00 CDT 2025: Checking if NextJS server is running...
Wed Jun  4 06:07:00 CDT 2025: Running scheduled reports
/Users/sim/Project2/scripts/../scripts/run-simple-scheduled-reports.sh: line 16: node: command not found
Wed Jun  4 06:07:00 CDT 2025: NextJS server is not running. Skipping scheduled reports check.
Wed Jun  4 06:08:00 CDT 2025: Running scheduled reports
Wed Jun  4 06:08:00 CDT 2025: Checking if NextJS server is running...
/Users/sim/Project2/scripts/../scripts/run-simple-scheduled-reports.sh: line 16: node: command not found
Wed Jun  4 06:08:00 CDT 2025: NextJS server is not running. Skipping scheduled reports check.
Wed Jun  4 06:09:01 CDT 2025: Checking if NextJS server is running...
Wed Jun  4 06:09:01 CDT 2025: Running scheduled reports
/Users/sim/Project2/scripts/../scripts/run-simple-scheduled-reports.sh: line 16: node: command not found
Wed Jun  4 06:09:01 CDT 2025: NextJS server is not running. Skipping scheduled reports check.
Wed Jun  4 06:10:00 CDT 2025: Running scheduled reports
Wed Jun  4 06:10:00 CDT 2025: Checking if NextJS server is running...
/Users/sim/Project2/scripts/../scripts/run-simple-scheduled-reports.sh: line 16: node: command not found
Wed Jun  4 06:10:00 CDT 2025: NextJS server is not running. Skipping scheduled reports check.
Wed Jun  4 06:11:00 CDT 2025: Checking if NextJS server is running...
Wed Jun  4 06:11:00 CDT 2025: Running scheduled reports
/Users/sim/Project2/scripts/../scripts/run-simple-scheduled-reports.sh: line 16: node: command not found
Wed Jun  4 06:11:00 CDT 2025: NextJS server is not running. Skipping scheduled reports check.
Wed Jun  4 06:12:00 CDT 2025: Checking if NextJS server is running...
Wed Jun  4 06:12:00 CDT 2025: Running scheduled reports
/Users/sim/Project2/scripts/../scripts/run-simple-scheduled-reports.sh: line 16: node: command not found
Wed Jun  4 06:12:00 CDT 2025: NextJS server is not running. Skipping scheduled reports check.
Wed Jun  4 06:13:00 CDT 2025: Running scheduled reports
Wed Jun  4 06:13:00 CDT 2025: Checking if NextJS server is running...
/Users/sim/Project2/scripts/../scripts/run-simple-scheduled-reports.sh: line 16: node: command not found
Wed Jun  4 06:13:00 CDT 2025: NextJS server is not running. Skipping scheduled reports check.
Wed Jun  4 06:14:01 CDT 2025: Running scheduled reports
Wed Jun  4 06:14:01 CDT 2025: Checking if NextJS server is running...
/Users/sim/Project2/scripts/../scripts/run-simple-scheduled-reports.sh: line 16: node: command not found
Wed Jun  4 06:14:01 CDT 2025: NextJS server is not running. Skipping scheduled reports check.
Wed Jun  4 06:15:00 CDT 2025: Running scheduled reports
Wed Jun  4 06:15:00 CDT 2025: Checking if NextJS server is running...
/Users/sim/Project2/scripts/../scripts/run-simple-scheduled-reports.sh: line 16: node: command not found
Wed Jun  4 06:15:00 CDT 2025: NextJS server is not running. Skipping scheduled reports check.
Wed Jun  4 06:16:00 CDT 2025: Checking if NextJS server is running...
Wed Jun  4 06:16:00 CDT 2025: Running scheduled reports
/Users/sim/Project2/scripts/../scripts/run-simple-scheduled-reports.sh: line 16: node: command not found
Wed Jun  4 06:16:00 CDT 2025: NextJS server is not running. Skipping scheduled reports check.
Wed Jun  4 06:17:00 CDT 2025: Running scheduled reports
Wed Jun  4 06:17:00 CDT 2025: Checking if NextJS server is running...
/Users/sim/Project2/scripts/../scripts/run-simple-scheduled-reports.sh: line 16: node: command not found
Wed Jun  4 06:17:00 CDT 2025: NextJS server is not running. Skipping scheduled reports check.
Wed Jun  4 06:18:00 CDT 2025: Running scheduled reports
Wed Jun  4 06:18:00 CDT 2025: Checking if NextJS server is running...
/Users/sim/Project2/scripts/../scripts/run-simple-scheduled-reports.sh: line 16: node: command not found
Wed Jun  4 06:18:00 CDT 2025: NextJS server is not running. Skipping scheduled reports check.
Wed Jun  4 06:19:01 CDT 2025: Running scheduled reports
Wed Jun  4 06:19:01 CDT 2025: Checking if NextJS server is running...
/Users/sim/Project2/scripts/../scripts/run-simple-scheduled-reports.sh: line 16: node: command not found
Wed Jun  4 06:19:01 CDT 2025: NextJS server is not running. Skipping scheduled reports check.
Wed Jun  4 06:20:00 CDT 2025: Checking if NextJS server is running...
Wed Jun  4 06:20:00 CDT 2025: Running scheduled reports
/Users/sim/Project2/scripts/../scripts/run-simple-scheduled-reports.sh: line 16: node: command not found
Wed Jun  4 06:20:00 CDT 2025: NextJS server is not running. Skipping scheduled reports check.
Wed Jun  4 06:21:00 CDT 2025: Checking if NextJS server is running...
Wed Jun  4 06:21:00 CDT 2025: Running scheduled reports
/Users/sim/Project2/scripts/../scripts/run-simple-scheduled-reports.sh: line 16: node: command not found
Wed Jun  4 06:21:00 CDT 2025: NextJS server is not running. Skipping scheduled reports check.
Wed Jun  4 06:22:00 CDT 2025: Running scheduled reports
Wed Jun  4 06:22:00 CDT 2025: Checking if NextJS server is running...
/Users/sim/Project2/scripts/../scripts/run-simple-scheduled-reports.sh: line 16: node: command not found
Wed Jun  4 06:22:00 CDT 2025: NextJS server is not running. Skipping scheduled reports check.
Wed Jun  4 06:23:00 CDT 2025: Checking if NextJS server is running...
Wed Jun  4 06:23:00 CDT 2025: Running scheduled reports
/Users/sim/Project2/scripts/../scripts/run-simple-scheduled-reports.sh: line 16: node: command not found
Wed Jun  4 06:23:00 CDT 2025: NextJS server is not running. Skipping scheduled reports check.
Wed Jun  4 06:24:00 CDT 2025: Running scheduled reports
Wed Jun  4 06:24:00 CDT 2025: Checking if NextJS server is running...
/Users/sim/Project2/scripts/../scripts/run-simple-scheduled-reports.sh: line 16: node: command not found
Wed Jun  4 06:24:01 CDT 2025: NextJS server is not running. Skipping scheduled reports check.
Wed Jun  4 06:25:00 CDT 2025: Running scheduled reports
Wed Jun  4 06:25:00 CDT 2025: Checking if NextJS server is running...
/Users/sim/Project2/scripts/../scripts/run-simple-scheduled-reports.sh: line 16: node: command not found
Wed Jun  4 06:25:00 CDT 2025: NextJS server is not running. Skipping scheduled reports check.
Wed Jun  4 06:26:00 CDT 2025: Running scheduled reports
Wed Jun  4 06:26:00 CDT 2025: Checking if NextJS server is running...
/Users/sim/Project2/scripts/../scripts/run-simple-scheduled-reports.sh: line 16: node: command not found
Wed Jun  4 06:26:00 CDT 2025: NextJS server is not running. Skipping scheduled reports check.
Wed Jun  4 06:27:00 CDT 2025: Running scheduled reports
Wed Jun  4 06:27:00 CDT 2025: Checking if NextJS server is running...
/Users/sim/Project2/scripts/../scripts/run-simple-scheduled-reports.sh: line 16: node: command not found
Wed Jun  4 06:27:00 CDT 2025: NextJS server is not running. Skipping scheduled reports check.
Wed Jun  4 06:28:00 CDT 2025: Running scheduled reports
Wed Jun  4 06:28:00 CDT 2025: Checking if NextJS server is running...
/Users/sim/Project2/scripts/../scripts/run-simple-scheduled-reports.sh: line 16: node: command not found
Wed Jun  4 06:28:01 CDT 2025: NextJS server is not running. Skipping scheduled reports check.
Wed Jun  4 06:29:00 CDT 2025: Checking if NextJS server is running...
Wed Jun  4 06:29:00 CDT 2025: Running scheduled reports
/Users/sim/Project2/scripts/../scripts/run-simple-scheduled-reports.sh: line 16: node: command not found
Wed Jun  4 06:29:00 CDT 2025: NextJS server is not running. Skipping scheduled reports check.
Wed Jun  4 06:30:00 CDT 2025: Running scheduled reports
Wed Jun  4 06:30:00 CDT 2025: Checking if NextJS server is running...
/Users/sim/Project2/scripts/../scripts/run-simple-scheduled-reports.sh: line 16: node: command not found
Wed Jun  4 06:30:00 CDT 2025: NextJS server is not running. Skipping scheduled reports check.
Wed Jun  4 06:31:00 CDT 2025: Checking if NextJS server is running...
Wed Jun  4 06:31:00 CDT 2025: Running scheduled reports
/Users/sim/Project2/scripts/../scripts/run-simple-scheduled-reports.sh: line 16: node: command not found
Wed Jun  4 06:31:00 CDT 2025: NextJS server is not running. Skipping scheduled reports check.
Wed Jun  4 06:32:00 CDT 2025: Running scheduled reports
Wed Jun  4 06:32:00 CDT 2025: Checking if NextJS server is running...
/Users/sim/Project2/scripts/../scripts/run-simple-scheduled-reports.sh: line 16: node: command not found
Wed Jun  4 06:32:00 CDT 2025: NextJS server is not running. Skipping scheduled reports check.
Wed Jun  4 06:33:00 CDT 2025: Running scheduled reports
Wed Jun  4 06:33:00 CDT 2025: Checking if NextJS server is running...
/Users/sim/Project2/scripts/../scripts/run-simple-scheduled-reports.sh: line 16: node: command not found
Wed Jun  4 06:33:00 CDT 2025: NextJS server is not running. Skipping scheduled reports check.
Wed Jun  4 06:34:01 CDT 2025: Running scheduled reports
Wed Jun  4 06:34:01 CDT 2025: Checking if NextJS server is running...
/Users/sim/Project2/scripts/../scripts/run-simple-scheduled-reports.sh: line 16: node: command not found
Wed Jun  4 06:34:01 CDT 2025: NextJS server is not running. Skipping scheduled reports check.
Wed Jun  4 06:35:00 CDT 2025: Running scheduled reports
Wed Jun  4 06:35:00 CDT 2025: Checking if NextJS server is running...
/Users/sim/Project2/scripts/../scripts/run-simple-scheduled-reports.sh: line 16: node: command not found
Wed Jun  4 06:35:00 CDT 2025: NextJS server is not running. Skipping scheduled reports check.
Wed Jun  4 06:36:00 CDT 2025: Running scheduled reports
Wed Jun  4 06:36:00 CDT 2025: Checking if NextJS server is running...
/Users/sim/Project2/scripts/../scripts/run-simple-scheduled-reports.sh: line 16: node: command not found
Wed Jun  4 06:36:00 CDT 2025: NextJS server is not running. Skipping scheduled reports check.
Wed Jun  4 06:37:00 CDT 2025: Running scheduled reports
Wed Jun  4 06:37:00 CDT 2025: Checking if NextJS server is running...
/Users/sim/Project2/scripts/../scripts/run-simple-scheduled-reports.sh: line 16: node: command not found
Wed Jun  4 06:37:00 CDT 2025: NextJS server is not running. Skipping scheduled reports check.
Wed Jun  4 06:38:00 CDT 2025: Checking if NextJS server is running...
Wed Jun  4 06:38:00 CDT 2025: Running scheduled reports
/Users/sim/Project2/scripts/../scripts/run-simple-scheduled-reports.sh: line 16: node: command not found
Wed Jun  4 06:38:00 CDT 2025: NextJS server is not running. Skipping scheduled reports check.
Wed Jun  4 06:39:00 CDT 2025: Running scheduled reports
Wed Jun  4 06:39:00 CDT 2025: Checking if NextJS server is running...
/Users/sim/Project2/scripts/../scripts/run-simple-scheduled-reports.sh: line 16: node: command not found
Wed Jun  4 06:39:00 CDT 2025: NextJS server is not running. Skipping scheduled reports check.
Wed Jun  4 06:40:01 CDT 2025: Running scheduled reports
Wed Jun  4 06:40:01 CDT 2025: Checking if NextJS server is running...
/Users/sim/Project2/scripts/../scripts/run-simple-scheduled-reports.sh: line 16: node: command not found
Wed Jun  4 06:40:01 CDT 2025: NextJS server is not running. Skipping scheduled reports check.
Wed Jun  4 06:41:00 CDT 2025: Checking if NextJS server is running...
Wed Jun  4 06:41:00 CDT 2025: Running scheduled reports
/Users/sim/Project2/scripts/../scripts/run-simple-scheduled-reports.sh: line 16: node: command not found
Wed Jun  4 06:41:00 CDT 2025: NextJS server is not running. Skipping scheduled reports check.
Wed Jun  4 06:42:00 CDT 2025: Running scheduled reports
Wed Jun  4 06:42:00 CDT 2025: Checking if NextJS server is running...
/Users/sim/Project2/scripts/../scripts/run-simple-scheduled-reports.sh: line 16: node: command not found
Wed Jun  4 06:42:00 CDT 2025: NextJS server is not running. Skipping scheduled reports check.
Wed Jun  4 06:43:00 CDT 2025: Running scheduled reports
Wed Jun  4 06:43:00 CDT 2025: Checking if NextJS server is running...
/Users/sim/Project2/scripts/../scripts/run-simple-scheduled-reports.sh: line 16: node: command not found
Wed Jun  4 06:43:00 CDT 2025: NextJS server is not running. Skipping scheduled reports check.
Wed Jun  4 06:44:01 CDT 2025: Running scheduled reports
Wed Jun  4 06:44:01 CDT 2025: Checking if NextJS server is running...
/Users/sim/Project2/scripts/../scripts/run-simple-scheduled-reports.sh: line 16: node: command not found
Wed Jun  4 06:44:04 CDT 2025: NextJS server is not running. Skipping scheduled reports check.
Wed Jun  4 06:45:00 CDT 2025: Running scheduled reports
Wed Jun  4 06:45:00 CDT 2025: Checking if NextJS server is running...
/Users/sim/Project2/scripts/../scripts/run-simple-scheduled-reports.sh: line 16: node: command not found
Wed Jun  4 06:45:00 CDT 2025: NextJS server is not running. Skipping scheduled reports check.
Wed Jun  4 06:46:00 CDT 2025: Running scheduled reports
Wed Jun  4 06:46:00 CDT 2025: Checking if NextJS server is running...
/Users/sim/Project2/scripts/../scripts/run-simple-scheduled-reports.sh: line 16: node: command not found
Wed Jun  4 06:46:00 CDT 2025: NextJS server is not running. Skipping scheduled reports check.
Wed Jun  4 06:47:00 CDT 2025: Running scheduled reports
Wed Jun  4 06:47:00 CDT 2025: Checking if NextJS server is running...
/Users/sim/Project2/scripts/../scripts/run-simple-scheduled-reports.sh: line 16: node: command not found
Wed Jun  4 06:47:00 CDT 2025: NextJS server is not running. Skipping scheduled reports check.
Wed Jun  4 06:48:00 CDT 2025: Running scheduled reports
Wed Jun  4 06:48:00 CDT 2025: Checking if NextJS server is running...
/Users/sim/Project2/scripts/../scripts/run-simple-scheduled-reports.sh: line 16: node: command not found
Wed Jun  4 06:48:01 CDT 2025: NextJS server is not running. Skipping scheduled reports check.
Wed Jun  4 06:49:00 CDT 2025: Checking if NextJS server is running...
Wed Jun  4 06:49:00 CDT 2025: Running scheduled reports
/Users/sim/Project2/scripts/../scripts/run-simple-scheduled-reports.sh: line 16: node: command not found
Wed Jun  4 06:49:00 CDT 2025: NextJS server is not running. Skipping scheduled reports check.
Wed Jun  4 06:50:00 CDT 2025: Checking if NextJS server is running...
Wed Jun  4 06:50:00 CDT 2025: Running scheduled reports
/Users/sim/Project2/scripts/../scripts/run-simple-scheduled-reports.sh: line 16: node: command not found
Wed Jun  4 06:50:00 CDT 2025: NextJS server is not running. Skipping scheduled reports check.
Wed Jun  4 06:51:00 CDT 2025: Running scheduled reports
Wed Jun  4 06:51:00 CDT 2025: Checking if NextJS server is running...
/Users/sim/Project2/scripts/../scripts/run-simple-scheduled-reports.sh: line 16: node: command not found
Wed Jun  4 06:51:00 CDT 2025: NextJS server is not running. Skipping scheduled reports check.
Wed Jun  4 06:52:00 CDT 2025: Running scheduled reports
Wed Jun  4 06:52:00 CDT 2025: Checking if NextJS server is running...
/Users/sim/Project2/scripts/../scripts/run-simple-scheduled-reports.sh: line 16: node: command not found
Wed Jun  4 06:52:00 CDT 2025: NextJS server is not running. Skipping scheduled reports check.
Wed Jun  4 06:53:00 CDT 2025: Running scheduled reports
Wed Jun  4 06:53:00 CDT 2025: Checking if NextJS server is running...
/Users/sim/Project2/scripts/../scripts/run-simple-scheduled-reports.sh: line 16: node: command not found
Wed Jun  4 06:53:00 CDT 2025: NextJS server is not running. Skipping scheduled reports check.
Wed Jun  4 06:54:00 CDT 2025: Running scheduled reports
Wed Jun  4 06:54:00 CDT 2025: Checking if NextJS server is running...
/Users/sim/Project2/scripts/../scripts/run-simple-scheduled-reports.sh: line 16: node: command not found
Wed Jun  4 06:54:00 CDT 2025: NextJS server is not running. Skipping scheduled reports check.
Wed Jun  4 06:55:01 CDT 2025: Checking if NextJS server is running...
Wed Jun  4 06:55:01 CDT 2025: Running scheduled reports
/Users/sim/Project2/scripts/../scripts/run-simple-scheduled-reports.sh: line 16: node: command not found
Wed Jun  4 06:55:01 CDT 2025: NextJS server is not running. Skipping scheduled reports check.
Wed Jun  4 06:56:00 CDT 2025: Running scheduled reports
Wed Jun  4 06:56:00 CDT 2025: Checking if NextJS server is running...
/Users/sim/Project2/scripts/../scripts/run-simple-scheduled-reports.sh: line 16: node: command not found
Wed Jun  4 06:56:00 CDT 2025: NextJS server is not running. Skipping scheduled reports check.
Wed Jun  4 06:57:00 CDT 2025: Running scheduled reports
Wed Jun  4 06:57:00 CDT 2025: Checking if NextJS server is running...
/Users/sim/Project2/scripts/../scripts/run-simple-scheduled-reports.sh: line 16: node: command not found
Wed Jun  4 06:57:00 CDT 2025: NextJS server is not running. Skipping scheduled reports check.
Wed Jun  4 06:58:01 CDT 2025: Checking if NextJS server is running...
Wed Jun  4 06:58:01 CDT 2025: Running scheduled reports
/Users/sim/Project2/scripts/../scripts/run-simple-scheduled-reports.sh: line 16: node: command not found
Wed Jun  4 06:58:01 CDT 2025: NextJS server is not running. Skipping scheduled reports check.
Wed Jun  4 06:59:00 CDT 2025: Running scheduled reports
Wed Jun  4 06:59:00 CDT 2025: Checking if NextJS server is running...
/Users/sim/Project2/scripts/../scripts/run-simple-scheduled-reports.sh: line 16: node: command not found
Wed Jun  4 06:59:00 CDT 2025: NextJS server is not running. Skipping scheduled reports check.
Wed Jun  4 07:00:00 CDT 2025: Running scheduled reports
Wed Jun  4 07:00:00 CDT 2025: Checking if NextJS server is running...
/Users/sim/Project2/scripts/../scripts/run-simple-scheduled-reports.sh: line 16: node: command not found
Wed Jun  4 07:00:00 CDT 2025: NextJS server is not running. Skipping scheduled reports check.
Wed Jun  4 07:01:00 CDT 2025: Running scheduled reports
Wed Jun  4 07:01:00 CDT 2025: Checking if NextJS server is running...
/Users/sim/Project2/scripts/../scripts/run-simple-scheduled-reports.sh: line 16: node: command not found
Wed Jun  4 07:01:00 CDT 2025: NextJS server is not running. Skipping scheduled reports check.
Wed Jun  4 07:02:00 CDT 2025: Running scheduled reports
Wed Jun  4 07:02:00 CDT 2025: Checking if NextJS server is running...
/Users/sim/Project2/scripts/../scripts/run-simple-scheduled-reports.sh: line 16: node: command not found
Wed Jun  4 07:02:00 CDT 2025: NextJS server is not running. Skipping scheduled reports check.
Wed Jun  4 07:03:01 CDT 2025: Checking if NextJS server is running...
Wed Jun  4 07:03:01 CDT 2025: Running scheduled reports
/Users/sim/Project2/scripts/../scripts/run-simple-scheduled-reports.sh: line 16: node: command not found
Wed Jun  4 07:03:01 CDT 2025: NextJS server is not running. Skipping scheduled reports check.
Wed Jun  4 07:04:00 CDT 2025: Running scheduled reports
Wed Jun  4 07:04:00 CDT 2025: Checking if NextJS server is running...
/Users/sim/Project2/scripts/../scripts/run-simple-scheduled-reports.sh: line 16: node: command not found
Wed Jun  4 07:04:00 CDT 2025: NextJS server is not running. Skipping scheduled reports check.
Wed Jun  4 07:05:00 CDT 2025: Checking if NextJS server is running...
Wed Jun  4 07:05:00 CDT 2025: Running scheduled reports
/Users/sim/Project2/scripts/../scripts/run-simple-scheduled-reports.sh: line 16: node: command not found
Wed Jun  4 07:05:00 CDT 2025: NextJS server is not running. Skipping scheduled reports check.
Wed Jun  4 07:06:00 CDT 2025: Running scheduled reports
Wed Jun  4 07:06:00 CDT 2025: Checking if NextJS server is running...
/Users/sim/Project2/scripts/../scripts/run-simple-scheduled-reports.sh: line 16: node: command not found
Wed Jun  4 07:06:00 CDT 2025: NextJS server is not running. Skipping scheduled reports check.
Wed Jun  4 07:07:00 CDT 2025: Checking if NextJS server is running...
Wed Jun  4 07:07:00 CDT 2025: Running scheduled reports
/Users/sim/Project2/scripts/../scripts/run-simple-scheduled-reports.sh: line 16: node: command not found
Wed Jun  4 07:07:01 CDT 2025: NextJS server is not running. Skipping scheduled reports check.
Wed Jun  4 07:08:00 CDT 2025: Running scheduled reports
Wed Jun  4 07:08:00 CDT 2025: Checking if NextJS server is running...
/Users/sim/Project2/scripts/../scripts/run-simple-scheduled-reports.sh: line 16: node: command not found
Wed Jun  4 07:08:00 CDT 2025: NextJS server is not running. Skipping scheduled reports check.
Wed Jun  4 07:09:00 CDT 2025: Running scheduled reports
Wed Jun  4 07:09:00 CDT 2025: Checking if NextJS server is running...
/Users/sim/Project2/scripts/../scripts/run-simple-scheduled-reports.sh: line 16: node: command not found
Wed Jun  4 07:09:00 CDT 2025: NextJS server is not running. Skipping scheduled reports check.
Wed Jun  4 07:10:00 CDT 2025: Running scheduled reports
Wed Jun  4 07:10:00 CDT 2025: Checking if NextJS server is running...
/Users/sim/Project2/scripts/../scripts/run-simple-scheduled-reports.sh: line 16: node: command not found
Wed Jun  4 07:10:00 CDT 2025: NextJS server is not running. Skipping scheduled reports check.
Wed Jun  4 07:11:00 CDT 2025: Running scheduled reports
Wed Jun  4 07:11:00 CDT 2025: Checking if NextJS server is running...
/Users/sim/Project2/scripts/../scripts/run-simple-scheduled-reports.sh: line 16: node: command not found
Wed Jun  4 07:11:00 CDT 2025: NextJS server is not running. Skipping scheduled reports check.
Wed Jun  4 07:12:00 CDT 2025: Checking if NextJS server is running...
Wed Jun  4 07:12:00 CDT 2025: Running scheduled reports
/Users/sim/Project2/scripts/../scripts/run-simple-scheduled-reports.sh: line 16: node: command not found
Wed Jun  4 07:12:00 CDT 2025: NextJS server is not running. Skipping scheduled reports check.
Wed Jun  4 07:13:00 CDT 2025: Running scheduled reports
Wed Jun  4 07:13:00 CDT 2025: Checking if NextJS server is running...
/Users/sim/Project2/scripts/../scripts/run-simple-scheduled-reports.sh: line 16: node: command not found
Wed Jun  4 07:13:00 CDT 2025: NextJS server is not running. Skipping scheduled reports check.
Wed Jun  4 07:14:01 CDT 2025: Running scheduled reports
Wed Jun  4 07:14:01 CDT 2025: Checking if NextJS server is running...
/Users/sim/Project2/scripts/../scripts/run-simple-scheduled-reports.sh: line 16: node: command not found
Wed Jun  4 07:14:01 CDT 2025: NextJS server is not running. Skipping scheduled reports check.
Wed Jun  4 07:15:00 CDT 2025: Checking if NextJS server is running...
Wed Jun  4 07:15:00 CDT 2025: Running scheduled reports
/Users/sim/Project2/scripts/../scripts/run-simple-scheduled-reports.sh: line 16: node: command not found
Wed Jun  4 07:15:00 CDT 2025: NextJS server is not running. Skipping scheduled reports check.
Wed Jun  4 07:16:00 CDT 2025: Checking if NextJS server is running...
Wed Jun  4 07:16:00 CDT 2025: Running scheduled reports
/Users/sim/Project2/scripts/../scripts/run-simple-scheduled-reports.sh: line 16: node: command not found
Wed Jun  4 07:16:00 CDT 2025: NextJS server is not running. Skipping scheduled reports check.
Wed Jun  4 07:17:00 CDT 2025: Running scheduled reports
Wed Jun  4 07:17:00 CDT 2025: Checking if NextJS server is running...
/Users/sim/Project2/scripts/../scripts/run-simple-scheduled-reports.sh: line 16: node: command not found
Wed Jun  4 07:17:00 CDT 2025: NextJS server is not running. Skipping scheduled reports check.
Wed Jun  4 07:18:00 CDT 2025: Running scheduled reports
Wed Jun  4 07:18:00 CDT 2025: Checking if NextJS server is running...
/Users/sim/Project2/scripts/../scripts/run-simple-scheduled-reports.sh: line 16: node: command not found
Wed Jun  4 07:18:00 CDT 2025: NextJS server is not running. Skipping scheduled reports check.
Wed Jun  4 07:19:00 CDT 2025: Checking if NextJS server is running...
Wed Jun  4 07:19:00 CDT 2025: Running scheduled reports
/Users/sim/Project2/scripts/../scripts/run-simple-scheduled-reports.sh: line 16: node: command not found
Wed Jun  4 07:19:00 CDT 2025: NextJS server is not running. Skipping scheduled reports check.
Wed Jun  4 07:20:01 CDT 2025: Running scheduled reports
Wed Jun  4 07:20:01 CDT 2025: Checking if NextJS server is running...
/Users/sim/Project2/scripts/../scripts/run-simple-scheduled-reports.sh: line 16: node: command not found
Wed Jun  4 07:20:01 CDT 2025: NextJS server is not running. Skipping scheduled reports check.
Wed Jun  4 07:21:00 CDT 2025: Checking if NextJS server is running...
Wed Jun  4 07:21:00 CDT 2025: Running scheduled reports
/Users/sim/Project2/scripts/../scripts/run-simple-scheduled-reports.sh: line 16: node: command not found
Wed Jun  4 07:21:00 CDT 2025: NextJS server is not running. Skipping scheduled reports check.
Wed Jun  4 07:22:00 CDT 2025: Checking if NextJS server is running...
Wed Jun  4 07:22:00 CDT 2025: Running scheduled reports
/Users/sim/Project2/scripts/../scripts/run-simple-scheduled-reports.sh: line 16: node: command not found
Wed Jun  4 07:22:00 CDT 2025: NextJS server is not running. Skipping scheduled reports check.
Wed Jun  4 07:23:00 CDT 2025: Running scheduled reports
Wed Jun  4 07:23:00 CDT 2025: Checking if NextJS server is running...
/Users/sim/Project2/scripts/../scripts/run-simple-scheduled-reports.sh: line 16: node: command not found
Wed Jun  4 07:23:00 CDT 2025: NextJS server is not running. Skipping scheduled reports check.
Wed Jun  4 07:24:00 CDT 2025: Running scheduled reports
Wed Jun  4 07:24:00 CDT 2025: Checking if NextJS server is running...
/Users/sim/Project2/scripts/../scripts/run-simple-scheduled-reports.sh: line 16: node: command not found
Wed Jun  4 07:24:00 CDT 2025: NextJS server is not running. Skipping scheduled reports check.
Wed Jun  4 07:25:00 CDT 2025: Running scheduled reports
Wed Jun  4 07:25:00 CDT 2025: Checking if NextJS server is running...
/Users/sim/Project2/scripts/../scripts/run-simple-scheduled-reports.sh: line 16: node: command not found
Wed Jun  4 07:25:01 CDT 2025: NextJS server is not running. Skipping scheduled reports check.
Wed Jun  4 07:26:00 CDT 2025: Checking if NextJS server is running...
Wed Jun  4 07:26:00 CDT 2025: Running scheduled reports
/Users/sim/Project2/scripts/../scripts/run-simple-scheduled-reports.sh: line 16: node: command not found
Wed Jun  4 07:26:00 CDT 2025: NextJS server is not running. Skipping scheduled reports check.
Wed Jun  4 07:27:00 CDT 2025: Checking if NextJS server is running...
Wed Jun  4 07:27:00 CDT 2025: Running scheduled reports
/Users/sim/Project2/scripts/../scripts/run-simple-scheduled-reports.sh: line 16: node: command not found
Wed Jun  4 07:27:00 CDT 2025: NextJS server is not running. Skipping scheduled reports check.
Wed Jun  4 07:28:00 CDT 2025: Running scheduled reports
Wed Jun  4 07:28:00 CDT 2025: Checking if NextJS server is running...
/Users/sim/Project2/scripts/../scripts/run-simple-scheduled-reports.sh: line 16: node: command not found
Wed Jun  4 07:28:00 CDT 2025: NextJS server is not running. Skipping scheduled reports check.
Wed Jun  4 07:29:00 CDT 2025: Checking if NextJS server is running...
Wed Jun  4 07:29:00 CDT 2025: Running scheduled reports
/Users/sim/Project2/scripts/../scripts/run-simple-scheduled-reports.sh: line 16: node: command not found
Wed Jun  4 07:29:00 CDT 2025: NextJS server is not running. Skipping scheduled reports check.
Wed Jun  4 07:30:00 CDT 2025: Running scheduled reports
Wed Jun  4 07:30:00 CDT 2025: Checking if NextJS server is running...
/Users/sim/Project2/scripts/../scripts/run-simple-scheduled-reports.sh: line 16: node: command not found
Wed Jun  4 07:30:01 CDT 2025: NextJS server is not running. Skipping scheduled reports check.
Wed Jun  4 07:31:00 CDT 2025: Running scheduled reports
Wed Jun  4 07:31:00 CDT 2025: Checking if NextJS server is running...
/Users/sim/Project2/scripts/../scripts/run-simple-scheduled-reports.sh: line 16: node: command not found
Wed Jun  4 07:31:00 CDT 2025: NextJS server is not running. Skipping scheduled reports check.
Wed Jun  4 07:32:00 CDT 2025: Running scheduled reports
Wed Jun  4 07:32:00 CDT 2025: Checking if NextJS server is running...
/Users/sim/Project2/scripts/../scripts/run-simple-scheduled-reports.sh: line 16: node: command not found
Wed Jun  4 07:32:00 CDT 2025: NextJS server is not running. Skipping scheduled reports check.
Wed Jun  4 07:33:01 CDT 2025: Checking if NextJS server is running...
Wed Jun  4 07:33:01 CDT 2025: Running scheduled reports
/Users/sim/Project2/scripts/../scripts/run-simple-scheduled-reports.sh: line 16: node: command not found
Wed Jun  4 07:33:01 CDT 2025: NextJS server is not running. Skipping scheduled reports check.
Wed Jun  4 07:34:00 CDT 2025: Running scheduled reports
Wed Jun  4 07:34:00 CDT 2025: Checking if NextJS server is running...
/Users/sim/Project2/scripts/../scripts/run-simple-scheduled-reports.sh: line 16: node: command not found
Wed Jun  4 07:34:00 CDT 2025: NextJS server is not running. Skipping scheduled reports check.
Wed Jun  4 07:35:00 CDT 2025: Running scheduled reports
Wed Jun  4 07:35:00 CDT 2025: Checking if NextJS server is running...
/Users/sim/Project2/scripts/../scripts/run-simple-scheduled-reports.sh: line 16: node: command not found
Wed Jun  4 07:35:00 CDT 2025: NextJS server is not running. Skipping scheduled reports check.
Wed Jun  4 07:36:00 CDT 2025: Checking if NextJS server is running...
Wed Jun  4 07:36:00 CDT 2025: Running scheduled reports
/Users/sim/Project2/scripts/../scripts/run-simple-scheduled-reports.sh: line 16: node: command not found
Wed Jun  4 07:36:00 CDT 2025: NextJS server is not running. Skipping scheduled reports check.
Wed Jun  4 07:37:00 CDT 2025: Checking if NextJS server is running...
Wed Jun  4 07:37:00 CDT 2025: Running scheduled reports
/Users/sim/Project2/scripts/../scripts/run-simple-scheduled-reports.sh: line 16: node: command not found
Wed Jun  4 07:37:00 CDT 2025: NextJS server is not running. Skipping scheduled reports check.
Wed Jun  4 07:38:01 CDT 2025: Running scheduled reports
Wed Jun  4 07:38:01 CDT 2025: Checking if NextJS server is running...
/Users/sim/Project2/scripts/../scripts/run-simple-scheduled-reports.sh: line 16: node: command not found
Wed Jun  4 07:38:01 CDT 2025: NextJS server is not running. Skipping scheduled reports check.
Wed Jun  4 07:39:00 CDT 2025: Running scheduled reports
Wed Jun  4 07:39:00 CDT 2025: Checking if NextJS server is running...
/Users/sim/Project2/scripts/../scripts/run-simple-scheduled-reports.sh: line 16: node: command not found
Wed Jun  4 07:39:00 CDT 2025: NextJS server is not running. Skipping scheduled reports check.
Wed Jun  4 07:40:00 CDT 2025: Checking if NextJS server is running...
Wed Jun  4 07:40:00 CDT 2025: Running scheduled reports
/Users/sim/Project2/scripts/../scripts/run-simple-scheduled-reports.sh: line 16: node: command not found
Wed Jun  4 07:40:00 CDT 2025: NextJS server is not running. Skipping scheduled reports check.
Wed Jun  4 07:41:00 CDT 2025: Running scheduled reports
Wed Jun  4 07:41:00 CDT 2025: Checking if NextJS server is running...
/Users/sim/Project2/scripts/../scripts/run-simple-scheduled-reports.sh: line 16: node: command not found
Wed Jun  4 07:41:00 CDT 2025: NextJS server is not running. Skipping scheduled reports check.
Wed Jun  4 07:42:00 CDT 2025: Running scheduled reports
Wed Jun  4 07:42:00 CDT 2025: Checking if NextJS server is running...
/Users/sim/Project2/scripts/../scripts/run-simple-scheduled-reports.sh: line 16: node: command not found
Wed Jun  4 07:42:00 CDT 2025: NextJS server is not running. Skipping scheduled reports check.
Wed Jun  4 07:43:01 CDT 2025: Checking if NextJS server is running...
Wed Jun  4 07:43:01 CDT 2025: Running scheduled reports
/Users/sim/Project2/scripts/../scripts/run-simple-scheduled-reports.sh: line 16: node: command not found
Wed Jun  4 07:43:01 CDT 2025: NextJS server is not running. Skipping scheduled reports check.
Wed Jun  4 07:44:00 CDT 2025: Running scheduled reports
Wed Jun  4 07:44:00 CDT 2025: Checking if NextJS server is running...
/Users/sim/Project2/scripts/../scripts/run-simple-scheduled-reports.sh: line 16: node: command not found
Wed Jun  4 07:44:00 CDT 2025: NextJS server is not running. Skipping scheduled reports check.
Wed Jun  4 07:45:00 CDT 2025: Checking if NextJS server is running...
Wed Jun  4 07:45:00 CDT 2025: Running scheduled reports
/Users/sim/Project2/scripts/../scripts/run-simple-scheduled-reports.sh: line 16: node: command not found
Wed Jun  4 07:45:00 CDT 2025: NextJS server is not running. Skipping scheduled reports check.
Wed Jun  4 07:46:00 CDT 2025: Checking if NextJS server is running...
Wed Jun  4 07:46:00 CDT 2025: Running scheduled reports
/Users/sim/Project2/scripts/../scripts/run-simple-scheduled-reports.sh: line 16: node: command not found
Wed Jun  4 07:46:00 CDT 2025: NextJS server is not running. Skipping scheduled reports check.
Wed Jun  4 07:47:00 CDT 2025: Running scheduled reports
Wed Jun  4 07:47:00 CDT 2025: Checking if NextJS server is running...
/Users/sim/Project2/scripts/../scripts/run-simple-scheduled-reports.sh: line 16: node: command not found
Wed Jun  4 07:47:00 CDT 2025: NextJS server is not running. Skipping scheduled reports check.
Wed Jun  4 07:48:00 CDT 2025: Checking if NextJS server is running...
Wed Jun  4 07:48:00 CDT 2025: Running scheduled reports
/Users/sim/Project2/scripts/../scripts/run-simple-scheduled-reports.sh: line 16: node: command not found
Wed Jun  4 07:48:00 CDT 2025: NextJS server is not running. Skipping scheduled reports check.
Wed Jun  4 07:49:01 CDT 2025: Checking if NextJS server is running...
Wed Jun  4 07:49:01 CDT 2025: Running scheduled reports
/Users/sim/Project2/scripts/../scripts/run-simple-scheduled-reports.sh: line 16: node: command not found
Wed Jun  4 07:49:01 CDT 2025: NextJS server is not running. Skipping scheduled reports check.
Wed Jun  4 07:50:00 CDT 2025: Checking if NextJS server is running...
Wed Jun  4 07:50:00 CDT 2025: Running scheduled reports
/Users/sim/Project2/scripts/../scripts/run-simple-scheduled-reports.sh: line 16: node: command not found
Wed Jun  4 07:50:00 CDT 2025: NextJS server is not running. Skipping scheduled reports check.
Wed Jun  4 07:51:00 CDT 2025: Running scheduled reports
Wed Jun  4 07:51:00 CDT 2025: Checking if NextJS server is running...
/Users/sim/Project2/scripts/../scripts/run-simple-scheduled-reports.sh: line 16: node: command not found
Wed Jun  4 07:51:00 CDT 2025: NextJS server is not running. Skipping scheduled reports check.
Wed Jun  4 07:52:00 CDT 2025: Checking if NextJS server is running...
Wed Jun  4 07:52:00 CDT 2025: Running scheduled reports
/Users/sim/Project2/scripts/../scripts/run-simple-scheduled-reports.sh: line 16: node: command not found
Wed Jun  4 07:52:00 CDT 2025: NextJS server is not running. Skipping scheduled reports check.
Wed Jun  4 07:53:00 CDT 2025: Running scheduled reports
Wed Jun  4 07:53:00 CDT 2025: Checking if NextJS server is running...
/Users/sim/Project2/scripts/../scripts/run-simple-scheduled-reports.sh: line 16: node: command not found
Wed Jun  4 07:53:00 CDT 2025: NextJS server is not running. Skipping scheduled reports check.
Wed Jun  4 07:54:01 CDT 2025: Checking if NextJS server is running...
Wed Jun  4 07:54:01 CDT 2025: Running scheduled reports
/Users/sim/Project2/scripts/../scripts/run-simple-scheduled-reports.sh: line 16: node: command not found
Wed Jun  4 07:54:01 CDT 2025: NextJS server is not running. Skipping scheduled reports check.
Wed Jun  4 07:55:00 CDT 2025: Running scheduled reports
Wed Jun  4 07:55:00 CDT 2025: Checking if NextJS server is running...
/Users/sim/Project2/scripts/../scripts/run-simple-scheduled-reports.sh: line 16: node: command not found
Wed Jun  4 07:55:00 CDT 2025: NextJS server is not running. Skipping scheduled reports check.
Wed Jun  4 07:56:00 CDT 2025: Checking if NextJS server is running...
Wed Jun  4 07:56:00 CDT 2025: Running scheduled reports
/Users/sim/Project2/scripts/../scripts/run-simple-scheduled-reports.sh: line 16: node: command not found
Wed Jun  4 07:56:00 CDT 2025: NextJS server is not running. Skipping scheduled reports check.
Wed Jun  4 07:57:00 CDT 2025: Running scheduled reports
Wed Jun  4 07:57:00 CDT 2025: Checking if NextJS server is running...
/Users/sim/Project2/scripts/../scripts/run-simple-scheduled-reports.sh: line 16: node: command not found
Wed Jun  4 07:57:00 CDT 2025: NextJS server is not running. Skipping scheduled reports check.
Wed Jun  4 07:58:00 CDT 2025: Checking if NextJS server is running...
Wed Jun  4 07:58:00 CDT 2025: Running scheduled reports
/Users/sim/Project2/scripts/../scripts/run-simple-scheduled-reports.sh: line 16: node: command not found
Wed Jun  4 07:58:00 CDT 2025: NextJS server is not running. Skipping scheduled reports check.
Wed Jun  4 07:59:01 CDT 2025: Checking if NextJS server is running...
Wed Jun  4 07:59:01 CDT 2025: Running scheduled reports
/Users/sim/Project2/scripts/../scripts/run-simple-scheduled-reports.sh: line 16: node: command not found
Wed Jun  4 07:59:01 CDT 2025: NextJS server is not running. Skipping scheduled reports check.
Wed Jun  4 08:00:00 CDT 2025: Checking if NextJS server is running...
Wed Jun  4 08:00:00 CDT 2025: Running scheduled reports
/Users/sim/Project2/scripts/../scripts/run-simple-scheduled-reports.sh: line 16: node: command not found
Wed Jun  4 08:00:00 CDT 2025: NextJS server is not running. Skipping scheduled reports check.
Wed Jun  4 08:01:00 CDT 2025: Running scheduled reports
Wed Jun  4 08:01:00 CDT 2025: Checking if NextJS server is running...
/Users/sim/Project2/scripts/../scripts/run-simple-scheduled-reports.sh: line 16: node: command not found
Wed Jun  4 08:01:00 CDT 2025: NextJS server is not running. Skipping scheduled reports check.
Wed Jun  4 08:02:00 CDT 2025: Running scheduled reports
Wed Jun  4 08:02:00 CDT 2025: Checking if NextJS server is running...
/Users/sim/Project2/scripts/../scripts/run-simple-scheduled-reports.sh: line 16: node: command not found
Wed Jun  4 08:02:00 CDT 2025: NextJS server is not running. Skipping scheduled reports check.
Wed Jun  4 08:03:00 CDT 2025: Running scheduled reports
Wed Jun  4 08:03:00 CDT 2025: Checking if NextJS server is running...
/Users/sim/Project2/scripts/../scripts/run-simple-scheduled-reports.sh: line 16: node: command not found
Wed Jun  4 08:03:00 CDT 2025: NextJS server is not running. Skipping scheduled reports check.
Wed Jun  4 08:04:00 CDT 2025: Checking if NextJS server is running...
Wed Jun  4 08:04:00 CDT 2025: Running scheduled reports
/Users/sim/Project2/scripts/../scripts/run-simple-scheduled-reports.sh: line 16: node: command not found
Wed Jun  4 08:04:00 CDT 2025: NextJS server is not running. Skipping scheduled reports check.
Wed Jun  4 08:05:01 CDT 2025: Checking if NextJS server is running...
Wed Jun  4 08:05:01 CDT 2025: Running scheduled reports
/Users/sim/Project2/scripts/../scripts/run-simple-scheduled-reports.sh: line 16: node: command not found
Wed Jun  4 08:05:01 CDT 2025: NextJS server is not running. Skipping scheduled reports check.
Wed Jun  4 08:06:00 CDT 2025: Running scheduled reports
Wed Jun  4 08:06:00 CDT 2025: Checking if NextJS server is running...
/Users/sim/Project2/scripts/../scripts/run-simple-scheduled-reports.sh: line 16: node: command not found
Wed Jun  4 08:06:00 CDT 2025: NextJS server is not running. Skipping scheduled reports check.
Wed Jun  4 08:07:00 CDT 2025: Checking if NextJS server is running...
Wed Jun  4 08:07:00 CDT 2025: Running scheduled reports
/Users/sim/Project2/scripts/../scripts/run-simple-scheduled-reports.sh: line 16: node: command not found
Wed Jun  4 08:07:00 CDT 2025: NextJS server is not running. Skipping scheduled reports check.
Wed Jun  4 08:08:00 CDT 2025: Running scheduled reports
Wed Jun  4 08:08:00 CDT 2025: Checking if NextJS server is running...
/Users/sim/Project2/scripts/../scripts/run-simple-scheduled-reports.sh: line 16: node: command not found
Wed Jun  4 08:08:01 CDT 2025: NextJS server is not running. Skipping scheduled reports check.
Wed Jun  4 08:09:00 CDT 2025: Running scheduled reports
Wed Jun  4 08:09:00 CDT 2025: Checking if NextJS server is running...
/Users/sim/Project2/scripts/../scripts/run-simple-scheduled-reports.sh: line 16: node: command not found
Wed Jun  4 08:09:00 CDT 2025: NextJS server is not running. Skipping scheduled reports check.
Wed Jun  4 08:10:00 CDT 2025: Running scheduled reports
Wed Jun  4 08:10:00 CDT 2025: Checking if NextJS server is running...
/Users/sim/Project2/scripts/../scripts/run-simple-scheduled-reports.sh: line 16: node: command not found
Wed Jun  4 08:10:00 CDT 2025: NextJS server is not running. Skipping scheduled reports check.
Wed Jun  4 08:11:00 CDT 2025: Running scheduled reports
Wed Jun  4 08:11:00 CDT 2025: Checking if NextJS server is running...
/Users/sim/Project2/scripts/../scripts/run-simple-scheduled-reports.sh: line 16: node: command not found
Wed Jun  4 08:11:00 CDT 2025: NextJS server is not running. Skipping scheduled reports check.
Wed Jun  4 08:12:00 CDT 2025: Checking if NextJS server is running...
Wed Jun  4 08:12:00 CDT 2025: Running scheduled reports
/Users/sim/Project2/scripts/../scripts/run-simple-scheduled-reports.sh: line 16: node: command not found
Wed Jun  4 08:12:01 CDT 2025: NextJS server is not running. Skipping scheduled reports check.
Wed Jun  4 08:13:00 CDT 2025: Checking if NextJS server is running...
Wed Jun  4 08:13:00 CDT 2025: Running scheduled reports
/Users/sim/Project2/scripts/../scripts/run-simple-scheduled-reports.sh: line 16: node: command not found
Wed Jun  4 08:13:00 CDT 2025: NextJS server is not running. Skipping scheduled reports check.
Wed Jun  4 08:14:00 CDT 2025: Running scheduled reports
Wed Jun  4 08:14:00 CDT 2025: Checking if NextJS server is running...
/Users/sim/Project2/scripts/../scripts/run-simple-scheduled-reports.sh: line 16: node: command not found
Wed Jun  4 08:14:00 CDT 2025: NextJS server is not running. Skipping scheduled reports check.
Wed Jun  4 08:15:00 CDT 2025: Running scheduled reports
Wed Jun  4 08:15:00 CDT 2025: Checking if NextJS server is running...
/Users/sim/Project2/scripts/../scripts/run-simple-scheduled-reports.sh: line 16: node: command not found
Wed Jun  4 08:15:00 CDT 2025: NextJS server is not running. Skipping scheduled reports check.
Wed Jun  4 08:16:00 CDT 2025: Checking if NextJS server is running...
Wed Jun  4 08:16:00 CDT 2025: Running scheduled reports
/Users/sim/Project2/scripts/../scripts/run-simple-scheduled-reports.sh: line 16: node: command not found
Wed Jun  4 08:16:00 CDT 2025: NextJS server is not running. Skipping scheduled reports check.
Wed Jun  4 08:17:00 CDT 2025: Running scheduled reports
Wed Jun  4 08:17:00 CDT 2025: Checking if NextJS server is running...
/Users/sim/Project2/scripts/../scripts/run-simple-scheduled-reports.sh: line 16: node: command not found
Wed Jun  4 08:17:00 CDT 2025: NextJS server is not running. Skipping scheduled reports check.
Wed Jun  4 08:18:01 CDT 2025: Running scheduled reports
Wed Jun  4 08:18:01 CDT 2025: Checking if NextJS server is running...
/Users/sim/Project2/scripts/../scripts/run-simple-scheduled-reports.sh: line 16: node: command not found
Wed Jun  4 08:18:01 CDT 2025: NextJS server is not running. Skipping scheduled reports check.
Wed Jun  4 08:19:00 CDT 2025: Running scheduled reports
Wed Jun  4 08:19:00 CDT 2025: Checking if NextJS server is running...
/Users/sim/Project2/scripts/../scripts/run-simple-scheduled-reports.sh: line 16: node: command not found
Wed Jun  4 08:19:00 CDT 2025: NextJS server is not running. Skipping scheduled reports check.
Wed Jun  4 08:20:00 CDT 2025: Running scheduled reports
Wed Jun  4 08:20:00 CDT 2025: Checking if NextJS server is running...
/Users/sim/Project2/scripts/../scripts/run-simple-scheduled-reports.sh: line 16: node: command not found
Wed Jun  4 08:20:00 CDT 2025: NextJS server is not running. Skipping scheduled reports check.
Wed Jun  4 08:21:00 CDT 2025: Checking if NextJS server is running...
Wed Jun  4 08:21:00 CDT 2025: Running scheduled reports
/Users/sim/Project2/scripts/../scripts/run-simple-scheduled-reports.sh: line 16: node: command not found
Wed Jun  4 08:21:00 CDT 2025: NextJS server is not running. Skipping scheduled reports check.
Wed Jun  4 08:22:00 CDT 2025: Running scheduled reports
Wed Jun  4 08:22:00 CDT 2025: Checking if NextJS server is running...
/Users/sim/Project2/scripts/../scripts/run-simple-scheduled-reports.sh: line 16: node: command not found
Wed Jun  4 08:22:00 CDT 2025: NextJS server is not running. Skipping scheduled reports check.
Wed Jun  4 08:23:00 CDT 2025: Running scheduled reports
Wed Jun  4 08:23:00 CDT 2025: Checking if NextJS server is running...
/Users/sim/Project2/scripts/../scripts/run-simple-scheduled-reports.sh: line 16: node: command not found
Wed Jun  4 08:23:01 CDT 2025: NextJS server is not running. Skipping scheduled reports check.
Wed Jun  4 08:24:00 CDT 2025: Checking if NextJS server is running...
Wed Jun  4 08:24:00 CDT 2025: Running scheduled reports
/Users/sim/Project2/scripts/../scripts/run-simple-scheduled-reports.sh: line 16: node: command not found
Wed Jun  4 08:24:00 CDT 2025: NextJS server is not running. Skipping scheduled reports check.
Wed Jun  4 08:25:00 CDT 2025: Checking if NextJS server is running...
Wed Jun  4 08:25:00 CDT 2025: Running scheduled reports
/Users/sim/Project2/scripts/../scripts/run-simple-scheduled-reports.sh: line 16: node: command not found
Wed Jun  4 08:25:00 CDT 2025: NextJS server is not running. Skipping scheduled reports check.
Wed Jun  4 08:26:00 CDT 2025: Checking if NextJS server is running...
Wed Jun  4 08:26:00 CDT 2025: Running scheduled reports
/Users/sim/Project2/scripts/../scripts/run-simple-scheduled-reports.sh: line 16: node: command not found
Wed Jun  4 08:26:00 CDT 2025: NextJS server is not running. Skipping scheduled reports check.
Wed Jun  4 08:27:00 CDT 2025: Checking if NextJS server is running...
Wed Jun  4 08:27:00 CDT 2025: Running scheduled reports
/Users/sim/Project2/scripts/../scripts/run-simple-scheduled-reports.sh: line 16: node: command not found
Wed Jun  4 08:27:00 CDT 2025: NextJS server is not running. Skipping scheduled reports check.
Wed Jun  4 08:28:00 CDT 2025: Running scheduled reports
Wed Jun  4 08:28:00 CDT 2025: Checking if NextJS server is running...
/Users/sim/Project2/scripts/../scripts/run-simple-scheduled-reports.sh: line 16: node: command not found
Wed Jun  4 08:28:00 CDT 2025: NextJS server is not running. Skipping scheduled reports check.
Wed Jun  4 08:29:00 CDT 2025: Running scheduled reports
Wed Jun  4 08:29:00 CDT 2025: Checking if NextJS server is running...
/Users/sim/Project2/scripts/../scripts/run-simple-scheduled-reports.sh: line 16: node: command not found
Wed Jun  4 08:29:00 CDT 2025: NextJS server is not running. Skipping scheduled reports check.
Wed Jun  4 08:30:01 CDT 2025: Checking if NextJS server is running...
Wed Jun  4 08:30:01 CDT 2025: Running scheduled reports
/Users/sim/Project2/scripts/../scripts/run-simple-scheduled-reports.sh: line 16: node: command not found
Wed Jun  4 08:30:01 CDT 2025: NextJS server is not running. Skipping scheduled reports check.
Wed Jun  4 08:31:00 CDT 2025: Running scheduled reports
Wed Jun  4 08:31:00 CDT 2025: Checking if NextJS server is running...
/Users/sim/Project2/scripts/../scripts/run-simple-scheduled-reports.sh: line 16: node: command not found
Wed Jun  4 08:31:00 CDT 2025: NextJS server is not running. Skipping scheduled reports check.
Wed Jun  4 08:32:00 CDT 2025: Running scheduled reports
Wed Jun  4 08:32:00 CDT 2025: Checking if NextJS server is running...
/Users/sim/Project2/scripts/../scripts/run-simple-scheduled-reports.sh: line 16: node: command not found
Wed Jun  4 08:32:00 CDT 2025: NextJS server is not running. Skipping scheduled reports check.
Wed Jun  4 08:33:00 CDT 2025: Running scheduled reports
Wed Jun  4 08:33:00 CDT 2025: Checking if NextJS server is running...
/Users/sim/Project2/scripts/../scripts/run-simple-scheduled-reports.sh: line 16: node: command not found
Wed Jun  4 08:33:00 CDT 2025: NextJS server is not running. Skipping scheduled reports check.
Wed Jun  4 08:34:00 CDT 2025: Running scheduled reports
Wed Jun  4 08:34:00 CDT 2025: Checking if NextJS server is running...
/Users/sim/Project2/scripts/../scripts/run-simple-scheduled-reports.sh: line 16: node: command not found
Wed Jun  4 08:34:00 CDT 2025: NextJS server is not running. Skipping scheduled reports check.
Wed Jun  4 08:35:00 CDT 2025: Running scheduled reports
Wed Jun  4 08:35:00 CDT 2025: Checking if NextJS server is running...
/Users/sim/Project2/scripts/../scripts/run-simple-scheduled-reports.sh: line 16: node: command not found
Wed Jun  4 08:35:00 CDT 2025: NextJS server is not running. Skipping scheduled reports check.
Wed Jun  4 08:36:00 CDT 2025: Checking if NextJS server is running...
Wed Jun  4 08:36:00 CDT 2025: Running scheduled reports
/Users/sim/Project2/scripts/../scripts/run-simple-scheduled-reports.sh: line 16: node: command not found
Wed Jun  4 08:36:00 CDT 2025: NextJS server is not running. Skipping scheduled reports check.
Wed Jun  4 08:37:01 CDT 2025: Running scheduled reports
Wed Jun  4 08:37:01 CDT 2025: Checking if NextJS server is running...
/Users/sim/Project2/scripts/../scripts/run-simple-scheduled-reports.sh: line 16: node: command not found
Wed Jun  4 08:37:01 CDT 2025: NextJS server is not running. Skipping scheduled reports check.
Wed Jun  4 08:38:00 CDT 2025: Checking if NextJS server is running...
Wed Jun  4 08:38:00 CDT 2025: Running scheduled reports
/Users/sim/Project2/scripts/../scripts/run-simple-scheduled-reports.sh: line 16: node: command not found
Wed Jun  4 08:38:00 CDT 2025: NextJS server is not running. Skipping scheduled reports check.
Wed Jun  4 08:39:00 CDT 2025: Running scheduled reports
Wed Jun  4 08:39:00 CDT 2025: Checking if NextJS server is running...
/Users/sim/Project2/scripts/../scripts/run-simple-scheduled-reports.sh: line 16: node: command not found
Wed Jun  4 08:39:00 CDT 2025: NextJS server is not running. Skipping scheduled reports check.
Wed Jun  4 08:40:00 CDT 2025: Checking if NextJS server is running...
Wed Jun  4 08:40:00 CDT 2025: Running scheduled reports
/Users/sim/Project2/scripts/../scripts/run-simple-scheduled-reports.sh: line 16: node: command not found
Wed Jun  4 08:40:00 CDT 2025: NextJS server is not running. Skipping scheduled reports check.
Wed Jun  4 08:41:00 CDT 2025: Checking if NextJS server is running...
Wed Jun  4 08:41:00 CDT 2025: Running scheduled reports
/Users/sim/Project2/scripts/../scripts/run-simple-scheduled-reports.sh: line 16: node: command not found
Wed Jun  4 08:41:00 CDT 2025: NextJS server is not running. Skipping scheduled reports check.
Wed Jun  4 08:42:00 CDT 2025: Running scheduled reports
Wed Jun  4 08:42:00 CDT 2025: Checking if NextJS server is running...
/Users/sim/Project2/scripts/../scripts/run-simple-scheduled-reports.sh: line 16: node: command not found
Wed Jun  4 08:42:00 CDT 2025: NextJS server is not running. Skipping scheduled reports check.
Wed Jun  4 08:43:01 CDT 2025: Checking if NextJS server is running...
Wed Jun  4 08:43:01 CDT 2025: Running scheduled reports
/Users/sim/Project2/scripts/../scripts/run-simple-scheduled-reports.sh: line 16: node: command not found
Wed Jun  4 08:43:01 CDT 2025: NextJS server is not running. Skipping scheduled reports check.
Wed Jun  4 08:44:00 CDT 2025: Running scheduled reports
Wed Jun  4 08:44:00 CDT 2025: Checking if NextJS server is running...
/Users/sim/Project2/scripts/../scripts/run-simple-scheduled-reports.sh: line 16: node: command not found
Wed Jun  4 08:44:00 CDT 2025: NextJS server is not running. Skipping scheduled reports check.
Wed Jun  4 08:45:00 CDT 2025: Running scheduled reports
Wed Jun  4 08:45:00 CDT 2025: Checking if NextJS server is running...
/Users/sim/Project2/scripts/../scripts/run-simple-scheduled-reports.sh: line 16: node: command not found
Wed Jun  4 08:45:00 CDT 2025: NextJS server is not running. Skipping scheduled reports check.
Wed Jun  4 08:46:00 CDT 2025: Checking if NextJS server is running...
Wed Jun  4 08:46:00 CDT 2025: Running scheduled reports
/Users/sim/Project2/scripts/../scripts/run-simple-scheduled-reports.sh: line 16: node: command not found
Wed Jun  4 08:46:00 CDT 2025: NextJS server is not running. Skipping scheduled reports check.
Wed Jun  4 08:47:00 CDT 2025: Checking if NextJS server is running...
Wed Jun  4 08:47:00 CDT 2025: Running scheduled reports
/Users/sim/Project2/scripts/../scripts/run-simple-scheduled-reports.sh: line 16: node: command not found
Wed Jun  4 08:47:00 CDT 2025: NextJS server is not running. Skipping scheduled reports check.
Wed Jun  4 08:48:01 CDT 2025: Running scheduled reports
Wed Jun  4 08:48:01 CDT 2025: Checking if NextJS server is running...
/Users/sim/Project2/scripts/../scripts/run-simple-scheduled-reports.sh: line 16: node: command not found
Wed Jun  4 08:48:01 CDT 2025: NextJS server is not running. Skipping scheduled reports check.
Wed Jun  4 08:49:00 CDT 2025: Running scheduled reports
Wed Jun  4 08:49:00 CDT 2025: Checking if NextJS server is running...
/Users/sim/Project2/scripts/../scripts/run-simple-scheduled-reports.sh: line 16: node: command not found
Wed Jun  4 08:49:00 CDT 2025: NextJS server is not running. Skipping scheduled reports check.
Wed Jun  4 08:50:00 CDT 2025: Checking if NextJS server is running...
Wed Jun  4 08:50:00 CDT 2025: Running scheduled reports
/Users/sim/Project2/scripts/../scripts/run-simple-scheduled-reports.sh: line 16: node: command not found
Wed Jun  4 08:50:00 CDT 2025: NextJS server is not running. Skipping scheduled reports check.
Wed Jun  4 08:51:00 CDT 2025: Running scheduled reports
Wed Jun  4 08:51:00 CDT 2025: Checking if NextJS server is running...
/Users/sim/Project2/scripts/../scripts/run-simple-scheduled-reports.sh: line 16: node: command not found
Wed Jun  4 08:51:00 CDT 2025: NextJS server is not running. Skipping scheduled reports check.
Wed Jun  4 08:52:00 CDT 2025: Checking if NextJS server is running...
Wed Jun  4 08:52:00 CDT 2025: Running scheduled reports
/Users/sim/Project2/scripts/../scripts/run-simple-scheduled-reports.sh: line 16: node: command not found
Wed Jun  4 08:52:00 CDT 2025: NextJS server is not running. Skipping scheduled reports check.
Wed Jun  4 08:53:00 CDT 2025: Running scheduled reports
Wed Jun  4 08:53:00 CDT 2025: Checking if NextJS server is running...
/Users/sim/Project2/scripts/../scripts/run-simple-scheduled-reports.sh: line 16: node: command not found
Wed Jun  4 08:53:00 CDT 2025: NextJS server is not running. Skipping scheduled reports check.
Wed Jun  4 08:54:01 CDT 2025: Running scheduled reports
Wed Jun  4 08:54:01 CDT 2025: Checking if NextJS server is running...
/Users/sim/Project2/scripts/../scripts/run-simple-scheduled-reports.sh: line 16: node: command not found
Wed Jun  4 08:54:01 CDT 2025: NextJS server is not running. Skipping scheduled reports check.
Wed Jun  4 08:55:00 CDT 2025: Checking if NextJS server is running...
Wed Jun  4 08:55:00 CDT 2025: Running scheduled reports
/Users/sim/Project2/scripts/../scripts/run-simple-scheduled-reports.sh: line 16: node: command not found
Wed Jun  4 08:55:00 CDT 2025: NextJS server is not running. Skipping scheduled reports check.
Wed Jun  4 08:56:00 CDT 2025: Checking if NextJS server is running...
Wed Jun  4 08:56:00 CDT 2025: Running scheduled reports
/Users/sim/Project2/scripts/../scripts/run-simple-scheduled-reports.sh: line 16: node: command not found
Wed Jun  4 08:56:00 CDT 2025: NextJS server is not running. Skipping scheduled reports check.
Wed Jun  4 08:57:00 CDT 2025: Running scheduled reports
Wed Jun  4 08:57:00 CDT 2025: Checking if NextJS server is running...
/Users/sim/Project2/scripts/../scripts/run-simple-scheduled-reports.sh: line 16: node: command not found
Wed Jun  4 08:57:00 CDT 2025: NextJS server is not running. Skipping scheduled reports check.
Wed Jun  4 08:58:00 CDT 2025: Running scheduled reports
Wed Jun  4 08:58:00 CDT 2025: Checking if NextJS server is running...
/Users/sim/Project2/scripts/../scripts/run-simple-scheduled-reports.sh: line 16: node: command not found
Wed Jun  4 08:58:00 CDT 2025: NextJS server is not running. Skipping scheduled reports check.
Wed Jun  4 08:59:01 CDT 2025: Checking if NextJS server is running...
Wed Jun  4 08:59:01 CDT 2025: Running scheduled reports
/Users/sim/Project2/scripts/../scripts/run-simple-scheduled-reports.sh: line 16: node: command not found
Wed Jun  4 08:59:01 CDT 2025: NextJS server is not running. Skipping scheduled reports check.
Wed Jun  4 09:00:00 CDT 2025: Checking if NextJS server is running...
Wed Jun  4 09:00:00 CDT 2025: Running scheduled reports
/Users/sim/Project2/scripts/../scripts/run-simple-scheduled-reports.sh: line 16: node: command not found
Wed Jun  4 09:00:01 CDT 2025: NextJS server is not running. Skipping scheduled reports check.
Wed Jun  4 09:01:00 CDT 2025: Running scheduled reports
Wed Jun  4 09:01:00 CDT 2025: Checking if NextJS server is running...
/Users/sim/Project2/scripts/../scripts/run-simple-scheduled-reports.sh: line 16: node: command not found
Wed Jun  4 09:01:00 CDT 2025: NextJS server is not running. Skipping scheduled reports check.
Wed Jun  4 09:02:00 CDT 2025: Checking if NextJS server is running...
Wed Jun  4 09:02:00 CDT 2025: Running scheduled reports
/Users/sim/Project2/scripts/../scripts/run-simple-scheduled-reports.sh: line 16: node: command not found
Wed Jun  4 09:02:00 CDT 2025: NextJS server is not running. Skipping scheduled reports check.
Wed Jun  4 09:03:00 CDT 2025: Checking if NextJS server is running...
Wed Jun  4 09:03:00 CDT 2025: Running scheduled reports
/Users/sim/Project2/scripts/../scripts/run-simple-scheduled-reports.sh: line 16: node: command not found
Wed Jun  4 09:03:00 CDT 2025: NextJS server is not running. Skipping scheduled reports check.
Wed Jun  4 09:04:00 CDT 2025: Checking if NextJS server is running...
Wed Jun  4 09:04:00 CDT 2025: Running scheduled reports
/Users/sim/Project2/scripts/../scripts/run-simple-scheduled-reports.sh: line 16: node: command not found
Wed Jun  4 09:04:00 CDT 2025: NextJS server is not running. Skipping scheduled reports check.
Wed Jun  4 09:05:01 CDT 2025: Running scheduled reports
Wed Jun  4 09:05:01 CDT 2025: Checking if NextJS server is running...
/Users/sim/Project2/scripts/../scripts/run-simple-scheduled-reports.sh: line 16: node: command not found
Wed Jun  4 09:05:01 CDT 2025: NextJS server is not running. Skipping scheduled reports check.
Wed Jun  4 09:06:00 CDT 2025: Running scheduled reports
Wed Jun  4 09:06:00 CDT 2025: Checking if NextJS server is running...
/Users/sim/Project2/scripts/../scripts/run-simple-scheduled-reports.sh: line 16: node: command not found
Wed Jun  4 09:06:00 CDT 2025: NextJS server is not running. Skipping scheduled reports check.
Wed Jun  4 09:07:00 CDT 2025: Checking if NextJS server is running...
Wed Jun  4 09:07:00 CDT 2025: Running scheduled reports
/Users/sim/Project2/scripts/../scripts/run-simple-scheduled-reports.sh: line 16: node: command not found
Wed Jun  4 09:07:00 CDT 2025: NextJS server is not running. Skipping scheduled reports check.
Wed Jun  4 09:08:00 CDT 2025: Checking if NextJS server is running...
Wed Jun  4 09:08:00 CDT 2025: Running scheduled reports
/Users/sim/Project2/scripts/../scripts/run-simple-scheduled-reports.sh: line 16: node: command not found
Wed Jun  4 09:08:00 CDT 2025: NextJS server is not running. Skipping scheduled reports check.
Wed Jun  4 09:09:01 CDT 2025: Checking if NextJS server is running...
Wed Jun  4 09:09:01 CDT 2025: Running scheduled reports
/Users/sim/Project2/scripts/../scripts/run-simple-scheduled-reports.sh: line 16: node: command not found
Wed Jun  4 09:09:01 CDT 2025: NextJS server is not running. Skipping scheduled reports check.
Wed Jun  4 09:10:00 CDT 2025: Running scheduled reports
Wed Jun  4 09:10:00 CDT 2025: Checking if NextJS server is running...
/Users/sim/Project2/scripts/../scripts/run-simple-scheduled-reports.sh: line 16: node: command not found
Wed Jun  4 09:10:00 CDT 2025: NextJS server is not running. Skipping scheduled reports check.
Wed Jun  4 09:11:00 CDT 2025: Checking if NextJS server is running...
Wed Jun  4 09:11:00 CDT 2025: Running scheduled reports
/Users/sim/Project2/scripts/../scripts/run-simple-scheduled-reports.sh: line 16: node: command not found
Wed Jun  4 09:11:00 CDT 2025: NextJS server is not running. Skipping scheduled reports check.
Wed Jun  4 09:12:00 CDT 2025: Checking if NextJS server is running...
Wed Jun  4 09:12:00 CDT 2025: Running scheduled reports
/Users/sim/Project2/scripts/../scripts/run-simple-scheduled-reports.sh: line 16: node: command not found
Wed Jun  4 09:12:00 CDT 2025: NextJS server is not running. Skipping scheduled reports check.
Wed Jun  4 09:13:00 CDT 2025: Running scheduled reports
Wed Jun  4 09:13:00 CDT 2025: Checking if NextJS server is running...
/Users/sim/Project2/scripts/../scripts/run-simple-scheduled-reports.sh: line 16: node: command not found
Wed Jun  4 09:13:00 CDT 2025: NextJS server is not running. Skipping scheduled reports check.
Wed Jun  4 09:14:00 CDT 2025: Checking if NextJS server is running...
Wed Jun  4 09:14:00 CDT 2025: Running scheduled reports
/Users/sim/Project2/scripts/../scripts/run-simple-scheduled-reports.sh: line 16: node: command not found
Wed Jun  4 09:14:00 CDT 2025: NextJS server is not running. Skipping scheduled reports check.
Wed Jun  4 09:15:00 CDT 2025: Checking if NextJS server is running...
Wed Jun  4 09:15:00 CDT 2025: Running scheduled reports
/Users/sim/Project2/scripts/../scripts/run-simple-scheduled-reports.sh: line 16: node: command not found
Wed Jun  4 09:15:01 CDT 2025: NextJS server is not running. Skipping scheduled reports check.
Wed Jun  4 09:16:00 CDT 2025: Running scheduled reports
Wed Jun  4 09:16:00 CDT 2025: Checking if NextJS server is running...
/Users/sim/Project2/scripts/../scripts/run-simple-scheduled-reports.sh: line 16: node: command not found
Wed Jun  4 09:16:00 CDT 2025: NextJS server is not running. Skipping scheduled reports check.
Wed Jun  4 09:17:00 CDT 2025: Checking if NextJS server is running...
Wed Jun  4 09:17:00 CDT 2025: Running scheduled reports
/Users/sim/Project2/scripts/../scripts/run-simple-scheduled-reports.sh: line 16: node: command not found
Wed Jun  4 09:17:00 CDT 2025: NextJS server is not running. Skipping scheduled reports check.
Wed Jun  4 09:18:00 CDT 2025: Checking if NextJS server is running...
Wed Jun  4 09:18:00 CDT 2025: Running scheduled reports
/Users/sim/Project2/scripts/../scripts/run-simple-scheduled-reports.sh: line 16: node: command not found
Wed Jun  4 09:18:00 CDT 2025: NextJS server is not running. Skipping scheduled reports check.
Wed Jun  4 09:19:00 CDT 2025: Checking if NextJS server is running...
Wed Jun  4 09:19:00 CDT 2025: Running scheduled reports
/Users/sim/Project2/scripts/../scripts/run-simple-scheduled-reports.sh: line 16: node: command not found
Wed Jun  4 09:19:00 CDT 2025: NextJS server is not running. Skipping scheduled reports check.
Wed Jun  4 09:20:00 CDT 2025: Checking if NextJS server is running...
Wed Jun  4 09:20:00 CDT 2025: Running scheduled reports
/Users/sim/Project2/scripts/../scripts/run-simple-scheduled-reports.sh: line 16: node: command not found
Wed Jun  4 09:20:00 CDT 2025: NextJS server is not running. Skipping scheduled reports check.
Wed Jun  4 09:21:01 CDT 2025: Running scheduled reports
Wed Jun  4 09:21:01 CDT 2025: Checking if NextJS server is running...
/Users/sim/Project2/scripts/../scripts/run-simple-scheduled-reports.sh: line 16: node: command not found
Wed Jun  4 09:21:01 CDT 2025: NextJS server is not running. Skipping scheduled reports check.
Wed Jun  4 09:22:00 CDT 2025: Running scheduled reports
Wed Jun  4 09:22:00 CDT 2025: Checking if NextJS server is running...
/Users/sim/Project2/scripts/../scripts/run-simple-scheduled-reports.sh: line 16: node: command not found
Wed Jun  4 09:22:00 CDT 2025: NextJS server is not running. Skipping scheduled reports check.
Wed Jun  4 09:23:00 CDT 2025: Running scheduled reports
Wed Jun  4 09:23:00 CDT 2025: Checking if NextJS server is running...
/Users/sim/Project2/scripts/../scripts/run-simple-scheduled-reports.sh: line 16: node: command not found
Wed Jun  4 09:23:00 CDT 2025: NextJS server is not running. Skipping scheduled reports check.
Wed Jun  4 09:24:00 CDT 2025: Running scheduled reports
Wed Jun  4 09:24:00 CDT 2025: Checking if NextJS server is running...
/Users/sim/Project2/scripts/../scripts/run-simple-scheduled-reports.sh: line 16: node: command not found
Wed Jun  4 09:24:01 CDT 2025: NextJS server is not running. Skipping scheduled reports check.
Wed Jun  4 09:25:00 CDT 2025: Checking if NextJS server is running...
Wed Jun  4 09:25:00 CDT 2025: Running scheduled reports
/Users/sim/Project2/scripts/../scripts/run-simple-scheduled-reports.sh: line 16: node: command not found
Wed Jun  4 09:25:00 CDT 2025: NextJS server is not running. Skipping scheduled reports check.
Wed Jun  4 09:26:00 CDT 2025: Running scheduled reports
Wed Jun  4 09:26:00 CDT 2025: Checking if NextJS server is running...
/Users/sim/Project2/scripts/../scripts/run-simple-scheduled-reports.sh: line 16: node: command not found
Wed Jun  4 09:26:00 CDT 2025: NextJS server is not running. Skipping scheduled reports check.
Wed Jun  4 09:27:00 CDT 2025: Running scheduled reports
Wed Jun  4 09:27:00 CDT 2025: Checking if NextJS server is running...
/Users/sim/Project2/scripts/../scripts/run-simple-scheduled-reports.sh: line 16: node: command not found
Wed Jun  4 09:27:00 CDT 2025: NextJS server is not running. Skipping scheduled reports check.
Wed Jun  4 09:28:00 CDT 2025: Checking if NextJS server is running...
Wed Jun  4 09:28:00 CDT 2025: Running scheduled reports
/Users/sim/Project2/scripts/../scripts/run-simple-scheduled-reports.sh: line 16: node: command not found
Wed Jun  4 09:28:00 CDT 2025: NextJS server is not running. Skipping scheduled reports check.
Wed Jun  4 09:29:00 CDT 2025: Running scheduled reports
Wed Jun  4 09:29:00 CDT 2025: Checking if NextJS server is running...
/Users/sim/Project2/scripts/../scripts/run-simple-scheduled-reports.sh: line 16: node: command not found
Wed Jun  4 09:29:00 CDT 2025: NextJS server is not running. Skipping scheduled reports check.
Wed Jun  4 09:30:00 CDT 2025: Checking if NextJS server is running...
Wed Jun  4 09:30:00 CDT 2025: Running scheduled reports
/Users/sim/Project2/scripts/../scripts/run-simple-scheduled-reports.sh: line 16: node: command not found
Wed Jun  4 09:30:01 CDT 2025: NextJS server is not running. Skipping scheduled reports check.
Wed Jun  4 09:31:00 CDT 2025: Running scheduled reports
Wed Jun  4 09:31:00 CDT 2025: Checking if NextJS server is running...
/Users/sim/Project2/scripts/../scripts/run-simple-scheduled-reports.sh: line 16: node: command not found
Wed Jun  4 09:31:00 CDT 2025: NextJS server is not running. Skipping scheduled reports check.
Wed Jun  4 09:32:00 CDT 2025: Running scheduled reports
Wed Jun  4 09:32:00 CDT 2025: Checking if NextJS server is running...
/Users/sim/Project2/scripts/../scripts/run-simple-scheduled-reports.sh: line 16: node: command not found
Wed Jun  4 09:32:00 CDT 2025: NextJS server is not running. Skipping scheduled reports check.
Wed Jun  4 09:33:00 CDT 2025: Running scheduled reports
Wed Jun  4 09:33:00 CDT 2025: Checking if NextJS server is running...
/Users/sim/Project2/scripts/../scripts/run-simple-scheduled-reports.sh: line 16: node: command not found
Wed Jun  4 09:33:00 CDT 2025: NextJS server is not running. Skipping scheduled reports check.
Wed Jun  4 09:34:00 CDT 2025: Running scheduled reports
Wed Jun  4 09:34:00 CDT 2025: Checking if NextJS server is running...
/Users/sim/Project2/scripts/../scripts/run-simple-scheduled-reports.sh: line 16: node: command not found
Wed Jun  4 09:34:01 CDT 2025: NextJS server is not running. Skipping scheduled reports check.
Wed Jun  4 09:35:00 CDT 2025: Running scheduled reports
Wed Jun  4 09:35:00 CDT 2025: Checking if NextJS server is running...
/Users/sim/Project2/scripts/../scripts/run-simple-scheduled-reports.sh: line 16: node: command not found
Wed Jun  4 09:35:00 CDT 2025: NextJS server is not running. Skipping scheduled reports check.
Wed Jun  4 09:36:00 CDT 2025: Running scheduled reports
Wed Jun  4 09:36:00 CDT 2025: Checking if NextJS server is running...
/Users/sim/Project2/scripts/../scripts/run-simple-scheduled-reports.sh: line 16: node: command not found
Wed Jun  4 09:36:00 CDT 2025: NextJS server is not running. Skipping scheduled reports check.
Wed Jun  4 09:37:00 CDT 2025: Checking if NextJS server is running...
Wed Jun  4 09:37:00 CDT 2025: Running scheduled reports
/Users/sim/Project2/scripts/../scripts/run-simple-scheduled-reports.sh: line 16: node: command not found
Wed Jun  4 09:37:00 CDT 2025: NextJS server is not running. Skipping scheduled reports check.
Wed Jun  4 09:38:00 CDT 2025: Checking if NextJS server is running...
Wed Jun  4 09:38:00 CDT 2025: Running scheduled reports
/Users/sim/Project2/scripts/../scripts/run-simple-scheduled-reports.sh: line 16: node: command not found
Wed Jun  4 09:38:00 CDT 2025: NextJS server is not running. Skipping scheduled reports check.
Wed Jun  4 09:39:00 CDT 2025: Checking if NextJS server is running...
Wed Jun  4 09:39:00 CDT 2025: Running scheduled reports
/Users/sim/Project2/scripts/../scripts/run-simple-scheduled-reports.sh: line 16: node: command not found
Wed Jun  4 09:39:00 CDT 2025: NextJS server is not running. Skipping scheduled reports check.
Wed Jun  4 09:40:01 CDT 2025: Checking if NextJS server is running...
Wed Jun  4 09:40:01 CDT 2025: Running scheduled reports
/Users/sim/Project2/scripts/../scripts/run-simple-scheduled-reports.sh: line 16: node: command not found
Wed Jun  4 09:40:01 CDT 2025: NextJS server is not running. Skipping scheduled reports check.
Wed Jun  4 09:41:00 CDT 2025: Checking if NextJS server is running...
Wed Jun  4 09:41:00 CDT 2025: Running scheduled reports
/Users/sim/Project2/scripts/../scripts/run-simple-scheduled-reports.sh: line 16: node: command not found
Wed Jun  4 09:41:00 CDT 2025: NextJS server is not running. Skipping scheduled reports check.
Wed Jun  4 09:42:00 CDT 2025: Checking if NextJS server is running...
Wed Jun  4 09:42:00 CDT 2025: Running scheduled reports
/Users/sim/Project2/scripts/../scripts/run-simple-scheduled-reports.sh: line 16: node: command not found
Wed Jun  4 09:42:00 CDT 2025: NextJS server is not running. Skipping scheduled reports check.
Wed Jun  4 09:43:00 CDT 2025: Checking if NextJS server is running...
Wed Jun  4 09:43:00 CDT 2025: Running scheduled reports
/Users/sim/Project2/scripts/../scripts/run-simple-scheduled-reports.sh: line 16: node: command not found
Wed Jun  4 09:43:00 CDT 2025: NextJS server is not running. Skipping scheduled reports check.
Wed Jun  4 09:44:01 CDT 2025: Running scheduled reports
Wed Jun  4 09:44:01 CDT 2025: Checking if NextJS server is running...
/Users/sim/Project2/scripts/../scripts/run-simple-scheduled-reports.sh: line 16: node: command not found
Wed Jun  4 09:44:01 CDT 2025: NextJS server is not running. Skipping scheduled reports check.
Wed Jun  4 09:45:00 CDT 2025: Running scheduled reports
Wed Jun  4 09:45:00 CDT 2025: Checking if NextJS server is running...
/Users/sim/Project2/scripts/../scripts/run-simple-scheduled-reports.sh: line 16: node: command not found
Wed Jun  4 09:45:00 CDT 2025: NextJS server is not running. Skipping scheduled reports check.
Wed Jun  4 09:46:00 CDT 2025: Checking if NextJS server is running...
Wed Jun  4 09:46:00 CDT 2025: Running scheduled reports
/Users/sim/Project2/scripts/../scripts/run-simple-scheduled-reports.sh: line 16: node: command not found
Wed Jun  4 09:46:00 CDT 2025: NextJS server is not running. Skipping scheduled reports check.
Wed Jun  4 09:47:00 CDT 2025: Checking if NextJS server is running...
Wed Jun  4 09:47:00 CDT 2025: Running scheduled reports
/Users/sim/Project2/scripts/../scripts/run-simple-scheduled-reports.sh: line 16: node: command not found
Wed Jun  4 09:47:00 CDT 2025: NextJS server is not running. Skipping scheduled reports check.
Wed Jun  4 09:48:00 CDT 2025: Checking if NextJS server is running...
Wed Jun  4 09:48:00 CDT 2025: Running scheduled reports
/Users/sim/Project2/scripts/../scripts/run-simple-scheduled-reports.sh: line 16: node: command not found
Wed Jun  4 09:48:01 CDT 2025: NextJS server is not running. Skipping scheduled reports check.
Wed Jun  4 09:49:00 CDT 2025: Checking if NextJS server is running...
Wed Jun  4 09:49:00 CDT 2025: Running scheduled reports
/Users/sim/Project2/scripts/../scripts/run-simple-scheduled-reports.sh: line 16: node: command not found
Wed Jun  4 09:49:00 CDT 2025: NextJS server is not running. Skipping scheduled reports check.
Wed Jun  4 09:50:00 CDT 2025: Running scheduled reports
Wed Jun  4 09:50:00 CDT 2025: Checking if NextJS server is running...
/Users/sim/Project2/scripts/../scripts/run-simple-scheduled-reports.sh: line 16: node: command not found
Wed Jun  4 09:50:00 CDT 2025: NextJS server is not running. Skipping scheduled reports check.
Wed Jun  4 09:51:00 CDT 2025: Running scheduled reports
Wed Jun  4 09:51:00 CDT 2025: Checking if NextJS server is running...
/Users/sim/Project2/scripts/../scripts/run-simple-scheduled-reports.sh: line 16: node: command not found
Wed Jun  4 09:51:00 CDT 2025: NextJS server is not running. Skipping scheduled reports check.
Wed Jun  4 09:52:00 CDT 2025: Checking if NextJS server is running...
Wed Jun  4 09:52:00 CDT 2025: Running scheduled reports
/Users/sim/Project2/scripts/../scripts/run-simple-scheduled-reports.sh: line 16: node: command not found
Wed Jun  4 09:52:00 CDT 2025: NextJS server is not running. Skipping scheduled reports check.
Wed Jun  4 09:53:01 CDT 2025: Running scheduled reports
Wed Jun  4 09:53:01 CDT 2025: Checking if NextJS server is running...
/Users/sim/Project2/scripts/../scripts/run-simple-scheduled-reports.sh: line 16: node: command not found
Wed Jun  4 09:53:01 CDT 2025: NextJS server is not running. Skipping scheduled reports check.
Wed Jun  4 09:54:00 CDT 2025: Checking if NextJS server is running...
Wed Jun  4 09:54:00 CDT 2025: Running scheduled reports
/Users/sim/Project2/scripts/../scripts/run-simple-scheduled-reports.sh: line 16: node: command not found
Wed Jun  4 09:54:00 CDT 2025: NextJS server is not running. Skipping scheduled reports check.
Wed Jun  4 09:55:00 CDT 2025: Checking if NextJS server is running...
Wed Jun  4 09:55:00 CDT 2025: Running scheduled reports
/Users/sim/Project2/scripts/../scripts/run-simple-scheduled-reports.sh: line 16: node: command not found
Wed Jun  4 09:55:00 CDT 2025: NextJS server is not running. Skipping scheduled reports check.
Wed Jun  4 09:56:00 CDT 2025: Checking if NextJS server is running...
Wed Jun  4 09:56:00 CDT 2025: Running scheduled reports
/Users/sim/Project2/scripts/../scripts/run-simple-scheduled-reports.sh: line 16: node: command not found
Wed Jun  4 09:56:00 CDT 2025: NextJS server is not running. Skipping scheduled reports check.
Wed Jun  4 09:57:00 CDT 2025: Running scheduled reports
Wed Jun  4 09:57:00 CDT 2025: Checking if NextJS server is running...
/Users/sim/Project2/scripts/../scripts/run-simple-scheduled-reports.sh: line 16: node: command not found
Wed Jun  4 09:57:00 CDT 2025: NextJS server is not running. Skipping scheduled reports check.
Wed Jun  4 09:58:01 CDT 2025: Running scheduled reports
Wed Jun  4 09:58:01 CDT 2025: Checking if NextJS server is running...
/Users/sim/Project2/scripts/../scripts/run-simple-scheduled-reports.sh: line 16: node: command not found
Wed Jun  4 09:58:01 CDT 2025: NextJS server is not running. Skipping scheduled reports check.
Wed Jun  4 09:59:00 CDT 2025: Checking if NextJS server is running...
Wed Jun  4 09:59:00 CDT 2025: Running scheduled reports
/Users/sim/Project2/scripts/../scripts/run-simple-scheduled-reports.sh: line 16: node: command not found
Wed Jun  4 09:59:00 CDT 2025: NextJS server is not running. Skipping scheduled reports check.
Wed Jun  4 10:00:00 CDT 2025: Running scheduled reports
Wed Jun  4 10:00:00 CDT 2025: Checking if NextJS server is running...
/Users/sim/Project2/scripts/../scripts/run-simple-scheduled-reports.sh: line 16: node: command not found
Wed Jun  4 10:00:00 CDT 2025: NextJS server is not running. Skipping scheduled reports check.
Wed Jun  4 10:01:00 CDT 2025: Checking if NextJS server is running...
Wed Jun  4 10:01:00 CDT 2025: Running scheduled reports
/Users/sim/Project2/scripts/../scripts/run-simple-scheduled-reports.sh: line 16: node: command not found
Wed Jun  4 10:01:00 CDT 2025: NextJS server is not running. Skipping scheduled reports check.
Wed Jun  4 10:02:00 CDT 2025: Checking if NextJS server is running...
Wed Jun  4 10:02:00 CDT 2025: Running scheduled reports
/Users/sim/Project2/scripts/../scripts/run-simple-scheduled-reports.sh: line 16: node: command not found
Wed Jun  4 10:02:01 CDT 2025: NextJS server is not running. Skipping scheduled reports check.
Wed Jun  4 10:03:00 CDT 2025: Checking if NextJS server is running...
Wed Jun  4 10:03:00 CDT 2025: Running scheduled reports
/Users/sim/Project2/scripts/../scripts/run-simple-scheduled-reports.sh: line 16: node: command not found
Wed Jun  4 10:03:00 CDT 2025: NextJS server is not running. Skipping scheduled reports check.
Wed Jun  4 10:04:00 CDT 2025: Running scheduled reports
Wed Jun  4 10:04:00 CDT 2025: Checking if NextJS server is running...
/Users/sim/Project2/scripts/../scripts/run-simple-scheduled-reports.sh: line 16: node: command not found
Wed Jun  4 10:04:00 CDT 2025: NextJS server is not running. Skipping scheduled reports check.
Wed Jun  4 10:05:00 CDT 2025: Checking if NextJS server is running...
Wed Jun  4 10:05:00 CDT 2025: Running scheduled reports
/Users/sim/Project2/scripts/../scripts/run-simple-scheduled-reports.sh: line 16: node: command not found
Wed Jun  4 10:05:00 CDT 2025: NextJS server is not running. Skipping scheduled reports check.
Wed Jun  4 10:06:00 CDT 2025: Running scheduled reports
Wed Jun  4 10:06:00 CDT 2025: Checking if NextJS server is running...
/Users/sim/Project2/scripts/../scripts/run-simple-scheduled-reports.sh: line 16: node: command not found
Wed Jun  4 10:06:00 CDT 2025: NextJS server is not running. Skipping scheduled reports check.
Wed Jun  4 10:07:00 CDT 2025: Running scheduled reports
Wed Jun  4 10:07:00 CDT 2025: Checking if NextJS server is running...
/Users/sim/Project2/scripts/../scripts/run-simple-scheduled-reports.sh: line 16: node: command not found
Wed Jun  4 10:07:00 CDT 2025: NextJS server is not running. Skipping scheduled reports check.
Wed Jun  4 10:08:01 CDT 2025: Running scheduled reports
Wed Jun  4 10:08:01 CDT 2025: Checking if NextJS server is running...
/Users/sim/Project2/scripts/../scripts/run-simple-scheduled-reports.sh: line 16: node: command not found
Wed Jun  4 10:08:01 CDT 2025: NextJS server is not running. Skipping scheduled reports check.
Wed Jun  4 10:09:00 CDT 2025: Running scheduled reports
Wed Jun  4 10:09:00 CDT 2025: Checking if NextJS server is running...
/Users/sim/Project2/scripts/../scripts/run-simple-scheduled-reports.sh: line 16: node: command not found
Wed Jun  4 10:09:00 CDT 2025: NextJS server is not running. Skipping scheduled reports check.
Wed Jun  4 10:10:00 CDT 2025: Running scheduled reports
Wed Jun  4 10:10:00 CDT 2025: Checking if NextJS server is running...
/Users/sim/Project2/scripts/../scripts/run-simple-scheduled-reports.sh: line 16: node: command not found
Wed Jun  4 10:10:00 CDT 2025: NextJS server is not running. Skipping scheduled reports check.
Wed Jun  4 10:11:00 CDT 2025: Running scheduled reports
Wed Jun  4 10:11:00 CDT 2025: Checking if NextJS server is running...
/Users/sim/Project2/scripts/../scripts/run-simple-scheduled-reports.sh: line 16: node: command not found
Wed Jun  4 10:11:00 CDT 2025: NextJS server is not running. Skipping scheduled reports check.
Wed Jun  4 10:12:01 CDT 2025: Running scheduled reports
Wed Jun  4 10:12:01 CDT 2025: Checking if NextJS server is running...
/Users/sim/Project2/scripts/../scripts/run-simple-scheduled-reports.sh: line 16: node: command not found
Wed Jun  4 10:12:01 CDT 2025: NextJS server is not running. Skipping scheduled reports check.
Wed Jun  4 10:13:00 CDT 2025: Checking if NextJS server is running...
Wed Jun  4 10:13:00 CDT 2025: Running scheduled reports
/Users/sim/Project2/scripts/../scripts/run-simple-scheduled-reports.sh: line 16: node: command not found
Wed Jun  4 10:13:00 CDT 2025: NextJS server is not running. Skipping scheduled reports check.
Wed Jun  4 10:14:00 CDT 2025: Running scheduled reports
Wed Jun  4 10:14:00 CDT 2025: Checking if NextJS server is running...
/Users/sim/Project2/scripts/../scripts/run-simple-scheduled-reports.sh: line 16: node: command not found
Wed Jun  4 10:14:00 CDT 2025: NextJS server is not running. Skipping scheduled reports check.
Wed Jun  4 10:15:00 CDT 2025: Running scheduled reports
Wed Jun  4 10:15:00 CDT 2025: Checking if NextJS server is running...
/Users/sim/Project2/scripts/../scripts/run-simple-scheduled-reports.sh: line 16: node: command not found
Wed Jun  4 10:15:00 CDT 2025: NextJS server is not running. Skipping scheduled reports check.
Wed Jun  4 10:16:01 CDT 2025: Checking if NextJS server is running...
Wed Jun  4 10:16:01 CDT 2025: Running scheduled reports
/Users/sim/Project2/scripts/../scripts/run-simple-scheduled-reports.sh: line 16: node: command not found
Wed Jun  4 10:16:01 CDT 2025: NextJS server is not running. Skipping scheduled reports check.
Wed Jun  4 10:17:00 CDT 2025: Running scheduled reports
Wed Jun  4 10:17:00 CDT 2025: Checking if NextJS server is running...
/Users/sim/Project2/scripts/../scripts/run-simple-scheduled-reports.sh: line 16: node: command not found
Wed Jun  4 10:17:00 CDT 2025: NextJS server is not running. Skipping scheduled reports check.
Wed Jun  4 10:18:00 CDT 2025: Running scheduled reports
Wed Jun  4 10:18:00 CDT 2025: Checking if NextJS server is running...
/Users/sim/Project2/scripts/../scripts/run-simple-scheduled-reports.sh: line 16: node: command not found
Wed Jun  4 10:18:00 CDT 2025: NextJS server is not running. Skipping scheduled reports check.
Wed Jun  4 10:19:00 CDT 2025: Running scheduled reports
Wed Jun  4 10:19:00 CDT 2025: Checking if NextJS server is running...
/Users/sim/Project2/scripts/../scripts/run-simple-scheduled-reports.sh: line 16: node: command not found
Wed Jun  4 10:19:00 CDT 2025: NextJS server is not running. Skipping scheduled reports check.
Wed Jun  4 10:20:00 CDT 2025: Running scheduled reports
Wed Jun  4 10:20:00 CDT 2025: Checking if NextJS server is running...
/Users/sim/Project2/scripts/../scripts/run-simple-scheduled-reports.sh: line 16: node: command not found
Wed Jun  4 10:20:00 CDT 2025: NextJS server is not running. Skipping scheduled reports check.
Wed Jun  4 10:21:01 CDT 2025: Running scheduled reports
Wed Jun  4 10:21:01 CDT 2025: Checking if NextJS server is running...
/Users/sim/Project2/scripts/../scripts/run-simple-scheduled-reports.sh: line 16: node: command not found
Wed Jun  4 10:21:01 CDT 2025: NextJS server is not running. Skipping scheduled reports check.
Wed Jun  4 10:22:00 CDT 2025: Running scheduled reports
Wed Jun  4 10:22:00 CDT 2025: Checking if NextJS server is running...
/Users/sim/Project2/scripts/../scripts/run-simple-scheduled-reports.sh: line 16: node: command not found
Wed Jun  4 10:22:00 CDT 2025: NextJS server is not running. Skipping scheduled reports check.
Wed Jun  4 10:23:00 CDT 2025: Checking if NextJS server is running...
Wed Jun  4 10:23:00 CDT 2025: Running scheduled reports
/Users/sim/Project2/scripts/../scripts/run-simple-scheduled-reports.sh: line 16: node: command not found
Wed Jun  4 10:23:00 CDT 2025: NextJS server is not running. Skipping scheduled reports check.
Wed Jun  4 10:24:00 CDT 2025: Running scheduled reports
Wed Jun  4 10:24:00 CDT 2025: Checking if NextJS server is running...
/Users/sim/Project2/scripts/../scripts/run-simple-scheduled-reports.sh: line 16: node: command not found
Wed Jun  4 10:24:00 CDT 2025: NextJS server is not running. Skipping scheduled reports check.
Wed Jun  4 10:25:00 CDT 2025: Checking if NextJS server is running...
Wed Jun  4 10:25:00 CDT 2025: Running scheduled reports
/Users/sim/Project2/scripts/../scripts/run-simple-scheduled-reports.sh: line 16: node: command not found
Wed Jun  4 10:25:00 CDT 2025: NextJS server is not running. Skipping scheduled reports check.
Wed Jun  4 10:26:00 CDT 2025: Checking if NextJS server is running...
Wed Jun  4 10:26:00 CDT 2025: Running scheduled reports
/Users/sim/Project2/scripts/../scripts/run-simple-scheduled-reports.sh: line 16: node: command not found
Wed Jun  4 10:26:00 CDT 2025: NextJS server is not running. Skipping scheduled reports check.
Wed Jun  4 10:27:01 CDT 2025: Running scheduled reports
Wed Jun  4 10:27:01 CDT 2025: Checking if NextJS server is running...
/Users/sim/Project2/scripts/../scripts/run-simple-scheduled-reports.sh: line 16: node: command not found
Wed Jun  4 10:27:01 CDT 2025: NextJS server is not running. Skipping scheduled reports check.
Wed Jun  4 10:28:00 CDT 2025: Running scheduled reports
Wed Jun  4 10:28:00 CDT 2025: Checking if NextJS server is running...
/Users/sim/Project2/scripts/../scripts/run-simple-scheduled-reports.sh: line 16: node: command not found
Wed Jun  4 10:28:00 CDT 2025: NextJS server is not running. Skipping scheduled reports check.
Wed Jun  4 10:29:00 CDT 2025: Checking if NextJS server is running...
Wed Jun  4 10:29:00 CDT 2025: Running scheduled reports
/Users/sim/Project2/scripts/../scripts/run-simple-scheduled-reports.sh: line 16: node: command not found
Wed Jun  4 10:29:00 CDT 2025: NextJS server is not running. Skipping scheduled reports check.
Wed Jun  4 10:30:00 CDT 2025: Checking if NextJS server is running...
Wed Jun  4 10:30:00 CDT 2025: Running scheduled reports
/Users/sim/Project2/scripts/../scripts/run-simple-scheduled-reports.sh: line 16: node: command not found
Wed Jun  4 10:30:00 CDT 2025: NextJS server is not running. Skipping scheduled reports check.
Wed Jun  4 10:31:00 CDT 2025: Checking if NextJS server is running...
Wed Jun  4 10:31:00 CDT 2025: Running scheduled reports
/Users/sim/Project2/scripts/../scripts/run-simple-scheduled-reports.sh: line 16: node: command not found
Wed Jun  4 10:31:00 CDT 2025: NextJS server is not running. Skipping scheduled reports check.
Wed Jun  4 10:32:01 CDT 2025: Running scheduled reports
Wed Jun  4 10:32:01 CDT 2025: Checking if NextJS server is running...
/Users/sim/Project2/scripts/../scripts/run-simple-scheduled-reports.sh: line 16: node: command not found
Wed Jun  4 10:32:01 CDT 2025: NextJS server is not running. Skipping scheduled reports check.
Wed Jun  4 10:33:00 CDT 2025: Running scheduled reports
Wed Jun  4 10:33:00 CDT 2025: Checking if NextJS server is running...
/Users/sim/Project2/scripts/../scripts/run-simple-scheduled-reports.sh: line 16: node: command not found
Wed Jun  4 10:33:00 CDT 2025: NextJS server is not running. Skipping scheduled reports check.
Wed Jun  4 10:34:00 CDT 2025: Running scheduled reports
Wed Jun  4 10:34:00 CDT 2025: Checking if NextJS server is running...
/Users/sim/Project2/scripts/../scripts/run-simple-scheduled-reports.sh: line 16: node: command not found
Wed Jun  4 10:34:00 CDT 2025: NextJS server is not running. Skipping scheduled reports check.
Wed Jun  4 10:35:00 CDT 2025: Running scheduled reports
Wed Jun  4 10:35:00 CDT 2025: Checking if NextJS server is running...
/Users/sim/Project2/scripts/../scripts/run-simple-scheduled-reports.sh: line 16: node: command not found
Wed Jun  4 10:35:00 CDT 2025: NextJS server is not running. Skipping scheduled reports check.
Wed Jun  4 10:36:00 CDT 2025: Running scheduled reports
Wed Jun  4 10:36:00 CDT 2025: Checking if NextJS server is running...
/Users/sim/Project2/scripts/../scripts/run-simple-scheduled-reports.sh: line 16: node: command not found
Wed Jun  4 10:36:00 CDT 2025: NextJS server is not running. Skipping scheduled reports check.
Wed Jun  4 10:37:00 CDT 2025: Running scheduled reports
Wed Jun  4 10:37:00 CDT 2025: Checking if NextJS server is running...
/Users/sim/Project2/scripts/../scripts/run-simple-scheduled-reports.sh: line 16: node: command not found
Wed Jun  4 10:37:01 CDT 2025: NextJS server is not running. Skipping scheduled reports check.
Wed Jun  4 10:38:00 CDT 2025: Running scheduled reports
Wed Jun  4 10:38:00 CDT 2025: Checking if NextJS server is running...
/Users/sim/Project2/scripts/../scripts/run-simple-scheduled-reports.sh: line 16: node: command not found
Wed Jun  4 10:38:00 CDT 2025: NextJS server is not running. Skipping scheduled reports check.
Wed Jun  4 10:39:00 CDT 2025: Checking if NextJS server is running...
Wed Jun  4 10:39:00 CDT 2025: Running scheduled reports
/Users/sim/Project2/scripts/../scripts/run-simple-scheduled-reports.sh: line 16: node: command not found
Wed Jun  4 10:39:00 CDT 2025: NextJS server is not running. Skipping scheduled reports check.
Wed Jun  4 10:40:00 CDT 2025: Checking if NextJS server is running...
Wed Jun  4 10:40:00 CDT 2025: Running scheduled reports
/Users/sim/Project2/scripts/../scripts/run-simple-scheduled-reports.sh: line 16: node: command not found
Wed Jun  4 10:40:00 CDT 2025: NextJS server is not running. Skipping scheduled reports check.
Wed Jun  4 10:41:00 CDT 2025: Checking if NextJS server is running...
Wed Jun  4 10:41:00 CDT 2025: Running scheduled reports
/Users/sim/Project2/scripts/../scripts/run-simple-scheduled-reports.sh: line 16: node: command not found
Wed Jun  4 10:41:00 CDT 2025: NextJS server is not running. Skipping scheduled reports check.
Wed Jun  4 10:42:01 CDT 2025: Checking if NextJS server is running...
Wed Jun  4 10:42:01 CDT 2025: Running scheduled reports
/Users/sim/Project2/scripts/../scripts/run-simple-scheduled-reports.sh: line 16: node: command not found
Wed Jun  4 10:42:01 CDT 2025: NextJS server is not running. Skipping scheduled reports check.
Wed Jun  4 10:43:00 CDT 2025: Running scheduled reports
Wed Jun  4 10:43:00 CDT 2025: Checking if NextJS server is running...
/Users/sim/Project2/scripts/../scripts/run-simple-scheduled-reports.sh: line 16: node: command not found
Wed Jun  4 10:43:00 CDT 2025: NextJS server is not running. Skipping scheduled reports check.
Wed Jun  4 10:44:00 CDT 2025: Checking if NextJS server is running...
Wed Jun  4 10:44:00 CDT 2025: Running scheduled reports
/Users/sim/Project2/scripts/../scripts/run-simple-scheduled-reports.sh: line 16: node: command not found
Wed Jun  4 10:44:00 CDT 2025: NextJS server is not running. Skipping scheduled reports check.
Wed Jun  4 10:45:00 CDT 2025: Checking if NextJS server is running...
Wed Jun  4 10:45:00 CDT 2025: Running scheduled reports
/Users/sim/Project2/scripts/../scripts/run-simple-scheduled-reports.sh: line 16: node: command not found
Wed Jun  4 10:45:00 CDT 2025: NextJS server is not running. Skipping scheduled reports check.
Wed Jun  4 10:46:00 CDT 2025: Running scheduled reports
Wed Jun  4 10:46:00 CDT 2025: Checking if NextJS server is running...
/Users/sim/Project2/scripts/../scripts/run-simple-scheduled-reports.sh: line 16: node: command not found
Wed Jun  4 10:46:00 CDT 2025: NextJS server is not running. Skipping scheduled reports check.
Wed Jun  4 10:47:01 CDT 2025: Running scheduled reports
Wed Jun  4 10:47:01 CDT 2025: Checking if NextJS server is running...
/Users/sim/Project2/scripts/../scripts/run-simple-scheduled-reports.sh: line 16: node: command not found
Wed Jun  4 10:47:01 CDT 2025: NextJS server is not running. Skipping scheduled reports check.
Wed Jun  4 10:48:00 CDT 2025: Checking if NextJS server is running...
Wed Jun  4 10:48:00 CDT 2025: Running scheduled reports
/Users/sim/Project2/scripts/../scripts/run-simple-scheduled-reports.sh: line 16: node: command not found
Wed Jun  4 10:48:00 CDT 2025: NextJS server is not running. Skipping scheduled reports check.
Wed Jun  4 10:49:00 CDT 2025: Running scheduled reports
Wed Jun  4 10:49:00 CDT 2025: Checking if NextJS server is running...
/Users/sim/Project2/scripts/../scripts/run-simple-scheduled-reports.sh: line 16: node: command not found
Wed Jun  4 10:49:00 CDT 2025: NextJS server is not running. Skipping scheduled reports check.
Wed Jun  4 10:50:00 CDT 2025: Checking if NextJS server is running...
Wed Jun  4 10:50:00 CDT 2025: Running scheduled reports
/Users/sim/Project2/scripts/../scripts/run-simple-scheduled-reports.sh: line 16: node: command not found
Wed Jun  4 10:50:00 CDT 2025: NextJS server is not running. Skipping scheduled reports check.
Wed Jun  4 10:51:01 CDT 2025: Running scheduled reports
Wed Jun  4 10:51:01 CDT 2025: Checking if NextJS server is running...
/Users/sim/Project2/scripts/../scripts/run-simple-scheduled-reports.sh: line 16: node: command not found
Wed Jun  4 10:51:01 CDT 2025: NextJS server is not running. Skipping scheduled reports check.
Wed Jun  4 10:52:00 CDT 2025: Checking if NextJS server is running...
Wed Jun  4 10:52:00 CDT 2025: Running scheduled reports
/Users/sim/Project2/scripts/../scripts/run-simple-scheduled-reports.sh: line 16: node: command not found
Wed Jun  4 10:52:00 CDT 2025: NextJS server is not running. Skipping scheduled reports check.
Wed Jun  4 10:53:00 CDT 2025: Checking if NextJS server is running...
Wed Jun  4 10:53:00 CDT 2025: Running scheduled reports
/Users/sim/Project2/scripts/../scripts/run-simple-scheduled-reports.sh: line 16: node: command not found
Wed Jun  4 10:53:00 CDT 2025: NextJS server is not running. Skipping scheduled reports check.
Wed Jun  4 10:54:00 CDT 2025: Checking if NextJS server is running...
Wed Jun  4 10:54:00 CDT 2025: Running scheduled reports
/Users/sim/Project2/scripts/../scripts/run-simple-scheduled-reports.sh: line 16: node: command not found
Wed Jun  4 10:54:00 CDT 2025: NextJS server is not running. Skipping scheduled reports check.
Wed Jun  4 10:55:01 CDT 2025: Checking if NextJS server is running...
Wed Jun  4 10:55:01 CDT 2025: Running scheduled reports
/Users/sim/Project2/scripts/../scripts/run-simple-scheduled-reports.sh: line 16: node: command not found
Wed Jun  4 10:55:01 CDT 2025: NextJS server is not running. Skipping scheduled reports check.
Wed Jun  4 10:56:00 CDT 2025: Running scheduled reports
Wed Jun  4 10:56:00 CDT 2025: Checking if NextJS server is running...
/Users/sim/Project2/scripts/../scripts/run-simple-scheduled-reports.sh: line 16: node: command not found
Wed Jun  4 10:56:00 CDT 2025: NextJS server is not running. Skipping scheduled reports check.
Wed Jun  4 10:57:00 CDT 2025: Checking if NextJS server is running...
Wed Jun  4 10:57:00 CDT 2025: Running scheduled reports
/Users/sim/Project2/scripts/../scripts/run-simple-scheduled-reports.sh: line 16: node: command not found
Wed Jun  4 10:57:00 CDT 2025: NextJS server is not running. Skipping scheduled reports check.
Wed Jun  4 10:58:00 CDT 2025: Running scheduled reports
Wed Jun  4 10:58:00 CDT 2025: Checking if NextJS server is running...
/Users/sim/Project2/scripts/../scripts/run-simple-scheduled-reports.sh: line 16: node: command not found
Wed Jun  4 10:58:00 CDT 2025: NextJS server is not running. Skipping scheduled reports check.
Wed Jun  4 10:59:01 CDT 2025: Running scheduled reports
/Users/sim/Project2/scripts/../scripts/run-simple-scheduled-reports.sh: line 16: node: command not found
Wed Jun  4 10:59:01 CDT 2025: Checking if NextJS server is running...
Wed Jun  4 10:59:01 CDT 2025: NextJS server is not running. Skipping scheduled reports check.
Wed Jun  4 11:00:00 CDT 2025: Checking if NextJS server is running...
Wed Jun  4 11:00:00 CDT 2025: Running scheduled reports
/Users/sim/Project2/scripts/../scripts/run-simple-scheduled-reports.sh: line 16: node: command not found
Wed Jun  4 11:00:00 CDT 2025: NextJS server is not running. Skipping scheduled reports check.
Wed Jun  4 11:01:00 CDT 2025: Running scheduled reports
Wed Jun  4 11:01:00 CDT 2025: Checking if NextJS server is running...
/Users/sim/Project2/scripts/../scripts/run-simple-scheduled-reports.sh: line 16: node: command not found
Wed Jun  4 11:01:01 CDT 2025: NextJS server is not running. Skipping scheduled reports check.
Wed Jun  4 11:02:00 CDT 2025: Checking if NextJS server is running...
Wed Jun  4 11:02:00 CDT 2025: Running scheduled reports
/Users/sim/Project2/scripts/../scripts/run-simple-scheduled-reports.sh: line 16: node: command not found
Wed Jun  4 11:02:00 CDT 2025: NextJS server is not running. Skipping scheduled reports check.
Wed Jun  4 11:03:00 CDT 2025: Running scheduled reports
Wed Jun  4 11:03:00 CDT 2025: Checking if NextJS server is running...
/Users/sim/Project2/scripts/../scripts/run-simple-scheduled-reports.sh: line 16: node: command not found
Wed Jun  4 11:03:00 CDT 2025: NextJS server is not running. Skipping scheduled reports check.
Wed Jun  4 11:04:00 CDT 2025: Checking if NextJS server is running...
Wed Jun  4 11:04:00 CDT 2025: Running scheduled reports
/Users/sim/Project2/scripts/../scripts/run-simple-scheduled-reports.sh: line 16: node: command not found
Wed Jun  4 11:04:00 CDT 2025: NextJS server is not running. Skipping scheduled reports check.
Wed Jun  4 11:05:00 CDT 2025: Checking if NextJS server is running...
Wed Jun  4 11:05:00 CDT 2025: Running scheduled reports
/Users/sim/Project2/scripts/../scripts/run-simple-scheduled-reports.sh: line 16: node: command not found
Wed Jun  4 11:05:00 CDT 2025: NextJS server is not running. Skipping scheduled reports check.
Wed Jun  4 11:06:00 CDT 2025: Running scheduled reports
Wed Jun  4 11:06:00 CDT 2025: Checking if NextJS server is running...
/Users/sim/Project2/scripts/../scripts/run-simple-scheduled-reports.sh: line 16: node: command not found
Wed Jun  4 11:06:00 CDT 2025: NextJS server is not running. Skipping scheduled reports check.
Wed Jun  4 11:07:00 CDT 2025: Running scheduled reports
Wed Jun  4 11:07:00 CDT 2025: Checking if NextJS server is running...
/Users/sim/Project2/scripts/../scripts/run-simple-scheduled-reports.sh: line 16: node: command not found
Wed Jun  4 11:07:00 CDT 2025: NextJS server is not running. Skipping scheduled reports check.
Wed Jun  4 11:08:01 CDT 2025: Checking if NextJS server is running...
Wed Jun  4 11:08:01 CDT 2025: Running scheduled reports
/Users/sim/Project2/scripts/../scripts/run-simple-scheduled-reports.sh: line 16: node: command not found
Wed Jun  4 11:08:01 CDT 2025: NextJS server is not running. Skipping scheduled reports check.
Wed Jun  4 11:09:00 CDT 2025: Running scheduled reports
Wed Jun  4 11:09:00 CDT 2025: Checking if NextJS server is running...
/Users/sim/Project2/scripts/../scripts/run-simple-scheduled-reports.sh: line 16: node: command not found
Wed Jun  4 11:09:00 CDT 2025: NextJS server is not running. Skipping scheduled reports check.
Wed Jun  4 11:10:01 CDT 2025: Running scheduled reports
Wed Jun  4 11:10:01 CDT 2025: Checking if NextJS server is running...
/Users/sim/Project2/scripts/../scripts/run-simple-scheduled-reports.sh: line 16: node: command not found
Wed Jun  4 11:10:01 CDT 2025: NextJS server is not running. Skipping scheduled reports check.
Wed Jun  4 11:11:00 CDT 2025: Running scheduled reports
Wed Jun  4 11:11:00 CDT 2025: Checking if NextJS server is running...
/Users/sim/Project2/scripts/../scripts/run-simple-scheduled-reports.sh: line 16: node: command not found
Wed Jun  4 11:11:00 CDT 2025: NextJS server is not running. Skipping scheduled reports check.
Wed Jun  4 11:12:00 CDT 2025: Running scheduled reports
Wed Jun  4 11:12:00 CDT 2025: Checking if NextJS server is running...
/Users/sim/Project2/scripts/../scripts/run-simple-scheduled-reports.sh: line 16: node: command not found
Wed Jun  4 11:12:00 CDT 2025: NextJS server is not running. Skipping scheduled reports check.
Wed Jun  4 11:13:00 CDT 2025: Checking if NextJS server is running...
Wed Jun  4 11:13:00 CDT 2025: Running scheduled reports
/Users/sim/Project2/scripts/../scripts/run-simple-scheduled-reports.sh: line 16: node: command not found
Wed Jun  4 11:13:00 CDT 2025: NextJS server is not running. Skipping scheduled reports check.
Wed Jun  4 11:14:00 CDT 2025: Checking if NextJS server is running...
Wed Jun  4 11:14:00 CDT 2025: Running scheduled reports
/Users/sim/Project2/scripts/../scripts/run-simple-scheduled-reports.sh: line 16: node: command not found
Wed Jun  4 11:14:00 CDT 2025: NextJS server is not running. Skipping scheduled reports check.
Wed Jun  4 11:15:00 CDT 2025: Running scheduled reports
Wed Jun  4 11:15:00 CDT 2025: Checking if NextJS server is running...
/Users/sim/Project2/scripts/../scripts/run-simple-scheduled-reports.sh: line 16: node: command not found
Wed Jun  4 11:15:00 CDT 2025: NextJS server is not running. Skipping scheduled reports check.
Wed Jun  4 11:16:00 CDT 2025: Running scheduled reports
Wed Jun  4 11:16:00 CDT 2025: Checking if NextJS server is running...
/Users/sim/Project2/scripts/../scripts/run-simple-scheduled-reports.sh: line 16: node: command not found
Wed Jun  4 11:16:00 CDT 2025: NextJS server is not running. Skipping scheduled reports check.
Wed Jun  4 11:17:00 CDT 2025: Running scheduled reports
Wed Jun  4 11:17:00 CDT 2025: Checking if NextJS server is running...
/Users/sim/Project2/scripts/../scripts/run-simple-scheduled-reports.sh: line 16: node: command not found
Wed Jun  4 11:17:00 CDT 2025: NextJS server is not running. Skipping scheduled reports check.
Wed Jun  4 11:18:00 CDT 2025: Running scheduled reports
Wed Jun  4 11:18:00 CDT 2025: Checking if NextJS server is running...
/Users/sim/Project2/scripts/../scripts/run-simple-scheduled-reports.sh: line 16: node: command not found
Wed Jun  4 11:18:00 CDT 2025: NextJS server is not running. Skipping scheduled reports check.
Wed Jun  4 11:19:00 CDT 2025: Running scheduled reports
Wed Jun  4 11:19:00 CDT 2025: Checking if NextJS server is running...
/Users/sim/Project2/scripts/../scripts/run-simple-scheduled-reports.sh: line 16: node: command not found
Wed Jun  4 11:19:00 CDT 2025: NextJS server is not running. Skipping scheduled reports check.
Wed Jun  4 11:20:00 CDT 2025: Running scheduled reports
Wed Jun  4 11:20:00 CDT 2025: Checking if NextJS server is running...
/Users/sim/Project2/scripts/../scripts/run-simple-scheduled-reports.sh: line 16: node: command not found
Wed Jun  4 11:20:00 CDT 2025: NextJS server is not running. Skipping scheduled reports check.
Wed Jun  4 11:21:00 CDT 2025: Checking if NextJS server is running...
Wed Jun  4 11:21:00 CDT 2025: Running scheduled reports
/Users/sim/Project2/scripts/../scripts/run-simple-scheduled-reports.sh: line 16: node: command not found
Wed Jun  4 11:21:00 CDT 2025: NextJS server is not running. Skipping scheduled reports check.
Wed Jun  4 11:22:00 CDT 2025: Checking if NextJS server is running...
Wed Jun  4 11:22:00 CDT 2025: Running scheduled reports
/Users/sim/Project2/scripts/../scripts/run-simple-scheduled-reports.sh: line 16: node: command not found
Wed Jun  4 11:22:00 CDT 2025: NextJS server is not running. Skipping scheduled reports check.
Wed Jun  4 11:23:01 CDT 2025: Checking if NextJS server is running...
Wed Jun  4 11:23:01 CDT 2025: Running scheduled reports
/Users/sim/Project2/scripts/../scripts/run-simple-scheduled-reports.sh: line 16: node: command not found
Wed Jun  4 11:23:01 CDT 2025: NextJS server is not running. Skipping scheduled reports check.
Wed Jun  4 11:24:00 CDT 2025: Running scheduled reports
Wed Jun  4 11:24:00 CDT 2025: Checking if NextJS server is running...
/Users/sim/Project2/scripts/../scripts/run-simple-scheduled-reports.sh: line 16: node: command not found
Wed Jun  4 11:24:00 CDT 2025: NextJS server is not running. Skipping scheduled reports check.
Wed Jun  4 11:25:00 CDT 2025: Checking if NextJS server is running...
Wed Jun  4 11:25:00 CDT 2025: Running scheduled reports
/Users/sim/Project2/scripts/../scripts/run-simple-scheduled-reports.sh: line 16: node: command not found
Wed Jun  4 11:25:00 CDT 2025: NextJS server is not running. Skipping scheduled reports check.
Wed Jun  4 11:26:00 CDT 2025: Checking if NextJS server is running...
Wed Jun  4 11:26:00 CDT 2025: Running scheduled reports
/Users/sim/Project2/scripts/../scripts/run-simple-scheduled-reports.sh: line 16: node: command not found
Wed Jun  4 11:26:00 CDT 2025: NextJS server is not running. Skipping scheduled reports check.
Wed Jun  4 11:27:00 CDT 2025: Running scheduled reports
Wed Jun  4 11:27:00 CDT 2025: Checking if NextJS server is running...
/Users/sim/Project2/scripts/../scripts/run-simple-scheduled-reports.sh: line 16: node: command not found
Wed Jun  4 11:27:00 CDT 2025: NextJS server is not running. Skipping scheduled reports check.
Wed Jun  4 11:28:00 CDT 2025: Running scheduled reports
Wed Jun  4 11:28:00 CDT 2025: Checking if NextJS server is running...
/Users/sim/Project2/scripts/../scripts/run-simple-scheduled-reports.sh: line 16: node: command not found
Wed Jun  4 11:28:01 CDT 2025: NextJS server is not running. Skipping scheduled reports check.
Wed Jun  4 11:29:00 CDT 2025: Checking if NextJS server is running...
Wed Jun  4 11:29:00 CDT 2025: Running scheduled reports
/Users/sim/Project2/scripts/../scripts/run-simple-scheduled-reports.sh: line 16: node: command not found
Wed Jun  4 11:29:00 CDT 2025: NextJS server is not running. Skipping scheduled reports check.
Wed Jun  4 13:37:00 CDT 2025: Running scheduled reports
Wed Jun  4 13:37:00 CDT 2025: Checking if NextJS server is running...
/Users/sim/Project2/scripts/../scripts/run-simple-scheduled-reports.sh: line 16: node: command not found
Wed Jun  4 13:37:00 CDT 2025: NextJS server is not running. Skipping scheduled reports check.
Wed Jun  4 13:38:00 CDT 2025: Running scheduled reports
Wed Jun  4 13:38:00 CDT 2025: Checking if NextJS server is running...
/Users/sim/Project2/scripts/../scripts/run-simple-scheduled-reports.sh: line 16: node: command not found
Wed Jun  4 13:38:00 CDT 2025: NextJS server is not running. Skipping scheduled reports check.
Wed Jun  4 13:39:00 CDT 2025: Checking if NextJS server is running...
Wed Jun  4 13:39:00 CDT 2025: Running scheduled reports
/Users/sim/Project2/scripts/../scripts/run-simple-scheduled-reports.sh: line 16: node: command not found
Wed Jun  4 13:39:00 CDT 2025: NextJS server is not running. Skipping scheduled reports check.
Wed Jun  4 13:40:00 CDT 2025: Running scheduled reports
Wed Jun  4 13:40:00 CDT 2025: Checking if NextJS server is running...
/Users/sim/Project2/scripts/../scripts/run-simple-scheduled-reports.sh: line 16: node: command not found
Wed Jun  4 13:40:00 CDT 2025: NextJS server is not running. Skipping scheduled reports check.
Wed Jun  4 13:41:01 CDT 2025: Running scheduled reports
Wed Jun  4 13:41:01 CDT 2025: Checking if NextJS server is running...
/Users/sim/Project2/scripts/../scripts/run-simple-scheduled-reports.sh: line 16: node: command not found
Wed Jun  4 13:41:01 CDT 2025: NextJS server is not running. Skipping scheduled reports check.
Wed Jun  4 13:42:00 CDT 2025: Running scheduled reports
Wed Jun  4 13:42:00 CDT 2025: Checking if NextJS server is running...
/Users/sim/Project2/scripts/../scripts/run-simple-scheduled-reports.sh: line 16: node: command not found
Wed Jun  4 13:42:00 CDT 2025: NextJS server is not running. Skipping scheduled reports check.
Wed Jun  4 13:43:00 CDT 2025: Running scheduled reports
Wed Jun  4 13:43:00 CDT 2025: Checking if NextJS server is running...
/Users/sim/Project2/scripts/../scripts/run-simple-scheduled-reports.sh: line 16: node: command not found
Wed Jun  4 13:43:00 CDT 2025: NextJS server is not running. Skipping scheduled reports check.
Wed Jun  4 13:44:00 CDT 2025: Checking if NextJS server is running...
Wed Jun  4 13:44:00 CDT 2025: Running scheduled reports
/Users/sim/Project2/scripts/../scripts/run-simple-scheduled-reports.sh: line 16: node: command not found
Wed Jun  4 13:44:00 CDT 2025: NextJS server is not running. Skipping scheduled reports check.
Wed Jun  4 13:45:00 CDT 2025: Checking if NextJS server is running...
Wed Jun  4 13:45:00 CDT 2025: Running scheduled reports
/Users/sim/Project2/scripts/../scripts/run-simple-scheduled-reports.sh: line 16: node: command not found
Wed Jun  4 13:45:00 CDT 2025: NextJS server is not running. Skipping scheduled reports check.
Wed Jun  4 13:46:00 CDT 2025: Running scheduled reports
Wed Jun  4 13:46:00 CDT 2025: Checking if NextJS server is running...
/Users/sim/Project2/scripts/../scripts/run-simple-scheduled-reports.sh: line 16: node: command not found
Wed Jun  4 13:46:01 CDT 2025: NextJS server is not running. Skipping scheduled reports check.
Wed Jun  4 13:47:00 CDT 2025: Running scheduled reports
Wed Jun  4 13:47:00 CDT 2025: Checking if NextJS server is running...
/Users/sim/Project2/scripts/../scripts/run-simple-scheduled-reports.sh: line 16: node: command not found
Wed Jun  4 13:47:00 CDT 2025: NextJS server is not running. Skipping scheduled reports check.
Wed Jun  4 13:48:00 CDT 2025: Running scheduled reports
Wed Jun  4 13:48:00 CDT 2025: Checking if NextJS server is running...
/Users/sim/Project2/scripts/../scripts/run-simple-scheduled-reports.sh: line 16: node: command not found
Wed Jun  4 13:48:00 CDT 2025: NextJS server is not running. Skipping scheduled reports check.
Wed Jun  4 13:49:00 CDT 2025: Checking if NextJS server is running...
Wed Jun  4 13:49:00 CDT 2025: Running scheduled reports
/Users/sim/Project2/scripts/../scripts/run-simple-scheduled-reports.sh: line 16: node: command not found
Wed Jun  4 13:49:00 CDT 2025: NextJS server is not running. Skipping scheduled reports check.
Wed Jun  4 13:50:00 CDT 2025: Checking if NextJS server is running...
Wed Jun  4 13:50:00 CDT 2025: Running scheduled reports
/Users/sim/Project2/scripts/../scripts/run-simple-scheduled-reports.sh: line 16: node: command not found
Wed Jun  4 13:50:00 CDT 2025: NextJS server is not running. Skipping scheduled reports check.
Wed Jun  4 13:51:00 CDT 2025: Checking if NextJS server is running...
Wed Jun  4 13:51:00 CDT 2025: Running scheduled reports
/Users/sim/Project2/scripts/../scripts/run-simple-scheduled-reports.sh: line 16: node: command not found
Wed Jun  4 13:51:00 CDT 2025: NextJS server is not running. Skipping scheduled reports check.
Wed Jun  4 13:52:01 CDT 2025: Running scheduled reports
Wed Jun  4 13:52:01 CDT 2025: Checking if NextJS server is running...
/Users/sim/Project2/scripts/../scripts/run-simple-scheduled-reports.sh: line 16: node: command not found
Wed Jun  4 13:52:01 CDT 2025: NextJS server is not running. Skipping scheduled reports check.
Wed Jun  4 13:53:00 CDT 2025: Running scheduled reports
Wed Jun  4 13:53:00 CDT 2025: Checking if NextJS server is running...
/Users/sim/Project2/scripts/../scripts/run-simple-scheduled-reports.sh: line 16: node: command not found
Wed Jun  4 13:53:00 CDT 2025: NextJS server is not running. Skipping scheduled reports check.
Wed Jun  4 13:54:00 CDT 2025: Running scheduled reports
Wed Jun  4 13:54:00 CDT 2025: Checking if NextJS server is running...
/Users/sim/Project2/scripts/../scripts/run-simple-scheduled-reports.sh: line 16: node: command not found
Wed Jun  4 13:54:00 CDT 2025: NextJS server is not running. Skipping scheduled reports check.
Wed Jun  4 13:55:00 CDT 2025: Checking if NextJS server is running...
Wed Jun  4 13:55:00 CDT 2025: Running scheduled reports
/Users/sim/Project2/scripts/../scripts/run-simple-scheduled-reports.sh: line 16: node: command not found
Wed Jun  4 13:55:00 CDT 2025: NextJS server is not running. Skipping scheduled reports check.
Wed Jun  4 13:56:00 CDT 2025: Running scheduled reports
Wed Jun  4 13:56:00 CDT 2025: Checking if NextJS server is running...
/Users/sim/Project2/scripts/../scripts/run-simple-scheduled-reports.sh: line 16: node: command not found
Wed Jun  4 13:56:00 CDT 2025: NextJS server is not running. Skipping scheduled reports check.
Wed Jun  4 13:57:00 CDT 2025: Checking if NextJS server is running...
Wed Jun  4 13:57:00 CDT 2025: Running scheduled reports
/Users/sim/Project2/scripts/../scripts/run-simple-scheduled-reports.sh: line 16: node: command not found
Wed Jun  4 13:57:00 CDT 2025: NextJS server is not running. Skipping scheduled reports check.
Wed Jun  4 13:58:00 CDT 2025: Running scheduled reports
Wed Jun  4 13:58:00 CDT 2025: Checking if NextJS server is running...
/Users/sim/Project2/scripts/../scripts/run-simple-scheduled-reports.sh: line 16: node: command not found
Wed Jun  4 13:58:00 CDT 2025: NextJS server is not running. Skipping scheduled reports check.
Wed Jun  4 13:59:01 CDT 2025: Checking if NextJS server is running...
Wed Jun  4 13:59:01 CDT 2025: Running scheduled reports
/Users/sim/Project2/scripts/../scripts/run-simple-scheduled-reports.sh: line 16: node: command not found
Wed Jun  4 13:59:01 CDT 2025: NextJS server is not running. Skipping scheduled reports check.
Wed Jun  4 14:00:00 CDT 2025: Checking if NextJS server is running...
Wed Jun  4 14:00:00 CDT 2025: Running scheduled reports
/Users/sim/Project2/scripts/../scripts/run-simple-scheduled-reports.sh: line 16: node: command not found
Wed Jun  4 14:00:00 CDT 2025: NextJS server is not running. Skipping scheduled reports check.
Wed Jun  4 14:01:00 CDT 2025: Checking if NextJS server is running...
Wed Jun  4 14:01:00 CDT 2025: Running scheduled reports
/Users/sim/Project2/scripts/../scripts/run-simple-scheduled-reports.sh: line 16: node: command not found
Wed Jun  4 14:01:00 CDT 2025: NextJS server is not running. Skipping scheduled reports check.
Wed Jun  4 14:02:00 CDT 2025: Running scheduled reports
Wed Jun  4 14:02:00 CDT 2025: Checking if NextJS server is running...
/Users/sim/Project2/scripts/../scripts/run-simple-scheduled-reports.sh: line 16: node: command not found
Wed Jun  4 14:02:00 CDT 2025: NextJS server is not running. Skipping scheduled reports check.
Wed Jun  4 14:03:00 CDT 2025: Running scheduled reports
Wed Jun  4 14:03:00 CDT 2025: Checking if NextJS server is running...
/Users/sim/Project2/scripts/../scripts/run-simple-scheduled-reports.sh: line 16: node: command not found
Wed Jun  4 14:03:00 CDT 2025: NextJS server is not running. Skipping scheduled reports check.
Wed Jun  4 14:04:00 CDT 2025: Running scheduled reports
Wed Jun  4 14:04:00 CDT 2025: Checking if NextJS server is running...
/Users/sim/Project2/scripts/../scripts/run-simple-scheduled-reports.sh: line 16: node: command not found
Wed Jun  4 14:04:01 CDT 2025: NextJS server is not running. Skipping scheduled reports check.
Wed Jun  4 14:05:00 CDT 2025: Checking if NextJS server is running...
Wed Jun  4 14:05:00 CDT 2025: Running scheduled reports
/Users/sim/Project2/scripts/../scripts/run-simple-scheduled-reports.sh: line 16: node: command not found
Wed Jun  4 14:05:00 CDT 2025: NextJS server is not running. Skipping scheduled reports check.
Wed Jun  4 14:06:00 CDT 2025: Running scheduled reports
Wed Jun  4 14:06:00 CDT 2025: Checking if NextJS server is running...
/Users/sim/Project2/scripts/../scripts/run-simple-scheduled-reports.sh: line 16: node: command not found
Wed Jun  4 14:06:00 CDT 2025: NextJS server is not running. Skipping scheduled reports check.
Wed Jun  4 14:07:00 CDT 2025: Running scheduled reports
Wed Jun  4 14:07:00 CDT 2025: Checking if NextJS server is running...
/Users/sim/Project2/scripts/../scripts/run-simple-scheduled-reports.sh: line 16: node: command not found
Wed Jun  4 14:07:00 CDT 2025: NextJS server is not running. Skipping scheduled reports check.
Wed Jun  4 14:08:00 CDT 2025: Checking if NextJS server is running...
Wed Jun  4 14:08:00 CDT 2025: Running scheduled reports
/Users/sim/Project2/scripts/../scripts/run-simple-scheduled-reports.sh: line 16: node: command not found
Wed Jun  4 14:08:00 CDT 2025: NextJS server is not running. Skipping scheduled reports check.
Wed Jun  4 14:09:00 CDT 2025: Checking if NextJS server is running...
Wed Jun  4 14:09:00 CDT 2025: Running scheduled reports
/Users/sim/Project2/scripts/../scripts/run-simple-scheduled-reports.sh: line 16: node: command not found
Wed Jun  4 14:09:00 CDT 2025: NextJS server is not running. Skipping scheduled reports check.
Wed Jun  4 14:10:01 CDT 2025: Running scheduled reports
Wed Jun  4 14:10:01 CDT 2025: Checking if NextJS server is running...
/Users/sim/Project2/scripts/../scripts/run-simple-scheduled-reports.sh: line 16: node: command not found
Wed Jun  4 14:10:01 CDT 2025: NextJS server is not running. Skipping scheduled reports check.
Wed Jun  4 14:11:00 CDT 2025: Running scheduled reports
Wed Jun  4 14:11:00 CDT 2025: Checking if NextJS server is running...
/Users/sim/Project2/scripts/../scripts/run-simple-scheduled-reports.sh: line 16: node: command not found
Wed Jun  4 14:11:00 CDT 2025: NextJS server is not running. Skipping scheduled reports check.
Wed Jun  4 14:12:00 CDT 2025: Checking if NextJS server is running...
Wed Jun  4 14:12:00 CDT 2025: Running scheduled reports
/Users/sim/Project2/scripts/../scripts/run-simple-scheduled-reports.sh: line 16: node: command not found
Wed Jun  4 14:12:00 CDT 2025: NextJS server is not running. Skipping scheduled reports check.
Wed Jun  4 14:13:00 CDT 2025: Checking if NextJS server is running...
Wed Jun  4 14:13:00 CDT 2025: Running scheduled reports
/Users/sim/Project2/scripts/../scripts/run-simple-scheduled-reports.sh: line 16: node: command not found
Wed Jun  4 14:13:00 CDT 2025: NextJS server is not running. Skipping scheduled reports check.
Wed Jun  4 14:14:00 CDT 2025: Running scheduled reports
Wed Jun  4 14:14:00 CDT 2025: Checking if NextJS server is running...
/Users/sim/Project2/scripts/../scripts/run-simple-scheduled-reports.sh: line 16: node: command not found
Wed Jun  4 14:14:00 CDT 2025: NextJS server is not running. Skipping scheduled reports check.
Wed Jun  4 14:15:00 CDT 2025: Checking if NextJS server is running...
Wed Jun  4 14:15:00 CDT 2025: Running scheduled reports
/Users/sim/Project2/scripts/../scripts/run-simple-scheduled-reports.sh: line 16: node: command not found
Wed Jun  4 14:15:00 CDT 2025: NextJS server is not running. Skipping scheduled reports check.
Wed Jun  4 14:16:00 CDT 2025: Checking if NextJS server is running...
Wed Jun  4 14:16:00 CDT 2025: Running scheduled reports
/Users/sim/Project2/scripts/../scripts/run-simple-scheduled-reports.sh: line 16: node: command not found
Wed Jun  4 14:16:00 CDT 2025: NextJS server is not running. Skipping scheduled reports check.
Wed Jun  4 14:17:01 CDT 2025: Checking if NextJS server is running...
Wed Jun  4 14:17:01 CDT 2025: Running scheduled reports
/Users/sim/Project2/scripts/../scripts/run-simple-scheduled-reports.sh: line 16: node: command not found
Wed Jun  4 14:17:01 CDT 2025: NextJS server is not running. Skipping scheduled reports check.
Wed Jun  4 14:18:00 CDT 2025: Running scheduled reports
Wed Jun  4 14:18:00 CDT 2025: Checking if NextJS server is running...
/Users/sim/Project2/scripts/../scripts/run-simple-scheduled-reports.sh: line 16: node: command not found
Wed Jun  4 14:18:00 CDT 2025: NextJS server is not running. Skipping scheduled reports check.
Wed Jun  4 14:19:00 CDT 2025: Checking if NextJS server is running...
Wed Jun  4 14:19:00 CDT 2025: Running scheduled reports
/Users/sim/Project2/scripts/../scripts/run-simple-scheduled-reports.sh: line 16: node: command not found
Wed Jun  4 14:19:00 CDT 2025: NextJS server is not running. Skipping scheduled reports check.
Wed Jun  4 14:20:00 CDT 2025: Checking if NextJS server is running...
Wed Jun  4 14:20:00 CDT 2025: Running scheduled reports
/Users/sim/Project2/scripts/../scripts/run-simple-scheduled-reports.sh: line 16: node: command not found
Wed Jun  4 14:20:00 CDT 2025: NextJS server is not running. Skipping scheduled reports check.
Wed Jun  4 14:21:00 CDT 2025: Running scheduled reports
Wed Jun  4 14:21:00 CDT 2025: Checking if NextJS server is running...
/Users/sim/Project2/scripts/../scripts/run-simple-scheduled-reports.sh: line 16: node: command not found
Wed Jun  4 14:21:00 CDT 2025: NextJS server is not running. Skipping scheduled reports check.
Wed Jun  4 14:22:00 CDT 2025: Checking if NextJS server is running...
Wed Jun  4 14:22:00 CDT 2025: Running scheduled reports
/Users/sim/Project2/scripts/../scripts/run-simple-scheduled-reports.sh: line 16: node: command not found
Wed Jun  4 14:22:00 CDT 2025: NextJS server is not running. Skipping scheduled reports check.
Wed Jun  4 14:23:01 CDT 2025: Running scheduled reports
Wed Jun  4 14:23:01 CDT 2025: Checking if NextJS server is running...
/Users/sim/Project2/scripts/../scripts/run-simple-scheduled-reports.sh: line 16: node: command not found
Wed Jun  4 14:23:01 CDT 2025: NextJS server is not running. Skipping scheduled reports check.
Wed Jun  4 14:24:00 CDT 2025: Checking if NextJS server is running...
Wed Jun  4 14:24:00 CDT 2025: Running scheduled reports
/Users/sim/Project2/scripts/../scripts/run-simple-scheduled-reports.sh: line 16: node: command not found
Wed Jun  4 14:24:00 CDT 2025: NextJS server is not running. Skipping scheduled reports check.
Wed Jun  4 14:25:00 CDT 2025: Checking if NextJS server is running...
Wed Jun  4 14:25:00 CDT 2025: Running scheduled reports
/Users/sim/Project2/scripts/../scripts/run-simple-scheduled-reports.sh: line 16: node: command not found
Wed Jun  4 14:25:00 CDT 2025: NextJS server is not running. Skipping scheduled reports check.
Wed Jun  4 14:26:00 CDT 2025: Running scheduled reports
Wed Jun  4 14:26:00 CDT 2025: Checking if NextJS server is running...
/Users/sim/Project2/scripts/../scripts/run-simple-scheduled-reports.sh: line 16: node: command not found
Wed Jun  4 14:26:00 CDT 2025: NextJS server is not running. Skipping scheduled reports check.
Wed Jun  4 14:27:00 CDT 2025: Running scheduled reports
Wed Jun  4 14:27:00 CDT 2025: Checking if NextJS server is running...
/Users/sim/Project2/scripts/../scripts/run-simple-scheduled-reports.sh: line 16: node: command not found
Wed Jun  4 14:27:00 CDT 2025: NextJS server is not running. Skipping scheduled reports check.
Wed Jun  4 14:28:00 CDT 2025: Running scheduled reports
Wed Jun  4 14:28:00 CDT 2025: Checking if NextJS server is running...
/Users/sim/Project2/scripts/../scripts/run-simple-scheduled-reports.sh: line 16: node: command not found
Wed Jun  4 14:28:00 CDT 2025: NextJS server is not running. Skipping scheduled reports check.
Wed Jun  4 14:29:01 CDT 2025: Running scheduled reports
Wed Jun  4 14:29:01 CDT 2025: Checking if NextJS server is running...
/Users/sim/Project2/scripts/../scripts/run-simple-scheduled-reports.sh: line 16: node: command not found
Wed Jun  4 14:29:01 CDT 2025: NextJS server is not running. Skipping scheduled reports check.
Wed Jun  4 14:30:00 CDT 2025: Running scheduled reports
Wed Jun  4 14:30:00 CDT 2025: Checking if NextJS server is running...
/Users/sim/Project2/scripts/../scripts/run-simple-scheduled-reports.sh: line 16: node: command not found
Wed Jun  4 14:30:00 CDT 2025: NextJS server is not running. Skipping scheduled reports check.
Wed Jun  4 14:31:00 CDT 2025: Checking if NextJS server is running...
Wed Jun  4 14:31:00 CDT 2025: Running scheduled reports
/Users/sim/Project2/scripts/../scripts/run-simple-scheduled-reports.sh: line 16: node: command not found
Wed Jun  4 14:31:00 CDT 2025: NextJS server is not running. Skipping scheduled reports check.
Wed Jun  4 14:32:00 CDT 2025: Checking if NextJS server is running...
Wed Jun  4 14:32:00 CDT 2025: Running scheduled reports
/Users/sim/Project2/scripts/../scripts/run-simple-scheduled-reports.sh: line 16: node: command not found
Wed Jun  4 14:32:00 CDT 2025: NextJS server is not running. Skipping scheduled reports check.
Wed Jun  4 14:33:01 CDT 2025: Checking if NextJS server is running...
Wed Jun  4 14:33:01 CDT 2025: Running scheduled reports
/Users/sim/Project2/scripts/../scripts/run-simple-scheduled-reports.sh: line 16: node: command not found
Wed Jun  4 14:33:01 CDT 2025: NextJS server is not running. Skipping scheduled reports check.
Wed Jun  4 14:34:00 CDT 2025: Running scheduled reports
Wed Jun  4 14:34:00 CDT 2025: Checking if NextJS server is running...
/Users/sim/Project2/scripts/../scripts/run-simple-scheduled-reports.sh: line 16: node: command not found
Wed Jun  4 14:34:00 CDT 2025: NextJS server is not running. Skipping scheduled reports check.
Wed Jun  4 14:35:00 CDT 2025: Checking if NextJS server is running...
Wed Jun  4 14:35:00 CDT 2025: Running scheduled reports
/Users/sim/Project2/scripts/../scripts/run-simple-scheduled-reports.sh: line 16: node: command not found
Wed Jun  4 14:35:00 CDT 2025: NextJS server is not running. Skipping scheduled reports check.
Wed Jun  4 14:36:00 CDT 2025: Checking if NextJS server is running...
Wed Jun  4 14:36:00 CDT 2025: Running scheduled reports
/Users/sim/Project2/scripts/../scripts/run-simple-scheduled-reports.sh: line 16: node: command not found
Wed Jun  4 14:36:00 CDT 2025: NextJS server is not running. Skipping scheduled reports check.
Wed Jun  4 14:37:00 CDT 2025: Checking if NextJS server is running...
Wed Jun  4 14:37:00 CDT 2025: Running scheduled reports
/Users/sim/Project2/scripts/../scripts/run-simple-scheduled-reports.sh: line 16: node: command not found
Wed Jun  4 14:37:00 CDT 2025: NextJS server is not running. Skipping scheduled reports check.
Wed Jun  4 14:38:01 CDT 2025: Checking if NextJS server is running...
Wed Jun  4 14:38:01 CDT 2025: Running scheduled reports
/Users/sim/Project2/scripts/../scripts/run-simple-scheduled-reports.sh: line 16: node: command not found
Wed Jun  4 14:38:01 CDT 2025: NextJS server is not running. Skipping scheduled reports check.
Wed Jun  4 14:39:00 CDT 2025: Running scheduled reports
Wed Jun  4 14:39:00 CDT 2025: Checking if NextJS server is running...
/Users/sim/Project2/scripts/../scripts/run-simple-scheduled-reports.sh: line 16: node: command not found
Wed Jun  4 14:39:00 CDT 2025: NextJS server is not running. Skipping scheduled reports check.
Wed Jun  4 14:40:00 CDT 2025: Checking if NextJS server is running...
Wed Jun  4 14:40:00 CDT 2025: Running scheduled reports
/Users/sim/Project2/scripts/../scripts/run-simple-scheduled-reports.sh: line 16: node: command not found
Wed Jun  4 14:40:00 CDT 2025: NextJS server is not running. Skipping scheduled reports check.
Wed Jun  4 14:41:00 CDT 2025: Running scheduled reports
Wed Jun  4 14:41:00 CDT 2025: Checking if NextJS server is running...
/Users/sim/Project2/scripts/../scripts/run-simple-scheduled-reports.sh: line 16: node: command not found
Wed Jun  4 14:41:00 CDT 2025: NextJS server is not running. Skipping scheduled reports check.
Wed Jun  4 14:42:01 CDT 2025: Checking if NextJS server is running...
Wed Jun  4 14:42:01 CDT 2025: Running scheduled reports
/Users/sim/Project2/scripts/../scripts/run-simple-scheduled-reports.sh: line 16: node: command not found
Wed Jun  4 14:42:01 CDT 2025: NextJS server is not running. Skipping scheduled reports check.
Wed Jun  4 14:43:00 CDT 2025: Checking if NextJS server is running...
Wed Jun  4 14:43:00 CDT 2025: Running scheduled reports
/Users/sim/Project2/scripts/../scripts/run-simple-scheduled-reports.sh: line 16: node: command not found
Wed Jun  4 14:43:00 CDT 2025: NextJS server is not running. Skipping scheduled reports check.
Wed Jun  4 14:44:00 CDT 2025: Running scheduled reports
Wed Jun  4 14:44:00 CDT 2025: Checking if NextJS server is running...
/Users/sim/Project2/scripts/../scripts/run-simple-scheduled-reports.sh: line 16: node: command not found
Wed Jun  4 14:44:00 CDT 2025: NextJS server is not running. Skipping scheduled reports check.
Wed Jun  4 14:45:00 CDT 2025: Running scheduled reports
Wed Jun  4 14:45:00 CDT 2025: Checking if NextJS server is running...
/Users/sim/Project2/scripts/../scripts/run-simple-scheduled-reports.sh: line 16: node: command not found
Wed Jun  4 14:45:00 CDT 2025: NextJS server is not running. Skipping scheduled reports check.
Wed Jun  4 14:46:01 CDT 2025: Checking if NextJS server is running...
Wed Jun  4 14:46:01 CDT 2025: Running scheduled reports
/Users/sim/Project2/scripts/../scripts/run-simple-scheduled-reports.sh: line 16: node: command not found
Wed Jun  4 14:46:01 CDT 2025: NextJS server is not running. Skipping scheduled reports check.
Wed Jun  4 14:47:00 CDT 2025: Running scheduled reports
Wed Jun  4 14:47:00 CDT 2025: Checking if NextJS server is running...
/Users/sim/Project2/scripts/../scripts/run-simple-scheduled-reports.sh: line 16: node: command not found
Wed Jun  4 14:47:00 CDT 2025: NextJS server is not running. Skipping scheduled reports check.
Wed Jun  4 14:48:00 CDT 2025: Checking if NextJS server is running...
Wed Jun  4 14:48:00 CDT 2025: Running scheduled reports
/Users/sim/Project2/scripts/../scripts/run-simple-scheduled-reports.sh: line 16: node: command not found
Wed Jun  4 14:48:00 CDT 2025: NextJS server is not running. Skipping scheduled reports check.
Wed Jun  4 14:49:00 CDT 2025: Checking if NextJS server is running...
Wed Jun  4 14:49:00 CDT 2025: Running scheduled reports
/Users/sim/Project2/scripts/../scripts/run-simple-scheduled-reports.sh: line 16: node: command not found
Wed Jun  4 14:49:00 CDT 2025: NextJS server is not running. Skipping scheduled reports check.
Wed Jun  4 14:50:00 CDT 2025: Running scheduled reports
Wed Jun  4 14:50:00 CDT 2025: Checking if NextJS server is running...
/Users/sim/Project2/scripts/../scripts/run-simple-scheduled-reports.sh: line 16: node: command not found
Wed Jun  4 14:50:01 CDT 2025: NextJS server is not running. Skipping scheduled reports check.
Wed Jun  4 14:51:00 CDT 2025: Running scheduled reports
Wed Jun  4 14:51:00 CDT 2025: Checking if NextJS server is running...
/Users/sim/Project2/scripts/../scripts/run-simple-scheduled-reports.sh: line 16: node: command not found
Wed Jun  4 14:51:00 CDT 2025: NextJS server is not running. Skipping scheduled reports check.
Wed Jun  4 14:52:00 CDT 2025: Checking if NextJS server is running...
Wed Jun  4 14:52:00 CDT 2025: Running scheduled reports
/Users/sim/Project2/scripts/../scripts/run-simple-scheduled-reports.sh: line 16: node: command not found
Wed Jun  4 14:52:00 CDT 2025: NextJS server is not running. Skipping scheduled reports check.
Wed Jun  4 14:53:00 CDT 2025: Checking if NextJS server is running...
Wed Jun  4 14:53:00 CDT 2025: Running scheduled reports
/Users/sim/Project2/scripts/../scripts/run-simple-scheduled-reports.sh: line 16: node: command not found
Wed Jun  4 14:53:00 CDT 2025: NextJS server is not running. Skipping scheduled reports check.
Wed Jun  4 14:54:00 CDT 2025: Checking if NextJS server is running...
Wed Jun  4 14:54:00 CDT 2025: Running scheduled reports
/Users/sim/Project2/scripts/../scripts/run-simple-scheduled-reports.sh: line 16: node: command not found
Wed Jun  4 14:54:00 CDT 2025: NextJS server is not running. Skipping scheduled reports check.
