Tue Jun  3 00:19:00 CDT 2025: Checking if NextJS server is running...
Tue Jun  3 00:19:00 CDT 2025: Running scheduled reports
/Users/sim/Project2/scripts/../scripts/run-simple-scheduled-reports.sh: line 16: node: command not found
Tue Jun  3 00:19:00 CDT 2025: NextJS server is not running. Skipping scheduled reports check.
Tue Jun  3 00:20:00 CDT 2025: Checking if NextJS server is running...
Tue Jun  3 00:20:00 CDT 2025: Running scheduled reports
/Users/sim/Project2/scripts/../scripts/run-simple-scheduled-reports.sh: line 16: node: command not found
Tue Jun  3 00:20:01 CDT 2025: NextJS server is not running. Skipping scheduled reports check.
Tue Jun  3 00:21:00 CDT 2025: Checking if NextJS server is running...
Tue Jun  3 00:21:00 CDT 2025: Running scheduled reports
/Users/sim/Project2/scripts/../scripts/run-simple-scheduled-reports.sh: line 16: node: command not found
Tue Jun  3 00:21:00 CDT 2025: NextJS server is not running. Skipping scheduled reports check.
Tue Jun  3 00:22:00 CDT 2025: Checking if NextJS server is running...
Tue Jun  3 00:22:00 CDT 2025: Running scheduled reports
/Users/sim/Project2/scripts/../scripts/run-simple-scheduled-reports.sh: line 16: node: command not found
Tue Jun  3 00:22:00 CDT 2025: NextJS server is not running. Skipping scheduled reports check.
Tue Jun  3 00:23:00 CDT 2025: Running scheduled reports
Tue Jun  3 00:23:00 CDT 2025: Checking if NextJS server is running...
/Users/sim/Project2/scripts/../scripts/run-simple-scheduled-reports.sh: line 16: node: command not found
Tue Jun  3 00:23:00 CDT 2025: NextJS server is not running. Skipping scheduled reports check.
Tue Jun  3 00:24:00 CDT 2025: Checking if NextJS server is running...
Tue Jun  3 00:24:00 CDT 2025: Running scheduled reports
/Users/sim/Project2/scripts/../scripts/run-simple-scheduled-reports.sh: line 16: node: command not found
Tue Jun  3 00:24:00 CDT 2025: NextJS server is not running. Skipping scheduled reports check.
Tue Jun  3 00:25:01 CDT 2025: Checking if NextJS server is running...
Tue Jun  3 00:25:01 CDT 2025: Running scheduled reports
/Users/sim/Project2/scripts/../scripts/run-simple-scheduled-reports.sh: line 16: node: command not found
Tue Jun  3 00:25:01 CDT 2025: NextJS server is not running. Skipping scheduled reports check.
Tue Jun  3 00:26:00 CDT 2025: Running scheduled reports
Tue Jun  3 00:26:00 CDT 2025: Checking if NextJS server is running...
/Users/sim/Project2/scripts/../scripts/run-simple-scheduled-reports.sh: line 16: node: command not found
Tue Jun  3 00:26:00 CDT 2025: NextJS server is not running. Skipping scheduled reports check.
Tue Jun  3 00:27:00 CDT 2025: Checking if NextJS server is running...
Tue Jun  3 00:27:00 CDT 2025: Running scheduled reports
/Users/sim/Project2/scripts/../scripts/run-simple-scheduled-reports.sh: line 16: node: command not found
Tue Jun  3 00:27:00 CDT 2025: NextJS server is not running. Skipping scheduled reports check.
Tue Jun  3 00:28:00 CDT 2025: Running scheduled reports
Tue Jun  3 00:28:00 CDT 2025: Checking if NextJS server is running...
/Users/sim/Project2/scripts/../scripts/run-simple-scheduled-reports.sh: line 16: node: command not found
Tue Jun  3 00:28:00 CDT 2025: NextJS server is not running. Skipping scheduled reports check.
Tue Jun  3 00:29:00 CDT 2025: Running scheduled reports
Tue Jun  3 00:29:00 CDT 2025: Checking if NextJS server is running...
/Users/sim/Project2/scripts/../scripts/run-simple-scheduled-reports.sh: line 16: node: command not found
Tue Jun  3 00:29:00 CDT 2025: NextJS server is not running. Skipping scheduled reports check.
Tue Jun  3 00:30:01 CDT 2025: Checking if NextJS server is running...
Tue Jun  3 00:30:01 CDT 2025: Running scheduled reports
/Users/sim/Project2/scripts/../scripts/run-simple-scheduled-reports.sh: line 16: node: command not found
Tue Jun  3 00:30:01 CDT 2025: NextJS server is not running. Skipping scheduled reports check.
Tue Jun  3 00:31:00 CDT 2025: Running scheduled reports
Tue Jun  3 00:31:00 CDT 2025: Checking if NextJS server is running...
/Users/sim/Project2/scripts/../scripts/run-simple-scheduled-reports.sh: line 16: node: command not found
Tue Jun  3 00:31:00 CDT 2025: NextJS server is not running. Skipping scheduled reports check.
Tue Jun  3 00:32:00 CDT 2025: Running scheduled reports
Tue Jun  3 00:32:00 CDT 2025: Checking if NextJS server is running...
/Users/sim/Project2/scripts/../scripts/run-simple-scheduled-reports.sh: line 16: node: command not found
Tue Jun  3 00:32:00 CDT 2025: NextJS server is not running. Skipping scheduled reports check.
Tue Jun  3 00:33:00 CDT 2025: Checking if NextJS server is running...
Tue Jun  3 00:33:00 CDT 2025: Running scheduled reports
/Users/sim/Project2/scripts/../scripts/run-simple-scheduled-reports.sh: line 16: node: command not found
Tue Jun  3 00:33:00 CDT 2025: NextJS server is not running. Skipping scheduled reports check.
Tue Jun  3 00:34:00 CDT 2025: Running scheduled reports
Tue Jun  3 00:34:00 CDT 2025: Checking if NextJS server is running...
/Users/sim/Project2/scripts/../scripts/run-simple-scheduled-reports.sh: line 16: node: command not found
Tue Jun  3 00:34:00 CDT 2025: NextJS server is not running. Skipping scheduled reports check.
Tue Jun  3 00:35:00 CDT 2025: Checking if NextJS server is running...
Tue Jun  3 00:35:00 CDT 2025: Running scheduled reports
/Users/sim/Project2/scripts/../scripts/run-simple-scheduled-reports.sh: line 16: node: command not found
Tue Jun  3 00:35:00 CDT 2025: NextJS server is not running. Skipping scheduled reports check.
Tue Jun  3 00:36:01 CDT 2025: Running scheduled reports
Tue Jun  3 00:36:01 CDT 2025: Checking if NextJS server is running...
/Users/sim/Project2/scripts/../scripts/run-simple-scheduled-reports.sh: line 16: node: command not found
Tue Jun  3 00:36:01 CDT 2025: NextJS server is not running. Skipping scheduled reports check.
Tue Jun  3 00:37:00 CDT 2025: Running scheduled reports
Tue Jun  3 00:37:00 CDT 2025: Checking if NextJS server is running...
/Users/sim/Project2/scripts/../scripts/run-simple-scheduled-reports.sh: line 16: node: command not found
Tue Jun  3 00:37:00 CDT 2025: NextJS server is not running. Skipping scheduled reports check.
Tue Jun  3 00:38:00 CDT 2025: Running scheduled reports
Tue Jun  3 00:38:00 CDT 2025: Checking if NextJS server is running...
/Users/sim/Project2/scripts/../scripts/run-simple-scheduled-reports.sh: line 16: node: command not found
Tue Jun  3 00:38:00 CDT 2025: NextJS server is not running. Skipping scheduled reports check.
Tue Jun  3 00:39:00 CDT 2025: Checking if NextJS server is running...
Tue Jun  3 00:39:00 CDT 2025: Running scheduled reports
/Users/sim/Project2/scripts/../scripts/run-simple-scheduled-reports.sh: line 16: node: command not found
Tue Jun  3 00:39:00 CDT 2025: NextJS server is not running. Skipping scheduled reports check.
Tue Jun  3 00:40:00 CDT 2025: Running scheduled reports
Tue Jun  3 00:40:00 CDT 2025: Checking if NextJS server is running...
/Users/sim/Project2/scripts/../scripts/run-simple-scheduled-reports.sh: line 16: node: command not found
Tue Jun  3 00:40:00 CDT 2025: NextJS server is not running. Skipping scheduled reports check.
Tue Jun  3 00:41:00 CDT 2025: Running scheduled reports
Tue Jun  3 00:41:00 CDT 2025: Checking if NextJS server is running...
/Users/sim/Project2/scripts/../scripts/run-simple-scheduled-reports.sh: line 16: node: command not found
Tue Jun  3 00:41:00 CDT 2025: NextJS server is not running. Skipping scheduled reports check.
Tue Jun  3 00:42:00 CDT 2025: Checking if NextJS server is running...
Tue Jun  3 00:42:00 CDT 2025: Running scheduled reports
/Users/sim/Project2/scripts/../scripts/run-simple-scheduled-reports.sh: line 16: node: command not found
Tue Jun  3 00:42:00 CDT 2025: NextJS server is not running. Skipping scheduled reports check.
Tue Jun  3 00:43:01 CDT 2025: Running scheduled reports
Tue Jun  3 00:43:01 CDT 2025: Checking if NextJS server is running...
/Users/sim/Project2/scripts/../scripts/run-simple-scheduled-reports.sh: line 16: node: command not found
Tue Jun  3 00:43:01 CDT 2025: NextJS server is not running. Skipping scheduled reports check.
Tue Jun  3 00:44:00 CDT 2025: Checking if NextJS server is running...
Tue Jun  3 00:44:00 CDT 2025: Running scheduled reports
/Users/sim/Project2/scripts/../scripts/run-simple-scheduled-reports.sh: line 16: node: command not found
Tue Jun  3 00:44:00 CDT 2025: NextJS server is not running. Skipping scheduled reports check.
Tue Jun  3 00:45:00 CDT 2025: Checking if NextJS server is running...
Tue Jun  3 00:45:00 CDT 2025: Running scheduled reports
/Users/sim/Project2/scripts/../scripts/run-simple-scheduled-reports.sh: line 16: node: command not found
Tue Jun  3 00:45:00 CDT 2025: NextJS server is not running. Skipping scheduled reports check.
Tue Jun  3 00:46:00 CDT 2025: Running scheduled reports
Tue Jun  3 00:46:00 CDT 2025: Checking if NextJS server is running...
/Users/sim/Project2/scripts/../scripts/run-simple-scheduled-reports.sh: line 16: node: command not found
Tue Jun  3 00:46:00 CDT 2025: NextJS server is not running. Skipping scheduled reports check.
Tue Jun  3 00:47:00 CDT 2025: Checking if NextJS server is running...
Tue Jun  3 00:47:00 CDT 2025: Running scheduled reports
/Users/sim/Project2/scripts/../scripts/run-simple-scheduled-reports.sh: line 16: node: command not found
Tue Jun  3 00:47:00 CDT 2025: NextJS server is not running. Skipping scheduled reports check.
Tue Jun  3 00:48:00 CDT 2025: Running scheduled reports
Tue Jun  3 00:48:00 CDT 2025: Checking if NextJS server is running...
/Users/sim/Project2/scripts/../scripts/run-simple-scheduled-reports.sh: line 16: node: command not found
Tue Jun  3 00:48:00 CDT 2025: NextJS server is not running. Skipping scheduled reports check.
Tue Jun  3 00:49:01 CDT 2025: Running scheduled reports
Tue Jun  3 00:49:01 CDT 2025: Checking if NextJS server is running...
/Users/sim/Project2/scripts/../scripts/run-simple-scheduled-reports.sh: line 16: node: command not found
Tue Jun  3 00:49:01 CDT 2025: NextJS server is not running. Skipping scheduled reports check.
Tue Jun  3 00:50:00 CDT 2025: Checking if NextJS server is running...
Tue Jun  3 00:50:00 CDT 2025: Running scheduled reports
/Users/sim/Project2/scripts/../scripts/run-simple-scheduled-reports.sh: line 16: node: command not found
Tue Jun  3 00:50:00 CDT 2025: NextJS server is not running. Skipping scheduled reports check.
Tue Jun  3 00:51:00 CDT 2025: Checking if NextJS server is running...
Tue Jun  3 00:51:00 CDT 2025: Running scheduled reports
/Users/sim/Project2/scripts/../scripts/run-simple-scheduled-reports.sh: line 16: node: command not found
Tue Jun  3 00:51:00 CDT 2025: NextJS server is not running. Skipping scheduled reports check.
Tue Jun  3 00:52:00 CDT 2025: Running scheduled reports
Tue Jun  3 00:52:00 CDT 2025: Checking if NextJS server is running...
/Users/sim/Project2/scripts/../scripts/run-simple-scheduled-reports.sh: line 16: node: command not found
Tue Jun  3 00:52:00 CDT 2025: NextJS server is not running. Skipping scheduled reports check.
Tue Jun  3 00:53:00 CDT 2025: Running scheduled reports
Tue Jun  3 00:53:00 CDT 2025: Checking if NextJS server is running...
/Users/sim/Project2/scripts/../scripts/run-simple-scheduled-reports.sh: line 16: node: command not found
Tue Jun  3 00:53:00 CDT 2025: NextJS server is not running. Skipping scheduled reports check.
Tue Jun  3 00:54:00 CDT 2025: Checking if NextJS server is running...
Tue Jun  3 00:54:00 CDT 2025: Running scheduled reports
/Users/sim/Project2/scripts/../scripts/run-simple-scheduled-reports.sh: line 16: node: command not found
Tue Jun  3 00:54:00 CDT 2025: NextJS server is not running. Skipping scheduled reports check.
Tue Jun  3 00:55:01 CDT 2025: Checking if NextJS server is running...
Tue Jun  3 00:55:01 CDT 2025: Running scheduled reports
/Users/sim/Project2/scripts/../scripts/run-simple-scheduled-reports.sh: line 16: node: command not found
Tue Jun  3 00:55:01 CDT 2025: NextJS server is not running. Skipping scheduled reports check.
Tue Jun  3 00:56:00 CDT 2025: Checking if NextJS server is running...
Tue Jun  3 00:56:00 CDT 2025: Running scheduled reports
/Users/sim/Project2/scripts/../scripts/run-simple-scheduled-reports.sh: line 16: node: command not found
Tue Jun  3 00:56:00 CDT 2025: NextJS server is not running. Skipping scheduled reports check.
Tue Jun  3 00:57:00 CDT 2025: Checking if NextJS server is running...
Tue Jun  3 00:57:00 CDT 2025: Running scheduled reports
/Users/sim/Project2/scripts/../scripts/run-simple-scheduled-reports.sh: line 16: node: command not found
Tue Jun  3 00:57:00 CDT 2025: NextJS server is not running. Skipping scheduled reports check.
Tue Jun  3 00:58:00 CDT 2025: Checking if NextJS server is running...
Tue Jun  3 00:58:00 CDT 2025: Running scheduled reports
/Users/sim/Project2/scripts/../scripts/run-simple-scheduled-reports.sh: line 16: node: command not found
Tue Jun  3 00:58:00 CDT 2025: NextJS server is not running. Skipping scheduled reports check.
Tue Jun  3 00:59:00 CDT 2025: Running scheduled reports
Tue Jun  3 00:59:00 CDT 2025: Checking if NextJS server is running...
/Users/sim/Project2/scripts/../scripts/run-simple-scheduled-reports.sh: line 16: node: command not found
Tue Jun  3 00:59:00 CDT 2025: NextJS server is not running. Skipping scheduled reports check.
Tue Jun  3 01:00:00 CDT 2025: Checking if NextJS server is running...
Tue Jun  3 01:00:00 CDT 2025: Running scheduled reports
/Users/sim/Project2/scripts/../scripts/run-simple-scheduled-reports.sh: line 16: node: command not found
Tue Jun  3 01:00:00 CDT 2025: NextJS server is not running. Skipping scheduled reports check.
Tue Jun  3 01:01:01 CDT 2025: Running scheduled reports
Tue Jun  3 01:01:01 CDT 2025: Checking if NextJS server is running...
/Users/sim/Project2/scripts/../scripts/run-simple-scheduled-reports.sh: line 16: node: command not found
Tue Jun  3 01:01:01 CDT 2025: NextJS server is not running. Skipping scheduled reports check.
Tue Jun  3 01:02:00 CDT 2025: Checking if NextJS server is running...
Tue Jun  3 01:02:00 CDT 2025: Running scheduled reports
/Users/sim/Project2/scripts/../scripts/run-simple-scheduled-reports.sh: line 16: node: command not found
Tue Jun  3 01:02:00 CDT 2025: NextJS server is not running. Skipping scheduled reports check.
Tue Jun  3 01:03:00 CDT 2025: Checking if NextJS server is running...
Tue Jun  3 01:03:00 CDT 2025: Running scheduled reports
/Users/sim/Project2/scripts/../scripts/run-simple-scheduled-reports.sh: line 16: node: command not found
Tue Jun  3 01:03:00 CDT 2025: NextJS server is not running. Skipping scheduled reports check.
Tue Jun  3 01:04:00 CDT 2025: Checking if NextJS server is running...
Tue Jun  3 01:04:00 CDT 2025: Running scheduled reports
/Users/sim/Project2/scripts/../scripts/run-simple-scheduled-reports.sh: line 16: node: command not found
Tue Jun  3 01:04:00 CDT 2025: NextJS server is not running. Skipping scheduled reports check.
Tue Jun  3 01:05:00 CDT 2025: Running scheduled reports
Tue Jun  3 01:05:00 CDT 2025: Checking if NextJS server is running...
/Users/sim/Project2/scripts/../scripts/run-simple-scheduled-reports.sh: line 16: node: command not found
Tue Jun  3 01:05:00 CDT 2025: NextJS server is not running. Skipping scheduled reports check.
Tue Jun  3 01:06:00 CDT 2025: Running scheduled reports
Tue Jun  3 01:06:00 CDT 2025: Checking if NextJS server is running...
/Users/sim/Project2/scripts/../scripts/run-simple-scheduled-reports.sh: line 16: node: command not found
Tue Jun  3 01:06:00 CDT 2025: NextJS server is not running. Skipping scheduled reports check.
Tue Jun  3 01:07:01 CDT 2025: Running scheduled reports
Tue Jun  3 01:07:01 CDT 2025: Checking if NextJS server is running...
/Users/sim/Project2/scripts/../scripts/run-simple-scheduled-reports.sh: line 16: node: command not found
Tue Jun  3 01:07:01 CDT 2025: NextJS server is not running. Skipping scheduled reports check.
Tue Jun  3 01:08:00 CDT 2025: Checking if NextJS server is running...
Tue Jun  3 01:08:00 CDT 2025: Running scheduled reports
/Users/sim/Project2/scripts/../scripts/run-simple-scheduled-reports.sh: line 16: node: command not found
Tue Jun  3 01:08:00 CDT 2025: NextJS server is not running. Skipping scheduled reports check.
Tue Jun  3 01:09:00 CDT 2025: Checking if NextJS server is running...
Tue Jun  3 01:09:00 CDT 2025: Running scheduled reports
/Users/sim/Project2/scripts/../scripts/run-simple-scheduled-reports.sh: line 16: node: command not found
Tue Jun  3 01:09:00 CDT 2025: NextJS server is not running. Skipping scheduled reports check.
Tue Jun  3 01:10:00 CDT 2025: Checking if NextJS server is running...
Tue Jun  3 01:10:00 CDT 2025: Running scheduled reports
/Users/sim/Project2/scripts/../scripts/run-simple-scheduled-reports.sh: line 16: node: command not found
Tue Jun  3 01:10:00 CDT 2025: NextJS server is not running. Skipping scheduled reports check.
Tue Jun  3 01:11:00 CDT 2025: Checking if NextJS server is running...
Tue Jun  3 01:11:00 CDT 2025: Running scheduled reports
/Users/sim/Project2/scripts/../scripts/run-simple-scheduled-reports.sh: line 16: node: command not found
Tue Jun  3 01:11:00 CDT 2025: NextJS server is not running. Skipping scheduled reports check.
Tue Jun  3 01:12:00 CDT 2025: Checking if NextJS server is running...
Tue Jun  3 01:12:00 CDT 2025: Running scheduled reports
/Users/sim/Project2/scripts/../scripts/run-simple-scheduled-reports.sh: line 16: node: command not found
Tue Jun  3 01:12:00 CDT 2025: NextJS server is not running. Skipping scheduled reports check.
Tue Jun  3 01:13:00 CDT 2025: Checking if NextJS server is running...
Tue Jun  3 01:13:00 CDT 2025: Running scheduled reports
/Users/sim/Project2/scripts/../scripts/run-simple-scheduled-reports.sh: line 16: node: command not found
Tue Jun  3 01:13:01 CDT 2025: NextJS server is not running. Skipping scheduled reports check.
Tue Jun  3 01:14:00 CDT 2025: Running scheduled reports
Tue Jun  3 01:14:00 CDT 2025: Checking if NextJS server is running...
/Users/sim/Project2/scripts/../scripts/run-simple-scheduled-reports.sh: line 16: node: command not found
Tue Jun  3 01:14:00 CDT 2025: NextJS server is not running. Skipping scheduled reports check.
Tue Jun  3 01:15:00 CDT 2025: Checking if NextJS server is running...
Tue Jun  3 01:15:00 CDT 2025: Running scheduled reports
/Users/sim/Project2/scripts/../scripts/run-simple-scheduled-reports.sh: line 16: node: command not found
Tue Jun  3 01:15:00 CDT 2025: NextJS server is not running. Skipping scheduled reports check.
Tue Jun  3 01:16:00 CDT 2025: Running scheduled reports
Tue Jun  3 01:16:00 CDT 2025: Checking if NextJS server is running...
/Users/sim/Project2/scripts/../scripts/run-simple-scheduled-reports.sh: line 16: node: command not found
Tue Jun  3 01:16:00 CDT 2025: NextJS server is not running. Skipping scheduled reports check.
Tue Jun  3 01:17:00 CDT 2025: Checking if NextJS server is running...
Tue Jun  3 01:17:00 CDT 2025: Running scheduled reports
/Users/sim/Project2/scripts/../scripts/run-simple-scheduled-reports.sh: line 16: node: command not found
Tue Jun  3 01:17:00 CDT 2025: NextJS server is not running. Skipping scheduled reports check.
Tue Jun  3 01:18:00 CDT 2025: Checking if NextJS server is running...
Tue Jun  3 01:18:00 CDT 2025: Running scheduled reports
/Users/sim/Project2/scripts/../scripts/run-simple-scheduled-reports.sh: line 16: node: command not found
Tue Jun  3 01:18:00 CDT 2025: NextJS server is not running. Skipping scheduled reports check.
Tue Jun  3 01:19:01 CDT 2025: Running scheduled reports
Tue Jun  3 01:19:01 CDT 2025: Checking if NextJS server is running...
/Users/sim/Project2/scripts/../scripts/run-simple-scheduled-reports.sh: line 16: node: command not found
Tue Jun  3 01:19:01 CDT 2025: NextJS server is not running. Skipping scheduled reports check.
Tue Jun  3 01:20:00 CDT 2025: Checking if NextJS server is running...
Tue Jun  3 01:20:00 CDT 2025: Running scheduled reports
/Users/sim/Project2/scripts/../scripts/run-simple-scheduled-reports.sh: line 16: node: command not found
Tue Jun  3 01:20:00 CDT 2025: NextJS server is not running. Skipping scheduled reports check.
Tue Jun  3 01:21:00 CDT 2025: Running scheduled reports
Tue Jun  3 01:21:00 CDT 2025: Checking if NextJS server is running...
/Users/sim/Project2/scripts/../scripts/run-simple-scheduled-reports.sh: line 16: node: command not found
Tue Jun  3 01:21:00 CDT 2025: NextJS server is not running. Skipping scheduled reports check.
Tue Jun  3 01:22:00 CDT 2025: Running scheduled reports
Tue Jun  3 01:22:00 CDT 2025: Checking if NextJS server is running...
/Users/sim/Project2/scripts/../scripts/run-simple-scheduled-reports.sh: line 16: node: command not found
Tue Jun  3 01:22:00 CDT 2025: NextJS server is not running. Skipping scheduled reports check.
Tue Jun  3 01:23:00 CDT 2025: Checking if NextJS server is running...
Tue Jun  3 01:23:00 CDT 2025: Running scheduled reports
/Users/sim/Project2/scripts/../scripts/run-simple-scheduled-reports.sh: line 16: node: command not found
Tue Jun  3 01:23:00 CDT 2025: NextJS server is not running. Skipping scheduled reports check.
Tue Jun  3 01:24:00 CDT 2025: Running scheduled reports
Tue Jun  3 01:24:00 CDT 2025: Checking if NextJS server is running...
/Users/sim/Project2/scripts/../scripts/run-simple-scheduled-reports.sh: line 16: node: command not found
Tue Jun  3 01:24:00 CDT 2025: NextJS server is not running. Skipping scheduled reports check.
Tue Jun  3 01:25:00 CDT 2025: Running scheduled reports
Tue Jun  3 01:25:00 CDT 2025: Checking if NextJS server is running...
/Users/sim/Project2/scripts/../scripts/run-simple-scheduled-reports.sh: line 16: node: command not found
Tue Jun  3 01:25:00 CDT 2025: NextJS server is not running. Skipping scheduled reports check.
Tue Jun  3 01:26:00 CDT 2025: Checking if NextJS server is running...
Tue Jun  3 01:26:00 CDT 2025: Running scheduled reports
/Users/sim/Project2/scripts/../scripts/run-simple-scheduled-reports.sh: line 16: node: command not found
Tue Jun  3 01:26:00 CDT 2025: NextJS server is not running. Skipping scheduled reports check.
Tue Jun  3 01:27:00 CDT 2025: Running scheduled reports
Tue Jun  3 01:27:00 CDT 2025: Checking if NextJS server is running...
/Users/sim/Project2/scripts/../scripts/run-simple-scheduled-reports.sh: line 16: node: command not found
Tue Jun  3 01:27:00 CDT 2025: NextJS server is not running. Skipping scheduled reports check.
Tue Jun  3 01:28:00 CDT 2025: Checking if NextJS server is running...
Tue Jun  3 01:28:00 CDT 2025: Running scheduled reports
/Users/sim/Project2/scripts/../scripts/run-simple-scheduled-reports.sh: line 16: node: command not found
Tue Jun  3 01:28:00 CDT 2025: NextJS server is not running. Skipping scheduled reports check.
Tue Jun  3 01:29:01 CDT 2025: Running scheduled reports
Tue Jun  3 01:29:01 CDT 2025: Checking if NextJS server is running...
/Users/sim/Project2/scripts/../scripts/run-simple-scheduled-reports.sh: line 16: node: command not found
Tue Jun  3 01:29:01 CDT 2025: NextJS server is not running. Skipping scheduled reports check.
Tue Jun  3 01:30:00 CDT 2025: Running scheduled reports
Tue Jun  3 01:30:00 CDT 2025: Checking if NextJS server is running...
/Users/sim/Project2/scripts/../scripts/run-simple-scheduled-reports.sh: line 16: node: command not found
Tue Jun  3 01:30:00 CDT 2025: NextJS server is not running. Skipping scheduled reports check.
Tue Jun  3 01:31:00 CDT 2025: Checking if NextJS server is running...
Tue Jun  3 01:31:00 CDT 2025: Running scheduled reports
/Users/sim/Project2/scripts/../scripts/run-simple-scheduled-reports.sh: line 16: node: command not found
Tue Jun  3 01:31:00 CDT 2025: NextJS server is not running. Skipping scheduled reports check.
Tue Jun  3 01:32:00 CDT 2025: Running scheduled reports
Tue Jun  3 01:32:00 CDT 2025: Checking if NextJS server is running...
/Users/sim/Project2/scripts/../scripts/run-simple-scheduled-reports.sh: line 16: node: command not found
Tue Jun  3 01:32:00 CDT 2025: NextJS server is not running. Skipping scheduled reports check.
Tue Jun  3 01:33:00 CDT 2025: Checking if NextJS server is running...
Tue Jun  3 01:33:00 CDT 2025: Running scheduled reports
/Users/sim/Project2/scripts/../scripts/run-simple-scheduled-reports.sh: line 16: node: command not found
Tue Jun  3 01:33:00 CDT 2025: NextJS server is not running. Skipping scheduled reports check.
Tue Jun  3 01:34:00 CDT 2025: Running scheduled reports
Tue Jun  3 01:34:00 CDT 2025: Checking if NextJS server is running...
/Users/sim/Project2/scripts/../scripts/run-simple-scheduled-reports.sh: line 16: node: command not found
Tue Jun  3 01:34:00 CDT 2025: NextJS server is not running. Skipping scheduled reports check.
Tue Jun  3 01:35:01 CDT 2025: Checking if NextJS server is running...
Tue Jun  3 01:35:01 CDT 2025: Running scheduled reports
/Users/sim/Project2/scripts/../scripts/run-simple-scheduled-reports.sh: line 16: node: command not found
Tue Jun  3 01:35:01 CDT 2025: NextJS server is not running. Skipping scheduled reports check.
Tue Jun  3 01:36:00 CDT 2025: Checking if NextJS server is running...
Tue Jun  3 01:36:00 CDT 2025: Running scheduled reports
/Users/sim/Project2/scripts/../scripts/run-simple-scheduled-reports.sh: line 16: node: command not found
Tue Jun  3 01:36:00 CDT 2025: NextJS server is not running. Skipping scheduled reports check.
Tue Jun  3 01:37:00 CDT 2025: Running scheduled reports
Tue Jun  3 01:37:00 CDT 2025: Checking if NextJS server is running...
/Users/sim/Project2/scripts/../scripts/run-simple-scheduled-reports.sh: line 16: node: command not found
Tue Jun  3 01:37:00 CDT 2025: NextJS server is not running. Skipping scheduled reports check.
Tue Jun  3 01:38:00 CDT 2025: Running scheduled reports
Tue Jun  3 01:38:00 CDT 2025: Checking if NextJS server is running...
/Users/sim/Project2/scripts/../scripts/run-simple-scheduled-reports.sh: line 16: node: command not found
Tue Jun  3 01:38:00 CDT 2025: NextJS server is not running. Skipping scheduled reports check.
Tue Jun  3 01:39:00 CDT 2025: Running scheduled reports
Tue Jun  3 01:39:00 CDT 2025: Checking if NextJS server is running...
/Users/sim/Project2/scripts/../scripts/run-simple-scheduled-reports.sh: line 16: node: command not found
Tue Jun  3 01:39:00 CDT 2025: NextJS server is not running. Skipping scheduled reports check.
Tue Jun  3 01:40:00 CDT 2025: Running scheduled reports
Tue Jun  3 01:40:00 CDT 2025: Checking if NextJS server is running...
/Users/sim/Project2/scripts/../scripts/run-simple-scheduled-reports.sh: line 16: node: command not found
Tue Jun  3 01:40:00 CDT 2025: NextJS server is not running. Skipping scheduled reports check.
Tue Jun  3 01:41:00 CDT 2025: Running scheduled reports
Tue Jun  3 01:41:00 CDT 2025: Checking if NextJS server is running...
/Users/sim/Project2/scripts/../scripts/run-simple-scheduled-reports.sh: line 16: node: command not found
Tue Jun  3 01:41:01 CDT 2025: NextJS server is not running. Skipping scheduled reports check.
Tue Jun  3 01:42:00 CDT 2025: Running scheduled reports
Tue Jun  3 01:42:00 CDT 2025: Checking if NextJS server is running...
/Users/sim/Project2/scripts/../scripts/run-simple-scheduled-reports.sh: line 16: node: command not found
Tue Jun  3 01:42:00 CDT 2025: NextJS server is not running. Skipping scheduled reports check.
Tue Jun  3 01:43:00 CDT 2025: Running scheduled reports
Tue Jun  3 01:43:00 CDT 2025: Checking if NextJS server is running...
/Users/sim/Project2/scripts/../scripts/run-simple-scheduled-reports.sh: line 16: node: command not found
Tue Jun  3 01:43:00 CDT 2025: NextJS server is not running. Skipping scheduled reports check.
Tue Jun  3 01:44:00 CDT 2025: Running scheduled reports
Tue Jun  3 01:44:00 CDT 2025: Checking if NextJS server is running...
/Users/sim/Project2/scripts/../scripts/run-simple-scheduled-reports.sh: line 16: node: command not found
Tue Jun  3 01:44:00 CDT 2025: NextJS server is not running. Skipping scheduled reports check.
Tue Jun  3 01:45:00 CDT 2025: Checking if NextJS server is running...
Tue Jun  3 01:45:00 CDT 2025: Running scheduled reports
/Users/sim/Project2/scripts/../scripts/run-simple-scheduled-reports.sh: line 16: node: command not found
Tue Jun  3 01:45:00 CDT 2025: NextJS server is not running. Skipping scheduled reports check.
Tue Jun  3 01:46:00 CDT 2025: Running scheduled reports
Tue Jun  3 01:46:00 CDT 2025: Checking if NextJS server is running...
/Users/sim/Project2/scripts/../scripts/run-simple-scheduled-reports.sh: line 16: node: command not found
Tue Jun  3 01:46:00 CDT 2025: NextJS server is not running. Skipping scheduled reports check.
Tue Jun  3 01:47:00 CDT 2025: Running scheduled reports
Tue Jun  3 01:47:00 CDT 2025: Checking if NextJS server is running...
/Users/sim/Project2/scripts/../scripts/run-simple-scheduled-reports.sh: line 16: node: command not found
Tue Jun  3 01:47:00 CDT 2025: NextJS server is not running. Skipping scheduled reports check.
Tue Jun  3 01:48:01 CDT 2025: Running scheduled reports
Tue Jun  3 01:48:01 CDT 2025: Checking if NextJS server is running...
/Users/sim/Project2/scripts/../scripts/run-simple-scheduled-reports.sh: line 16: node: command not found
Tue Jun  3 01:48:01 CDT 2025: NextJS server is not running. Skipping scheduled reports check.
Tue Jun  3 01:49:00 CDT 2025: Checking if NextJS server is running...
Tue Jun  3 01:49:00 CDT 2025: Running scheduled reports
/Users/sim/Project2/scripts/../scripts/run-simple-scheduled-reports.sh: line 16: node: command not found
Tue Jun  3 01:49:00 CDT 2025: NextJS server is not running. Skipping scheduled reports check.
Tue Jun  3 01:50:00 CDT 2025: Checking if NextJS server is running...
Tue Jun  3 01:50:00 CDT 2025: Running scheduled reports
/Users/sim/Project2/scripts/../scripts/run-simple-scheduled-reports.sh: line 16: node: command not found
Tue Jun  3 01:50:00 CDT 2025: NextJS server is not running. Skipping scheduled reports check.
Tue Jun  3 01:51:00 CDT 2025: Checking if NextJS server is running...
Tue Jun  3 01:51:00 CDT 2025: Running scheduled reports
/Users/sim/Project2/scripts/../scripts/run-simple-scheduled-reports.sh: line 16: node: command not found
Tue Jun  3 01:51:00 CDT 2025: NextJS server is not running. Skipping scheduled reports check.
Tue Jun  3 01:52:00 CDT 2025: Running scheduled reports
Tue Jun  3 01:52:00 CDT 2025: Checking if NextJS server is running...
/Users/sim/Project2/scripts/../scripts/run-simple-scheduled-reports.sh: line 16: node: command not found
Tue Jun  3 01:52:00 CDT 2025: NextJS server is not running. Skipping scheduled reports check.
Tue Jun  3 01:53:00 CDT 2025: Checking if NextJS server is running...
Tue Jun  3 01:53:00 CDT 2025: Running scheduled reports
/Users/sim/Project2/scripts/../scripts/run-simple-scheduled-reports.sh: line 16: node: command not found
Tue Jun  3 01:53:00 CDT 2025: NextJS server is not running. Skipping scheduled reports check.
Tue Jun  3 01:54:00 CDT 2025: Checking if NextJS server is running...
Tue Jun  3 01:54:00 CDT 2025: Running scheduled reports
/Users/sim/Project2/scripts/../scripts/run-simple-scheduled-reports.sh: line 16: node: command not found
Tue Jun  3 01:54:01 CDT 2025: NextJS server is not running. Skipping scheduled reports check.
Tue Jun  3 01:55:00 CDT 2025: Checking if NextJS server is running...
Tue Jun  3 01:55:00 CDT 2025: Running scheduled reports
/Users/sim/Project2/scripts/../scripts/run-simple-scheduled-reports.sh: line 16: node: command not found
Tue Jun  3 01:55:00 CDT 2025: NextJS server is not running. Skipping scheduled reports check.
Tue Jun  3 01:56:00 CDT 2025: Running scheduled reports
Tue Jun  3 01:56:00 CDT 2025: Checking if NextJS server is running...
/Users/sim/Project2/scripts/../scripts/run-simple-scheduled-reports.sh: line 16: node: command not found
Tue Jun  3 01:56:00 CDT 2025: NextJS server is not running. Skipping scheduled reports check.
Tue Jun  3 01:57:00 CDT 2025: Running scheduled reports
Tue Jun  3 01:57:00 CDT 2025: Checking if NextJS server is running...
/Users/sim/Project2/scripts/../scripts/run-simple-scheduled-reports.sh: line 16: node: command not found
Tue Jun  3 01:57:00 CDT 2025: NextJS server is not running. Skipping scheduled reports check.
Tue Jun  3 01:58:00 CDT 2025: Checking if NextJS server is running...
Tue Jun  3 01:58:00 CDT 2025: Running scheduled reports
/Users/sim/Project2/scripts/../scripts/run-simple-scheduled-reports.sh: line 16: node: command not found
Tue Jun  3 01:58:00 CDT 2025: NextJS server is not running. Skipping scheduled reports check.
Tue Jun  3 01:59:00 CDT 2025: Running scheduled reports
Tue Jun  3 01:59:00 CDT 2025: Checking if NextJS server is running...
/Users/sim/Project2/scripts/../scripts/run-simple-scheduled-reports.sh: line 16: node: command not found
Tue Jun  3 01:59:00 CDT 2025: NextJS server is not running. Skipping scheduled reports check.
Tue Jun  3 02:00:00 CDT 2025: Running scheduled reports
Tue Jun  3 02:00:00 CDT 2025: Checking if NextJS server is running...
/Users/sim/Project2/scripts/../scripts/run-simple-scheduled-reports.sh: line 16: node: command not found
Tue Jun  3 02:00:00 CDT 2025: NextJS server is not running. Skipping scheduled reports check.
Tue Jun  3 02:01:01 CDT 2025: Running scheduled reports
Tue Jun  3 02:01:01 CDT 2025: Checking if NextJS server is running...
/Users/sim/Project2/scripts/../scripts/run-simple-scheduled-reports.sh: line 16: node: command not found
Tue Jun  3 02:01:01 CDT 2025: NextJS server is not running. Skipping scheduled reports check.
Tue Jun  3 02:02:00 CDT 2025: Checking if NextJS server is running...
Tue Jun  3 02:02:00 CDT 2025: Running scheduled reports
/Users/sim/Project2/scripts/../scripts/run-simple-scheduled-reports.sh: line 16: node: command not found
Tue Jun  3 02:02:00 CDT 2025: NextJS server is not running. Skipping scheduled reports check.
Tue Jun  3 02:03:00 CDT 2025: Checking if NextJS server is running...
Tue Jun  3 02:03:00 CDT 2025: Running scheduled reports
/Users/sim/Project2/scripts/../scripts/run-simple-scheduled-reports.sh: line 16: node: command not found
Tue Jun  3 02:03:00 CDT 2025: NextJS server is not running. Skipping scheduled reports check.
Tue Jun  3 02:04:00 CDT 2025: Checking if NextJS server is running...
Tue Jun  3 02:04:00 CDT 2025: Running scheduled reports
/Users/sim/Project2/scripts/../scripts/run-simple-scheduled-reports.sh: line 16: node: command not found
Tue Jun  3 02:04:00 CDT 2025: NextJS server is not running. Skipping scheduled reports check.
Tue Jun  3 02:05:00 CDT 2025: Running scheduled reports
Tue Jun  3 02:05:00 CDT 2025: Checking if NextJS server is running...
/Users/sim/Project2/scripts/../scripts/run-simple-scheduled-reports.sh: line 16: node: command not found
Tue Jun  3 02:05:00 CDT 2025: NextJS server is not running. Skipping scheduled reports check.
Tue Jun  3 02:06:00 CDT 2025: Checking if NextJS server is running...
Tue Jun  3 02:06:00 CDT 2025: Running scheduled reports
/Users/sim/Project2/scripts/../scripts/run-simple-scheduled-reports.sh: line 16: node: command not found
Tue Jun  3 02:06:00 CDT 2025: NextJS server is not running. Skipping scheduled reports check.
Tue Jun  3 02:07:01 CDT 2025: Running scheduled reports
Tue Jun  3 02:07:01 CDT 2025: Checking if NextJS server is running...
/Users/sim/Project2/scripts/../scripts/run-simple-scheduled-reports.sh: line 16: node: command not found
Tue Jun  3 02:07:01 CDT 2025: NextJS server is not running. Skipping scheduled reports check.
Tue Jun  3 02:08:00 CDT 2025: Running scheduled reports
Tue Jun  3 02:08:00 CDT 2025: Checking if NextJS server is running...
/Users/sim/Project2/scripts/../scripts/run-simple-scheduled-reports.sh: line 16: node: command not found
Tue Jun  3 02:08:00 CDT 2025: NextJS server is not running. Skipping scheduled reports check.
Tue Jun  3 02:09:00 CDT 2025: Checking if NextJS server is running...
Tue Jun  3 02:09:00 CDT 2025: Running scheduled reports
/Users/sim/Project2/scripts/../scripts/run-simple-scheduled-reports.sh: line 16: node: command not found
Tue Jun  3 02:09:00 CDT 2025: NextJS server is not running. Skipping scheduled reports check.
Tue Jun  3 02:10:00 CDT 2025: Running scheduled reports
Tue Jun  3 02:10:00 CDT 2025: Checking if NextJS server is running...
/Users/sim/Project2/scripts/../scripts/run-simple-scheduled-reports.sh: line 16: node: command not found
Tue Jun  3 02:10:00 CDT 2025: NextJS server is not running. Skipping scheduled reports check.
Tue Jun  3 02:11:01 CDT 2025: Checking if NextJS server is running...
Tue Jun  3 02:11:01 CDT 2025: Running scheduled reports
/Users/sim/Project2/scripts/../scripts/run-simple-scheduled-reports.sh: line 16: node: command not found
Tue Jun  3 02:11:01 CDT 2025: NextJS server is not running. Skipping scheduled reports check.
Tue Jun  3 02:12:00 CDT 2025: Checking if NextJS server is running...
Tue Jun  3 02:12:00 CDT 2025: Running scheduled reports
/Users/sim/Project2/scripts/../scripts/run-simple-scheduled-reports.sh: line 16: node: command not found
Tue Jun  3 02:12:00 CDT 2025: NextJS server is not running. Skipping scheduled reports check.
Tue Jun  3 02:13:00 CDT 2025: Running scheduled reports
Tue Jun  3 02:13:00 CDT 2025: Checking if NextJS server is running...
/Users/sim/Project2/scripts/../scripts/run-simple-scheduled-reports.sh: line 16: node: command not found
Tue Jun  3 02:13:00 CDT 2025: NextJS server is not running. Skipping scheduled reports check.
Tue Jun  3 02:14:00 CDT 2025: Running scheduled reports
Tue Jun  3 02:14:00 CDT 2025: Checking if NextJS server is running...
/Users/sim/Project2/scripts/../scripts/run-simple-scheduled-reports.sh: line 16: node: command not found
Tue Jun  3 02:14:00 CDT 2025: NextJS server is not running. Skipping scheduled reports check.
Tue Jun  3 02:15:00 CDT 2025: Checking if NextJS server is running...
Tue Jun  3 02:15:00 CDT 2025: Running scheduled reports
/Users/sim/Project2/scripts/../scripts/run-simple-scheduled-reports.sh: line 16: node: command not found
Tue Jun  3 02:15:00 CDT 2025: NextJS server is not running. Skipping scheduled reports check.
Tue Jun  3 02:16:01 CDT 2025: Running scheduled reports
Tue Jun  3 02:16:01 CDT 2025: Checking if NextJS server is running...
/Users/sim/Project2/scripts/../scripts/run-simple-scheduled-reports.sh: line 16: node: command not found
Tue Jun  3 02:16:01 CDT 2025: NextJS server is not running. Skipping scheduled reports check.
Tue Jun  3 02:17:00 CDT 2025: Checking if NextJS server is running...
Tue Jun  3 02:17:00 CDT 2025: Running scheduled reports
/Users/sim/Project2/scripts/../scripts/run-simple-scheduled-reports.sh: line 16: node: command not found
Tue Jun  3 02:17:00 CDT 2025: NextJS server is not running. Skipping scheduled reports check.
Tue Jun  3 02:18:00 CDT 2025: Checking if NextJS server is running...
Tue Jun  3 02:18:00 CDT 2025: Running scheduled reports
/Users/sim/Project2/scripts/../scripts/run-simple-scheduled-reports.sh: line 16: node: command not found
Tue Jun  3 02:18:00 CDT 2025: NextJS server is not running. Skipping scheduled reports check.
Tue Jun  3 02:19:00 CDT 2025: Checking if NextJS server is running...
Tue Jun  3 02:19:00 CDT 2025: Running scheduled reports
/Users/sim/Project2/scripts/../scripts/run-simple-scheduled-reports.sh: line 16: node: command not found
Tue Jun  3 02:19:00 CDT 2025: NextJS server is not running. Skipping scheduled reports check.
Tue Jun  3 02:20:00 CDT 2025: Running scheduled reports
Tue Jun  3 02:20:00 CDT 2025: Checking if NextJS server is running...
/Users/sim/Project2/scripts/../scripts/run-simple-scheduled-reports.sh: line 16: node: command not found
Tue Jun  3 02:20:00 CDT 2025: NextJS server is not running. Skipping scheduled reports check.
Tue Jun  3 02:21:00 CDT 2025: Running scheduled reports
Tue Jun  3 02:21:00 CDT 2025: Checking if NextJS server is running...
/Users/sim/Project2/scripts/../scripts/run-simple-scheduled-reports.sh: line 16: node: command not found
Tue Jun  3 02:21:00 CDT 2025: NextJS server is not running. Skipping scheduled reports check.
Tue Jun  3 02:22:01 CDT 2025: Running scheduled reports
Tue Jun  3 02:22:01 CDT 2025: Checking if NextJS server is running...
/Users/sim/Project2/scripts/../scripts/run-simple-scheduled-reports.sh: line 16: node: command not found
Tue Jun  3 02:22:01 CDT 2025: NextJS server is not running. Skipping scheduled reports check.
Tue Jun  3 02:23:00 CDT 2025: Running scheduled reports
Tue Jun  3 02:23:00 CDT 2025: Checking if NextJS server is running...
/Users/sim/Project2/scripts/../scripts/run-simple-scheduled-reports.sh: line 16: node: command not found
Tue Jun  3 02:23:00 CDT 2025: NextJS server is not running. Skipping scheduled reports check.
Tue Jun  3 02:24:00 CDT 2025: Running scheduled reports
Tue Jun  3 02:24:00 CDT 2025: Checking if NextJS server is running...
/Users/sim/Project2/scripts/../scripts/run-simple-scheduled-reports.sh: line 16: node: command not found
Tue Jun  3 02:24:00 CDT 2025: NextJS server is not running. Skipping scheduled reports check.
Tue Jun  3 02:25:00 CDT 2025: Running scheduled reports
Tue Jun  3 02:25:00 CDT 2025: Checking if NextJS server is running...
/Users/sim/Project2/scripts/../scripts/run-simple-scheduled-reports.sh: line 16: node: command not found
Tue Jun  3 02:25:00 CDT 2025: NextJS server is not running. Skipping scheduled reports check.
Tue Jun  3 02:26:00 CDT 2025: Running scheduled reports
Tue Jun  3 02:26:00 CDT 2025: Checking if NextJS server is running...
/Users/sim/Project2/scripts/../scripts/run-simple-scheduled-reports.sh: line 16: node: command not found
Tue Jun  3 02:26:00 CDT 2025: NextJS server is not running. Skipping scheduled reports check.
Tue Jun  3 02:27:00 CDT 2025: Checking if NextJS server is running...
Tue Jun  3 02:27:00 CDT 2025: Running scheduled reports
/Users/sim/Project2/scripts/../scripts/run-simple-scheduled-reports.sh: line 16: node: command not found
Tue Jun  3 02:27:00 CDT 2025: NextJS server is not running. Skipping scheduled reports check.
Tue Jun  3 02:28:01 CDT 2025: Running scheduled reports
Tue Jun  3 02:28:01 CDT 2025: Checking if NextJS server is running...
/Users/sim/Project2/scripts/../scripts/run-simple-scheduled-reports.sh: line 16: node: command not found
Tue Jun  3 02:28:01 CDT 2025: NextJS server is not running. Skipping scheduled reports check.
Tue Jun  3 02:29:00 CDT 2025: Checking if NextJS server is running...
Tue Jun  3 02:29:00 CDT 2025: Running scheduled reports
/Users/sim/Project2/scripts/../scripts/run-simple-scheduled-reports.sh: line 16: node: command not found
Tue Jun  3 02:29:00 CDT 2025: NextJS server is not running. Skipping scheduled reports check.
Tue Jun  3 02:30:00 CDT 2025: Running scheduled reports
Tue Jun  3 02:30:00 CDT 2025: Checking if NextJS server is running...
/Users/sim/Project2/scripts/../scripts/run-simple-scheduled-reports.sh: line 16: node: command not found
Tue Jun  3 02:30:00 CDT 2025: NextJS server is not running. Skipping scheduled reports check.
Tue Jun  3 02:31:00 CDT 2025: Running scheduled reports
Tue Jun  3 02:31:00 CDT 2025: Checking if NextJS server is running...
/Users/sim/Project2/scripts/../scripts/run-simple-scheduled-reports.sh: line 16: node: command not found
Tue Jun  3 02:31:00 CDT 2025: NextJS server is not running. Skipping scheduled reports check.
Tue Jun  3 02:32:00 CDT 2025: Checking if NextJS server is running...
Tue Jun  3 02:32:00 CDT 2025: Running scheduled reports
/Users/sim/Project2/scripts/../scripts/run-simple-scheduled-reports.sh: line 16: node: command not found
Tue Jun  3 02:32:00 CDT 2025: NextJS server is not running. Skipping scheduled reports check.
Tue Jun  3 02:33:01 CDT 2025: Running scheduled reports
Tue Jun  3 02:33:01 CDT 2025: Checking if NextJS server is running...
/Users/sim/Project2/scripts/../scripts/run-simple-scheduled-reports.sh: line 16: node: command not found
Tue Jun  3 02:33:01 CDT 2025: NextJS server is not running. Skipping scheduled reports check.
Tue Jun  3 02:34:00 CDT 2025: Checking if NextJS server is running...
Tue Jun  3 02:34:00 CDT 2025: Running scheduled reports
/Users/sim/Project2/scripts/../scripts/run-simple-scheduled-reports.sh: line 16: node: command not found
Tue Jun  3 02:34:00 CDT 2025: NextJS server is not running. Skipping scheduled reports check.
Tue Jun  3 02:35:00 CDT 2025: Running scheduled reports
Tue Jun  3 02:35:00 CDT 2025: Checking if NextJS server is running...
/Users/sim/Project2/scripts/../scripts/run-simple-scheduled-reports.sh: line 16: node: command not found
Tue Jun  3 02:35:00 CDT 2025: NextJS server is not running. Skipping scheduled reports check.
Tue Jun  3 02:36:00 CDT 2025: Running scheduled reports
Tue Jun  3 02:36:00 CDT 2025: Checking if NextJS server is running...
/Users/sim/Project2/scripts/../scripts/run-simple-scheduled-reports.sh: line 16: node: command not found
Tue Jun  3 02:36:00 CDT 2025: NextJS server is not running. Skipping scheduled reports check.
Tue Jun  3 02:37:00 CDT 2025: Running scheduled reports
Tue Jun  3 02:37:00 CDT 2025: Checking if NextJS server is running...
/Users/sim/Project2/scripts/../scripts/run-simple-scheduled-reports.sh: line 16: node: command not found
Tue Jun  3 02:37:00 CDT 2025: NextJS server is not running. Skipping scheduled reports check.
Tue Jun  3 02:38:00 CDT 2025: Running scheduled reports
Tue Jun  3 02:38:00 CDT 2025: Checking if NextJS server is running...
/Users/sim/Project2/scripts/../scripts/run-simple-scheduled-reports.sh: line 16: node: command not found
Tue Jun  3 02:38:00 CDT 2025: NextJS server is not running. Skipping scheduled reports check.
Tue Jun  3 02:39:01 CDT 2025: Running scheduled reports
Tue Jun  3 02:39:01 CDT 2025: Checking if NextJS server is running...
/Users/sim/Project2/scripts/../scripts/run-simple-scheduled-reports.sh: line 16: node: command not found
Tue Jun  3 02:39:01 CDT 2025: NextJS server is not running. Skipping scheduled reports check.
Tue Jun  3 02:40:00 CDT 2025: Checking if NextJS server is running...
Tue Jun  3 02:40:00 CDT 2025: Running scheduled reports
/Users/sim/Project2/scripts/../scripts/run-simple-scheduled-reports.sh: line 16: node: command not found
Tue Jun  3 02:40:00 CDT 2025: NextJS server is not running. Skipping scheduled reports check.
Tue Jun  3 02:41:00 CDT 2025: Checking if NextJS server is running...
Tue Jun  3 02:41:00 CDT 2025: Running scheduled reports
/Users/sim/Project2/scripts/../scripts/run-simple-scheduled-reports.sh: line 16: node: command not found
Tue Jun  3 02:41:00 CDT 2025: NextJS server is not running. Skipping scheduled reports check.
Tue Jun  3 02:42:00 CDT 2025: Checking if NextJS server is running...
Tue Jun  3 02:42:00 CDT 2025: Running scheduled reports
/Users/sim/Project2/scripts/../scripts/run-simple-scheduled-reports.sh: line 16: node: command not found
Tue Jun  3 02:42:00 CDT 2025: NextJS server is not running. Skipping scheduled reports check.
Tue Jun  3 02:43:00 CDT 2025: Checking if NextJS server is running...
Tue Jun  3 02:43:00 CDT 2025: Running scheduled reports
/Users/sim/Project2/scripts/../scripts/run-simple-scheduled-reports.sh: line 16: node: command not found
Tue Jun  3 02:43:00 CDT 2025: NextJS server is not running. Skipping scheduled reports check.
Tue Jun  3 02:44:01 CDT 2025: Running scheduled reports
Tue Jun  3 02:44:01 CDT 2025: Checking if NextJS server is running...
/Users/sim/Project2/scripts/../scripts/run-simple-scheduled-reports.sh: line 16: node: command not found
Tue Jun  3 02:44:01 CDT 2025: NextJS server is not running. Skipping scheduled reports check.
Tue Jun  3 02:45:00 CDT 2025: Running scheduled reports
Tue Jun  3 02:45:00 CDT 2025: Checking if NextJS server is running...
/Users/sim/Project2/scripts/../scripts/run-simple-scheduled-reports.sh: line 16: node: command not found
Tue Jun  3 02:45:00 CDT 2025: NextJS server is not running. Skipping scheduled reports check.
Tue Jun  3 02:46:00 CDT 2025: Running scheduled reports
Tue Jun  3 02:46:00 CDT 2025: Checking if NextJS server is running...
/Users/sim/Project2/scripts/../scripts/run-simple-scheduled-reports.sh: line 16: node: command not found
Tue Jun  3 02:46:00 CDT 2025: NextJS server is not running. Skipping scheduled reports check.
Tue Jun  3 02:47:00 CDT 2025: Checking if NextJS server is running...
Tue Jun  3 02:47:00 CDT 2025: Running scheduled reports
/Users/sim/Project2/scripts/../scripts/run-simple-scheduled-reports.sh: line 16: node: command not found
Tue Jun  3 02:47:00 CDT 2025: NextJS server is not running. Skipping scheduled reports check.
Tue Jun  3 02:48:00 CDT 2025: Checking if NextJS server is running...
Tue Jun  3 02:48:00 CDT 2025: Running scheduled reports
/Users/sim/Project2/scripts/../scripts/run-simple-scheduled-reports.sh: line 16: node: command not found
Tue Jun  3 02:48:00 CDT 2025: NextJS server is not running. Skipping scheduled reports check.
Tue Jun  3 02:49:01 CDT 2025: Checking if NextJS server is running...
Tue Jun  3 02:49:01 CDT 2025: Running scheduled reports
/Users/sim/Project2/scripts/../scripts/run-simple-scheduled-reports.sh: line 16: node: command not found
Tue Jun  3 02:49:01 CDT 2025: NextJS server is not running. Skipping scheduled reports check.
Tue Jun  3 02:50:00 CDT 2025: Checking if NextJS server is running...
Tue Jun  3 02:50:00 CDT 2025: Running scheduled reports
/Users/sim/Project2/scripts/../scripts/run-simple-scheduled-reports.sh: line 16: node: command not found
Tue Jun  3 02:50:00 CDT 2025: NextJS server is not running. Skipping scheduled reports check.
Tue Jun  3 02:51:00 CDT 2025: Checking if NextJS server is running...
Tue Jun  3 02:51:00 CDT 2025: Running scheduled reports
/Users/sim/Project2/scripts/../scripts/run-simple-scheduled-reports.sh: line 16: node: command not found
Tue Jun  3 02:51:00 CDT 2025: NextJS server is not running. Skipping scheduled reports check.
Tue Jun  3 02:52:00 CDT 2025: Checking if NextJS server is running...
Tue Jun  3 02:52:00 CDT 2025: Running scheduled reports
/Users/sim/Project2/scripts/../scripts/run-simple-scheduled-reports.sh: line 16: node: command not found
Tue Jun  3 02:52:00 CDT 2025: NextJS server is not running. Skipping scheduled reports check.
Tue Jun  3 02:53:01 CDT 2025: Running scheduled reports
Tue Jun  3 02:53:01 CDT 2025: Checking if NextJS server is running...
/Users/sim/Project2/scripts/../scripts/run-simple-scheduled-reports.sh: line 16: node: command not found
Tue Jun  3 02:53:01 CDT 2025: NextJS server is not running. Skipping scheduled reports check.
Tue Jun  3 02:54:00 CDT 2025: Running scheduled reports
Tue Jun  3 02:54:00 CDT 2025: Checking if NextJS server is running...
/Users/sim/Project2/scripts/../scripts/run-simple-scheduled-reports.sh: line 16: node: command not found
Tue Jun  3 02:54:00 CDT 2025: NextJS server is not running. Skipping scheduled reports check.
Tue Jun  3 02:55:00 CDT 2025: Checking if NextJS server is running...
Tue Jun  3 02:55:00 CDT 2025: Running scheduled reports
/Users/sim/Project2/scripts/../scripts/run-simple-scheduled-reports.sh: line 16: node: command not found
Tue Jun  3 02:55:00 CDT 2025: NextJS server is not running. Skipping scheduled reports check.
Tue Jun  3 02:56:00 CDT 2025: Running scheduled reports
Tue Jun  3 02:56:00 CDT 2025: Checking if NextJS server is running...
/Users/sim/Project2/scripts/../scripts/run-simple-scheduled-reports.sh: line 16: node: command not found
Tue Jun  3 02:56:00 CDT 2025: NextJS server is not running. Skipping scheduled reports check.
Tue Jun  3 02:57:01 CDT 2025: Checking if NextJS server is running...
Tue Jun  3 02:57:01 CDT 2025: Running scheduled reports
/Users/sim/Project2/scripts/../scripts/run-simple-scheduled-reports.sh: line 16: node: command not found
Tue Jun  3 02:57:01 CDT 2025: NextJS server is not running. Skipping scheduled reports check.
Tue Jun  3 02:58:00 CDT 2025: Running scheduled reports
/Users/sim/Project2/scripts/../scripts/run-simple-scheduled-reports.sh: line 16: node: command not found
Tue Jun  3 02:58:00 CDT 2025: Checking if NextJS server is running...
Tue Jun  3 02:58:00 CDT 2025: NextJS server is not running. Skipping scheduled reports check.
Tue Jun  3 02:59:00 CDT 2025: Running scheduled reports
Tue Jun  3 02:59:00 CDT 2025: Checking if NextJS server is running...
/Users/sim/Project2/scripts/../scripts/run-simple-scheduled-reports.sh: line 16: node: command not found
Tue Jun  3 02:59:00 CDT 2025: NextJS server is not running. Skipping scheduled reports check.
Tue Jun  3 03:00:00 CDT 2025: Checking if NextJS server is running...
Tue Jun  3 03:00:00 CDT 2025: Running scheduled reports
/Users/sim/Project2/scripts/../scripts/run-simple-scheduled-reports.sh: line 16: node: command not found
Tue Jun  3 03:00:00 CDT 2025: NextJS server is not running. Skipping scheduled reports check.
Tue Jun  3 03:01:00 CDT 2025: Running scheduled reports
Tue Jun  3 03:01:00 CDT 2025: Checking if NextJS server is running...
/Users/sim/Project2/scripts/../scripts/run-simple-scheduled-reports.sh: line 16: node: command not found
Tue Jun  3 03:01:00 CDT 2025: NextJS server is not running. Skipping scheduled reports check.
Tue Jun  3 03:02:01 CDT 2025: Running scheduled reports
Tue Jun  3 03:02:01 CDT 2025: Checking if NextJS server is running...
/Users/sim/Project2/scripts/../scripts/run-simple-scheduled-reports.sh: line 16: node: command not found
Tue Jun  3 03:02:01 CDT 2025: NextJS server is not running. Skipping scheduled reports check.
Tue Jun  3 03:03:00 CDT 2025: Running scheduled reports
Tue Jun  3 03:03:00 CDT 2025: Checking if NextJS server is running...
/Users/sim/Project2/scripts/../scripts/run-simple-scheduled-reports.sh: line 16: node: command not found
Tue Jun  3 03:03:00 CDT 2025: NextJS server is not running. Skipping scheduled reports check.
Tue Jun  3 03:46:01 CDT 2025: Running scheduled reports
Tue Jun  3 03:46:01 CDT 2025: Checking if NextJS server is running...
/Users/sim/Project2/scripts/../scripts/run-simple-scheduled-reports.sh: line 16: node: command not found
Tue Jun  3 03:46:01 CDT 2025: NextJS server is not running. Skipping scheduled reports check.
Tue Jun  3 03:47:00 CDT 2025: Checking if NextJS server is running...
Tue Jun  3 03:47:00 CDT 2025: Running scheduled reports
/Users/sim/Project2/scripts/../scripts/run-simple-scheduled-reports.sh: line 16: node: command not found
Tue Jun  3 03:47:00 CDT 2025: NextJS server is not running. Skipping scheduled reports check.
Tue Jun  3 03:48:00 CDT 2025: Checking if NextJS server is running...
Tue Jun  3 03:48:00 CDT 2025: Running scheduled reports
/Users/sim/Project2/scripts/../scripts/run-simple-scheduled-reports.sh: line 16: node: command not found
Tue Jun  3 03:48:00 CDT 2025: NextJS server is not running. Skipping scheduled reports check.
Tue Jun  3 03:49:00 CDT 2025: Running scheduled reports
Tue Jun  3 03:49:00 CDT 2025: Checking if NextJS server is running...
/Users/sim/Project2/scripts/../scripts/run-simple-scheduled-reports.sh: line 16: node: command not found
Tue Jun  3 03:49:00 CDT 2025: NextJS server is not running. Skipping scheduled reports check.
Tue Jun  3 03:50:00 CDT 2025: Checking if NextJS server is running...
Tue Jun  3 03:50:00 CDT 2025: Running scheduled reports
/Users/sim/Project2/scripts/../scripts/run-simple-scheduled-reports.sh: line 16: node: command not found
Tue Jun  3 03:50:00 CDT 2025: NextJS server is not running. Skipping scheduled reports check.
Tue Jun  3 03:51:00 CDT 2025: Running scheduled reports
Tue Jun  3 03:51:00 CDT 2025: Checking if NextJS server is running...
/Users/sim/Project2/scripts/../scripts/run-simple-scheduled-reports.sh: line 16: node: command not found
Tue Jun  3 03:51:00 CDT 2025: NextJS server is not running. Skipping scheduled reports check.
Tue Jun  3 03:52:00 CDT 2025: Running scheduled reports
Tue Jun  3 03:52:00 CDT 2025: Checking if NextJS server is running...
/Users/sim/Project2/scripts/../scripts/run-simple-scheduled-reports.sh: line 16: node: command not found
Tue Jun  3 03:52:00 CDT 2025: NextJS server is not running. Skipping scheduled reports check.
Tue Jun  3 03:53:01 CDT 2025: Checking if NextJS server is running...
Tue Jun  3 03:53:01 CDT 2025: Running scheduled reports
/Users/sim/Project2/scripts/../scripts/run-simple-scheduled-reports.sh: line 16: node: command not found
Tue Jun  3 03:53:01 CDT 2025: NextJS server is not running. Skipping scheduled reports check.
Tue Jun  3 03:54:00 CDT 2025: Running scheduled reports
Tue Jun  3 03:54:00 CDT 2025: Checking if NextJS server is running...
/Users/sim/Project2/scripts/../scripts/run-simple-scheduled-reports.sh: line 16: node: command not found
Tue Jun  3 03:54:00 CDT 2025: NextJS server is not running. Skipping scheduled reports check.
Tue Jun  3 03:55:00 CDT 2025: Running scheduled reports
Tue Jun  3 03:55:00 CDT 2025: Checking if NextJS server is running...
/Users/sim/Project2/scripts/../scripts/run-simple-scheduled-reports.sh: line 16: node: command not found
Tue Jun  3 03:55:00 CDT 2025: NextJS server is not running. Skipping scheduled reports check.
Tue Jun  3 03:56:00 CDT 2025: Running scheduled reports
Tue Jun  3 03:56:00 CDT 2025: Checking if NextJS server is running...
/Users/sim/Project2/scripts/../scripts/run-simple-scheduled-reports.sh: line 16: node: command not found
Tue Jun  3 03:56:00 CDT 2025: NextJS server is not running. Skipping scheduled reports check.
Tue Jun  3 03:57:00 CDT 2025: Checking if NextJS server is running...
Tue Jun  3 03:57:00 CDT 2025: Running scheduled reports
/Users/sim/Project2/scripts/../scripts/run-simple-scheduled-reports.sh: line 16: node: command not found
Tue Jun  3 03:57:00 CDT 2025: NextJS server is not running. Skipping scheduled reports check.
Tue Jun  3 03:58:00 CDT 2025: Checking if NextJS server is running...
Tue Jun  3 03:58:00 CDT 2025: Running scheduled reports
/Users/sim/Project2/scripts/../scripts/run-simple-scheduled-reports.sh: line 16: node: command not found
Tue Jun  3 03:58:00 CDT 2025: NextJS server is not running. Skipping scheduled reports check.
Tue Jun  3 03:59:00 CDT 2025: Running scheduled reports
Tue Jun  3 03:59:00 CDT 2025: Checking if NextJS server is running...
/Users/sim/Project2/scripts/../scripts/run-simple-scheduled-reports.sh: line 16: node: command not found
Tue Jun  3 03:59:00 CDT 2025: NextJS server is not running. Skipping scheduled reports check.
Tue Jun  3 04:00:01 CDT 2025: Running scheduled reports
Tue Jun  3 04:00:01 CDT 2025: Checking if NextJS server is running...
/Users/sim/Project2/scripts/../scripts/run-simple-scheduled-reports.sh: line 16: node: command not found
Tue Jun  3 04:00:01 CDT 2025: NextJS server is not running. Skipping scheduled reports check.
Tue Jun  3 04:01:00 CDT 2025: Checking if NextJS server is running...
Tue Jun  3 04:01:00 CDT 2025: Running scheduled reports
/Users/sim/Project2/scripts/../scripts/run-simple-scheduled-reports.sh: line 16: node: command not found
Tue Jun  3 04:01:00 CDT 2025: NextJS server is not running. Skipping scheduled reports check.
Tue Jun  3 04:02:00 CDT 2025: Checking if NextJS server is running...
Tue Jun  3 04:02:00 CDT 2025: Running scheduled reports
/Users/sim/Project2/scripts/../scripts/run-simple-scheduled-reports.sh: line 16: node: command not found
Tue Jun  3 04:02:00 CDT 2025: NextJS server is not running. Skipping scheduled reports check.
Tue Jun  3 04:03:00 CDT 2025: Checking if NextJS server is running...
Tue Jun  3 04:03:00 CDT 2025: Running scheduled reports
/Users/sim/Project2/scripts/../scripts/run-simple-scheduled-reports.sh: line 16: node: command not found
Tue Jun  3 04:03:00 CDT 2025: NextJS server is not running. Skipping scheduled reports check.
Tue Jun  3 04:04:00 CDT 2025: Running scheduled reports
Tue Jun  3 04:04:00 CDT 2025: Checking if NextJS server is running...
/Users/sim/Project2/scripts/../scripts/run-simple-scheduled-reports.sh: line 16: node: command not found
Tue Jun  3 04:04:00 CDT 2025: NextJS server is not running. Skipping scheduled reports check.
Tue Jun  3 04:05:00 CDT 2025: Running scheduled reports
Tue Jun  3 04:05:00 CDT 2025: Checking if NextJS server is running...
/Users/sim/Project2/scripts/../scripts/run-simple-scheduled-reports.sh: line 16: node: command not found
Tue Jun  3 04:05:00 CDT 2025: NextJS server is not running. Skipping scheduled reports check.
Tue Jun  3 04:06:00 CDT 2025: Running scheduled reports
Tue Jun  3 04:06:00 CDT 2025: Checking if NextJS server is running...
/Users/sim/Project2/scripts/../scripts/run-simple-scheduled-reports.sh: line 16: node: command not found
Tue Jun  3 04:06:00 CDT 2025: NextJS server is not running. Skipping scheduled reports check.
Tue Jun  3 04:07:01 CDT 2025: Running scheduled reports
Tue Jun  3 04:07:01 CDT 2025: Checking if NextJS server is running...
/Users/sim/Project2/scripts/../scripts/run-simple-scheduled-reports.sh: line 16: node: command not found
Tue Jun  3 04:07:01 CDT 2025: NextJS server is not running. Skipping scheduled reports check.
Tue Jun  3 04:08:00 CDT 2025: Checking if NextJS server is running...
Tue Jun  3 04:08:00 CDT 2025: Running scheduled reports
/Users/sim/Project2/scripts/../scripts/run-simple-scheduled-reports.sh: line 16: node: command not found
Tue Jun  3 04:08:00 CDT 2025: NextJS server is not running. Skipping scheduled reports check.
Tue Jun  3 04:09:00 CDT 2025: Running scheduled reports
Tue Jun  3 04:09:00 CDT 2025: Checking if NextJS server is running...
/Users/sim/Project2/scripts/../scripts/run-simple-scheduled-reports.sh: line 16: node: command not found
Tue Jun  3 04:09:00 CDT 2025: NextJS server is not running. Skipping scheduled reports check.
Tue Jun  3 04:10:00 CDT 2025: Running scheduled reports
Tue Jun  3 04:10:00 CDT 2025: Checking if NextJS server is running...
/Users/sim/Project2/scripts/../scripts/run-simple-scheduled-reports.sh: line 16: node: command not found
Tue Jun  3 04:10:00 CDT 2025: NextJS server is not running. Skipping scheduled reports check.
Tue Jun  3 04:11:00 CDT 2025: Checking if NextJS server is running...
Tue Jun  3 04:11:00 CDT 2025: Running scheduled reports
/Users/sim/Project2/scripts/../scripts/run-simple-scheduled-reports.sh: line 16: node: command not found
Tue Jun  3 04:11:00 CDT 2025: NextJS server is not running. Skipping scheduled reports check.
Tue Jun  3 04:12:00 CDT 2025: Running scheduled reports
Tue Jun  3 04:12:00 CDT 2025: Checking if NextJS server is running...
/Users/sim/Project2/scripts/../scripts/run-simple-scheduled-reports.sh: line 16: node: command not found
Tue Jun  3 04:12:00 CDT 2025: NextJS server is not running. Skipping scheduled reports check.
Tue Jun  3 04:13:01 CDT 2025: Running scheduled reports
Tue Jun  3 04:13:01 CDT 2025: Checking if NextJS server is running...
/Users/sim/Project2/scripts/../scripts/run-simple-scheduled-reports.sh: line 16: node: command not found
Tue Jun  3 04:13:01 CDT 2025: NextJS server is not running. Skipping scheduled reports check.
Tue Jun  3 04:14:00 CDT 2025: Checking if NextJS server is running...
Tue Jun  3 04:14:00 CDT 2025: Running scheduled reports
/Users/sim/Project2/scripts/../scripts/run-simple-scheduled-reports.sh: line 16: node: command not found
Tue Jun  3 04:14:00 CDT 2025: NextJS server is not running. Skipping scheduled reports check.
Tue Jun  3 04:15:00 CDT 2025: Running scheduled reports
Tue Jun  3 04:15:00 CDT 2025: Checking if NextJS server is running...
/Users/sim/Project2/scripts/../scripts/run-simple-scheduled-reports.sh: line 16: node: command not found
Tue Jun  3 04:15:00 CDT 2025: NextJS server is not running. Skipping scheduled reports check.
Tue Jun  3 04:16:00 CDT 2025: Running scheduled reports
Tue Jun  3 04:16:00 CDT 2025: Checking if NextJS server is running...
/Users/sim/Project2/scripts/../scripts/run-simple-scheduled-reports.sh: line 16: node: command not found
Tue Jun  3 04:16:00 CDT 2025: NextJS server is not running. Skipping scheduled reports check.
Tue Jun  3 04:17:00 CDT 2025: Checking if NextJS server is running...
Tue Jun  3 04:17:00 CDT 2025: Running scheduled reports
/Users/sim/Project2/scripts/../scripts/run-simple-scheduled-reports.sh: line 16: node: command not found
Tue Jun  3 04:17:00 CDT 2025: NextJS server is not running. Skipping scheduled reports check.
Tue Jun  3 04:18:00 CDT 2025: Running scheduled reports
Tue Jun  3 04:18:00 CDT 2025: Checking if NextJS server is running...
/Users/sim/Project2/scripts/../scripts/run-simple-scheduled-reports.sh: line 16: node: command not found
Tue Jun  3 04:18:00 CDT 2025: NextJS server is not running. Skipping scheduled reports check.
Tue Jun  3 04:19:01 CDT 2025: Running scheduled reports
Tue Jun  3 04:19:01 CDT 2025: Checking if NextJS server is running...
/Users/sim/Project2/scripts/../scripts/run-simple-scheduled-reports.sh: line 16: node: command not found
Tue Jun  3 04:19:01 CDT 2025: NextJS server is not running. Skipping scheduled reports check.
Tue Jun  3 04:20:00 CDT 2025: Running scheduled reports
Tue Jun  3 04:20:00 CDT 2025: Checking if NextJS server is running...
/Users/sim/Project2/scripts/../scripts/run-simple-scheduled-reports.sh: line 16: node: command not found
Tue Jun  3 04:20:00 CDT 2025: NextJS server is not running. Skipping scheduled reports check.
Tue Jun  3 04:21:00 CDT 2025: Checking if NextJS server is running...
Tue Jun  3 04:21:00 CDT 2025: Running scheduled reports
/Users/sim/Project2/scripts/../scripts/run-simple-scheduled-reports.sh: line 16: node: command not found
Tue Jun  3 04:21:00 CDT 2025: NextJS server is not running. Skipping scheduled reports check.
Tue Jun  3 04:22:00 CDT 2025: Running scheduled reports
Tue Jun  3 04:22:00 CDT 2025: Checking if NextJS server is running...
/Users/sim/Project2/scripts/../scripts/run-simple-scheduled-reports.sh: line 16: node: command not found
Tue Jun  3 04:22:00 CDT 2025: NextJS server is not running. Skipping scheduled reports check.
Tue Jun  3 04:23:00 CDT 2025: Running scheduled reports
Tue Jun  3 04:23:00 CDT 2025: Checking if NextJS server is running...
/Users/sim/Project2/scripts/../scripts/run-simple-scheduled-reports.sh: line 16: node: command not found
Tue Jun  3 04:23:00 CDT 2025: NextJS server is not running. Skipping scheduled reports check.
Tue Jun  3 04:24:00 CDT 2025: Running scheduled reports
Tue Jun  3 04:24:00 CDT 2025: Checking if NextJS server is running...
/Users/sim/Project2/scripts/../scripts/run-simple-scheduled-reports.sh: line 16: node: command not found
Tue Jun  3 04:24:00 CDT 2025: NextJS server is not running. Skipping scheduled reports check.
Tue Jun  3 04:25:01 CDT 2025: Checking if NextJS server is running...
Tue Jun  3 04:25:01 CDT 2025: Running scheduled reports
/Users/sim/Project2/scripts/../scripts/run-simple-scheduled-reports.sh: line 16: node: command not found
Tue Jun  3 04:25:01 CDT 2025: NextJS server is not running. Skipping scheduled reports check.
Tue Jun  3 04:26:00 CDT 2025: Checking if NextJS server is running...
Tue Jun  3 04:26:00 CDT 2025: Running scheduled reports
/Users/sim/Project2/scripts/../scripts/run-simple-scheduled-reports.sh: line 16: node: command not found
Tue Jun  3 04:26:00 CDT 2025: NextJS server is not running. Skipping scheduled reports check.
Tue Jun  3 04:27:00 CDT 2025: Running scheduled reports
Tue Jun  3 04:27:00 CDT 2025: Checking if NextJS server is running...
/Users/sim/Project2/scripts/../scripts/run-simple-scheduled-reports.sh: line 16: node: command not found
Tue Jun  3 04:27:00 CDT 2025: NextJS server is not running. Skipping scheduled reports check.
Tue Jun  3 04:28:00 CDT 2025: Running scheduled reports
Tue Jun  3 04:28:00 CDT 2025: Checking if NextJS server is running...
/Users/sim/Project2/scripts/../scripts/run-simple-scheduled-reports.sh: line 16: node: command not found
Tue Jun  3 04:28:00 CDT 2025: NextJS server is not running. Skipping scheduled reports check.
Tue Jun  3 04:29:00 CDT 2025: Checking if NextJS server is running...
Tue Jun  3 04:29:00 CDT 2025: Running scheduled reports
/Users/sim/Project2/scripts/../scripts/run-simple-scheduled-reports.sh: line 16: node: command not found
Tue Jun  3 04:29:00 CDT 2025: NextJS server is not running. Skipping scheduled reports check.
Tue Jun  3 04:30:01 CDT 2025: Running scheduled reports
Tue Jun  3 04:30:01 CDT 2025: Checking if NextJS server is running...
/Users/sim/Project2/scripts/../scripts/run-simple-scheduled-reports.sh: line 16: node: command not found
Tue Jun  3 04:30:01 CDT 2025: NextJS server is not running. Skipping scheduled reports check.
Tue Jun  3 04:31:00 CDT 2025: Running scheduled reports
Tue Jun  3 04:31:00 CDT 2025: Checking if NextJS server is running...
/Users/sim/Project2/scripts/../scripts/run-simple-scheduled-reports.sh: line 16: node: command not found
Tue Jun  3 04:31:00 CDT 2025: NextJS server is not running. Skipping scheduled reports check.
Tue Jun  3 04:32:00 CDT 2025: Checking if NextJS server is running...
Tue Jun  3 04:32:00 CDT 2025: Running scheduled reports
/Users/sim/Project2/scripts/../scripts/run-simple-scheduled-reports.sh: line 16: node: command not found
Tue Jun  3 04:32:00 CDT 2025: NextJS server is not running. Skipping scheduled reports check.
Tue Jun  3 04:33:00 CDT 2025: Running scheduled reports
Tue Jun  3 04:33:00 CDT 2025: Checking if NextJS server is running...
/Users/sim/Project2/scripts/../scripts/run-simple-scheduled-reports.sh: line 16: node: command not found
Tue Jun  3 04:33:00 CDT 2025: NextJS server is not running. Skipping scheduled reports check.
Tue Jun  3 04:34:00 CDT 2025: Running scheduled reports
Tue Jun  3 04:34:00 CDT 2025: Checking if NextJS server is running...
/Users/sim/Project2/scripts/../scripts/run-simple-scheduled-reports.sh: line 16: node: command not found
Tue Jun  3 04:34:00 CDT 2025: NextJS server is not running. Skipping scheduled reports check.
Tue Jun  3 04:35:00 CDT 2025: Checking if NextJS server is running...
Tue Jun  3 04:35:00 CDT 2025: Running scheduled reports
/Users/sim/Project2/scripts/../scripts/run-simple-scheduled-reports.sh: line 16: node: command not found
Tue Jun  3 04:35:00 CDT 2025: NextJS server is not running. Skipping scheduled reports check.
Tue Jun  3 04:36:01 CDT 2025: Checking if NextJS server is running...
Tue Jun  3 04:36:01 CDT 2025: Running scheduled reports
/Users/sim/Project2/scripts/../scripts/run-simple-scheduled-reports.sh: line 16: node: command not found
Tue Jun  3 04:36:01 CDT 2025: NextJS server is not running. Skipping scheduled reports check.
Tue Jun  3 04:37:00 CDT 2025: Running scheduled reports
Tue Jun  3 04:37:00 CDT 2025: Checking if NextJS server is running...
/Users/sim/Project2/scripts/../scripts/run-simple-scheduled-reports.sh: line 16: node: command not found
Tue Jun  3 04:37:00 CDT 2025: NextJS server is not running. Skipping scheduled reports check.
Tue Jun  3 04:38:00 CDT 2025: Running scheduled reports
Tue Jun  3 04:38:00 CDT 2025: Checking if NextJS server is running...
/Users/sim/Project2/scripts/../scripts/run-simple-scheduled-reports.sh: line 16: node: command not found
Tue Jun  3 04:38:00 CDT 2025: NextJS server is not running. Skipping scheduled reports check.
Tue Jun  3 04:39:00 CDT 2025: Checking if NextJS server is running...
Tue Jun  3 04:39:00 CDT 2025: Running scheduled reports
/Users/sim/Project2/scripts/../scripts/run-simple-scheduled-reports.sh: line 16: node: command not found
Tue Jun  3 04:39:00 CDT 2025: NextJS server is not running. Skipping scheduled reports check.
Tue Jun  3 04:40:00 CDT 2025: Running scheduled reports
Tue Jun  3 04:40:00 CDT 2025: Checking if NextJS server is running...
/Users/sim/Project2/scripts/../scripts/run-simple-scheduled-reports.sh: line 16: node: command not found
Tue Jun  3 04:40:00 CDT 2025: NextJS server is not running. Skipping scheduled reports check.
Tue Jun  3 04:41:00 CDT 2025: Checking if NextJS server is running...
Tue Jun  3 04:41:00 CDT 2025: Running scheduled reports
/Users/sim/Project2/scripts/../scripts/run-simple-scheduled-reports.sh: line 16: node: command not found
Tue Jun  3 04:41:00 CDT 2025: NextJS server is not running. Skipping scheduled reports check.
Tue Jun  3 04:42:01 CDT 2025: Running scheduled reports
Tue Jun  3 04:42:01 CDT 2025: Checking if NextJS server is running...
/Users/sim/Project2/scripts/../scripts/run-simple-scheduled-reports.sh: line 16: node: command not found
Tue Jun  3 04:42:01 CDT 2025: NextJS server is not running. Skipping scheduled reports check.
Tue Jun  3 04:43:00 CDT 2025: Checking if NextJS server is running...
Tue Jun  3 04:43:00 CDT 2025: Running scheduled reports
/Users/sim/Project2/scripts/../scripts/run-simple-scheduled-reports.sh: line 16: node: command not found
Tue Jun  3 04:43:00 CDT 2025: NextJS server is not running. Skipping scheduled reports check.
Tue Jun  3 04:44:00 CDT 2025: Checking if NextJS server is running...
Tue Jun  3 04:44:00 CDT 2025: Running scheduled reports
/Users/sim/Project2/scripts/../scripts/run-simple-scheduled-reports.sh: line 16: node: command not found
Tue Jun  3 04:44:00 CDT 2025: NextJS server is not running. Skipping scheduled reports check.
Tue Jun  3 04:45:00 CDT 2025: Checking if NextJS server is running...
Tue Jun  3 04:45:00 CDT 2025: Running scheduled reports
/Users/sim/Project2/scripts/../scripts/run-simple-scheduled-reports.sh: line 16: node: command not found
Tue Jun  3 04:45:00 CDT 2025: NextJS server is not running. Skipping scheduled reports check.
Tue Jun  3 04:46:00 CDT 2025: Running scheduled reports
Tue Jun  3 04:46:00 CDT 2025: Checking if NextJS server is running...
/Users/sim/Project2/scripts/../scripts/run-simple-scheduled-reports.sh: line 16: node: command not found
Tue Jun  3 04:46:00 CDT 2025: NextJS server is not running. Skipping scheduled reports check.
Tue Jun  3 04:47:01 CDT 2025: Checking if NextJS server is running...
Tue Jun  3 04:47:01 CDT 2025: Running scheduled reports
/Users/sim/Project2/scripts/../scripts/run-simple-scheduled-reports.sh: line 16: node: command not found
Tue Jun  3 04:47:01 CDT 2025: NextJS server is not running. Skipping scheduled reports check.
Tue Jun  3 04:48:00 CDT 2025: Running scheduled reports
Tue Jun  3 04:48:00 CDT 2025: Checking if NextJS server is running...
/Users/sim/Project2/scripts/../scripts/run-simple-scheduled-reports.sh: line 16: node: command not found
Tue Jun  3 04:48:00 CDT 2025: NextJS server is not running. Skipping scheduled reports check.
Tue Jun  3 04:49:00 CDT 2025: Running scheduled reports
Tue Jun  3 04:49:00 CDT 2025: Checking if NextJS server is running...
/Users/sim/Project2/scripts/../scripts/run-simple-scheduled-reports.sh: line 16: node: command not found
Tue Jun  3 04:49:00 CDT 2025: NextJS server is not running. Skipping scheduled reports check.
Tue Jun  3 04:50:00 CDT 2025: Running scheduled reports
Tue Jun  3 04:50:00 CDT 2025: Checking if NextJS server is running...
/Users/sim/Project2/scripts/../scripts/run-simple-scheduled-reports.sh: line 16: node: command not found
Tue Jun  3 04:50:00 CDT 2025: NextJS server is not running. Skipping scheduled reports check.
Tue Jun  3 04:51:01 CDT 2025: Checking if NextJS server is running...
Tue Jun  3 04:51:01 CDT 2025: Running scheduled reports
/Users/sim/Project2/scripts/../scripts/run-simple-scheduled-reports.sh: line 16: node: command not found
Tue Jun  3 04:51:01 CDT 2025: NextJS server is not running. Skipping scheduled reports check.
Tue Jun  3 04:52:00 CDT 2025: Checking if NextJS server is running...
Tue Jun  3 04:52:00 CDT 2025: Running scheduled reports
/Users/sim/Project2/scripts/../scripts/run-simple-scheduled-reports.sh: line 16: node: command not found
Tue Jun  3 04:52:00 CDT 2025: NextJS server is not running. Skipping scheduled reports check.
Tue Jun  3 04:53:00 CDT 2025: Running scheduled reports
Tue Jun  3 04:53:00 CDT 2025: Checking if NextJS server is running...
/Users/sim/Project2/scripts/../scripts/run-simple-scheduled-reports.sh: line 16: node: command not found
Tue Jun  3 04:53:00 CDT 2025: NextJS server is not running. Skipping scheduled reports check.
Tue Jun  3 04:54:00 CDT 2025: Running scheduled reports
Tue Jun  3 04:54:00 CDT 2025: Checking if NextJS server is running...
/Users/sim/Project2/scripts/../scripts/run-simple-scheduled-reports.sh: line 16: node: command not found
Tue Jun  3 04:54:00 CDT 2025: NextJS server is not running. Skipping scheduled reports check.
Tue Jun  3 04:55:00 CDT 2025: Running scheduled reports
Tue Jun  3 04:55:00 CDT 2025: Checking if NextJS server is running...
/Users/sim/Project2/scripts/../scripts/run-simple-scheduled-reports.sh: line 16: node: command not found
Tue Jun  3 04:55:00 CDT 2025: NextJS server is not running. Skipping scheduled reports check.
Tue Jun  3 04:56:00 CDT 2025: Running scheduled reports
Tue Jun  3 04:56:00 CDT 2025: Checking if NextJS server is running...
/Users/sim/Project2/scripts/../scripts/run-simple-scheduled-reports.sh: line 16: node: command not found
Tue Jun  3 04:56:00 CDT 2025: NextJS server is not running. Skipping scheduled reports check.
Tue Jun  3 04:57:01 CDT 2025: Running scheduled reports
Tue Jun  3 04:57:01 CDT 2025: Checking if NextJS server is running...
/Users/sim/Project2/scripts/../scripts/run-simple-scheduled-reports.sh: line 16: node: command not found
Tue Jun  3 04:57:01 CDT 2025: NextJS server is not running. Skipping scheduled reports check.
Tue Jun  3 04:58:00 CDT 2025: Running scheduled reports
Tue Jun  3 04:58:00 CDT 2025: Checking if NextJS server is running...
/Users/sim/Project2/scripts/../scripts/run-simple-scheduled-reports.sh: line 16: node: command not found
Tue Jun  3 04:58:00 CDT 2025: NextJS server is not running. Skipping scheduled reports check.
Tue Jun  3 04:59:00 CDT 2025: Running scheduled reports
Tue Jun  3 04:59:00 CDT 2025: Checking if NextJS server is running...
/Users/sim/Project2/scripts/../scripts/run-simple-scheduled-reports.sh: line 16: node: command not found
Tue Jun  3 04:59:00 CDT 2025: NextJS server is not running. Skipping scheduled reports check.
Tue Jun  3 05:00:00 CDT 2025: Checking if NextJS server is running...
Tue Jun  3 05:00:00 CDT 2025: Running scheduled reports
/Users/sim/Project2/scripts/../scripts/run-simple-scheduled-reports.sh: line 16: node: command not found
Tue Jun  3 05:00:00 CDT 2025: NextJS server is not running. Skipping scheduled reports check.
Tue Jun  3 05:01:00 CDT 2025: Running scheduled reports
Tue Jun  3 05:01:00 CDT 2025: Checking if NextJS server is running...
/Users/sim/Project2/scripts/../scripts/run-simple-scheduled-reports.sh: line 16: node: command not found
Tue Jun  3 05:01:06 CDT 2025: NextJS server is not running. Skipping scheduled reports check.
Tue Jun  3 05:02:00 CDT 2025: Running scheduled reports
Tue Jun  3 05:02:00 CDT 2025: Checking if NextJS server is running...
/Users/sim/Project2/scripts/../scripts/run-simple-scheduled-reports.sh: line 16: node: command not found
Tue Jun  3 05:02:01 CDT 2025: NextJS server is not running. Skipping scheduled reports check.
Tue Jun  3 05:03:00 CDT 2025: Running scheduled reports
Tue Jun  3 05:03:00 CDT 2025: Checking if NextJS server is running...
/Users/sim/Project2/scripts/../scripts/run-simple-scheduled-reports.sh: line 16: node: command not found
Tue Jun  3 05:03:00 CDT 2025: NextJS server is not running. Skipping scheduled reports check.
Tue Jun  3 05:04:00 CDT 2025: Checking if NextJS server is running...
Tue Jun  3 05:04:00 CDT 2025: Running scheduled reports
/Users/sim/Project2/scripts/../scripts/run-simple-scheduled-reports.sh: line 16: node: command not found
Tue Jun  3 05:04:00 CDT 2025: NextJS server is not running. Skipping scheduled reports check.
Tue Jun  3 05:05:00 CDT 2025: Checking if NextJS server is running...
Tue Jun  3 05:05:00 CDT 2025: Running scheduled reports
/Users/sim/Project2/scripts/../scripts/run-simple-scheduled-reports.sh: line 16: node: command not found
Tue Jun  3 05:05:00 CDT 2025: NextJS server is not running. Skipping scheduled reports check.
Tue Jun  3 05:06:00 CDT 2025: Checking if NextJS server is running...
Tue Jun  3 05:06:00 CDT 2025: Running scheduled reports
/Users/sim/Project2/scripts/../scripts/run-simple-scheduled-reports.sh: line 16: node: command not found
Tue Jun  3 05:06:00 CDT 2025: NextJS server is not running. Skipping scheduled reports check.
Tue Jun  3 05:07:01 CDT 2025: Running scheduled reports
Tue Jun  3 05:07:01 CDT 2025: Checking if NextJS server is running...
/Users/sim/Project2/scripts/../scripts/run-simple-scheduled-reports.sh: line 16: node: command not found
Tue Jun  3 05:07:01 CDT 2025: NextJS server is not running. Skipping scheduled reports check.
Tue Jun  3 05:08:00 CDT 2025: Checking if NextJS server is running...
Tue Jun  3 05:08:00 CDT 2025: Running scheduled reports
/Users/sim/Project2/scripts/../scripts/run-simple-scheduled-reports.sh: line 16: node: command not found
Tue Jun  3 05:08:00 CDT 2025: NextJS server is not running. Skipping scheduled reports check.
Tue Jun  3 05:09:00 CDT 2025: Checking if NextJS server is running...
Tue Jun  3 05:09:00 CDT 2025: Running scheduled reports
/Users/sim/Project2/scripts/../scripts/run-simple-scheduled-reports.sh: line 16: node: command not found
Tue Jun  3 05:09:00 CDT 2025: NextJS server is not running. Skipping scheduled reports check.
Tue Jun  3 05:10:00 CDT 2025: Running scheduled reports
Tue Jun  3 05:10:00 CDT 2025: Checking if NextJS server is running...
/Users/sim/Project2/scripts/../scripts/run-simple-scheduled-reports.sh: line 16: node: command not found
Tue Jun  3 05:10:00 CDT 2025: NextJS server is not running. Skipping scheduled reports check.
Tue Jun  3 05:11:00 CDT 2025: Running scheduled reports
Tue Jun  3 05:11:00 CDT 2025: Checking if NextJS server is running...
/Users/sim/Project2/scripts/../scripts/run-simple-scheduled-reports.sh: line 16: node: command not found
Tue Jun  3 05:11:00 CDT 2025: NextJS server is not running. Skipping scheduled reports check.
Tue Jun  3 05:12:00 CDT 2025: Running scheduled reports
Tue Jun  3 05:12:00 CDT 2025: Checking if NextJS server is running...
/Users/sim/Project2/scripts/../scripts/run-simple-scheduled-reports.sh: line 16: node: command not found
Tue Jun  3 05:12:00 CDT 2025: NextJS server is not running. Skipping scheduled reports check.
Tue Jun  3 05:13:00 CDT 2025: Running scheduled reports
Tue Jun  3 05:13:00 CDT 2025: Checking if NextJS server is running...
/Users/sim/Project2/scripts/../scripts/run-simple-scheduled-reports.sh: line 16: node: command not found
Tue Jun  3 05:13:00 CDT 2025: NextJS server is not running. Skipping scheduled reports check.
Tue Jun  3 05:14:01 CDT 2025: Checking if NextJS server is running...
Tue Jun  3 05:14:01 CDT 2025: Running scheduled reports
/Users/sim/Project2/scripts/../scripts/run-simple-scheduled-reports.sh: line 16: node: command not found
Tue Jun  3 05:14:01 CDT 2025: NextJS server is not running. Skipping scheduled reports check.
Tue Jun  3 05:15:00 CDT 2025: Checking if NextJS server is running...
Tue Jun  3 05:15:00 CDT 2025: Running scheduled reports
/Users/sim/Project2/scripts/../scripts/run-simple-scheduled-reports.sh: line 16: node: command not found
Tue Jun  3 05:15:00 CDT 2025: NextJS server is not running. Skipping scheduled reports check.
Tue Jun  3 05:16:00 CDT 2025: Checking if NextJS server is running...
Tue Jun  3 05:16:00 CDT 2025: Running scheduled reports
/Users/sim/Project2/scripts/../scripts/run-simple-scheduled-reports.sh: line 16: node: command not found
Tue Jun  3 05:16:00 CDT 2025: NextJS server is not running. Skipping scheduled reports check.
Tue Jun  3 05:17:00 CDT 2025: Checking if NextJS server is running...
Tue Jun  3 05:17:00 CDT 2025: Running scheduled reports
/Users/sim/Project2/scripts/../scripts/run-simple-scheduled-reports.sh: line 16: node: command not found
Tue Jun  3 05:17:00 CDT 2025: NextJS server is not running. Skipping scheduled reports check.
Tue Jun  3 05:18:00 CDT 2025: Checking if NextJS server is running...
Tue Jun  3 05:18:00 CDT 2025: Running scheduled reports
/Users/sim/Project2/scripts/../scripts/run-simple-scheduled-reports.sh: line 16: node: command not found
Tue Jun  3 05:18:00 CDT 2025: NextJS server is not running. Skipping scheduled reports check.
Tue Jun  3 05:19:00 CDT 2025: Checking if NextJS server is running...
Tue Jun  3 05:19:00 CDT 2025: Running scheduled reports
/Users/sim/Project2/scripts/../scripts/run-simple-scheduled-reports.sh: line 16: node: command not found
Tue Jun  3 05:19:01 CDT 2025: NextJS server is not running. Skipping scheduled reports check.
Tue Jun  3 05:20:00 CDT 2025: Checking if NextJS server is running...
Tue Jun  3 05:20:00 CDT 2025: Running scheduled reports
/Users/sim/Project2/scripts/../scripts/run-simple-scheduled-reports.sh: line 16: node: command not found
Tue Jun  3 05:20:00 CDT 2025: NextJS server is not running. Skipping scheduled reports check.
Tue Jun  3 07:17:00 CDT 2025: Running scheduled reports
Tue Jun  3 07:17:00 CDT 2025: Checking if NextJS server is running...
/Users/sim/Project2/scripts/../scripts/run-simple-scheduled-reports.sh: line 16: node: command not found
Tue Jun  3 07:17:00 CDT 2025: NextJS server is not running. Skipping scheduled reports check.
Tue Jun  3 07:18:00 CDT 2025: Running scheduled reports
Tue Jun  3 07:18:00 CDT 2025: Checking if NextJS server is running...
/Users/sim/Project2/scripts/../scripts/run-simple-scheduled-reports.sh: line 16: node: command not found
Tue Jun  3 07:18:00 CDT 2025: NextJS server is not running. Skipping scheduled reports check.
Tue Jun  3 07:19:01 CDT 2025: Running scheduled reports
Tue Jun  3 07:19:01 CDT 2025: Checking if NextJS server is running...
/Users/sim/Project2/scripts/../scripts/run-simple-scheduled-reports.sh: line 16: node: command not found
Tue Jun  3 07:19:01 CDT 2025: NextJS server is not running. Skipping scheduled reports check.
Tue Jun  3 07:20:00 CDT 2025: Running scheduled reports
Tue Jun  3 07:20:00 CDT 2025: Checking if NextJS server is running...
/Users/sim/Project2/scripts/../scripts/run-simple-scheduled-reports.sh: line 16: node: command not found
Tue Jun  3 07:20:00 CDT 2025: NextJS server is not running. Skipping scheduled reports check.
Tue Jun  3 07:21:00 CDT 2025: Checking if NextJS server is running...
Tue Jun  3 07:21:00 CDT 2025: Running scheduled reports
/Users/sim/Project2/scripts/../scripts/run-simple-scheduled-reports.sh: line 16: node: command not found
Tue Jun  3 07:21:00 CDT 2025: NextJS server is not running. Skipping scheduled reports check.
Tue Jun  3 07:22:00 CDT 2025: Checking if NextJS server is running...
Tue Jun  3 07:22:00 CDT 2025: Running scheduled reports
/Users/sim/Project2/scripts/../scripts/run-simple-scheduled-reports.sh: line 16: node: command not found
Tue Jun  3 07:22:00 CDT 2025: NextJS server is not running. Skipping scheduled reports check.
Tue Jun  3 07:23:00 CDT 2025: Running scheduled reports
Tue Jun  3 07:23:00 CDT 2025: Checking if NextJS server is running...
/Users/sim/Project2/scripts/../scripts/run-simple-scheduled-reports.sh: line 16: node: command not found
Tue Jun  3 07:23:00 CDT 2025: NextJS server is not running. Skipping scheduled reports check.
Tue Jun  3 07:24:00 CDT 2025: Checking if NextJS server is running...
Tue Jun  3 07:24:00 CDT 2025: Running scheduled reports
/Users/sim/Project2/scripts/../scripts/run-simple-scheduled-reports.sh: line 16: node: command not found
Tue Jun  3 07:24:01 CDT 2025: NextJS server is not running. Skipping scheduled reports check.
Tue Jun  3 07:25:00 CDT 2025: Running scheduled reports
Tue Jun  3 07:25:00 CDT 2025: Checking if NextJS server is running...
/Users/sim/Project2/scripts/../scripts/run-simple-scheduled-reports.sh: line 16: node: command not found
Tue Jun  3 07:25:00 CDT 2025: NextJS server is not running. Skipping scheduled reports check.
Tue Jun  3 07:26:00 CDT 2025: Running scheduled reports
Tue Jun  3 07:26:00 CDT 2025: Checking if NextJS server is running...
/Users/sim/Project2/scripts/../scripts/run-simple-scheduled-reports.sh: line 16: node: command not found
Tue Jun  3 07:26:00 CDT 2025: NextJS server is not running. Skipping scheduled reports check.
Tue Jun  3 07:27:00 CDT 2025: Running scheduled reports
Tue Jun  3 07:27:00 CDT 2025: Checking if NextJS server is running...
/Users/sim/Project2/scripts/../scripts/run-simple-scheduled-reports.sh: line 16: node: command not found
Tue Jun  3 07:27:00 CDT 2025: NextJS server is not running. Skipping scheduled reports check.
Tue Jun  3 07:28:00 CDT 2025: Checking if NextJS server is running...
Tue Jun  3 07:28:00 CDT 2025: Running scheduled reports
/Users/sim/Project2/scripts/../scripts/run-simple-scheduled-reports.sh: line 16: node: command not found
Tue Jun  3 07:28:00 CDT 2025: NextJS server is not running. Skipping scheduled reports check.
Tue Jun  3 07:29:00 CDT 2025: Running scheduled reports
Tue Jun  3 07:29:00 CDT 2025: Checking if NextJS server is running...
/Users/sim/Project2/scripts/../scripts/run-simple-scheduled-reports.sh: line 16: node: command not found
Tue Jun  3 07:29:00 CDT 2025: NextJS server is not running. Skipping scheduled reports check.
Tue Jun  3 07:30:00 CDT 2025: Running scheduled reports
Tue Jun  3 07:30:00 CDT 2025: Checking if NextJS server is running...
/Users/sim/Project2/scripts/../scripts/run-simple-scheduled-reports.sh: line 16: node: command not found
Tue Jun  3 07:30:00 CDT 2025: NextJS server is not running. Skipping scheduled reports check.
Tue Jun  3 07:31:01 CDT 2025: Checking if NextJS server is running...
Tue Jun  3 07:31:01 CDT 2025: Running scheduled reports
/Users/sim/Project2/scripts/../scripts/run-simple-scheduled-reports.sh: line 16: node: command not found
Tue Jun  3 07:31:01 CDT 2025: NextJS server is not running. Skipping scheduled reports check.
Tue Jun  3 07:32:00 CDT 2025: Running scheduled reports
Tue Jun  3 07:32:00 CDT 2025: Checking if NextJS server is running...
/Users/sim/Project2/scripts/../scripts/run-simple-scheduled-reports.sh: line 16: node: command not found
Tue Jun  3 07:32:00 CDT 2025: NextJS server is not running. Skipping scheduled reports check.
Tue Jun  3 07:33:00 CDT 2025: Running scheduled reports
Tue Jun  3 07:33:00 CDT 2025: Checking if NextJS server is running...
/Users/sim/Project2/scripts/../scripts/run-simple-scheduled-reports.sh: line 16: node: command not found
Tue Jun  3 07:33:00 CDT 2025: NextJS server is not running. Skipping scheduled reports check.
Tue Jun  3 07:34:00 CDT 2025: Checking if NextJS server is running...
Tue Jun  3 07:34:00 CDT 2025: Running scheduled reports
/Users/sim/Project2/scripts/../scripts/run-simple-scheduled-reports.sh: line 16: node: command not found
Tue Jun  3 07:34:00 CDT 2025: NextJS server is not running. Skipping scheduled reports check.
Tue Jun  3 07:35:00 CDT 2025: Checking if NextJS server is running...
Tue Jun  3 07:35:00 CDT 2025: Running scheduled reports
/Users/sim/Project2/scripts/../scripts/run-simple-scheduled-reports.sh: line 16: node: command not found
Tue Jun  3 07:35:00 CDT 2025: NextJS server is not running. Skipping scheduled reports check.
Tue Jun  3 07:36:00 CDT 2025: Running scheduled reports
Tue Jun  3 07:36:00 CDT 2025: Checking if NextJS server is running...
/Users/sim/Project2/scripts/../scripts/run-simple-scheduled-reports.sh: line 16: node: command not found
Tue Jun  3 07:36:00 CDT 2025: NextJS server is not running. Skipping scheduled reports check.
Tue Jun  3 07:37:01 CDT 2025: Running scheduled reports
Tue Jun  3 07:37:01 CDT 2025: Checking if NextJS server is running...
/Users/sim/Project2/scripts/../scripts/run-simple-scheduled-reports.sh: line 16: node: command not found
Tue Jun  3 07:37:01 CDT 2025: NextJS server is not running. Skipping scheduled reports check.
Tue Jun  3 07:38:00 CDT 2025: Checking if NextJS server is running...
Tue Jun  3 07:38:00 CDT 2025: Running scheduled reports
/Users/sim/Project2/scripts/../scripts/run-simple-scheduled-reports.sh: line 16: node: command not found
Tue Jun  3 07:38:00 CDT 2025: NextJS server is not running. Skipping scheduled reports check.
Tue Jun  3 07:39:00 CDT 2025: Checking if NextJS server is running...
Tue Jun  3 07:39:00 CDT 2025: Running scheduled reports
/Users/sim/Project2/scripts/../scripts/run-simple-scheduled-reports.sh: line 16: node: command not found
Tue Jun  3 07:39:00 CDT 2025: NextJS server is not running. Skipping scheduled reports check.
Tue Jun  3 07:40:00 CDT 2025: Checking if NextJS server is running...
Tue Jun  3 07:40:00 CDT 2025: Running scheduled reports
/Users/sim/Project2/scripts/../scripts/run-simple-scheduled-reports.sh: line 16: node: command not found
Tue Jun  3 07:40:00 CDT 2025: NextJS server is not running. Skipping scheduled reports check.
Tue Jun  3 07:41:00 CDT 2025: Running scheduled reports
Tue Jun  3 07:41:00 CDT 2025: Checking if NextJS server is running...
/Users/sim/Project2/scripts/../scripts/run-simple-scheduled-reports.sh: line 16: node: command not found
Tue Jun  3 07:41:00 CDT 2025: NextJS server is not running. Skipping scheduled reports check.
Tue Jun  3 07:42:00 CDT 2025: Running scheduled reports
Tue Jun  3 07:42:00 CDT 2025: Checking if NextJS server is running...
/Users/sim/Project2/scripts/../scripts/run-simple-scheduled-reports.sh: line 16: node: command not found
Tue Jun  3 07:42:00 CDT 2025: NextJS server is not running. Skipping scheduled reports check.
Tue Jun  3 07:43:01 CDT 2025: Running scheduled reports
Tue Jun  3 07:43:01 CDT 2025: Checking if NextJS server is running...
/Users/sim/Project2/scripts/../scripts/run-simple-scheduled-reports.sh: line 16: node: command not found
Tue Jun  3 07:43:01 CDT 2025: NextJS server is not running. Skipping scheduled reports check.
Tue Jun  3 07:44:00 CDT 2025: Checking if NextJS server is running...
Tue Jun  3 07:44:00 CDT 2025: Running scheduled reports
/Users/sim/Project2/scripts/../scripts/run-simple-scheduled-reports.sh: line 16: node: command not found
Tue Jun  3 07:44:00 CDT 2025: NextJS server is not running. Skipping scheduled reports check.
Tue Jun  3 07:45:00 CDT 2025: Checking if NextJS server is running...
Tue Jun  3 07:45:00 CDT 2025: Running scheduled reports
/Users/sim/Project2/scripts/../scripts/run-simple-scheduled-reports.sh: line 16: node: command not found
Tue Jun  3 07:45:00 CDT 2025: NextJS server is not running. Skipping scheduled reports check.
Tue Jun  3 07:46:00 CDT 2025: Running scheduled reports
Tue Jun  3 07:46:00 CDT 2025: Checking if NextJS server is running...
/Users/sim/Project2/scripts/../scripts/run-simple-scheduled-reports.sh: line 16: node: command not found
Tue Jun  3 07:46:00 CDT 2025: NextJS server is not running. Skipping scheduled reports check.
Tue Jun  3 07:47:00 CDT 2025: Running scheduled reports
Tue Jun  3 07:47:00 CDT 2025: Checking if NextJS server is running...
/Users/sim/Project2/scripts/../scripts/run-simple-scheduled-reports.sh: line 16: node: command not found
Tue Jun  3 07:47:00 CDT 2025: NextJS server is not running. Skipping scheduled reports check.
Tue Jun  3 07:48:00 CDT 2025: Running scheduled reports
Tue Jun  3 07:48:00 CDT 2025: Checking if NextJS server is running...
/Users/sim/Project2/scripts/../scripts/run-simple-scheduled-reports.sh: line 16: node: command not found
Tue Jun  3 07:48:00 CDT 2025: NextJS server is not running. Skipping scheduled reports check.
Tue Jun  3 07:49:01 CDT 2025: Checking if NextJS server is running...
Tue Jun  3 07:49:01 CDT 2025: Running scheduled reports
/Users/sim/Project2/scripts/../scripts/run-simple-scheduled-reports.sh: line 16: node: command not found
Tue Jun  3 07:49:01 CDT 2025: NextJS server is not running. Skipping scheduled reports check.
Tue Jun  3 07:50:00 CDT 2025: Running scheduled reports
Tue Jun  3 07:50:00 CDT 2025: Checking if NextJS server is running...
/Users/sim/Project2/scripts/../scripts/run-simple-scheduled-reports.sh: line 16: node: command not found
Tue Jun  3 07:50:00 CDT 2025: NextJS server is not running. Skipping scheduled reports check.
Tue Jun  3 07:51:00 CDT 2025: Running scheduled reports
Tue Jun  3 07:51:00 CDT 2025: Checking if NextJS server is running...
/Users/sim/Project2/scripts/../scripts/run-simple-scheduled-reports.sh: line 16: node: command not found
Tue Jun  3 07:51:00 CDT 2025: NextJS server is not running. Skipping scheduled reports check.
Tue Jun  3 07:52:00 CDT 2025: Checking if NextJS server is running...
Tue Jun  3 07:52:00 CDT 2025: Running scheduled reports
/Users/sim/Project2/scripts/../scripts/run-simple-scheduled-reports.sh: line 16: node: command not found
Tue Jun  3 07:52:00 CDT 2025: NextJS server is not running. Skipping scheduled reports check.
Tue Jun  3 07:53:00 CDT 2025: Checking if NextJS server is running...
Tue Jun  3 07:53:00 CDT 2025: Running scheduled reports
/Users/sim/Project2/scripts/../scripts/run-simple-scheduled-reports.sh: line 16: node: command not found
Tue Jun  3 07:53:00 CDT 2025: NextJS server is not running. Skipping scheduled reports check.
Tue Jun  3 07:54:00 CDT 2025: Running scheduled reports
Tue Jun  3 07:54:00 CDT 2025: Checking if NextJS server is running...
/Users/sim/Project2/scripts/../scripts/run-simple-scheduled-reports.sh: line 16: node: command not found
Tue Jun  3 07:54:01 CDT 2025: NextJS server is not running. Skipping scheduled reports check.
Tue Jun  3 07:55:00 CDT 2025: Running scheduled reports
/Users/sim/Project2/scripts/../scripts/run-simple-scheduled-reports.sh: line 16: node: command not found
Tue Jun  3 07:55:00 CDT 2025: Checking if NextJS server is running...
Tue Jun  3 07:55:00 CDT 2025: NextJS server is not running. Skipping scheduled reports check.
Tue Jun  3 07:56:00 CDT 2025: Checking if NextJS server is running...
Tue Jun  3 07:56:00 CDT 2025: Running scheduled reports
/Users/sim/Project2/scripts/../scripts/run-simple-scheduled-reports.sh: line 16: node: command not found
Tue Jun  3 07:56:00 CDT 2025: NextJS server is not running. Skipping scheduled reports check.
Tue Jun  3 07:57:00 CDT 2025: Checking if NextJS server is running...
Tue Jun  3 07:57:00 CDT 2025: Running scheduled reports
/Users/sim/Project2/scripts/../scripts/run-simple-scheduled-reports.sh: line 16: node: command not found
Tue Jun  3 07:57:01 CDT 2025: NextJS server is not running. Skipping scheduled reports check.
Tue Jun  3 07:58:00 CDT 2025: Checking if NextJS server is running...
Tue Jun  3 07:58:00 CDT 2025: Running scheduled reports
/Users/sim/Project2/scripts/../scripts/run-simple-scheduled-reports.sh: line 16: node: command not found
Tue Jun  3 07:58:00 CDT 2025: NextJS server is not running. Skipping scheduled reports check.
Tue Jun  3 07:59:00 CDT 2025: Running scheduled reports
Tue Jun  3 07:59:00 CDT 2025: Checking if NextJS server is running...
/Users/sim/Project2/scripts/../scripts/run-simple-scheduled-reports.sh: line 16: node: command not found
Tue Jun  3 07:59:00 CDT 2025: NextJS server is not running. Skipping scheduled reports check.
Tue Jun  3 08:00:00 CDT 2025: Running scheduled reports
Tue Jun  3 08:00:00 CDT 2025: Checking if NextJS server is running...
/Users/sim/Project2/scripts/../scripts/run-simple-scheduled-reports.sh: line 16: node: command not found
Tue Jun  3 08:00:00 CDT 2025: NextJS server is not running. Skipping scheduled reports check.
Tue Jun  3 08:01:00 CDT 2025: Running scheduled reports
Tue Jun  3 08:01:00 CDT 2025: Checking if NextJS server is running...
/Users/sim/Project2/scripts/../scripts/run-simple-scheduled-reports.sh: line 16: node: command not found
Tue Jun  3 08:01:00 CDT 2025: NextJS server is not running. Skipping scheduled reports check.
Tue Jun  3 08:02:00 CDT 2025: Running scheduled reports
Tue Jun  3 08:02:00 CDT 2025: Checking if NextJS server is running...
/Users/sim/Project2/scripts/../scripts/run-simple-scheduled-reports.sh: line 16: node: command not found
Tue Jun  3 08:02:00 CDT 2025: NextJS server is not running. Skipping scheduled reports check.
Tue Jun  3 08:03:00 CDT 2025: Checking if NextJS server is running...
Tue Jun  3 08:03:00 CDT 2025: Running scheduled reports
/Users/sim/Project2/scripts/../scripts/run-simple-scheduled-reports.sh: line 16: node: command not found
Tue Jun  3 08:03:00 CDT 2025: NextJS server is not running. Skipping scheduled reports check.
Tue Jun  3 08:04:00 CDT 2025: Running scheduled reports
Tue Jun  3 08:04:00 CDT 2025: Checking if NextJS server is running...
/Users/sim/Project2/scripts/../scripts/run-simple-scheduled-reports.sh: line 16: node: command not found
Tue Jun  3 08:04:01 CDT 2025: NextJS server is not running. Skipping scheduled reports check.
Tue Jun  3 08:05:00 CDT 2025: Running scheduled reports
Tue Jun  3 08:05:00 CDT 2025: Checking if NextJS server is running...
/Users/sim/Project2/scripts/../scripts/run-simple-scheduled-reports.sh: line 16: node: command not found
Tue Jun  3 08:05:00 CDT 2025: NextJS server is not running. Skipping scheduled reports check.
Tue Jun  3 08:06:00 CDT 2025: Checking if NextJS server is running...
Tue Jun  3 08:06:00 CDT 2025: Running scheduled reports
/Users/sim/Project2/scripts/../scripts/run-simple-scheduled-reports.sh: line 16: node: command not found
Tue Jun  3 08:06:00 CDT 2025: NextJS server is not running. Skipping scheduled reports check.
Tue Jun  3 08:07:00 CDT 2025: Checking if NextJS server is running...
Tue Jun  3 08:07:00 CDT 2025: Running scheduled reports
/Users/sim/Project2/scripts/../scripts/run-simple-scheduled-reports.sh: line 16: node: command not found
Tue Jun  3 08:07:00 CDT 2025: NextJS server is not running. Skipping scheduled reports check.
Tue Jun  3 08:08:00 CDT 2025: Running scheduled reports
Tue Jun  3 08:08:00 CDT 2025: Checking if NextJS server is running...
/Users/sim/Project2/scripts/../scripts/run-simple-scheduled-reports.sh: line 16: node: command not found
Tue Jun  3 08:08:00 CDT 2025: NextJS server is not running. Skipping scheduled reports check.
Tue Jun  3 08:09:01 CDT 2025: Running scheduled reports
Tue Jun  3 08:09:01 CDT 2025: Checking if NextJS server is running...
/Users/sim/Project2/scripts/../scripts/run-simple-scheduled-reports.sh: line 16: node: command not found
Tue Jun  3 08:09:01 CDT 2025: NextJS server is not running. Skipping scheduled reports check.
Tue Jun  3 08:10:00 CDT 2025: Running scheduled reports
Tue Jun  3 08:10:00 CDT 2025: Checking if NextJS server is running...
/Users/sim/Project2/scripts/../scripts/run-simple-scheduled-reports.sh: line 16: node: command not found
Tue Jun  3 08:10:00 CDT 2025: NextJS server is not running. Skipping scheduled reports check.
Tue Jun  3 08:11:00 CDT 2025: Running scheduled reports
Tue Jun  3 08:11:00 CDT 2025: Checking if NextJS server is running...
/Users/sim/Project2/scripts/../scripts/run-simple-scheduled-reports.sh: line 16: node: command not found
Tue Jun  3 08:11:00 CDT 2025: NextJS server is not running. Skipping scheduled reports check.
Tue Jun  3 08:12:00 CDT 2025: Checking if NextJS server is running...
Tue Jun  3 08:12:00 CDT 2025: Running scheduled reports
/Users/sim/Project2/scripts/../scripts/run-simple-scheduled-reports.sh: line 16: node: command not found
Tue Jun  3 08:12:00 CDT 2025: NextJS server is not running. Skipping scheduled reports check.
Tue Jun  3 08:13:00 CDT 2025: Running scheduled reports
Tue Jun  3 08:13:00 CDT 2025: Checking if NextJS server is running...
/Users/sim/Project2/scripts/../scripts/run-simple-scheduled-reports.sh: line 16: node: command not found
Tue Jun  3 08:13:00 CDT 2025: NextJS server is not running. Skipping scheduled reports check.
Tue Jun  3 08:14:00 CDT 2025: Checking if NextJS server is running...
Tue Jun  3 08:14:00 CDT 2025: Running scheduled reports
/Users/sim/Project2/scripts/../scripts/run-simple-scheduled-reports.sh: line 16: node: command not found
Tue Jun  3 08:14:00 CDT 2025: NextJS server is not running. Skipping scheduled reports check.
Tue Jun  3 08:15:01 CDT 2025: Checking if NextJS server is running...
Tue Jun  3 08:15:01 CDT 2025: Running scheduled reports
/Users/sim/Project2/scripts/../scripts/run-simple-scheduled-reports.sh: line 16: node: command not found
Tue Jun  3 08:15:01 CDT 2025: NextJS server is not running. Skipping scheduled reports check.
Tue Jun  3 08:16:00 CDT 2025: Running scheduled reports
Tue Jun  3 08:16:00 CDT 2025: Checking if NextJS server is running...
/Users/sim/Project2/scripts/../scripts/run-simple-scheduled-reports.sh: line 16: node: command not found
Tue Jun  3 08:16:00 CDT 2025: NextJS server is not running. Skipping scheduled reports check.
Tue Jun  3 08:17:04 CDT 2025: Checking if NextJS server is running...
Tue Jun  3 08:17:04 CDT 2025: Running scheduled reports
/Users/sim/Project2/scripts/../scripts/run-simple-scheduled-reports.sh: line 16: node: command not found
Tue Jun  3 08:17:04 CDT 2025: NextJS server is not running. Skipping scheduled reports check.
Tue Jun  3 08:18:03 CDT 2025: Checking if NextJS server is running...
Tue Jun  3 08:18:03 CDT 2025: Running scheduled reports
/Users/sim/Project2/scripts/../scripts/run-simple-scheduled-reports.sh: line 16: node: command not found
Tue Jun  3 08:18:03 CDT 2025: NextJS server is not running. Skipping scheduled reports check.
Tue Jun  3 08:19:06 CDT 2025: Checking if NextJS server is running...
Tue Jun  3 08:19:06 CDT 2025: Running scheduled reports
/Users/sim/Project2/scripts/../scripts/run-simple-scheduled-reports.sh: line 16: node: command not found
Tue Jun  3 08:19:06 CDT 2025: NextJS server is not running. Skipping scheduled reports check.
Tue Jun  3 08:20:04 CDT 2025: Checking if NextJS server is running...
Tue Jun  3 08:20:04 CDT 2025: Running scheduled reports
/Users/sim/Project2/scripts/../scripts/run-simple-scheduled-reports.sh: line 16: node: command not found
Tue Jun  3 08:20:04 CDT 2025: NextJS server is not running. Skipping scheduled reports check.
Tue Jun  3 08:21:04 CDT 2025: Checking if NextJS server is running...
Tue Jun  3 08:21:04 CDT 2025: Running scheduled reports
/Users/sim/Project2/scripts/../scripts/run-simple-scheduled-reports.sh: line 16: node: command not found
Tue Jun  3 08:21:04 CDT 2025: NextJS server is not running. Skipping scheduled reports check.
Tue Jun  3 08:22:04 CDT 2025: Checking if NextJS server is running...
Tue Jun  3 08:22:04 CDT 2025: Running scheduled reports
/Users/sim/Project2/scripts/../scripts/run-simple-scheduled-reports.sh: line 16: node: command not found
Tue Jun  3 08:22:04 CDT 2025: NextJS server is not running. Skipping scheduled reports check.
Tue Jun  3 08:23:04 CDT 2025: Running scheduled reports
Tue Jun  3 08:23:04 CDT 2025: Checking if NextJS server is running...
/Users/sim/Project2/scripts/../scripts/run-simple-scheduled-reports.sh: line 16: node: command not found
Tue Jun  3 08:23:04 CDT 2025: NextJS server is not running. Skipping scheduled reports check.
Tue Jun  3 08:24:03 CDT 2025: Checking if NextJS server is running...
Tue Jun  3 08:24:03 CDT 2025: Running scheduled reports
/Users/sim/Project2/scripts/../scripts/run-simple-scheduled-reports.sh: line 16: node: command not found
Tue Jun  3 08:24:04 CDT 2025: NextJS server is not running. Skipping scheduled reports check.
Tue Jun  3 08:25:01 CDT 2025: Checking if NextJS server is running...
Tue Jun  3 08:25:01 CDT 2025: Running scheduled reports
/Users/sim/Project2/scripts/../scripts/run-simple-scheduled-reports.sh: line 16: node: command not found
Tue Jun  3 08:25:01 CDT 2025: NextJS server is not running. Skipping scheduled reports check.
Tue Jun  3 08:26:04 CDT 2025: Running scheduled reports
Tue Jun  3 08:26:04 CDT 2025: Checking if NextJS server is running...
/Users/sim/Project2/scripts/../scripts/run-simple-scheduled-reports.sh: line 16: node: command not found
Tue Jun  3 08:26:04 CDT 2025: NextJS server is not running. Skipping scheduled reports check.
Tue Jun  3 08:27:04 CDT 2025: Checking if NextJS server is running...
Tue Jun  3 08:27:04 CDT 2025: Running scheduled reports
/Users/sim/Project2/scripts/../scripts/run-simple-scheduled-reports.sh: line 16: node: command not found
Tue Jun  3 08:27:04 CDT 2025: NextJS server is not running. Skipping scheduled reports check.
Tue Jun  3 08:28:04 CDT 2025: Running scheduled reports
Tue Jun  3 08:28:04 CDT 2025: Checking if NextJS server is running...
/Users/sim/Project2/scripts/../scripts/run-simple-scheduled-reports.sh: line 16: node: command not found
Tue Jun  3 08:28:04 CDT 2025: NextJS server is not running. Skipping scheduled reports check.
Tue Jun  3 08:29:04 CDT 2025: Running scheduled reports
Tue Jun  3 08:29:04 CDT 2025: Checking if NextJS server is running...
/Users/sim/Project2/scripts/../scripts/run-simple-scheduled-reports.sh: line 16: node: command not found
Tue Jun  3 08:29:04 CDT 2025: NextJS server is not running. Skipping scheduled reports check.
Tue Jun  3 08:30:02 CDT 2025: Checking if NextJS server is running...
Tue Jun  3 08:30:02 CDT 2025: Running scheduled reports
/Users/sim/Project2/scripts/../scripts/run-simple-scheduled-reports.sh: line 16: node: command not found
Tue Jun  3 08:30:02 CDT 2025: NextJS server is not running. Skipping scheduled reports check.
Tue Jun  3 08:31:05 CDT 2025: Checking if NextJS server is running...
Tue Jun  3 08:31:05 CDT 2025: Running scheduled reports
/Users/sim/Project2/scripts/../scripts/run-simple-scheduled-reports.sh: line 16: node: command not found
Tue Jun  3 08:31:05 CDT 2025: NextJS server is not running. Skipping scheduled reports check.
Tue Jun  3 08:32:03 CDT 2025: Checking if NextJS server is running...
Tue Jun  3 08:32:03 CDT 2025: Running scheduled reports
/Users/sim/Project2/scripts/../scripts/run-simple-scheduled-reports.sh: line 16: node: command not found
Tue Jun  3 08:32:03 CDT 2025: NextJS server is not running. Skipping scheduled reports check.
Tue Jun  3 08:33:04 CDT 2025: Running scheduled reports
Tue Jun  3 08:33:04 CDT 2025: Checking if NextJS server is running...
/Users/sim/Project2/scripts/../scripts/run-simple-scheduled-reports.sh: line 16: node: command not found
Tue Jun  3 08:33:04 CDT 2025: NextJS server is not running. Skipping scheduled reports check.
Tue Jun  3 08:34:04 CDT 2025: Checking if NextJS server is running...
Tue Jun  3 08:34:04 CDT 2025: Running scheduled reports
/Users/sim/Project2/scripts/../scripts/run-simple-scheduled-reports.sh: line 16: node: command not found
Tue Jun  3 08:34:04 CDT 2025: NextJS server is not running. Skipping scheduled reports check.
Tue Jun  3 08:35:05 CDT 2025: Checking if NextJS server is running...
Tue Jun  3 08:35:05 CDT 2025: Running scheduled reports
/Users/sim/Project2/scripts/../scripts/run-simple-scheduled-reports.sh: line 16: node: command not found
Tue Jun  3 08:35:05 CDT 2025: NextJS server is not running. Skipping scheduled reports check.
Tue Jun  3 08:36:04 CDT 2025: Running scheduled reports
Tue Jun  3 08:36:04 CDT 2025: Checking if NextJS server is running...
/Users/sim/Project2/scripts/../scripts/run-simple-scheduled-reports.sh: line 16: node: command not found
Tue Jun  3 08:36:04 CDT 2025: NextJS server is not running. Skipping scheduled reports check.
Tue Jun  3 08:37:03 CDT 2025: Checking if NextJS server is running...
Tue Jun  3 08:37:03 CDT 2025: Running scheduled reports
/Users/sim/Project2/scripts/../scripts/run-simple-scheduled-reports.sh: line 16: node: command not found
Tue Jun  3 08:37:03 CDT 2025: NextJS server is not running. Skipping scheduled reports check.
Tue Jun  3 08:38:06 CDT 2025: Checking if NextJS server is running...
Tue Jun  3 08:38:06 CDT 2025: Running scheduled reports
/Users/sim/Project2/scripts/../scripts/run-simple-scheduled-reports.sh: line 16: node: command not found
Tue Jun  3 08:38:06 CDT 2025: NextJS server is not running. Skipping scheduled reports check.
Tue Jun  3 08:39:02 CDT 2025: Checking if NextJS server is running...
Tue Jun  3 08:39:02 CDT 2025: Running scheduled reports
/Users/sim/Project2/scripts/../scripts/run-simple-scheduled-reports.sh: line 16: node: command not found
Tue Jun  3 08:39:02 CDT 2025: NextJS server is not running. Skipping scheduled reports check.
Tue Jun  3 08:40:02 CDT 2025: Checking if NextJS server is running...
Tue Jun  3 08:40:02 CDT 2025: Running scheduled reports
/Users/sim/Project2/scripts/../scripts/run-simple-scheduled-reports.sh: line 16: node: command not found
Tue Jun  3 08:40:02 CDT 2025: NextJS server is not running. Skipping scheduled reports check.
Tue Jun  3 08:41:05 CDT 2025: Running scheduled reports
Tue Jun  3 08:41:05 CDT 2025: Checking if NextJS server is running...
/Users/sim/Project2/scripts/../scripts/run-simple-scheduled-reports.sh: line 16: node: command not found
Tue Jun  3 08:41:05 CDT 2025: NextJS server is not running. Skipping scheduled reports check.
Tue Jun  3 08:42:04 CDT 2025: Checking if NextJS server is running...
Tue Jun  3 08:42:04 CDT 2025: Running scheduled reports
/Users/sim/Project2/scripts/../scripts/run-simple-scheduled-reports.sh: line 16: node: command not found
Tue Jun  3 08:42:04 CDT 2025: NextJS server is not running. Skipping scheduled reports check.
Tue Jun  3 08:43:03 CDT 2025: Checking if NextJS server is running...
Tue Jun  3 08:43:03 CDT 2025: Running scheduled reports
/Users/sim/Project2/scripts/../scripts/run-simple-scheduled-reports.sh: line 16: node: command not found
Tue Jun  3 08:43:03 CDT 2025: NextJS server is not running. Skipping scheduled reports check.
Tue Jun  3 08:44:05 CDT 2025: Checking if NextJS server is running...
Tue Jun  3 08:44:05 CDT 2025: Running scheduled reports
/Users/sim/Project2/scripts/../scripts/run-simple-scheduled-reports.sh: line 16: node: command not found
Tue Jun  3 08:44:05 CDT 2025: NextJS server is not running. Skipping scheduled reports check.
Tue Jun  3 08:45:03 CDT 2025: Checking if NextJS server is running...
Tue Jun  3 08:45:03 CDT 2025: Running scheduled reports
/Users/sim/Project2/scripts/../scripts/run-simple-scheduled-reports.sh: line 16: node: command not found
Tue Jun  3 08:45:03 CDT 2025: NextJS server is not running. Skipping scheduled reports check.
Tue Jun  3 08:46:03 CDT 2025: Checking if NextJS server is running...
Tue Jun  3 08:46:03 CDT 2025: Running scheduled reports
/Users/sim/Project2/scripts/../scripts/run-simple-scheduled-reports.sh: line 16: node: command not found
Tue Jun  3 08:46:03 CDT 2025: NextJS server is not running. Skipping scheduled reports check.
Tue Jun  3 08:47:04 CDT 2025: Running scheduled reports
Tue Jun  3 08:47:04 CDT 2025: Checking if NextJS server is running...
/Users/sim/Project2/scripts/../scripts/run-simple-scheduled-reports.sh: line 16: node: command not found
Tue Jun  3 08:47:04 CDT 2025: NextJS server is not running. Skipping scheduled reports check.
Tue Jun  3 08:48:04 CDT 2025: Running scheduled reports
Tue Jun  3 08:48:04 CDT 2025: Checking if NextJS server is running...
/Users/sim/Project2/scripts/../scripts/run-simple-scheduled-reports.sh: line 16: node: command not found
Tue Jun  3 08:48:04 CDT 2025: NextJS server is not running. Skipping scheduled reports check.
Tue Jun  3 08:49:03 CDT 2025: Checking if NextJS server is running...
Tue Jun  3 08:49:03 CDT 2025: Running scheduled reports
/Users/sim/Project2/scripts/../scripts/run-simple-scheduled-reports.sh: line 16: node: command not found
Tue Jun  3 08:49:03 CDT 2025: NextJS server is not running. Skipping scheduled reports check.
Tue Jun  3 08:50:03 CDT 2025: Checking if NextJS server is running...
Tue Jun  3 08:50:03 CDT 2025: Running scheduled reports
/Users/sim/Project2/scripts/../scripts/run-simple-scheduled-reports.sh: line 16: node: command not found
Tue Jun  3 08:50:03 CDT 2025: NextJS server is not running. Skipping scheduled reports check.
Tue Jun  3 08:51:04 CDT 2025: Running scheduled reports
Tue Jun  3 08:51:04 CDT 2025: Checking if NextJS server is running...
/Users/sim/Project2/scripts/../scripts/run-simple-scheduled-reports.sh: line 16: node: command not found
Tue Jun  3 08:51:04 CDT 2025: NextJS server is not running. Skipping scheduled reports check.
Tue Jun  3 08:52:03 CDT 2025: Checking if NextJS server is running...
Tue Jun  3 08:52:03 CDT 2025: Running scheduled reports
/Users/sim/Project2/scripts/../scripts/run-simple-scheduled-reports.sh: line 16: node: command not found
Tue Jun  3 08:52:03 CDT 2025: NextJS server is not running. Skipping scheduled reports check.
Tue Jun  3 08:53:03 CDT 2025: Running scheduled reports
Tue Jun  3 08:53:03 CDT 2025: Checking if NextJS server is running...
/Users/sim/Project2/scripts/../scripts/run-simple-scheduled-reports.sh: line 16: node: command not found
Tue Jun  3 08:53:03 CDT 2025: NextJS server is not running. Skipping scheduled reports check.
Tue Jun  3 08:54:04 CDT 2025: Running scheduled reports
Tue Jun  3 08:54:04 CDT 2025: Checking if NextJS server is running...
/Users/sim/Project2/scripts/../scripts/run-simple-scheduled-reports.sh: line 16: node: command not found
Tue Jun  3 08:54:04 CDT 2025: NextJS server is not running. Skipping scheduled reports check.
Tue Jun  3 08:55:03 CDT 2025: Checking if NextJS server is running...
Tue Jun  3 08:55:03 CDT 2025: Running scheduled reports
/Users/sim/Project2/scripts/../scripts/run-simple-scheduled-reports.sh: line 16: node: command not found
Tue Jun  3 08:55:03 CDT 2025: NextJS server is not running. Skipping scheduled reports check.
Tue Jun  3 08:56:05 CDT 2025: Checking if NextJS server is running...
Tue Jun  3 08:56:05 CDT 2025: Running scheduled reports
/Users/sim/Project2/scripts/../scripts/run-simple-scheduled-reports.sh: line 16: node: command not found
Tue Jun  3 08:56:05 CDT 2025: NextJS server is not running. Skipping scheduled reports check.
Tue Jun  3 08:57:03 CDT 2025: Running scheduled reports
Tue Jun  3 08:57:03 CDT 2025: Checking if NextJS server is running...
/Users/sim/Project2/scripts/../scripts/run-simple-scheduled-reports.sh: line 16: node: command not found
Tue Jun  3 08:57:03 CDT 2025: NextJS server is not running. Skipping scheduled reports check.
Tue Jun  3 08:58:05 CDT 2025: Checking if NextJS server is running...
Tue Jun  3 08:58:05 CDT 2025: Running scheduled reports
/Users/sim/Project2/scripts/../scripts/run-simple-scheduled-reports.sh: line 16: node: command not found
Tue Jun  3 08:58:05 CDT 2025: NextJS server is not running. Skipping scheduled reports check.
Tue Jun  3 08:59:03 CDT 2025: Running scheduled reports
Tue Jun  3 08:59:03 CDT 2025: Checking if NextJS server is running...
/Users/sim/Project2/scripts/../scripts/run-simple-scheduled-reports.sh: line 16: node: command not found
Tue Jun  3 08:59:03 CDT 2025: NextJS server is not running. Skipping scheduled reports check.
Tue Jun  3 09:00:05 CDT 2025: Running scheduled reports
Tue Jun  3 09:00:05 CDT 2025: Checking if NextJS server is running...
/Users/sim/Project2/scripts/../scripts/run-simple-scheduled-reports.sh: line 16: node: command not found
Tue Jun  3 09:00:05 CDT 2025: NextJS server is not running. Skipping scheduled reports check.
Tue Jun  3 09:01:02 CDT 2025: Running scheduled reports
Tue Jun  3 09:01:02 CDT 2025: Checking if NextJS server is running...
/Users/sim/Project2/scripts/../scripts/run-simple-scheduled-reports.sh: line 16: node: command not found
Tue Jun  3 09:01:02 CDT 2025: NextJS server is not running. Skipping scheduled reports check.
Tue Jun  3 09:02:05 CDT 2025: Running scheduled reports
Tue Jun  3 09:02:05 CDT 2025: Checking if NextJS server is running...
/Users/sim/Project2/scripts/../scripts/run-simple-scheduled-reports.sh: line 16: node: command not found
Tue Jun  3 09:02:05 CDT 2025: NextJS server is not running. Skipping scheduled reports check.
Tue Jun  3 09:03:03 CDT 2025: Running scheduled reports
Tue Jun  3 09:03:03 CDT 2025: Checking if NextJS server is running...
/Users/sim/Project2/scripts/../scripts/run-simple-scheduled-reports.sh: line 16: node: command not found
Tue Jun  3 09:03:03 CDT 2025: NextJS server is not running. Skipping scheduled reports check.
Tue Jun  3 09:04:04 CDT 2025: Running scheduled reports
Tue Jun  3 09:04:04 CDT 2025: Checking if NextJS server is running...
/Users/sim/Project2/scripts/../scripts/run-simple-scheduled-reports.sh: line 16: node: command not found
Tue Jun  3 09:04:04 CDT 2025: NextJS server is not running. Skipping scheduled reports check.
Tue Jun  3 09:05:08 CDT 2025: Running scheduled reports
Tue Jun  3 09:05:08 CDT 2025: Checking if NextJS server is running...
/Users/sim/Project2/scripts/../scripts/run-simple-scheduled-reports.sh: line 16: node: command not found
Tue Jun  3 09:05:08 CDT 2025: NextJS server is not running. Skipping scheduled reports check.
Tue Jun  3 09:06:02 CDT 2025: Running scheduled reports
Tue Jun  3 09:06:02 CDT 2025: Checking if NextJS server is running...
/Users/sim/Project2/scripts/../scripts/run-simple-scheduled-reports.sh: line 16: node: command not found
Tue Jun  3 09:06:02 CDT 2025: NextJS server is not running. Skipping scheduled reports check.
Tue Jun  3 09:07:03 CDT 2025: Running scheduled reports
Tue Jun  3 09:07:03 CDT 2025: Checking if NextJS server is running...
/Users/sim/Project2/scripts/../scripts/run-simple-scheduled-reports.sh: line 16: node: command not found
Tue Jun  3 09:07:03 CDT 2025: NextJS server is not running. Skipping scheduled reports check.
Tue Jun  3 09:08:04 CDT 2025: Running scheduled reports
Tue Jun  3 09:08:04 CDT 2025: Checking if NextJS server is running...
/Users/sim/Project2/scripts/../scripts/run-simple-scheduled-reports.sh: line 16: node: command not found
Tue Jun  3 09:08:04 CDT 2025: NextJS server is not running. Skipping scheduled reports check.
Tue Jun  3 09:09:03 CDT 2025: Checking if NextJS server is running...
Tue Jun  3 09:09:03 CDT 2025: Running scheduled reports
/Users/sim/Project2/scripts/../scripts/run-simple-scheduled-reports.sh: line 16: node: command not found
Tue Jun  3 09:09:03 CDT 2025: NextJS server is not running. Skipping scheduled reports check.
Tue Jun  3 09:10:04 CDT 2025: Checking if NextJS server is running...
Tue Jun  3 09:10:04 CDT 2025: Running scheduled reports
/Users/sim/Project2/scripts/../scripts/run-simple-scheduled-reports.sh: line 16: node: command not found
Tue Jun  3 09:10:04 CDT 2025: NextJS server is not running. Skipping scheduled reports check.
Tue Jun  3 09:11:04 CDT 2025: Running scheduled reports
Tue Jun  3 09:11:04 CDT 2025: Checking if NextJS server is running...
/Users/sim/Project2/scripts/../scripts/run-simple-scheduled-reports.sh: line 16: node: command not found
Tue Jun  3 09:11:04 CDT 2025: NextJS server is not running. Skipping scheduled reports check.
Tue Jun  3 09:12:06 CDT 2025: Checking if NextJS server is running...
Tue Jun  3 09:12:06 CDT 2025: Running scheduled reports
/Users/sim/Project2/scripts/../scripts/run-simple-scheduled-reports.sh: line 16: node: command not found
Tue Jun  3 09:12:06 CDT 2025: NextJS server is not running. Skipping scheduled reports check.
Tue Jun  3 09:13:05 CDT 2025: Checking if NextJS server is running...
Tue Jun  3 09:13:05 CDT 2025: Running scheduled reports
/Users/sim/Project2/scripts/../scripts/run-simple-scheduled-reports.sh: line 16: node: command not found
Tue Jun  3 09:13:05 CDT 2025: NextJS server is not running. Skipping scheduled reports check.
Tue Jun  3 09:14:03 CDT 2025: Running scheduled reports
Tue Jun  3 09:14:03 CDT 2025: Checking if NextJS server is running...
/Users/sim/Project2/scripts/../scripts/run-simple-scheduled-reports.sh: line 16: node: command not found
Tue Jun  3 09:14:03 CDT 2025: NextJS server is not running. Skipping scheduled reports check.
Tue Jun  3 09:15:02 CDT 2025: Checking if NextJS server is running...
Tue Jun  3 09:15:02 CDT 2025: Running scheduled reports
/Users/sim/Project2/scripts/../scripts/run-simple-scheduled-reports.sh: line 16: node: command not found
Tue Jun  3 09:15:02 CDT 2025: NextJS server is not running. Skipping scheduled reports check.
Tue Jun  3 09:16:05 CDT 2025: Running scheduled reports
Tue Jun  3 09:16:05 CDT 2025: Checking if NextJS server is running...
/Users/sim/Project2/scripts/../scripts/run-simple-scheduled-reports.sh: line 16: node: command not found
Tue Jun  3 09:16:05 CDT 2025: NextJS server is not running. Skipping scheduled reports check.
Tue Jun  3 09:17:03 CDT 2025: Checking if NextJS server is running...
Tue Jun  3 09:17:03 CDT 2025: Running scheduled reports
/Users/sim/Project2/scripts/../scripts/run-simple-scheduled-reports.sh: line 16: node: command not found
Tue Jun  3 09:17:03 CDT 2025: NextJS server is not running. Skipping scheduled reports check.
Tue Jun  3 09:18:04 CDT 2025: Running scheduled reports
Tue Jun  3 09:18:04 CDT 2025: Checking if NextJS server is running...
/Users/sim/Project2/scripts/../scripts/run-simple-scheduled-reports.sh: line 16: node: command not found
Tue Jun  3 09:18:04 CDT 2025: NextJS server is not running. Skipping scheduled reports check.
Tue Jun  3 09:19:09 CDT 2025: Running scheduled reports
Tue Jun  3 09:19:09 CDT 2025: Checking if NextJS server is running...
/Users/sim/Project2/scripts/../scripts/run-simple-scheduled-reports.sh: line 16: node: command not found
Tue Jun  3 09:19:09 CDT 2025: NextJS server is not running. Skipping scheduled reports check.
Tue Jun  3 09:20:04 CDT 2025: Running scheduled reports
Tue Jun  3 09:20:04 CDT 2025: Checking if NextJS server is running...
/Users/sim/Project2/scripts/../scripts/run-simple-scheduled-reports.sh: line 16: node: command not found
Tue Jun  3 09:20:04 CDT 2025: NextJS server is not running. Skipping scheduled reports check.
Tue Jun  3 09:21:05 CDT 2025: Checking if NextJS server is running...
Tue Jun  3 09:21:05 CDT 2025: Running scheduled reports
Tue Jun  3 09:21:05 CDT 2025: NextJS server is not running. Skipping scheduled reports check.
/Users/sim/Project2/scripts/../scripts/run-simple-scheduled-reports.sh: line 16: node: command not found
Tue Jun  3 09:22:03 CDT 2025: Running scheduled reports
Tue Jun  3 09:22:03 CDT 2025: Checking if NextJS server is running...
/Users/sim/Project2/scripts/../scripts/run-simple-scheduled-reports.sh: line 16: node: command not found
Tue Jun  3 09:22:03 CDT 2025: NextJS server is not running. Skipping scheduled reports check.
Tue Jun  3 09:23:04 CDT 2025: Checking if NextJS server is running...
Tue Jun  3 09:23:04 CDT 2025: Running scheduled reports
/Users/sim/Project2/scripts/../scripts/run-simple-scheduled-reports.sh: line 16: node: command not found
Tue Jun  3 09:23:04 CDT 2025: NextJS server is not running. Skipping scheduled reports check.
Tue Jun  3 09:24:06 CDT 2025: Checking if NextJS server is running...
Tue Jun  3 09:24:06 CDT 2025: Running scheduled reports
/Users/sim/Project2/scripts/../scripts/run-simple-scheduled-reports.sh: line 16: node: command not found
Tue Jun  3 09:24:06 CDT 2025: NextJS server is not running. Skipping scheduled reports check.
Tue Jun  3 09:25:06 CDT 2025: Running scheduled reports
Tue Jun  3 09:25:06 CDT 2025: Checking if NextJS server is running...
/Users/sim/Project2/scripts/../scripts/run-simple-scheduled-reports.sh: line 16: node: command not found
Tue Jun  3 09:25:06 CDT 2025: NextJS server is not running. Skipping scheduled reports check.
Tue Jun  3 09:26:02 CDT 2025: Running scheduled reports
Tue Jun  3 09:26:02 CDT 2025: Checking if NextJS server is running...
/Users/sim/Project2/scripts/../scripts/run-simple-scheduled-reports.sh: line 16: node: command not found
Tue Jun  3 09:26:02 CDT 2025: NextJS server is not running. Skipping scheduled reports check.
Tue Jun  3 09:27:05 CDT 2025: Running scheduled reports
Tue Jun  3 09:27:05 CDT 2025: Checking if NextJS server is running...
/Users/sim/Project2/scripts/../scripts/run-simple-scheduled-reports.sh: line 16: node: command not found
Tue Jun  3 09:27:05 CDT 2025: NextJS server is not running. Skipping scheduled reports check.
Tue Jun  3 09:28:04 CDT 2025: Running scheduled reports
Tue Jun  3 09:28:04 CDT 2025: Checking if NextJS server is running...
/Users/sim/Project2/scripts/../scripts/run-simple-scheduled-reports.sh: line 16: node: command not found
Tue Jun  3 09:28:04 CDT 2025: NextJS server is not running. Skipping scheduled reports check.
Tue Jun  3 09:29:06 CDT 2025: Checking if NextJS server is running...
Tue Jun  3 09:29:06 CDT 2025: Running scheduled reports
/Users/sim/Project2/scripts/../scripts/run-simple-scheduled-reports.sh: line 16: node: command not found
Tue Jun  3 09:29:06 CDT 2025: NextJS server is not running. Skipping scheduled reports check.
Tue Jun  3 09:30:04 CDT 2025: Running scheduled reports
Tue Jun  3 09:30:04 CDT 2025: Checking if NextJS server is running...
/Users/sim/Project2/scripts/../scripts/run-simple-scheduled-reports.sh: line 16: node: command not found
Tue Jun  3 09:30:04 CDT 2025: NextJS server is not running. Skipping scheduled reports check.
Tue Jun  3 09:31:04 CDT 2025: Running scheduled reports
Tue Jun  3 09:31:04 CDT 2025: Checking if NextJS server is running...
/Users/sim/Project2/scripts/../scripts/run-simple-scheduled-reports.sh: line 16: node: command not found
Tue Jun  3 09:31:04 CDT 2025: NextJS server is not running. Skipping scheduled reports check.
Tue Jun  3 09:32:03 CDT 2025: Running scheduled reports
Tue Jun  3 09:32:03 CDT 2025: Checking if NextJS server is running...
/Users/sim/Project2/scripts/../scripts/run-simple-scheduled-reports.sh: line 16: node: command not found
Tue Jun  3 09:32:03 CDT 2025: NextJS server is not running. Skipping scheduled reports check.
Tue Jun  3 09:33:06 CDT 2025: Running scheduled reports
Tue Jun  3 09:33:06 CDT 2025: Checking if NextJS server is running...
/Users/sim/Project2/scripts/../scripts/run-simple-scheduled-reports.sh: line 16: node: command not found
Tue Jun  3 09:33:06 CDT 2025: NextJS server is not running. Skipping scheduled reports check.
Tue Jun  3 09:34:03 CDT 2025: Running scheduled reports
Tue Jun  3 09:34:03 CDT 2025: Checking if NextJS server is running...
/Users/sim/Project2/scripts/../scripts/run-simple-scheduled-reports.sh: line 16: node: command not found
Tue Jun  3 09:34:04 CDT 2025: NextJS server is not running. Skipping scheduled reports check.
Tue Jun  3 09:35:04 CDT 2025: Checking if NextJS server is running...
Tue Jun  3 09:35:04 CDT 2025: Running scheduled reports
/Users/sim/Project2/scripts/../scripts/run-simple-scheduled-reports.sh: line 16: node: command not found
Tue Jun  3 09:35:04 CDT 2025: NextJS server is not running. Skipping scheduled reports check.
Tue Jun  3 09:36:07 CDT 2025: Running scheduled reports
Tue Jun  3 09:36:07 CDT 2025: Checking if NextJS server is running...
/Users/sim/Project2/scripts/../scripts/run-simple-scheduled-reports.sh: line 16: node: command not found
Tue Jun  3 09:36:07 CDT 2025: NextJS server is not running. Skipping scheduled reports check.
Tue Jun  3 09:37:06 CDT 2025: Running scheduled reports
Tue Jun  3 09:37:06 CDT 2025: Checking if NextJS server is running...
/Users/sim/Project2/scripts/../scripts/run-simple-scheduled-reports.sh: line 16: node: command not found
Tue Jun  3 09:37:06 CDT 2025: NextJS server is not running. Skipping scheduled reports check.
Tue Jun  3 09:38:02 CDT 2025: Running scheduled reports
Tue Jun  3 09:38:02 CDT 2025: Checking if NextJS server is running...
/Users/sim/Project2/scripts/../scripts/run-simple-scheduled-reports.sh: line 16: node: command not found
Tue Jun  3 09:38:02 CDT 2025: NextJS server is not running. Skipping scheduled reports check.
Tue Jun  3 09:39:06 CDT 2025: Running scheduled reports
Tue Jun  3 09:39:06 CDT 2025: Checking if NextJS server is running...
/Users/sim/Project2/scripts/../scripts/run-simple-scheduled-reports.sh: line 16: node: command not found
Tue Jun  3 09:39:06 CDT 2025: NextJS server is not running. Skipping scheduled reports check.
Tue Jun  3 09:40:05 CDT 2025: Checking if NextJS server is running...
Tue Jun  3 09:40:05 CDT 2025: Running scheduled reports
/Users/sim/Project2/scripts/../scripts/run-simple-scheduled-reports.sh: line 16: node: command not found
Tue Jun  3 09:40:05 CDT 2025: NextJS server is not running. Skipping scheduled reports check.
Tue Jun  3 09:41:04 CDT 2025: Running scheduled reports
Tue Jun  3 09:41:04 CDT 2025: Checking if NextJS server is running...
/Users/sim/Project2/scripts/../scripts/run-simple-scheduled-reports.sh: line 16: node: command not found
Tue Jun  3 09:41:04 CDT 2025: NextJS server is not running. Skipping scheduled reports check.
Tue Jun  3 09:42:05 CDT 2025: Running scheduled reports
Tue Jun  3 09:42:05 CDT 2025: Checking if NextJS server is running...
/Users/sim/Project2/scripts/../scripts/run-simple-scheduled-reports.sh: line 16: node: command not found
Tue Jun  3 09:42:05 CDT 2025: NextJS server is not running. Skipping scheduled reports check.
Tue Jun  3 09:43:06 CDT 2025: Checking if NextJS server is running...
Tue Jun  3 09:43:06 CDT 2025: Running scheduled reports
/Users/sim/Project2/scripts/../scripts/run-simple-scheduled-reports.sh: line 16: node: command not found
Tue Jun  3 09:43:06 CDT 2025: NextJS server is not running. Skipping scheduled reports check.
Tue Jun  3 09:44:05 CDT 2025: Running scheduled reports
Tue Jun  3 09:44:05 CDT 2025: Checking if NextJS server is running...
/Users/sim/Project2/scripts/../scripts/run-simple-scheduled-reports.sh: line 16: node: command not found
Tue Jun  3 09:44:05 CDT 2025: NextJS server is not running. Skipping scheduled reports check.
Tue Jun  3 09:45:04 CDT 2025: Checking if NextJS server is running...
Tue Jun  3 09:45:04 CDT 2025: Running scheduled reports
/Users/sim/Project2/scripts/../scripts/run-simple-scheduled-reports.sh: line 16: node: command not found
Tue Jun  3 09:45:04 CDT 2025: NextJS server is not running. Skipping scheduled reports check.
Tue Jun  3 09:46:02 CDT 2025: Running scheduled reports
Tue Jun  3 09:46:02 CDT 2025: Checking if NextJS server is running...
/Users/sim/Project2/scripts/../scripts/run-simple-scheduled-reports.sh: line 16: node: command not found
Tue Jun  3 09:46:02 CDT 2025: NextJS server is not running. Skipping scheduled reports check.
Tue Jun  3 09:47:05 CDT 2025: Checking if NextJS server is running...
Tue Jun  3 09:47:05 CDT 2025: Running scheduled reports
/Users/sim/Project2/scripts/../scripts/run-simple-scheduled-reports.sh: line 16: node: command not found
Tue Jun  3 09:47:05 CDT 2025: NextJS server is not running. Skipping scheduled reports check.
Tue Jun  3 09:48:05 CDT 2025: Checking if NextJS server is running...
Tue Jun  3 09:48:05 CDT 2025: Running scheduled reports
/Users/sim/Project2/scripts/../scripts/run-simple-scheduled-reports.sh: line 16: node: command not found
Tue Jun  3 09:48:05 CDT 2025: NextJS server is not running. Skipping scheduled reports check.
Tue Jun  3 09:49:04 CDT 2025: Running scheduled reports
Tue Jun  3 09:49:04 CDT 2025: Checking if NextJS server is running...
/Users/sim/Project2/scripts/../scripts/run-simple-scheduled-reports.sh: line 16: node: command not found
Tue Jun  3 09:49:04 CDT 2025: NextJS server is not running. Skipping scheduled reports check.
Tue Jun  3 09:50:04 CDT 2025: Checking if NextJS server is running...
Tue Jun  3 09:50:04 CDT 2025: Running scheduled reports
/Users/sim/Project2/scripts/../scripts/run-simple-scheduled-reports.sh: line 16: node: command not found
Tue Jun  3 09:50:04 CDT 2025: NextJS server is not running. Skipping scheduled reports check.
Tue Jun  3 09:51:05 CDT 2025: Checking if NextJS server is running...
Tue Jun  3 09:51:05 CDT 2025: Running scheduled reports
/Users/sim/Project2/scripts/../scripts/run-simple-scheduled-reports.sh: line 16: node: command not found
Tue Jun  3 09:51:05 CDT 2025: NextJS server is not running. Skipping scheduled reports check.
Tue Jun  3 09:52:03 CDT 2025: Checking if NextJS server is running...
Tue Jun  3 09:52:03 CDT 2025: Running scheduled reports
/Users/sim/Project2/scripts/../scripts/run-simple-scheduled-reports.sh: line 16: node: command not found
Tue Jun  3 09:52:03 CDT 2025: NextJS server is not running. Skipping scheduled reports check.
Tue Jun  3 09:53:03 CDT 2025: Checking if NextJS server is running...
Tue Jun  3 09:53:03 CDT 2025: Running scheduled reports
/Users/sim/Project2/scripts/../scripts/run-simple-scheduled-reports.sh: line 16: node: command not found
Tue Jun  3 09:53:03 CDT 2025: NextJS server is not running. Skipping scheduled reports check.
Tue Jun  3 09:54:04 CDT 2025: Checking if NextJS server is running...
Tue Jun  3 09:54:04 CDT 2025: Running scheduled reports
/Users/sim/Project2/scripts/../scripts/run-simple-scheduled-reports.sh: line 16: node: command not found
Tue Jun  3 09:54:04 CDT 2025: NextJS server is not running. Skipping scheduled reports check.
Tue Jun  3 09:55:05 CDT 2025: Running scheduled reports
Tue Jun  3 09:55:05 CDT 2025: Checking if NextJS server is running...
/Users/sim/Project2/scripts/../scripts/run-simple-scheduled-reports.sh: line 16: node: command not found
Tue Jun  3 09:55:05 CDT 2025: NextJS server is not running. Skipping scheduled reports check.
Tue Jun  3 09:56:04 CDT 2025: Checking if NextJS server is running...
Tue Jun  3 09:56:04 CDT 2025: Running scheduled reports
/Users/sim/Project2/scripts/../scripts/run-simple-scheduled-reports.sh: line 16: node: command not found
Tue Jun  3 09:56:04 CDT 2025: NextJS server is not running. Skipping scheduled reports check.
Tue Jun  3 09:57:03 CDT 2025: Running scheduled reports
Tue Jun  3 09:57:03 CDT 2025: Checking if NextJS server is running...
/Users/sim/Project2/scripts/../scripts/run-simple-scheduled-reports.sh: line 16: node: command not found
Tue Jun  3 09:57:03 CDT 2025: NextJS server is not running. Skipping scheduled reports check.
Tue Jun  3 09:58:04 CDT 2025: Checking if NextJS server is running...
Tue Jun  3 09:58:04 CDT 2025: Running scheduled reports
/Users/sim/Project2/scripts/../scripts/run-simple-scheduled-reports.sh: line 16: node: command not found
Tue Jun  3 09:58:04 CDT 2025: NextJS server is not running. Skipping scheduled reports check.
Tue Jun  3 09:59:02 CDT 2025: Running scheduled reports
Tue Jun  3 09:59:02 CDT 2025: Checking if NextJS server is running...
/Users/sim/Project2/scripts/../scripts/run-simple-scheduled-reports.sh: line 16: node: command not found
Tue Jun  3 09:59:02 CDT 2025: NextJS server is not running. Skipping scheduled reports check.
Tue Jun  3 10:00:04 CDT 2025: Running scheduled reports
Tue Jun  3 10:00:04 CDT 2025: Checking if NextJS server is running...
/Users/sim/Project2/scripts/../scripts/run-simple-scheduled-reports.sh: line 16: node: command not found
Tue Jun  3 10:00:04 CDT 2025: NextJS server is not running. Skipping scheduled reports check.
Tue Jun  3 10:01:03 CDT 2025: Running scheduled reports
Tue Jun  3 10:01:03 CDT 2025: Checking if NextJS server is running...
/Users/sim/Project2/scripts/../scripts/run-simple-scheduled-reports.sh: line 16: node: command not found
Tue Jun  3 10:01:03 CDT 2025: NextJS server is not running. Skipping scheduled reports check.
Tue Jun  3 10:02:02 CDT 2025: Running scheduled reports
Tue Jun  3 10:02:02 CDT 2025: Checking if NextJS server is running...
/Users/sim/Project2/scripts/../scripts/run-simple-scheduled-reports.sh: line 16: node: command not found
Tue Jun  3 10:02:02 CDT 2025: NextJS server is not running. Skipping scheduled reports check.
Tue Jun  3 10:03:04 CDT 2025: Running scheduled reports
Tue Jun  3 10:03:04 CDT 2025: Checking if NextJS server is running...
/Users/sim/Project2/scripts/../scripts/run-simple-scheduled-reports.sh: line 16: node: command not found
Tue Jun  3 10:03:04 CDT 2025: NextJS server is not running. Skipping scheduled reports check.
Tue Jun  3 10:04:04 CDT 2025: Running scheduled reports
Tue Jun  3 10:04:04 CDT 2025: Checking if NextJS server is running...
/Users/sim/Project2/scripts/../scripts/run-simple-scheduled-reports.sh: line 16: node: command not found
Tue Jun  3 10:04:04 CDT 2025: NextJS server is not running. Skipping scheduled reports check.
Tue Jun  3 10:05:03 CDT 2025: Checking if NextJS server is running...
Tue Jun  3 10:05:03 CDT 2025: Running scheduled reports
/Users/sim/Project2/scripts/../scripts/run-simple-scheduled-reports.sh: line 16: node: command not found
Tue Jun  3 10:05:03 CDT 2025: NextJS server is not running. Skipping scheduled reports check.
Tue Jun  3 10:06:02 CDT 2025: Checking if NextJS server is running...
Tue Jun  3 10:06:02 CDT 2025: Running scheduled reports
/Users/sim/Project2/scripts/../scripts/run-simple-scheduled-reports.sh: line 16: node: command not found
Tue Jun  3 10:06:03 CDT 2025: NextJS server is not running. Skipping scheduled reports check.
Tue Jun  3 10:07:03 CDT 2025: Checking if NextJS server is running...
Tue Jun  3 10:07:03 CDT 2025: Running scheduled reports
/Users/sim/Project2/scripts/../scripts/run-simple-scheduled-reports.sh: line 16: node: command not found
Tue Jun  3 10:07:03 CDT 2025: NextJS server is not running. Skipping scheduled reports check.
Tue Jun  3 10:08:03 CDT 2025: Checking if NextJS server is running...
Tue Jun  3 10:08:03 CDT 2025: Running scheduled reports
/Users/sim/Project2/scripts/../scripts/run-simple-scheduled-reports.sh: line 16: node: command not found
Tue Jun  3 10:08:03 CDT 2025: NextJS server is not running. Skipping scheduled reports check.
Tue Jun  3 10:09:04 CDT 2025: Running scheduled reports
Tue Jun  3 10:09:04 CDT 2025: Checking if NextJS server is running...
/Users/sim/Project2/scripts/../scripts/run-simple-scheduled-reports.sh: line 16: node: command not found
Tue Jun  3 10:09:04 CDT 2025: NextJS server is not running. Skipping scheduled reports check.
Tue Jun  3 10:10:04 CDT 2025: Checking if NextJS server is running...
Tue Jun  3 10:10:04 CDT 2025: Running scheduled reports
/Users/sim/Project2/scripts/../scripts/run-simple-scheduled-reports.sh: line 16: node: command not found
Tue Jun  3 10:10:04 CDT 2025: NextJS server is not running. Skipping scheduled reports check.
Tue Jun  3 10:11:03 CDT 2025: Checking if NextJS server is running...
Tue Jun  3 10:11:03 CDT 2025: Running scheduled reports
/Users/sim/Project2/scripts/../scripts/run-simple-scheduled-reports.sh: line 16: node: command not found
Tue Jun  3 10:11:03 CDT 2025: NextJS server is not running. Skipping scheduled reports check.
Tue Jun  3 10:12:04 CDT 2025: Running scheduled reports
Tue Jun  3 10:12:04 CDT 2025: Checking if NextJS server is running...
/Users/sim/Project2/scripts/../scripts/run-simple-scheduled-reports.sh: line 16: node: command not found
Tue Jun  3 10:12:04 CDT 2025: NextJS server is not running. Skipping scheduled reports check.
Tue Jun  3 10:13:04 CDT 2025: Checking if NextJS server is running...
Tue Jun  3 10:13:04 CDT 2025: Running scheduled reports
/Users/sim/Project2/scripts/../scripts/run-simple-scheduled-reports.sh: line 16: node: command not found
Tue Jun  3 10:13:04 CDT 2025: NextJS server is not running. Skipping scheduled reports check.
Tue Jun  3 10:14:01 CDT 2025: Checking if NextJS server is running...
Tue Jun  3 10:14:01 CDT 2025: Running scheduled reports
/Users/sim/Project2/scripts/../scripts/run-simple-scheduled-reports.sh: line 16: node: command not found
Tue Jun  3 10:14:01 CDT 2025: NextJS server is not running. Skipping scheduled reports check.
Tue Jun  3 10:15:05 CDT 2025: Running scheduled reports
Tue Jun  3 10:15:05 CDT 2025: Checking if NextJS server is running...
/Users/sim/Project2/scripts/../scripts/run-simple-scheduled-reports.sh: line 16: node: command not found
Tue Jun  3 10:15:05 CDT 2025: NextJS server is not running. Skipping scheduled reports check.
Tue Jun  3 10:16:04 CDT 2025: Checking if NextJS server is running...
Tue Jun  3 10:16:04 CDT 2025: Running scheduled reports
/Users/sim/Project2/scripts/../scripts/run-simple-scheduled-reports.sh: line 16: node: command not found
Tue Jun  3 10:16:04 CDT 2025: NextJS server is not running. Skipping scheduled reports check.
Tue Jun  3 10:17:04 CDT 2025: Checking if NextJS server is running...
Tue Jun  3 10:17:04 CDT 2025: Running scheduled reports
/Users/sim/Project2/scripts/../scripts/run-simple-scheduled-reports.sh: line 16: node: command not found
Tue Jun  3 10:17:04 CDT 2025: NextJS server is not running. Skipping scheduled reports check.
Tue Jun  3 10:18:04 CDT 2025: Running scheduled reports
Tue Jun  3 10:18:04 CDT 2025: Checking if NextJS server is running...
/Users/sim/Project2/scripts/../scripts/run-simple-scheduled-reports.sh: line 16: node: command not found
Tue Jun  3 10:18:04 CDT 2025: NextJS server is not running. Skipping scheduled reports check.
Tue Jun  3 10:19:04 CDT 2025: Running scheduled reports
Tue Jun  3 10:19:04 CDT 2025: Checking if NextJS server is running...
/Users/sim/Project2/scripts/../scripts/run-simple-scheduled-reports.sh: line 16: node: command not found
Tue Jun  3 10:19:04 CDT 2025: NextJS server is not running. Skipping scheduled reports check.
Tue Jun  3 10:20:05 CDT 2025: Checking if NextJS server is running...
Tue Jun  3 10:20:05 CDT 2025: Running scheduled reports
/Users/sim/Project2/scripts/../scripts/run-simple-scheduled-reports.sh: line 16: node: command not found
Tue Jun  3 10:20:05 CDT 2025: NextJS server is not running. Skipping scheduled reports check.
Tue Jun  3 10:21:04 CDT 2025: Checking if NextJS server is running...
Tue Jun  3 10:21:04 CDT 2025: Running scheduled reports
/Users/sim/Project2/scripts/../scripts/run-simple-scheduled-reports.sh: line 16: node: command not found
Tue Jun  3 10:21:04 CDT 2025: NextJS server is not running. Skipping scheduled reports check.
Tue Jun  3 10:22:04 CDT 2025: Checking if NextJS server is running...
Tue Jun  3 10:22:04 CDT 2025: Running scheduled reports
/Users/sim/Project2/scripts/../scripts/run-simple-scheduled-reports.sh: line 16: node: command not found
Tue Jun  3 10:22:04 CDT 2025: NextJS server is not running. Skipping scheduled reports check.
Tue Jun  3 10:23:02 CDT 2025: Running scheduled reports
Tue Jun  3 10:23:02 CDT 2025: Checking if NextJS server is running...
/Users/sim/Project2/scripts/../scripts/run-simple-scheduled-reports.sh: line 16: node: command not found
Tue Jun  3 10:23:02 CDT 2025: NextJS server is not running. Skipping scheduled reports check.
Tue Jun  3 10:24:00 CDT 2025: Checking if NextJS server is running...
Tue Jun  3 10:24:00 CDT 2025: Running scheduled reports
/Users/sim/Project2/scripts/../scripts/run-simple-scheduled-reports.sh: line 16: node: command not found
Tue Jun  3 10:24:00 CDT 2025: NextJS server is not running. Skipping scheduled reports check.
Tue Jun  3 10:25:01 CDT 2025: Running scheduled reports
Tue Jun  3 10:25:01 CDT 2025: Checking if NextJS server is running...
/Users/sim/Project2/scripts/../scripts/run-simple-scheduled-reports.sh: line 16: node: command not found
Tue Jun  3 10:25:01 CDT 2025: NextJS server is not running. Skipping scheduled reports check.
Tue Jun  3 10:26:00 CDT 2025: Running scheduled reports
Tue Jun  3 10:26:00 CDT 2025: Checking if NextJS server is running...
/Users/sim/Project2/scripts/../scripts/run-simple-scheduled-reports.sh: line 16: node: command not found
Tue Jun  3 10:26:00 CDT 2025: NextJS server is not running. Skipping scheduled reports check.
Tue Jun  3 10:27:00 CDT 2025: Running scheduled reports
Tue Jun  3 10:27:00 CDT 2025: Checking if NextJS server is running...
/Users/sim/Project2/scripts/../scripts/run-simple-scheduled-reports.sh: line 16: node: command not found
Tue Jun  3 10:27:00 CDT 2025: NextJS server is not running. Skipping scheduled reports check.
Tue Jun  3 10:28:01 CDT 2025: Checking if NextJS server is running...
Tue Jun  3 10:28:01 CDT 2025: Running scheduled reports
/Users/sim/Project2/scripts/../scripts/run-simple-scheduled-reports.sh: line 16: node: command not found
Tue Jun  3 10:28:01 CDT 2025: NextJS server is not running. Skipping scheduled reports check.
Tue Jun  3 10:29:00 CDT 2025: Checking if NextJS server is running...
Tue Jun  3 10:29:00 CDT 2025: Running scheduled reports
/Users/sim/Project2/scripts/../scripts/run-simple-scheduled-reports.sh: line 16: node: command not found
Tue Jun  3 10:29:00 CDT 2025: NextJS server is not running. Skipping scheduled reports check.
Tue Jun  3 10:30:00 CDT 2025: Checking if NextJS server is running...
Tue Jun  3 10:30:00 CDT 2025: Running scheduled reports
/Users/sim/Project2/scripts/../scripts/run-simple-scheduled-reports.sh: line 16: node: command not found
Tue Jun  3 10:30:00 CDT 2025: NextJS server is not running. Skipping scheduled reports check.
Tue Jun  3 10:31:00 CDT 2025: Checking if NextJS server is running...
Tue Jun  3 10:31:00 CDT 2025: Running scheduled reports
/Users/sim/Project2/scripts/../scripts/run-simple-scheduled-reports.sh: line 16: node: command not found
Tue Jun  3 10:31:00 CDT 2025: NextJS server is not running. Skipping scheduled reports check.
Tue Jun  3 10:32:00 CDT 2025: Running scheduled reports
Tue Jun  3 10:32:00 CDT 2025: Checking if NextJS server is running...
/Users/sim/Project2/scripts/../scripts/run-simple-scheduled-reports.sh: line 16: node: command not found
Tue Jun  3 10:32:00 CDT 2025: NextJS server is not running. Skipping scheduled reports check.
Tue Jun  3 10:33:00 CDT 2025: Running scheduled reports
Tue Jun  3 10:33:00 CDT 2025: Checking if NextJS server is running...
/Users/sim/Project2/scripts/../scripts/run-simple-scheduled-reports.sh: line 16: node: command not found
Tue Jun  3 10:33:00 CDT 2025: NextJS server is not running. Skipping scheduled reports check.
Tue Jun  3 10:34:01 CDT 2025: Running scheduled reports
Tue Jun  3 10:34:01 CDT 2025: Checking if NextJS server is running...
/Users/sim/Project2/scripts/../scripts/run-simple-scheduled-reports.sh: line 16: node: command not found
Tue Jun  3 10:34:01 CDT 2025: NextJS server is not running. Skipping scheduled reports check.
Tue Jun  3 10:35:00 CDT 2025: Running scheduled reports
Tue Jun  3 10:35:00 CDT 2025: Checking if NextJS server is running...
/Users/sim/Project2/scripts/../scripts/run-simple-scheduled-reports.sh: line 16: node: command not found
Tue Jun  3 10:35:00 CDT 2025: NextJS server is not running. Skipping scheduled reports check.
Tue Jun  3 10:36:00 CDT 2025: Running scheduled reports
Tue Jun  3 10:36:00 CDT 2025: Checking if NextJS server is running...
/Users/sim/Project2/scripts/../scripts/run-simple-scheduled-reports.sh: line 16: node: command not found
Tue Jun  3 10:36:00 CDT 2025: NextJS server is not running. Skipping scheduled reports check.
Tue Jun  3 10:37:01 CDT 2025: Running scheduled reports
Tue Jun  3 10:37:01 CDT 2025: Checking if NextJS server is running...
/Users/sim/Project2/scripts/../scripts/run-simple-scheduled-reports.sh: line 16: node: command not found
Tue Jun  3 10:37:01 CDT 2025: NextJS server is not running. Skipping scheduled reports check.
Tue Jun  3 10:38:00 CDT 2025: Running scheduled reports
Tue Jun  3 10:38:00 CDT 2025: Checking if NextJS server is running...
/Users/sim/Project2/scripts/../scripts/run-simple-scheduled-reports.sh: line 16: node: command not found
Tue Jun  3 10:38:00 CDT 2025: NextJS server is not running. Skipping scheduled reports check.
Tue Jun  3 10:39:00 CDT 2025: Running scheduled reports
Tue Jun  3 10:39:00 CDT 2025: Checking if NextJS server is running...
/Users/sim/Project2/scripts/../scripts/run-simple-scheduled-reports.sh: line 16: node: command not found
Tue Jun  3 10:39:00 CDT 2025: NextJS server is not running. Skipping scheduled reports check.
Tue Jun  3 10:40:00 CDT 2025: Checking if NextJS server is running...
Tue Jun  3 10:40:00 CDT 2025: Running scheduled reports
/Users/sim/Project2/scripts/../scripts/run-simple-scheduled-reports.sh: line 16: node: command not found
Tue Jun  3 10:40:00 CDT 2025: NextJS server is not running. Skipping scheduled reports check.
Tue Jun  3 10:41:00 CDT 2025: Running scheduled reports
Tue Jun  3 10:41:00 CDT 2025: Checking if NextJS server is running...
/Users/sim/Project2/scripts/../scripts/run-simple-scheduled-reports.sh: line 16: node: command not found
Tue Jun  3 10:41:00 CDT 2025: NextJS server is not running. Skipping scheduled reports check.
Tue Jun  3 10:42:00 CDT 2025: Checking if NextJS server is running...
Tue Jun  3 10:42:00 CDT 2025: Running scheduled reports
/Users/sim/Project2/scripts/../scripts/run-simple-scheduled-reports.sh: line 16: node: command not found
Tue Jun  3 10:42:00 CDT 2025: NextJS server is not running. Skipping scheduled reports check.
Tue Jun  3 10:43:00 CDT 2025: Checking if NextJS server is running...
Tue Jun  3 10:43:00 CDT 2025: Running scheduled reports
/Users/sim/Project2/scripts/../scripts/run-simple-scheduled-reports.sh: line 16: node: command not found
Tue Jun  3 10:43:00 CDT 2025: NextJS server is not running. Skipping scheduled reports check.
Tue Jun  3 10:44:01 CDT 2025: Checking if NextJS server is running...
Tue Jun  3 10:44:01 CDT 2025: Running scheduled reports
/Users/sim/Project2/scripts/../scripts/run-simple-scheduled-reports.sh: line 16: node: command not found
Tue Jun  3 10:44:01 CDT 2025: NextJS server is not running. Skipping scheduled reports check.
Tue Jun  3 10:45:00 CDT 2025: Running scheduled reports
Tue Jun  3 10:45:00 CDT 2025: Checking if NextJS server is running...
/Users/sim/Project2/scripts/../scripts/run-simple-scheduled-reports.sh: line 16: node: command not found
Tue Jun  3 10:45:00 CDT 2025: NextJS server is not running. Skipping scheduled reports check.
Tue Jun  3 10:46:00 CDT 2025: Checking if NextJS server is running...
Tue Jun  3 10:46:00 CDT 2025: Running scheduled reports
/Users/sim/Project2/scripts/../scripts/run-simple-scheduled-reports.sh: line 16: node: command not found
Tue Jun  3 10:46:00 CDT 2025: NextJS server is not running. Skipping scheduled reports check.
Tue Jun  3 10:47:00 CDT 2025: Running scheduled reports
Tue Jun  3 10:47:00 CDT 2025: Checking if NextJS server is running...
/Users/sim/Project2/scripts/../scripts/run-simple-scheduled-reports.sh: line 16: node: command not found
Tue Jun  3 10:47:00 CDT 2025: NextJS server is not running. Skipping scheduled reports check.
Tue Jun  3 10:48:00 CDT 2025: Checking if NextJS server is running...
Tue Jun  3 10:48:00 CDT 2025: Running scheduled reports
/Users/sim/Project2/scripts/../scripts/run-simple-scheduled-reports.sh: line 16: node: command not found
Tue Jun  3 10:48:00 CDT 2025: NextJS server is not running. Skipping scheduled reports check.
Tue Jun  3 10:49:00 CDT 2025: Checking if NextJS server is running...
Tue Jun  3 10:49:00 CDT 2025: Running scheduled reports
/Users/sim/Project2/scripts/../scripts/run-simple-scheduled-reports.sh: line 16: node: command not found
Tue Jun  3 10:49:00 CDT 2025: NextJS server is not running. Skipping scheduled reports check.
Tue Jun  3 10:50:01 CDT 2025: Checking if NextJS server is running...
Tue Jun  3 10:50:01 CDT 2025: Running scheduled reports
/Users/sim/Project2/scripts/../scripts/run-simple-scheduled-reports.sh: line 16: node: command not found
Tue Jun  3 10:50:01 CDT 2025: NextJS server is not running. Skipping scheduled reports check.
Tue Jun  3 10:51:00 CDT 2025: Running scheduled reports
Tue Jun  3 10:51:00 CDT 2025: Checking if NextJS server is running...
/Users/sim/Project2/scripts/../scripts/run-simple-scheduled-reports.sh: line 16: node: command not found
Tue Jun  3 10:51:00 CDT 2025: NextJS server is not running. Skipping scheduled reports check.
Tue Jun  3 10:52:00 CDT 2025: Checking if NextJS server is running...
Tue Jun  3 10:52:00 CDT 2025: Running scheduled reports
/Users/sim/Project2/scripts/../scripts/run-simple-scheduled-reports.sh: line 16: node: command not found
Tue Jun  3 10:52:00 CDT 2025: NextJS server is not running. Skipping scheduled reports check.
Tue Jun  3 10:53:00 CDT 2025: Checking if NextJS server is running...
Tue Jun  3 10:53:00 CDT 2025: Running scheduled reports
/Users/sim/Project2/scripts/../scripts/run-simple-scheduled-reports.sh: line 16: node: command not found
Tue Jun  3 10:53:00 CDT 2025: NextJS server is not running. Skipping scheduled reports check.
Tue Jun  3 10:54:00 CDT 2025: Checking if NextJS server is running...
Tue Jun  3 10:54:00 CDT 2025: Running scheduled reports
/Users/sim/Project2/scripts/../scripts/run-simple-scheduled-reports.sh: line 16: node: command not found
Tue Jun  3 10:54:00 CDT 2025: NextJS server is not running. Skipping scheduled reports check.
Tue Jun  3 10:55:00 CDT 2025: Checking if NextJS server is running...
Tue Jun  3 10:55:00 CDT 2025: Running scheduled reports
/Users/sim/Project2/scripts/../scripts/run-simple-scheduled-reports.sh: line 16: node: command not found
Tue Jun  3 10:55:00 CDT 2025: NextJS server is not running. Skipping scheduled reports check.
Tue Jun  3 10:56:01 CDT 2025: Checking if NextJS server is running...
Tue Jun  3 10:56:01 CDT 2025: Running scheduled reports
/Users/sim/Project2/scripts/../scripts/run-simple-scheduled-reports.sh: line 16: node: command not found
Tue Jun  3 10:56:01 CDT 2025: NextJS server is not running. Skipping scheduled reports check.
Tue Jun  3 10:57:00 CDT 2025: Running scheduled reports
Tue Jun  3 10:57:00 CDT 2025: Checking if NextJS server is running...
/Users/sim/Project2/scripts/../scripts/run-simple-scheduled-reports.sh: line 16: node: command not found
Tue Jun  3 10:57:00 CDT 2025: NextJS server is not running. Skipping scheduled reports check.
Tue Jun  3 10:58:00 CDT 2025: Running scheduled reports
Tue Jun  3 10:58:00 CDT 2025: Checking if NextJS server is running...
/Users/sim/Project2/scripts/../scripts/run-simple-scheduled-reports.sh: line 16: node: command not found
Tue Jun  3 10:58:00 CDT 2025: NextJS server is not running. Skipping scheduled reports check.
Tue Jun  3 10:59:00 CDT 2025: Checking if NextJS server is running...
Tue Jun  3 10:59:00 CDT 2025: Running scheduled reports
/Users/sim/Project2/scripts/../scripts/run-simple-scheduled-reports.sh: line 16: node: command not found
Tue Jun  3 10:59:00 CDT 2025: NextJS server is not running. Skipping scheduled reports check.
Tue Jun  3 11:00:00 CDT 2025: Running scheduled reports
Tue Jun  3 11:00:00 CDT 2025: Checking if NextJS server is running...
/Users/sim/Project2/scripts/../scripts/run-simple-scheduled-reports.sh: line 16: node: command not found
Tue Jun  3 11:00:00 CDT 2025: NextJS server is not running. Skipping scheduled reports check.
Tue Jun  3 11:01:00 CDT 2025: Checking if NextJS server is running...
Tue Jun  3 11:01:00 CDT 2025: Running scheduled reports
/Users/sim/Project2/scripts/../scripts/run-simple-scheduled-reports.sh: line 16: node: command not found
Tue Jun  3 11:01:00 CDT 2025: NextJS server is not running. Skipping scheduled reports check.
Tue Jun  3 11:02:00 CDT 2025: Checking if NextJS server is running...
Tue Jun  3 11:02:00 CDT 2025: Running scheduled reports
/Users/sim/Project2/scripts/../scripts/run-simple-scheduled-reports.sh: line 16: node: command not found
Tue Jun  3 11:02:01 CDT 2025: NextJS server is not running. Skipping scheduled reports check.
Tue Jun  3 11:03:00 CDT 2025: Running scheduled reports
Tue Jun  3 11:03:00 CDT 2025: Checking if NextJS server is running...
/Users/sim/Project2/scripts/../scripts/run-simple-scheduled-reports.sh: line 16: node: command not found
Tue Jun  3 11:03:00 CDT 2025: NextJS server is not running. Skipping scheduled reports check.
Tue Jun  3 11:04:00 CDT 2025: Checking if NextJS server is running...
Tue Jun  3 11:04:00 CDT 2025: Running scheduled reports
/Users/sim/Project2/scripts/../scripts/run-simple-scheduled-reports.sh: line 16: node: command not found
Tue Jun  3 11:04:00 CDT 2025: NextJS server is not running. Skipping scheduled reports check.
Tue Jun  3 11:05:00 CDT 2025: Running scheduled reports
Tue Jun  3 11:05:00 CDT 2025: Checking if NextJS server is running...
/Users/sim/Project2/scripts/../scripts/run-simple-scheduled-reports.sh: line 16: node: command not found
Tue Jun  3 11:05:00 CDT 2025: NextJS server is not running. Skipping scheduled reports check.
Tue Jun  3 11:06:00 CDT 2025: Running scheduled reports
Tue Jun  3 11:06:00 CDT 2025: Checking if NextJS server is running...
/Users/sim/Project2/scripts/../scripts/run-simple-scheduled-reports.sh: line 16: node: command not found
Tue Jun  3 11:06:00 CDT 2025: NextJS server is not running. Skipping scheduled reports check.
Tue Jun  3 11:07:00 CDT 2025: Running scheduled reports
Tue Jun  3 11:07:00 CDT 2025: Checking if NextJS server is running...
/Users/sim/Project2/scripts/../scripts/run-simple-scheduled-reports.sh: line 16: node: command not found
Tue Jun  3 11:07:00 CDT 2025: NextJS server is not running. Skipping scheduled reports check.
Tue Jun  3 11:08:00 CDT 2025: Checking if NextJS server is running...
Tue Jun  3 11:08:00 CDT 2025: Running scheduled reports
/Users/sim/Project2/scripts/../scripts/run-simple-scheduled-reports.sh: line 16: node: command not found
Tue Jun  3 11:08:00 CDT 2025: NextJS server is not running. Skipping scheduled reports check.
Tue Jun  3 11:09:00 CDT 2025: Running scheduled reports
Tue Jun  3 11:09:00 CDT 2025: Checking if NextJS server is running...
/Users/sim/Project2/scripts/../scripts/run-simple-scheduled-reports.sh: line 16: node: command not found
Tue Jun  3 11:09:00 CDT 2025: NextJS server is not running. Skipping scheduled reports check.
Tue Jun  3 11:10:00 CDT 2025: Checking if NextJS server is running...
Tue Jun  3 11:10:00 CDT 2025: Running scheduled reports
/Users/sim/Project2/scripts/../scripts/run-simple-scheduled-reports.sh: line 16: node: command not found
Tue Jun  3 11:10:00 CDT 2025: NextJS server is not running. Skipping scheduled reports check.
Tue Jun  3 11:11:00 CDT 2025: Running scheduled reports
Tue Jun  3 11:11:00 CDT 2025: Checking if NextJS server is running...
/Users/sim/Project2/scripts/../scripts/run-simple-scheduled-reports.sh: line 16: node: command not found
Tue Jun  3 11:11:00 CDT 2025: NextJS server is not running. Skipping scheduled reports check.
Tue Jun  3 11:12:00 CDT 2025: Checking if NextJS server is running...
Tue Jun  3 11:12:00 CDT 2025: Running scheduled reports
/Users/sim/Project2/scripts/../scripts/run-simple-scheduled-reports.sh: line 16: node: command not found
Tue Jun  3 11:12:00 CDT 2025: NextJS server is not running. Skipping scheduled reports check.
Tue Jun  3 11:13:00 CDT 2025: Running scheduled reports
Tue Jun  3 11:13:00 CDT 2025: Checking if NextJS server is running...
/Users/sim/Project2/scripts/../scripts/run-simple-scheduled-reports.sh: line 16: node: command not found
Tue Jun  3 11:13:00 CDT 2025: NextJS server is not running. Skipping scheduled reports check.
Tue Jun  3 11:14:00 CDT 2025: Running scheduled reports
Tue Jun  3 11:14:00 CDT 2025: Checking if NextJS server is running...
/Users/sim/Project2/scripts/../scripts/run-simple-scheduled-reports.sh: line 16: node: command not found
Tue Jun  3 11:14:00 CDT 2025: NextJS server is not running. Skipping scheduled reports check.
Tue Jun  3 11:15:00 CDT 2025: Running scheduled reports
Tue Jun  3 11:15:00 CDT 2025: Checking if NextJS server is running...
/Users/sim/Project2/scripts/../scripts/run-simple-scheduled-reports.sh: line 16: node: command not found
Tue Jun  3 11:15:01 CDT 2025: NextJS server is not running. Skipping scheduled reports check.
Tue Jun  3 11:16:00 CDT 2025: Running scheduled reports
Tue Jun  3 11:16:00 CDT 2025: Checking if NextJS server is running...
/Users/sim/Project2/scripts/../scripts/run-simple-scheduled-reports.sh: line 16: node: command not found
Tue Jun  3 11:16:00 CDT 2025: NextJS server is not running. Skipping scheduled reports check.
Tue Jun  3 11:17:00 CDT 2025: Checking if NextJS server is running...
Tue Jun  3 11:17:00 CDT 2025: Running scheduled reports
/Users/sim/Project2/scripts/../scripts/run-simple-scheduled-reports.sh: line 16: node: command not found
Tue Jun  3 11:17:00 CDT 2025: NextJS server is not running. Skipping scheduled reports check.
Tue Jun  3 11:18:00 CDT 2025: Running scheduled reports
Tue Jun  3 11:18:00 CDT 2025: Checking if NextJS server is running...
/Users/sim/Project2/scripts/../scripts/run-simple-scheduled-reports.sh: line 16: node: command not found
Tue Jun  3 11:18:00 CDT 2025: NextJS server is not running. Skipping scheduled reports check.
Tue Jun  3 11:19:00 CDT 2025: Checking if NextJS server is running...
Tue Jun  3 11:19:00 CDT 2025: Running scheduled reports
/Users/sim/Project2/scripts/../scripts/run-simple-scheduled-reports.sh: line 16: node: command not found
Tue Jun  3 11:19:00 CDT 2025: NextJS server is not running. Skipping scheduled reports check.
Tue Jun  3 11:20:00 CDT 2025: Running scheduled reports
Tue Jun  3 11:20:00 CDT 2025: Checking if NextJS server is running...
/Users/sim/Project2/scripts/../scripts/run-simple-scheduled-reports.sh: line 16: node: command not found
Tue Jun  3 11:20:00 CDT 2025: NextJS server is not running. Skipping scheduled reports check.
Tue Jun  3 11:21:00 CDT 2025: Checking if NextJS server is running...
Tue Jun  3 11:21:00 CDT 2025: Running scheduled reports
/Users/sim/Project2/scripts/../scripts/run-simple-scheduled-reports.sh: line 16: node: command not found
Tue Jun  3 11:21:00 CDT 2025: NextJS server is not running. Skipping scheduled reports check.
Tue Jun  3 11:22:00 CDT 2025: Running scheduled reports
Tue Jun  3 11:22:00 CDT 2025: Checking if NextJS server is running...
/Users/sim/Project2/scripts/../scripts/run-simple-scheduled-reports.sh: line 16: node: command not found
Tue Jun  3 11:22:00 CDT 2025: NextJS server is not running. Skipping scheduled reports check.
Tue Jun  3 11:23:01 CDT 2025: Running scheduled reports
Tue Jun  3 11:23:01 CDT 2025: Checking if NextJS server is running...
/Users/sim/Project2/scripts/../scripts/run-simple-scheduled-reports.sh: line 16: node: command not found
Tue Jun  3 11:23:01 CDT 2025: NextJS server is not running. Skipping scheduled reports check.
Tue Jun  3 11:24:00 CDT 2025: Checking if NextJS server is running...
Tue Jun  3 11:24:00 CDT 2025: Running scheduled reports
/Users/sim/Project2/scripts/../scripts/run-simple-scheduled-reports.sh: line 16: node: command not found
Tue Jun  3 11:24:00 CDT 2025: NextJS server is not running. Skipping scheduled reports check.
Tue Jun  3 11:25:00 CDT 2025: Checking if NextJS server is running...
Tue Jun  3 11:25:00 CDT 2025: Running scheduled reports
/Users/sim/Project2/scripts/../scripts/run-simple-scheduled-reports.sh: line 16: node: command not found
Tue Jun  3 11:25:00 CDT 2025: NextJS server is not running. Skipping scheduled reports check.
Tue Jun  3 11:26:00 CDT 2025: Checking if NextJS server is running...
Tue Jun  3 11:26:00 CDT 2025: Running scheduled reports
/Users/sim/Project2/scripts/../scripts/run-simple-scheduled-reports.sh: line 16: node: command not found
Tue Jun  3 11:26:00 CDT 2025: NextJS server is not running. Skipping scheduled reports check.
Tue Jun  3 11:27:01 CDT 2025: Checking if NextJS server is running...
Tue Jun  3 11:27:01 CDT 2025: Running scheduled reports
/Users/sim/Project2/scripts/../scripts/run-simple-scheduled-reports.sh: line 16: node: command not found
Tue Jun  3 11:27:02 CDT 2025: NextJS server is not running. Skipping scheduled reports check.
Tue Jun  3 11:28:00 CDT 2025: Running scheduled reports
Tue Jun  3 11:28:00 CDT 2025: Checking if NextJS server is running...
/Users/sim/Project2/scripts/../scripts/run-simple-scheduled-reports.sh: line 16: node: command not found
Tue Jun  3 11:28:00 CDT 2025: NextJS server is not running. Skipping scheduled reports check.
Tue Jun  3 11:29:00 CDT 2025: Checking if NextJS server is running...
Tue Jun  3 11:29:00 CDT 2025: Running scheduled reports
/Users/sim/Project2/scripts/../scripts/run-simple-scheduled-reports.sh: line 16: node: command not found
Tue Jun  3 11:29:00 CDT 2025: NextJS server is not running. Skipping scheduled reports check.
Tue Jun  3 11:30:00 CDT 2025: Running scheduled reports
Tue Jun  3 11:30:00 CDT 2025: Checking if NextJS server is running...
/Users/sim/Project2/scripts/../scripts/run-simple-scheduled-reports.sh: line 16: node: command not found
Tue Jun  3 11:30:00 CDT 2025: NextJS server is not running. Skipping scheduled reports check.
Tue Jun  3 11:31:00 CDT 2025: Checking if NextJS server is running...
Tue Jun  3 11:31:00 CDT 2025: Running scheduled reports
/Users/sim/Project2/scripts/../scripts/run-simple-scheduled-reports.sh: line 16: node: command not found
Tue Jun  3 11:31:01 CDT 2025: NextJS server is not running. Skipping scheduled reports check.
Tue Jun  3 11:32:00 CDT 2025: Running scheduled reports
Tue Jun  3 11:32:00 CDT 2025: Checking if NextJS server is running...
/Users/sim/Project2/scripts/../scripts/run-simple-scheduled-reports.sh: line 16: node: command not found
Tue Jun  3 11:32:00 CDT 2025: NextJS server is not running. Skipping scheduled reports check.
Tue Jun  3 11:33:00 CDT 2025: Running scheduled reports
Tue Jun  3 11:33:00 CDT 2025: Checking if NextJS server is running...
/Users/sim/Project2/scripts/../scripts/run-simple-scheduled-reports.sh: line 16: node: command not found
Tue Jun  3 11:33:00 CDT 2025: NextJS server is not running. Skipping scheduled reports check.
Tue Jun  3 11:34:00 CDT 2025: Checking if NextJS server is running...
Tue Jun  3 11:34:00 CDT 2025: Running scheduled reports
/Users/sim/Project2/scripts/../scripts/run-simple-scheduled-reports.sh: line 16: node: command not found
Tue Jun  3 11:34:00 CDT 2025: NextJS server is not running. Skipping scheduled reports check.
Tue Jun  3 11:35:00 CDT 2025: Running scheduled reports
Tue Jun  3 11:35:00 CDT 2025: Checking if NextJS server is running...
/Users/sim/Project2/scripts/../scripts/run-simple-scheduled-reports.sh: line 16: node: command not found
Tue Jun  3 11:35:00 CDT 2025: NextJS server is not running. Skipping scheduled reports check.
Tue Jun  3 11:36:00 CDT 2025: Checking if NextJS server is running...
Tue Jun  3 11:36:00 CDT 2025: Running scheduled reports
/Users/sim/Project2/scripts/../scripts/run-simple-scheduled-reports.sh: line 16: node: command not found
Tue Jun  3 11:36:00 CDT 2025: NextJS server is not running. Skipping scheduled reports check.
Tue Jun  3 11:37:01 CDT 2025: Running scheduled reports
Tue Jun  3 11:37:01 CDT 2025: Checking if NextJS server is running...
/Users/sim/Project2/scripts/../scripts/run-simple-scheduled-reports.sh: line 16: node: command not found
Tue Jun  3 11:37:01 CDT 2025: NextJS server is not running. Skipping scheduled reports check.
Tue Jun  3 11:38:00 CDT 2025: Running scheduled reports
Tue Jun  3 11:38:00 CDT 2025: Checking if NextJS server is running...
/Users/sim/Project2/scripts/../scripts/run-simple-scheduled-reports.sh: line 16: node: command not found
Tue Jun  3 11:38:00 CDT 2025: NextJS server is not running. Skipping scheduled reports check.
Tue Jun  3 11:39:00 CDT 2025: Running scheduled reports
Tue Jun  3 11:39:00 CDT 2025: Checking if NextJS server is running...
/Users/sim/Project2/scripts/../scripts/run-simple-scheduled-reports.sh: line 16: node: command not found
Tue Jun  3 11:39:00 CDT 2025: NextJS server is not running. Skipping scheduled reports check.
Tue Jun  3 11:40:00 CDT 2025: Running scheduled reports
Tue Jun  3 11:40:00 CDT 2025: Checking if NextJS server is running...
/Users/sim/Project2/scripts/../scripts/run-simple-scheduled-reports.sh: line 16: node: command not found
Tue Jun  3 11:40:00 CDT 2025: NextJS server is not running. Skipping scheduled reports check.
Tue Jun  3 11:41:00 CDT 2025: Running scheduled reports
Tue Jun  3 11:41:00 CDT 2025: Checking if NextJS server is running...
/Users/sim/Project2/scripts/../scripts/run-simple-scheduled-reports.sh: line 16: node: command not found
Tue Jun  3 11:41:00 CDT 2025: NextJS server is not running. Skipping scheduled reports check.
Tue Jun  3 11:42:00 CDT 2025: Checking if NextJS server is running...
Tue Jun  3 11:42:00 CDT 2025: Running scheduled reports
/Users/sim/Project2/scripts/../scripts/run-simple-scheduled-reports.sh: line 16: node: command not found
Tue Jun  3 11:42:01 CDT 2025: NextJS server is not running. Skipping scheduled reports check.
Tue Jun  3 11:43:00 CDT 2025: Running scheduled reports
Tue Jun  3 11:43:00 CDT 2025: Checking if NextJS server is running...
/Users/sim/Project2/scripts/../scripts/run-simple-scheduled-reports.sh: line 16: node: command not found
Tue Jun  3 11:43:00 CDT 2025: NextJS server is not running. Skipping scheduled reports check.
Tue Jun  3 11:44:00 CDT 2025: Checking if NextJS server is running...
Tue Jun  3 11:44:00 CDT 2025: Running scheduled reports
/Users/sim/Project2/scripts/../scripts/run-simple-scheduled-reports.sh: line 16: node: command not found
Tue Jun  3 11:44:00 CDT 2025: NextJS server is not running. Skipping scheduled reports check.
Tue Jun  3 11:45:00 CDT 2025: Running scheduled reports
Tue Jun  3 11:45:00 CDT 2025: Checking if NextJS server is running...
/Users/sim/Project2/scripts/../scripts/run-simple-scheduled-reports.sh: line 16: node: command not found
Tue Jun  3 11:45:00 CDT 2025: NextJS server is not running. Skipping scheduled reports check.
Tue Jun  3 11:46:00 CDT 2025: Checking if NextJS server is running...
Tue Jun  3 11:46:00 CDT 2025: Running scheduled reports
/Users/sim/Project2/scripts/../scripts/run-simple-scheduled-reports.sh: line 16: node: command not found
Tue Jun  3 11:46:00 CDT 2025: NextJS server is not running. Skipping scheduled reports check.
Tue Jun  3 11:47:01 CDT 2025: Running scheduled reports
Tue Jun  3 11:47:01 CDT 2025: Checking if NextJS server is running...
/Users/sim/Project2/scripts/../scripts/run-simple-scheduled-reports.sh: line 16: node: command not found
Tue Jun  3 11:47:01 CDT 2025: NextJS server is not running. Skipping scheduled reports check.
Tue Jun  3 11:48:00 CDT 2025: Running scheduled reports
Tue Jun  3 11:48:00 CDT 2025: Checking if NextJS server is running...
/Users/sim/Project2/scripts/../scripts/run-simple-scheduled-reports.sh: line 16: node: command not found
Tue Jun  3 11:48:00 CDT 2025: NextJS server is not running. Skipping scheduled reports check.
Tue Jun  3 11:49:00 CDT 2025: Running scheduled reports
Tue Jun  3 11:49:00 CDT 2025: Checking if NextJS server is running...
/Users/sim/Project2/scripts/../scripts/run-simple-scheduled-reports.sh: line 16: node: command not found
Tue Jun  3 11:49:00 CDT 2025: NextJS server is not running. Skipping scheduled reports check.
Tue Jun  3 11:50:00 CDT 2025: Running scheduled reports
Tue Jun  3 11:50:00 CDT 2025: Checking if NextJS server is running...
/Users/sim/Project2/scripts/../scripts/run-simple-scheduled-reports.sh: line 16: node: command not found
Tue Jun  3 11:50:00 CDT 2025: NextJS server is not running. Skipping scheduled reports check.
Tue Jun  3 11:51:00 CDT 2025: Checking if NextJS server is running...
Tue Jun  3 11:51:00 CDT 2025: Running scheduled reports
/Users/sim/Project2/scripts/../scripts/run-simple-scheduled-reports.sh: line 16: node: command not found
Tue Jun  3 11:51:00 CDT 2025: NextJS server is not running. Skipping scheduled reports check.
Tue Jun  3 11:52:01 CDT 2025: Running scheduled reports
Tue Jun  3 11:52:01 CDT 2025: Checking if NextJS server is running...
/Users/sim/Project2/scripts/../scripts/run-simple-scheduled-reports.sh: line 16: node: command not found
Tue Jun  3 11:52:01 CDT 2025: NextJS server is not running. Skipping scheduled reports check.
Tue Jun  3 11:53:00 CDT 2025: Checking if NextJS server is running...
Tue Jun  3 11:53:00 CDT 2025: Running scheduled reports
/Users/sim/Project2/scripts/../scripts/run-simple-scheduled-reports.sh: line 16: node: command not found
Tue Jun  3 11:53:00 CDT 2025: NextJS server is not running. Skipping scheduled reports check.
Tue Jun  3 11:54:00 CDT 2025: Checking if NextJS server is running...
Tue Jun  3 11:54:00 CDT 2025: Running scheduled reports
/Users/sim/Project2/scripts/../scripts/run-simple-scheduled-reports.sh: line 16: node: command not found
Tue Jun  3 11:54:00 CDT 2025: NextJS server is not running. Skipping scheduled reports check.
Tue Jun  3 11:55:00 CDT 2025: Running scheduled reports
Tue Jun  3 11:55:00 CDT 2025: Checking if NextJS server is running...
/Users/sim/Project2/scripts/../scripts/run-simple-scheduled-reports.sh: line 16: node: command not found
Tue Jun  3 11:55:00 CDT 2025: NextJS server is not running. Skipping scheduled reports check.
Tue Jun  3 11:56:00 CDT 2025: Running scheduled reports
Tue Jun  3 11:56:00 CDT 2025: Checking if NextJS server is running...
/Users/sim/Project2/scripts/../scripts/run-simple-scheduled-reports.sh: line 16: node: command not found
Tue Jun  3 11:56:00 CDT 2025: NextJS server is not running. Skipping scheduled reports check.
Tue Jun  3 11:57:01 CDT 2025: Running scheduled reports
Tue Jun  3 11:57:01 CDT 2025: Checking if NextJS server is running...
/Users/sim/Project2/scripts/../scripts/run-simple-scheduled-reports.sh: line 16: node: command not found
Tue Jun  3 11:57:01 CDT 2025: NextJS server is not running. Skipping scheduled reports check.
Tue Jun  3 11:58:00 CDT 2025: Checking if NextJS server is running...
Tue Jun  3 11:58:00 CDT 2025: Running scheduled reports
/Users/sim/Project2/scripts/../scripts/run-simple-scheduled-reports.sh: line 16: node: command not found
Tue Jun  3 11:58:00 CDT 2025: NextJS server is not running. Skipping scheduled reports check.
Tue Jun  3 11:59:00 CDT 2025: Checking if NextJS server is running...
Tue Jun  3 11:59:00 CDT 2025: Running scheduled reports
/Users/sim/Project2/scripts/../scripts/run-simple-scheduled-reports.sh: line 16: node: command not found
Tue Jun  3 11:59:00 CDT 2025: NextJS server is not running. Skipping scheduled reports check.
Tue Jun  3 12:00:00 CDT 2025: Running scheduled reports
Tue Jun  3 12:00:00 CDT 2025: Checking if NextJS server is running...
/Users/sim/Project2/scripts/../scripts/run-simple-scheduled-reports.sh: line 16: node: command not found
Tue Jun  3 12:00:00 CDT 2025: NextJS server is not running. Skipping scheduled reports check.
Tue Jun  3 12:01:00 CDT 2025: Running scheduled reports
Tue Jun  3 12:01:00 CDT 2025: Checking if NextJS server is running...
/Users/sim/Project2/scripts/../scripts/run-simple-scheduled-reports.sh: line 16: node: command not found
Tue Jun  3 12:01:00 CDT 2025: NextJS server is not running. Skipping scheduled reports check.
Tue Jun  3 12:02:00 CDT 2025: Running scheduled reports
Tue Jun  3 12:02:00 CDT 2025: Checking if NextJS server is running...
/Users/sim/Project2/scripts/../scripts/run-simple-scheduled-reports.sh: line 16: node: command not found
Tue Jun  3 12:02:00 CDT 2025: NextJS server is not running. Skipping scheduled reports check.
Tue Jun  3 12:03:01 CDT 2025: Checking if NextJS server is running...
Tue Jun  3 12:03:01 CDT 2025: Running scheduled reports
/Users/sim/Project2/scripts/../scripts/run-simple-scheduled-reports.sh: line 16: node: command not found
Tue Jun  3 12:03:01 CDT 2025: NextJS server is not running. Skipping scheduled reports check.
Tue Jun  3 12:04:00 CDT 2025: Checking if NextJS server is running...
Tue Jun  3 12:04:00 CDT 2025: Running scheduled reports
/Users/sim/Project2/scripts/../scripts/run-simple-scheduled-reports.sh: line 16: node: command not found
Tue Jun  3 12:04:00 CDT 2025: NextJS server is not running. Skipping scheduled reports check.
Tue Jun  3 12:05:00 CDT 2025: Running scheduled reports
Tue Jun  3 12:05:00 CDT 2025: Checking if NextJS server is running...
/Users/sim/Project2/scripts/../scripts/run-simple-scheduled-reports.sh: line 16: node: command not found
Tue Jun  3 12:05:00 CDT 2025: NextJS server is not running. Skipping scheduled reports check.
Tue Jun  3 12:06:00 CDT 2025: Running scheduled reports
Tue Jun  3 12:06:00 CDT 2025: Checking if NextJS server is running...
/Users/sim/Project2/scripts/../scripts/run-simple-scheduled-reports.sh: line 16: node: command not found
Tue Jun  3 12:06:00 CDT 2025: NextJS server is not running. Skipping scheduled reports check.
Tue Jun  3 12:07:00 CDT 2025: Checking if NextJS server is running...
Tue Jun  3 12:07:00 CDT 2025: Running scheduled reports
/Users/sim/Project2/scripts/../scripts/run-simple-scheduled-reports.sh: line 16: node: command not found
Tue Jun  3 12:07:00 CDT 2025: NextJS server is not running. Skipping scheduled reports check.
Tue Jun  3 12:08:01 CDT 2025: Running scheduled reports
Tue Jun  3 12:08:01 CDT 2025: Checking if NextJS server is running...
/Users/sim/Project2/scripts/../scripts/run-simple-scheduled-reports.sh: line 16: node: command not found
Tue Jun  3 12:08:01 CDT 2025: NextJS server is not running. Skipping scheduled reports check.
Tue Jun  3 12:09:00 CDT 2025: Checking if NextJS server is running...
Tue Jun  3 12:09:00 CDT 2025: Running scheduled reports
/Users/sim/Project2/scripts/../scripts/run-simple-scheduled-reports.sh: line 16: node: command not found
Tue Jun  3 12:09:00 CDT 2025: NextJS server is not running. Skipping scheduled reports check.
Tue Jun  3 12:10:00 CDT 2025: Running scheduled reports
Tue Jun  3 12:10:00 CDT 2025: Checking if NextJS server is running...
/Users/sim/Project2/scripts/../scripts/run-simple-scheduled-reports.sh: line 16: node: command not found
Tue Jun  3 12:10:00 CDT 2025: NextJS server is not running. Skipping scheduled reports check.
Tue Jun  3 12:11:00 CDT 2025: Running scheduled reports
Tue Jun  3 12:11:00 CDT 2025: Checking if NextJS server is running...
/Users/sim/Project2/scripts/../scripts/run-simple-scheduled-reports.sh: line 16: node: command not found
Tue Jun  3 12:11:00 CDT 2025: NextJS server is not running. Skipping scheduled reports check.
Tue Jun  3 12:12:00 CDT 2025: Checking if NextJS server is running...
Tue Jun  3 12:12:00 CDT 2025: Running scheduled reports
/Users/sim/Project2/scripts/../scripts/run-simple-scheduled-reports.sh: line 16: node: command not found
Tue Jun  3 12:12:00 CDT 2025: NextJS server is not running. Skipping scheduled reports check.
Tue Jun  3 12:13:00 CDT 2025: Running scheduled reports
Tue Jun  3 12:13:00 CDT 2025: Checking if NextJS server is running...
/Users/sim/Project2/scripts/../scripts/run-simple-scheduled-reports.sh: line 16: node: command not found
Tue Jun  3 12:13:01 CDT 2025: NextJS server is not running. Skipping scheduled reports check.
Tue Jun  3 12:14:00 CDT 2025: Running scheduled reports
Tue Jun  3 12:14:00 CDT 2025: Checking if NextJS server is running...
/Users/sim/Project2/scripts/../scripts/run-simple-scheduled-reports.sh: line 16: node: command not found
Tue Jun  3 12:14:00 CDT 2025: NextJS server is not running. Skipping scheduled reports check.
Tue Jun  3 12:15:00 CDT 2025: Running scheduled reports
Tue Jun  3 12:15:00 CDT 2025: Checking if NextJS server is running...
/Users/sim/Project2/scripts/../scripts/run-simple-scheduled-reports.sh: line 16: node: command not found
Tue Jun  3 12:15:00 CDT 2025: NextJS server is not running. Skipping scheduled reports check.
Tue Jun  3 12:16:00 CDT 2025: Running scheduled reports
Tue Jun  3 12:16:00 CDT 2025: Checking if NextJS server is running...
/Users/sim/Project2/scripts/../scripts/run-simple-scheduled-reports.sh: line 16: node: command not found
Tue Jun  3 12:16:00 CDT 2025: NextJS server is not running. Skipping scheduled reports check.
Tue Jun  3 12:17:00 CDT 2025: Checking if NextJS server is running...
Tue Jun  3 12:17:00 CDT 2025: Running scheduled reports
/Users/sim/Project2/scripts/../scripts/run-simple-scheduled-reports.sh: line 16: node: command not found
Tue Jun  3 12:17:00 CDT 2025: NextJS server is not running. Skipping scheduled reports check.
Tue Jun  3 12:18:01 CDT 2025: Checking if NextJS server is running...
Tue Jun  3 12:18:01 CDT 2025: Running scheduled reports
/Users/sim/Project2/scripts/../scripts/run-simple-scheduled-reports.sh: line 16: node: command not found
Tue Jun  3 12:18:01 CDT 2025: NextJS server is not running. Skipping scheduled reports check.
Tue Jun  3 12:19:00 CDT 2025: Running scheduled reports
Tue Jun  3 12:19:00 CDT 2025: Checking if NextJS server is running...
/Users/sim/Project2/scripts/../scripts/run-simple-scheduled-reports.sh: line 16: node: command not found
Tue Jun  3 12:19:00 CDT 2025: NextJS server is not running. Skipping scheduled reports check.
Tue Jun  3 12:20:00 CDT 2025: Running scheduled reports
Tue Jun  3 12:20:00 CDT 2025: Checking if NextJS server is running...
/Users/sim/Project2/scripts/../scripts/run-simple-scheduled-reports.sh: line 16: node: command not found
Tue Jun  3 12:20:00 CDT 2025: NextJS server is not running. Skipping scheduled reports check.
Tue Jun  3 12:21:00 CDT 2025: Running scheduled reports
Tue Jun  3 12:21:00 CDT 2025: Checking if NextJS server is running...
/Users/sim/Project2/scripts/../scripts/run-simple-scheduled-reports.sh: line 16: node: command not found
Tue Jun  3 12:21:00 CDT 2025: NextJS server is not running. Skipping scheduled reports check.
Tue Jun  3 12:22:00 CDT 2025: Checking if NextJS server is running...
Tue Jun  3 12:22:00 CDT 2025: Running scheduled reports
/Users/sim/Project2/scripts/../scripts/run-simple-scheduled-reports.sh: line 16: node: command not found
Tue Jun  3 12:22:00 CDT 2025: NextJS server is not running. Skipping scheduled reports check.
Tue Jun  3 12:23:00 CDT 2025: Running scheduled reports
Tue Jun  3 12:23:00 CDT 2025: Checking if NextJS server is running...
/Users/sim/Project2/scripts/../scripts/run-simple-scheduled-reports.sh: line 16: node: command not found
Tue Jun  3 12:23:00 CDT 2025: NextJS server is not running. Skipping scheduled reports check.
Tue Jun  3 12:24:01 CDT 2025: Checking if NextJS server is running...
Tue Jun  3 12:24:01 CDT 2025: Running scheduled reports
/Users/sim/Project2/scripts/../scripts/run-simple-scheduled-reports.sh: line 16: node: command not found
Tue Jun  3 12:24:01 CDT 2025: NextJS server is not running. Skipping scheduled reports check.
Tue Jun  3 12:25:00 CDT 2025: Running scheduled reports
Tue Jun  3 12:25:00 CDT 2025: Checking if NextJS server is running...
/Users/sim/Project2/scripts/../scripts/run-simple-scheduled-reports.sh: line 16: node: command not found
Tue Jun  3 12:25:00 CDT 2025: NextJS server is not running. Skipping scheduled reports check.
Tue Jun  3 12:26:00 CDT 2025: Checking if NextJS server is running...
Tue Jun  3 12:26:00 CDT 2025: Running scheduled reports
/Users/sim/Project2/scripts/../scripts/run-simple-scheduled-reports.sh: line 16: node: command not found
Tue Jun  3 12:26:00 CDT 2025: NextJS server is not running. Skipping scheduled reports check.
Tue Jun  3 12:27:00 CDT 2025: Running scheduled reports
Tue Jun  3 12:27:00 CDT 2025: Checking if NextJS server is running...
/Users/sim/Project2/scripts/../scripts/run-simple-scheduled-reports.sh: line 16: node: command not found
Tue Jun  3 12:27:00 CDT 2025: NextJS server is not running. Skipping scheduled reports check.
Tue Jun  3 12:28:00 CDT 2025: Checking if NextJS server is running...
Tue Jun  3 12:28:00 CDT 2025: Running scheduled reports
/Users/sim/Project2/scripts/../scripts/run-simple-scheduled-reports.sh: line 16: node: command not found
Tue Jun  3 12:28:00 CDT 2025: NextJS server is not running. Skipping scheduled reports check.
Tue Jun  3 12:29:00 CDT 2025: Running scheduled reports
Tue Jun  3 12:29:00 CDT 2025: Checking if NextJS server is running...
/Users/sim/Project2/scripts/../scripts/run-simple-scheduled-reports.sh: line 16: node: command not found
Tue Jun  3 12:29:01 CDT 2025: NextJS server is not running. Skipping scheduled reports check.
Tue Jun  3 12:30:00 CDT 2025: Checking if NextJS server is running...
Tue Jun  3 12:30:00 CDT 2025: Running scheduled reports
/Users/sim/Project2/scripts/../scripts/run-simple-scheduled-reports.sh: line 16: node: command not found
Tue Jun  3 12:30:00 CDT 2025: NextJS server is not running. Skipping scheduled reports check.
Tue Jun  3 12:31:00 CDT 2025: Running scheduled reports
Tue Jun  3 12:31:00 CDT 2025: Checking if NextJS server is running...
/Users/sim/Project2/scripts/../scripts/run-simple-scheduled-reports.sh: line 16: node: command not found
Tue Jun  3 12:31:00 CDT 2025: NextJS server is not running. Skipping scheduled reports check.
Tue Jun  3 12:32:00 CDT 2025: Checking if NextJS server is running...
Tue Jun  3 12:32:00 CDT 2025: Running scheduled reports
/Users/sim/Project2/scripts/../scripts/run-simple-scheduled-reports.sh: line 16: node: command not found
Tue Jun  3 12:32:00 CDT 2025: NextJS server is not running. Skipping scheduled reports check.
Tue Jun  3 12:33:00 CDT 2025: Checking if NextJS server is running...
Tue Jun  3 12:33:00 CDT 2025: Running scheduled reports
/Users/sim/Project2/scripts/../scripts/run-simple-scheduled-reports.sh: line 16: node: command not found
Tue Jun  3 12:33:00 CDT 2025: NextJS server is not running. Skipping scheduled reports check.
Tue Jun  3 12:34:00 CDT 2025: Running scheduled reports
Tue Jun  3 12:34:00 CDT 2025: Checking if NextJS server is running...
/Users/sim/Project2/scripts/../scripts/run-simple-scheduled-reports.sh: line 16: node: command not found
Tue Jun  3 12:34:00 CDT 2025: NextJS server is not running. Skipping scheduled reports check.
Tue Jun  3 12:35:00 CDT 2025: Checking if NextJS server is running...
Tue Jun  3 12:35:00 CDT 2025: Running scheduled reports
/Users/sim/Project2/scripts/../scripts/run-simple-scheduled-reports.sh: line 16: node: command not found
Tue Jun  3 12:35:01 CDT 2025: NextJS server is not running. Skipping scheduled reports check.
Tue Jun  3 12:36:00 CDT 2025: Running scheduled reports
Tue Jun  3 12:36:00 CDT 2025: Checking if NextJS server is running...
/Users/sim/Project2/scripts/../scripts/run-simple-scheduled-reports.sh: line 16: node: command not found
Tue Jun  3 12:36:00 CDT 2025: NextJS server is not running. Skipping scheduled reports check.
Tue Jun  3 12:37:00 CDT 2025: Checking if NextJS server is running...
Tue Jun  3 12:37:00 CDT 2025: Running scheduled reports
/Users/sim/Project2/scripts/../scripts/run-simple-scheduled-reports.sh: line 16: node: command not found
Tue Jun  3 12:37:00 CDT 2025: NextJS server is not running. Skipping scheduled reports check.
Tue Jun  3 12:38:00 CDT 2025: Running scheduled reports
Tue Jun  3 12:38:00 CDT 2025: Checking if NextJS server is running...
/Users/sim/Project2/scripts/../scripts/run-simple-scheduled-reports.sh: line 16: node: command not found
Tue Jun  3 12:38:00 CDT 2025: NextJS server is not running. Skipping scheduled reports check.
Tue Jun  3 12:39:00 CDT 2025: Checking if NextJS server is running...
Tue Jun  3 12:39:00 CDT 2025: Running scheduled reports
/Users/sim/Project2/scripts/../scripts/run-simple-scheduled-reports.sh: line 16: node: command not found
Tue Jun  3 12:39:00 CDT 2025: NextJS server is not running. Skipping scheduled reports check.
Tue Jun  3 12:40:00 CDT 2025: Checking if NextJS server is running...
Tue Jun  3 12:40:00 CDT 2025: Running scheduled reports
/Users/sim/Project2/scripts/../scripts/run-simple-scheduled-reports.sh: line 16: node: command not found
Tue Jun  3 12:40:00 CDT 2025: NextJS server is not running. Skipping scheduled reports check.
Tue Jun  3 12:41:00 CDT 2025: Running scheduled reports
Tue Jun  3 12:41:00 CDT 2025: Checking if NextJS server is running...
/Users/sim/Project2/scripts/../scripts/run-simple-scheduled-reports.sh: line 16: node: command not found
Tue Jun  3 12:41:00 CDT 2025: NextJS server is not running. Skipping scheduled reports check.
Tue Jun  3 12:42:01 CDT 2025: Checking if NextJS server is running...
Tue Jun  3 12:42:01 CDT 2025: Running scheduled reports
/Users/sim/Project2/scripts/../scripts/run-simple-scheduled-reports.sh: line 16: node: command not found
Tue Jun  3 12:42:01 CDT 2025: NextJS server is not running. Skipping scheduled reports check.
Tue Jun  3 12:43:00 CDT 2025: Checking if NextJS server is running...
Tue Jun  3 12:43:00 CDT 2025: Running scheduled reports
/Users/sim/Project2/scripts/../scripts/run-simple-scheduled-reports.sh: line 16: node: command not found
Tue Jun  3 12:43:00 CDT 2025: NextJS server is not running. Skipping scheduled reports check.
Tue Jun  3 12:44:00 CDT 2025: Running scheduled reports
Tue Jun  3 12:44:00 CDT 2025: Checking if NextJS server is running...
/Users/sim/Project2/scripts/../scripts/run-simple-scheduled-reports.sh: line 16: node: command not found
Tue Jun  3 12:44:00 CDT 2025: NextJS server is not running. Skipping scheduled reports check.
Tue Jun  3 12:45:00 CDT 2025: Running scheduled reports
Tue Jun  3 12:45:00 CDT 2025: Checking if NextJS server is running...
/Users/sim/Project2/scripts/../scripts/run-simple-scheduled-reports.sh: line 16: node: command not found
Tue Jun  3 12:45:00 CDT 2025: NextJS server is not running. Skipping scheduled reports check.
Tue Jun  3 12:46:00 CDT 2025: Running scheduled reports
Tue Jun  3 12:46:00 CDT 2025: Checking if NextJS server is running...
/Users/sim/Project2/scripts/../scripts/run-simple-scheduled-reports.sh: line 16: node: command not found
Tue Jun  3 12:46:01 CDT 2025: NextJS server is not running. Skipping scheduled reports check.
Tue Jun  3 12:47:00 CDT 2025: Checking if NextJS server is running...
Tue Jun  3 12:47:00 CDT 2025: Running scheduled reports
/Users/sim/Project2/scripts/../scripts/run-simple-scheduled-reports.sh: line 16: node: command not found
Tue Jun  3 12:47:00 CDT 2025: NextJS server is not running. Skipping scheduled reports check.
Tue Jun  3 12:48:00 CDT 2025: Running scheduled reports
Tue Jun  3 12:48:00 CDT 2025: Checking if NextJS server is running...
/Users/sim/Project2/scripts/../scripts/run-simple-scheduled-reports.sh: line 16: node: command not found
Tue Jun  3 12:48:00 CDT 2025: NextJS server is not running. Skipping scheduled reports check.
Tue Jun  3 12:49:00 CDT 2025: Checking if NextJS server is running...
Tue Jun  3 12:49:00 CDT 2025: Running scheduled reports
/Users/sim/Project2/scripts/../scripts/run-simple-scheduled-reports.sh: line 16: node: command not found
Tue Jun  3 12:49:00 CDT 2025: NextJS server is not running. Skipping scheduled reports check.
Tue Jun  3 12:50:00 CDT 2025: Checking if NextJS server is running...
Tue Jun  3 12:50:00 CDT 2025: Running scheduled reports
/Users/sim/Project2/scripts/../scripts/run-simple-scheduled-reports.sh: line 16: node: command not found
Tue Jun  3 12:50:00 CDT 2025: NextJS server is not running. Skipping scheduled reports check.
Tue Jun  3 12:51:00 CDT 2025: Running scheduled reports
Tue Jun  3 12:51:00 CDT 2025: Checking if NextJS server is running...
/Users/sim/Project2/scripts/../scripts/run-simple-scheduled-reports.sh: line 16: node: command not found
Tue Jun  3 12:51:00 CDT 2025: NextJS server is not running. Skipping scheduled reports check.
Tue Jun  3 12:52:00 CDT 2025: Running scheduled reports
Tue Jun  3 12:52:00 CDT 2025: Checking if NextJS server is running...
/Users/sim/Project2/scripts/../scripts/run-simple-scheduled-reports.sh: line 16: node: command not found
Tue Jun  3 12:52:00 CDT 2025: NextJS server is not running. Skipping scheduled reports check.
Tue Jun  3 12:53:01 CDT 2025: Checking if NextJS server is running...
Tue Jun  3 12:53:01 CDT 2025: Running scheduled reports
/Users/sim/Project2/scripts/../scripts/run-simple-scheduled-reports.sh: line 16: node: command not found
Tue Jun  3 12:53:01 CDT 2025: NextJS server is not running. Skipping scheduled reports check.
Tue Jun  3 12:54:00 CDT 2025: Running scheduled reports
Tue Jun  3 12:54:00 CDT 2025: Checking if NextJS server is running...
/Users/sim/Project2/scripts/../scripts/run-simple-scheduled-reports.sh: line 16: node: command not found
Tue Jun  3 12:54:00 CDT 2025: NextJS server is not running. Skipping scheduled reports check.
Tue Jun  3 12:55:00 CDT 2025: Checking if NextJS server is running...
Tue Jun  3 12:55:00 CDT 2025: Running scheduled reports
/Users/sim/Project2/scripts/../scripts/run-simple-scheduled-reports.sh: line 16: node: command not found
Tue Jun  3 12:55:00 CDT 2025: NextJS server is not running. Skipping scheduled reports check.
Tue Jun  3 12:56:00 CDT 2025: Checking if NextJS server is running...
Tue Jun  3 12:56:00 CDT 2025: Running scheduled reports
/Users/sim/Project2/scripts/../scripts/run-simple-scheduled-reports.sh: line 16: node: command not found
Tue Jun  3 12:56:00 CDT 2025: NextJS server is not running. Skipping scheduled reports check.
Tue Jun  3 12:57:00 CDT 2025: Running scheduled reports
Tue Jun  3 12:57:00 CDT 2025: Checking if NextJS server is running...
/Users/sim/Project2/scripts/../scripts/run-simple-scheduled-reports.sh: line 16: node: command not found
Tue Jun  3 12:57:00 CDT 2025: NextJS server is not running. Skipping scheduled reports check.
Tue Jun  3 12:58:00 CDT 2025: Checking if NextJS server is running...
Tue Jun  3 12:58:00 CDT 2025: Running scheduled reports
/Users/sim/Project2/scripts/../scripts/run-simple-scheduled-reports.sh: line 16: node: command not found
Tue Jun  3 12:58:01 CDT 2025: NextJS server is not running. Skipping scheduled reports check.
Tue Jun  3 12:59:00 CDT 2025: Checking if NextJS server is running...
Tue Jun  3 12:59:00 CDT 2025: Running scheduled reports
/Users/sim/Project2/scripts/../scripts/run-simple-scheduled-reports.sh: line 16: node: command not found
Tue Jun  3 12:59:00 CDT 2025: NextJS server is not running. Skipping scheduled reports check.
Tue Jun  3 13:00:00 CDT 2025: Running scheduled reports
Tue Jun  3 13:00:00 CDT 2025: Checking if NextJS server is running...
/Users/sim/Project2/scripts/../scripts/run-simple-scheduled-reports.sh: line 16: node: command not found
Tue Jun  3 13:00:00 CDT 2025: NextJS server is not running. Skipping scheduled reports check.
Tue Jun  3 13:01:00 CDT 2025: Checking if NextJS server is running...
Tue Jun  3 13:01:00 CDT 2025: Running scheduled reports
/Users/sim/Project2/scripts/../scripts/run-simple-scheduled-reports.sh: line 16: node: command not found
Tue Jun  3 13:01:00 CDT 2025: NextJS server is not running. Skipping scheduled reports check.
Tue Jun  3 13:02:00 CDT 2025: Running scheduled reports
Tue Jun  3 13:02:00 CDT 2025: Checking if NextJS server is running...
/Users/sim/Project2/scripts/../scripts/run-simple-scheduled-reports.sh: line 16: node: command not found
Tue Jun  3 13:02:00 CDT 2025: NextJS server is not running. Skipping scheduled reports check.
Tue Jun  3 13:03:00 CDT 2025: Running scheduled reports
Tue Jun  3 13:03:00 CDT 2025: Checking if NextJS server is running...
/Users/sim/Project2/scripts/../scripts/run-simple-scheduled-reports.sh: line 16: node: command not found
Tue Jun  3 13:03:00 CDT 2025: NextJS server is not running. Skipping scheduled reports check.
Tue Jun  3 13:04:01 CDT 2025: Checking if NextJS server is running...
Tue Jun  3 13:04:01 CDT 2025: Running scheduled reports
/Users/sim/Project2/scripts/../scripts/run-simple-scheduled-reports.sh: line 16: node: command not found
Tue Jun  3 13:04:01 CDT 2025: NextJS server is not running. Skipping scheduled reports check.
Tue Jun  3 13:05:00 CDT 2025: Running scheduled reports
Tue Jun  3 13:05:00 CDT 2025: Checking if NextJS server is running...
/Users/sim/Project2/scripts/../scripts/run-simple-scheduled-reports.sh: line 16: node: command not found
Tue Jun  3 13:05:00 CDT 2025: NextJS server is not running. Skipping scheduled reports check.
Tue Jun  3 13:06:00 CDT 2025: Running scheduled reports
Tue Jun  3 13:06:00 CDT 2025: Checking if NextJS server is running...
/Users/sim/Project2/scripts/../scripts/run-simple-scheduled-reports.sh: line 16: node: command not found
Tue Jun  3 13:06:00 CDT 2025: NextJS server is not running. Skipping scheduled reports check.
Tue Jun  3 13:07:00 CDT 2025: Running scheduled reports
Tue Jun  3 13:07:00 CDT 2025: Checking if NextJS server is running...
/Users/sim/Project2/scripts/../scripts/run-simple-scheduled-reports.sh: line 16: node: command not found
Tue Jun  3 13:07:00 CDT 2025: NextJS server is not running. Skipping scheduled reports check.
Tue Jun  3 13:08:00 CDT 2025: Running scheduled reports
Tue Jun  3 13:08:00 CDT 2025: Checking if NextJS server is running...
/Users/sim/Project2/scripts/../scripts/run-simple-scheduled-reports.sh: line 16: node: command not found
Tue Jun  3 13:08:00 CDT 2025: NextJS server is not running. Skipping scheduled reports check.
Tue Jun  3 13:09:00 CDT 2025: Checking if NextJS server is running...
Tue Jun  3 13:09:00 CDT 2025: Running scheduled reports
/Users/sim/Project2/scripts/../scripts/run-simple-scheduled-reports.sh: line 16: node: command not found
Tue Jun  3 13:09:00 CDT 2025: NextJS server is not running. Skipping scheduled reports check.
Tue Jun  3 13:10:01 CDT 2025: Checking if NextJS server is running...
Tue Jun  3 13:10:01 CDT 2025: Running scheduled reports
/Users/sim/Project2/scripts/../scripts/run-simple-scheduled-reports.sh: line 16: node: command not found
Tue Jun  3 13:10:01 CDT 2025: NextJS server is not running. Skipping scheduled reports check.
Tue Jun  3 13:11:00 CDT 2025: Running scheduled reports
Tue Jun  3 13:11:00 CDT 2025: Checking if NextJS server is running...
/Users/sim/Project2/scripts/../scripts/run-simple-scheduled-reports.sh: line 16: node: command not found
Tue Jun  3 13:11:00 CDT 2025: NextJS server is not running. Skipping scheduled reports check.
Tue Jun  3 13:12:00 CDT 2025: Running scheduled reports
Tue Jun  3 13:12:00 CDT 2025: Checking if NextJS server is running...
/Users/sim/Project2/scripts/../scripts/run-simple-scheduled-reports.sh: line 16: node: command not found
Tue Jun  3 13:12:00 CDT 2025: NextJS server is not running. Skipping scheduled reports check.
Tue Jun  3 13:13:00 CDT 2025: Checking if NextJS server is running...
Tue Jun  3 13:13:00 CDT 2025: Running scheduled reports
/Users/sim/Project2/scripts/../scripts/run-simple-scheduled-reports.sh: line 16: node: command not found
Tue Jun  3 13:13:00 CDT 2025: NextJS server is not running. Skipping scheduled reports check.
Tue Jun  3 13:14:00 CDT 2025: Running scheduled reports
Tue Jun  3 13:14:00 CDT 2025: Checking if NextJS server is running...
/Users/sim/Project2/scripts/../scripts/run-simple-scheduled-reports.sh: line 16: node: command not found
Tue Jun  3 13:14:00 CDT 2025: NextJS server is not running. Skipping scheduled reports check.
Tue Jun  3 13:15:01 CDT 2025: Checking if NextJS server is running...
Tue Jun  3 13:15:01 CDT 2025: Running scheduled reports
/Users/sim/Project2/scripts/../scripts/run-simple-scheduled-reports.sh: line 16: node: command not found
Tue Jun  3 13:15:02 CDT 2025: NextJS server is not running. Skipping scheduled reports check.
Tue Jun  3 13:16:01 CDT 2025: Checking if NextJS server is running...
Tue Jun  3 13:16:01 CDT 2025: Running scheduled reports
/Users/sim/Project2/scripts/../scripts/run-simple-scheduled-reports.sh: line 16: node: command not found
Tue Jun  3 13:16:01 CDT 2025: NextJS server is not running. Skipping scheduled reports check.
Tue Jun  3 13:17:00 CDT 2025: Running scheduled reports
Tue Jun  3 13:17:00 CDT 2025: Checking if NextJS server is running...
/Users/sim/Project2/scripts/../scripts/run-simple-scheduled-reports.sh: line 16: node: command not found
Tue Jun  3 13:17:00 CDT 2025: NextJS server is not running. Skipping scheduled reports check.
Tue Jun  3 13:18:00 CDT 2025: Checking if NextJS server is running...
Tue Jun  3 13:18:00 CDT 2025: Running scheduled reports
/Users/sim/Project2/scripts/../scripts/run-simple-scheduled-reports.sh: line 16: node: command not found
Tue Jun  3 13:18:00 CDT 2025: NextJS server is not running. Skipping scheduled reports check.
Tue Jun  3 13:19:00 CDT 2025: Running scheduled reports
Tue Jun  3 13:19:00 CDT 2025: Checking if NextJS server is running...
/Users/sim/Project2/scripts/../scripts/run-simple-scheduled-reports.sh: line 16: node: command not found
Tue Jun  3 13:19:00 CDT 2025: NextJS server is not running. Skipping scheduled reports check.
Tue Jun  3 13:20:00 CDT 2025: Running scheduled reports
Tue Jun  3 13:20:00 CDT 2025: Checking if NextJS server is running...
/Users/sim/Project2/scripts/../scripts/run-simple-scheduled-reports.sh: line 16: node: command not found
Tue Jun  3 13:20:00 CDT 2025: NextJS server is not running. Skipping scheduled reports check.
Tue Jun  3 13:21:01 CDT 2025: Running scheduled reports
Tue Jun  3 13:21:01 CDT 2025: Checking if NextJS server is running...
/Users/sim/Project2/scripts/../scripts/run-simple-scheduled-reports.sh: line 16: node: command not found
Tue Jun  3 13:21:01 CDT 2025: NextJS server is not running. Skipping scheduled reports check.
Tue Jun  3 13:22:03 CDT 2025: Checking if NextJS server is running...
Tue Jun  3 13:22:03 CDT 2025: Running scheduled reports
/Users/sim/Project2/scripts/../scripts/run-simple-scheduled-reports.sh: line 16: node: command not found
Tue Jun  3 13:22:03 CDT 2025: NextJS server is not running. Skipping scheduled reports check.
Tue Jun  3 13:23:01 CDT 2025: Checking if NextJS server is running...
Tue Jun  3 13:23:01 CDT 2025: Running scheduled reports
/Users/sim/Project2/scripts/../scripts/run-simple-scheduled-reports.sh: line 16: node: command not found
Tue Jun  3 13:23:01 CDT 2025: NextJS server is not running. Skipping scheduled reports check.
Tue Jun  3 13:24:00 CDT 2025: Running scheduled reports
Tue Jun  3 13:24:00 CDT 2025: Checking if NextJS server is running...
/Users/sim/Project2/scripts/../scripts/run-simple-scheduled-reports.sh: line 16: node: command not found
Tue Jun  3 13:24:00 CDT 2025: NextJS server is not running. Skipping scheduled reports check.
Tue Jun  3 13:25:00 CDT 2025: Running scheduled reports
Tue Jun  3 13:25:00 CDT 2025: Checking if NextJS server is running...
/Users/sim/Project2/scripts/../scripts/run-simple-scheduled-reports.sh: line 16: node: command not found
Tue Jun  3 13:25:00 CDT 2025: NextJS server is not running. Skipping scheduled reports check.
Tue Jun  3 13:26:00 CDT 2025: Running scheduled reports
Tue Jun  3 13:26:00 CDT 2025: Checking if NextJS server is running...
/Users/sim/Project2/scripts/../scripts/run-simple-scheduled-reports.sh: line 16: node: command not found
Tue Jun  3 13:26:00 CDT 2025: NextJS server is not running. Skipping scheduled reports check.
Tue Jun  3 13:27:00 CDT 2025: Checking if NextJS server is running...
Tue Jun  3 13:27:00 CDT 2025: Running scheduled reports
/Users/sim/Project2/scripts/../scripts/run-simple-scheduled-reports.sh: line 16: node: command not found
Tue Jun  3 13:27:00 CDT 2025: NextJS server is not running. Skipping scheduled reports check.
Tue Jun  3 13:28:00 CDT 2025: Checking if NextJS server is running...
Tue Jun  3 13:28:00 CDT 2025: Running scheduled reports
/Users/sim/Project2/scripts/../scripts/run-simple-scheduled-reports.sh: line 16: node: command not found
Tue Jun  3 13:28:00 CDT 2025: NextJS server is not running. Skipping scheduled reports check.
Tue Jun  3 13:29:01 CDT 2025: Running scheduled reports
Tue Jun  3 13:29:01 CDT 2025: Checking if NextJS server is running...
/Users/sim/Project2/scripts/../scripts/run-simple-scheduled-reports.sh: line 16: node: command not found
Tue Jun  3 13:29:01 CDT 2025: NextJS server is not running. Skipping scheduled reports check.
Tue Jun  3 13:30:00 CDT 2025: Checking if NextJS server is running...
Tue Jun  3 13:30:00 CDT 2025: Running scheduled reports
/Users/sim/Project2/scripts/../scripts/run-simple-scheduled-reports.sh: line 16: node: command not found
Tue Jun  3 13:30:00 CDT 2025: NextJS server is not running. Skipping scheduled reports check.
Tue Jun  3 13:31:00 CDT 2025: Checking if NextJS server is running...
Tue Jun  3 13:31:00 CDT 2025: Running scheduled reports
/Users/sim/Project2/scripts/../scripts/run-simple-scheduled-reports.sh: line 16: node: command not found
Tue Jun  3 13:31:00 CDT 2025: NextJS server is not running. Skipping scheduled reports check.
Tue Jun  3 13:32:00 CDT 2025: Checking if NextJS server is running...
Tue Jun  3 13:32:00 CDT 2025: Running scheduled reports
/Users/sim/Project2/scripts/../scripts/run-simple-scheduled-reports.sh: line 16: node: command not found
Tue Jun  3 13:32:00 CDT 2025: NextJS server is not running. Skipping scheduled reports check.
Tue Jun  3 13:33:00 CDT 2025: Checking if NextJS server is running...
Tue Jun  3 13:33:00 CDT 2025: Running scheduled reports
/Users/sim/Project2/scripts/../scripts/run-simple-scheduled-reports.sh: line 16: node: command not found
Tue Jun  3 13:33:00 CDT 2025: NextJS server is not running. Skipping scheduled reports check.
Tue Jun  3 13:34:01 CDT 2025: Checking if NextJS server is running...
Tue Jun  3 13:34:01 CDT 2025: Running scheduled reports
/Users/sim/Project2/scripts/../scripts/run-simple-scheduled-reports.sh: line 16: node: command not found
Tue Jun  3 13:34:01 CDT 2025: NextJS server is not running. Skipping scheduled reports check.
Tue Jun  3 13:35:00 CDT 2025: Checking if NextJS server is running...
Tue Jun  3 13:35:00 CDT 2025: Running scheduled reports
/Users/sim/Project2/scripts/../scripts/run-simple-scheduled-reports.sh: line 16: node: command not found
Tue Jun  3 13:35:00 CDT 2025: NextJS server is not running. Skipping scheduled reports check.
Tue Jun  3 13:36:00 CDT 2025: Running scheduled reports
Tue Jun  3 13:36:00 CDT 2025: Checking if NextJS server is running...
/Users/sim/Project2/scripts/../scripts/run-simple-scheduled-reports.sh: line 16: node: command not found
Tue Jun  3 13:36:00 CDT 2025: NextJS server is not running. Skipping scheduled reports check.
Tue Jun  3 13:37:00 CDT 2025: Running scheduled reports
Tue Jun  3 13:37:00 CDT 2025: Checking if NextJS server is running...
/Users/sim/Project2/scripts/../scripts/run-simple-scheduled-reports.sh: line 16: node: command not found
Tue Jun  3 13:37:03 CDT 2025: NextJS server is not running. Skipping scheduled reports check.
Tue Jun  3 13:38:00 CDT 2025: Running scheduled reports
Tue Jun  3 13:38:00 CDT 2025: Checking if NextJS server is running...
/Users/sim/Project2/scripts/../scripts/run-simple-scheduled-reports.sh: line 16: node: command not found
Tue Jun  3 13:38:00 CDT 2025: NextJS server is not running. Skipping scheduled reports check.
Tue Jun  3 13:39:01 CDT 2025: Checking if NextJS server is running...
Tue Jun  3 13:39:01 CDT 2025: Running scheduled reports
/Users/sim/Project2/scripts/../scripts/run-simple-scheduled-reports.sh: line 16: node: command not found
Tue Jun  3 13:39:01 CDT 2025: NextJS server is not running. Skipping scheduled reports check.
Tue Jun  3 13:40:00 CDT 2025: Checking if NextJS server is running...
Tue Jun  3 13:40:00 CDT 2025: Running scheduled reports
/Users/sim/Project2/scripts/../scripts/run-simple-scheduled-reports.sh: line 16: node: command not found
Tue Jun  3 13:40:00 CDT 2025: NextJS server is not running. Skipping scheduled reports check.
Tue Jun  3 13:41:00 CDT 2025: Checking if NextJS server is running...
Tue Jun  3 13:41:00 CDT 2025: Running scheduled reports
/Users/sim/Project2/scripts/../scripts/run-simple-scheduled-reports.sh: line 16: node: command not found
Tue Jun  3 13:41:00 CDT 2025: NextJS server is not running. Skipping scheduled reports check.
Tue Jun  3 13:42:00 CDT 2025: Checking if NextJS server is running...
Tue Jun  3 13:42:00 CDT 2025: Running scheduled reports
/Users/sim/Project2/scripts/../scripts/run-simple-scheduled-reports.sh: line 16: node: command not found
Tue Jun  3 13:42:00 CDT 2025: NextJS server is not running. Skipping scheduled reports check.
Tue Jun  3 13:43:00 CDT 2025: Checking if NextJS server is running...
Tue Jun  3 13:43:00 CDT 2025: Running scheduled reports
/Users/sim/Project2/scripts/../scripts/run-simple-scheduled-reports.sh: line 16: node: command not found
Tue Jun  3 13:43:00 CDT 2025: NextJS server is not running. Skipping scheduled reports check.
Tue Jun  3 13:44:01 CDT 2025: Running scheduled reports
Tue Jun  3 13:44:01 CDT 2025: Checking if NextJS server is running...
/Users/sim/Project2/scripts/../scripts/run-simple-scheduled-reports.sh: line 16: node: command not found
Tue Jun  3 13:44:01 CDT 2025: NextJS server is not running. Skipping scheduled reports check.
Tue Jun  3 13:45:00 CDT 2025: Checking if NextJS server is running...
Tue Jun  3 13:45:00 CDT 2025: Running scheduled reports
/Users/sim/Project2/scripts/../scripts/run-simple-scheduled-reports.sh: line 16: node: command not found
Tue Jun  3 13:45:03 CDT 2025: NextJS server is not running. Skipping scheduled reports check.
Tue Jun  3 13:46:00 CDT 2025: Running scheduled reports
Tue Jun  3 13:46:00 CDT 2025: Checking if NextJS server is running...
/Users/sim/Project2/scripts/../scripts/run-simple-scheduled-reports.sh: line 16: node: command not found
Tue Jun  3 13:46:00 CDT 2025: NextJS server is not running. Skipping scheduled reports check.
Tue Jun  3 13:47:00 CDT 2025: Running scheduled reports
Tue Jun  3 13:47:00 CDT 2025: Checking if NextJS server is running...
/Users/sim/Project2/scripts/../scripts/run-simple-scheduled-reports.sh: line 16: node: command not found
Tue Jun  3 13:47:00 CDT 2025: NextJS server is not running. Skipping scheduled reports check.
Tue Jun  3 13:48:00 CDT 2025: Running scheduled reports
Tue Jun  3 13:48:00 CDT 2025: Checking if NextJS server is running...
/Users/sim/Project2/scripts/../scripts/run-simple-scheduled-reports.sh: line 16: node: command not found
Tue Jun  3 13:48:00 CDT 2025: NextJS server is not running. Skipping scheduled reports check.
Tue Jun  3 13:49:00 CDT 2025: Running scheduled reports
Tue Jun  3 13:49:00 CDT 2025: Checking if NextJS server is running...
/Users/sim/Project2/scripts/../scripts/run-simple-scheduled-reports.sh: line 16: node: command not found
Tue Jun  3 13:49:01 CDT 2025: NextJS server is not running. Skipping scheduled reports check.
Tue Jun  3 13:50:00 CDT 2025: Running scheduled reports
Tue Jun  3 13:50:00 CDT 2025: Checking if NextJS server is running...
/Users/sim/Project2/scripts/../scripts/run-simple-scheduled-reports.sh: line 16: node: command not found
Tue Jun  3 13:50:00 CDT 2025: NextJS server is not running. Skipping scheduled reports check.
Tue Jun  3 13:51:00 CDT 2025: Running scheduled reports
Tue Jun  3 13:51:00 CDT 2025: Checking if NextJS server is running...
/Users/sim/Project2/scripts/../scripts/run-simple-scheduled-reports.sh: line 16: node: command not found
Tue Jun  3 13:51:00 CDT 2025: NextJS server is not running. Skipping scheduled reports check.
Tue Jun  3 13:52:00 CDT 2025: Checking if NextJS server is running...
Tue Jun  3 13:52:00 CDT 2025: Running scheduled reports
/Users/sim/Project2/scripts/../scripts/run-simple-scheduled-reports.sh: line 16: node: command not found
Tue Jun  3 13:52:00 CDT 2025: NextJS server is not running. Skipping scheduled reports check.
Tue Jun  3 13:53:00 CDT 2025: Checking if NextJS server is running...
Tue Jun  3 13:53:00 CDT 2025: Running scheduled reports
/Users/sim/Project2/scripts/../scripts/run-simple-scheduled-reports.sh: line 16: node: command not found
Tue Jun  3 13:53:00 CDT 2025: NextJS server is not running. Skipping scheduled reports check.
Tue Jun  3 13:54:00 CDT 2025: Checking if NextJS server is running...
Tue Jun  3 13:54:00 CDT 2025: Running scheduled reports
/Users/sim/Project2/scripts/../scripts/run-simple-scheduled-reports.sh: line 16: node: command not found
Tue Jun  3 13:54:00 CDT 2025: NextJS server is not running. Skipping scheduled reports check.
Tue Jun  3 13:55:01 CDT 2025: Checking if NextJS server is running...
Tue Jun  3 13:55:01 CDT 2025: Running scheduled reports
/Users/sim/Project2/scripts/../scripts/run-simple-scheduled-reports.sh: line 16: node: command not found
Tue Jun  3 13:55:01 CDT 2025: NextJS server is not running. Skipping scheduled reports check.
Tue Jun  3 13:56:00 CDT 2025: Running scheduled reports
Tue Jun  3 13:56:00 CDT 2025: Checking if NextJS server is running...
/Users/sim/Project2/scripts/../scripts/run-simple-scheduled-reports.sh: line 16: node: command not found
Tue Jun  3 13:56:00 CDT 2025: NextJS server is not running. Skipping scheduled reports check.
Tue Jun  3 13:57:00 CDT 2025: Checking if NextJS server is running...
Tue Jun  3 13:57:00 CDT 2025: Running scheduled reports
/Users/sim/Project2/scripts/../scripts/run-simple-scheduled-reports.sh: line 16: node: command not found
Tue Jun  3 13:57:00 CDT 2025: NextJS server is not running. Skipping scheduled reports check.
Tue Jun  3 13:58:01 CDT 2025: Checking if NextJS server is running...
Tue Jun  3 13:58:01 CDT 2025: Running scheduled reports
/Users/sim/Project2/scripts/../scripts/run-simple-scheduled-reports.sh: line 16: node: command not found
Tue Jun  3 13:58:01 CDT 2025: NextJS server is not running. Skipping scheduled reports check.
Tue Jun  3 13:59:00 CDT 2025: Running scheduled reports
Tue Jun  3 13:59:00 CDT 2025: Checking if NextJS server is running...
/Users/sim/Project2/scripts/../scripts/run-simple-scheduled-reports.sh: line 16: node: command not found
Tue Jun  3 13:59:00 CDT 2025: NextJS server is not running. Skipping scheduled reports check.
Tue Jun  3 14:00:00 CDT 2025: Checking if NextJS server is running...
Tue Jun  3 14:00:00 CDT 2025: Running scheduled reports
/Users/sim/Project2/scripts/../scripts/run-simple-scheduled-reports.sh: line 16: node: command not found
Tue Jun  3 14:00:00 CDT 2025: NextJS server is not running. Skipping scheduled reports check.
Tue Jun  3 14:01:00 CDT 2025: Running scheduled reports
Tue Jun  3 14:01:00 CDT 2025: Checking if NextJS server is running...
/Users/sim/Project2/scripts/../scripts/run-simple-scheduled-reports.sh: line 16: node: command not found
Tue Jun  3 14:01:00 CDT 2025: NextJS server is not running. Skipping scheduled reports check.
Tue Jun  3 14:02:00 CDT 2025: Running scheduled reports
Tue Jun  3 14:02:00 CDT 2025: Checking if NextJS server is running...
/Users/sim/Project2/scripts/../scripts/run-simple-scheduled-reports.sh: line 16: node: command not found
Tue Jun  3 14:02:00 CDT 2025: NextJS server is not running. Skipping scheduled reports check.
Tue Jun  3 14:03:01 CDT 2025: Running scheduled reports
Tue Jun  3 14:03:01 CDT 2025: Checking if NextJS server is running...
/Users/sim/Project2/scripts/../scripts/run-simple-scheduled-reports.sh: line 16: node: command not found
Tue Jun  3 14:03:01 CDT 2025: NextJS server is not running. Skipping scheduled reports check.
Tue Jun  3 14:04:00 CDT 2025: Checking if NextJS server is running...
Tue Jun  3 14:04:00 CDT 2025: Running scheduled reports
/Users/sim/Project2/scripts/../scripts/run-simple-scheduled-reports.sh: line 16: node: command not found
Tue Jun  3 14:04:00 CDT 2025: NextJS server is not running. Skipping scheduled reports check.
Tue Jun  3 14:05:00 CDT 2025: Running scheduled reports
Tue Jun  3 14:05:00 CDT 2025: Checking if NextJS server is running...
/Users/sim/Project2/scripts/../scripts/run-simple-scheduled-reports.sh: line 16: node: command not found
Tue Jun  3 14:05:00 CDT 2025: NextJS server is not running. Skipping scheduled reports check.
Tue Jun  3 14:06:00 CDT 2025: Running scheduled reports
Tue Jun  3 14:06:00 CDT 2025: Checking if NextJS server is running...
/Users/sim/Project2/scripts/../scripts/run-simple-scheduled-reports.sh: line 16: node: command not found
Tue Jun  3 14:06:00 CDT 2025: NextJS server is not running. Skipping scheduled reports check.
Tue Jun  3 14:07:00 CDT 2025: Checking if NextJS server is running...
Tue Jun  3 14:07:00 CDT 2025: Running scheduled reports
/Users/sim/Project2/scripts/../scripts/run-simple-scheduled-reports.sh: line 16: node: command not found
Tue Jun  3 14:07:00 CDT 2025: NextJS server is not running. Skipping scheduled reports check.
Tue Jun  3 14:08:00 CDT 2025: Running scheduled reports
Tue Jun  3 14:08:00 CDT 2025: Checking if NextJS server is running...
/Users/sim/Project2/scripts/../scripts/run-simple-scheduled-reports.sh: line 16: node: command not found
Tue Jun  3 14:08:00 CDT 2025: NextJS server is not running. Skipping scheduled reports check.
Tue Jun  3 14:09:00 CDT 2025: Checking if NextJS server is running...
Tue Jun  3 14:09:00 CDT 2025: Running scheduled reports
/Users/sim/Project2/scripts/../scripts/run-simple-scheduled-reports.sh: line 16: node: command not found
Tue Jun  3 14:09:01 CDT 2025: NextJS server is not running. Skipping scheduled reports check.
Tue Jun  3 14:10:00 CDT 2025: Checking if NextJS server is running...
Tue Jun  3 14:10:00 CDT 2025: Running scheduled reports
/Users/sim/Project2/scripts/../scripts/run-simple-scheduled-reports.sh: line 16: node: command not found
Tue Jun  3 14:10:00 CDT 2025: NextJS server is not running. Skipping scheduled reports check.
Tue Jun  3 14:11:00 CDT 2025: Running scheduled reports
Tue Jun  3 14:11:00 CDT 2025: Checking if NextJS server is running...
/Users/sim/Project2/scripts/../scripts/run-simple-scheduled-reports.sh: line 16: node: command not found
Tue Jun  3 14:11:00 CDT 2025: NextJS server is not running. Skipping scheduled reports check.
Tue Jun  3 14:12:00 CDT 2025: Running scheduled reports
Tue Jun  3 14:12:00 CDT 2025: Checking if NextJS server is running...
/Users/sim/Project2/scripts/../scripts/run-simple-scheduled-reports.sh: line 16: node: command not found
Tue Jun  3 14:12:00 CDT 2025: NextJS server is not running. Skipping scheduled reports check.
Tue Jun  3 14:13:00 CDT 2025: Running scheduled reports
Tue Jun  3 14:13:00 CDT 2025: Checking if NextJS server is running...
/Users/sim/Project2/scripts/../scripts/run-simple-scheduled-reports.sh: line 16: node: command not found
Tue Jun  3 14:13:00 CDT 2025: NextJS server is not running. Skipping scheduled reports check.
Tue Jun  3 14:14:00 CDT 2025: Checking if NextJS server is running...
Tue Jun  3 14:14:00 CDT 2025: Running scheduled reports
/Users/sim/Project2/scripts/../scripts/run-simple-scheduled-reports.sh: line 16: node: command not found
Tue Jun  3 14:14:00 CDT 2025: NextJS server is not running. Skipping scheduled reports check.
Tue Jun  3 14:15:00 CDT 2025: Running scheduled reports
Tue Jun  3 14:15:00 CDT 2025: Checking if NextJS server is running...
/Users/sim/Project2/scripts/../scripts/run-simple-scheduled-reports.sh: line 16: node: command not found
Tue Jun  3 14:15:01 CDT 2025: NextJS server is not running. Skipping scheduled reports check.
Tue Jun  3 14:16:00 CDT 2025: Running scheduled reports
Tue Jun  3 14:16:00 CDT 2025: Checking if NextJS server is running...
/Users/sim/Project2/scripts/../scripts/run-simple-scheduled-reports.sh: line 16: node: command not found
Tue Jun  3 14:16:00 CDT 2025: NextJS server is not running. Skipping scheduled reports check.
Tue Jun  3 14:17:00 CDT 2025: Checking if NextJS server is running...
Tue Jun  3 14:17:00 CDT 2025: Running scheduled reports
/Users/sim/Project2/scripts/../scripts/run-simple-scheduled-reports.sh: line 16: node: command not found
Tue Jun  3 14:17:00 CDT 2025: NextJS server is not running. Skipping scheduled reports check.
Tue Jun  3 14:18:00 CDT 2025: Running scheduled reports
Tue Jun  3 14:18:00 CDT 2025: Checking if NextJS server is running...
/Users/sim/Project2/scripts/../scripts/run-simple-scheduled-reports.sh: line 16: node: command not found
Tue Jun  3 14:18:00 CDT 2025: NextJS server is not running. Skipping scheduled reports check.
Tue Jun  3 14:19:00 CDT 2025: Checking if NextJS server is running...
Tue Jun  3 14:19:00 CDT 2025: Running scheduled reports
/Users/sim/Project2/scripts/../scripts/run-simple-scheduled-reports.sh: line 16: node: command not found
Tue Jun  3 14:19:00 CDT 2025: NextJS server is not running. Skipping scheduled reports check.
Tue Jun  3 14:20:00 CDT 2025: Running scheduled reports
Tue Jun  3 14:20:00 CDT 2025: Checking if NextJS server is running...
/Users/sim/Project2/scripts/../scripts/run-simple-scheduled-reports.sh: line 16: node: command not found
Tue Jun  3 14:20:00 CDT 2025: NextJS server is not running. Skipping scheduled reports check.
Tue Jun  3 14:21:01 CDT 2025: Running scheduled reports
Tue Jun  3 14:21:01 CDT 2025: Checking if NextJS server is running...
/Users/sim/Project2/scripts/../scripts/run-simple-scheduled-reports.sh: line 16: node: command not found
Tue Jun  3 14:21:01 CDT 2025: NextJS server is not running. Skipping scheduled reports check.
Tue Jun  3 14:22:00 CDT 2025: Checking if NextJS server is running...
Tue Jun  3 14:22:00 CDT 2025: Running scheduled reports
/Users/sim/Project2/scripts/../scripts/run-simple-scheduled-reports.sh: line 16: node: command not found
Tue Jun  3 14:22:00 CDT 2025: NextJS server is not running. Skipping scheduled reports check.
Tue Jun  3 14:23:00 CDT 2025: Running scheduled reports
Tue Jun  3 14:23:00 CDT 2025: Checking if NextJS server is running...
/Users/sim/Project2/scripts/../scripts/run-simple-scheduled-reports.sh: line 16: node: command not found
Tue Jun  3 14:23:00 CDT 2025: NextJS server is not running. Skipping scheduled reports check.
Tue Jun  3 14:24:00 CDT 2025: Checking if NextJS server is running...
Tue Jun  3 14:24:00 CDT 2025: Running scheduled reports
/Users/sim/Project2/scripts/../scripts/run-simple-scheduled-reports.sh: line 16: node: command not found
Tue Jun  3 14:24:00 CDT 2025: NextJS server is not running. Skipping scheduled reports check.
Tue Jun  3 14:25:01 CDT 2025: Checking if NextJS server is running...
Tue Jun  3 14:25:01 CDT 2025: Running scheduled reports
/Users/sim/Project2/scripts/../scripts/run-simple-scheduled-reports.sh: line 16: node: command not found
Tue Jun  3 14:25:01 CDT 2025: NextJS server is not running. Skipping scheduled reports check.
Tue Jun  3 14:26:00 CDT 2025: Checking if NextJS server is running...
Tue Jun  3 14:26:00 CDT 2025: Running scheduled reports
/Users/sim/Project2/scripts/../scripts/run-simple-scheduled-reports.sh: line 16: node: command not found
Tue Jun  3 14:26:00 CDT 2025: NextJS server is not running. Skipping scheduled reports check.
Tue Jun  3 14:27:00 CDT 2025: Checking if NextJS server is running...
Tue Jun  3 14:27:00 CDT 2025: Running scheduled reports
/Users/sim/Project2/scripts/../scripts/run-simple-scheduled-reports.sh: line 16: node: command not found
Tue Jun  3 14:27:00 CDT 2025: NextJS server is not running. Skipping scheduled reports check.
Tue Jun  3 14:28:00 CDT 2025: Checking if NextJS server is running...
Tue Jun  3 14:28:00 CDT 2025: Running scheduled reports
/Users/sim/Project2/scripts/../scripts/run-simple-scheduled-reports.sh: line 16: node: command not found
Tue Jun  3 14:28:00 CDT 2025: NextJS server is not running. Skipping scheduled reports check.
Tue Jun  3 14:29:00 CDT 2025: Checking if NextJS server is running...
Tue Jun  3 14:29:00 CDT 2025: Running scheduled reports
/Users/sim/Project2/scripts/../scripts/run-simple-scheduled-reports.sh: line 16: node: command not found
Tue Jun  3 14:29:00 CDT 2025: NextJS server is not running. Skipping scheduled reports check.
Tue Jun  3 14:30:01 CDT 2025: Checking if NextJS server is running...
Tue Jun  3 14:30:01 CDT 2025: Running scheduled reports
/Users/sim/Project2/scripts/../scripts/run-simple-scheduled-reports.sh: line 16: node: command not found
Tue Jun  3 14:30:01 CDT 2025: NextJS server is not running. Skipping scheduled reports check.
Tue Jun  3 14:31:00 CDT 2025: Running scheduled reports
Tue Jun  3 14:31:00 CDT 2025: Checking if NextJS server is running...
/Users/sim/Project2/scripts/../scripts/run-simple-scheduled-reports.sh: line 16: node: command not found
Tue Jun  3 14:31:00 CDT 2025: NextJS server is not running. Skipping scheduled reports check.
Tue Jun  3 14:32:00 CDT 2025: Checking if NextJS server is running...
Tue Jun  3 14:32:00 CDT 2025: Running scheduled reports
/Users/sim/Project2/scripts/../scripts/run-simple-scheduled-reports.sh: line 16: node: command not found
Tue Jun  3 14:32:00 CDT 2025: NextJS server is not running. Skipping scheduled reports check.
Tue Jun  3 14:33:00 CDT 2025: Checking if NextJS server is running...
Tue Jun  3 14:33:00 CDT 2025: Running scheduled reports
/Users/sim/Project2/scripts/../scripts/run-simple-scheduled-reports.sh: line 16: node: command not found
Tue Jun  3 14:33:00 CDT 2025: NextJS server is not running. Skipping scheduled reports check.
Tue Jun  3 14:34:00 CDT 2025: Checking if NextJS server is running...
Tue Jun  3 14:34:00 CDT 2025: Running scheduled reports
/Users/sim/Project2/scripts/../scripts/run-simple-scheduled-reports.sh: line 16: node: command not found
Tue Jun  3 14:34:00 CDT 2025: NextJS server is not running. Skipping scheduled reports check.
Tue Jun  3 14:35:00 CDT 2025: Running scheduled reports
Tue Jun  3 14:35:00 CDT 2025: Checking if NextJS server is running...
/Users/sim/Project2/scripts/../scripts/run-simple-scheduled-reports.sh: line 16: node: command not found
Tue Jun  3 14:35:00 CDT 2025: NextJS server is not running. Skipping scheduled reports check.
Tue Jun  3 14:36:01 CDT 2025: Running scheduled reports
Tue Jun  3 14:36:01 CDT 2025: Checking if NextJS server is running...
/Users/sim/Project2/scripts/../scripts/run-simple-scheduled-reports.sh: line 16: node: command not found
Tue Jun  3 14:36:01 CDT 2025: NextJS server is not running. Skipping scheduled reports check.
Tue Jun  3 14:37:00 CDT 2025: Running scheduled reports
Tue Jun  3 14:37:00 CDT 2025: Checking if NextJS server is running...
/Users/sim/Project2/scripts/../scripts/run-simple-scheduled-reports.sh: line 16: node: command not found
Tue Jun  3 14:37:00 CDT 2025: NextJS server is not running. Skipping scheduled reports check.
Tue Jun  3 14:38:00 CDT 2025: Checking if NextJS server is running...
Tue Jun  3 14:38:00 CDT 2025: Running scheduled reports
/Users/sim/Project2/scripts/../scripts/run-simple-scheduled-reports.sh: line 16: node: command not found
Tue Jun  3 14:38:00 CDT 2025: NextJS server is not running. Skipping scheduled reports check.
Tue Jun  3 14:39:00 CDT 2025: Checking if NextJS server is running...
Tue Jun  3 14:39:00 CDT 2025: Running scheduled reports
/Users/sim/Project2/scripts/../scripts/run-simple-scheduled-reports.sh: line 16: node: command not found
Tue Jun  3 14:39:00 CDT 2025: NextJS server is not running. Skipping scheduled reports check.
Tue Jun  3 14:40:00 CDT 2025: Checking if NextJS server is running...
Tue Jun  3 14:40:00 CDT 2025: Running scheduled reports
/Users/sim/Project2/scripts/../scripts/run-simple-scheduled-reports.sh: line 16: node: command not found
Tue Jun  3 14:40:01 CDT 2025: NextJS server is not running. Skipping scheduled reports check.
Tue Jun  3 14:41:00 CDT 2025: Checking if NextJS server is running...
Tue Jun  3 14:41:00 CDT 2025: Running scheduled reports
/Users/sim/Project2/scripts/../scripts/run-simple-scheduled-reports.sh: line 16: node: command not found
Tue Jun  3 14:41:00 CDT 2025: NextJS server is not running. Skipping scheduled reports check.
Tue Jun  3 14:42:00 CDT 2025: Running scheduled reports
Tue Jun  3 14:42:00 CDT 2025: Checking if NextJS server is running...
/Users/sim/Project2/scripts/../scripts/run-simple-scheduled-reports.sh: line 16: node: command not found
Tue Jun  3 14:42:00 CDT 2025: NextJS server is not running. Skipping scheduled reports check.
Tue Jun  3 14:43:00 CDT 2025: Running scheduled reports
Tue Jun  3 14:43:00 CDT 2025: Checking if NextJS server is running...
/Users/sim/Project2/scripts/../scripts/run-simple-scheduled-reports.sh: line 16: node: command not found
Tue Jun  3 14:43:00 CDT 2025: NextJS server is not running. Skipping scheduled reports check.
Tue Jun  3 14:44:00 CDT 2025: Running scheduled reports
Tue Jun  3 14:44:00 CDT 2025: Checking if NextJS server is running...
/Users/sim/Project2/scripts/../scripts/run-simple-scheduled-reports.sh: line 16: node: command not found
Tue Jun  3 14:44:00 CDT 2025: NextJS server is not running. Skipping scheduled reports check.
Tue Jun  3 14:45:00 CDT 2025: Checking if NextJS server is running...
Tue Jun  3 14:45:00 CDT 2025: Running scheduled reports
/Users/sim/Project2/scripts/../scripts/run-simple-scheduled-reports.sh: line 16: node: command not found
Tue Jun  3 14:45:00 CDT 2025: NextJS server is not running. Skipping scheduled reports check.
Tue Jun  3 14:46:01 CDT 2025: Running scheduled reports
Tue Jun  3 14:46:01 CDT 2025: Checking if NextJS server is running...
/Users/sim/Project2/scripts/../scripts/run-simple-scheduled-reports.sh: line 16: node: command not found
Tue Jun  3 14:46:01 CDT 2025: NextJS server is not running. Skipping scheduled reports check.
Tue Jun  3 14:47:00 CDT 2025: Checking if NextJS server is running...
Tue Jun  3 14:47:00 CDT 2025: Running scheduled reports
/Users/sim/Project2/scripts/../scripts/run-simple-scheduled-reports.sh: line 16: node: command not found
Tue Jun  3 14:47:00 CDT 2025: NextJS server is not running. Skipping scheduled reports check.
Tue Jun  3 14:48:00 CDT 2025: Running scheduled reports
Tue Jun  3 14:48:00 CDT 2025: Checking if NextJS server is running...
/Users/sim/Project2/scripts/../scripts/run-simple-scheduled-reports.sh: line 16: node: command not found
Tue Jun  3 14:48:00 CDT 2025: NextJS server is not running. Skipping scheduled reports check.
Tue Jun  3 14:49:00 CDT 2025: Checking if NextJS server is running...
Tue Jun  3 14:49:00 CDT 2025: Running scheduled reports
/Users/sim/Project2/scripts/../scripts/run-simple-scheduled-reports.sh: line 16: node: command not found
Tue Jun  3 14:49:00 CDT 2025: NextJS server is not running. Skipping scheduled reports check.
Tue Jun  3 14:50:00 CDT 2025: Checking if NextJS server is running...
Tue Jun  3 14:50:00 CDT 2025: Running scheduled reports
/Users/sim/Project2/scripts/../scripts/run-simple-scheduled-reports.sh: line 16: node: command not found
Tue Jun  3 14:50:01 CDT 2025: NextJS server is not running. Skipping scheduled reports check.
Tue Jun  3 14:51:00 CDT 2025: Checking if NextJS server is running...
Tue Jun  3 14:51:00 CDT 2025: Running scheduled reports
/Users/sim/Project2/scripts/../scripts/run-simple-scheduled-reports.sh: line 16: node: command not found
Tue Jun  3 14:51:00 CDT 2025: NextJS server is not running. Skipping scheduled reports check.
Tue Jun  3 14:52:00 CDT 2025: Running scheduled reports
Tue Jun  3 14:52:00 CDT 2025: Checking if NextJS server is running...
/Users/sim/Project2/scripts/../scripts/run-simple-scheduled-reports.sh: line 16: node: command not found
Tue Jun  3 14:52:00 CDT 2025: NextJS server is not running. Skipping scheduled reports check.
Tue Jun  3 14:53:00 CDT 2025: Checking if NextJS server is running...
Tue Jun  3 14:53:00 CDT 2025: Running scheduled reports
/Users/sim/Project2/scripts/../scripts/run-simple-scheduled-reports.sh: line 16: node: command not found
Tue Jun  3 14:53:00 CDT 2025: NextJS server is not running. Skipping scheduled reports check.
Tue Jun  3 14:54:00 CDT 2025: Running scheduled reports
Tue Jun  3 14:54:00 CDT 2025: Checking if NextJS server is running...
/Users/sim/Project2/scripts/../scripts/run-simple-scheduled-reports.sh: line 16: node: command not found
Tue Jun  3 14:54:00 CDT 2025: NextJS server is not running. Skipping scheduled reports check.
Tue Jun  3 14:55:00 CDT 2025: Running scheduled reports
Tue Jun  3 14:55:00 CDT 2025: Checking if NextJS server is running...
/Users/sim/Project2/scripts/../scripts/run-simple-scheduled-reports.sh: line 16: node: command not found
Tue Jun  3 14:55:01 CDT 2025: NextJS server is not running. Skipping scheduled reports check.
Tue Jun  3 14:56:00 CDT 2025: Running scheduled reports
Tue Jun  3 14:56:00 CDT 2025: Checking if NextJS server is running...
/Users/sim/Project2/scripts/../scripts/run-simple-scheduled-reports.sh: line 16: node: command not found
Tue Jun  3 14:56:00 CDT 2025: NextJS server is not running. Skipping scheduled reports check.
Tue Jun  3 14:57:00 CDT 2025: Running scheduled reports
Tue Jun  3 14:57:00 CDT 2025: Checking if NextJS server is running...
/Users/sim/Project2/scripts/../scripts/run-simple-scheduled-reports.sh: line 16: node: command not found
Tue Jun  3 14:57:00 CDT 2025: NextJS server is not running. Skipping scheduled reports check.
Tue Jun  3 14:58:00 CDT 2025: Running scheduled reports
Tue Jun  3 14:58:00 CDT 2025: Checking if NextJS server is running...
/Users/sim/Project2/scripts/../scripts/run-simple-scheduled-reports.sh: line 16: node: command not found
Tue Jun  3 14:58:00 CDT 2025: NextJS server is not running. Skipping scheduled reports check.
Tue Jun  3 14:59:00 CDT 2025: Checking if NextJS server is running...
Tue Jun  3 14:59:00 CDT 2025: Running scheduled reports
/Users/sim/Project2/scripts/../scripts/run-simple-scheduled-reports.sh: line 16: node: command not found
Tue Jun  3 14:59:00 CDT 2025: NextJS server is not running. Skipping scheduled reports check.
Tue Jun  3 15:00:01 CDT 2025: Checking if NextJS server is running...
Tue Jun  3 15:00:01 CDT 2025: Running scheduled reports
/Users/sim/Project2/scripts/../scripts/run-simple-scheduled-reports.sh: line 16: node: command not found
Tue Jun  3 15:00:01 CDT 2025: NextJS server is not running. Skipping scheduled reports check.
Tue Jun  3 15:01:00 CDT 2025: Checking if NextJS server is running...
Tue Jun  3 15:01:00 CDT 2025: Running scheduled reports
/Users/sim/Project2/scripts/../scripts/run-simple-scheduled-reports.sh: line 16: node: command not found
Tue Jun  3 15:01:00 CDT 2025: NextJS server is not running. Skipping scheduled reports check.
Tue Jun  3 15:02:00 CDT 2025: Checking if NextJS server is running...
Tue Jun  3 15:02:00 CDT 2025: Running scheduled reports
/Users/sim/Project2/scripts/../scripts/run-simple-scheduled-reports.sh: line 16: node: command not found
Tue Jun  3 15:02:00 CDT 2025: NextJS server is not running. Skipping scheduled reports check.
Tue Jun  3 15:03:00 CDT 2025: Running scheduled reports
Tue Jun  3 15:03:00 CDT 2025: Checking if NextJS server is running...
/Users/sim/Project2/scripts/../scripts/run-simple-scheduled-reports.sh: line 16: node: command not found
Tue Jun  3 15:03:00 CDT 2025: NextJS server is not running. Skipping scheduled reports check.
Tue Jun  3 15:04:00 CDT 2025: Checking if NextJS server is running...
Tue Jun  3 15:04:00 CDT 2025: Running scheduled reports
/Users/sim/Project2/scripts/../scripts/run-simple-scheduled-reports.sh: line 16: node: command not found
Tue Jun  3 15:04:00 CDT 2025: NextJS server is not running. Skipping scheduled reports check.
Tue Jun  3 15:05:00 CDT 2025: Running scheduled reports
Tue Jun  3 15:05:00 CDT 2025: Checking if NextJS server is running...
/Users/sim/Project2/scripts/../scripts/run-simple-scheduled-reports.sh: line 16: node: command not found
Tue Jun  3 15:05:01 CDT 2025: NextJS server is not running. Skipping scheduled reports check.
Tue Jun  3 15:06:00 CDT 2025: Running scheduled reports
Tue Jun  3 15:06:00 CDT 2025: Checking if NextJS server is running...
/Users/sim/Project2/scripts/../scripts/run-simple-scheduled-reports.sh: line 16: node: command not found
Tue Jun  3 15:06:00 CDT 2025: NextJS server is not running. Skipping scheduled reports check.
Tue Jun  3 15:07:00 CDT 2025: Running scheduled reports
Tue Jun  3 15:07:00 CDT 2025: Checking if NextJS server is running...
/Users/sim/Project2/scripts/../scripts/run-simple-scheduled-reports.sh: line 16: node: command not found
Tue Jun  3 15:07:00 CDT 2025: NextJS server is not running. Skipping scheduled reports check.
Tue Jun  3 15:08:00 CDT 2025: Running scheduled reports
Tue Jun  3 15:08:00 CDT 2025: Checking if NextJS server is running...
/Users/sim/Project2/scripts/../scripts/run-simple-scheduled-reports.sh: line 16: node: command not found
Tue Jun  3 15:08:00 CDT 2025: NextJS server is not running. Skipping scheduled reports check.
Tue Jun  3 15:09:00 CDT 2025: Running scheduled reports
Tue Jun  3 15:09:00 CDT 2025: Checking if NextJS server is running...
/Users/sim/Project2/scripts/../scripts/run-simple-scheduled-reports.sh: line 16: node: command not found
Tue Jun  3 15:09:00 CDT 2025: NextJS server is not running. Skipping scheduled reports check.
Tue Jun  3 15:10:00 CDT 2025: Running scheduled reports
Tue Jun  3 15:10:00 CDT 2025: Checking if NextJS server is running...
/Users/sim/Project2/scripts/../scripts/run-simple-scheduled-reports.sh: line 16: node: command not found
Tue Jun  3 15:10:00 CDT 2025: NextJS server is not running. Skipping scheduled reports check.
Tue Jun  3 15:11:01 CDT 2025: Running scheduled reports
Tue Jun  3 15:11:01 CDT 2025: Checking if NextJS server is running...
/Users/sim/Project2/scripts/../scripts/run-simple-scheduled-reports.sh: line 16: node: command not found
Tue Jun  3 15:11:01 CDT 2025: NextJS server is not running. Skipping scheduled reports check.
Tue Jun  3 15:12:00 CDT 2025: Running scheduled reports
Tue Jun  3 15:12:00 CDT 2025: Checking if NextJS server is running...
/Users/sim/Project2/scripts/../scripts/run-simple-scheduled-reports.sh: line 16: node: command not found
Tue Jun  3 15:12:00 CDT 2025: NextJS server is not running. Skipping scheduled reports check.
Tue Jun  3 15:13:00 CDT 2025: Checking if NextJS server is running...
Tue Jun  3 15:13:00 CDT 2025: Running scheduled reports
/Users/sim/Project2/scripts/../scripts/run-simple-scheduled-reports.sh: line 16: node: command not found
Tue Jun  3 15:13:00 CDT 2025: NextJS server is not running. Skipping scheduled reports check.
Tue Jun  3 15:14:00 CDT 2025: Running scheduled reports
Tue Jun  3 15:14:00 CDT 2025: Checking if NextJS server is running...
/Users/sim/Project2/scripts/../scripts/run-simple-scheduled-reports.sh: line 16: node: command not found
Tue Jun  3 15:14:00 CDT 2025: NextJS server is not running. Skipping scheduled reports check.
Tue Jun  3 15:15:01 CDT 2025: Running scheduled reports
Tue Jun  3 15:15:01 CDT 2025: Checking if NextJS server is running...
/Users/sim/Project2/scripts/../scripts/run-simple-scheduled-reports.sh: line 16: node: command not found
Tue Jun  3 15:15:01 CDT 2025: NextJS server is not running. Skipping scheduled reports check.
Tue Jun  3 15:16:00 CDT 2025: Checking if NextJS server is running...
Tue Jun  3 15:16:00 CDT 2025: Running scheduled reports
/Users/sim/Project2/scripts/../scripts/run-simple-scheduled-reports.sh: line 16: node: command not found
Tue Jun  3 15:16:00 CDT 2025: NextJS server is not running. Skipping scheduled reports check.
Tue Jun  3 15:17:00 CDT 2025: Running scheduled reports
Tue Jun  3 15:17:00 CDT 2025: Checking if NextJS server is running...
/Users/sim/Project2/scripts/../scripts/run-simple-scheduled-reports.sh: line 16: node: command not found
Tue Jun  3 15:17:00 CDT 2025: NextJS server is not running. Skipping scheduled reports check.
Tue Jun  3 15:18:00 CDT 2025: Running scheduled reports
Tue Jun  3 15:18:00 CDT 2025: Checking if NextJS server is running...
/Users/sim/Project2/scripts/../scripts/run-simple-scheduled-reports.sh: line 16: node: command not found
Tue Jun  3 15:18:01 CDT 2025: NextJS server is not running. Skipping scheduled reports check.
Tue Jun  3 15:19:00 CDT 2025: Running scheduled reports
Tue Jun  3 15:19:00 CDT 2025: Checking if NextJS server is running...
/Users/sim/Project2/scripts/../scripts/run-simple-scheduled-reports.sh: line 16: node: command not found
Tue Jun  3 15:19:00 CDT 2025: NextJS server is not running. Skipping scheduled reports check.
Tue Jun  3 15:20:00 CDT 2025: Checking if NextJS server is running...
Tue Jun  3 15:20:00 CDT 2025: Running scheduled reports
/Users/sim/Project2/scripts/../scripts/run-simple-scheduled-reports.sh: line 16: node: command not found
Tue Jun  3 15:20:00 CDT 2025: NextJS server is not running. Skipping scheduled reports check.
Tue Jun  3 15:21:00 CDT 2025: Running scheduled reports
Tue Jun  3 15:21:00 CDT 2025: Checking if NextJS server is running...
/Users/sim/Project2/scripts/../scripts/run-simple-scheduled-reports.sh: line 16: node: command not found
Tue Jun  3 15:21:00 CDT 2025: NextJS server is not running. Skipping scheduled reports check.
Tue Jun  3 15:22:00 CDT 2025: Running scheduled reports
Tue Jun  3 15:22:00 CDT 2025: Checking if NextJS server is running...
/Users/sim/Project2/scripts/../scripts/run-simple-scheduled-reports.sh: line 16: node: command not found
Tue Jun  3 15:22:01 CDT 2025: NextJS server is not running. Skipping scheduled reports check.
Tue Jun  3 15:23:00 CDT 2025: Checking if NextJS server is running...
Tue Jun  3 15:23:00 CDT 2025: Running scheduled reports
/Users/sim/Project2/scripts/../scripts/run-simple-scheduled-reports.sh: line 16: node: command not found
Tue Jun  3 15:23:00 CDT 2025: NextJS server is not running. Skipping scheduled reports check.
Tue Jun  3 15:24:00 CDT 2025: Running scheduled reports
Tue Jun  3 15:24:00 CDT 2025: Checking if NextJS server is running...
/Users/sim/Project2/scripts/../scripts/run-simple-scheduled-reports.sh: line 16: node: command not found
Tue Jun  3 15:24:00 CDT 2025: NextJS server is not running. Skipping scheduled reports check.
Tue Jun  3 15:25:00 CDT 2025: Running scheduled reports
Tue Jun  3 15:25:00 CDT 2025: Checking if NextJS server is running...
/Users/sim/Project2/scripts/../scripts/run-simple-scheduled-reports.sh: line 16: node: command not found
Tue Jun  3 15:25:00 CDT 2025: NextJS server is not running. Skipping scheduled reports check.
Tue Jun  3 15:26:00 CDT 2025: Running scheduled reports
Tue Jun  3 15:26:00 CDT 2025: Checking if NextJS server is running...
/Users/sim/Project2/scripts/../scripts/run-simple-scheduled-reports.sh: line 16: node: command not found
Tue Jun  3 15:26:00 CDT 2025: NextJS server is not running. Skipping scheduled reports check.
Tue Jun  3 15:27:00 CDT 2025: Running scheduled reports
Tue Jun  3 15:27:00 CDT 2025: Checking if NextJS server is running...
/Users/sim/Project2/scripts/../scripts/run-simple-scheduled-reports.sh: line 16: node: command not found
Tue Jun  3 15:27:01 CDT 2025: NextJS server is not running. Skipping scheduled reports check.
Tue Jun  3 15:28:00 CDT 2025: Checking if NextJS server is running...
Tue Jun  3 15:28:00 CDT 2025: Running scheduled reports
/Users/sim/Project2/scripts/../scripts/run-simple-scheduled-reports.sh: line 16: node: command not found
Tue Jun  3 15:28:00 CDT 2025: NextJS server is not running. Skipping scheduled reports check.
Tue Jun  3 15:29:00 CDT 2025: Running scheduled reports
Tue Jun  3 15:29:00 CDT 2025: Checking if NextJS server is running...
/Users/sim/Project2/scripts/../scripts/run-simple-scheduled-reports.sh: line 16: node: command not found
Tue Jun  3 15:29:00 CDT 2025: NextJS server is not running. Skipping scheduled reports check.
Tue Jun  3 15:30:00 CDT 2025: Checking if NextJS server is running...
Tue Jun  3 15:30:00 CDT 2025: Running scheduled reports
/Users/sim/Project2/scripts/../scripts/run-simple-scheduled-reports.sh: line 16: node: command not found
Tue Jun  3 15:30:00 CDT 2025: NextJS server is not running. Skipping scheduled reports check.
Tue Jun  3 15:31:00 CDT 2025: Checking if NextJS server is running...
Tue Jun  3 15:31:00 CDT 2025: Running scheduled reports
/Users/sim/Project2/scripts/../scripts/run-simple-scheduled-reports.sh: line 16: node: command not found
Tue Jun  3 15:31:00 CDT 2025: NextJS server is not running. Skipping scheduled reports check.
Tue Jun  3 15:32:00 CDT 2025: Running scheduled reports
Tue Jun  3 15:32:00 CDT 2025: Checking if NextJS server is running...
/Users/sim/Project2/scripts/../scripts/run-simple-scheduled-reports.sh: line 16: node: command not found
Tue Jun  3 15:32:01 CDT 2025: NextJS server is not running. Skipping scheduled reports check.
Tue Jun  3 15:33:00 CDT 2025: Running scheduled reports
Tue Jun  3 15:33:00 CDT 2025: Checking if NextJS server is running...
/Users/sim/Project2/scripts/../scripts/run-simple-scheduled-reports.sh: line 16: node: command not found
Tue Jun  3 15:33:01 CDT 2025: NextJS server is not running. Skipping scheduled reports check.
Tue Jun  3 15:34:00 CDT 2025: Checking if NextJS server is running...
Tue Jun  3 15:34:00 CDT 2025: Running scheduled reports
/Users/sim/Project2/scripts/../scripts/run-simple-scheduled-reports.sh: line 16: node: command not found
Tue Jun  3 15:34:00 CDT 2025: NextJS server is not running. Skipping scheduled reports check.
Tue Jun  3 15:35:00 CDT 2025: Checking if NextJS server is running...
Tue Jun  3 15:35:00 CDT 2025: Running scheduled reports
/Users/sim/Project2/scripts/../scripts/run-simple-scheduled-reports.sh: line 16: node: command not found
Tue Jun  3 15:35:00 CDT 2025: NextJS server is not running. Skipping scheduled reports check.
Tue Jun  3 15:36:00 CDT 2025: Running scheduled reports
Tue Jun  3 15:36:00 CDT 2025: Checking if NextJS server is running...
/Users/sim/Project2/scripts/../scripts/run-simple-scheduled-reports.sh: line 16: node: command not found
Tue Jun  3 15:36:00 CDT 2025: NextJS server is not running. Skipping scheduled reports check.
Tue Jun  3 15:37:00 CDT 2025: Checking if NextJS server is running...
Tue Jun  3 15:37:00 CDT 2025: Running scheduled reports
/Users/sim/Project2/scripts/../scripts/run-simple-scheduled-reports.sh: line 16: node: command not found
Tue Jun  3 15:37:00 CDT 2025: NextJS server is not running. Skipping scheduled reports check.
Tue Jun  3 15:38:00 CDT 2025: Running scheduled reports
Tue Jun  3 15:38:00 CDT 2025: Checking if NextJS server is running...
/Users/sim/Project2/scripts/../scripts/run-simple-scheduled-reports.sh: line 16: node: command not found
Tue Jun  3 15:38:00 CDT 2025: NextJS server is not running. Skipping scheduled reports check.
Tue Jun  3 15:39:01 CDT 2025: Running scheduled reports
Tue Jun  3 15:39:01 CDT 2025: Checking if NextJS server is running...
/Users/sim/Project2/scripts/../scripts/run-simple-scheduled-reports.sh: line 16: node: command not found
Tue Jun  3 15:39:01 CDT 2025: NextJS server is not running. Skipping scheduled reports check.
Tue Jun  3 15:40:00 CDT 2025: Checking if NextJS server is running...
Tue Jun  3 15:40:00 CDT 2025: Running scheduled reports
/Users/sim/Project2/scripts/../scripts/run-simple-scheduled-reports.sh: line 16: node: command not found
Tue Jun  3 15:40:00 CDT 2025: NextJS server is not running. Skipping scheduled reports check.
Tue Jun  3 15:41:00 CDT 2025: Checking if NextJS server is running...
Tue Jun  3 15:41:00 CDT 2025: Running scheduled reports
/Users/sim/Project2/scripts/../scripts/run-simple-scheduled-reports.sh: line 16: node: command not found
Tue Jun  3 15:41:00 CDT 2025: NextJS server is not running. Skipping scheduled reports check.
Tue Jun  3 15:42:03 CDT 2025: Running scheduled reports
Tue Jun  3 15:42:03 CDT 2025: Checking if NextJS server is running...
/Users/sim/Project2/scripts/../scripts/run-simple-scheduled-reports.sh: line 16: node: command not found
Tue Jun  3 15:42:04 CDT 2025: NextJS server is not running. Skipping scheduled reports check.
Tue Jun  3 15:43:00 CDT 2025: Running scheduled reports
Tue Jun  3 15:43:00 CDT 2025: Checking if NextJS server is running...
/Users/sim/Project2/scripts/../scripts/run-simple-scheduled-reports.sh: line 16: node: command not found
Tue Jun  3 15:43:00 CDT 2025: NextJS server is not running. Skipping scheduled reports check.
Tue Jun  3 15:44:00 CDT 2025: Checking if NextJS server is running...
Tue Jun  3 15:44:00 CDT 2025: Running scheduled reports
/Users/sim/Project2/scripts/../scripts/run-simple-scheduled-reports.sh: line 16: node: command not found
Tue Jun  3 15:44:00 CDT 2025: NextJS server is not running. Skipping scheduled reports check.
Tue Jun  3 15:45:00 CDT 2025: Checking if NextJS server is running...
Tue Jun  3 15:45:00 CDT 2025: Running scheduled reports
/Users/sim/Project2/scripts/../scripts/run-simple-scheduled-reports.sh: line 16: node: command not found
Tue Jun  3 15:45:00 CDT 2025: NextJS server is not running. Skipping scheduled reports check.
Tue Jun  3 15:46:00 CDT 2025: Running scheduled reports
Tue Jun  3 15:46:00 CDT 2025: Checking if NextJS server is running...
/Users/sim/Project2/scripts/../scripts/run-simple-scheduled-reports.sh: line 16: node: command not found
Tue Jun  3 15:46:00 CDT 2025: NextJS server is not running. Skipping scheduled reports check.
Tue Jun  3 15:47:01 CDT 2025: Running scheduled reports
Tue Jun  3 15:47:01 CDT 2025: Checking if NextJS server is running...
/Users/sim/Project2/scripts/../scripts/run-simple-scheduled-reports.sh: line 16: node: command not found
Tue Jun  3 15:47:01 CDT 2025: NextJS server is not running. Skipping scheduled reports check.
Tue Jun  3 15:48:00 CDT 2025: Checking if NextJS server is running...
Tue Jun  3 15:48:00 CDT 2025: Running scheduled reports
/Users/sim/Project2/scripts/../scripts/run-simple-scheduled-reports.sh: line 16: node: command not found
Tue Jun  3 15:48:00 CDT 2025: NextJS server is not running. Skipping scheduled reports check.
Tue Jun  3 15:49:00 CDT 2025: Checking if NextJS server is running...
Tue Jun  3 15:49:00 CDT 2025: Running scheduled reports
/Users/sim/Project2/scripts/../scripts/run-simple-scheduled-reports.sh: line 16: node: command not found
Tue Jun  3 15:49:00 CDT 2025: NextJS server is not running. Skipping scheduled reports check.
Tue Jun  3 15:50:00 CDT 2025: Running scheduled reports
Tue Jun  3 15:50:00 CDT 2025: Checking if NextJS server is running...
/Users/sim/Project2/scripts/../scripts/run-simple-scheduled-reports.sh: line 16: node: command not found
Tue Jun  3 15:50:00 CDT 2025: NextJS server is not running. Skipping scheduled reports check.
Tue Jun  3 15:51:00 CDT 2025: Checking if NextJS server is running...
Tue Jun  3 15:51:00 CDT 2025: Running scheduled reports
/Users/sim/Project2/scripts/../scripts/run-simple-scheduled-reports.sh: line 16: node: command not found
Tue Jun  3 15:51:00 CDT 2025: NextJS server is not running. Skipping scheduled reports check.
Tue Jun  3 15:52:00 CDT 2025: Running scheduled reports
Tue Jun  3 15:52:00 CDT 2025: Checking if NextJS server is running...
/Users/sim/Project2/scripts/../scripts/run-simple-scheduled-reports.sh: line 16: node: command not found
Tue Jun  3 15:52:00 CDT 2025: NextJS server is not running. Skipping scheduled reports check.
Tue Jun  3 15:53:01 CDT 2025: Running scheduled reports
Tue Jun  3 15:53:01 CDT 2025: Checking if NextJS server is running...
/Users/sim/Project2/scripts/../scripts/run-simple-scheduled-reports.sh: line 16: node: command not found
Tue Jun  3 15:53:01 CDT 2025: NextJS server is not running. Skipping scheduled reports check.
Tue Jun  3 15:54:00 CDT 2025: Running scheduled reports
Tue Jun  3 15:54:00 CDT 2025: Checking if NextJS server is running...
/Users/sim/Project2/scripts/../scripts/run-simple-scheduled-reports.sh: line 16: node: command not found
Tue Jun  3 15:54:00 CDT 2025: NextJS server is not running. Skipping scheduled reports check.
Tue Jun  3 15:55:00 CDT 2025: Checking if NextJS server is running...
Tue Jun  3 15:55:00 CDT 2025: Running scheduled reports
/Users/sim/Project2/scripts/../scripts/run-simple-scheduled-reports.sh: line 16: node: command not found
Tue Jun  3 15:55:00 CDT 2025: NextJS server is not running. Skipping scheduled reports check.
Tue Jun  3 15:56:00 CDT 2025: Checking if NextJS server is running...
Tue Jun  3 15:56:00 CDT 2025: Running scheduled reports
/Users/sim/Project2/scripts/../scripts/run-simple-scheduled-reports.sh: line 16: node: command not found
Tue Jun  3 15:56:00 CDT 2025: NextJS server is not running. Skipping scheduled reports check.
Tue Jun  3 15:57:00 CDT 2025: Checking if NextJS server is running...
Tue Jun  3 15:57:00 CDT 2025: Running scheduled reports
/Users/sim/Project2/scripts/../scripts/run-simple-scheduled-reports.sh: line 16: node: command not found
Tue Jun  3 15:57:00 CDT 2025: NextJS server is not running. Skipping scheduled reports check.
Tue Jun  3 15:58:01 CDT 2025: Running scheduled reports
Tue Jun  3 15:58:01 CDT 2025: Checking if NextJS server is running...
/Users/sim/Project2/scripts/../scripts/run-simple-scheduled-reports.sh: line 16: node: command not found
Tue Jun  3 15:58:01 CDT 2025: NextJS server is not running. Skipping scheduled reports check.
Tue Jun  3 15:59:00 CDT 2025: Running scheduled reports
Tue Jun  3 15:59:00 CDT 2025: Checking if NextJS server is running...
/Users/sim/Project2/scripts/../scripts/run-simple-scheduled-reports.sh: line 16: node: command not found
Tue Jun  3 15:59:00 CDT 2025: NextJS server is not running. Skipping scheduled reports check.
Tue Jun  3 16:00:00 CDT 2025: Checking if NextJS server is running...
Tue Jun  3 16:00:00 CDT 2025: Running scheduled reports
/Users/sim/Project2/scripts/../scripts/run-simple-scheduled-reports.sh: line 16: node: command not found
Tue Jun  3 16:00:00 CDT 2025: NextJS server is not running. Skipping scheduled reports check.
Tue Jun  3 16:01:00 CDT 2025: Running scheduled reports
Tue Jun  3 16:01:00 CDT 2025: Checking if NextJS server is running...
/Users/sim/Project2/scripts/../scripts/run-simple-scheduled-reports.sh: line 16: node: command not found
Tue Jun  3 16:01:00 CDT 2025: NextJS server is not running. Skipping scheduled reports check.
Tue Jun  3 16:02:00 CDT 2025: Running scheduled reports
Tue Jun  3 16:02:00 CDT 2025: Checking if NextJS server is running...
/Users/sim/Project2/scripts/../scripts/run-simple-scheduled-reports.sh: line 16: node: command not found
Tue Jun  3 16:02:00 CDT 2025: NextJS server is not running. Skipping scheduled reports check.
Tue Jun  3 16:03:00 CDT 2025: Checking if NextJS server is running...
Tue Jun  3 16:03:00 CDT 2025: Running scheduled reports
/Users/sim/Project2/scripts/../scripts/run-simple-scheduled-reports.sh: line 16: node: command not found
Tue Jun  3 16:03:00 CDT 2025: NextJS server is not running. Skipping scheduled reports check.
Tue Jun  3 16:04:00 CDT 2025: Running scheduled reports
Tue Jun  3 16:04:00 CDT 2025: Checking if NextJS server is running...
/Users/sim/Project2/scripts/../scripts/run-simple-scheduled-reports.sh: line 16: node: command not found
Tue Jun  3 16:04:00 CDT 2025: NextJS server is not running. Skipping scheduled reports check.
Tue Jun  3 16:05:00 CDT 2025: Running scheduled reports
Tue Jun  3 16:05:00 CDT 2025: Checking if NextJS server is running...
/Users/sim/Project2/scripts/../scripts/run-simple-scheduled-reports.sh: line 16: node: command not found
Tue Jun  3 16:05:00 CDT 2025: NextJS server is not running. Skipping scheduled reports check.
Tue Jun  3 16:06:00 CDT 2025: Running scheduled reports
Tue Jun  3 16:06:00 CDT 2025: Checking if NextJS server is running...
/Users/sim/Project2/scripts/../scripts/run-simple-scheduled-reports.sh: line 16: node: command not found
Tue Jun  3 16:06:00 CDT 2025: NextJS server is not running. Skipping scheduled reports check.
