Tue Jun 17 02:32:00 CDT 2025: Running scheduled reports
Tue Jun 17 02:32:00 CDT 2025: Checking if NextJS server is running...
/Users/sim/Project2/scripts/../scripts/run-simple-scheduled-reports.sh: line 16: node: command not found
Tue Jun 17 02:32:00 CDT 2025: NextJS server is not running. Skipping scheduled reports check.
Tue Jun 17 09:44:00 CDT 2025: Checking if NextJS server is running...
Tue Jun 17 09:44:00 CDT 2025: Running scheduled reports
/Users/sim/Project2/scripts/../scripts/run-simple-scheduled-reports.sh: line 16: node: command not found
Tue Jun 17 09:44:00 CDT 2025: NextJS server is not running. Skipping scheduled reports check.
Tue Jun 17 09:45:00 CDT 2025: Checking if NextJS server is running...
Tue Jun 17 09:45:00 CDT 2025: Running scheduled reports
/Users/sim/Project2/scripts/../scripts/run-simple-scheduled-reports.sh: line 16: node: command not found
Tue Jun 17 09:45:00 CDT 2025: NextJS server is running. Running scheduled reports check...
/Users/sim/Project2/scripts/../scripts/run-scheduled-reports-cron.sh: line 25: node: command not found
Tue Jun 17 09:46:00 CDT 2025: Checking if NextJS server is running...
Tue Jun 17 09:46:00 CDT 2025: Running scheduled reports
/Users/sim/Project2/scripts/../scripts/run-simple-scheduled-reports.sh: line 16: node: command not found
Tue Jun 17 09:46:01 CDT 2025: NextJS server is running. Running scheduled reports check...
/Users/sim/Project2/scripts/../scripts/run-scheduled-reports-cron.sh: line 25: node: command not found
Tue Jun 17 09:47:00 CDT 2025: Running scheduled reports
Tue Jun 17 09:47:00 CDT 2025: Checking if NextJS server is running...
/Users/sim/Project2/scripts/../scripts/run-simple-scheduled-reports.sh: line 16: node: command not found
Tue Jun 17 09:47:00 CDT 2025: NextJS server is running. Running scheduled reports check...
/Users/sim/Project2/scripts/../scripts/run-scheduled-reports-cron.sh: line 25: node: command not found
Tue Jun 17 09:48:00 CDT 2025: Checking if NextJS server is running...
Tue Jun 17 09:48:00 CDT 2025: Running scheduled reports
/Users/sim/Project2/scripts/../scripts/run-simple-scheduled-reports.sh: line 16: node: command not found
Tue Jun 17 09:48:00 CDT 2025: NextJS server is running. Running scheduled reports check...
/Users/sim/Project2/scripts/../scripts/run-scheduled-reports-cron.sh: line 25: node: command not found
Tue Jun 17 09:49:00 CDT 2025: Checking if NextJS server is running...
Tue Jun 17 09:49:00 CDT 2025: Running scheduled reports
/Users/sim/Project2/scripts/../scripts/run-simple-scheduled-reports.sh: line 16: node: command not found
Tue Jun 17 09:49:00 CDT 2025: NextJS server is running. Running scheduled reports check...
/Users/sim/Project2/scripts/../scripts/run-scheduled-reports-cron.sh: line 25: node: command not found
Tue Jun 17 09:50:00 CDT 2025: Checking if NextJS server is running...
Tue Jun 17 09:50:00 CDT 2025: Running scheduled reports
/Users/sim/Project2/scripts/../scripts/run-simple-scheduled-reports.sh: line 16: node: command not found
Tue Jun 17 09:50:00 CDT 2025: NextJS server is running. Running scheduled reports check...
/Users/sim/Project2/scripts/../scripts/run-scheduled-reports-cron.sh: line 25: node: command not found
Tue Jun 17 09:51:00 CDT 2025: Running scheduled reports
Tue Jun 17 09:51:00 CDT 2025: Checking if NextJS server is running...
/Users/sim/Project2/scripts/../scripts/run-simple-scheduled-reports.sh: line 16: node: command not found
Tue Jun 17 09:51:00 CDT 2025: NextJS server is running. Running scheduled reports check...
/Users/sim/Project2/scripts/../scripts/run-scheduled-reports-cron.sh: line 25: node: command not found
Tue Jun 17 09:52:01 CDT 2025: Running scheduled reports
Tue Jun 17 09:52:01 CDT 2025: Checking if NextJS server is running...
/Users/sim/Project2/scripts/../scripts/run-simple-scheduled-reports.sh: line 16: node: command not found
Tue Jun 17 09:52:01 CDT 2025: NextJS server is running. Running scheduled reports check...
/Users/sim/Project2/scripts/../scripts/run-scheduled-reports-cron.sh: line 25: node: command not found
Tue Jun 17 09:53:00 CDT 2025: Checking if NextJS server is running...
Tue Jun 17 09:53:00 CDT 2025: Running scheduled reports
/Users/sim/Project2/scripts/../scripts/run-simple-scheduled-reports.sh: line 16: node: command not found
Tue Jun 17 09:53:00 CDT 2025: NextJS server is running. Running scheduled reports check...
/Users/sim/Project2/scripts/../scripts/run-scheduled-reports-cron.sh: line 25: node: command not found
Tue Jun 17 09:54:00 CDT 2025: Running scheduled reports
Tue Jun 17 09:54:00 CDT 2025: Checking if NextJS server is running...
/Users/sim/Project2/scripts/../scripts/run-simple-scheduled-reports.sh: line 16: node: command not found
Tue Jun 17 09:54:00 CDT 2025: NextJS server is running. Running scheduled reports check...
/Users/sim/Project2/scripts/../scripts/run-scheduled-reports-cron.sh: line 25: node: command not found
Tue Jun 17 09:55:00 CDT 2025: Checking if NextJS server is running...
Tue Jun 17 09:55:00 CDT 2025: Running scheduled reports
/Users/sim/Project2/scripts/../scripts/run-simple-scheduled-reports.sh: line 16: node: command not found
Tue Jun 17 09:55:00 CDT 2025: NextJS server is running. Running scheduled reports check...
/Users/sim/Project2/scripts/../scripts/run-scheduled-reports-cron.sh: line 25: node: command not found
Tue Jun 17 09:56:00 CDT 2025: Running scheduled reports
Tue Jun 17 09:56:00 CDT 2025: Checking if NextJS server is running...
/Users/sim/Project2/scripts/../scripts/run-simple-scheduled-reports.sh: line 16: node: command not found
Tue Jun 17 09:56:00 CDT 2025: NextJS server is running. Running scheduled reports check...
/Users/sim/Project2/scripts/../scripts/run-scheduled-reports-cron.sh: line 25: node: command not found
Tue Jun 17 09:57:00 CDT 2025: Checking if NextJS server is running...
Tue Jun 17 09:57:00 CDT 2025: Running scheduled reports
/Users/sim/Project2/scripts/../scripts/run-simple-scheduled-reports.sh: line 16: node: command not found
Tue Jun 17 09:57:01 CDT 2025: NextJS server is running. Running scheduled reports check...
/Users/sim/Project2/scripts/../scripts/run-scheduled-reports-cron.sh: line 25: node: command not found
Tue Jun 17 09:58:00 CDT 2025: Checking if NextJS server is running...
Tue Jun 17 09:58:00 CDT 2025: Running scheduled reports
/Users/sim/Project2/scripts/../scripts/run-simple-scheduled-reports.sh: line 16: node: command not found
Tue Jun 17 09:58:00 CDT 2025: NextJS server is running. Running scheduled reports check...
/Users/sim/Project2/scripts/../scripts/run-scheduled-reports-cron.sh: line 25: node: command not found
Tue Jun 17 09:59:00 CDT 2025: Running scheduled reports
Tue Jun 17 09:59:00 CDT 2025: Checking if NextJS server is running...
/Users/sim/Project2/scripts/../scripts/run-simple-scheduled-reports.sh: line 16: node: command not found
Tue Jun 17 09:59:00 CDT 2025: NextJS server is running. Running scheduled reports check...
/Users/sim/Project2/scripts/../scripts/run-scheduled-reports-cron.sh: line 25: node: command not found
Tue Jun 17 10:00:00 CDT 2025: Checking if NextJS server is running...
Tue Jun 17 10:00:00 CDT 2025: Running scheduled reports
/Users/sim/Project2/scripts/../scripts/run-simple-scheduled-reports.sh: line 16: node: command not found
Tue Jun 17 10:00:00 CDT 2025: NextJS server is running. Running scheduled reports check...
/Users/sim/Project2/scripts/../scripts/run-scheduled-reports-cron.sh: line 25: node: command not found
Tue Jun 17 10:01:00 CDT 2025: Checking if NextJS server is running...
Tue Jun 17 10:01:00 CDT 2025: Running scheduled reports
/Users/sim/Project2/scripts/../scripts/run-simple-scheduled-reports.sh: line 16: node: command not found
Tue Jun 17 10:01:00 CDT 2025: NextJS server is running. Running scheduled reports check...
/Users/sim/Project2/scripts/../scripts/run-scheduled-reports-cron.sh: line 25: node: command not found
Tue Jun 17 10:02:00 CDT 2025: Running scheduled reports
Tue Jun 17 10:02:00 CDT 2025: Checking if NextJS server is running...
/Users/sim/Project2/scripts/../scripts/run-simple-scheduled-reports.sh: line 16: node: command not found
Tue Jun 17 10:02:00 CDT 2025: NextJS server is running. Running scheduled reports check...
/Users/sim/Project2/scripts/../scripts/run-scheduled-reports-cron.sh: line 25: node: command not found
Tue Jun 17 10:03:00 CDT 2025: Checking if NextJS server is running...
Tue Jun 17 10:03:00 CDT 2025: Running scheduled reports
/Users/sim/Project2/scripts/../scripts/run-simple-scheduled-reports.sh: line 16: node: command not found
Tue Jun 17 10:03:01 CDT 2025: NextJS server is running. Running scheduled reports check...
/Users/sim/Project2/scripts/../scripts/run-scheduled-reports-cron.sh: line 25: node: command not found
Tue Jun 17 10:04:00 CDT 2025: Checking if NextJS server is running...
Tue Jun 17 10:04:00 CDT 2025: Running scheduled reports
/Users/sim/Project2/scripts/../scripts/run-simple-scheduled-reports.sh: line 16: node: command not found
Tue Jun 17 10:04:00 CDT 2025: NextJS server is running. Running scheduled reports check...
/Users/sim/Project2/scripts/../scripts/run-scheduled-reports-cron.sh: line 25: node: command not found
Tue Jun 17 10:05:00 CDT 2025: Checking if NextJS server is running...
Tue Jun 17 10:05:00 CDT 2025: Running scheduled reports
/Users/sim/Project2/scripts/../scripts/run-simple-scheduled-reports.sh: line 16: node: command not found
Tue Jun 17 10:05:00 CDT 2025: NextJS server is running. Running scheduled reports check...
/Users/sim/Project2/scripts/../scripts/run-scheduled-reports-cron.sh: line 25: node: command not found
Tue Jun 17 10:06:00 CDT 2025: Running scheduled reports
Tue Jun 17 10:06:00 CDT 2025: Checking if NextJS server is running...
/Users/sim/Project2/scripts/../scripts/run-simple-scheduled-reports.sh: line 16: node: command not found
Tue Jun 17 10:06:00 CDT 2025: NextJS server is running. Running scheduled reports check...
/Users/sim/Project2/scripts/../scripts/run-scheduled-reports-cron.sh: line 25: node: command not found
Tue Jun 17 10:07:00 CDT 2025: Running scheduled reports
Tue Jun 17 10:07:00 CDT 2025: Checking if NextJS server is running...
/Users/sim/Project2/scripts/../scripts/run-simple-scheduled-reports.sh: line 16: node: command not found
Tue Jun 17 10:07:00 CDT 2025: NextJS server is running. Running scheduled reports check...
/Users/sim/Project2/scripts/../scripts/run-scheduled-reports-cron.sh: line 25: node: command not found
Tue Jun 17 10:08:00 CDT 2025: Checking if NextJS server is running...
Tue Jun 17 10:08:00 CDT 2025: Running scheduled reports
/Users/sim/Project2/scripts/../scripts/run-simple-scheduled-reports.sh: line 16: node: command not found
Tue Jun 17 10:08:00 CDT 2025: NextJS server is running. Running scheduled reports check...
/Users/sim/Project2/scripts/../scripts/run-scheduled-reports-cron.sh: line 25: node: command not found
Tue Jun 17 10:09:00 CDT 2025: Checking if NextJS server is running...
Tue Jun 17 10:09:00 CDT 2025: Running scheduled reports
/Users/sim/Project2/scripts/../scripts/run-simple-scheduled-reports.sh: line 16: node: command not found
Tue Jun 17 10:09:01 CDT 2025: NextJS server is running. Running scheduled reports check...
/Users/sim/Project2/scripts/../scripts/run-scheduled-reports-cron.sh: line 25: node: command not found
Tue Jun 17 10:10:00 CDT 2025: Checking if NextJS server is running...
Tue Jun 17 10:10:00 CDT 2025: Running scheduled reports
/Users/sim/Project2/scripts/../scripts/run-simple-scheduled-reports.sh: line 16: node: command not found
Tue Jun 17 10:10:00 CDT 2025: NextJS server is running. Running scheduled reports check...
/Users/sim/Project2/scripts/../scripts/run-scheduled-reports-cron.sh: line 25: node: command not found
Tue Jun 17 10:11:00 CDT 2025: Running scheduled reports
Tue Jun 17 10:11:00 CDT 2025: Checking if NextJS server is running...
/Users/sim/Project2/scripts/../scripts/run-simple-scheduled-reports.sh: line 16: node: command not found
Tue Jun 17 10:11:00 CDT 2025: NextJS server is running. Running scheduled reports check...
/Users/sim/Project2/scripts/../scripts/run-scheduled-reports-cron.sh: line 25: node: command not found
Tue Jun 17 10:12:00 CDT 2025: Running scheduled reports
Tue Jun 17 10:12:00 CDT 2025: Checking if NextJS server is running...
/Users/sim/Project2/scripts/../scripts/run-simple-scheduled-reports.sh: line 16: node: command not found
Tue Jun 17 10:12:00 CDT 2025: NextJS server is running. Running scheduled reports check...
/Users/sim/Project2/scripts/../scripts/run-scheduled-reports-cron.sh: line 25: node: command not found
Tue Jun 17 10:13:00 CDT 2025: Checking if NextJS server is running...
Tue Jun 17 10:13:00 CDT 2025: Running scheduled reports
/Users/sim/Project2/scripts/../scripts/run-simple-scheduled-reports.sh: line 16: node: command not found
Tue Jun 17 10:13:00 CDT 2025: NextJS server is running. Running scheduled reports check...
/Users/sim/Project2/scripts/../scripts/run-scheduled-reports-cron.sh: line 25: node: command not found
Tue Jun 17 10:14:01 CDT 2025: Checking if NextJS server is running...
Tue Jun 17 10:14:01 CDT 2025: Running scheduled reports
/Users/sim/Project2/scripts/../scripts/run-simple-scheduled-reports.sh: line 16: node: command not found
Tue Jun 17 10:14:01 CDT 2025: NextJS server is running. Running scheduled reports check...
/Users/sim/Project2/scripts/../scripts/run-scheduled-reports-cron.sh: line 25: node: command not found
Tue Jun 17 10:15:01 CDT 2025: Running scheduled reports
Tue Jun 17 10:15:01 CDT 2025: Checking if NextJS server is running...
/Users/sim/Project2/scripts/../scripts/run-simple-scheduled-reports.sh: line 16: node: command not found
Tue Jun 17 10:15:01 CDT 2025: NextJS server is running. Running scheduled reports check...
/Users/sim/Project2/scripts/../scripts/run-scheduled-reports-cron.sh: line 25: node: command not found
Tue Jun 17 10:16:00 CDT 2025: Running scheduled reports
Tue Jun 17 10:16:00 CDT 2025: Checking if NextJS server is running...
/Users/sim/Project2/scripts/../scripts/run-simple-scheduled-reports.sh: line 16: node: command not found
Tue Jun 17 10:16:00 CDT 2025: NextJS server is running. Running scheduled reports check...
/Users/sim/Project2/scripts/../scripts/run-scheduled-reports-cron.sh: line 25: node: command not found
Tue Jun 17 10:17:00 CDT 2025: Running scheduled reports
Tue Jun 17 10:17:00 CDT 2025: Checking if NextJS server is running...
/Users/sim/Project2/scripts/../scripts/run-simple-scheduled-reports.sh: line 16: node: command not found
Tue Jun 17 10:17:00 CDT 2025: NextJS server is running. Running scheduled reports check...
/Users/sim/Project2/scripts/../scripts/run-scheduled-reports-cron.sh: line 25: node: command not found
Tue Jun 17 10:18:00 CDT 2025: Running scheduled reports
Tue Jun 17 10:18:00 CDT 2025: Checking if NextJS server is running...
/Users/sim/Project2/scripts/../scripts/run-simple-scheduled-reports.sh: line 16: node: command not found
Tue Jun 17 10:18:00 CDT 2025: NextJS server is running. Running scheduled reports check...
/Users/sim/Project2/scripts/../scripts/run-scheduled-reports-cron.sh: line 25: node: command not found
Tue Jun 17 10:19:00 CDT 2025: Running scheduled reports
Tue Jun 17 10:19:00 CDT 2025: Checking if NextJS server is running...
/Users/sim/Project2/scripts/../scripts/run-simple-scheduled-reports.sh: line 16: node: command not found
Tue Jun 17 10:19:00 CDT 2025: NextJS server is running. Running scheduled reports check...
/Users/sim/Project2/scripts/../scripts/run-scheduled-reports-cron.sh: line 25: node: command not found
Tue Jun 17 10:20:00 CDT 2025: Checking if NextJS server is running...
Tue Jun 17 10:20:00 CDT 2025: Running scheduled reports
/Users/sim/Project2/scripts/../scripts/run-simple-scheduled-reports.sh: line 16: node: command not found
Tue Jun 17 10:20:01 CDT 2025: NextJS server is running. Running scheduled reports check...
/Users/sim/Project2/scripts/../scripts/run-scheduled-reports-cron.sh: line 25: node: command not found
Tue Jun 17 10:21:00 CDT 2025: Checking if NextJS server is running...
Tue Jun 17 10:21:00 CDT 2025: Running scheduled reports
/Users/sim/Project2/scripts/../scripts/run-simple-scheduled-reports.sh: line 16: node: command not found
Tue Jun 17 10:21:00 CDT 2025: NextJS server is running. Running scheduled reports check...
/Users/sim/Project2/scripts/../scripts/run-scheduled-reports-cron.sh: line 25: node: command not found
Tue Jun 17 10:22:00 CDT 2025: Running scheduled reports
Tue Jun 17 10:22:00 CDT 2025: Checking if NextJS server is running...
/Users/sim/Project2/scripts/../scripts/run-simple-scheduled-reports.sh: line 16: node: command not found
Tue Jun 17 10:22:00 CDT 2025: NextJS server is running. Running scheduled reports check...
/Users/sim/Project2/scripts/../scripts/run-scheduled-reports-cron.sh: line 25: node: command not found
Tue Jun 17 10:23:00 CDT 2025: Running scheduled reports
Tue Jun 17 10:23:00 CDT 2025: Checking if NextJS server is running...
/Users/sim/Project2/scripts/../scripts/run-simple-scheduled-reports.sh: line 16: node: command not found
Tue Jun 17 10:23:00 CDT 2025: NextJS server is running. Running scheduled reports check...
/Users/sim/Project2/scripts/../scripts/run-scheduled-reports-cron.sh: line 25: node: command not found
Tue Jun 17 10:24:00 CDT 2025: Checking if NextJS server is running...
Tue Jun 17 10:24:00 CDT 2025: Running scheduled reports
/Users/sim/Project2/scripts/../scripts/run-simple-scheduled-reports.sh: line 16: node: command not found
Tue Jun 17 10:24:00 CDT 2025: NextJS server is running. Running scheduled reports check...
/Users/sim/Project2/scripts/../scripts/run-scheduled-reports-cron.sh: line 25: node: command not found
Tue Jun 17 10:25:00 CDT 2025: Running scheduled reports
Tue Jun 17 10:25:00 CDT 2025: Checking if NextJS server is running...
/Users/sim/Project2/scripts/../scripts/run-simple-scheduled-reports.sh: line 16: node: command not found
Tue Jun 17 10:25:00 CDT 2025: NextJS server is running. Running scheduled reports check...
/Users/sim/Project2/scripts/../scripts/run-scheduled-reports-cron.sh: line 25: node: command not found
Tue Jun 17 10:26:01 CDT 2025: Checking if NextJS server is running...
Tue Jun 17 10:26:01 CDT 2025: Running scheduled reports
/Users/sim/Project2/scripts/../scripts/run-simple-scheduled-reports.sh: line 16: node: command not found
Tue Jun 17 10:26:01 CDT 2025: NextJS server is running. Running scheduled reports check...
/Users/sim/Project2/scripts/../scripts/run-scheduled-reports-cron.sh: line 25: node: command not found
Tue Jun 17 10:27:00 CDT 2025: Running scheduled reports
Tue Jun 17 10:27:00 CDT 2025: Checking if NextJS server is running...
/Users/sim/Project2/scripts/../scripts/run-simple-scheduled-reports.sh: line 16: node: command not found
Tue Jun 17 10:27:00 CDT 2025: NextJS server is running. Running scheduled reports check...
/Users/sim/Project2/scripts/../scripts/run-scheduled-reports-cron.sh: line 25: node: command not found
Tue Jun 17 10:28:00 CDT 2025: Checking if NextJS server is running...
Tue Jun 17 10:28:00 CDT 2025: Running scheduled reports
/Users/sim/Project2/scripts/../scripts/run-simple-scheduled-reports.sh: line 16: node: command not found
Tue Jun 17 10:28:00 CDT 2025: NextJS server is running. Running scheduled reports check...
/Users/sim/Project2/scripts/../scripts/run-scheduled-reports-cron.sh: line 25: node: command not found
Tue Jun 17 10:29:00 CDT 2025: Checking if NextJS server is running...
Tue Jun 17 10:29:00 CDT 2025: Running scheduled reports
/Users/sim/Project2/scripts/../scripts/run-simple-scheduled-reports.sh: line 16: node: command not found
Tue Jun 17 10:29:00 CDT 2025: NextJS server is running. Running scheduled reports check...
/Users/sim/Project2/scripts/../scripts/run-scheduled-reports-cron.sh: line 25: node: command not found
Tue Jun 17 10:30:00 CDT 2025: Checking if NextJS server is running...
Tue Jun 17 10:30:00 CDT 2025: Running scheduled reports
/Users/sim/Project2/scripts/../scripts/run-simple-scheduled-reports.sh: line 16: node: command not found
Tue Jun 17 10:30:00 CDT 2025: NextJS server is running. Running scheduled reports check...
/Users/sim/Project2/scripts/../scripts/run-scheduled-reports-cron.sh: line 25: node: command not found
Tue Jun 17 10:31:00 CDT 2025: Checking if NextJS server is running...
Tue Jun 17 10:31:00 CDT 2025: Running scheduled reports
/Users/sim/Project2/scripts/../scripts/run-simple-scheduled-reports.sh: line 16: node: command not found
Tue Jun 17 10:31:01 CDT 2025: NextJS server is running. Running scheduled reports check...
/Users/sim/Project2/scripts/../scripts/run-scheduled-reports-cron.sh: line 25: node: command not found
Tue Jun 17 10:32:00 CDT 2025: Checking if NextJS server is running...
Tue Jun 17 10:32:00 CDT 2025: Running scheduled reports
/Users/sim/Project2/scripts/../scripts/run-simple-scheduled-reports.sh: line 16: node: command not found
Tue Jun 17 10:32:00 CDT 2025: NextJS server is running. Running scheduled reports check...
/Users/sim/Project2/scripts/../scripts/run-scheduled-reports-cron.sh: line 25: node: command not found
Tue Jun 17 10:33:00 CDT 2025: Checking if NextJS server is running...
Tue Jun 17 10:33:00 CDT 2025: Running scheduled reports
/Users/sim/Project2/scripts/../scripts/run-simple-scheduled-reports.sh: line 16: node: command not found
Tue Jun 17 10:33:00 CDT 2025: NextJS server is running. Running scheduled reports check...
/Users/sim/Project2/scripts/../scripts/run-scheduled-reports-cron.sh: line 25: node: command not found
Tue Jun 17 10:34:00 CDT 2025: Running scheduled reports
Tue Jun 17 10:34:00 CDT 2025: Checking if NextJS server is running...
/Users/sim/Project2/scripts/../scripts/run-simple-scheduled-reports.sh: line 16: node: command not found
Tue Jun 17 10:34:00 CDT 2025: NextJS server is running. Running scheduled reports check...
/Users/sim/Project2/scripts/../scripts/run-scheduled-reports-cron.sh: line 25: node: command not found
Tue Jun 17 10:35:01 CDT 2025: Running scheduled reports
Tue Jun 17 10:35:01 CDT 2025: Checking if NextJS server is running...
/Users/sim/Project2/scripts/../scripts/run-simple-scheduled-reports.sh: line 16: node: command not found
Tue Jun 17 10:35:01 CDT 2025: NextJS server is running. Running scheduled reports check...
/Users/sim/Project2/scripts/../scripts/run-scheduled-reports-cron.sh: line 25: node: command not found
Tue Jun 17 10:36:00 CDT 2025: Running scheduled reports
Tue Jun 17 10:36:00 CDT 2025: Checking if NextJS server is running...
/Users/sim/Project2/scripts/../scripts/run-simple-scheduled-reports.sh: line 16: node: command not found
Tue Jun 17 10:36:00 CDT 2025: NextJS server is running. Running scheduled reports check...
/Users/sim/Project2/scripts/../scripts/run-scheduled-reports-cron.sh: line 25: node: command not found
Tue Jun 17 10:37:00 CDT 2025: Checking if NextJS server is running...
Tue Jun 17 10:37:00 CDT 2025: Running scheduled reports
/Users/sim/Project2/scripts/../scripts/run-simple-scheduled-reports.sh: line 16: node: command not found
Tue Jun 17 10:37:00 CDT 2025: NextJS server is running. Running scheduled reports check...
/Users/sim/Project2/scripts/../scripts/run-scheduled-reports-cron.sh: line 25: node: command not found
Tue Jun 17 10:38:00 CDT 2025: Checking if NextJS server is running...
Tue Jun 17 10:38:00 CDT 2025: Running scheduled reports
/Users/sim/Project2/scripts/../scripts/run-simple-scheduled-reports.sh: line 16: node: command not found
Tue Jun 17 10:38:00 CDT 2025: NextJS server is running. Running scheduled reports check...
/Users/sim/Project2/scripts/../scripts/run-scheduled-reports-cron.sh: line 25: node: command not found
Tue Jun 17 10:39:00 CDT 2025: Running scheduled reports
Tue Jun 17 10:39:00 CDT 2025: Checking if NextJS server is running...
/Users/sim/Project2/scripts/../scripts/run-simple-scheduled-reports.sh: line 16: node: command not found
Tue Jun 17 10:39:00 CDT 2025: NextJS server is running. Running scheduled reports check...
/Users/sim/Project2/scripts/../scripts/run-scheduled-reports-cron.sh: line 25: node: command not found
Tue Jun 17 10:40:01 CDT 2025: Running scheduled reports
Tue Jun 17 10:40:01 CDT 2025: Checking if NextJS server is running...
/Users/sim/Project2/scripts/../scripts/run-simple-scheduled-reports.sh: line 16: node: command not found
Tue Jun 17 10:40:01 CDT 2025: NextJS server is running. Running scheduled reports check...
/Users/sim/Project2/scripts/../scripts/run-scheduled-reports-cron.sh: line 25: node: command not found
Tue Jun 17 10:41:00 CDT 2025: Running scheduled reports
Tue Jun 17 10:41:00 CDT 2025: Checking if NextJS server is running...
/Users/sim/Project2/scripts/../scripts/run-simple-scheduled-reports.sh: line 16: node: command not found
Tue Jun 17 10:41:00 CDT 2025: NextJS server is running. Running scheduled reports check...
/Users/sim/Project2/scripts/../scripts/run-scheduled-reports-cron.sh: line 25: node: command not found
Tue Jun 17 10:42:00 CDT 2025: Checking if NextJS server is running...
Tue Jun 17 10:42:00 CDT 2025: Running scheduled reports
/Users/sim/Project2/scripts/../scripts/run-simple-scheduled-reports.sh: line 16: node: command not found
Tue Jun 17 10:42:00 CDT 2025: NextJS server is running. Running scheduled reports check...
/Users/sim/Project2/scripts/../scripts/run-scheduled-reports-cron.sh: line 25: node: command not found
Tue Jun 17 10:43:00 CDT 2025: Running scheduled reports
Tue Jun 17 10:43:00 CDT 2025: Checking if NextJS server is running...
/Users/sim/Project2/scripts/../scripts/run-simple-scheduled-reports.sh: line 16: node: command not found
Tue Jun 17 10:43:00 CDT 2025: NextJS server is running. Running scheduled reports check...
/Users/sim/Project2/scripts/../scripts/run-scheduled-reports-cron.sh: line 25: node: command not found
Tue Jun 17 10:44:00 CDT 2025: Checking if NextJS server is running...
Tue Jun 17 10:44:00 CDT 2025: Running scheduled reports
/Users/sim/Project2/scripts/../scripts/run-simple-scheduled-reports.sh: line 16: node: command not found
Tue Jun 17 10:44:00 CDT 2025: NextJS server is running. Running scheduled reports check...
/Users/sim/Project2/scripts/../scripts/run-scheduled-reports-cron.sh: line 25: node: command not found
Tue Jun 17 10:45:01 CDT 2025: Checking if NextJS server is running...
Tue Jun 17 10:45:01 CDT 2025: Running scheduled reports
/Users/sim/Project2/scripts/../scripts/run-simple-scheduled-reports.sh: line 16: node: command not found
Tue Jun 17 10:45:01 CDT 2025: NextJS server is running. Running scheduled reports check...
/Users/sim/Project2/scripts/../scripts/run-scheduled-reports-cron.sh: line 25: node: command not found
Tue Jun 17 10:46:00 CDT 2025: Checking if NextJS server is running...
Tue Jun 17 10:46:00 CDT 2025: Running scheduled reports
/Users/sim/Project2/scripts/../scripts/run-simple-scheduled-reports.sh: line 16: node: command not found
Tue Jun 17 10:46:02 CDT 2025: NextJS server is running. Running scheduled reports check...
/Users/sim/Project2/scripts/../scripts/run-scheduled-reports-cron.sh: line 25: node: command not found
Tue Jun 17 10:47:00 CDT 2025: Checking if NextJS server is running...
Tue Jun 17 10:47:00 CDT 2025: Running scheduled reports
/Users/sim/Project2/scripts/../scripts/run-simple-scheduled-reports.sh: line 16: node: command not found
Tue Jun 17 10:47:01 CDT 2025: NextJS server is running. Running scheduled reports check...
/Users/sim/Project2/scripts/../scripts/run-scheduled-reports-cron.sh: line 25: node: command not found
Tue Jun 17 10:48:00 CDT 2025: Checking if NextJS server is running...
Tue Jun 17 10:48:00 CDT 2025: Running scheduled reports
/Users/sim/Project2/scripts/../scripts/run-simple-scheduled-reports.sh: line 16: node: command not found
Tue Jun 17 10:48:00 CDT 2025: NextJS server is running. Running scheduled reports check...
/Users/sim/Project2/scripts/../scripts/run-scheduled-reports-cron.sh: line 25: node: command not found
Tue Jun 17 10:49:00 CDT 2025: Running scheduled reports
Tue Jun 17 10:49:00 CDT 2025: Checking if NextJS server is running...
/Users/sim/Project2/scripts/../scripts/run-simple-scheduled-reports.sh: line 16: node: command not found
Tue Jun 17 10:49:00 CDT 2025: NextJS server is running. Running scheduled reports check...
/Users/sim/Project2/scripts/../scripts/run-scheduled-reports-cron.sh: line 25: node: command not found
Tue Jun 17 10:50:00 CDT 2025: Running scheduled reports
Tue Jun 17 10:50:00 CDT 2025: Checking if NextJS server is running...
/Users/sim/Project2/scripts/../scripts/run-simple-scheduled-reports.sh: line 16: node: command not found
Tue Jun 17 10:50:00 CDT 2025: NextJS server is running. Running scheduled reports check...
/Users/sim/Project2/scripts/../scripts/run-scheduled-reports-cron.sh: line 25: node: command not found
Tue Jun 17 10:51:00 CDT 2025: Running scheduled reports
Tue Jun 17 10:51:00 CDT 2025: Checking if NextJS server is running...
/Users/sim/Project2/scripts/../scripts/run-simple-scheduled-reports.sh: line 16: node: command not found
Tue Jun 17 10:51:00 CDT 2025: NextJS server is running. Running scheduled reports check...
/Users/sim/Project2/scripts/../scripts/run-scheduled-reports-cron.sh: line 25: node: command not found
Tue Jun 17 10:52:00 CDT 2025: Running scheduled reports
Tue Jun 17 10:52:00 CDT 2025: Checking if NextJS server is running...
/Users/sim/Project2/scripts/../scripts/run-simple-scheduled-reports.sh: line 16: node: command not found
Tue Jun 17 10:52:00 CDT 2025: NextJS server is running. Running scheduled reports check...
/Users/sim/Project2/scripts/../scripts/run-scheduled-reports-cron.sh: line 25: node: command not found
Tue Jun 17 10:53:01 CDT 2025: Checking if NextJS server is running...
Tue Jun 17 10:53:01 CDT 2025: Running scheduled reports
/Users/sim/Project2/scripts/../scripts/run-simple-scheduled-reports.sh: line 16: node: command not found
Tue Jun 17 10:53:01 CDT 2025: NextJS server is running. Running scheduled reports check...
/Users/sim/Project2/scripts/../scripts/run-scheduled-reports-cron.sh: line 25: node: command not found
Tue Jun 17 10:54:00 CDT 2025: Checking if NextJS server is running...
Tue Jun 17 10:54:00 CDT 2025: Running scheduled reports
/Users/sim/Project2/scripts/../scripts/run-simple-scheduled-reports.sh: line 16: node: command not found
Tue Jun 17 10:54:00 CDT 2025: NextJS server is running. Running scheduled reports check...
/Users/sim/Project2/scripts/../scripts/run-scheduled-reports-cron.sh: line 25: node: command not found
Tue Jun 17 10:55:00 CDT 2025: Checking if NextJS server is running...
Tue Jun 17 10:55:00 CDT 2025: Running scheduled reports
/Users/sim/Project2/scripts/../scripts/run-simple-scheduled-reports.sh: line 16: node: command not found
Tue Jun 17 10:55:00 CDT 2025: NextJS server is not running. Skipping scheduled reports check.
Tue Jun 17 10:56:00 CDT 2025: Running scheduled reports
Tue Jun 17 10:56:00 CDT 2025: Checking if NextJS server is running...
/Users/sim/Project2/scripts/../scripts/run-simple-scheduled-reports.sh: line 16: node: command not found
Tue Jun 17 10:56:00 CDT 2025: NextJS server is not running. Skipping scheduled reports check.
Tue Jun 17 10:57:00 CDT 2025: Running scheduled reports
Tue Jun 17 10:57:00 CDT 2025: Checking if NextJS server is running...
/Users/sim/Project2/scripts/../scripts/run-simple-scheduled-reports.sh: line 16: node: command not found
Tue Jun 17 10:57:00 CDT 2025: NextJS server is not running. Skipping scheduled reports check.
Tue Jun 17 10:58:00 CDT 2025: Running scheduled reports
Tue Jun 17 10:58:00 CDT 2025: Checking if NextJS server is running...
/Users/sim/Project2/scripts/../scripts/run-simple-scheduled-reports.sh: line 16: node: command not found
Tue Jun 17 10:58:00 CDT 2025: NextJS server is not running. Skipping scheduled reports check.
Tue Jun 17 10:59:01 CDT 2025: Checking if NextJS server is running...
Tue Jun 17 10:59:01 CDT 2025: Running scheduled reports
/Users/sim/Project2/scripts/../scripts/run-simple-scheduled-reports.sh: line 16: node: command not found
Tue Jun 17 10:59:01 CDT 2025: NextJS server is not running. Skipping scheduled reports check.
Tue Jun 17 11:00:00 CDT 2025: Running scheduled reports
Tue Jun 17 11:00:00 CDT 2025: Checking if NextJS server is running...
/Users/sim/Project2/scripts/../scripts/run-simple-scheduled-reports.sh: line 16: node: command not found
Tue Jun 17 11:00:00 CDT 2025: NextJS server is not running. Skipping scheduled reports check.
Tue Jun 17 11:01:00 CDT 2025: Checking if NextJS server is running...
Tue Jun 17 11:01:00 CDT 2025: Running scheduled reports
/Users/sim/Project2/scripts/../scripts/run-simple-scheduled-reports.sh: line 16: node: command not found
Tue Jun 17 11:01:00 CDT 2025: NextJS server is not running. Skipping scheduled reports check.
Tue Jun 17 11:02:00 CDT 2025: Running scheduled reports
Tue Jun 17 11:02:00 CDT 2025: Checking if NextJS server is running...
/Users/sim/Project2/scripts/../scripts/run-simple-scheduled-reports.sh: line 16: node: command not found
Tue Jun 17 11:02:00 CDT 2025: NextJS server is running. Running scheduled reports check...
/Users/sim/Project2/scripts/../scripts/run-scheduled-reports-cron.sh: line 25: node: command not found
Tue Jun 17 11:03:00 CDT 2025: Checking if NextJS server is running...
Tue Jun 17 11:03:00 CDT 2025: Running scheduled reports
/Users/sim/Project2/scripts/../scripts/run-simple-scheduled-reports.sh: line 16: node: command not found
Tue Jun 17 11:03:00 CDT 2025: NextJS server is running. Running scheduled reports check...
/Users/sim/Project2/scripts/../scripts/run-scheduled-reports-cron.sh: line 25: node: command not found
Tue Jun 17 11:04:01 CDT 2025: Running scheduled reports
Tue Jun 17 11:04:01 CDT 2025: Checking if NextJS server is running...
/Users/sim/Project2/scripts/../scripts/run-simple-scheduled-reports.sh: line 16: node: command not found
Tue Jun 17 11:04:01 CDT 2025: NextJS server is running. Running scheduled reports check...
/Users/sim/Project2/scripts/../scripts/run-scheduled-reports-cron.sh: line 25: node: command not found
Tue Jun 17 11:05:00 CDT 2025: Checking if NextJS server is running...
Tue Jun 17 11:05:00 CDT 2025: Running scheduled reports
/Users/sim/Project2/scripts/../scripts/run-simple-scheduled-reports.sh: line 16: node: command not found
Tue Jun 17 11:05:00 CDT 2025: NextJS server is running. Running scheduled reports check...
/Users/sim/Project2/scripts/../scripts/run-scheduled-reports-cron.sh: line 25: node: command not found
Tue Jun 17 11:06:00 CDT 2025: Running scheduled reports
Tue Jun 17 11:06:00 CDT 2025: Checking if NextJS server is running...
/Users/sim/Project2/scripts/../scripts/run-simple-scheduled-reports.sh: line 16: node: command not found
Tue Jun 17 11:06:00 CDT 2025: NextJS server is running. Running scheduled reports check...
/Users/sim/Project2/scripts/../scripts/run-scheduled-reports-cron.sh: line 25: node: command not found
Tue Jun 17 11:07:00 CDT 2025: Running scheduled reports
Tue Jun 17 11:07:00 CDT 2025: Checking if NextJS server is running...
/Users/sim/Project2/scripts/../scripts/run-simple-scheduled-reports.sh: line 16: node: command not found
Tue Jun 17 11:07:00 CDT 2025: NextJS server is running. Running scheduled reports check...
/Users/sim/Project2/scripts/../scripts/run-scheduled-reports-cron.sh: line 25: node: command not found
Tue Jun 17 11:08:00 CDT 2025: Checking if NextJS server is running...
Tue Jun 17 11:08:00 CDT 2025: Running scheduled reports
/Users/sim/Project2/scripts/../scripts/run-simple-scheduled-reports.sh: line 16: node: command not found
Tue Jun 17 11:08:00 CDT 2025: NextJS server is running. Running scheduled reports check...
/Users/sim/Project2/scripts/../scripts/run-scheduled-reports-cron.sh: line 25: node: command not found
Tue Jun 17 11:09:00 CDT 2025: Running scheduled reports
Tue Jun 17 11:09:00 CDT 2025: Checking if NextJS server is running...
/Users/sim/Project2/scripts/../scripts/run-simple-scheduled-reports.sh: line 16: node: command not found
Tue Jun 17 11:09:00 CDT 2025: NextJS server is running. Running scheduled reports check...
/Users/sim/Project2/scripts/../scripts/run-scheduled-reports-cron.sh: line 25: node: command not found
Tue Jun 17 11:10:01 CDT 2025: Running scheduled reports
Tue Jun 17 11:10:01 CDT 2025: Checking if NextJS server is running...
/Users/sim/Project2/scripts/../scripts/run-simple-scheduled-reports.sh: line 16: node: command not found
Tue Jun 17 11:10:01 CDT 2025: NextJS server is running. Running scheduled reports check...
/Users/sim/Project2/scripts/../scripts/run-scheduled-reports-cron.sh: line 25: node: command not found
Tue Jun 17 11:11:00 CDT 2025: Checking if NextJS server is running...
Tue Jun 17 11:11:00 CDT 2025: Running scheduled reports
/Users/sim/Project2/scripts/../scripts/run-simple-scheduled-reports.sh: line 16: node: command not found
Tue Jun 17 11:11:00 CDT 2025: NextJS server is running. Running scheduled reports check...
/Users/sim/Project2/scripts/../scripts/run-scheduled-reports-cron.sh: line 25: node: command not found
Tue Jun 17 11:12:00 CDT 2025: Running scheduled reports
Tue Jun 17 11:12:00 CDT 2025: Checking if NextJS server is running...
/Users/sim/Project2/scripts/../scripts/run-simple-scheduled-reports.sh: line 16: node: command not found
Tue Jun 17 11:12:00 CDT 2025: NextJS server is running. Running scheduled reports check...
/Users/sim/Project2/scripts/../scripts/run-scheduled-reports-cron.sh: line 25: node: command not found
Tue Jun 17 11:13:00 CDT 2025: Running scheduled reports
Tue Jun 17 11:13:00 CDT 2025: Checking if NextJS server is running...
/Users/sim/Project2/scripts/../scripts/run-simple-scheduled-reports.sh: line 16: node: command not found
Tue Jun 17 11:13:00 CDT 2025: NextJS server is running. Running scheduled reports check...
/Users/sim/Project2/scripts/../scripts/run-scheduled-reports-cron.sh: line 25: node: command not found
Tue Jun 17 11:14:00 CDT 2025: Running scheduled reports
Tue Jun 17 11:14:00 CDT 2025: Checking if NextJS server is running...
/Users/sim/Project2/scripts/../scripts/run-simple-scheduled-reports.sh: line 16: node: command not found
Tue Jun 17 11:14:00 CDT 2025: NextJS server is running. Running scheduled reports check...
/Users/sim/Project2/scripts/../scripts/run-scheduled-reports-cron.sh: line 25: node: command not found
Tue Jun 17 11:15:00 CDT 2025: Running scheduled reports
Tue Jun 17 11:15:00 CDT 2025: Checking if NextJS server is running...
/Users/sim/Project2/scripts/../scripts/run-simple-scheduled-reports.sh: line 16: node: command not found
Tue Jun 17 11:15:00 CDT 2025: NextJS server is running. Running scheduled reports check...
/Users/sim/Project2/scripts/../scripts/run-scheduled-reports-cron.sh: line 25: node: command not found
Tue Jun 17 11:16:01 CDT 2025: Running scheduled reports
Tue Jun 17 11:16:01 CDT 2025: Checking if NextJS server is running...
/Users/sim/Project2/scripts/../scripts/run-simple-scheduled-reports.sh: line 16: node: command not found
Tue Jun 17 11:16:01 CDT 2025: NextJS server is running. Running scheduled reports check...
/Users/sim/Project2/scripts/../scripts/run-scheduled-reports-cron.sh: line 25: node: command not found
Tue Jun 17 11:17:00 CDT 2025: Running scheduled reports
Tue Jun 17 11:17:00 CDT 2025: Checking if NextJS server is running...
/Users/sim/Project2/scripts/../scripts/run-simple-scheduled-reports.sh: line 16: node: command not found
Tue Jun 17 11:17:00 CDT 2025: NextJS server is running. Running scheduled reports check...
/Users/sim/Project2/scripts/../scripts/run-scheduled-reports-cron.sh: line 25: node: command not found
Tue Jun 17 11:18:00 CDT 2025: Checking if NextJS server is running...
Tue Jun 17 11:18:00 CDT 2025: Running scheduled reports
/Users/sim/Project2/scripts/../scripts/run-simple-scheduled-reports.sh: line 16: node: command not found
Tue Jun 17 11:18:00 CDT 2025: NextJS server is running. Running scheduled reports check...
/Users/sim/Project2/scripts/../scripts/run-scheduled-reports-cron.sh: line 25: node: command not found
Tue Jun 17 11:19:00 CDT 2025: Running scheduled reports
Tue Jun 17 11:19:00 CDT 2025: Checking if NextJS server is running...
/Users/sim/Project2/scripts/../scripts/run-simple-scheduled-reports.sh: line 16: node: command not found
Tue Jun 17 11:19:00 CDT 2025: NextJS server is running. Running scheduled reports check...
/Users/sim/Project2/scripts/../scripts/run-scheduled-reports-cron.sh: line 25: node: command not found
Tue Jun 17 11:20:00 CDT 2025: Running scheduled reports
Tue Jun 17 11:20:00 CDT 2025: Checking if NextJS server is running...
/Users/sim/Project2/scripts/../scripts/run-simple-scheduled-reports.sh: line 16: node: command not found
Tue Jun 17 11:20:00 CDT 2025: NextJS server is running. Running scheduled reports check...
/Users/sim/Project2/scripts/../scripts/run-scheduled-reports-cron.sh: line 25: node: command not found
Tue Jun 17 11:21:00 CDT 2025: Running scheduled reports
Tue Jun 17 11:21:00 CDT 2025: Checking if NextJS server is running...
/Users/sim/Project2/scripts/../scripts/run-simple-scheduled-reports.sh: line 16: node: command not found
Tue Jun 17 11:21:00 CDT 2025: NextJS server is running. Running scheduled reports check...
/Users/sim/Project2/scripts/../scripts/run-scheduled-reports-cron.sh: line 25: node: command not found
Tue Jun 17 11:22:01 CDT 2025: Checking if NextJS server is running...
Tue Jun 17 11:22:01 CDT 2025: Running scheduled reports
/Users/sim/Project2/scripts/../scripts/run-simple-scheduled-reports.sh: line 16: node: command not found
Tue Jun 17 11:22:01 CDT 2025: NextJS server is running. Running scheduled reports check...
/Users/sim/Project2/scripts/../scripts/run-scheduled-reports-cron.sh: line 25: node: command not found
Tue Jun 17 11:23:00 CDT 2025: Checking if NextJS server is running...
Tue Jun 17 11:23:00 CDT 2025: Running scheduled reports
/Users/sim/Project2/scripts/../scripts/run-simple-scheduled-reports.sh: line 16: node: command not found
Tue Jun 17 11:23:00 CDT 2025: NextJS server is running. Running scheduled reports check...
/Users/sim/Project2/scripts/../scripts/run-scheduled-reports-cron.sh: line 25: node: command not found
Tue Jun 17 11:24:00 CDT 2025: Checking if NextJS server is running...
Tue Jun 17 11:24:00 CDT 2025: Running scheduled reports
/Users/sim/Project2/scripts/../scripts/run-simple-scheduled-reports.sh: line 16: node: command not found
Tue Jun 17 11:24:00 CDT 2025: NextJS server is running. Running scheduled reports check...
/Users/sim/Project2/scripts/../scripts/run-scheduled-reports-cron.sh: line 25: node: command not found
Tue Jun 17 11:25:00 CDT 2025: Checking if NextJS server is running...
Tue Jun 17 11:25:00 CDT 2025: Running scheduled reports
/Users/sim/Project2/scripts/../scripts/run-simple-scheduled-reports.sh: line 16: node: command not found
Tue Jun 17 11:25:00 CDT 2025: NextJS server is running. Running scheduled reports check...
/Users/sim/Project2/scripts/../scripts/run-scheduled-reports-cron.sh: line 25: node: command not found
Tue Jun 17 11:26:00 CDT 2025: Checking if NextJS server is running...
Tue Jun 17 11:26:00 CDT 2025: Running scheduled reports
/Users/sim/Project2/scripts/../scripts/run-simple-scheduled-reports.sh: line 16: node: command not found
Tue Jun 17 11:26:00 CDT 2025: NextJS server is running. Running scheduled reports check...
/Users/sim/Project2/scripts/../scripts/run-scheduled-reports-cron.sh: line 25: node: command not found
Tue Jun 17 11:27:01 CDT 2025: Checking if NextJS server is running...
Tue Jun 17 11:27:01 CDT 2025: Running scheduled reports
/Users/sim/Project2/scripts/../scripts/run-simple-scheduled-reports.sh: line 16: node: command not found
Tue Jun 17 11:27:01 CDT 2025: NextJS server is running. Running scheduled reports check...
/Users/sim/Project2/scripts/../scripts/run-scheduled-reports-cron.sh: line 25: node: command not found
Tue Jun 17 11:28:00 CDT 2025: Running scheduled reports
Tue Jun 17 11:28:00 CDT 2025: Checking if NextJS server is running...
/Users/sim/Project2/scripts/../scripts/run-simple-scheduled-reports.sh: line 16: node: command not found
Tue Jun 17 11:28:00 CDT 2025: NextJS server is running. Running scheduled reports check...
/Users/sim/Project2/scripts/../scripts/run-scheduled-reports-cron.sh: line 25: node: command not found
Tue Jun 17 11:29:00 CDT 2025: Running scheduled reports
Tue Jun 17 11:29:00 CDT 2025: Checking if NextJS server is running...
/Users/sim/Project2/scripts/../scripts/run-simple-scheduled-reports.sh: line 16: node: command not found
Tue Jun 17 11:29:00 CDT 2025: NextJS server is running. Running scheduled reports check...
/Users/sim/Project2/scripts/../scripts/run-scheduled-reports-cron.sh: line 25: node: command not found
Tue Jun 17 11:30:00 CDT 2025: Checking if NextJS server is running...
Tue Jun 17 11:30:00 CDT 2025: Running scheduled reports
/Users/sim/Project2/scripts/../scripts/run-simple-scheduled-reports.sh: line 16: node: command not found
Tue Jun 17 11:30:00 CDT 2025: NextJS server is running. Running scheduled reports check...
/Users/sim/Project2/scripts/../scripts/run-scheduled-reports-cron.sh: line 25: node: command not found
Tue Jun 17 11:31:00 CDT 2025: Running scheduled reports
Tue Jun 17 11:31:00 CDT 2025: Checking if NextJS server is running...
/Users/sim/Project2/scripts/../scripts/run-simple-scheduled-reports.sh: line 16: node: command not found
Tue Jun 17 11:31:00 CDT 2025: NextJS server is running. Running scheduled reports check...
/Users/sim/Project2/scripts/../scripts/run-scheduled-reports-cron.sh: line 25: node: command not found
Tue Jun 17 11:32:01 CDT 2025: Running scheduled reports
Tue Jun 17 11:32:01 CDT 2025: Checking if NextJS server is running...
/Users/sim/Project2/scripts/../scripts/run-simple-scheduled-reports.sh: line 16: node: command not found
Tue Jun 17 11:32:01 CDT 2025: NextJS server is running. Running scheduled reports check...
/Users/sim/Project2/scripts/../scripts/run-scheduled-reports-cron.sh: line 25: node: command not found
Tue Jun 17 11:33:00 CDT 2025: Checking if NextJS server is running...
Tue Jun 17 11:33:00 CDT 2025: Running scheduled reports
/Users/sim/Project2/scripts/../scripts/run-simple-scheduled-reports.sh: line 16: node: command not found
Tue Jun 17 11:33:00 CDT 2025: NextJS server is running. Running scheduled reports check...
/Users/sim/Project2/scripts/../scripts/run-scheduled-reports-cron.sh: line 25: node: command not found
Tue Jun 17 11:34:00 CDT 2025: Checking if NextJS server is running...
Tue Jun 17 11:34:00 CDT 2025: Running scheduled reports
/Users/sim/Project2/scripts/../scripts/run-simple-scheduled-reports.sh: line 16: node: command not found
Tue Jun 17 11:34:00 CDT 2025: NextJS server is running. Running scheduled reports check...
/Users/sim/Project2/scripts/../scripts/run-scheduled-reports-cron.sh: line 25: node: command not found
Tue Jun 17 11:35:00 CDT 2025: Checking if NextJS server is running...
Tue Jun 17 11:35:00 CDT 2025: Running scheduled reports
/Users/sim/Project2/scripts/../scripts/run-simple-scheduled-reports.sh: line 16: node: command not found
Tue Jun 17 11:35:00 CDT 2025: NextJS server is running. Running scheduled reports check...
/Users/sim/Project2/scripts/../scripts/run-scheduled-reports-cron.sh: line 25: node: command not found
Tue Jun 17 11:36:00 CDT 2025: Running scheduled reports
Tue Jun 17 11:36:00 CDT 2025: Checking if NextJS server is running...
/Users/sim/Project2/scripts/../scripts/run-simple-scheduled-reports.sh: line 16: node: command not found
Tue Jun 17 11:36:00 CDT 2025: NextJS server is running. Running scheduled reports check...
/Users/sim/Project2/scripts/../scripts/run-scheduled-reports-cron.sh: line 25: node: command not found
Tue Jun 17 11:37:01 CDT 2025: Running scheduled reports
Tue Jun 17 11:37:01 CDT 2025: Checking if NextJS server is running...
/Users/sim/Project2/scripts/../scripts/run-simple-scheduled-reports.sh: line 16: node: command not found
Tue Jun 17 11:37:01 CDT 2025: NextJS server is running. Running scheduled reports check...
/Users/sim/Project2/scripts/../scripts/run-scheduled-reports-cron.sh: line 25: node: command not found
Tue Jun 17 11:38:00 CDT 2025: Running scheduled reports
Tue Jun 17 11:38:00 CDT 2025: Checking if NextJS server is running...
/Users/sim/Project2/scripts/../scripts/run-simple-scheduled-reports.sh: line 16: node: command not found
Tue Jun 17 11:38:00 CDT 2025: NextJS server is running. Running scheduled reports check...
/Users/sim/Project2/scripts/../scripts/run-scheduled-reports-cron.sh: line 25: node: command not found
Tue Jun 17 11:39:00 CDT 2025: Checking if NextJS server is running...
Tue Jun 17 11:39:00 CDT 2025: Running scheduled reports
/Users/sim/Project2/scripts/../scripts/run-simple-scheduled-reports.sh: line 16: node: command not found
Tue Jun 17 11:39:00 CDT 2025: NextJS server is running. Running scheduled reports check...
/Users/sim/Project2/scripts/../scripts/run-scheduled-reports-cron.sh: line 25: node: command not found
Tue Jun 17 11:40:00 CDT 2025: Checking if NextJS server is running...
Tue Jun 17 11:40:00 CDT 2025: Running scheduled reports
/Users/sim/Project2/scripts/../scripts/run-simple-scheduled-reports.sh: line 16: node: command not found
Tue Jun 17 11:40:00 CDT 2025: NextJS server is running. Running scheduled reports check...
/Users/sim/Project2/scripts/../scripts/run-scheduled-reports-cron.sh: line 25: node: command not found
Tue Jun 17 11:41:00 CDT 2025: Running scheduled reports
Tue Jun 17 11:41:00 CDT 2025: Checking if NextJS server is running...
/Users/sim/Project2/scripts/../scripts/run-simple-scheduled-reports.sh: line 16: node: command not found
Tue Jun 17 11:41:00 CDT 2025: NextJS server is running. Running scheduled reports check...
/Users/sim/Project2/scripts/../scripts/run-scheduled-reports-cron.sh: line 25: node: command not found
Tue Jun 17 11:42:01 CDT 2025: Checking if NextJS server is running...
Tue Jun 17 11:42:01 CDT 2025: Running scheduled reports
/Users/sim/Project2/scripts/../scripts/run-simple-scheduled-reports.sh: line 16: node: command not found
Tue Jun 17 11:42:01 CDT 2025: NextJS server is not running. Skipping scheduled reports check.
Tue Jun 17 11:43:00 CDT 2025: Checking if NextJS server is running...
Tue Jun 17 11:43:00 CDT 2025: Running scheduled reports
/Users/sim/Project2/scripts/../scripts/run-simple-scheduled-reports.sh: line 16: node: command not found
Tue Jun 17 11:43:00 CDT 2025: NextJS server is not running. Skipping scheduled reports check.
Tue Jun 17 12:12:00 CDT 2025: Running scheduled reports
Tue Jun 17 12:12:00 CDT 2025: Checking if NextJS server is running...
/Users/sim/Project2/scripts/../scripts/run-simple-scheduled-reports.sh: line 16: node: command not found
Tue Jun 17 12:12:00 CDT 2025: NextJS server is not running. Skipping scheduled reports check.
Tue Jun 17 12:13:01 CDT 2025: Checking if NextJS server is running...
Tue Jun 17 12:13:01 CDT 2025: Running scheduled reports
/Users/sim/Project2/scripts/../scripts/run-simple-scheduled-reports.sh: line 16: node: command not found
Tue Jun 17 12:13:01 CDT 2025: NextJS server is not running. Skipping scheduled reports check.
Tue Jun 17 12:14:00 CDT 2025: Checking if NextJS server is running...
Tue Jun 17 12:14:00 CDT 2025: Running scheduled reports
/Users/sim/Project2/scripts/../scripts/run-simple-scheduled-reports.sh: line 16: node: command not found
Tue Jun 17 12:14:00 CDT 2025: NextJS server is not running. Skipping scheduled reports check.
Tue Jun 17 12:15:00 CDT 2025: Checking if NextJS server is running...
Tue Jun 17 12:15:00 CDT 2025: Running scheduled reports
/Users/sim/Project2/scripts/../scripts/run-simple-scheduled-reports.sh: line 16: node: command not found
Tue Jun 17 12:15:00 CDT 2025: NextJS server is not running. Skipping scheduled reports check.
Tue Jun 17 12:16:00 CDT 2025: Running scheduled reports
Tue Jun 17 12:16:00 CDT 2025: Checking if NextJS server is running...
/Users/sim/Project2/scripts/../scripts/run-simple-scheduled-reports.sh: line 16: node: command not found
Tue Jun 17 12:16:00 CDT 2025: NextJS server is not running. Skipping scheduled reports check.
Tue Jun 17 12:17:00 CDT 2025: Running scheduled reports
Tue Jun 17 12:17:00 CDT 2025: Checking if NextJS server is running...
/Users/sim/Project2/scripts/../scripts/run-simple-scheduled-reports.sh: line 16: node: command not found
Tue Jun 17 12:17:00 CDT 2025: NextJS server is not running. Skipping scheduled reports check.
Tue Jun 17 12:18:00 CDT 2025: Checking if NextJS server is running...
Tue Jun 17 12:18:00 CDT 2025: Running scheduled reports
/Users/sim/Project2/scripts/../scripts/run-simple-scheduled-reports.sh: line 16: node: command not found
Tue Jun 17 12:18:00 CDT 2025: NextJS server is not running. Skipping scheduled reports check.
Tue Jun 17 12:19:01 CDT 2025: Running scheduled reports
Tue Jun 17 12:19:01 CDT 2025: Checking if NextJS server is running...
/Users/sim/Project2/scripts/../scripts/run-simple-scheduled-reports.sh: line 16: node: command not found
Tue Jun 17 12:19:01 CDT 2025: NextJS server is not running. Skipping scheduled reports check.
Tue Jun 17 12:20:00 CDT 2025: Running scheduled reports
Tue Jun 17 12:20:00 CDT 2025: Checking if NextJS server is running...
/Users/sim/Project2/scripts/../scripts/run-simple-scheduled-reports.sh: line 16: node: command not found
Tue Jun 17 12:20:00 CDT 2025: NextJS server is not running. Skipping scheduled reports check.
Tue Jun 17 12:21:00 CDT 2025: Running scheduled reports
Tue Jun 17 12:21:00 CDT 2025: Checking if NextJS server is running...
/Users/sim/Project2/scripts/../scripts/run-simple-scheduled-reports.sh: line 16: node: command not found
Tue Jun 17 12:21:00 CDT 2025: NextJS server is not running. Skipping scheduled reports check.
Tue Jun 17 12:22:00 CDT 2025: Checking if NextJS server is running...
Tue Jun 17 12:22:00 CDT 2025: Running scheduled reports
/Users/sim/Project2/scripts/../scripts/run-simple-scheduled-reports.sh: line 16: node: command not found
Tue Jun 17 12:22:00 CDT 2025: NextJS server is not running. Skipping scheduled reports check.
Tue Jun 17 12:23:00 CDT 2025: Running scheduled reports
Tue Jun 17 12:23:00 CDT 2025: Checking if NextJS server is running...
/Users/sim/Project2/scripts/../scripts/run-simple-scheduled-reports.sh: line 16: node: command not found
Tue Jun 17 12:23:00 CDT 2025: NextJS server is not running. Skipping scheduled reports check.
Tue Jun 17 12:24:00 CDT 2025: Checking if NextJS server is running...
Tue Jun 17 12:24:00 CDT 2025: Running scheduled reports
/Users/sim/Project2/scripts/../scripts/run-simple-scheduled-reports.sh: line 16: node: command not found
Tue Jun 17 12:24:00 CDT 2025: NextJS server is not running. Skipping scheduled reports check.
Tue Jun 17 12:25:01 CDT 2025: Running scheduled reports
Tue Jun 17 12:25:01 CDT 2025: Checking if NextJS server is running...
/Users/sim/Project2/scripts/../scripts/run-simple-scheduled-reports.sh: line 16: node: command not found
Tue Jun 17 12:25:01 CDT 2025: NextJS server is not running. Skipping scheduled reports check.
Tue Jun 17 12:26:00 CDT 2025: Running scheduled reports
Tue Jun 17 12:26:00 CDT 2025: Checking if NextJS server is running...
/Users/sim/Project2/scripts/../scripts/run-simple-scheduled-reports.sh: line 16: node: command not found
Tue Jun 17 12:26:00 CDT 2025: NextJS server is not running. Skipping scheduled reports check.
Tue Jun 17 12:28:17 CDT 2025: Running scheduled reports
Tue Jun 17 12:28:17 CDT 2025: Checking if NextJS server is running...
/Users/sim/Project2/scripts/../scripts/run-simple-scheduled-reports.sh: line 16: node: command not found
Tue Jun 17 12:28:20 CDT 2025: NextJS server is running. Running scheduled reports check...
/Users/sim/Project2/scripts/../scripts/run-scheduled-reports-cron.sh: line 25: node: command not found
Tue Jun 17 12:29:01 CDT 2025: Running scheduled reports
Tue Jun 17 12:29:01 CDT 2025: Checking if NextJS server is running...
/Users/sim/Project2/scripts/../scripts/run-simple-scheduled-reports.sh: line 16: node: command not found
Tue Jun 17 12:29:01 CDT 2025: NextJS server is running. Running scheduled reports check...
/Users/sim/Project2/scripts/../scripts/run-scheduled-reports-cron.sh: line 25: node: command not found
Tue Jun 17 12:30:00 CDT 2025: Checking if NextJS server is running...
Tue Jun 17 12:30:00 CDT 2025: Running scheduled reports
/Users/sim/Project2/scripts/../scripts/run-simple-scheduled-reports.sh: line 16: node: command not found
Tue Jun 17 12:30:00 CDT 2025: NextJS server is running. Running scheduled reports check...
/Users/sim/Project2/scripts/../scripts/run-scheduled-reports-cron.sh: line 25: node: command not found
Tue Jun 17 12:31:00 CDT 2025: Checking if NextJS server is running...
Tue Jun 17 12:31:00 CDT 2025: Running scheduled reports
/Users/sim/Project2/scripts/../scripts/run-simple-scheduled-reports.sh: line 16: node: command not found
Tue Jun 17 12:31:00 CDT 2025: NextJS server is running. Running scheduled reports check...
/Users/sim/Project2/scripts/../scripts/run-scheduled-reports-cron.sh: line 25: node: command not found
Tue Jun 17 12:32:00 CDT 2025: Running scheduled reports
Tue Jun 17 12:32:00 CDT 2025: Checking if NextJS server is running...
/Users/sim/Project2/scripts/../scripts/run-simple-scheduled-reports.sh: line 16: node: command not found
Tue Jun 17 12:32:00 CDT 2025: NextJS server is running. Running scheduled reports check...
/Users/sim/Project2/scripts/../scripts/run-scheduled-reports-cron.sh: line 25: node: command not found
Tue Jun 17 12:33:00 CDT 2025: Running scheduled reports
Tue Jun 17 12:33:00 CDT 2025: Checking if NextJS server is running...
/Users/sim/Project2/scripts/../scripts/run-simple-scheduled-reports.sh: line 16: node: command not found
Tue Jun 17 12:33:00 CDT 2025: NextJS server is running. Running scheduled reports check...
/Users/sim/Project2/scripts/../scripts/run-scheduled-reports-cron.sh: line 25: node: command not found
Tue Jun 17 12:34:00 CDT 2025: Checking if NextJS server is running...
Tue Jun 17 12:34:00 CDT 2025: Running scheduled reports
/Users/sim/Project2/scripts/../scripts/run-simple-scheduled-reports.sh: line 16: node: command not found
Tue Jun 17 12:34:00 CDT 2025: NextJS server is running. Running scheduled reports check...
/Users/sim/Project2/scripts/../scripts/run-scheduled-reports-cron.sh: line 25: node: command not found
Tue Jun 17 12:35:01 CDT 2025: Checking if NextJS server is running...
Tue Jun 17 12:35:01 CDT 2025: Running scheduled reports
/Users/sim/Project2/scripts/../scripts/run-simple-scheduled-reports.sh: line 16: node: command not found
Tue Jun 17 12:35:01 CDT 2025: NextJS server is running. Running scheduled reports check...
/Users/sim/Project2/scripts/../scripts/run-scheduled-reports-cron.sh: line 25: node: command not found
Tue Jun 17 12:36:00 CDT 2025: Running scheduled reports
Tue Jun 17 12:36:00 CDT 2025: Checking if NextJS server is running...
/Users/sim/Project2/scripts/../scripts/run-simple-scheduled-reports.sh: line 16: node: command not found
Tue Jun 17 12:36:00 CDT 2025: NextJS server is running. Running scheduled reports check...
/Users/sim/Project2/scripts/../scripts/run-scheduled-reports-cron.sh: line 25: node: command not found
Tue Jun 17 12:37:00 CDT 2025: Checking if NextJS server is running...
Tue Jun 17 12:37:00 CDT 2025: Running scheduled reports
/Users/sim/Project2/scripts/../scripts/run-simple-scheduled-reports.sh: line 16: node: command not found
Tue Jun 17 12:37:00 CDT 2025: NextJS server is running. Running scheduled reports check...
/Users/sim/Project2/scripts/../scripts/run-scheduled-reports-cron.sh: line 25: node: command not found
Tue Jun 17 12:38:00 CDT 2025: Running scheduled reports
Tue Jun 17 12:38:00 CDT 2025: Checking if NextJS server is running...
/Users/sim/Project2/scripts/../scripts/run-simple-scheduled-reports.sh: line 16: node: command not found
Tue Jun 17 12:38:00 CDT 2025: NextJS server is running. Running scheduled reports check...
/Users/sim/Project2/scripts/../scripts/run-scheduled-reports-cron.sh: line 25: node: command not found
Tue Jun 17 12:39:00 CDT 2025: Checking if NextJS server is running...
Tue Jun 17 12:39:00 CDT 2025: Running scheduled reports
/Users/sim/Project2/scripts/../scripts/run-simple-scheduled-reports.sh: line 16: node: command not found
Tue Jun 17 12:39:00 CDT 2025: NextJS server is running. Running scheduled reports check...
/Users/sim/Project2/scripts/../scripts/run-scheduled-reports-cron.sh: line 25: node: command not found
Tue Jun 17 12:40:00 CDT 2025: Running scheduled reports
Tue Jun 17 12:40:00 CDT 2025: Checking if NextJS server is running...
/Users/sim/Project2/scripts/../scripts/run-simple-scheduled-reports.sh: line 16: node: command not found
Tue Jun 17 12:40:00 CDT 2025: NextJS server is running. Running scheduled reports check...
/Users/sim/Project2/scripts/../scripts/run-scheduled-reports-cron.sh: line 25: node: command not found
Tue Jun 17 12:41:01 CDT 2025: Checking if NextJS server is running...
Tue Jun 17 12:41:01 CDT 2025: Running scheduled reports
/Users/sim/Project2/scripts/../scripts/run-simple-scheduled-reports.sh: line 16: node: command not found
Tue Jun 17 12:41:01 CDT 2025: NextJS server is running. Running scheduled reports check...
/Users/sim/Project2/scripts/../scripts/run-scheduled-reports-cron.sh: line 25: node: command not found
Tue Jun 17 12:42:00 CDT 2025: Checking if NextJS server is running...
Tue Jun 17 12:42:00 CDT 2025: Running scheduled reports
/Users/sim/Project2/scripts/../scripts/run-simple-scheduled-reports.sh: line 16: node: command not found
Tue Jun 17 12:42:00 CDT 2025: NextJS server is running. Running scheduled reports check...
/Users/sim/Project2/scripts/../scripts/run-scheduled-reports-cron.sh: line 25: node: command not found
Tue Jun 17 12:43:00 CDT 2025: Checking if NextJS server is running...
Tue Jun 17 12:43:00 CDT 2025: Running scheduled reports
/Users/sim/Project2/scripts/../scripts/run-simple-scheduled-reports.sh: line 16: node: command not found
Tue Jun 17 12:43:00 CDT 2025: NextJS server is running. Running scheduled reports check...
/Users/sim/Project2/scripts/../scripts/run-scheduled-reports-cron.sh: line 25: node: command not found
Tue Jun 17 12:44:00 CDT 2025: Running scheduled reports
Tue Jun 17 12:44:00 CDT 2025: Checking if NextJS server is running...
/Users/sim/Project2/scripts/../scripts/run-simple-scheduled-reports.sh: line 16: node: command not found
Tue Jun 17 12:44:00 CDT 2025: NextJS server is running. Running scheduled reports check...
/Users/sim/Project2/scripts/../scripts/run-scheduled-reports-cron.sh: line 25: node: command not found
Tue Jun 17 12:45:00 CDT 2025: Checking if NextJS server is running...
Tue Jun 17 12:45:00 CDT 2025: Running scheduled reports
/Users/sim/Project2/scripts/../scripts/run-simple-scheduled-reports.sh: line 16: node: command not found
Tue Jun 17 12:45:00 CDT 2025: NextJS server is running. Running scheduled reports check...
/Users/sim/Project2/scripts/../scripts/run-scheduled-reports-cron.sh: line 25: node: command not found
Tue Jun 17 12:46:00 CDT 2025: Running scheduled reports
Tue Jun 17 12:46:00 CDT 2025: Checking if NextJS server is running...
/Users/sim/Project2/scripts/../scripts/run-simple-scheduled-reports.sh: line 16: node: command not found
Tue Jun 17 12:46:00 CDT 2025: NextJS server is running. Running scheduled reports check...
/Users/sim/Project2/scripts/../scripts/run-scheduled-reports-cron.sh: line 25: node: command not found
Tue Jun 17 12:47:00 CDT 2025: Running scheduled reports
Tue Jun 17 12:47:00 CDT 2025: Checking if NextJS server is running...
/Users/sim/Project2/scripts/../scripts/run-simple-scheduled-reports.sh: line 16: node: command not found
Tue Jun 17 12:47:01 CDT 2025: NextJS server is running. Running scheduled reports check...
/Users/sim/Project2/scripts/../scripts/run-scheduled-reports-cron.sh: line 25: node: command not found
Tue Jun 17 12:48:00 CDT 2025: Checking if NextJS server is running...
Tue Jun 17 12:48:00 CDT 2025: Running scheduled reports
/Users/sim/Project2/scripts/../scripts/run-simple-scheduled-reports.sh: line 16: node: command not found
Tue Jun 17 12:48:00 CDT 2025: NextJS server is running. Running scheduled reports check...
/Users/sim/Project2/scripts/../scripts/run-scheduled-reports-cron.sh: line 25: node: command not found
Tue Jun 17 12:49:00 CDT 2025: Checking if NextJS server is running...
Tue Jun 17 12:49:00 CDT 2025: Running scheduled reports
/Users/sim/Project2/scripts/../scripts/run-simple-scheduled-reports.sh: line 16: node: command not found
Tue Jun 17 12:49:00 CDT 2025: NextJS server is running. Running scheduled reports check...
/Users/sim/Project2/scripts/../scripts/run-scheduled-reports-cron.sh: line 25: node: command not found
Tue Jun 17 12:50:00 CDT 2025: Checking if NextJS server is running...
Tue Jun 17 12:50:00 CDT 2025: Running scheduled reports
/Users/sim/Project2/scripts/../scripts/run-simple-scheduled-reports.sh: line 16: node: command not found
Tue Jun 17 12:50:00 CDT 2025: NextJS server is running. Running scheduled reports check...
/Users/sim/Project2/scripts/../scripts/run-scheduled-reports-cron.sh: line 25: node: command not found
Tue Jun 17 12:51:00 CDT 2025: Checking if NextJS server is running...
Tue Jun 17 12:51:00 CDT 2025: Running scheduled reports
/Users/sim/Project2/scripts/../scripts/run-simple-scheduled-reports.sh: line 16: node: command not found
Tue Jun 17 12:51:00 CDT 2025: NextJS server is running. Running scheduled reports check...
/Users/sim/Project2/scripts/../scripts/run-scheduled-reports-cron.sh: line 25: node: command not found
Tue Jun 17 12:52:01 CDT 2025: Checking if NextJS server is running...
Tue Jun 17 12:52:01 CDT 2025: Running scheduled reports
/Users/sim/Project2/scripts/../scripts/run-simple-scheduled-reports.sh: line 16: node: command not found
Tue Jun 17 12:52:01 CDT 2025: NextJS server is running. Running scheduled reports check...
/Users/sim/Project2/scripts/../scripts/run-scheduled-reports-cron.sh: line 25: node: command not found
Tue Jun 17 12:53:00 CDT 2025: Checking if NextJS server is running...
Tue Jun 17 12:53:00 CDT 2025: Running scheduled reports
/Users/sim/Project2/scripts/../scripts/run-simple-scheduled-reports.sh: line 16: node: command not found
Tue Jun 17 12:53:00 CDT 2025: NextJS server is running. Running scheduled reports check...
/Users/sim/Project2/scripts/../scripts/run-scheduled-reports-cron.sh: line 25: node: command not found
Tue Jun 17 12:54:00 CDT 2025: Running scheduled reports
Tue Jun 17 12:54:00 CDT 2025: Checking if NextJS server is running...
/Users/sim/Project2/scripts/../scripts/run-simple-scheduled-reports.sh: line 16: node: command not found
Tue Jun 17 12:54:00 CDT 2025: NextJS server is running. Running scheduled reports check...
/Users/sim/Project2/scripts/../scripts/run-scheduled-reports-cron.sh: line 25: node: command not found
Tue Jun 17 12:55:00 CDT 2025: Running scheduled reports
Tue Jun 17 12:55:00 CDT 2025: Checking if NextJS server is running...
/Users/sim/Project2/scripts/../scripts/run-simple-scheduled-reports.sh: line 16: node: command not found
Tue Jun 17 12:55:00 CDT 2025: NextJS server is running. Running scheduled reports check...
/Users/sim/Project2/scripts/../scripts/run-scheduled-reports-cron.sh: line 25: node: command not found
Tue Jun 17 12:56:01 CDT 2025: Running scheduled reports
Tue Jun 17 12:56:01 CDT 2025: Checking if NextJS server is running...
/Users/sim/Project2/scripts/../scripts/run-simple-scheduled-reports.sh: line 16: node: command not found
Tue Jun 17 12:56:01 CDT 2025: NextJS server is running. Running scheduled reports check...
/Users/sim/Project2/scripts/../scripts/run-scheduled-reports-cron.sh: line 25: node: command not found
Tue Jun 17 12:57:00 CDT 2025: Checking if NextJS server is running...
Tue Jun 17 12:57:00 CDT 2025: Running scheduled reports
/Users/sim/Project2/scripts/../scripts/run-simple-scheduled-reports.sh: line 16: node: command not found
Tue Jun 17 12:57:00 CDT 2025: NextJS server is running. Running scheduled reports check...
/Users/sim/Project2/scripts/../scripts/run-scheduled-reports-cron.sh: line 25: node: command not found
Tue Jun 17 12:58:00 CDT 2025: Checking if NextJS server is running...
Tue Jun 17 12:58:00 CDT 2025: Running scheduled reports
/Users/sim/Project2/scripts/../scripts/run-simple-scheduled-reports.sh: line 16: node: command not found
Tue Jun 17 12:58:00 CDT 2025: NextJS server is running. Running scheduled reports check...
/Users/sim/Project2/scripts/../scripts/run-scheduled-reports-cron.sh: line 25: node: command not found
Tue Jun 17 12:59:00 CDT 2025: Checking if NextJS server is running...
Tue Jun 17 12:59:00 CDT 2025: Running scheduled reports
/Users/sim/Project2/scripts/../scripts/run-simple-scheduled-reports.sh: line 16: node: command not found
Tue Jun 17 12:59:00 CDT 2025: NextJS server is running. Running scheduled reports check...
/Users/sim/Project2/scripts/../scripts/run-scheduled-reports-cron.sh: line 25: node: command not found
Tue Jun 17 13:00:00 CDT 2025: Running scheduled reports
Tue Jun 17 13:00:00 CDT 2025: Checking if NextJS server is running...
/Users/sim/Project2/scripts/../scripts/run-simple-scheduled-reports.sh: line 16: node: command not found
Tue Jun 17 13:00:00 CDT 2025: NextJS server is running. Running scheduled reports check...
/Users/sim/Project2/scripts/../scripts/run-scheduled-reports-cron.sh: line 25: node: command not found
Tue Jun 17 13:01:01 CDT 2025: Running scheduled reports
Tue Jun 17 13:01:01 CDT 2025: Checking if NextJS server is running...
/Users/sim/Project2/scripts/../scripts/run-simple-scheduled-reports.sh: line 16: node: command not found
Tue Jun 17 13:01:01 CDT 2025: NextJS server is running. Running scheduled reports check...
/Users/sim/Project2/scripts/../scripts/run-scheduled-reports-cron.sh: line 25: node: command not found
Tue Jun 17 13:02:00 CDT 2025: Running scheduled reports
Tue Jun 17 13:02:00 CDT 2025: Checking if NextJS server is running...
/Users/sim/Project2/scripts/../scripts/run-simple-scheduled-reports.sh: line 16: node: command not found
Tue Jun 17 13:02:00 CDT 2025: NextJS server is running. Running scheduled reports check...
/Users/sim/Project2/scripts/../scripts/run-scheduled-reports-cron.sh: line 25: node: command not found
Tue Jun 17 13:03:00 CDT 2025: Running scheduled reports
Tue Jun 17 13:03:00 CDT 2025: Checking if NextJS server is running...
/Users/sim/Project2/scripts/../scripts/run-simple-scheduled-reports.sh: line 16: node: command not found
Tue Jun 17 13:03:00 CDT 2025: NextJS server is running. Running scheduled reports check...
/Users/sim/Project2/scripts/../scripts/run-scheduled-reports-cron.sh: line 25: node: command not found
Tue Jun 17 13:04:00 CDT 2025: Running scheduled reports
Tue Jun 17 13:04:00 CDT 2025: Checking if NextJS server is running...
/Users/sim/Project2/scripts/../scripts/run-simple-scheduled-reports.sh: line 16: node: command not found
Tue Jun 17 13:04:00 CDT 2025: NextJS server is running. Running scheduled reports check...
/Users/sim/Project2/scripts/../scripts/run-scheduled-reports-cron.sh: line 25: node: command not found
Tue Jun 17 13:05:00 CDT 2025: Checking if NextJS server is running...
Tue Jun 17 13:05:00 CDT 2025: Running scheduled reports
/Users/sim/Project2/scripts/../scripts/run-simple-scheduled-reports.sh: line 16: node: command not found
Tue Jun 17 13:05:00 CDT 2025: NextJS server is running. Running scheduled reports check...
/Users/sim/Project2/scripts/../scripts/run-scheduled-reports-cron.sh: line 25: node: command not found
Tue Jun 17 13:06:00 CDT 2025: Checking if NextJS server is running...
Tue Jun 17 13:06:00 CDT 2025: Running scheduled reports
/Users/sim/Project2/scripts/../scripts/run-simple-scheduled-reports.sh: line 16: node: command not found
Tue Jun 17 13:06:00 CDT 2025: NextJS server is running. Running scheduled reports check...
/Users/sim/Project2/scripts/../scripts/run-scheduled-reports-cron.sh: line 25: node: command not found
Tue Jun 17 13:07:01 CDT 2025: Checking if NextJS server is running...
Tue Jun 17 13:07:01 CDT 2025: Running scheduled reports
/Users/sim/Project2/scripts/../scripts/run-simple-scheduled-reports.sh: line 16: node: command not found
Tue Jun 17 13:07:01 CDT 2025: NextJS server is running. Running scheduled reports check...
/Users/sim/Project2/scripts/../scripts/run-scheduled-reports-cron.sh: line 25: node: command not found
Tue Jun 17 13:08:00 CDT 2025: Checking if NextJS server is running...
Tue Jun 17 13:08:00 CDT 2025: Running scheduled reports
/Users/sim/Project2/scripts/../scripts/run-simple-scheduled-reports.sh: line 16: node: command not found
Tue Jun 17 13:08:00 CDT 2025: NextJS server is running. Running scheduled reports check...
/Users/sim/Project2/scripts/../scripts/run-scheduled-reports-cron.sh: line 25: node: command not found
Tue Jun 17 13:09:00 CDT 2025: Checking if NextJS server is running...
Tue Jun 17 13:09:00 CDT 2025: Running scheduled reports
/Users/sim/Project2/scripts/../scripts/run-simple-scheduled-reports.sh: line 16: node: command not found
Tue Jun 17 13:09:00 CDT 2025: NextJS server is running. Running scheduled reports check...
/Users/sim/Project2/scripts/../scripts/run-scheduled-reports-cron.sh: line 25: node: command not found
Tue Jun 17 13:10:00 CDT 2025: Running scheduled reports
Tue Jun 17 13:10:00 CDT 2025: Checking if NextJS server is running...
/Users/sim/Project2/scripts/../scripts/run-simple-scheduled-reports.sh: line 16: node: command not found
Tue Jun 17 13:10:00 CDT 2025: NextJS server is running. Running scheduled reports check...
/Users/sim/Project2/scripts/../scripts/run-scheduled-reports-cron.sh: line 25: node: command not found
Tue Jun 17 13:11:00 CDT 2025: Checking if NextJS server is running...
Tue Jun 17 13:11:00 CDT 2025: Running scheduled reports
/Users/sim/Project2/scripts/../scripts/run-simple-scheduled-reports.sh: line 16: node: command not found
Tue Jun 17 13:11:00 CDT 2025: NextJS server is running. Running scheduled reports check...
/Users/sim/Project2/scripts/../scripts/run-scheduled-reports-cron.sh: line 25: node: command not found
Tue Jun 17 13:12:00 CDT 2025: Running scheduled reports
Tue Jun 17 13:12:00 CDT 2025: Checking if NextJS server is running...
/Users/sim/Project2/scripts/../scripts/run-simple-scheduled-reports.sh: line 16: node: command not found
Tue Jun 17 13:12:01 CDT 2025: NextJS server is running. Running scheduled reports check...
/Users/sim/Project2/scripts/../scripts/run-scheduled-reports-cron.sh: line 25: node: command not found
Tue Jun 17 13:13:00 CDT 2025: Running scheduled reports
Tue Jun 17 13:13:00 CDT 2025: Checking if NextJS server is running...
/Users/sim/Project2/scripts/../scripts/run-simple-scheduled-reports.sh: line 16: node: command not found
Tue Jun 17 13:13:00 CDT 2025: NextJS server is running. Running scheduled reports check...
/Users/sim/Project2/scripts/../scripts/run-scheduled-reports-cron.sh: line 25: node: command not found
Tue Jun 17 13:14:01 CDT 2025: Checking if NextJS server is running...
Tue Jun 17 13:14:01 CDT 2025: Running scheduled reports
/Users/sim/Project2/scripts/../scripts/run-simple-scheduled-reports.sh: line 16: node: command not found
Tue Jun 17 13:14:01 CDT 2025: NextJS server is running. Running scheduled reports check...
/Users/sim/Project2/scripts/../scripts/run-scheduled-reports-cron.sh: line 25: node: command not found
Tue Jun 17 13:15:00 CDT 2025: Running scheduled reports
Tue Jun 17 13:15:00 CDT 2025: Checking if NextJS server is running...
/Users/sim/Project2/scripts/../scripts/run-simple-scheduled-reports.sh: line 16: node: command not found
Tue Jun 17 13:15:00 CDT 2025: NextJS server is running. Running scheduled reports check...
/Users/sim/Project2/scripts/../scripts/run-scheduled-reports-cron.sh: line 25: node: command not found
Tue Jun 17 13:16:01 CDT 2025: Running scheduled reports
Tue Jun 17 13:16:01 CDT 2025: Checking if NextJS server is running...
/Users/sim/Project2/scripts/../scripts/run-simple-scheduled-reports.sh: line 16: node: command not found
Tue Jun 17 13:16:01 CDT 2025: NextJS server is running. Running scheduled reports check...
/Users/sim/Project2/scripts/../scripts/run-scheduled-reports-cron.sh: line 25: node: command not found
Tue Jun 17 13:17:00 CDT 2025: Checking if NextJS server is running...
Tue Jun 17 13:17:00 CDT 2025: Running scheduled reports
/Users/sim/Project2/scripts/../scripts/run-simple-scheduled-reports.sh: line 16: node: command not found
Tue Jun 17 13:17:00 CDT 2025: NextJS server is running. Running scheduled reports check...
/Users/sim/Project2/scripts/../scripts/run-scheduled-reports-cron.sh: line 25: node: command not found
Tue Jun 17 13:18:00 CDT 2025: Running scheduled reports
Tue Jun 17 13:18:00 CDT 2025: Checking if NextJS server is running...
/Users/sim/Project2/scripts/../scripts/run-simple-scheduled-reports.sh: line 16: node: command not found
Tue Jun 17 13:18:00 CDT 2025: NextJS server is running. Running scheduled reports check...
/Users/sim/Project2/scripts/../scripts/run-scheduled-reports-cron.sh: line 25: node: command not found
Tue Jun 17 13:19:00 CDT 2025: Running scheduled reports
Tue Jun 17 13:19:00 CDT 2025: Checking if NextJS server is running...
/Users/sim/Project2/scripts/../scripts/run-simple-scheduled-reports.sh: line 16: node: command not found
Tue Jun 17 13:19:00 CDT 2025: NextJS server is running. Running scheduled reports check...
/Users/sim/Project2/scripts/../scripts/run-scheduled-reports-cron.sh: line 25: node: command not found
Tue Jun 17 13:20:00 CDT 2025: Checking if NextJS server is running...
Tue Jun 17 13:20:00 CDT 2025: Running scheduled reports
/Users/sim/Project2/scripts/../scripts/run-simple-scheduled-reports.sh: line 16: node: command not found
Tue Jun 17 13:20:00 CDT 2025: NextJS server is running. Running scheduled reports check...
/Users/sim/Project2/scripts/../scripts/run-scheduled-reports-cron.sh: line 25: node: command not found
Tue Jun 17 13:21:01 CDT 2025: Running scheduled reports
Tue Jun 17 13:21:01 CDT 2025: Checking if NextJS server is running...
/Users/sim/Project2/scripts/../scripts/run-simple-scheduled-reports.sh: line 16: node: command not found
Tue Jun 17 13:21:01 CDT 2025: NextJS server is running. Running scheduled reports check...
/Users/sim/Project2/scripts/../scripts/run-scheduled-reports-cron.sh: line 25: node: command not found
Tue Jun 17 13:22:00 CDT 2025: Running scheduled reports
Tue Jun 17 13:22:00 CDT 2025: Checking if NextJS server is running...
/Users/sim/Project2/scripts/../scripts/run-simple-scheduled-reports.sh: line 16: node: command not found
Tue Jun 17 13:22:00 CDT 2025: NextJS server is running. Running scheduled reports check...
/Users/sim/Project2/scripts/../scripts/run-scheduled-reports-cron.sh: line 25: node: command not found
Tue Jun 17 13:23:00 CDT 2025: Checking if NextJS server is running...
Tue Jun 17 13:23:00 CDT 2025: Running scheduled reports
/Users/sim/Project2/scripts/../scripts/run-simple-scheduled-reports.sh: line 16: node: command not found
Tue Jun 17 13:23:00 CDT 2025: NextJS server is running. Running scheduled reports check...
/Users/sim/Project2/scripts/../scripts/run-scheduled-reports-cron.sh: line 25: node: command not found
Tue Jun 17 13:24:00 CDT 2025: Running scheduled reports
Tue Jun 17 13:24:00 CDT 2025: Checking if NextJS server is running...
/Users/sim/Project2/scripts/../scripts/run-simple-scheduled-reports.sh: line 16: node: command not found
Tue Jun 17 13:24:00 CDT 2025: NextJS server is running. Running scheduled reports check...
/Users/sim/Project2/scripts/../scripts/run-scheduled-reports-cron.sh: line 25: node: command not found
Tue Jun 17 13:25:00 CDT 2025: Checking if NextJS server is running...
Tue Jun 17 13:25:00 CDT 2025: Running scheduled reports
/Users/sim/Project2/scripts/../scripts/run-simple-scheduled-reports.sh: line 16: node: command not found
Tue Jun 17 13:25:00 CDT 2025: NextJS server is running. Running scheduled reports check...
/Users/sim/Project2/scripts/../scripts/run-scheduled-reports-cron.sh: line 25: node: command not found
Tue Jun 17 13:26:01 CDT 2025: Checking if NextJS server is running...
Tue Jun 17 13:26:01 CDT 2025: Running scheduled reports
/Users/sim/Project2/scripts/../scripts/run-simple-scheduled-reports.sh: line 16: node: command not found
Tue Jun 17 13:26:01 CDT 2025: NextJS server is running. Running scheduled reports check...
/Users/sim/Project2/scripts/../scripts/run-scheduled-reports-cron.sh: line 25: node: command not found
Tue Jun 17 13:27:00 CDT 2025: Checking if NextJS server is running...
Tue Jun 17 13:27:00 CDT 2025: Running scheduled reports
/Users/sim/Project2/scripts/../scripts/run-simple-scheduled-reports.sh: line 16: node: command not found
Tue Jun 17 13:27:00 CDT 2025: NextJS server is running. Running scheduled reports check...
/Users/sim/Project2/scripts/../scripts/run-scheduled-reports-cron.sh: line 25: node: command not found
Tue Jun 17 13:28:00 CDT 2025: Running scheduled reports
Tue Jun 17 13:28:00 CDT 2025: Checking if NextJS server is running...
/Users/sim/Project2/scripts/../scripts/run-simple-scheduled-reports.sh: line 16: node: command not found
Tue Jun 17 13:28:00 CDT 2025: NextJS server is running. Running scheduled reports check...
/Users/sim/Project2/scripts/../scripts/run-scheduled-reports-cron.sh: line 25: node: command not found
Tue Jun 17 13:29:00 CDT 2025: Checking if NextJS server is running...
Tue Jun 17 13:29:00 CDT 2025: Running scheduled reports
/Users/sim/Project2/scripts/../scripts/run-simple-scheduled-reports.sh: line 16: node: command not found
Tue Jun 17 13:29:00 CDT 2025: NextJS server is running. Running scheduled reports check...
/Users/sim/Project2/scripts/../scripts/run-scheduled-reports-cron.sh: line 25: node: command not found
Tue Jun 17 13:30:00 CDT 2025: Checking if NextJS server is running...
Tue Jun 17 13:30:00 CDT 2025: Running scheduled reports
/Users/sim/Project2/scripts/../scripts/run-simple-scheduled-reports.sh: line 16: node: command not found
Tue Jun 17 13:30:00 CDT 2025: NextJS server is running. Running scheduled reports check...
/Users/sim/Project2/scripts/../scripts/run-scheduled-reports-cron.sh: line 25: node: command not found
Tue Jun 17 13:31:01 CDT 2025: Running scheduled reports
Tue Jun 17 13:31:01 CDT 2025: Checking if NextJS server is running...
/Users/sim/Project2/scripts/../scripts/run-simple-scheduled-reports.sh: line 16: node: command not found
Tue Jun 17 13:31:01 CDT 2025: NextJS server is running. Running scheduled reports check...
/Users/sim/Project2/scripts/../scripts/run-scheduled-reports-cron.sh: line 25: node: command not found
Tue Jun 17 13:32:00 CDT 2025: Running scheduled reports
Tue Jun 17 13:32:00 CDT 2025: Checking if NextJS server is running...
/Users/sim/Project2/scripts/../scripts/run-simple-scheduled-reports.sh: line 16: node: command not found
Tue Jun 17 13:32:00 CDT 2025: NextJS server is running. Running scheduled reports check...
/Users/sim/Project2/scripts/../scripts/run-scheduled-reports-cron.sh: line 25: node: command not found
Tue Jun 17 13:33:00 CDT 2025: Checking if NextJS server is running...
Tue Jun 17 13:33:00 CDT 2025: Running scheduled reports
/Users/sim/Project2/scripts/../scripts/run-simple-scheduled-reports.sh: line 16: node: command not found
Tue Jun 17 13:33:00 CDT 2025: NextJS server is running. Running scheduled reports check...
/Users/sim/Project2/scripts/../scripts/run-scheduled-reports-cron.sh: line 25: node: command not found
Tue Jun 17 13:34:00 CDT 2025: Running scheduled reports
Tue Jun 17 13:34:00 CDT 2025: Checking if NextJS server is running...
/Users/sim/Project2/scripts/../scripts/run-simple-scheduled-reports.sh: line 16: node: command not found
Tue Jun 17 13:34:00 CDT 2025: NextJS server is running. Running scheduled reports check...
/Users/sim/Project2/scripts/../scripts/run-scheduled-reports-cron.sh: line 25: node: command not found
Tue Jun 17 13:35:00 CDT 2025: Checking if NextJS server is running...
Tue Jun 17 13:35:00 CDT 2025: Running scheduled reports
/Users/sim/Project2/scripts/../scripts/run-simple-scheduled-reports.sh: line 16: node: command not found
Tue Jun 17 13:35:00 CDT 2025: NextJS server is running. Running scheduled reports check...
/Users/sim/Project2/scripts/../scripts/run-scheduled-reports-cron.sh: line 25: node: command not found
Tue Jun 17 13:36:01 CDT 2025: Running scheduled reports
Tue Jun 17 13:36:01 CDT 2025: Checking if NextJS server is running...
/Users/sim/Project2/scripts/../scripts/run-simple-scheduled-reports.sh: line 16: node: command not found
Tue Jun 17 13:36:01 CDT 2025: NextJS server is running. Running scheduled reports check...
/Users/sim/Project2/scripts/../scripts/run-scheduled-reports-cron.sh: line 25: node: command not found
Tue Jun 17 13:37:00 CDT 2025: Running scheduled reports
Tue Jun 17 13:37:00 CDT 2025: Checking if NextJS server is running...
/Users/sim/Project2/scripts/../scripts/run-simple-scheduled-reports.sh: line 16: node: command not found
Tue Jun 17 13:37:00 CDT 2025: NextJS server is running. Running scheduled reports check...
/Users/sim/Project2/scripts/../scripts/run-scheduled-reports-cron.sh: line 25: node: command not found
Tue Jun 17 13:38:00 CDT 2025: Running scheduled reports
Tue Jun 17 13:38:00 CDT 2025: Checking if NextJS server is running...
/Users/sim/Project2/scripts/../scripts/run-simple-scheduled-reports.sh: line 16: node: command not found
Tue Jun 17 13:38:00 CDT 2025: NextJS server is running. Running scheduled reports check...
/Users/sim/Project2/scripts/../scripts/run-scheduled-reports-cron.sh: line 25: node: command not found
Tue Jun 17 13:39:00 CDT 2025: Checking if NextJS server is running...
Tue Jun 17 13:39:00 CDT 2025: Running scheduled reports
/Users/sim/Project2/scripts/../scripts/run-simple-scheduled-reports.sh: line 16: node: command not found
Tue Jun 17 13:39:00 CDT 2025: NextJS server is running. Running scheduled reports check...
/Users/sim/Project2/scripts/../scripts/run-scheduled-reports-cron.sh: line 25: node: command not found
Tue Jun 17 13:40:00 CDT 2025: Checking if NextJS server is running...
Tue Jun 17 13:40:00 CDT 2025: Running scheduled reports
/Users/sim/Project2/scripts/../scripts/run-simple-scheduled-reports.sh: line 16: node: command not found
Tue Jun 17 13:40:00 CDT 2025: NextJS server is running. Running scheduled reports check...
/Users/sim/Project2/scripts/../scripts/run-scheduled-reports-cron.sh: line 25: node: command not found
Tue Jun 17 13:41:00 CDT 2025: Running scheduled reports
Tue Jun 17 13:41:00 CDT 2025: Checking if NextJS server is running...
/Users/sim/Project2/scripts/../scripts/run-simple-scheduled-reports.sh: line 16: node: command not found
Tue Jun 17 13:41:00 CDT 2025: NextJS server is running. Running scheduled reports check...
/Users/sim/Project2/scripts/../scripts/run-scheduled-reports-cron.sh: line 25: node: command not found
Tue Jun 17 13:42:00 CDT 2025: Running scheduled reports
Tue Jun 17 13:42:00 CDT 2025: Checking if NextJS server is running...
/Users/sim/Project2/scripts/../scripts/run-simple-scheduled-reports.sh: line 16: node: command not found
Tue Jun 17 13:42:00 CDT 2025: NextJS server is running. Running scheduled reports check...
/Users/sim/Project2/scripts/../scripts/run-scheduled-reports-cron.sh: line 25: node: command not found
Tue Jun 17 13:43:01 CDT 2025: Running scheduled reports
Tue Jun 17 13:43:01 CDT 2025: Checking if NextJS server is running...
/Users/sim/Project2/scripts/../scripts/run-simple-scheduled-reports.sh: line 16: node: command not found
Tue Jun 17 13:43:01 CDT 2025: NextJS server is running. Running scheduled reports check...
/Users/sim/Project2/scripts/../scripts/run-scheduled-reports-cron.sh: line 25: node: command not found
Tue Jun 17 13:44:00 CDT 2025: Checking if NextJS server is running...
Tue Jun 17 13:44:00 CDT 2025: Running scheduled reports
/Users/sim/Project2/scripts/../scripts/run-simple-scheduled-reports.sh: line 16: node: command not found
Tue Jun 17 13:44:00 CDT 2025: NextJS server is running. Running scheduled reports check...
/Users/sim/Project2/scripts/../scripts/run-scheduled-reports-cron.sh: line 25: node: command not found
Tue Jun 17 13:45:00 CDT 2025: Running scheduled reports
Tue Jun 17 13:45:00 CDT 2025: Checking if NextJS server is running...
/Users/sim/Project2/scripts/../scripts/run-simple-scheduled-reports.sh: line 16: node: command not found
Tue Jun 17 13:45:00 CDT 2025: NextJS server is running. Running scheduled reports check...
/Users/sim/Project2/scripts/../scripts/run-scheduled-reports-cron.sh: line 25: node: command not found
Tue Jun 17 13:46:00 CDT 2025: Running scheduled reports
Tue Jun 17 13:46:00 CDT 2025: Checking if NextJS server is running...
/Users/sim/Project2/scripts/../scripts/run-simple-scheduled-reports.sh: line 16: node: command not found
Tue Jun 17 13:46:00 CDT 2025: NextJS server is running. Running scheduled reports check...
/Users/sim/Project2/scripts/../scripts/run-scheduled-reports-cron.sh: line 25: node: command not found
Tue Jun 17 13:47:00 CDT 2025: Checking if NextJS server is running...
Tue Jun 17 13:47:00 CDT 2025: Running scheduled reports
/Users/sim/Project2/scripts/../scripts/run-simple-scheduled-reports.sh: line 16: node: command not found
Tue Jun 17 13:47:00 CDT 2025: NextJS server is running. Running scheduled reports check...
/Users/sim/Project2/scripts/../scripts/run-scheduled-reports-cron.sh: line 25: node: command not found
Tue Jun 17 13:48:01 CDT 2025: Checking if NextJS server is running...
Tue Jun 17 13:48:01 CDT 2025: Running scheduled reports
/Users/sim/Project2/scripts/../scripts/run-simple-scheduled-reports.sh: line 16: node: command not found
Tue Jun 17 13:48:01 CDT 2025: NextJS server is running. Running scheduled reports check...
/Users/sim/Project2/scripts/../scripts/run-scheduled-reports-cron.sh: line 25: node: command not found
Tue Jun 17 13:49:00 CDT 2025: Checking if NextJS server is running...
Tue Jun 17 13:49:00 CDT 2025: Running scheduled reports
/Users/sim/Project2/scripts/../scripts/run-simple-scheduled-reports.sh: line 16: node: command not found
Tue Jun 17 13:49:00 CDT 2025: NextJS server is running. Running scheduled reports check...
/Users/sim/Project2/scripts/../scripts/run-scheduled-reports-cron.sh: line 25: node: command not found
Tue Jun 17 13:50:00 CDT 2025: Checking if NextJS server is running...
Tue Jun 17 13:50:00 CDT 2025: Running scheduled reports
/Users/sim/Project2/scripts/../scripts/run-simple-scheduled-reports.sh: line 16: node: command not found
Tue Jun 17 13:50:00 CDT 2025: NextJS server is running. Running scheduled reports check...
/Users/sim/Project2/scripts/../scripts/run-scheduled-reports-cron.sh: line 25: node: command not found
Tue Jun 17 13:51:00 CDT 2025: Checking if NextJS server is running...
Tue Jun 17 13:51:00 CDT 2025: Running scheduled reports
/Users/sim/Project2/scripts/../scripts/run-simple-scheduled-reports.sh: line 16: node: command not found
Tue Jun 17 13:51:00 CDT 2025: NextJS server is running. Running scheduled reports check...
/Users/sim/Project2/scripts/../scripts/run-scheduled-reports-cron.sh: line 25: node: command not found
Tue Jun 17 13:52:00 CDT 2025: Checking if NextJS server is running...
Tue Jun 17 13:52:00 CDT 2025: Running scheduled reports
/Users/sim/Project2/scripts/../scripts/run-simple-scheduled-reports.sh: line 16: node: command not found
Tue Jun 17 13:52:00 CDT 2025: NextJS server is running. Running scheduled reports check...
/Users/sim/Project2/scripts/../scripts/run-scheduled-reports-cron.sh: line 25: node: command not found
Tue Jun 17 13:53:00 CDT 2025: Running scheduled reports
Tue Jun 17 13:53:00 CDT 2025: Checking if NextJS server is running...
/Users/sim/Project2/scripts/../scripts/run-simple-scheduled-reports.sh: line 16: node: command not found
Tue Jun 17 13:53:00 CDT 2025: NextJS server is running. Running scheduled reports check...
/Users/sim/Project2/scripts/../scripts/run-scheduled-reports-cron.sh: line 25: node: command not found
Tue Jun 17 13:54:00 CDT 2025: Checking if NextJS server is running...
Tue Jun 17 13:54:00 CDT 2025: Running scheduled reports
/Users/sim/Project2/scripts/../scripts/run-simple-scheduled-reports.sh: line 16: node: command not found
Tue Jun 17 13:54:00 CDT 2025: NextJS server is running. Running scheduled reports check...
/Users/sim/Project2/scripts/../scripts/run-scheduled-reports-cron.sh: line 25: node: command not found
Tue Jun 17 13:55:01 CDT 2025: Checking if NextJS server is running...
Tue Jun 17 13:55:01 CDT 2025: Running scheduled reports
/Users/sim/Project2/scripts/../scripts/run-simple-scheduled-reports.sh: line 16: node: command not found
Tue Jun 17 13:55:01 CDT 2025: NextJS server is running. Running scheduled reports check...
/Users/sim/Project2/scripts/../scripts/run-scheduled-reports-cron.sh: line 25: node: command not found
Tue Jun 17 13:56:00 CDT 2025: Running scheduled reports
Tue Jun 17 13:56:00 CDT 2025: Checking if NextJS server is running...
/Users/sim/Project2/scripts/../scripts/run-simple-scheduled-reports.sh: line 16: node: command not found
Tue Jun 17 13:56:00 CDT 2025: NextJS server is running. Running scheduled reports check...
/Users/sim/Project2/scripts/../scripts/run-scheduled-reports-cron.sh: line 25: node: command not found
Tue Jun 17 13:57:00 CDT 2025: Checking if NextJS server is running...
Tue Jun 17 13:57:00 CDT 2025: Running scheduled reports
/Users/sim/Project2/scripts/../scripts/run-simple-scheduled-reports.sh: line 16: node: command not found
Tue Jun 17 13:57:00 CDT 2025: NextJS server is running. Running scheduled reports check...
/Users/sim/Project2/scripts/../scripts/run-scheduled-reports-cron.sh: line 25: node: command not found
Tue Jun 17 13:58:00 CDT 2025: Running scheduled reports
Tue Jun 17 13:58:00 CDT 2025: Checking if NextJS server is running...
/Users/sim/Project2/scripts/../scripts/run-simple-scheduled-reports.sh: line 16: node: command not found
Tue Jun 17 13:58:00 CDT 2025: NextJS server is running. Running scheduled reports check...
/Users/sim/Project2/scripts/../scripts/run-scheduled-reports-cron.sh: line 25: node: command not found
Tue Jun 17 13:59:00 CDT 2025: Running scheduled reports
Tue Jun 17 13:59:00 CDT 2025: Checking if NextJS server is running...
/Users/sim/Project2/scripts/../scripts/run-simple-scheduled-reports.sh: line 16: node: command not found
Tue Jun 17 13:59:00 CDT 2025: NextJS server is running. Running scheduled reports check...
/Users/sim/Project2/scripts/../scripts/run-scheduled-reports-cron.sh: line 25: node: command not found
Tue Jun 17 14:00:00 CDT 2025: Checking if NextJS server is running...
Tue Jun 17 14:00:00 CDT 2025: Running scheduled reports
/Users/sim/Project2/scripts/../scripts/run-simple-scheduled-reports.sh: line 16: node: command not found
Tue Jun 17 14:00:00 CDT 2025: NextJS server is running. Running scheduled reports check...
/Users/sim/Project2/scripts/../scripts/run-scheduled-reports-cron.sh: line 25: node: command not found
Tue Jun 17 14:01:01 CDT 2025: Checking if NextJS server is running...
Tue Jun 17 14:01:01 CDT 2025: Running scheduled reports
/Users/sim/Project2/scripts/../scripts/run-simple-scheduled-reports.sh: line 16: node: command not found
Tue Jun 17 14:01:01 CDT 2025: NextJS server is running. Running scheduled reports check...
/Users/sim/Project2/scripts/../scripts/run-scheduled-reports-cron.sh: line 25: node: command not found
Tue Jun 17 14:02:00 CDT 2025: Checking if NextJS server is running...
Tue Jun 17 14:02:00 CDT 2025: Running scheduled reports
/Users/sim/Project2/scripts/../scripts/run-simple-scheduled-reports.sh: line 16: node: command not found
Tue Jun 17 14:02:00 CDT 2025: NextJS server is running. Running scheduled reports check...
/Users/sim/Project2/scripts/../scripts/run-scheduled-reports-cron.sh: line 25: node: command not found
Tue Jun 17 14:03:00 CDT 2025: Running scheduled reports
Tue Jun 17 14:03:00 CDT 2025: Checking if NextJS server is running...
/Users/sim/Project2/scripts/../scripts/run-simple-scheduled-reports.sh: line 16: node: command not found
Tue Jun 17 14:03:00 CDT 2025: NextJS server is running. Running scheduled reports check...
/Users/sim/Project2/scripts/../scripts/run-scheduled-reports-cron.sh: line 25: node: command not found
Tue Jun 17 14:04:00 CDT 2025: Checking if NextJS server is running...
Tue Jun 17 14:04:00 CDT 2025: Running scheduled reports
/Users/sim/Project2/scripts/../scripts/run-simple-scheduled-reports.sh: line 16: node: command not found
Tue Jun 17 14:04:00 CDT 2025: NextJS server is running. Running scheduled reports check...
/Users/sim/Project2/scripts/../scripts/run-scheduled-reports-cron.sh: line 25: node: command not found
Tue Jun 17 14:05:00 CDT 2025: Checking if NextJS server is running...
Tue Jun 17 14:05:00 CDT 2025: Running scheduled reports
/Users/sim/Project2/scripts/../scripts/run-simple-scheduled-reports.sh: line 16: node: command not found
Tue Jun 17 14:05:01 CDT 2025: NextJS server is running. Running scheduled reports check...
/Users/sim/Project2/scripts/../scripts/run-scheduled-reports-cron.sh: line 25: node: command not found
Tue Jun 17 14:06:00 CDT 2025: Running scheduled reports
Tue Jun 17 14:06:00 CDT 2025: Checking if NextJS server is running...
/Users/sim/Project2/scripts/../scripts/run-simple-scheduled-reports.sh: line 16: node: command not found
Tue Jun 17 14:06:00 CDT 2025: NextJS server is running. Running scheduled reports check...
/Users/sim/Project2/scripts/../scripts/run-scheduled-reports-cron.sh: line 25: node: command not found
Tue Jun 17 14:07:00 CDT 2025: Running scheduled reports
Tue Jun 17 14:07:00 CDT 2025: Checking if NextJS server is running...
/Users/sim/Project2/scripts/../scripts/run-simple-scheduled-reports.sh: line 16: node: command not found
Tue Jun 17 14:07:00 CDT 2025: NextJS server is running. Running scheduled reports check...
/Users/sim/Project2/scripts/../scripts/run-scheduled-reports-cron.sh: line 25: node: command not found
Tue Jun 17 14:08:00 CDT 2025: Checking if NextJS server is running...
Tue Jun 17 14:08:00 CDT 2025: Running scheduled reports
/Users/sim/Project2/scripts/../scripts/run-simple-scheduled-reports.sh: line 16: node: command not found
Tue Jun 17 14:08:00 CDT 2025: NextJS server is running. Running scheduled reports check...
/Users/sim/Project2/scripts/../scripts/run-scheduled-reports-cron.sh: line 25: node: command not found
Tue Jun 17 14:09:00 CDT 2025: Running scheduled reports
Tue Jun 17 14:09:00 CDT 2025: Checking if NextJS server is running...
/Users/sim/Project2/scripts/../scripts/run-simple-scheduled-reports.sh: line 16: node: command not found
Tue Jun 17 14:09:00 CDT 2025: NextJS server is running. Running scheduled reports check...
/Users/sim/Project2/scripts/../scripts/run-scheduled-reports-cron.sh: line 25: node: command not found
Tue Jun 17 14:10:00 CDT 2025: Checking if NextJS server is running...
Tue Jun 17 14:10:00 CDT 2025: Running scheduled reports
/Users/sim/Project2/scripts/../scripts/run-simple-scheduled-reports.sh: line 16: node: command not found
Tue Jun 17 14:10:00 CDT 2025: NextJS server is running. Running scheduled reports check...
/Users/sim/Project2/scripts/../scripts/run-scheduled-reports-cron.sh: line 25: node: command not found
Tue Jun 17 14:11:01 CDT 2025: Checking if NextJS server is running...
Tue Jun 17 14:11:01 CDT 2025: Running scheduled reports
/Users/sim/Project2/scripts/../scripts/run-simple-scheduled-reports.sh: line 16: node: command not found
Tue Jun 17 14:11:01 CDT 2025: NextJS server is running. Running scheduled reports check...
/Users/sim/Project2/scripts/../scripts/run-scheduled-reports-cron.sh: line 25: node: command not found
Tue Jun 17 14:12:00 CDT 2025: Running scheduled reports
Tue Jun 17 14:12:00 CDT 2025: Checking if NextJS server is running...
/Users/sim/Project2/scripts/../scripts/run-simple-scheduled-reports.sh: line 16: node: command not found
Tue Jun 17 14:12:00 CDT 2025: NextJS server is running. Running scheduled reports check...
/Users/sim/Project2/scripts/../scripts/run-scheduled-reports-cron.sh: line 25: node: command not found
Tue Jun 17 14:13:00 CDT 2025: Checking if NextJS server is running...
Tue Jun 17 14:13:00 CDT 2025: Running scheduled reports
/Users/sim/Project2/scripts/../scripts/run-simple-scheduled-reports.sh: line 16: node: command not found
Tue Jun 17 14:13:00 CDT 2025: NextJS server is running. Running scheduled reports check...
/Users/sim/Project2/scripts/../scripts/run-scheduled-reports-cron.sh: line 25: node: command not found
Tue Jun 17 14:14:00 CDT 2025: Running scheduled reports
Tue Jun 17 14:14:00 CDT 2025: Checking if NextJS server is running...
/Users/sim/Project2/scripts/../scripts/run-simple-scheduled-reports.sh: line 16: node: command not found
Tue Jun 17 14:14:00 CDT 2025: NextJS server is running. Running scheduled reports check...
/Users/sim/Project2/scripts/../scripts/run-scheduled-reports-cron.sh: line 25: node: command not found
Tue Jun 17 14:15:00 CDT 2025: Running scheduled reports
Tue Jun 17 14:15:00 CDT 2025: Checking if NextJS server is running...
/Users/sim/Project2/scripts/../scripts/run-simple-scheduled-reports.sh: line 16: node: command not found
Tue Jun 17 14:15:00 CDT 2025: NextJS server is running. Running scheduled reports check...
/Users/sim/Project2/scripts/../scripts/run-scheduled-reports-cron.sh: line 25: node: command not found
Tue Jun 17 14:16:00 CDT 2025: Checking if NextJS server is running...
Tue Jun 17 14:16:00 CDT 2025: Running scheduled reports
/Users/sim/Project2/scripts/../scripts/run-simple-scheduled-reports.sh: line 16: node: command not found
Tue Jun 17 14:16:00 CDT 2025: NextJS server is running. Running scheduled reports check...
/Users/sim/Project2/scripts/../scripts/run-scheduled-reports-cron.sh: line 25: node: command not found
Tue Jun 17 14:17:00 CDT 2025: Checking if NextJS server is running...
Tue Jun 17 14:17:00 CDT 2025: Running scheduled reports
/Users/sim/Project2/scripts/../scripts/run-simple-scheduled-reports.sh: line 16: node: command not found
Tue Jun 17 14:17:01 CDT 2025: NextJS server is running. Running scheduled reports check...
/Users/sim/Project2/scripts/../scripts/run-scheduled-reports-cron.sh: line 25: node: command not found
Tue Jun 17 14:18:00 CDT 2025: Checking if NextJS server is running...
Tue Jun 17 14:18:00 CDT 2025: Running scheduled reports
/Users/sim/Project2/scripts/../scripts/run-simple-scheduled-reports.sh: line 16: node: command not found
Tue Jun 17 14:18:00 CDT 2025: NextJS server is running. Running scheduled reports check...
/Users/sim/Project2/scripts/../scripts/run-scheduled-reports-cron.sh: line 25: node: command not found
Tue Jun 17 14:19:00 CDT 2025: Running scheduled reports
Tue Jun 17 14:19:00 CDT 2025: Checking if NextJS server is running...
/Users/sim/Project2/scripts/../scripts/run-simple-scheduled-reports.sh: line 16: node: command not found
Tue Jun 17 14:19:00 CDT 2025: NextJS server is running. Running scheduled reports check...
/Users/sim/Project2/scripts/../scripts/run-scheduled-reports-cron.sh: line 25: node: command not found
Tue Jun 17 14:20:00 CDT 2025: Checking if NextJS server is running...
Tue Jun 17 14:20:00 CDT 2025: Running scheduled reports
/Users/sim/Project2/scripts/../scripts/run-simple-scheduled-reports.sh: line 16: node: command not found
Tue Jun 17 14:20:03 CDT 2025: NextJS server is running. Running scheduled reports check...
/Users/sim/Project2/scripts/../scripts/run-scheduled-reports-cron.sh: line 25: node: command not found
Tue Jun 17 14:21:00 CDT 2025: Running scheduled reports
Tue Jun 17 14:21:00 CDT 2025: Checking if NextJS server is running...
/Users/sim/Project2/scripts/../scripts/run-simple-scheduled-reports.sh: line 16: node: command not found
Tue Jun 17 14:21:00 CDT 2025: NextJS server is running. Running scheduled reports check...
/Users/sim/Project2/scripts/../scripts/run-scheduled-reports-cron.sh: line 25: node: command not found
Tue Jun 17 14:22:00 CDT 2025: Running scheduled reports
Tue Jun 17 14:22:00 CDT 2025: Checking if NextJS server is running...
/Users/sim/Project2/scripts/../scripts/run-simple-scheduled-reports.sh: line 16: node: command not found
Tue Jun 17 14:22:00 CDT 2025: NextJS server is running. Running scheduled reports check...
/Users/sim/Project2/scripts/../scripts/run-scheduled-reports-cron.sh: line 25: node: command not found
Tue Jun 17 14:23:00 CDT 2025: Running scheduled reports
Tue Jun 17 14:23:00 CDT 2025: Checking if NextJS server is running...
/Users/sim/Project2/scripts/../scripts/run-simple-scheduled-reports.sh: line 16: node: command not found
Tue Jun 17 14:23:00 CDT 2025: NextJS server is running. Running scheduled reports check...
/Users/sim/Project2/scripts/../scripts/run-scheduled-reports-cron.sh: line 25: node: command not found
Tue Jun 17 14:24:00 CDT 2025: Running scheduled reports
Tue Jun 17 14:24:00 CDT 2025: Checking if NextJS server is running...
/Users/sim/Project2/scripts/../scripts/run-simple-scheduled-reports.sh: line 16: node: command not found
Tue Jun 17 14:24:00 CDT 2025: NextJS server is running. Running scheduled reports check...
/Users/sim/Project2/scripts/../scripts/run-scheduled-reports-cron.sh: line 25: node: command not found
Tue Jun 17 14:25:01 CDT 2025: Running scheduled reports
Tue Jun 17 14:25:01 CDT 2025: Checking if NextJS server is running...
/Users/sim/Project2/scripts/../scripts/run-simple-scheduled-reports.sh: line 16: node: command not found
Tue Jun 17 14:25:01 CDT 2025: NextJS server is running. Running scheduled reports check...
/Users/sim/Project2/scripts/../scripts/run-scheduled-reports-cron.sh: line 25: node: command not found
Tue Jun 17 14:26:00 CDT 2025: Running scheduled reports
Tue Jun 17 14:26:00 CDT 2025: Checking if NextJS server is running...
/Users/sim/Project2/scripts/../scripts/run-simple-scheduled-reports.sh: line 16: node: command not found
Tue Jun 17 14:26:00 CDT 2025: NextJS server is running. Running scheduled reports check...
/Users/sim/Project2/scripts/../scripts/run-scheduled-reports-cron.sh: line 25: node: command not found
Tue Jun 17 14:27:00 CDT 2025: Checking if NextJS server is running...
Tue Jun 17 14:27:00 CDT 2025: Running scheduled reports
/Users/sim/Project2/scripts/../scripts/run-simple-scheduled-reports.sh: line 16: node: command not found
Tue Jun 17 14:27:00 CDT 2025: NextJS server is running. Running scheduled reports check...
/Users/sim/Project2/scripts/../scripts/run-scheduled-reports-cron.sh: line 25: node: command not found
Tue Jun 17 14:28:00 CDT 2025: Checking if NextJS server is running...
Tue Jun 17 14:28:00 CDT 2025: Running scheduled reports
/Users/sim/Project2/scripts/../scripts/run-simple-scheduled-reports.sh: line 16: node: command not found
Tue Jun 17 14:28:00 CDT 2025: NextJS server is running. Running scheduled reports check...
/Users/sim/Project2/scripts/../scripts/run-scheduled-reports-cron.sh: line 25: node: command not found
Tue Jun 17 14:29:00 CDT 2025: Running scheduled reports
Tue Jun 17 14:29:00 CDT 2025: Checking if NextJS server is running...
/Users/sim/Project2/scripts/../scripts/run-simple-scheduled-reports.sh: line 16: node: command not found
Tue Jun 17 14:29:00 CDT 2025: NextJS server is running. Running scheduled reports check...
/Users/sim/Project2/scripts/../scripts/run-scheduled-reports-cron.sh: line 25: node: command not found
Tue Jun 17 14:30:00 CDT 2025: Running scheduled reports
Tue Jun 17 14:30:00 CDT 2025: Checking if NextJS server is running...
/Users/sim/Project2/scripts/../scripts/run-simple-scheduled-reports.sh: line 16: node: command not found
Tue Jun 17 14:30:00 CDT 2025: NextJS server is running. Running scheduled reports check...
/Users/sim/Project2/scripts/../scripts/run-scheduled-reports-cron.sh: line 25: node: command not found
Tue Jun 17 14:31:01 CDT 2025: Running scheduled reports
Tue Jun 17 14:31:01 CDT 2025: Checking if NextJS server is running...
/Users/sim/Project2/scripts/../scripts/run-simple-scheduled-reports.sh: line 16: node: command not found
Tue Jun 17 14:31:01 CDT 2025: NextJS server is running. Running scheduled reports check...
/Users/sim/Project2/scripts/../scripts/run-scheduled-reports-cron.sh: line 25: node: command not found
Tue Jun 17 14:32:00 CDT 2025: Checking if NextJS server is running...
Tue Jun 17 14:32:00 CDT 2025: Running scheduled reports
/Users/sim/Project2/scripts/../scripts/run-simple-scheduled-reports.sh: line 16: node: command not found
Tue Jun 17 14:32:00 CDT 2025: NextJS server is running. Running scheduled reports check...
/Users/sim/Project2/scripts/../scripts/run-scheduled-reports-cron.sh: line 25: node: command not found
Tue Jun 17 14:33:00 CDT 2025: Checking if NextJS server is running...
Tue Jun 17 14:33:00 CDT 2025: Running scheduled reports
/Users/sim/Project2/scripts/../scripts/run-simple-scheduled-reports.sh: line 16: node: command not found
Tue Jun 17 14:33:00 CDT 2025: NextJS server is running. Running scheduled reports check...
/Users/sim/Project2/scripts/../scripts/run-scheduled-reports-cron.sh: line 25: node: command not found
Tue Jun 17 14:34:00 CDT 2025: Running scheduled reports
Tue Jun 17 14:34:00 CDT 2025: Checking if NextJS server is running...
/Users/sim/Project2/scripts/../scripts/run-simple-scheduled-reports.sh: line 16: node: command not found
Tue Jun 17 14:34:00 CDT 2025: NextJS server is running. Running scheduled reports check...
/Users/sim/Project2/scripts/../scripts/run-scheduled-reports-cron.sh: line 25: node: command not found
Tue Jun 17 14:35:00 CDT 2025: Checking if NextJS server is running...
Tue Jun 17 14:35:00 CDT 2025: Running scheduled reports
/Users/sim/Project2/scripts/../scripts/run-simple-scheduled-reports.sh: line 16: node: command not found
Tue Jun 17 14:35:00 CDT 2025: NextJS server is running. Running scheduled reports check...
/Users/sim/Project2/scripts/../scripts/run-scheduled-reports-cron.sh: line 25: node: command not found
Tue Jun 17 14:36:00 CDT 2025: Checking if NextJS server is running...
Tue Jun 17 14:36:00 CDT 2025: Running scheduled reports
/Users/sim/Project2/scripts/../scripts/run-simple-scheduled-reports.sh: line 16: node: command not found
Tue Jun 17 14:36:00 CDT 2025: NextJS server is running. Running scheduled reports check...
/Users/sim/Project2/scripts/../scripts/run-scheduled-reports-cron.sh: line 25: node: command not found
Tue Jun 17 14:37:00 CDT 2025: Checking if NextJS server is running...
Tue Jun 17 14:37:00 CDT 2025: Running scheduled reports
/Users/sim/Project2/scripts/../scripts/run-simple-scheduled-reports.sh: line 16: node: command not found
Tue Jun 17 14:37:00 CDT 2025: NextJS server is running. Running scheduled reports check...
/Users/sim/Project2/scripts/../scripts/run-scheduled-reports-cron.sh: line 25: node: command not found
Tue Jun 17 14:38:01 CDT 2025: Running scheduled reports
Tue Jun 17 14:38:01 CDT 2025: Checking if NextJS server is running...
/Users/sim/Project2/scripts/../scripts/run-simple-scheduled-reports.sh: line 16: node: command not found
Tue Jun 17 14:38:01 CDT 2025: NextJS server is running. Running scheduled reports check...
/Users/sim/Project2/scripts/../scripts/run-scheduled-reports-cron.sh: line 25: node: command not found
Tue Jun 17 14:39:00 CDT 2025: Checking if NextJS server is running...
Tue Jun 17 14:39:00 CDT 2025: Running scheduled reports
/Users/sim/Project2/scripts/../scripts/run-simple-scheduled-reports.sh: line 16: node: command not found
Tue Jun 17 14:39:00 CDT 2025: NextJS server is running. Running scheduled reports check...
/Users/sim/Project2/scripts/../scripts/run-scheduled-reports-cron.sh: line 25: node: command not found
Tue Jun 17 14:40:00 CDT 2025: Checking if NextJS server is running...
Tue Jun 17 14:40:00 CDT 2025: Running scheduled reports
/Users/sim/Project2/scripts/../scripts/run-simple-scheduled-reports.sh: line 16: node: command not found
Tue Jun 17 14:40:00 CDT 2025: NextJS server is running. Running scheduled reports check...
/Users/sim/Project2/scripts/../scripts/run-scheduled-reports-cron.sh: line 25: node: command not found
Tue Jun 17 14:41:00 CDT 2025: Running scheduled reports
Tue Jun 17 14:41:00 CDT 2025: Checking if NextJS server is running...
/Users/sim/Project2/scripts/../scripts/run-simple-scheduled-reports.sh: line 16: node: command not found
Tue Jun 17 14:41:00 CDT 2025: NextJS server is running. Running scheduled reports check...
/Users/sim/Project2/scripts/../scripts/run-scheduled-reports-cron.sh: line 25: node: command not found
Tue Jun 17 14:42:00 CDT 2025: Checking if NextJS server is running...
Tue Jun 17 14:42:00 CDT 2025: Running scheduled reports
/Users/sim/Project2/scripts/../scripts/run-simple-scheduled-reports.sh: line 16: node: command not found
Tue Jun 17 14:42:00 CDT 2025: NextJS server is running. Running scheduled reports check...
/Users/sim/Project2/scripts/../scripts/run-scheduled-reports-cron.sh: line 25: node: command not found
Tue Jun 17 14:43:00 CDT 2025: Running scheduled reports
Tue Jun 17 14:43:00 CDT 2025: Checking if NextJS server is running...
/Users/sim/Project2/scripts/../scripts/run-simple-scheduled-reports.sh: line 16: node: command not found
Tue Jun 17 14:43:00 CDT 2025: NextJS server is running. Running scheduled reports check...
/Users/sim/Project2/scripts/../scripts/run-scheduled-reports-cron.sh: line 25: node: command not found
Tue Jun 17 14:44:01 CDT 2025: Checking if NextJS server is running...
Tue Jun 17 14:44:01 CDT 2025: Running scheduled reports
/Users/sim/Project2/scripts/../scripts/run-simple-scheduled-reports.sh: line 16: node: command not found
Tue Jun 17 14:44:01 CDT 2025: NextJS server is running. Running scheduled reports check...
/Users/sim/Project2/scripts/../scripts/run-scheduled-reports-cron.sh: line 25: node: command not found
Tue Jun 17 14:45:00 CDT 2025: Running scheduled reports
Tue Jun 17 14:45:00 CDT 2025: Checking if NextJS server is running...
/Users/sim/Project2/scripts/../scripts/run-simple-scheduled-reports.sh: line 16: node: command not found
Tue Jun 17 14:45:00 CDT 2025: NextJS server is running. Running scheduled reports check...
/Users/sim/Project2/scripts/../scripts/run-scheduled-reports-cron.sh: line 25: node: command not found
Tue Jun 17 14:46:00 CDT 2025: Running scheduled reports
Tue Jun 17 14:46:00 CDT 2025: Checking if NextJS server is running...
/Users/sim/Project2/scripts/../scripts/run-simple-scheduled-reports.sh: line 16: node: command not found
Tue Jun 17 14:46:00 CDT 2025: NextJS server is running. Running scheduled reports check...
/Users/sim/Project2/scripts/../scripts/run-scheduled-reports-cron.sh: line 25: node: command not found
Tue Jun 17 14:47:00 CDT 2025: Running scheduled reports
Tue Jun 17 14:47:00 CDT 2025: Checking if NextJS server is running...
/Users/sim/Project2/scripts/../scripts/run-simple-scheduled-reports.sh: line 16: node: command not found
Tue Jun 17 14:47:00 CDT 2025: NextJS server is running. Running scheduled reports check...
/Users/sim/Project2/scripts/../scripts/run-scheduled-reports-cron.sh: line 25: node: command not found
Tue Jun 17 14:48:00 CDT 2025: Checking if NextJS server is running...
Tue Jun 17 14:48:00 CDT 2025: Running scheduled reports
/Users/sim/Project2/scripts/../scripts/run-simple-scheduled-reports.sh: line 16: node: command not found
Tue Jun 17 14:48:00 CDT 2025: NextJS server is running. Running scheduled reports check...
/Users/sim/Project2/scripts/../scripts/run-scheduled-reports-cron.sh: line 25: node: command not found
Tue Jun 17 14:49:00 CDT 2025: Checking if NextJS server is running...
Tue Jun 17 14:49:00 CDT 2025: Running scheduled reports
/Users/sim/Project2/scripts/../scripts/run-simple-scheduled-reports.sh: line 16: node: command not found
Tue Jun 17 14:49:00 CDT 2025: NextJS server is running. Running scheduled reports check...
/Users/sim/Project2/scripts/../scripts/run-scheduled-reports-cron.sh: line 25: node: command not found
Tue Jun 17 14:50:01 CDT 2025: Running scheduled reports
Tue Jun 17 14:50:01 CDT 2025: Checking if NextJS server is running...
/Users/sim/Project2/scripts/../scripts/run-simple-scheduled-reports.sh: line 16: node: command not found
Tue Jun 17 14:50:01 CDT 2025: NextJS server is running. Running scheduled reports check...
/Users/sim/Project2/scripts/../scripts/run-scheduled-reports-cron.sh: line 25: node: command not found
Tue Jun 17 14:51:00 CDT 2025: Running scheduled reports
Tue Jun 17 14:51:00 CDT 2025: Checking if NextJS server is running...
/Users/sim/Project2/scripts/../scripts/run-simple-scheduled-reports.sh: line 16: node: command not found
Tue Jun 17 14:51:00 CDT 2025: NextJS server is running. Running scheduled reports check...
/Users/sim/Project2/scripts/../scripts/run-scheduled-reports-cron.sh: line 25: node: command not found
Tue Jun 17 14:52:00 CDT 2025: Checking if NextJS server is running...
Tue Jun 17 14:52:00 CDT 2025: Running scheduled reports
/Users/sim/Project2/scripts/../scripts/run-simple-scheduled-reports.sh: line 16: node: command not found
Tue Jun 17 14:52:00 CDT 2025: NextJS server is running. Running scheduled reports check...
/Users/sim/Project2/scripts/../scripts/run-scheduled-reports-cron.sh: line 25: node: command not found
Tue Jun 17 14:53:00 CDT 2025: Running scheduled reports
Tue Jun 17 14:53:00 CDT 2025: Checking if NextJS server is running...
/Users/sim/Project2/scripts/../scripts/run-simple-scheduled-reports.sh: line 16: node: command not found
Tue Jun 17 14:53:00 CDT 2025: NextJS server is running. Running scheduled reports check...
/Users/sim/Project2/scripts/../scripts/run-scheduled-reports-cron.sh: line 25: node: command not found
Tue Jun 17 14:54:00 CDT 2025: Running scheduled reports
Tue Jun 17 14:54:00 CDT 2025: Checking if NextJS server is running...
/Users/sim/Project2/scripts/../scripts/run-simple-scheduled-reports.sh: line 16: node: command not found
Tue Jun 17 14:54:00 CDT 2025: NextJS server is running. Running scheduled reports check...
/Users/sim/Project2/scripts/../scripts/run-scheduled-reports-cron.sh: line 25: node: command not found
Tue Jun 17 14:55:00 CDT 2025: Running scheduled reports
Tue Jun 17 14:55:00 CDT 2025: Checking if NextJS server is running...
/Users/sim/Project2/scripts/../scripts/run-simple-scheduled-reports.sh: line 16: node: command not found
Tue Jun 17 14:55:01 CDT 2025: NextJS server is running. Running scheduled reports check...
/Users/sim/Project2/scripts/../scripts/run-scheduled-reports-cron.sh: line 25: node: command not found
Tue Jun 17 14:56:00 CDT 2025: Running scheduled reports
Tue Jun 17 14:56:00 CDT 2025: Checking if NextJS server is running...
/Users/sim/Project2/scripts/../scripts/run-simple-scheduled-reports.sh: line 16: node: command not found
Tue Jun 17 14:56:00 CDT 2025: NextJS server is running. Running scheduled reports check...
/Users/sim/Project2/scripts/../scripts/run-scheduled-reports-cron.sh: line 25: node: command not found
Tue Jun 17 14:57:00 CDT 2025: Checking if NextJS server is running...
Tue Jun 17 14:57:00 CDT 2025: Running scheduled reports
/Users/sim/Project2/scripts/../scripts/run-simple-scheduled-reports.sh: line 16: node: command not found
Tue Jun 17 14:57:00 CDT 2025: NextJS server is running. Running scheduled reports check...
/Users/sim/Project2/scripts/../scripts/run-scheduled-reports-cron.sh: line 25: node: command not found
Tue Jun 17 14:58:00 CDT 2025: Running scheduled reports
Tue Jun 17 14:58:00 CDT 2025: Checking if NextJS server is running...
/Users/sim/Project2/scripts/../scripts/run-simple-scheduled-reports.sh: line 16: node: command not found
Tue Jun 17 14:58:00 CDT 2025: NextJS server is running. Running scheduled reports check...
/Users/sim/Project2/scripts/../scripts/run-scheduled-reports-cron.sh: line 25: node: command not found
Tue Jun 17 14:59:00 CDT 2025: Checking if NextJS server is running...
Tue Jun 17 14:59:00 CDT 2025: Running scheduled reports
/Users/sim/Project2/scripts/../scripts/run-simple-scheduled-reports.sh: line 16: node: command not found
Tue Jun 17 14:59:00 CDT 2025: NextJS server is running. Running scheduled reports check...
/Users/sim/Project2/scripts/../scripts/run-scheduled-reports-cron.sh: line 25: node: command not found
Tue Jun 17 15:00:00 CDT 2025: Checking if NextJS server is running...
Tue Jun 17 15:00:00 CDT 2025: Running scheduled reports
/Users/sim/Project2/scripts/../scripts/run-simple-scheduled-reports.sh: line 16: node: command not found
Tue Jun 17 15:00:00 CDT 2025: NextJS server is running. Running scheduled reports check...
/Users/sim/Project2/scripts/../scripts/run-scheduled-reports-cron.sh: line 25: node: command not found
Tue Jun 17 15:01:00 CDT 2025: Running scheduled reports
Tue Jun 17 15:01:00 CDT 2025: Checking if NextJS server is running...
/Users/sim/Project2/scripts/../scripts/run-simple-scheduled-reports.sh: line 16: node: command not found
Tue Jun 17 15:01:00 CDT 2025: NextJS server is running. Running scheduled reports check...
/Users/sim/Project2/scripts/../scripts/run-scheduled-reports-cron.sh: line 25: node: command not found
Tue Jun 17 15:02:01 CDT 2025: Checking if NextJS server is running...
Tue Jun 17 15:02:01 CDT 2025: Running scheduled reports
/Users/sim/Project2/scripts/../scripts/run-simple-scheduled-reports.sh: line 16: node: command not found
Tue Jun 17 15:02:01 CDT 2025: NextJS server is running. Running scheduled reports check...
/Users/sim/Project2/scripts/../scripts/run-scheduled-reports-cron.sh: line 25: node: command not found
Tue Jun 17 15:03:00 CDT 2025: Checking if NextJS server is running...
Tue Jun 17 15:03:00 CDT 2025: Running scheduled reports
/Users/sim/Project2/scripts/../scripts/run-simple-scheduled-reports.sh: line 16: node: command not found
Tue Jun 17 15:03:00 CDT 2025: NextJS server is running. Running scheduled reports check...
/Users/sim/Project2/scripts/../scripts/run-scheduled-reports-cron.sh: line 25: node: command not found
Tue Jun 17 15:04:00 CDT 2025: Checking if NextJS server is running...
Tue Jun 17 15:04:00 CDT 2025: Running scheduled reports
/Users/sim/Project2/scripts/../scripts/run-simple-scheduled-reports.sh: line 16: node: command not found
Tue Jun 17 15:04:00 CDT 2025: NextJS server is running. Running scheduled reports check...
/Users/sim/Project2/scripts/../scripts/run-scheduled-reports-cron.sh: line 25: node: command not found
Tue Jun 17 15:05:00 CDT 2025: Checking if NextJS server is running...
Tue Jun 17 15:05:00 CDT 2025: Running scheduled reports
/Users/sim/Project2/scripts/../scripts/run-simple-scheduled-reports.sh: line 16: node: command not found
Tue Jun 17 15:05:00 CDT 2025: NextJS server is running. Running scheduled reports check...
/Users/sim/Project2/scripts/../scripts/run-scheduled-reports-cron.sh: line 25: node: command not found
Tue Jun 17 15:06:00 CDT 2025: Checking if NextJS server is running...
Tue Jun 17 15:06:00 CDT 2025: Running scheduled reports
/Users/sim/Project2/scripts/../scripts/run-simple-scheduled-reports.sh: line 16: node: command not found
Tue Jun 17 15:06:00 CDT 2025: NextJS server is running. Running scheduled reports check...
/Users/sim/Project2/scripts/../scripts/run-scheduled-reports-cron.sh: line 25: node: command not found
Tue Jun 17 15:07:00 CDT 2025: Running scheduled reports
Tue Jun 17 15:07:00 CDT 2025: Checking if NextJS server is running...
/Users/sim/Project2/scripts/../scripts/run-simple-scheduled-reports.sh: line 16: node: command not found
Tue Jun 17 15:07:00 CDT 2025: NextJS server is running. Running scheduled reports check...
/Users/sim/Project2/scripts/../scripts/run-scheduled-reports-cron.sh: line 25: node: command not found
Tue Jun 17 15:08:00 CDT 2025: Running scheduled reports
Tue Jun 17 15:08:00 CDT 2025: Checking if NextJS server is running...
/Users/sim/Project2/scripts/../scripts/run-simple-scheduled-reports.sh: line 16: node: command not found
Tue Jun 17 15:08:00 CDT 2025: NextJS server is running. Running scheduled reports check...
/Users/sim/Project2/scripts/../scripts/run-scheduled-reports-cron.sh: line 25: node: command not found
Tue Jun 17 15:09:01 CDT 2025: Running scheduled reports
Tue Jun 17 15:09:01 CDT 2025: Checking if NextJS server is running...
/Users/sim/Project2/scripts/../scripts/run-simple-scheduled-reports.sh: line 16: node: command not found
Tue Jun 17 15:09:01 CDT 2025: NextJS server is running. Running scheduled reports check...
/Users/sim/Project2/scripts/../scripts/run-scheduled-reports-cron.sh: line 25: node: command not found
Tue Jun 17 15:10:00 CDT 2025: Running scheduled reports
Tue Jun 17 15:10:00 CDT 2025: Checking if NextJS server is running...
/Users/sim/Project2/scripts/../scripts/run-simple-scheduled-reports.sh: line 16: node: command not found
Tue Jun 17 15:10:00 CDT 2025: NextJS server is running. Running scheduled reports check...
/Users/sim/Project2/scripts/../scripts/run-scheduled-reports-cron.sh: line 25: node: command not found
Tue Jun 17 15:11:00 CDT 2025: Running scheduled reports
Tue Jun 17 15:11:00 CDT 2025: Checking if NextJS server is running...
/Users/sim/Project2/scripts/../scripts/run-simple-scheduled-reports.sh: line 16: node: command not found
Tue Jun 17 15:11:00 CDT 2025: NextJS server is running. Running scheduled reports check...
/Users/sim/Project2/scripts/../scripts/run-scheduled-reports-cron.sh: line 25: node: command not found
Tue Jun 17 15:12:00 CDT 2025: Checking if NextJS server is running...
Tue Jun 17 15:12:00 CDT 2025: Running scheduled reports
/Users/sim/Project2/scripts/../scripts/run-simple-scheduled-reports.sh: line 16: node: command not found
Tue Jun 17 15:12:00 CDT 2025: NextJS server is running. Running scheduled reports check...
/Users/sim/Project2/scripts/../scripts/run-scheduled-reports-cron.sh: line 25: node: command not found
Tue Jun 17 15:13:00 CDT 2025: Checking if NextJS server is running...
Tue Jun 17 15:13:00 CDT 2025: Running scheduled reports
/Users/sim/Project2/scripts/../scripts/run-simple-scheduled-reports.sh: line 16: node: command not found
Tue Jun 17 15:13:00 CDT 2025: NextJS server is running. Running scheduled reports check...
/Users/sim/Project2/scripts/../scripts/run-scheduled-reports-cron.sh: line 25: node: command not found
Tue Jun 17 15:14:00 CDT 2025: Checking if NextJS server is running...
Tue Jun 17 15:14:00 CDT 2025: Running scheduled reports
/Users/sim/Project2/scripts/../scripts/run-simple-scheduled-reports.sh: line 16: node: command not found
Tue Jun 17 15:14:00 CDT 2025: NextJS server is running. Running scheduled reports check...
/Users/sim/Project2/scripts/../scripts/run-scheduled-reports-cron.sh: line 25: node: command not found
Tue Jun 17 15:15:01 CDT 2025: Checking if NextJS server is running...
Tue Jun 17 15:15:01 CDT 2025: Running scheduled reports
/Users/sim/Project2/scripts/../scripts/run-simple-scheduled-reports.sh: line 16: node: command not found
Tue Jun 17 15:15:01 CDT 2025: NextJS server is running. Running scheduled reports check...
/Users/sim/Project2/scripts/../scripts/run-scheduled-reports-cron.sh: line 25: node: command not found
Tue Jun 17 15:16:00 CDT 2025: Checking if NextJS server is running...
Tue Jun 17 15:16:00 CDT 2025: Running scheduled reports
/Users/sim/Project2/scripts/../scripts/run-simple-scheduled-reports.sh: line 16: node: command not found
Tue Jun 17 15:16:00 CDT 2025: NextJS server is running. Running scheduled reports check...
/Users/sim/Project2/scripts/../scripts/run-scheduled-reports-cron.sh: line 25: node: command not found
Tue Jun 17 15:17:00 CDT 2025: Checking if NextJS server is running...
Tue Jun 17 15:17:00 CDT 2025: Running scheduled reports
/Users/sim/Project2/scripts/../scripts/run-simple-scheduled-reports.sh: line 16: node: command not found
Tue Jun 17 15:17:00 CDT 2025: NextJS server is running. Running scheduled reports check...
/Users/sim/Project2/scripts/../scripts/run-scheduled-reports-cron.sh: line 25: node: command not found
Tue Jun 17 15:18:00 CDT 2025: Running scheduled reports
Tue Jun 17 15:18:00 CDT 2025: Checking if NextJS server is running...
/Users/sim/Project2/scripts/../scripts/run-simple-scheduled-reports.sh: line 16: node: command not found
Tue Jun 17 15:18:00 CDT 2025: NextJS server is running. Running scheduled reports check...
/Users/sim/Project2/scripts/../scripts/run-scheduled-reports-cron.sh: line 25: node: command not found
Tue Jun 17 15:19:00 CDT 2025: Running scheduled reports
Tue Jun 17 15:19:00 CDT 2025: Checking if NextJS server is running...
/Users/sim/Project2/scripts/../scripts/run-simple-scheduled-reports.sh: line 16: node: command not found
Tue Jun 17 15:19:00 CDT 2025: NextJS server is running. Running scheduled reports check...
/Users/sim/Project2/scripts/../scripts/run-scheduled-reports-cron.sh: line 25: node: command not found
Tue Jun 17 15:20:00 CDT 2025: Running scheduled reports
Tue Jun 17 15:20:00 CDT 2025: Checking if NextJS server is running...
/Users/sim/Project2/scripts/../scripts/run-simple-scheduled-reports.sh: line 16: node: command not found
Tue Jun 17 15:20:01 CDT 2025: NextJS server is running. Running scheduled reports check...
/Users/sim/Project2/scripts/../scripts/run-scheduled-reports-cron.sh: line 25: node: command not found
Tue Jun 17 15:21:00 CDT 2025: Running scheduled reports
Tue Jun 17 15:21:00 CDT 2025: Checking if NextJS server is running...
/Users/sim/Project2/scripts/../scripts/run-simple-scheduled-reports.sh: line 16: node: command not found
Tue Jun 17 15:21:00 CDT 2025: NextJS server is running. Running scheduled reports check...
/Users/sim/Project2/scripts/../scripts/run-scheduled-reports-cron.sh: line 25: node: command not found
Tue Jun 17 15:22:00 CDT 2025: Checking if NextJS server is running...
Tue Jun 17 15:22:00 CDT 2025: Running scheduled reports
/Users/sim/Project2/scripts/../scripts/run-simple-scheduled-reports.sh: line 16: node: command not found
Tue Jun 17 15:22:00 CDT 2025: NextJS server is running. Running scheduled reports check...
/Users/sim/Project2/scripts/../scripts/run-scheduled-reports-cron.sh: line 25: node: command not found
Tue Jun 17 15:23:00 CDT 2025: Checking if NextJS server is running...
Tue Jun 17 15:23:00 CDT 2025: Running scheduled reports
/Users/sim/Project2/scripts/../scripts/run-simple-scheduled-reports.sh: line 16: node: command not found
Tue Jun 17 15:23:00 CDT 2025: NextJS server is running. Running scheduled reports check...
/Users/sim/Project2/scripts/../scripts/run-scheduled-reports-cron.sh: line 25: node: command not found
Tue Jun 17 15:24:00 CDT 2025: Running scheduled reports
Tue Jun 17 15:24:00 CDT 2025: Checking if NextJS server is running...
/Users/sim/Project2/scripts/../scripts/run-simple-scheduled-reports.sh: line 16: node: command not found
Tue Jun 17 15:24:00 CDT 2025: NextJS server is running. Running scheduled reports check...
/Users/sim/Project2/scripts/../scripts/run-scheduled-reports-cron.sh: line 25: node: command not found
Tue Jun 17 15:25:00 CDT 2025: Running scheduled reports
Tue Jun 17 15:25:00 CDT 2025: Checking if NextJS server is running...
/Users/sim/Project2/scripts/../scripts/run-simple-scheduled-reports.sh: line 16: node: command not found
Tue Jun 17 15:25:00 CDT 2025: NextJS server is running. Running scheduled reports check...
/Users/sim/Project2/scripts/../scripts/run-scheduled-reports-cron.sh: line 25: node: command not found
Tue Jun 17 15:26:00 CDT 2025: Running scheduled reports
Tue Jun 17 15:26:00 CDT 2025: Checking if NextJS server is running...
/Users/sim/Project2/scripts/../scripts/run-simple-scheduled-reports.sh: line 16: node: command not found
Tue Jun 17 15:26:00 CDT 2025: NextJS server is running. Running scheduled reports check...
/Users/sim/Project2/scripts/../scripts/run-scheduled-reports-cron.sh: line 25: node: command not found
Tue Jun 17 15:27:01 CDT 2025: Running scheduled reports
Tue Jun 17 15:27:01 CDT 2025: Checking if NextJS server is running...
/Users/sim/Project2/scripts/../scripts/run-simple-scheduled-reports.sh: line 16: node: command not found
Tue Jun 17 15:27:01 CDT 2025: NextJS server is running. Running scheduled reports check...
/Users/sim/Project2/scripts/../scripts/run-scheduled-reports-cron.sh: line 25: node: command not found
Tue Jun 17 15:28:00 CDT 2025: Checking if NextJS server is running...
Tue Jun 17 15:28:00 CDT 2025: Running scheduled reports
/Users/sim/Project2/scripts/../scripts/run-simple-scheduled-reports.sh: line 16: node: command not found
Tue Jun 17 15:28:00 CDT 2025: NextJS server is running. Running scheduled reports check...
/Users/sim/Project2/scripts/../scripts/run-scheduled-reports-cron.sh: line 25: node: command not found
Tue Jun 17 15:29:00 CDT 2025: Running scheduled reports
Tue Jun 17 15:29:00 CDT 2025: Checking if NextJS server is running...
/Users/sim/Project2/scripts/../scripts/run-simple-scheduled-reports.sh: line 16: node: command not found
Tue Jun 17 15:29:00 CDT 2025: NextJS server is running. Running scheduled reports check...
/Users/sim/Project2/scripts/../scripts/run-scheduled-reports-cron.sh: line 25: node: command not found
Tue Jun 17 15:30:00 CDT 2025: Running scheduled reports
Tue Jun 17 15:30:00 CDT 2025: Checking if NextJS server is running...
/Users/sim/Project2/scripts/../scripts/run-simple-scheduled-reports.sh: line 16: node: command not found
Tue Jun 17 15:30:00 CDT 2025: NextJS server is running. Running scheduled reports check...
/Users/sim/Project2/scripts/../scripts/run-scheduled-reports-cron.sh: line 25: node: command not found
Tue Jun 17 15:31:00 CDT 2025: Running scheduled reports
Tue Jun 17 15:31:00 CDT 2025: Checking if NextJS server is running...
/Users/sim/Project2/scripts/../scripts/run-simple-scheduled-reports.sh: line 16: node: command not found
Tue Jun 17 15:31:00 CDT 2025: NextJS server is running. Running scheduled reports check...
/Users/sim/Project2/scripts/../scripts/run-scheduled-reports-cron.sh: line 25: node: command not found
Tue Jun 17 15:32:01 CDT 2025: Checking if NextJS server is running...
Tue Jun 17 15:32:01 CDT 2025: Running scheduled reports
/Users/sim/Project2/scripts/../scripts/run-simple-scheduled-reports.sh: line 16: node: command not found
Tue Jun 17 15:32:01 CDT 2025: NextJS server is running. Running scheduled reports check...
/Users/sim/Project2/scripts/../scripts/run-scheduled-reports-cron.sh: line 25: node: command not found
Tue Jun 17 15:33:00 CDT 2025: Running scheduled reports
Tue Jun 17 15:33:00 CDT 2025: Checking if NextJS server is running...
/Users/sim/Project2/scripts/../scripts/run-simple-scheduled-reports.sh: line 16: node: command not found
Tue Jun 17 15:33:00 CDT 2025: NextJS server is running. Running scheduled reports check...
/Users/sim/Project2/scripts/../scripts/run-scheduled-reports-cron.sh: line 25: node: command not found
Tue Jun 17 15:34:00 CDT 2025: Running scheduled reports
Tue Jun 17 15:34:00 CDT 2025: Checking if NextJS server is running...
/Users/sim/Project2/scripts/../scripts/run-simple-scheduled-reports.sh: line 16: node: command not found
Tue Jun 17 15:34:00 CDT 2025: NextJS server is running. Running scheduled reports check...
/Users/sim/Project2/scripts/../scripts/run-scheduled-reports-cron.sh: line 25: node: command not found
Tue Jun 17 15:35:00 CDT 2025: Checking if NextJS server is running...
Tue Jun 17 15:35:00 CDT 2025: Running scheduled reports
/Users/sim/Project2/scripts/../scripts/run-simple-scheduled-reports.sh: line 16: node: command not found
Tue Jun 17 15:35:00 CDT 2025: NextJS server is running. Running scheduled reports check...
/Users/sim/Project2/scripts/../scripts/run-scheduled-reports-cron.sh: line 25: node: command not found
Tue Jun 17 15:36:00 CDT 2025: Running scheduled reports
Tue Jun 17 15:36:00 CDT 2025: Checking if NextJS server is running...
/Users/sim/Project2/scripts/../scripts/run-simple-scheduled-reports.sh: line 16: node: command not found
Tue Jun 17 15:36:00 CDT 2025: NextJS server is running. Running scheduled reports check...
/Users/sim/Project2/scripts/../scripts/run-scheduled-reports-cron.sh: line 25: node: command not found
Tue Jun 17 15:37:00 CDT 2025: Checking if NextJS server is running...
Tue Jun 17 15:37:00 CDT 2025: Running scheduled reports
/Users/sim/Project2/scripts/../scripts/run-simple-scheduled-reports.sh: line 16: node: command not found
Tue Jun 17 15:37:00 CDT 2025: NextJS server is running. Running scheduled reports check...
/Users/sim/Project2/scripts/../scripts/run-scheduled-reports-cron.sh: line 25: node: command not found
Tue Jun 17 15:38:00 CDT 2025: Checking if NextJS server is running...
Tue Jun 17 15:38:00 CDT 2025: Running scheduled reports
/Users/sim/Project2/scripts/../scripts/run-simple-scheduled-reports.sh: line 16: node: command not found
Tue Jun 17 15:38:01 CDT 2025: NextJS server is running. Running scheduled reports check...
/Users/sim/Project2/scripts/../scripts/run-scheduled-reports-cron.sh: line 25: node: command not found
Tue Jun 17 15:39:00 CDT 2025: Running scheduled reports
Tue Jun 17 15:39:00 CDT 2025: Checking if NextJS server is running...
/Users/sim/Project2/scripts/../scripts/run-simple-scheduled-reports.sh: line 16: node: command not found
Tue Jun 17 15:39:00 CDT 2025: NextJS server is running. Running scheduled reports check...
/Users/sim/Project2/scripts/../scripts/run-scheduled-reports-cron.sh: line 25: node: command not found
Tue Jun 17 15:40:00 CDT 2025: Checking if NextJS server is running...
Tue Jun 17 15:40:00 CDT 2025: Running scheduled reports
/Users/sim/Project2/scripts/../scripts/run-simple-scheduled-reports.sh: line 16: node: command not found
Tue Jun 17 15:40:00 CDT 2025: NextJS server is running. Running scheduled reports check...
/Users/sim/Project2/scripts/../scripts/run-scheduled-reports-cron.sh: line 25: node: command not found
Tue Jun 17 15:41:00 CDT 2025: Running scheduled reports
Tue Jun 17 15:41:00 CDT 2025: Checking if NextJS server is running...
/Users/sim/Project2/scripts/../scripts/run-simple-scheduled-reports.sh: line 16: node: command not found
Tue Jun 17 15:41:00 CDT 2025: NextJS server is running. Running scheduled reports check...
/Users/sim/Project2/scripts/../scripts/run-scheduled-reports-cron.sh: line 25: node: command not found
Tue Jun 17 15:42:00 CDT 2025: Checking if NextJS server is running...
Tue Jun 17 15:42:00 CDT 2025: Running scheduled reports
/Users/sim/Project2/scripts/../scripts/run-simple-scheduled-reports.sh: line 16: node: command not found
Tue Jun 17 15:42:00 CDT 2025: NextJS server is running. Running scheduled reports check...
/Users/sim/Project2/scripts/../scripts/run-scheduled-reports-cron.sh: line 25: node: command not found
Tue Jun 17 15:43:01 CDT 2025: Checking if NextJS server is running...
Tue Jun 17 15:43:01 CDT 2025: Running scheduled reports
/Users/sim/Project2/scripts/../scripts/run-simple-scheduled-reports.sh: line 16: node: command not found
Tue Jun 17 15:43:01 CDT 2025: NextJS server is running. Running scheduled reports check...
/Users/sim/Project2/scripts/../scripts/run-scheduled-reports-cron.sh: line 25: node: command not found
Tue Jun 17 15:44:00 CDT 2025: Running scheduled reports
Tue Jun 17 15:44:00 CDT 2025: Checking if NextJS server is running...
/Users/sim/Project2/scripts/../scripts/run-simple-scheduled-reports.sh: line 16: node: command not found
Tue Jun 17 15:44:00 CDT 2025: NextJS server is running. Running scheduled reports check...
/Users/sim/Project2/scripts/../scripts/run-scheduled-reports-cron.sh: line 25: node: command not found
Tue Jun 17 15:45:00 CDT 2025: Running scheduled reports
Tue Jun 17 15:45:00 CDT 2025: Checking if NextJS server is running...
/Users/sim/Project2/scripts/../scripts/run-simple-scheduled-reports.sh: line 16: node: command not found
Tue Jun 17 15:45:00 CDT 2025: NextJS server is running. Running scheduled reports check...
/Users/sim/Project2/scripts/../scripts/run-scheduled-reports-cron.sh: line 25: node: command not found
Tue Jun 17 15:46:00 CDT 2025: Running scheduled reports
Tue Jun 17 15:46:00 CDT 2025: Checking if NextJS server is running...
/Users/sim/Project2/scripts/../scripts/run-simple-scheduled-reports.sh: line 16: node: command not found
Tue Jun 17 15:46:00 CDT 2025: NextJS server is running. Running scheduled reports check...
/Users/sim/Project2/scripts/../scripts/run-scheduled-reports-cron.sh: line 25: node: command not found
Tue Jun 17 15:47:00 CDT 2025: Checking if NextJS server is running...
Tue Jun 17 15:47:00 CDT 2025: Running scheduled reports
/Users/sim/Project2/scripts/../scripts/run-simple-scheduled-reports.sh: line 16: node: command not found
Tue Jun 17 15:47:00 CDT 2025: NextJS server is running. Running scheduled reports check...
/Users/sim/Project2/scripts/../scripts/run-scheduled-reports-cron.sh: line 25: node: command not found
Tue Jun 17 15:48:00 CDT 2025: Running scheduled reports
Tue Jun 17 15:48:00 CDT 2025: Checking if NextJS server is running...
/Users/sim/Project2/scripts/../scripts/run-simple-scheduled-reports.sh: line 16: node: command not found
Tue Jun 17 15:48:00 CDT 2025: NextJS server is running. Running scheduled reports check...
/Users/sim/Project2/scripts/../scripts/run-scheduled-reports-cron.sh: line 25: node: command not found
Tue Jun 17 15:49:01 CDT 2025: Running scheduled reports
Tue Jun 17 15:49:01 CDT 2025: Checking if NextJS server is running...
/Users/sim/Project2/scripts/../scripts/run-simple-scheduled-reports.sh: line 16: node: command not found
Tue Jun 17 15:49:01 CDT 2025: NextJS server is running. Running scheduled reports check...
/Users/sim/Project2/scripts/../scripts/run-scheduled-reports-cron.sh: line 25: node: command not found
Tue Jun 17 15:50:00 CDT 2025: Running scheduled reports
Tue Jun 17 15:50:00 CDT 2025: Checking if NextJS server is running...
/Users/sim/Project2/scripts/../scripts/run-simple-scheduled-reports.sh: line 16: node: command not found
Tue Jun 17 15:50:00 CDT 2025: NextJS server is running. Running scheduled reports check...
/Users/sim/Project2/scripts/../scripts/run-scheduled-reports-cron.sh: line 25: node: command not found
Tue Jun 17 15:51:00 CDT 2025: Running scheduled reports
Tue Jun 17 15:51:00 CDT 2025: Checking if NextJS server is running...
/Users/sim/Project2/scripts/../scripts/run-simple-scheduled-reports.sh: line 16: node: command not found
Tue Jun 17 15:51:00 CDT 2025: NextJS server is running. Running scheduled reports check...
/Users/sim/Project2/scripts/../scripts/run-scheduled-reports-cron.sh: line 25: node: command not found
Tue Jun 17 15:52:00 CDT 2025: Checking if NextJS server is running...
Tue Jun 17 15:52:00 CDT 2025: Running scheduled reports
/Users/sim/Project2/scripts/../scripts/run-simple-scheduled-reports.sh: line 16: node: command not found
Tue Jun 17 15:52:00 CDT 2025: NextJS server is running. Running scheduled reports check...
/Users/sim/Project2/scripts/../scripts/run-scheduled-reports-cron.sh: line 25: node: command not found
Tue Jun 17 15:53:00 CDT 2025: Running scheduled reports
Tue Jun 17 15:53:00 CDT 2025: Checking if NextJS server is running...
/Users/sim/Project2/scripts/../scripts/run-simple-scheduled-reports.sh: line 16: node: command not found
Tue Jun 17 15:53:00 CDT 2025: NextJS server is running. Running scheduled reports check...
/Users/sim/Project2/scripts/../scripts/run-scheduled-reports-cron.sh: line 25: node: command not found
Tue Jun 17 15:54:00 CDT 2025: Running scheduled reports
Tue Jun 17 15:54:00 CDT 2025: Checking if NextJS server is running...
/Users/sim/Project2/scripts/../scripts/run-simple-scheduled-reports.sh: line 16: node: command not found
Tue Jun 17 15:54:01 CDT 2025: NextJS server is running. Running scheduled reports check...
/Users/sim/Project2/scripts/../scripts/run-scheduled-reports-cron.sh: line 25: node: command not found
Tue Jun 17 15:55:00 CDT 2025: Checking if NextJS server is running...
Tue Jun 17 15:55:00 CDT 2025: Running scheduled reports
/Users/sim/Project2/scripts/../scripts/run-simple-scheduled-reports.sh: line 16: node: command not found
Tue Jun 17 15:55:00 CDT 2025: NextJS server is running. Running scheduled reports check...
/Users/sim/Project2/scripts/../scripts/run-scheduled-reports-cron.sh: line 25: node: command not found
Tue Jun 17 15:56:00 CDT 2025: Running scheduled reports
Tue Jun 17 15:56:00 CDT 2025: Checking if NextJS server is running...
/Users/sim/Project2/scripts/../scripts/run-simple-scheduled-reports.sh: line 16: node: command not found
Tue Jun 17 15:56:00 CDT 2025: NextJS server is running. Running scheduled reports check...
/Users/sim/Project2/scripts/../scripts/run-scheduled-reports-cron.sh: line 25: node: command not found
Tue Jun 17 15:57:00 CDT 2025: Checking if NextJS server is running...
Tue Jun 17 15:57:00 CDT 2025: Running scheduled reports
/Users/sim/Project2/scripts/../scripts/run-simple-scheduled-reports.sh: line 16: node: command not found
Tue Jun 17 15:57:00 CDT 2025: NextJS server is running. Running scheduled reports check...
/Users/sim/Project2/scripts/../scripts/run-scheduled-reports-cron.sh: line 25: node: command not found
Tue Jun 17 15:58:00 CDT 2025: Running scheduled reports
Tue Jun 17 15:58:00 CDT 2025: Checking if NextJS server is running...
/Users/sim/Project2/scripts/../scripts/run-simple-scheduled-reports.sh: line 16: node: command not found
Tue Jun 17 15:58:00 CDT 2025: NextJS server is not running. Skipping scheduled reports check.
Tue Jun 17 15:59:00 CDT 2025: Checking if NextJS server is running...
Tue Jun 17 15:59:00 CDT 2025: Running scheduled reports
/Users/sim/Project2/scripts/../scripts/run-simple-scheduled-reports.sh: line 16: node: command not found
Tue Jun 17 15:59:00 CDT 2025: NextJS server is not running. Skipping scheduled reports check.
Tue Jun 17 16:00:00 CDT 2025: Running scheduled reports
Tue Jun 17 16:00:00 CDT 2025: Checking if NextJS server is running...
/Users/sim/Project2/scripts/../scripts/run-simple-scheduled-reports.sh: line 16: node: command not found
Tue Jun 17 16:00:00 CDT 2025: NextJS server is not running. Skipping scheduled reports check.
Tue Jun 17 16:16:00 CDT 2025: Running scheduled reports
Tue Jun 17 16:16:00 CDT 2025: Checking if NextJS server is running...
/Users/sim/Project2/scripts/../scripts/run-simple-scheduled-reports.sh: line 16: node: command not found
Tue Jun 17 16:16:00 CDT 2025: NextJS server is not running. Skipping scheduled reports check.
Tue Jun 17 16:32:00 CDT 2025: Running scheduled reports
Tue Jun 17 16:32:00 CDT 2025: Checking if NextJS server is running...
/Users/sim/Project2/scripts/../scripts/run-simple-scheduled-reports.sh: line 16: node: command not found
Tue Jun 17 16:32:00 CDT 2025: NextJS server is not running. Skipping scheduled reports check.
Tue Jun 17 16:38:44 CDT 2025: Checking if NextJS server is running...
Tue Jun 17 16:38:44 CDT 2025: Running scheduled reports
/Users/sim/Project2/scripts/../scripts/run-simple-scheduled-reports.sh: line 16: node: command not found
Tue Jun 17 16:38:44 CDT 2025: NextJS server is not running. Skipping scheduled reports check.
Tue Jun 17 16:39:01 CDT 2025: Running scheduled reports
Tue Jun 17 16:39:01 CDT 2025: Checking if NextJS server is running...
/Users/sim/Project2/scripts/../scripts/run-simple-scheduled-reports.sh: line 16: node: command not found
Tue Jun 17 16:39:01 CDT 2025: NextJS server is not running. Skipping scheduled reports check.
Tue Jun 17 17:10:00 CDT 2025: Running scheduled reports
Tue Jun 17 17:10:00 CDT 2025: Checking if NextJS server is running...
/Users/sim/Project2/scripts/../scripts/run-simple-scheduled-reports.sh: line 16: node: command not found
Tue Jun 17 17:10:00 CDT 2025: NextJS server is not running. Skipping scheduled reports check.
Tue Jun 17 17:11:37 CDT 2025: Checking if NextJS server is running...
Tue Jun 17 17:11:37 CDT 2025: Running scheduled reports
/Users/sim/Project2/scripts/../scripts/run-simple-scheduled-reports.sh: line 16: node: command not found
Tue Jun 17 17:11:37 CDT 2025: NextJS server is not running. Skipping scheduled reports check.
Tue Jun 17 17:12:00 CDT 2025: Running scheduled reports
Tue Jun 17 17:12:00 CDT 2025: Checking if NextJS server is running...
/Users/sim/Project2/scripts/../scripts/run-simple-scheduled-reports.sh: line 16: node: command not found
Tue Jun 17 17:12:00 CDT 2025: NextJS server is not running. Skipping scheduled reports check.
Tue Jun 17 17:13:00 CDT 2025: Checking if NextJS server is running...
Tue Jun 17 17:13:00 CDT 2025: Running scheduled reports
/Users/sim/Project2/scripts/../scripts/run-simple-scheduled-reports.sh: line 16: node: command not found
Tue Jun 17 17:13:00 CDT 2025: NextJS server is not running. Skipping scheduled reports check.
Tue Jun 17 17:14:00 CDT 2025: Running scheduled reports
Tue Jun 17 17:14:00 CDT 2025: Checking if NextJS server is running...
/Users/sim/Project2/scripts/../scripts/run-simple-scheduled-reports.sh: line 16: node: command not found
Tue Jun 17 17:14:00 CDT 2025: NextJS server is not running. Skipping scheduled reports check.
Tue Jun 17 17:15:01 CDT 2025: Running scheduled reports
Tue Jun 17 17:15:01 CDT 2025: Checking if NextJS server is running...
/Users/sim/Project2/scripts/../scripts/run-simple-scheduled-reports.sh: line 16: node: command not found
Tue Jun 17 17:15:01 CDT 2025: NextJS server is not running. Skipping scheduled reports check.
Tue Jun 17 17:16:00 CDT 2025: Running scheduled reports
Tue Jun 17 17:16:00 CDT 2025: Checking if NextJS server is running...
/Users/sim/Project2/scripts/../scripts/run-simple-scheduled-reports.sh: line 16: node: command not found
Tue Jun 17 17:16:00 CDT 2025: NextJS server is not running. Skipping scheduled reports check.
Tue Jun 17 17:17:00 CDT 2025: Checking if NextJS server is running...
Tue Jun 17 17:17:00 CDT 2025: Running scheduled reports
/Users/sim/Project2/scripts/../scripts/run-simple-scheduled-reports.sh: line 16: node: command not found
Tue Jun 17 17:17:00 CDT 2025: NextJS server is not running. Skipping scheduled reports check.
Tue Jun 17 17:18:00 CDT 2025: Running scheduled reports
Tue Jun 17 17:18:00 CDT 2025: Checking if NextJS server is running...
/Users/sim/Project2/scripts/../scripts/run-simple-scheduled-reports.sh: line 16: node: command not found
Tue Jun 17 17:18:00 CDT 2025: NextJS server is not running. Skipping scheduled reports check.
Tue Jun 17 17:22:20 CDT 2025: Checking if NextJS server is running...
Tue Jun 17 17:22:20 CDT 2025: Running scheduled reports
/Users/sim/Project2/scripts/../scripts/run-simple-scheduled-reports.sh: line 16: node: command not found
Tue Jun 17 17:22:20 CDT 2025: NextJS server is not running. Skipping scheduled reports check.
