Fri Jun 13 01:42:00 CDT 2025: Running scheduled reports
Fri Jun 13 01:42:00 CDT 2025: Checking if NextJS server is running...
/Users/sim/Project2/scripts/../scripts/run-simple-scheduled-reports.sh: line 16: node: command not found
Fri Jun 13 01:42:01 CDT 2025: NextJS server is running. Running scheduled reports check...
/Users/sim/Project2/scripts/../scripts/run-scheduled-reports-cron.sh: line 25: node: command not found
Fri Jun 13 01:43:00 CDT 2025: Checking if NextJS server is running...
Fri Jun 13 01:43:00 CDT 2025: Running scheduled reports
/Users/sim/Project2/scripts/../scripts/run-simple-scheduled-reports.sh: line 16: node: command not found
Fri Jun 13 01:43:00 CDT 2025: NextJS server is running. Running scheduled reports check...
/Users/sim/Project2/scripts/../scripts/run-scheduled-reports-cron.sh: line 25: node: command not found
Fri Jun 13 01:44:00 CDT 2025: Running scheduled reports
Fri Jun 13 01:44:00 CDT 2025: Checking if NextJS server is running...
/Users/sim/Project2/scripts/../scripts/run-simple-scheduled-reports.sh: line 16: node: command not found
Fri Jun 13 01:44:01 CDT 2025: NextJS server is running. Running scheduled reports check...
/Users/sim/Project2/scripts/../scripts/run-scheduled-reports-cron.sh: line 25: node: command not found
Fri Jun 13 01:45:00 CDT 2025: Checking if NextJS server is running...
Fri Jun 13 01:45:00 CDT 2025: Running scheduled reports
/Users/sim/Project2/scripts/../scripts/run-simple-scheduled-reports.sh: line 16: node: command not found
Fri Jun 13 01:45:00 CDT 2025: NextJS server is running. Running scheduled reports check...
/Users/sim/Project2/scripts/../scripts/run-scheduled-reports-cron.sh: line 25: node: command not found
Fri Jun 13 01:46:00 CDT 2025: Running scheduled reports
Fri Jun 13 01:46:00 CDT 2025: Checking if NextJS server is running...
/Users/sim/Project2/scripts/../scripts/run-simple-scheduled-reports.sh: line 16: node: command not found
Fri Jun 13 01:46:00 CDT 2025: NextJS server is running. Running scheduled reports check...
/Users/sim/Project2/scripts/../scripts/run-scheduled-reports-cron.sh: line 25: node: command not found
Fri Jun 13 01:47:00 CDT 2025: Running scheduled reports
Fri Jun 13 01:47:00 CDT 2025: Checking if NextJS server is running...
/Users/sim/Project2/scripts/../scripts/run-simple-scheduled-reports.sh: line 16: node: command not found
Fri Jun 13 01:47:00 CDT 2025: NextJS server is not running. Skipping scheduled reports check.
Fri Jun 13 01:48:00 CDT 2025: Running scheduled reports
Fri Jun 13 01:48:00 CDT 2025: Checking if NextJS server is running...
/Users/sim/Project2/scripts/../scripts/run-simple-scheduled-reports.sh: line 16: node: command not found
Fri Jun 13 01:48:00 CDT 2025: NextJS server is not running. Skipping scheduled reports check.
Fri Jun 13 01:49:00 CDT 2025: Running scheduled reports
Fri Jun 13 01:49:00 CDT 2025: Checking if NextJS server is running...
/Users/sim/Project2/scripts/../scripts/run-simple-scheduled-reports.sh: line 16: node: command not found
Fri Jun 13 01:49:01 CDT 2025: NextJS server is running. Running scheduled reports check...
/Users/sim/Project2/scripts/../scripts/run-scheduled-reports-cron.sh: line 25: node: command not found
Fri Jun 13 01:50:00 CDT 2025: Checking if NextJS server is running...
Fri Jun 13 01:50:00 CDT 2025: Running scheduled reports
/Users/sim/Project2/scripts/../scripts/run-simple-scheduled-reports.sh: line 16: node: command not found
Fri Jun 13 01:50:00 CDT 2025: NextJS server is running. Running scheduled reports check...
/Users/sim/Project2/scripts/../scripts/run-scheduled-reports-cron.sh: line 25: node: command not found
Fri Jun 13 01:51:00 CDT 2025: Running scheduled reports
Fri Jun 13 01:51:00 CDT 2025: Checking if NextJS server is running...
/Users/sim/Project2/scripts/../scripts/run-simple-scheduled-reports.sh: line 16: node: command not found
Fri Jun 13 01:51:01 CDT 2025: NextJS server is running. Running scheduled reports check...
/Users/sim/Project2/scripts/../scripts/run-scheduled-reports-cron.sh: line 25: node: command not found
Fri Jun 13 01:52:00 CDT 2025: Running scheduled reports
Fri Jun 13 01:52:00 CDT 2025: Checking if NextJS server is running...
/Users/sim/Project2/scripts/../scripts/run-simple-scheduled-reports.sh: line 16: node: command not found
Fri Jun 13 01:52:00 CDT 2025: NextJS server is running. Running scheduled reports check...
/Users/sim/Project2/scripts/../scripts/run-scheduled-reports-cron.sh: line 25: node: command not found
Fri Jun 13 01:53:00 CDT 2025: Running scheduled reports
Fri Jun 13 01:53:00 CDT 2025: Checking if NextJS server is running...
/Users/sim/Project2/scripts/../scripts/run-simple-scheduled-reports.sh: line 16: node: command not found
Fri Jun 13 01:53:00 CDT 2025: NextJS server is running. Running scheduled reports check...
/Users/sim/Project2/scripts/../scripts/run-scheduled-reports-cron.sh: line 25: node: command not found
Fri Jun 13 01:54:00 CDT 2025: Running scheduled reports
Fri Jun 13 01:54:00 CDT 2025: Checking if NextJS server is running...
/Users/sim/Project2/scripts/../scripts/run-simple-scheduled-reports.sh: line 16: node: command not found
Fri Jun 13 01:54:00 CDT 2025: NextJS server is running. Running scheduled reports check...
/Users/sim/Project2/scripts/../scripts/run-scheduled-reports-cron.sh: line 25: node: command not found
Fri Jun 13 01:55:00 CDT 2025: Checking if NextJS server is running...
Fri Jun 13 01:55:00 CDT 2025: Running scheduled reports
/Users/sim/Project2/scripts/../scripts/run-simple-scheduled-reports.sh: line 16: node: command not found
Fri Jun 13 01:55:00 CDT 2025: NextJS server is running. Running scheduled reports check...
/Users/sim/Project2/scripts/../scripts/run-scheduled-reports-cron.sh: line 25: node: command not found
Fri Jun 13 01:56:03 CDT 2025: Running scheduled reports
Fri Jun 13 01:56:03 CDT 2025: Checking if NextJS server is running...
/Users/sim/Project2/scripts/../scripts/run-simple-scheduled-reports.sh: line 16: node: command not found
Fri Jun 13 01:56:03 CDT 2025: NextJS server is running. Running scheduled reports check...
/Users/sim/Project2/scripts/../scripts/run-scheduled-reports-cron.sh: line 25: node: command not found
Fri Jun 13 01:57:05 CDT 2025: Checking if NextJS server is running...
Fri Jun 13 01:57:05 CDT 2025: Running scheduled reports
/Users/sim/Project2/scripts/../scripts/run-simple-scheduled-reports.sh: line 16: node: command not found
Fri Jun 13 01:57:05 CDT 2025: NextJS server is running. Running scheduled reports check...
/Users/sim/Project2/scripts/../scripts/run-scheduled-reports-cron.sh: line 25: node: command not found
Fri Jun 13 01:58:03 CDT 2025: Running scheduled reports
Fri Jun 13 01:58:03 CDT 2025: Checking if NextJS server is running...
/Users/sim/Project2/scripts/../scripts/run-simple-scheduled-reports.sh: line 16: node: command not found
Fri Jun 13 01:58:03 CDT 2025: NextJS server is running. Running scheduled reports check...
/Users/sim/Project2/scripts/../scripts/run-scheduled-reports-cron.sh: line 25: node: command not found
Fri Jun 13 01:59:04 CDT 2025: Checking if NextJS server is running...
Fri Jun 13 01:59:04 CDT 2025: Running scheduled reports
/Users/sim/Project2/scripts/../scripts/run-simple-scheduled-reports.sh: line 16: node: command not found
Fri Jun 13 01:59:04 CDT 2025: NextJS server is running. Running scheduled reports check...
/Users/sim/Project2/scripts/../scripts/run-scheduled-reports-cron.sh: line 25: node: command not found
Fri Jun 13 02:00:03 CDT 2025: Running scheduled reports
Fri Jun 13 02:00:03 CDT 2025: Checking if NextJS server is running...
/Users/sim/Project2/scripts/../scripts/run-simple-scheduled-reports.sh: line 16: node: command not found
Fri Jun 13 02:00:03 CDT 2025: NextJS server is running. Running scheduled reports check...
/Users/sim/Project2/scripts/../scripts/run-scheduled-reports-cron.sh: line 25: node: command not found
Fri Jun 13 02:01:05 CDT 2025: Checking if NextJS server is running...
Fri Jun 13 02:01:05 CDT 2025: Running scheduled reports
/Users/sim/Project2/scripts/../scripts/run-simple-scheduled-reports.sh: line 16: node: command not found
Fri Jun 13 02:01:05 CDT 2025: NextJS server is running. Running scheduled reports check...
/Users/sim/Project2/scripts/../scripts/run-scheduled-reports-cron.sh: line 25: node: command not found
Fri Jun 13 02:02:05 CDT 2025: Checking if NextJS server is running...
Fri Jun 13 02:02:05 CDT 2025: Running scheduled reports
/Users/sim/Project2/scripts/../scripts/run-simple-scheduled-reports.sh: line 16: node: command not found
Fri Jun 13 02:02:05 CDT 2025: NextJS server is running. Running scheduled reports check...
/Users/sim/Project2/scripts/../scripts/run-scheduled-reports-cron.sh: line 25: node: command not found
Fri Jun 13 02:03:01 CDT 2025: Running scheduled reports
Fri Jun 13 02:03:01 CDT 2025: Checking if NextJS server is running...
/Users/sim/Project2/scripts/../scripts/run-simple-scheduled-reports.sh: line 16: node: command not found
Fri Jun 13 02:03:01 CDT 2025: NextJS server is running. Running scheduled reports check...
/Users/sim/Project2/scripts/../scripts/run-scheduled-reports-cron.sh: line 25: node: command not found
Fri Jun 13 02:04:00 CDT 2025: Running scheduled reports
Fri Jun 13 02:04:00 CDT 2025: Checking if NextJS server is running...
/Users/sim/Project2/scripts/../scripts/run-simple-scheduled-reports.sh: line 16: node: command not found
Fri Jun 13 02:04:00 CDT 2025: NextJS server is running. Running scheduled reports check...
/Users/sim/Project2/scripts/../scripts/run-scheduled-reports-cron.sh: line 25: node: command not found
Fri Jun 13 02:05:00 CDT 2025: Running scheduled reports
Fri Jun 13 02:05:00 CDT 2025: Checking if NextJS server is running...
/Users/sim/Project2/scripts/../scripts/run-simple-scheduled-reports.sh: line 16: node: command not found
Fri Jun 13 02:05:00 CDT 2025: NextJS server is running. Running scheduled reports check...
/Users/sim/Project2/scripts/../scripts/run-scheduled-reports-cron.sh: line 25: node: command not found
Fri Jun 13 02:06:00 CDT 2025: Checking if NextJS server is running...
Fri Jun 13 02:06:00 CDT 2025: Running scheduled reports
/Users/sim/Project2/scripts/../scripts/run-simple-scheduled-reports.sh: line 16: node: command not found
Fri Jun 13 02:06:00 CDT 2025: NextJS server is running. Running scheduled reports check...
/Users/sim/Project2/scripts/../scripts/run-scheduled-reports-cron.sh: line 25: node: command not found
Fri Jun 13 02:07:00 CDT 2025: Checking if NextJS server is running...
Fri Jun 13 02:07:00 CDT 2025: Running scheduled reports
/Users/sim/Project2/scripts/../scripts/run-simple-scheduled-reports.sh: line 16: node: command not found
Fri Jun 13 02:07:00 CDT 2025: NextJS server is running. Running scheduled reports check...
/Users/sim/Project2/scripts/../scripts/run-scheduled-reports-cron.sh: line 25: node: command not found
Fri Jun 13 02:08:00 CDT 2025: Checking if NextJS server is running...
Fri Jun 13 02:08:00 CDT 2025: Running scheduled reports
/Users/sim/Project2/scripts/../scripts/run-simple-scheduled-reports.sh: line 16: node: command not found
Fri Jun 13 02:08:00 CDT 2025: NextJS server is running. Running scheduled reports check...
/Users/sim/Project2/scripts/../scripts/run-scheduled-reports-cron.sh: line 25: node: command not found
Fri Jun 13 02:09:00 CDT 2025: Checking if NextJS server is running...
Fri Jun 13 02:09:00 CDT 2025: Running scheduled reports
/Users/sim/Project2/scripts/../scripts/run-simple-scheduled-reports.sh: line 16: node: command not found
Fri Jun 13 02:09:01 CDT 2025: NextJS server is running. Running scheduled reports check...
/Users/sim/Project2/scripts/../scripts/run-scheduled-reports-cron.sh: line 25: node: command not found
Fri Jun 13 02:10:00 CDT 2025: Running scheduled reports
Fri Jun 13 02:10:00 CDT 2025: Checking if NextJS server is running...
/Users/sim/Project2/scripts/../scripts/run-simple-scheduled-reports.sh: line 16: node: command not found
Fri Jun 13 02:10:00 CDT 2025: NextJS server is running. Running scheduled reports check...
/Users/sim/Project2/scripts/../scripts/run-scheduled-reports-cron.sh: line 25: node: command not found
Fri Jun 13 02:11:00 CDT 2025: Checking if NextJS server is running...
Fri Jun 13 02:11:00 CDT 2025: Running scheduled reports
/Users/sim/Project2/scripts/../scripts/run-simple-scheduled-reports.sh: line 16: node: command not found
Fri Jun 13 02:11:00 CDT 2025: NextJS server is running. Running scheduled reports check...
/Users/sim/Project2/scripts/../scripts/run-scheduled-reports-cron.sh: line 25: node: command not found
Fri Jun 13 02:12:01 CDT 2025: Checking if NextJS server is running...
Fri Jun 13 02:12:01 CDT 2025: Running scheduled reports
/Users/sim/Project2/scripts/../scripts/run-simple-scheduled-reports.sh: line 16: node: command not found
Fri Jun 13 02:12:02 CDT 2025: NextJS server is running. Running scheduled reports check...
/Users/sim/Project2/scripts/../scripts/run-scheduled-reports-cron.sh: line 25: node: command not found
Fri Jun 13 02:13:03 CDT 2025: Checking if NextJS server is running...
Fri Jun 13 02:13:03 CDT 2025: Running scheduled reports
/Users/sim/Project2/scripts/../scripts/run-simple-scheduled-reports.sh: line 16: node: command not found
Fri Jun 13 02:13:03 CDT 2025: NextJS server is running. Running scheduled reports check...
/Users/sim/Project2/scripts/../scripts/run-scheduled-reports-cron.sh: line 25: node: command not found
Fri Jun 13 02:14:04 CDT 2025: Running scheduled reports
Fri Jun 13 02:14:04 CDT 2025: Checking if NextJS server is running...
/Users/sim/Project2/scripts/../scripts/run-simple-scheduled-reports.sh: line 16: node: command not found
Fri Jun 13 02:14:04 CDT 2025: NextJS server is running. Running scheduled reports check...
/Users/sim/Project2/scripts/../scripts/run-scheduled-reports-cron.sh: line 25: node: command not found
Fri Jun 13 02:15:02 CDT 2025: Running scheduled reports
Fri Jun 13 02:15:02 CDT 2025: Checking if NextJS server is running...
/Users/sim/Project2/scripts/../scripts/run-simple-scheduled-reports.sh: line 16: node: command not found
Fri Jun 13 02:15:02 CDT 2025: NextJS server is running. Running scheduled reports check...
/Users/sim/Project2/scripts/../scripts/run-scheduled-reports-cron.sh: line 25: node: command not found
Fri Jun 13 02:16:04 CDT 2025: Running scheduled reports
Fri Jun 13 02:16:04 CDT 2025: Checking if NextJS server is running...
/Users/sim/Project2/scripts/../scripts/run-simple-scheduled-reports.sh: line 16: node: command not found
Fri Jun 13 02:16:04 CDT 2025: NextJS server is running. Running scheduled reports check...
/Users/sim/Project2/scripts/../scripts/run-scheduled-reports-cron.sh: line 25: node: command not found
Fri Jun 13 02:17:04 CDT 2025: Checking if NextJS server is running...
Fri Jun 13 02:17:04 CDT 2025: Running scheduled reports
/Users/sim/Project2/scripts/../scripts/run-simple-scheduled-reports.sh: line 16: node: command not found
Fri Jun 13 02:17:04 CDT 2025: NextJS server is running. Running scheduled reports check...
/Users/sim/Project2/scripts/../scripts/run-scheduled-reports-cron.sh: line 25: node: command not found
Fri Jun 13 02:18:04 CDT 2025: Running scheduled reports
Fri Jun 13 02:18:04 CDT 2025: Checking if NextJS server is running...
/Users/sim/Project2/scripts/../scripts/run-simple-scheduled-reports.sh: line 16: node: command not found
Fri Jun 13 02:18:04 CDT 2025: NextJS server is running. Running scheduled reports check...
/Users/sim/Project2/scripts/../scripts/run-scheduled-reports-cron.sh: line 25: node: command not found
Fri Jun 13 02:19:03 CDT 2025: Running scheduled reports
Fri Jun 13 02:19:03 CDT 2025: Checking if NextJS server is running...
/Users/sim/Project2/scripts/../scripts/run-simple-scheduled-reports.sh: line 16: node: command not found
Fri Jun 13 02:19:03 CDT 2025: NextJS server is running. Running scheduled reports check...
/Users/sim/Project2/scripts/../scripts/run-scheduled-reports-cron.sh: line 25: node: command not found
Fri Jun 13 02:20:04 CDT 2025: Checking if NextJS server is running...
Fri Jun 13 02:20:04 CDT 2025: Running scheduled reports
/Users/sim/Project2/scripts/../scripts/run-simple-scheduled-reports.sh: line 16: node: command not found
Fri Jun 13 02:20:04 CDT 2025: NextJS server is running. Running scheduled reports check...
/Users/sim/Project2/scripts/../scripts/run-scheduled-reports-cron.sh: line 25: node: command not found
Fri Jun 13 02:21:06 CDT 2025: Checking if NextJS server is running...
Fri Jun 13 02:21:06 CDT 2025: Running scheduled reports
/Users/sim/Project2/scripts/../scripts/run-simple-scheduled-reports.sh: line 16: node: command not found
Fri Jun 13 02:21:06 CDT 2025: NextJS server is running. Running scheduled reports check...
/Users/sim/Project2/scripts/../scripts/run-scheduled-reports-cron.sh: line 25: node: command not found
Fri Jun 13 02:22:02 CDT 2025: Running scheduled reports
Fri Jun 13 02:22:02 CDT 2025: Checking if NextJS server is running...
/Users/sim/Project2/scripts/../scripts/run-simple-scheduled-reports.sh: line 16: node: command not found
Fri Jun 13 02:22:03 CDT 2025: NextJS server is running. Running scheduled reports check...
/Users/sim/Project2/scripts/../scripts/run-scheduled-reports-cron.sh: line 25: node: command not found
Fri Jun 13 02:23:03 CDT 2025: Checking if NextJS server is running...
Fri Jun 13 02:23:03 CDT 2025: Running scheduled reports
/Users/sim/Project2/scripts/../scripts/run-simple-scheduled-reports.sh: line 16: node: command not found
Fri Jun 13 02:23:03 CDT 2025: NextJS server is running. Running scheduled reports check...
/Users/sim/Project2/scripts/../scripts/run-scheduled-reports-cron.sh: line 25: node: command not found
Fri Jun 13 02:24:04 CDT 2025: Running scheduled reports
Fri Jun 13 02:24:04 CDT 2025: Checking if NextJS server is running...
/Users/sim/Project2/scripts/../scripts/run-simple-scheduled-reports.sh: line 16: node: command not found
Fri Jun 13 02:24:05 CDT 2025: NextJS server is running. Running scheduled reports check...
/Users/sim/Project2/scripts/../scripts/run-scheduled-reports-cron.sh: line 25: node: command not found
Fri Jun 13 02:25:02 CDT 2025: Running scheduled reports
Fri Jun 13 02:25:02 CDT 2025: Checking if NextJS server is running...
/Users/sim/Project2/scripts/../scripts/run-simple-scheduled-reports.sh: line 16: node: command not found
Fri Jun 13 02:25:02 CDT 2025: NextJS server is running. Running scheduled reports check...
/Users/sim/Project2/scripts/../scripts/run-scheduled-reports-cron.sh: line 25: node: command not found
Fri Jun 13 02:26:02 CDT 2025: Checking if NextJS server is running...
Fri Jun 13 02:26:02 CDT 2025: Running scheduled reports
/Users/sim/Project2/scripts/../scripts/run-simple-scheduled-reports.sh: line 16: node: command not found
Fri Jun 13 02:26:02 CDT 2025: NextJS server is running. Running scheduled reports check...
/Users/sim/Project2/scripts/../scripts/run-scheduled-reports-cron.sh: line 25: node: command not found
Fri Jun 13 02:27:00 CDT 2025: Running scheduled reports
Fri Jun 13 02:27:00 CDT 2025: Checking if NextJS server is running...
/Users/sim/Project2/scripts/../scripts/run-simple-scheduled-reports.sh: line 16: node: command not found
Fri Jun 13 02:27:00 CDT 2025: NextJS server is running. Running scheduled reports check...
/Users/sim/Project2/scripts/../scripts/run-scheduled-reports-cron.sh: line 25: node: command not found
Fri Jun 13 02:28:00 CDT 2025: Running scheduled reports
Fri Jun 13 02:28:00 CDT 2025: Checking if NextJS server is running...
/Users/sim/Project2/scripts/../scripts/run-simple-scheduled-reports.sh: line 16: node: command not found
Fri Jun 13 02:28:00 CDT 2025: NextJS server is running. Running scheduled reports check...
/Users/sim/Project2/scripts/../scripts/run-scheduled-reports-cron.sh: line 25: node: command not found
Fri Jun 13 02:29:00 CDT 2025: Checking if NextJS server is running...
Fri Jun 13 02:29:00 CDT 2025: Running scheduled reports
/Users/sim/Project2/scripts/../scripts/run-simple-scheduled-reports.sh: line 16: node: command not found
Fri Jun 13 02:29:00 CDT 2025: NextJS server is running. Running scheduled reports check...
/Users/sim/Project2/scripts/../scripts/run-scheduled-reports-cron.sh: line 25: node: command not found
Fri Jun 13 02:30:00 CDT 2025: Running scheduled reports
Fri Jun 13 02:30:00 CDT 2025: Checking if NextJS server is running...
/Users/sim/Project2/scripts/../scripts/run-simple-scheduled-reports.sh: line 16: node: command not found
Fri Jun 13 02:30:00 CDT 2025: NextJS server is not running. Skipping scheduled reports check.
Fri Jun 13 02:31:00 CDT 2025: Running scheduled reports
Fri Jun 13 02:31:00 CDT 2025: Checking if NextJS server is running...
/Users/sim/Project2/scripts/../scripts/run-simple-scheduled-reports.sh: line 16: node: command not found
Fri Jun 13 02:31:00 CDT 2025: NextJS server is not running. Skipping scheduled reports check.
Fri Jun 13 02:32:01 CDT 2025: Checking if NextJS server is running...
Fri Jun 13 02:32:01 CDT 2025: Running scheduled reports
/Users/sim/Project2/scripts/../scripts/run-simple-scheduled-reports.sh: line 16: node: command not found
Fri Jun 13 02:32:01 CDT 2025: NextJS server is not running. Skipping scheduled reports check.
Fri Jun 13 02:33:00 CDT 2025: Checking if NextJS server is running...
Fri Jun 13 02:33:00 CDT 2025: Running scheduled reports
/Users/sim/Project2/scripts/../scripts/run-simple-scheduled-reports.sh: line 16: node: command not found
Fri Jun 13 02:33:00 CDT 2025: NextJS server is running. Running scheduled reports check...
/Users/sim/Project2/scripts/../scripts/run-scheduled-reports-cron.sh: line 25: node: command not found
Fri Jun 13 02:34:01 CDT 2025: Checking if NextJS server is running...
Fri Jun 13 02:34:01 CDT 2025: Running scheduled reports
/Users/sim/Project2/scripts/../scripts/run-simple-scheduled-reports.sh: line 16: node: command not found
Fri Jun 13 02:34:01 CDT 2025: NextJS server is running. Running scheduled reports check...
/Users/sim/Project2/scripts/../scripts/run-scheduled-reports-cron.sh: line 25: node: command not found
Fri Jun 13 02:35:00 CDT 2025: Checking if NextJS server is running...
Fri Jun 13 02:35:00 CDT 2025: Running scheduled reports
/Users/sim/Project2/scripts/../scripts/run-simple-scheduled-reports.sh: line 16: node: command not found
Fri Jun 13 02:35:00 CDT 2025: NextJS server is running. Running scheduled reports check...
/Users/sim/Project2/scripts/../scripts/run-scheduled-reports-cron.sh: line 25: node: command not found
Fri Jun 13 02:36:00 CDT 2025: Checking if NextJS server is running...
Fri Jun 13 02:36:00 CDT 2025: Running scheduled reports
/Users/sim/Project2/scripts/../scripts/run-simple-scheduled-reports.sh: line 16: node: command not found
Fri Jun 13 02:36:00 CDT 2025: NextJS server is not running. Skipping scheduled reports check.
Fri Jun 13 02:37:00 CDT 2025: Checking if NextJS server is running...
Fri Jun 13 02:37:00 CDT 2025: Running scheduled reports
/Users/sim/Project2/scripts/../scripts/run-simple-scheduled-reports.sh: line 16: node: command not found
Fri Jun 13 02:37:00 CDT 2025: NextJS server is running. Running scheduled reports check...
/Users/sim/Project2/scripts/../scripts/run-scheduled-reports-cron.sh: line 25: node: command not found
Fri Jun 13 02:38:01 CDT 2025: Running scheduled reports
Fri Jun 13 02:38:01 CDT 2025: Checking if NextJS server is running...
/Users/sim/Project2/scripts/../scripts/run-simple-scheduled-reports.sh: line 16: node: command not found
Fri Jun 13 02:38:01 CDT 2025: NextJS server is running. Running scheduled reports check...
/Users/sim/Project2/scripts/../scripts/run-scheduled-reports-cron.sh: line 25: node: command not found
Fri Jun 13 02:39:00 CDT 2025: Checking if NextJS server is running...
Fri Jun 13 02:39:00 CDT 2025: Running scheduled reports
/Users/sim/Project2/scripts/../scripts/run-simple-scheduled-reports.sh: line 16: node: command not found
Fri Jun 13 02:39:00 CDT 2025: NextJS server is running. Running scheduled reports check...
/Users/sim/Project2/scripts/../scripts/run-scheduled-reports-cron.sh: line 25: node: command not found
Fri Jun 13 02:40:00 CDT 2025: Running scheduled reports
Fri Jun 13 02:40:00 CDT 2025: Checking if NextJS server is running...
/Users/sim/Project2/scripts/../scripts/run-simple-scheduled-reports.sh: line 16: node: command not found
Fri Jun 13 02:40:00 CDT 2025: NextJS server is running. Running scheduled reports check...
/Users/sim/Project2/scripts/../scripts/run-scheduled-reports-cron.sh: line 25: node: command not found
Fri Jun 13 02:41:00 CDT 2025: Checking if NextJS server is running...
Fri Jun 13 02:41:00 CDT 2025: Running scheduled reports
/Users/sim/Project2/scripts/../scripts/run-simple-scheduled-reports.sh: line 16: node: command not found
Fri Jun 13 02:41:00 CDT 2025: NextJS server is running. Running scheduled reports check...
/Users/sim/Project2/scripts/../scripts/run-scheduled-reports-cron.sh: line 25: node: command not found
Fri Jun 13 02:42:00 CDT 2025: Checking if NextJS server is running...
Fri Jun 13 02:42:00 CDT 2025: Running scheduled reports
/Users/sim/Project2/scripts/../scripts/run-simple-scheduled-reports.sh: line 16: node: command not found
Fri Jun 13 02:42:00 CDT 2025: NextJS server is running. Running scheduled reports check...
/Users/sim/Project2/scripts/../scripts/run-scheduled-reports-cron.sh: line 25: node: command not found
Fri Jun 13 02:43:00 CDT 2025: Checking if NextJS server is running...
Fri Jun 13 02:43:00 CDT 2025: Running scheduled reports
/Users/sim/Project2/scripts/../scripts/run-simple-scheduled-reports.sh: line 16: node: command not found
Fri Jun 13 02:43:01 CDT 2025: NextJS server is running. Running scheduled reports check...
/Users/sim/Project2/scripts/../scripts/run-scheduled-reports-cron.sh: line 25: node: command not found
Fri Jun 13 02:44:00 CDT 2025: Checking if NextJS server is running...
Fri Jun 13 02:44:00 CDT 2025: Running scheduled reports
/Users/sim/Project2/scripts/../scripts/run-simple-scheduled-reports.sh: line 16: node: command not found
Fri Jun 13 02:44:00 CDT 2025: NextJS server is running. Running scheduled reports check...
/Users/sim/Project2/scripts/../scripts/run-scheduled-reports-cron.sh: line 25: node: command not found
Fri Jun 13 02:45:00 CDT 2025: Checking if NextJS server is running...
Fri Jun 13 02:45:00 CDT 2025: Running scheduled reports
/Users/sim/Project2/scripts/../scripts/run-simple-scheduled-reports.sh: line 16: node: command not found
Fri Jun 13 02:45:00 CDT 2025: NextJS server is running. Running scheduled reports check...
/Users/sim/Project2/scripts/../scripts/run-scheduled-reports-cron.sh: line 25: node: command not found
Fri Jun 13 02:46:00 CDT 2025: Running scheduled reports
Fri Jun 13 02:46:00 CDT 2025: Checking if NextJS server is running...
/Users/sim/Project2/scripts/../scripts/run-simple-scheduled-reports.sh: line 16: node: command not found
Fri Jun 13 02:46:00 CDT 2025: NextJS server is running. Running scheduled reports check...
/Users/sim/Project2/scripts/../scripts/run-scheduled-reports-cron.sh: line 25: node: command not found
Fri Jun 13 02:47:01 CDT 2025: Checking if NextJS server is running...
Fri Jun 13 02:47:01 CDT 2025: Running scheduled reports
/Users/sim/Project2/scripts/../scripts/run-simple-scheduled-reports.sh: line 16: node: command not found
Fri Jun 13 02:47:01 CDT 2025: NextJS server is running. Running scheduled reports check...
/Users/sim/Project2/scripts/../scripts/run-scheduled-reports-cron.sh: line 25: node: command not found
Fri Jun 13 02:48:00 CDT 2025: Checking if NextJS server is running...
Fri Jun 13 02:48:00 CDT 2025: Running scheduled reports
/Users/sim/Project2/scripts/../scripts/run-simple-scheduled-reports.sh: line 16: node: command not found
Fri Jun 13 02:48:00 CDT 2025: NextJS server is not running. Skipping scheduled reports check.
Fri Jun 13 02:49:00 CDT 2025: Checking if NextJS server is running...
Fri Jun 13 02:49:00 CDT 2025: Running scheduled reports
/Users/sim/Project2/scripts/../scripts/run-simple-scheduled-reports.sh: line 16: node: command not found
Fri Jun 13 02:49:00 CDT 2025: NextJS server is not running. Skipping scheduled reports check.
Fri Jun 13 02:50:00 CDT 2025: Checking if NextJS server is running...
Fri Jun 13 02:50:00 CDT 2025: Running scheduled reports
/Users/sim/Project2/scripts/../scripts/run-simple-scheduled-reports.sh: line 16: node: command not found
Fri Jun 13 02:50:01 CDT 2025: NextJS server is running. Running scheduled reports check...
/Users/sim/Project2/scripts/../scripts/run-scheduled-reports-cron.sh: line 25: node: command not found
Fri Jun 13 02:51:00 CDT 2025: Checking if NextJS server is running...
Fri Jun 13 02:51:00 CDT 2025: Running scheduled reports
/Users/sim/Project2/scripts/../scripts/run-simple-scheduled-reports.sh: line 16: node: command not found
Fri Jun 13 02:51:00 CDT 2025: NextJS server is running. Running scheduled reports check...
/Users/sim/Project2/scripts/../scripts/run-scheduled-reports-cron.sh: line 25: node: command not found
Fri Jun 13 02:52:00 CDT 2025: Running scheduled reports
Fri Jun 13 02:52:00 CDT 2025: Checking if NextJS server is running...
/Users/sim/Project2/scripts/../scripts/run-simple-scheduled-reports.sh: line 16: node: command not found
Fri Jun 13 02:52:00 CDT 2025: NextJS server is running. Running scheduled reports check...
/Users/sim/Project2/scripts/../scripts/run-scheduled-reports-cron.sh: line 25: node: command not found
Fri Jun 13 02:53:00 CDT 2025: Running scheduled reports
Fri Jun 13 02:53:00 CDT 2025: Checking if NextJS server is running...
/Users/sim/Project2/scripts/../scripts/run-simple-scheduled-reports.sh: line 16: node: command not found
Fri Jun 13 02:53:00 CDT 2025: NextJS server is running. Running scheduled reports check...
/Users/sim/Project2/scripts/../scripts/run-scheduled-reports-cron.sh: line 25: node: command not found
Fri Jun 13 02:54:00 CDT 2025: Running scheduled reports
Fri Jun 13 02:54:00 CDT 2025: Checking if NextJS server is running...
/Users/sim/Project2/scripts/../scripts/run-simple-scheduled-reports.sh: line 16: node: command not found
Fri Jun 13 02:54:00 CDT 2025: NextJS server is running. Running scheduled reports check...
/Users/sim/Project2/scripts/../scripts/run-scheduled-reports-cron.sh: line 25: node: command not found
Fri Jun 13 02:55:01 CDT 2025: Checking if NextJS server is running...
Fri Jun 13 02:55:01 CDT 2025: Running scheduled reports
/Users/sim/Project2/scripts/../scripts/run-simple-scheduled-reports.sh: line 16: node: command not found
Fri Jun 13 02:55:01 CDT 2025: NextJS server is running. Running scheduled reports check...
/Users/sim/Project2/scripts/../scripts/run-scheduled-reports-cron.sh: line 25: node: command not found
Fri Jun 13 02:56:00 CDT 2025: Running scheduled reports
Fri Jun 13 02:56:00 CDT 2025: Checking if NextJS server is running...
/Users/sim/Project2/scripts/../scripts/run-simple-scheduled-reports.sh: line 16: node: command not found
Fri Jun 13 02:56:00 CDT 2025: NextJS server is running. Running scheduled reports check...
/Users/sim/Project2/scripts/../scripts/run-scheduled-reports-cron.sh: line 25: node: command not found
Fri Jun 13 02:57:00 CDT 2025: Checking if NextJS server is running...
Fri Jun 13 02:57:00 CDT 2025: Running scheduled reports
/Users/sim/Project2/scripts/../scripts/run-simple-scheduled-reports.sh: line 16: node: command not found
Fri Jun 13 02:57:00 CDT 2025: NextJS server is running. Running scheduled reports check...
/Users/sim/Project2/scripts/../scripts/run-scheduled-reports-cron.sh: line 25: node: command not found
Fri Jun 13 02:58:00 CDT 2025: Running scheduled reports
Fri Jun 13 02:58:00 CDT 2025: Checking if NextJS server is running...
/Users/sim/Project2/scripts/../scripts/run-simple-scheduled-reports.sh: line 16: node: command not found
Fri Jun 13 02:58:00 CDT 2025: NextJS server is running. Running scheduled reports check...
/Users/sim/Project2/scripts/../scripts/run-scheduled-reports-cron.sh: line 25: node: command not found
Fri Jun 13 02:59:00 CDT 2025: Running scheduled reports
Fri Jun 13 02:59:00 CDT 2025: Checking if NextJS server is running...
/Users/sim/Project2/scripts/../scripts/run-simple-scheduled-reports.sh: line 16: node: command not found
Fri Jun 13 02:59:01 CDT 2025: NextJS server is running. Running scheduled reports check...
/Users/sim/Project2/scripts/../scripts/run-scheduled-reports-cron.sh: line 25: node: command not found
Fri Jun 13 03:00:00 CDT 2025: Checking if NextJS server is running...
Fri Jun 13 03:00:00 CDT 2025: Running scheduled reports
/Users/sim/Project2/scripts/../scripts/run-simple-scheduled-reports.sh: line 16: node: command not found
Fri Jun 13 03:00:00 CDT 2025: NextJS server is running. Running scheduled reports check...
/Users/sim/Project2/scripts/../scripts/run-scheduled-reports-cron.sh: line 25: node: command not found
Fri Jun 13 03:01:00 CDT 2025: Checking if NextJS server is running...
Fri Jun 13 03:01:00 CDT 2025: Running scheduled reports
/Users/sim/Project2/scripts/../scripts/run-simple-scheduled-reports.sh: line 16: node: command not found
Fri Jun 13 03:01:00 CDT 2025: NextJS server is running. Running scheduled reports check...
/Users/sim/Project2/scripts/../scripts/run-scheduled-reports-cron.sh: line 25: node: command not found
Fri Jun 13 03:02:00 CDT 2025: Checking if NextJS server is running...
Fri Jun 13 03:02:00 CDT 2025: Running scheduled reports
/Users/sim/Project2/scripts/../scripts/run-simple-scheduled-reports.sh: line 16: node: command not found
Fri Jun 13 03:02:00 CDT 2025: NextJS server is running. Running scheduled reports check...
/Users/sim/Project2/scripts/../scripts/run-scheduled-reports-cron.sh: line 25: node: command not found
Fri Jun 13 03:03:00 CDT 2025: Running scheduled reports
Fri Jun 13 03:03:00 CDT 2025: Checking if NextJS server is running...
/Users/sim/Project2/scripts/../scripts/run-simple-scheduled-reports.sh: line 16: node: command not found
Fri Jun 13 03:03:00 CDT 2025: NextJS server is running. Running scheduled reports check...
/Users/sim/Project2/scripts/../scripts/run-scheduled-reports-cron.sh: line 25: node: command not found
Fri Jun 13 03:04:00 CDT 2025: Running scheduled reports
Fri Jun 13 03:04:00 CDT 2025: Checking if NextJS server is running...
/Users/sim/Project2/scripts/../scripts/run-simple-scheduled-reports.sh: line 16: node: command not found
Fri Jun 13 03:04:00 CDT 2025: NextJS server is running. Running scheduled reports check...
/Users/sim/Project2/scripts/../scripts/run-scheduled-reports-cron.sh: line 25: node: command not found
Fri Jun 13 03:05:02 CDT 2025: Running scheduled reports
Fri Jun 13 03:05:02 CDT 2025: Checking if NextJS server is running...
/Users/sim/Project2/scripts/../scripts/run-simple-scheduled-reports.sh: line 16: node: command not found
Fri Jun 13 03:05:02 CDT 2025: NextJS server is running. Running scheduled reports check...
/Users/sim/Project2/scripts/../scripts/run-scheduled-reports-cron.sh: line 25: node: command not found
Fri Jun 13 03:06:03 CDT 2025: Running scheduled reports
Fri Jun 13 03:06:03 CDT 2025: Checking if NextJS server is running...
/Users/sim/Project2/scripts/../scripts/run-simple-scheduled-reports.sh: line 16: node: command not found
Fri Jun 13 03:06:03 CDT 2025: NextJS server is running. Running scheduled reports check...
/Users/sim/Project2/scripts/../scripts/run-scheduled-reports-cron.sh: line 25: node: command not found
Fri Jun 13 03:07:02 CDT 2025: Checking if NextJS server is running...
Fri Jun 13 03:07:02 CDT 2025: Running scheduled reports
/Users/sim/Project2/scripts/../scripts/run-simple-scheduled-reports.sh: line 16: node: command not found
Fri Jun 13 03:07:02 CDT 2025: NextJS server is running. Running scheduled reports check...
/Users/sim/Project2/scripts/../scripts/run-scheduled-reports-cron.sh: line 25: node: command not found
Fri Jun 13 03:08:03 CDT 2025: Running scheduled reports
Fri Jun 13 03:08:03 CDT 2025: Checking if NextJS server is running...
/Users/sim/Project2/scripts/../scripts/run-simple-scheduled-reports.sh: line 16: node: command not found
Fri Jun 13 03:08:03 CDT 2025: NextJS server is running. Running scheduled reports check...
/Users/sim/Project2/scripts/../scripts/run-scheduled-reports-cron.sh: line 25: node: command not found
Fri Jun 13 03:09:04 CDT 2025: Running scheduled reports
Fri Jun 13 03:09:04 CDT 2025: Checking if NextJS server is running...
/Users/sim/Project2/scripts/../scripts/run-simple-scheduled-reports.sh: line 16: node: command not found
Fri Jun 13 03:09:04 CDT 2025: NextJS server is running. Running scheduled reports check...
/Users/sim/Project2/scripts/../scripts/run-scheduled-reports-cron.sh: line 25: node: command not found
Fri Jun 13 03:10:02 CDT 2025: Checking if NextJS server is running...
Fri Jun 13 03:10:02 CDT 2025: Running scheduled reports
/Users/sim/Project2/scripts/../scripts/run-simple-scheduled-reports.sh: line 16: node: command not found
Fri Jun 13 03:10:03 CDT 2025: NextJS server is running. Running scheduled reports check...
/Users/sim/Project2/scripts/../scripts/run-scheduled-reports-cron.sh: line 25: node: command not found
Fri Jun 13 03:11:01 CDT 2025: Running scheduled reports
Fri Jun 13 03:11:01 CDT 2025: Checking if NextJS server is running...
/Users/sim/Project2/scripts/../scripts/run-simple-scheduled-reports.sh: line 16: node: command not found
Fri Jun 13 03:11:01 CDT 2025: NextJS server is running. Running scheduled reports check...
/Users/sim/Project2/scripts/../scripts/run-scheduled-reports-cron.sh: line 25: node: command not found
Fri Jun 13 03:12:02 CDT 2025: Running scheduled reports
Fri Jun 13 03:12:02 CDT 2025: Checking if NextJS server is running...
/Users/sim/Project2/scripts/../scripts/run-simple-scheduled-reports.sh: line 16: node: command not found
Fri Jun 13 03:12:02 CDT 2025: NextJS server is running. Running scheduled reports check...
/Users/sim/Project2/scripts/../scripts/run-scheduled-reports-cron.sh: line 25: node: command not found
Fri Jun 13 03:13:03 CDT 2025: Checking if NextJS server is running...
Fri Jun 13 03:13:03 CDT 2025: Running scheduled reports
/Users/sim/Project2/scripts/../scripts/run-simple-scheduled-reports.sh: line 16: node: command not found
Fri Jun 13 03:13:03 CDT 2025: NextJS server is running. Running scheduled reports check...
/Users/sim/Project2/scripts/../scripts/run-scheduled-reports-cron.sh: line 25: node: command not found
Fri Jun 13 03:14:03 CDT 2025: Running scheduled reports
Fri Jun 13 03:14:03 CDT 2025: Checking if NextJS server is running...
/Users/sim/Project2/scripts/../scripts/run-simple-scheduled-reports.sh: line 16: node: command not found
Fri Jun 13 03:14:03 CDT 2025: NextJS server is running. Running scheduled reports check...
/Users/sim/Project2/scripts/../scripts/run-scheduled-reports-cron.sh: line 25: node: command not found
Fri Jun 13 03:15:02 CDT 2025: Running scheduled reports
Fri Jun 13 03:15:02 CDT 2025: Checking if NextJS server is running...
/Users/sim/Project2/scripts/../scripts/run-simple-scheduled-reports.sh: line 16: node: command not found
Fri Jun 13 03:15:02 CDT 2025: NextJS server is running. Running scheduled reports check...
/Users/sim/Project2/scripts/../scripts/run-scheduled-reports-cron.sh: line 25: node: command not found
Fri Jun 13 03:16:04 CDT 2025: Running scheduled reports
Fri Jun 13 03:16:04 CDT 2025: Checking if NextJS server is running...
/Users/sim/Project2/scripts/../scripts/run-simple-scheduled-reports.sh: line 16: node: command not found
Fri Jun 13 03:16:04 CDT 2025: NextJS server is running. Running scheduled reports check...
/Users/sim/Project2/scripts/../scripts/run-scheduled-reports-cron.sh: line 25: node: command not found
Fri Jun 13 03:17:02 CDT 2025: Running scheduled reports
Fri Jun 13 03:17:02 CDT 2025: Checking if NextJS server is running...
/Users/sim/Project2/scripts/../scripts/run-simple-scheduled-reports.sh: line 16: node: command not found
Fri Jun 13 03:17:02 CDT 2025: NextJS server is running. Running scheduled reports check...
/Users/sim/Project2/scripts/../scripts/run-scheduled-reports-cron.sh: line 25: node: command not found
Fri Jun 13 03:18:01 CDT 2025: Checking if NextJS server is running...
Fri Jun 13 03:18:01 CDT 2025: Running scheduled reports
/Users/sim/Project2/scripts/../scripts/run-simple-scheduled-reports.sh: line 16: node: command not found
Fri Jun 13 03:18:01 CDT 2025: NextJS server is running. Running scheduled reports check...
/Users/sim/Project2/scripts/../scripts/run-scheduled-reports-cron.sh: line 25: node: command not found
Fri Jun 13 03:19:03 CDT 2025: Checking if NextJS server is running...
Fri Jun 13 03:19:03 CDT 2025: Running scheduled reports
/Users/sim/Project2/scripts/../scripts/run-simple-scheduled-reports.sh: line 16: node: command not found
Fri Jun 13 03:19:03 CDT 2025: NextJS server is running. Running scheduled reports check...
/Users/sim/Project2/scripts/../scripts/run-scheduled-reports-cron.sh: line 25: node: command not found
Fri Jun 13 03:20:03 CDT 2025: Checking if NextJS server is running...
Fri Jun 13 03:20:03 CDT 2025: Running scheduled reports
/Users/sim/Project2/scripts/../scripts/run-simple-scheduled-reports.sh: line 16: node: command not found
Fri Jun 13 03:20:03 CDT 2025: NextJS server is running. Running scheduled reports check...
/Users/sim/Project2/scripts/../scripts/run-scheduled-reports-cron.sh: line 25: node: command not found
Fri Jun 13 03:21:02 CDT 2025: Checking if NextJS server is running...
Fri Jun 13 03:21:02 CDT 2025: Running scheduled reports
/Users/sim/Project2/scripts/../scripts/run-simple-scheduled-reports.sh: line 16: node: command not found
Fri Jun 13 03:21:02 CDT 2025: NextJS server is running. Running scheduled reports check...
/Users/sim/Project2/scripts/../scripts/run-scheduled-reports-cron.sh: line 25: node: command not found
Fri Jun 13 03:22:03 CDT 2025: Running scheduled reports
Fri Jun 13 03:22:03 CDT 2025: Checking if NextJS server is running...
/Users/sim/Project2/scripts/../scripts/run-simple-scheduled-reports.sh: line 16: node: command not found
Fri Jun 13 03:22:03 CDT 2025: NextJS server is running. Running scheduled reports check...
/Users/sim/Project2/scripts/../scripts/run-scheduled-reports-cron.sh: line 25: node: command not found
Fri Jun 13 03:23:03 CDT 2025: Running scheduled reports
Fri Jun 13 03:23:03 CDT 2025: Checking if NextJS server is running...
/Users/sim/Project2/scripts/../scripts/run-simple-scheduled-reports.sh: line 16: node: command not found
Fri Jun 13 03:23:03 CDT 2025: NextJS server is running. Running scheduled reports check...
/Users/sim/Project2/scripts/../scripts/run-scheduled-reports-cron.sh: line 25: node: command not found
Fri Jun 13 03:24:02 CDT 2025: Running scheduled reports
Fri Jun 13 03:24:02 CDT 2025: Checking if NextJS server is running...
/Users/sim/Project2/scripts/../scripts/run-simple-scheduled-reports.sh: line 16: node: command not found
Fri Jun 13 03:24:02 CDT 2025: NextJS server is running. Running scheduled reports check...
/Users/sim/Project2/scripts/../scripts/run-scheduled-reports-cron.sh: line 25: node: command not found
Fri Jun 13 03:25:03 CDT 2025: Checking if NextJS server is running...
Fri Jun 13 03:25:03 CDT 2025: Running scheduled reports
/Users/sim/Project2/scripts/../scripts/run-simple-scheduled-reports.sh: line 16: node: command not found
Fri Jun 13 03:25:03 CDT 2025: NextJS server is running. Running scheduled reports check...
/Users/sim/Project2/scripts/../scripts/run-scheduled-reports-cron.sh: line 25: node: command not found
Fri Jun 13 03:26:02 CDT 2025: Checking if NextJS server is running...
Fri Jun 13 03:26:02 CDT 2025: Running scheduled reports
/Users/sim/Project2/scripts/../scripts/run-simple-scheduled-reports.sh: line 16: node: command not found
Fri Jun 13 03:26:02 CDT 2025: NextJS server is running. Running scheduled reports check...
/Users/sim/Project2/scripts/../scripts/run-scheduled-reports-cron.sh: line 25: node: command not found
Fri Jun 13 03:27:02 CDT 2025: Running scheduled reports
Fri Jun 13 03:27:02 CDT 2025: Checking if NextJS server is running...
/Users/sim/Project2/scripts/../scripts/run-simple-scheduled-reports.sh: line 16: node: command not found
Fri Jun 13 03:27:02 CDT 2025: NextJS server is running. Running scheduled reports check...
/Users/sim/Project2/scripts/../scripts/run-scheduled-reports-cron.sh: line 25: node: command not found
Fri Jun 13 03:28:03 CDT 2025: Running scheduled reports
Fri Jun 13 03:28:03 CDT 2025: Checking if NextJS server is running...
/Users/sim/Project2/scripts/../scripts/run-simple-scheduled-reports.sh: line 16: node: command not found
Fri Jun 13 03:28:03 CDT 2025: NextJS server is running. Running scheduled reports check...
/Users/sim/Project2/scripts/../scripts/run-scheduled-reports-cron.sh: line 25: node: command not found
Fri Jun 13 03:29:01 CDT 2025: Running scheduled reports
Fri Jun 13 03:29:01 CDT 2025: Checking if NextJS server is running...
/Users/sim/Project2/scripts/../scripts/run-simple-scheduled-reports.sh: line 16: node: command not found
Fri Jun 13 03:29:01 CDT 2025: NextJS server is running. Running scheduled reports check...
/Users/sim/Project2/scripts/../scripts/run-scheduled-reports-cron.sh: line 25: node: command not found
Fri Jun 13 03:30:04 CDT 2025: Checking if NextJS server is running...
Fri Jun 13 03:30:04 CDT 2025: Running scheduled reports
/Users/sim/Project2/scripts/../scripts/run-simple-scheduled-reports.sh: line 16: node: command not found
Fri Jun 13 03:30:04 CDT 2025: NextJS server is running. Running scheduled reports check...
/Users/sim/Project2/scripts/../scripts/run-scheduled-reports-cron.sh: line 25: node: command not found
Fri Jun 13 03:31:03 CDT 2025: Running scheduled reports
Fri Jun 13 03:31:03 CDT 2025: Checking if NextJS server is running...
/Users/sim/Project2/scripts/../scripts/run-simple-scheduled-reports.sh: line 16: node: command not found
Fri Jun 13 03:31:03 CDT 2025: NextJS server is running. Running scheduled reports check...
/Users/sim/Project2/scripts/../scripts/run-scheduled-reports-cron.sh: line 25: node: command not found
Fri Jun 13 03:32:01 CDT 2025: Checking if NextJS server is running...
Fri Jun 13 03:32:01 CDT 2025: Running scheduled reports
/Users/sim/Project2/scripts/../scripts/run-simple-scheduled-reports.sh: line 16: node: command not found
Fri Jun 13 03:32:01 CDT 2025: NextJS server is running. Running scheduled reports check...
/Users/sim/Project2/scripts/../scripts/run-scheduled-reports-cron.sh: line 25: node: command not found
Fri Jun 13 03:33:00 CDT 2025: Running scheduled reports
Fri Jun 13 03:33:00 CDT 2025: Checking if NextJS server is running...
/Users/sim/Project2/scripts/../scripts/run-simple-scheduled-reports.sh: line 16: node: command not found
Fri Jun 13 03:33:00 CDT 2025: NextJS server is running. Running scheduled reports check...
/Users/sim/Project2/scripts/../scripts/run-scheduled-reports-cron.sh: line 25: node: command not found
Fri Jun 13 03:34:00 CDT 2025: Checking if NextJS server is running...
Fri Jun 13 03:34:00 CDT 2025: Running scheduled reports
/Users/sim/Project2/scripts/../scripts/run-simple-scheduled-reports.sh: line 16: node: command not found
Fri Jun 13 03:34:00 CDT 2025: NextJS server is running. Running scheduled reports check...
/Users/sim/Project2/scripts/../scripts/run-scheduled-reports-cron.sh: line 25: node: command not found
Fri Jun 13 03:35:00 CDT 2025: Checking if NextJS server is running...
Fri Jun 13 03:35:00 CDT 2025: Running scheduled reports
/Users/sim/Project2/scripts/../scripts/run-simple-scheduled-reports.sh: line 16: node: command not found
Fri Jun 13 03:35:00 CDT 2025: NextJS server is running. Running scheduled reports check...
/Users/sim/Project2/scripts/../scripts/run-scheduled-reports-cron.sh: line 25: node: command not found
Fri Jun 13 03:36:00 CDT 2025: Checking if NextJS server is running...
Fri Jun 13 03:36:00 CDT 2025: Running scheduled reports
/Users/sim/Project2/scripts/../scripts/run-simple-scheduled-reports.sh: line 16: node: command not found
Fri Jun 13 03:36:00 CDT 2025: NextJS server is running. Running scheduled reports check...
/Users/sim/Project2/scripts/../scripts/run-scheduled-reports-cron.sh: line 25: node: command not found
Fri Jun 13 03:37:00 CDT 2025: Checking if NextJS server is running...
Fri Jun 13 03:37:00 CDT 2025: Running scheduled reports
/Users/sim/Project2/scripts/../scripts/run-simple-scheduled-reports.sh: line 16: node: command not found
Fri Jun 13 03:37:01 CDT 2025: NextJS server is running. Running scheduled reports check...
/Users/sim/Project2/scripts/../scripts/run-scheduled-reports-cron.sh: line 25: node: command not found
Fri Jun 13 03:38:00 CDT 2025: Checking if NextJS server is running...
Fri Jun 13 03:38:00 CDT 2025: Running scheduled reports
/Users/sim/Project2/scripts/../scripts/run-simple-scheduled-reports.sh: line 16: node: command not found
Fri Jun 13 03:38:00 CDT 2025: NextJS server is running. Running scheduled reports check...
/Users/sim/Project2/scripts/../scripts/run-scheduled-reports-cron.sh: line 25: node: command not found
Fri Jun 13 03:39:00 CDT 2025: Checking if NextJS server is running...
Fri Jun 13 03:39:00 CDT 2025: Running scheduled reports
/Users/sim/Project2/scripts/../scripts/run-simple-scheduled-reports.sh: line 16: node: command not found
Fri Jun 13 03:39:00 CDT 2025: NextJS server is running. Running scheduled reports check...
/Users/sim/Project2/scripts/../scripts/run-scheduled-reports-cron.sh: line 25: node: command not found
Fri Jun 13 03:40:00 CDT 2025: Running scheduled reports
Fri Jun 13 03:40:00 CDT 2025: Checking if NextJS server is running...
/Users/sim/Project2/scripts/../scripts/run-simple-scheduled-reports.sh: line 16: node: command not found
Fri Jun 13 03:40:00 CDT 2025: NextJS server is running. Running scheduled reports check...
/Users/sim/Project2/scripts/../scripts/run-scheduled-reports-cron.sh: line 25: node: command not found
Fri Jun 13 03:41:00 CDT 2025: Running scheduled reports
Fri Jun 13 03:41:00 CDT 2025: Checking if NextJS server is running...
/Users/sim/Project2/scripts/../scripts/run-simple-scheduled-reports.sh: line 16: node: command not found
Fri Jun 13 03:41:00 CDT 2025: NextJS server is running. Running scheduled reports check...
/Users/sim/Project2/scripts/../scripts/run-scheduled-reports-cron.sh: line 25: node: command not found
Fri Jun 13 03:42:01 CDT 2025: Checking if NextJS server is running...
Fri Jun 13 03:42:01 CDT 2025: Running scheduled reports
/Users/sim/Project2/scripts/../scripts/run-simple-scheduled-reports.sh: line 16: node: command not found
Fri Jun 13 03:42:01 CDT 2025: NextJS server is running. Running scheduled reports check...
/Users/sim/Project2/scripts/../scripts/run-scheduled-reports-cron.sh: line 25: node: command not found
Fri Jun 13 03:43:00 CDT 2025: Checking if NextJS server is running...
Fri Jun 13 03:43:00 CDT 2025: Running scheduled reports
/Users/sim/Project2/scripts/../scripts/run-simple-scheduled-reports.sh: line 16: node: command not found
Fri Jun 13 03:43:00 CDT 2025: NextJS server is running. Running scheduled reports check...
/Users/sim/Project2/scripts/../scripts/run-scheduled-reports-cron.sh: line 25: node: command not found
Fri Jun 13 03:44:00 CDT 2025: Running scheduled reports
Fri Jun 13 03:44:00 CDT 2025: Checking if NextJS server is running...
/Users/sim/Project2/scripts/../scripts/run-simple-scheduled-reports.sh: line 16: node: command not found
Fri Jun 13 03:44:00 CDT 2025: NextJS server is running. Running scheduled reports check...
/Users/sim/Project2/scripts/../scripts/run-scheduled-reports-cron.sh: line 25: node: command not found
Fri Jun 13 03:45:00 CDT 2025: Running scheduled reports
Fri Jun 13 03:45:00 CDT 2025: Checking if NextJS server is running...
/Users/sim/Project2/scripts/../scripts/run-simple-scheduled-reports.sh: line 16: node: command not found
Fri Jun 13 03:45:00 CDT 2025: NextJS server is running. Running scheduled reports check...
/Users/sim/Project2/scripts/../scripts/run-scheduled-reports-cron.sh: line 25: node: command not found
Fri Jun 13 03:46:01 CDT 2025: Checking if NextJS server is running...
Fri Jun 13 03:46:01 CDT 2025: Running scheduled reports
/Users/sim/Project2/scripts/../scripts/run-simple-scheduled-reports.sh: line 16: node: command not found
Fri Jun 13 03:46:01 CDT 2025: NextJS server is running. Running scheduled reports check...
/Users/sim/Project2/scripts/../scripts/run-scheduled-reports-cron.sh: line 25: node: command not found
Fri Jun 13 03:47:02 CDT 2025: Checking if NextJS server is running...
Fri Jun 13 03:47:02 CDT 2025: Running scheduled reports
/Users/sim/Project2/scripts/../scripts/run-simple-scheduled-reports.sh: line 16: node: command not found
Fri Jun 13 03:47:02 CDT 2025: NextJS server is running. Running scheduled reports check...
/Users/sim/Project2/scripts/../scripts/run-scheduled-reports-cron.sh: line 25: node: command not found
Fri Jun 13 03:48:03 CDT 2025: Running scheduled reports
Fri Jun 13 03:48:03 CDT 2025: Checking if NextJS server is running...
/Users/sim/Project2/scripts/../scripts/run-simple-scheduled-reports.sh: line 16: node: command not found
Fri Jun 13 03:48:03 CDT 2025: NextJS server is running. Running scheduled reports check...
/Users/sim/Project2/scripts/../scripts/run-scheduled-reports-cron.sh: line 25: node: command not found
Fri Jun 13 03:49:04 CDT 2025: Checking if NextJS server is running...
Fri Jun 13 03:49:04 CDT 2025: Running scheduled reports
/Users/sim/Project2/scripts/../scripts/run-simple-scheduled-reports.sh: line 16: node: command not found
Fri Jun 13 03:49:04 CDT 2025: NextJS server is running. Running scheduled reports check...
/Users/sim/Project2/scripts/../scripts/run-scheduled-reports-cron.sh: line 25: node: command not found
Fri Jun 13 03:50:04 CDT 2025: Running scheduled reports
Fri Jun 13 03:50:04 CDT 2025: Checking if NextJS server is running...
/Users/sim/Project2/scripts/../scripts/run-simple-scheduled-reports.sh: line 16: node: command not found
Fri Jun 13 03:50:04 CDT 2025: NextJS server is running. Running scheduled reports check...
/Users/sim/Project2/scripts/../scripts/run-scheduled-reports-cron.sh: line 25: node: command not found
Fri Jun 13 03:51:04 CDT 2025: Checking if NextJS server is running...
Fri Jun 13 03:51:04 CDT 2025: Running scheduled reports
/Users/sim/Project2/scripts/../scripts/run-simple-scheduled-reports.sh: line 16: node: command not found
Fri Jun 13 03:51:04 CDT 2025: NextJS server is running. Running scheduled reports check...
/Users/sim/Project2/scripts/../scripts/run-scheduled-reports-cron.sh: line 25: node: command not found
Fri Jun 13 03:52:02 CDT 2025: Checking if NextJS server is running...
Fri Jun 13 03:52:02 CDT 2025: Running scheduled reports
/Users/sim/Project2/scripts/../scripts/run-simple-scheduled-reports.sh: line 16: node: command not found
Fri Jun 13 03:52:02 CDT 2025: NextJS server is running. Running scheduled reports check...
/Users/sim/Project2/scripts/../scripts/run-scheduled-reports-cron.sh: line 25: node: command not found
Fri Jun 13 03:53:02 CDT 2025: Checking if NextJS server is running...
Fri Jun 13 03:53:02 CDT 2025: Running scheduled reports
/Users/sim/Project2/scripts/../scripts/run-simple-scheduled-reports.sh: line 16: node: command not found
Fri Jun 13 03:53:02 CDT 2025: NextJS server is running. Running scheduled reports check...
/Users/sim/Project2/scripts/../scripts/run-scheduled-reports-cron.sh: line 25: node: command not found
Fri Jun 13 03:54:02 CDT 2025: Checking if NextJS server is running...
Fri Jun 13 03:54:02 CDT 2025: Running scheduled reports
/Users/sim/Project2/scripts/../scripts/run-simple-scheduled-reports.sh: line 16: node: command not found
Fri Jun 13 03:54:02 CDT 2025: NextJS server is running. Running scheduled reports check...
/Users/sim/Project2/scripts/../scripts/run-scheduled-reports-cron.sh: line 25: node: command not found
Fri Jun 13 03:55:03 CDT 2025: Running scheduled reports
Fri Jun 13 03:55:03 CDT 2025: Checking if NextJS server is running...
/Users/sim/Project2/scripts/../scripts/run-simple-scheduled-reports.sh: line 16: node: command not found
Fri Jun 13 03:55:03 CDT 2025: NextJS server is running. Running scheduled reports check...
/Users/sim/Project2/scripts/../scripts/run-scheduled-reports-cron.sh: line 25: node: command not found
Fri Jun 13 03:56:03 CDT 2025: Checking if NextJS server is running...
Fri Jun 13 03:56:03 CDT 2025: Running scheduled reports
/Users/sim/Project2/scripts/../scripts/run-simple-scheduled-reports.sh: line 16: node: command not found
Fri Jun 13 03:56:03 CDT 2025: NextJS server is running. Running scheduled reports check...
/Users/sim/Project2/scripts/../scripts/run-scheduled-reports-cron.sh: line 25: node: command not found
Fri Jun 13 03:57:02 CDT 2025: Running scheduled reports
Fri Jun 13 03:57:02 CDT 2025: Checking if NextJS server is running...
/Users/sim/Project2/scripts/../scripts/run-simple-scheduled-reports.sh: line 16: node: command not found
Fri Jun 13 03:57:02 CDT 2025: NextJS server is running. Running scheduled reports check...
/Users/sim/Project2/scripts/../scripts/run-scheduled-reports-cron.sh: line 25: node: command not found
Fri Jun 13 03:58:03 CDT 2025: Checking if NextJS server is running...
Fri Jun 13 03:58:03 CDT 2025: Running scheduled reports
/Users/sim/Project2/scripts/../scripts/run-simple-scheduled-reports.sh: line 16: node: command not found
Fri Jun 13 03:58:03 CDT 2025: NextJS server is running. Running scheduled reports check...
/Users/sim/Project2/scripts/../scripts/run-scheduled-reports-cron.sh: line 25: node: command not found
Fri Jun 13 03:59:04 CDT 2025: Running scheduled reports
Fri Jun 13 03:59:04 CDT 2025: Checking if NextJS server is running...
/Users/sim/Project2/scripts/../scripts/run-simple-scheduled-reports.sh: line 16: node: command not found
Fri Jun 13 03:59:04 CDT 2025: NextJS server is running. Running scheduled reports check...
/Users/sim/Project2/scripts/../scripts/run-scheduled-reports-cron.sh: line 25: node: command not found
Fri Jun 13 04:00:03 CDT 2025: Checking if NextJS server is running...
Fri Jun 13 04:00:03 CDT 2025: Running scheduled reports
/Users/sim/Project2/scripts/../scripts/run-simple-scheduled-reports.sh: line 16: node: command not found
Fri Jun 13 04:00:03 CDT 2025: NextJS server is running. Running scheduled reports check...
/Users/sim/Project2/scripts/../scripts/run-scheduled-reports-cron.sh: line 25: node: command not found
Fri Jun 13 04:01:02 CDT 2025: Running scheduled reports
Fri Jun 13 04:01:02 CDT 2025: Checking if NextJS server is running...
Fri Jun 13 04:01:02 CDT 2025: NextJS server is running. Running scheduled reports check...
/Users/sim/Project2/scripts/../scripts/run-simple-scheduled-reports.sh: line 16: node: command not found
/Users/sim/Project2/scripts/../scripts/run-scheduled-reports-cron.sh: line 25: node: command not found
Fri Jun 13 04:02:04 CDT 2025: Checking if NextJS server is running...
Fri Jun 13 04:02:04 CDT 2025: Running scheduled reports
/Users/sim/Project2/scripts/../scripts/run-simple-scheduled-reports.sh: line 16: node: command not found
Fri Jun 13 04:02:04 CDT 2025: NextJS server is running. Running scheduled reports check...
/Users/sim/Project2/scripts/../scripts/run-scheduled-reports-cron.sh: line 25: node: command not found
Fri Jun 13 04:03:02 CDT 2025: Running scheduled reports
Fri Jun 13 04:03:02 CDT 2025: Checking if NextJS server is running...
/Users/sim/Project2/scripts/../scripts/run-simple-scheduled-reports.sh: line 16: node: command not found
Fri Jun 13 04:03:02 CDT 2025: NextJS server is running. Running scheduled reports check...
/Users/sim/Project2/scripts/../scripts/run-scheduled-reports-cron.sh: line 25: node: command not found
Fri Jun 13 04:04:05 CDT 2025: Checking if NextJS server is running...
Fri Jun 13 04:04:05 CDT 2025: Running scheduled reports
/Users/sim/Project2/scripts/../scripts/run-simple-scheduled-reports.sh: line 16: node: command not found
Fri Jun 13 04:04:05 CDT 2025: NextJS server is running. Running scheduled reports check...
/Users/sim/Project2/scripts/../scripts/run-scheduled-reports-cron.sh: line 25: node: command not found
Fri Jun 13 04:05:07 CDT 2025: Checking if NextJS server is running...
Fri Jun 13 04:05:07 CDT 2025: Running scheduled reports
/Users/sim/Project2/scripts/../scripts/run-simple-scheduled-reports.sh: line 16: node: command not found
Fri Jun 13 04:05:07 CDT 2025: NextJS server is running. Running scheduled reports check...
/Users/sim/Project2/scripts/../scripts/run-scheduled-reports-cron.sh: line 25: node: command not found
Fri Jun 13 04:06:03 CDT 2025: Running scheduled reports
Fri Jun 13 04:06:03 CDT 2025: Checking if NextJS server is running...
/Users/sim/Project2/scripts/../scripts/run-simple-scheduled-reports.sh: line 16: node: command not found
Fri Jun 13 04:06:03 CDT 2025: NextJS server is running. Running scheduled reports check...
/Users/sim/Project2/scripts/../scripts/run-scheduled-reports-cron.sh: line 25: node: command not found
Fri Jun 13 04:07:03 CDT 2025: Running scheduled reports
Fri Jun 13 04:07:03 CDT 2025: Checking if NextJS server is running...
/Users/sim/Project2/scripts/../scripts/run-simple-scheduled-reports.sh: line 16: node: command not found
Fri Jun 13 04:07:04 CDT 2025: NextJS server is running. Running scheduled reports check...
/Users/sim/Project2/scripts/../scripts/run-scheduled-reports-cron.sh: line 25: node: command not found
Fri Jun 13 04:08:02 CDT 2025: Running scheduled reports
Fri Jun 13 04:08:02 CDT 2025: Checking if NextJS server is running...
/Users/sim/Project2/scripts/../scripts/run-simple-scheduled-reports.sh: line 16: node: command not found
Fri Jun 13 04:08:02 CDT 2025: NextJS server is running. Running scheduled reports check...
/Users/sim/Project2/scripts/../scripts/run-scheduled-reports-cron.sh: line 25: node: command not found
Fri Jun 13 04:09:04 CDT 2025: Running scheduled reports
Fri Jun 13 04:09:04 CDT 2025: Checking if NextJS server is running...
/Users/sim/Project2/scripts/../scripts/run-simple-scheduled-reports.sh: line 16: node: command not found
Fri Jun 13 04:09:04 CDT 2025: NextJS server is running. Running scheduled reports check...
/Users/sim/Project2/scripts/../scripts/run-scheduled-reports-cron.sh: line 25: node: command not found
Fri Jun 13 04:10:03 CDT 2025: Running scheduled reports
Fri Jun 13 04:10:03 CDT 2025: Checking if NextJS server is running...
/Users/sim/Project2/scripts/../scripts/run-simple-scheduled-reports.sh: line 16: node: command not found
Fri Jun 13 04:10:03 CDT 2025: NextJS server is running. Running scheduled reports check...
/Users/sim/Project2/scripts/../scripts/run-scheduled-reports-cron.sh: line 25: node: command not found
Fri Jun 13 04:11:03 CDT 2025: Running scheduled reports
Fri Jun 13 04:11:03 CDT 2025: Checking if NextJS server is running...
/Users/sim/Project2/scripts/../scripts/run-simple-scheduled-reports.sh: line 16: node: command not found
Fri Jun 13 04:11:03 CDT 2025: NextJS server is running. Running scheduled reports check...
/Users/sim/Project2/scripts/../scripts/run-scheduled-reports-cron.sh: line 25: node: command not found
Fri Jun 13 04:12:03 CDT 2025: Checking if NextJS server is running...
Fri Jun 13 04:12:03 CDT 2025: Running scheduled reports
/Users/sim/Project2/scripts/../scripts/run-simple-scheduled-reports.sh: line 16: node: command not found
Fri Jun 13 04:12:03 CDT 2025: NextJS server is running. Running scheduled reports check...
/Users/sim/Project2/scripts/../scripts/run-scheduled-reports-cron.sh: line 25: node: command not found
Fri Jun 13 04:13:03 CDT 2025: Running scheduled reports
Fri Jun 13 04:13:03 CDT 2025: Checking if NextJS server is running...
/Users/sim/Project2/scripts/../scripts/run-simple-scheduled-reports.sh: line 16: node: command not found
Fri Jun 13 04:13:03 CDT 2025: NextJS server is running. Running scheduled reports check...
/Users/sim/Project2/scripts/../scripts/run-scheduled-reports-cron.sh: line 25: node: command not found
Fri Jun 13 04:14:04 CDT 2025: Checking if NextJS server is running...
Fri Jun 13 04:14:04 CDT 2025: Running scheduled reports
/Users/sim/Project2/scripts/../scripts/run-simple-scheduled-reports.sh: line 16: node: command not found
Fri Jun 13 04:14:04 CDT 2025: NextJS server is running. Running scheduled reports check...
/Users/sim/Project2/scripts/../scripts/run-scheduled-reports-cron.sh: line 25: node: command not found
Fri Jun 13 04:15:04 CDT 2025: Running scheduled reports
Fri Jun 13 04:15:04 CDT 2025: Checking if NextJS server is running...
/Users/sim/Project2/scripts/../scripts/run-simple-scheduled-reports.sh: line 16: node: command not found
Fri Jun 13 04:15:04 CDT 2025: NextJS server is running. Running scheduled reports check...
/Users/sim/Project2/scripts/../scripts/run-scheduled-reports-cron.sh: line 25: node: command not found
Fri Jun 13 04:16:01 CDT 2025: Running scheduled reports
Fri Jun 13 04:16:01 CDT 2025: Checking if NextJS server is running...
/Users/sim/Project2/scripts/../scripts/run-simple-scheduled-reports.sh: line 16: node: command not found
Fri Jun 13 04:16:01 CDT 2025: NextJS server is running. Running scheduled reports check...
/Users/sim/Project2/scripts/../scripts/run-scheduled-reports-cron.sh: line 25: node: command not found
Fri Jun 13 04:17:00 CDT 2025: Running scheduled reports
Fri Jun 13 04:17:00 CDT 2025: Checking if NextJS server is running...
/Users/sim/Project2/scripts/../scripts/run-simple-scheduled-reports.sh: line 16: node: command not found
Fri Jun 13 04:17:00 CDT 2025: NextJS server is running. Running scheduled reports check...
/Users/sim/Project2/scripts/../scripts/run-scheduled-reports-cron.sh: line 25: node: command not found
Fri Jun 13 04:18:00 CDT 2025: Running scheduled reports
Fri Jun 13 04:18:00 CDT 2025: Checking if NextJS server is running...
/Users/sim/Project2/scripts/../scripts/run-simple-scheduled-reports.sh: line 16: node: command not found
Fri Jun 13 04:18:00 CDT 2025: NextJS server is running. Running scheduled reports check...
/Users/sim/Project2/scripts/../scripts/run-scheduled-reports-cron.sh: line 25: node: command not found
Fri Jun 13 04:19:01 CDT 2025: Checking if NextJS server is running...
Fri Jun 13 04:19:01 CDT 2025: Running scheduled reports
/Users/sim/Project2/scripts/../scripts/run-simple-scheduled-reports.sh: line 16: node: command not found
Fri Jun 13 04:19:01 CDT 2025: NextJS server is running. Running scheduled reports check...
/Users/sim/Project2/scripts/../scripts/run-scheduled-reports-cron.sh: line 25: node: command not found
Fri Jun 13 04:20:00 CDT 2025: Running scheduled reports
Fri Jun 13 04:20:00 CDT 2025: Checking if NextJS server is running...
/Users/sim/Project2/scripts/../scripts/run-simple-scheduled-reports.sh: line 16: node: command not found
Fri Jun 13 04:20:00 CDT 2025: NextJS server is running. Running scheduled reports check...
/Users/sim/Project2/scripts/../scripts/run-scheduled-reports-cron.sh: line 25: node: command not found
Fri Jun 13 04:21:00 CDT 2025: Running scheduled reports
Fri Jun 13 04:21:00 CDT 2025: Checking if NextJS server is running...
/Users/sim/Project2/scripts/../scripts/run-simple-scheduled-reports.sh: line 16: node: command not found
Fri Jun 13 04:21:00 CDT 2025: NextJS server is running. Running scheduled reports check...
/Users/sim/Project2/scripts/../scripts/run-scheduled-reports-cron.sh: line 25: node: command not found
Fri Jun 13 04:22:01 CDT 2025: Running scheduled reports
/Users/sim/Project2/scripts/../scripts/run-simple-scheduled-reports.sh: line 16: node: command not found
Fri Jun 13 04:22:01 CDT 2025: Checking if NextJS server is running...
Fri Jun 13 04:22:02 CDT 2025: NextJS server is running. Running scheduled reports check...
/Users/sim/Project2/scripts/../scripts/run-scheduled-reports-cron.sh: line 25: node: command not found
Fri Jun 13 04:23:00 CDT 2025: Running scheduled reports
Fri Jun 13 04:23:00 CDT 2025: Checking if NextJS server is running...
/Users/sim/Project2/scripts/../scripts/run-simple-scheduled-reports.sh: line 16: node: command not found
Fri Jun 13 04:23:00 CDT 2025: NextJS server is running. Running scheduled reports check...
/Users/sim/Project2/scripts/../scripts/run-scheduled-reports-cron.sh: line 25: node: command not found
Fri Jun 13 04:24:00 CDT 2025: Running scheduled reports
Fri Jun 13 04:24:00 CDT 2025: Checking if NextJS server is running...
/Users/sim/Project2/scripts/../scripts/run-simple-scheduled-reports.sh: line 16: node: command not found
Fri Jun 13 04:24:00 CDT 2025: NextJS server is not running. Skipping scheduled reports check.
Fri Jun 13 04:25:00 CDT 2025: Checking if NextJS server is running...
Fri Jun 13 04:25:00 CDT 2025: Running scheduled reports
/Users/sim/Project2/scripts/../scripts/run-simple-scheduled-reports.sh: line 16: node: command not found
Fri Jun 13 04:25:00 CDT 2025: NextJS server is not running. Skipping scheduled reports check.
Fri Jun 13 04:26:00 CDT 2025: Checking if NextJS server is running...
Fri Jun 13 04:26:00 CDT 2025: Running scheduled reports
/Users/sim/Project2/scripts/../scripts/run-simple-scheduled-reports.sh: line 16: node: command not found
Fri Jun 13 04:26:00 CDT 2025: NextJS server is not running. Skipping scheduled reports check.
Fri Jun 13 04:27:00 CDT 2025: Running scheduled reports
Fri Jun 13 04:27:00 CDT 2025: Checking if NextJS server is running...
/Users/sim/Project2/scripts/../scripts/run-simple-scheduled-reports.sh: line 16: node: command not found
Fri Jun 13 04:27:00 CDT 2025: NextJS server is not running. Skipping scheduled reports check.
Fri Jun 13 04:28:01 CDT 2025: Checking if NextJS server is running...
Fri Jun 13 04:28:01 CDT 2025: Running scheduled reports
/Users/sim/Project2/scripts/../scripts/run-simple-scheduled-reports.sh: line 16: node: command not found
Fri Jun 13 04:28:01 CDT 2025: NextJS server is not running. Skipping scheduled reports check.
Fri Jun 13 04:29:00 CDT 2025: Running scheduled reports
Fri Jun 13 04:29:00 CDT 2025: Checking if NextJS server is running...
/Users/sim/Project2/scripts/../scripts/run-simple-scheduled-reports.sh: line 16: node: command not found
Fri Jun 13 04:29:00 CDT 2025: NextJS server is running. Running scheduled reports check...
/Users/sim/Project2/scripts/../scripts/run-scheduled-reports-cron.sh: line 25: node: command not found
Fri Jun 13 04:30:00 CDT 2025: Running scheduled reports
Fri Jun 13 04:30:00 CDT 2025: Checking if NextJS server is running...
/Users/sim/Project2/scripts/../scripts/run-simple-scheduled-reports.sh: line 16: node: command not found
Fri Jun 13 04:30:00 CDT 2025: NextJS server is running. Running scheduled reports check...
/Users/sim/Project2/scripts/../scripts/run-scheduled-reports-cron.sh: line 25: node: command not found
Fri Jun 13 04:31:00 CDT 2025: Running scheduled reports
Fri Jun 13 04:31:00 CDT 2025: Checking if NextJS server is running...
/Users/sim/Project2/scripts/../scripts/run-simple-scheduled-reports.sh: line 16: node: command not found
Fri Jun 13 04:31:00 CDT 2025: NextJS server is running. Running scheduled reports check...
/Users/sim/Project2/scripts/../scripts/run-scheduled-reports-cron.sh: line 25: node: command not found
Fri Jun 13 04:32:01 CDT 2025: Running scheduled reports
Fri Jun 13 04:32:01 CDT 2025: Checking if NextJS server is running...
/Users/sim/Project2/scripts/../scripts/run-simple-scheduled-reports.sh: line 16: node: command not found
Fri Jun 13 04:32:01 CDT 2025: NextJS server is running. Running scheduled reports check...
/Users/sim/Project2/scripts/../scripts/run-scheduled-reports-cron.sh: line 25: node: command not found
Fri Jun 13 04:33:00 CDT 2025: Running scheduled reports
Fri Jun 13 04:33:00 CDT 2025: Checking if NextJS server is running...
/Users/sim/Project2/scripts/../scripts/run-simple-scheduled-reports.sh: line 16: node: command not found
Fri Jun 13 04:33:01 CDT 2025: NextJS server is running. Running scheduled reports check...
/Users/sim/Project2/scripts/../scripts/run-scheduled-reports-cron.sh: line 25: node: command not found
Fri Jun 13 04:34:00 CDT 2025: Checking if NextJS server is running...
Fri Jun 13 04:34:00 CDT 2025: Running scheduled reports
/Users/sim/Project2/scripts/../scripts/run-simple-scheduled-reports.sh: line 16: node: command not found
Fri Jun 13 04:34:00 CDT 2025: NextJS server is running. Running scheduled reports check...
/Users/sim/Project2/scripts/../scripts/run-scheduled-reports-cron.sh: line 25: node: command not found
Fri Jun 13 04:35:00 CDT 2025: Checking if NextJS server is running...
Fri Jun 13 04:35:00 CDT 2025: Running scheduled reports
/Users/sim/Project2/scripts/../scripts/run-simple-scheduled-reports.sh: line 16: node: command not found
Fri Jun 13 04:35:00 CDT 2025: NextJS server is running. Running scheduled reports check...
/Users/sim/Project2/scripts/../scripts/run-scheduled-reports-cron.sh: line 25: node: command not found
Fri Jun 13 04:36:00 CDT 2025: Checking if NextJS server is running...
Fri Jun 13 04:36:00 CDT 2025: Running scheduled reports
/Users/sim/Project2/scripts/../scripts/run-simple-scheduled-reports.sh: line 16: node: command not found
Fri Jun 13 04:36:00 CDT 2025: NextJS server is running. Running scheduled reports check...
/Users/sim/Project2/scripts/../scripts/run-scheduled-reports-cron.sh: line 25: node: command not found
Fri Jun 13 04:37:00 CDT 2025: Running scheduled reports
Fri Jun 13 04:37:00 CDT 2025: Checking if NextJS server is running...
/Users/sim/Project2/scripts/../scripts/run-simple-scheduled-reports.sh: line 16: node: command not found
Fri Jun 13 04:37:00 CDT 2025: NextJS server is running. Running scheduled reports check...
/Users/sim/Project2/scripts/../scripts/run-scheduled-reports-cron.sh: line 25: node: command not found
Fri Jun 13 04:38:00 CDT 2025: Checking if NextJS server is running...
Fri Jun 13 04:38:00 CDT 2025: Running scheduled reports
/Users/sim/Project2/scripts/../scripts/run-simple-scheduled-reports.sh: line 16: node: command not found
Fri Jun 13 04:38:00 CDT 2025: NextJS server is running. Running scheduled reports check...
/Users/sim/Project2/scripts/../scripts/run-scheduled-reports-cron.sh: line 25: node: command not found
Fri Jun 13 04:39:01 CDT 2025: Running scheduled reports
Fri Jun 13 04:39:01 CDT 2025: Checking if NextJS server is running...
/Users/sim/Project2/scripts/../scripts/run-simple-scheduled-reports.sh: line 16: node: command not found
Fri Jun 13 04:39:01 CDT 2025: NextJS server is running. Running scheduled reports check...
/Users/sim/Project2/scripts/../scripts/run-scheduled-reports-cron.sh: line 25: node: command not found
Fri Jun 13 04:40:00 CDT 2025: Running scheduled reports
Fri Jun 13 04:40:00 CDT 2025: Checking if NextJS server is running...
/Users/sim/Project2/scripts/../scripts/run-simple-scheduled-reports.sh: line 16: node: command not found
Fri Jun 13 04:40:00 CDT 2025: NextJS server is running. Running scheduled reports check...
/Users/sim/Project2/scripts/../scripts/run-scheduled-reports-cron.sh: line 25: node: command not found
Fri Jun 13 04:41:00 CDT 2025: Checking if NextJS server is running...
Fri Jun 13 04:41:00 CDT 2025: Running scheduled reports
/Users/sim/Project2/scripts/../scripts/run-simple-scheduled-reports.sh: line 16: node: command not found
Fri Jun 13 04:41:00 CDT 2025: NextJS server is running. Running scheduled reports check...
/Users/sim/Project2/scripts/../scripts/run-scheduled-reports-cron.sh: line 25: node: command not found
Fri Jun 13 04:42:00 CDT 2025: Running scheduled reports
Fri Jun 13 04:42:00 CDT 2025: Checking if NextJS server is running...
/Users/sim/Project2/scripts/../scripts/run-simple-scheduled-reports.sh: line 16: node: command not found
Fri Jun 13 04:42:00 CDT 2025: NextJS server is running. Running scheduled reports check...
/Users/sim/Project2/scripts/../scripts/run-scheduled-reports-cron.sh: line 25: node: command not found
Fri Jun 13 04:43:00 CDT 2025: Running scheduled reports
Fri Jun 13 04:43:00 CDT 2025: Checking if NextJS server is running...
/Users/sim/Project2/scripts/../scripts/run-simple-scheduled-reports.sh: line 16: node: command not found
Fri Jun 13 04:43:00 CDT 2025: NextJS server is running. Running scheduled reports check...
/Users/sim/Project2/scripts/../scripts/run-scheduled-reports-cron.sh: line 25: node: command not found
Fri Jun 13 04:44:00 CDT 2025: Running scheduled reports
Fri Jun 13 04:44:00 CDT 2025: Checking if NextJS server is running...
/Users/sim/Project2/scripts/../scripts/run-simple-scheduled-reports.sh: line 16: node: command not found
Fri Jun 13 04:44:00 CDT 2025: NextJS server is running. Running scheduled reports check...
/Users/sim/Project2/scripts/../scripts/run-scheduled-reports-cron.sh: line 25: node: command not found
Fri Jun 13 04:45:01 CDT 2025: Checking if NextJS server is running...
Fri Jun 13 04:45:01 CDT 2025: Running scheduled reports
/Users/sim/Project2/scripts/../scripts/run-simple-scheduled-reports.sh: line 16: node: command not found
Fri Jun 13 04:45:01 CDT 2025: NextJS server is running. Running scheduled reports check...
/Users/sim/Project2/scripts/../scripts/run-scheduled-reports-cron.sh: line 25: node: command not found
Fri Jun 13 04:46:00 CDT 2025: Running scheduled reports
Fri Jun 13 04:46:00 CDT 2025: Checking if NextJS server is running...
/Users/sim/Project2/scripts/../scripts/run-simple-scheduled-reports.sh: line 16: node: command not found
Fri Jun 13 04:46:00 CDT 2025: NextJS server is running. Running scheduled reports check...
/Users/sim/Project2/scripts/../scripts/run-scheduled-reports-cron.sh: line 25: node: command not found
Fri Jun 13 04:47:00 CDT 2025: Running scheduled reports
Fri Jun 13 04:47:00 CDT 2025: Checking if NextJS server is running...
/Users/sim/Project2/scripts/../scripts/run-simple-scheduled-reports.sh: line 16: node: command not found
Fri Jun 13 04:47:00 CDT 2025: NextJS server is running. Running scheduled reports check...
/Users/sim/Project2/scripts/../scripts/run-scheduled-reports-cron.sh: line 25: node: command not found
Fri Jun 13 04:48:00 CDT 2025: Running scheduled reports
Fri Jun 13 04:48:00 CDT 2025: Checking if NextJS server is running...
/Users/sim/Project2/scripts/../scripts/run-simple-scheduled-reports.sh: line 16: node: command not found
Fri Jun 13 04:48:00 CDT 2025: NextJS server is running. Running scheduled reports check...
/Users/sim/Project2/scripts/../scripts/run-scheduled-reports-cron.sh: line 25: node: command not found
Fri Jun 13 04:49:01 CDT 2025: Running scheduled reports
Fri Jun 13 04:49:01 CDT 2025: Checking if NextJS server is running...
/Users/sim/Project2/scripts/../scripts/run-simple-scheduled-reports.sh: line 16: node: command not found
Fri Jun 13 04:49:01 CDT 2025: NextJS server is running. Running scheduled reports check...
/Users/sim/Project2/scripts/../scripts/run-scheduled-reports-cron.sh: line 25: node: command not found
Fri Jun 13 04:50:00 CDT 2025: Running scheduled reports
Fri Jun 13 04:50:00 CDT 2025: Checking if NextJS server is running...
/Users/sim/Project2/scripts/../scripts/run-simple-scheduled-reports.sh: line 16: node: command not found
Fri Jun 13 04:50:00 CDT 2025: NextJS server is running. Running scheduled reports check...
/Users/sim/Project2/scripts/../scripts/run-scheduled-reports-cron.sh: line 25: node: command not found
Fri Jun 13 04:51:00 CDT 2025: Running scheduled reports
Fri Jun 13 04:51:00 CDT 2025: Checking if NextJS server is running...
/Users/sim/Project2/scripts/../scripts/run-simple-scheduled-reports.sh: line 16: node: command not found
Fri Jun 13 04:51:00 CDT 2025: NextJS server is running. Running scheduled reports check...
/Users/sim/Project2/scripts/../scripts/run-scheduled-reports-cron.sh: line 25: node: command not found
Fri Jun 13 04:52:00 CDT 2025: Running scheduled reports
Fri Jun 13 04:52:00 CDT 2025: Checking if NextJS server is running...
/Users/sim/Project2/scripts/../scripts/run-simple-scheduled-reports.sh: line 16: node: command not found
Fri Jun 13 04:52:00 CDT 2025: NextJS server is running. Running scheduled reports check...
/Users/sim/Project2/scripts/../scripts/run-scheduled-reports-cron.sh: line 25: node: command not found
Fri Jun 13 04:53:01 CDT 2025: Running scheduled reports
Fri Jun 13 04:53:01 CDT 2025: Checking if NextJS server is running...
/Users/sim/Project2/scripts/../scripts/run-simple-scheduled-reports.sh: line 16: node: command not found
Fri Jun 13 04:53:01 CDT 2025: NextJS server is running. Running scheduled reports check...
/Users/sim/Project2/scripts/../scripts/run-scheduled-reports-cron.sh: line 25: node: command not found
Fri Jun 13 04:54:00 CDT 2025: Checking if NextJS server is running...
Fri Jun 13 04:54:00 CDT 2025: Running scheduled reports
/Users/sim/Project2/scripts/../scripts/run-simple-scheduled-reports.sh: line 16: node: command not found
Fri Jun 13 04:54:00 CDT 2025: NextJS server is running. Running scheduled reports check...
/Users/sim/Project2/scripts/../scripts/run-scheduled-reports-cron.sh: line 25: node: command not found
Fri Jun 13 04:55:00 CDT 2025: Checking if NextJS server is running...
Fri Jun 13 04:55:00 CDT 2025: Running scheduled reports
/Users/sim/Project2/scripts/../scripts/run-simple-scheduled-reports.sh: line 16: node: command not found
Fri Jun 13 04:55:00 CDT 2025: NextJS server is running. Running scheduled reports check...
/Users/sim/Project2/scripts/../scripts/run-scheduled-reports-cron.sh: line 25: node: command not found
Fri Jun 13 04:56:00 CDT 2025: Running scheduled reports
Fri Jun 13 04:56:00 CDT 2025: Checking if NextJS server is running...
/Users/sim/Project2/scripts/../scripts/run-simple-scheduled-reports.sh: line 16: node: command not found
Fri Jun 13 04:56:00 CDT 2025: NextJS server is running. Running scheduled reports check...
/Users/sim/Project2/scripts/../scripts/run-scheduled-reports-cron.sh: line 25: node: command not found
Fri Jun 13 04:57:00 CDT 2025: Running scheduled reports
Fri Jun 13 04:57:00 CDT 2025: Checking if NextJS server is running...
/Users/sim/Project2/scripts/../scripts/run-simple-scheduled-reports.sh: line 16: node: command not found
Fri Jun 13 04:57:00 CDT 2025: NextJS server is running. Running scheduled reports check...
/Users/sim/Project2/scripts/../scripts/run-scheduled-reports-cron.sh: line 25: node: command not found
Fri Jun 13 04:58:01 CDT 2025: Running scheduled reports
Fri Jun 13 04:58:01 CDT 2025: Checking if NextJS server is running...
/Users/sim/Project2/scripts/../scripts/run-simple-scheduled-reports.sh: line 16: node: command not found
Fri Jun 13 04:58:01 CDT 2025: NextJS server is running. Running scheduled reports check...
/Users/sim/Project2/scripts/../scripts/run-scheduled-reports-cron.sh: line 25: node: command not found
Fri Jun 13 04:59:00 CDT 2025: Running scheduled reports
Fri Jun 13 04:59:00 CDT 2025: Checking if NextJS server is running...
/Users/sim/Project2/scripts/../scripts/run-simple-scheduled-reports.sh: line 16: node: command not found
Fri Jun 13 04:59:00 CDT 2025: NextJS server is running. Running scheduled reports check...
/Users/sim/Project2/scripts/../scripts/run-scheduled-reports-cron.sh: line 25: node: command not found
Fri Jun 13 05:00:00 CDT 2025: Checking if NextJS server is running...
Fri Jun 13 05:00:00 CDT 2025: Running scheduled reports
/Users/sim/Project2/scripts/../scripts/run-simple-scheduled-reports.sh: line 16: node: command not found
Fri Jun 13 05:00:00 CDT 2025: NextJS server is running. Running scheduled reports check...
/Users/sim/Project2/scripts/../scripts/run-scheduled-reports-cron.sh: line 25: node: command not found
Fri Jun 13 05:01:00 CDT 2025: Checking if NextJS server is running...
Fri Jun 13 05:01:00 CDT 2025: Running scheduled reports
/Users/sim/Project2/scripts/../scripts/run-simple-scheduled-reports.sh: line 16: node: command not found
Fri Jun 13 05:01:01 CDT 2025: NextJS server is running. Running scheduled reports check...
/Users/sim/Project2/scripts/../scripts/run-scheduled-reports-cron.sh: line 25: node: command not found
Fri Jun 13 05:02:00 CDT 2025: Checking if NextJS server is running...
Fri Jun 13 05:02:00 CDT 2025: Running scheduled reports
/Users/sim/Project2/scripts/../scripts/run-simple-scheduled-reports.sh: line 16: node: command not found
Fri Jun 13 05:02:00 CDT 2025: NextJS server is running. Running scheduled reports check...
/Users/sim/Project2/scripts/../scripts/run-scheduled-reports-cron.sh: line 25: node: command not found
Fri Jun 13 05:03:00 CDT 2025: Checking if NextJS server is running...
Fri Jun 13 05:03:00 CDT 2025: Running scheduled reports
/Users/sim/Project2/scripts/../scripts/run-simple-scheduled-reports.sh: line 16: node: command not found
Fri Jun 13 05:03:00 CDT 2025: NextJS server is running. Running scheduled reports check...
/Users/sim/Project2/scripts/../scripts/run-scheduled-reports-cron.sh: line 25: node: command not found
Fri Jun 13 05:04:00 CDT 2025: Checking if NextJS server is running...
Fri Jun 13 05:04:00 CDT 2025: Running scheduled reports
/Users/sim/Project2/scripts/../scripts/run-simple-scheduled-reports.sh: line 16: node: command not found
Fri Jun 13 05:04:00 CDT 2025: NextJS server is running. Running scheduled reports check...
/Users/sim/Project2/scripts/../scripts/run-scheduled-reports-cron.sh: line 25: node: command not found
Fri Jun 13 05:05:00 CDT 2025: Running scheduled reports
Fri Jun 13 05:05:00 CDT 2025: Checking if NextJS server is running...
/Users/sim/Project2/scripts/../scripts/run-simple-scheduled-reports.sh: line 16: node: command not found
Fri Jun 13 05:05:01 CDT 2025: NextJS server is running. Running scheduled reports check...
/Users/sim/Project2/scripts/../scripts/run-scheduled-reports-cron.sh: line 25: node: command not found
Fri Jun 13 05:06:00 CDT 2025: Running scheduled reports
Fri Jun 13 05:06:00 CDT 2025: Checking if NextJS server is running...
/Users/sim/Project2/scripts/../scripts/run-simple-scheduled-reports.sh: line 16: node: command not found
Fri Jun 13 05:06:00 CDT 2025: NextJS server is running. Running scheduled reports check...
/Users/sim/Project2/scripts/../scripts/run-scheduled-reports-cron.sh: line 25: node: command not found
Fri Jun 13 05:07:00 CDT 2025: Checking if NextJS server is running...
Fri Jun 13 05:07:00 CDT 2025: Running scheduled reports
/Users/sim/Project2/scripts/../scripts/run-simple-scheduled-reports.sh: line 16: node: command not found
Fri Jun 13 05:07:00 CDT 2025: NextJS server is running. Running scheduled reports check...
/Users/sim/Project2/scripts/../scripts/run-scheduled-reports-cron.sh: line 25: node: command not found
Fri Jun 13 05:08:00 CDT 2025: Running scheduled reports
Fri Jun 13 05:08:00 CDT 2025: Checking if NextJS server is running...
/Users/sim/Project2/scripts/../scripts/run-simple-scheduled-reports.sh: line 16: node: command not found
Fri Jun 13 05:08:00 CDT 2025: NextJS server is running. Running scheduled reports check...
/Users/sim/Project2/scripts/../scripts/run-scheduled-reports-cron.sh: line 25: node: command not found
Fri Jun 13 05:09:01 CDT 2025: Checking if NextJS server is running...
Fri Jun 13 05:09:01 CDT 2025: Running scheduled reports
/Users/sim/Project2/scripts/../scripts/run-simple-scheduled-reports.sh: line 16: node: command not found
Fri Jun 13 05:09:01 CDT 2025: NextJS server is running. Running scheduled reports check...
/Users/sim/Project2/scripts/../scripts/run-scheduled-reports-cron.sh: line 25: node: command not found
Fri Jun 13 05:10:00 CDT 2025: Running scheduled reports
Fri Jun 13 05:10:00 CDT 2025: Checking if NextJS server is running...
/Users/sim/Project2/scripts/../scripts/run-simple-scheduled-reports.sh: line 16: node: command not found
Fri Jun 13 05:10:00 CDT 2025: NextJS server is running. Running scheduled reports check...
/Users/sim/Project2/scripts/../scripts/run-scheduled-reports-cron.sh: line 25: node: command not found
Fri Jun 13 05:11:00 CDT 2025: Checking if NextJS server is running...
Fri Jun 13 05:11:00 CDT 2025: Running scheduled reports
/Users/sim/Project2/scripts/../scripts/run-simple-scheduled-reports.sh: line 16: node: command not found
Fri Jun 13 05:11:00 CDT 2025: NextJS server is running. Running scheduled reports check...
/Users/sim/Project2/scripts/../scripts/run-scheduled-reports-cron.sh: line 25: node: command not found
Fri Jun 13 05:12:00 CDT 2025: Running scheduled reports
Fri Jun 13 05:12:00 CDT 2025: Checking if NextJS server is running...
/Users/sim/Project2/scripts/../scripts/run-simple-scheduled-reports.sh: line 16: node: command not found
Fri Jun 13 05:12:00 CDT 2025: NextJS server is running. Running scheduled reports check...
/Users/sim/Project2/scripts/../scripts/run-scheduled-reports-cron.sh: line 25: node: command not found
Fri Jun 13 05:13:00 CDT 2025: Running scheduled reports
Fri Jun 13 05:13:00 CDT 2025: Checking if NextJS server is running...
/Users/sim/Project2/scripts/../scripts/run-simple-scheduled-reports.sh: line 16: node: command not found
Fri Jun 13 05:13:00 CDT 2025: NextJS server is running. Running scheduled reports check...
/Users/sim/Project2/scripts/../scripts/run-scheduled-reports-cron.sh: line 25: node: command not found
Fri Jun 13 05:14:00 CDT 2025: Running scheduled reports
Fri Jun 13 05:14:00 CDT 2025: Checking if NextJS server is running...
/Users/sim/Project2/scripts/../scripts/run-simple-scheduled-reports.sh: line 16: node: command not found
Fri Jun 13 05:14:01 CDT 2025: NextJS server is running. Running scheduled reports check...
/Users/sim/Project2/scripts/../scripts/run-scheduled-reports-cron.sh: line 25: node: command not found
Fri Jun 13 05:15:00 CDT 2025: Running scheduled reports
Fri Jun 13 05:15:00 CDT 2025: Checking if NextJS server is running...
/Users/sim/Project2/scripts/../scripts/run-simple-scheduled-reports.sh: line 16: node: command not found
Fri Jun 13 05:15:00 CDT 2025: NextJS server is running. Running scheduled reports check...
/Users/sim/Project2/scripts/../scripts/run-scheduled-reports-cron.sh: line 25: node: command not found
Fri Jun 13 05:16:00 CDT 2025: Running scheduled reports
Fri Jun 13 05:16:00 CDT 2025: Checking if NextJS server is running...
/Users/sim/Project2/scripts/../scripts/run-simple-scheduled-reports.sh: line 16: node: command not found
Fri Jun 13 05:16:00 CDT 2025: NextJS server is running. Running scheduled reports check...
/Users/sim/Project2/scripts/../scripts/run-scheduled-reports-cron.sh: line 25: node: command not found
Fri Jun 13 05:17:00 CDT 2025: Running scheduled reports
Fri Jun 13 05:17:00 CDT 2025: Checking if NextJS server is running...
/Users/sim/Project2/scripts/../scripts/run-simple-scheduled-reports.sh: line 16: node: command not found
Fri Jun 13 05:17:00 CDT 2025: NextJS server is running. Running scheduled reports check...
/Users/sim/Project2/scripts/../scripts/run-scheduled-reports-cron.sh: line 25: node: command not found
Fri Jun 13 05:18:00 CDT 2025: Running scheduled reports
Fri Jun 13 05:18:00 CDT 2025: Checking if NextJS server is running...
/Users/sim/Project2/scripts/../scripts/run-simple-scheduled-reports.sh: line 16: node: command not found
Fri Jun 13 05:18:00 CDT 2025: NextJS server is running. Running scheduled reports check...
/Users/sim/Project2/scripts/../scripts/run-scheduled-reports-cron.sh: line 25: node: command not found
Fri Jun 13 05:19:01 CDT 2025: Running scheduled reports
Fri Jun 13 05:19:01 CDT 2025: Checking if NextJS server is running...
/Users/sim/Project2/scripts/../scripts/run-simple-scheduled-reports.sh: line 16: node: command not found
Fri Jun 13 05:19:01 CDT 2025: NextJS server is running. Running scheduled reports check...
/Users/sim/Project2/scripts/../scripts/run-scheduled-reports-cron.sh: line 25: node: command not found
Fri Jun 13 05:20:00 CDT 2025: Running scheduled reports
Fri Jun 13 05:20:00 CDT 2025: Checking if NextJS server is running...
/Users/sim/Project2/scripts/../scripts/run-simple-scheduled-reports.sh: line 16: node: command not found
Fri Jun 13 05:20:00 CDT 2025: NextJS server is running. Running scheduled reports check...
/Users/sim/Project2/scripts/../scripts/run-scheduled-reports-cron.sh: line 25: node: command not found
Fri Jun 13 05:21:00 CDT 2025: Checking if NextJS server is running...
Fri Jun 13 05:21:00 CDT 2025: Running scheduled reports
/Users/sim/Project2/scripts/../scripts/run-simple-scheduled-reports.sh: line 16: node: command not found
Fri Jun 13 05:21:00 CDT 2025: NextJS server is running. Running scheduled reports check...
/Users/sim/Project2/scripts/../scripts/run-scheduled-reports-cron.sh: line 25: node: command not found
Fri Jun 13 05:22:00 CDT 2025: Running scheduled reports
Fri Jun 13 05:22:00 CDT 2025: Checking if NextJS server is running...
/Users/sim/Project2/scripts/../scripts/run-simple-scheduled-reports.sh: line 16: node: command not found
Fri Jun 13 05:22:00 CDT 2025: NextJS server is running. Running scheduled reports check...
/Users/sim/Project2/scripts/../scripts/run-scheduled-reports-cron.sh: line 25: node: command not found
Fri Jun 13 05:23:00 CDT 2025: Checking if NextJS server is running...
Fri Jun 13 05:23:00 CDT 2025: Running scheduled reports
/Users/sim/Project2/scripts/../scripts/run-simple-scheduled-reports.sh: line 16: node: command not found
Fri Jun 13 05:23:00 CDT 2025: NextJS server is running. Running scheduled reports check...
/Users/sim/Project2/scripts/../scripts/run-scheduled-reports-cron.sh: line 25: node: command not found
Fri Jun 13 05:24:00 CDT 2025: Running scheduled reports
Fri Jun 13 05:24:00 CDT 2025: Checking if NextJS server is running...
/Users/sim/Project2/scripts/../scripts/run-simple-scheduled-reports.sh: line 16: node: command not found
Fri Jun 13 05:24:00 CDT 2025: NextJS server is running. Running scheduled reports check...
/Users/sim/Project2/scripts/../scripts/run-scheduled-reports-cron.sh: line 25: node: command not found
Fri Jun 13 05:25:00 CDT 2025: Running scheduled reports
Fri Jun 13 05:25:00 CDT 2025: Checking if NextJS server is running...
/Users/sim/Project2/scripts/../scripts/run-simple-scheduled-reports.sh: line 16: node: command not found
Fri Jun 13 05:25:00 CDT 2025: NextJS server is running. Running scheduled reports check...
/Users/sim/Project2/scripts/../scripts/run-scheduled-reports-cron.sh: line 25: node: command not found
Fri Jun 13 05:26:00 CDT 2025: Running scheduled reports
Fri Jun 13 05:26:00 CDT 2025: Checking if NextJS server is running...
/Users/sim/Project2/scripts/../scripts/run-simple-scheduled-reports.sh: line 16: node: command not found
Fri Jun 13 05:26:01 CDT 2025: NextJS server is running. Running scheduled reports check...
/Users/sim/Project2/scripts/../scripts/run-scheduled-reports-cron.sh: line 25: node: command not found
Fri Jun 13 05:27:00 CDT 2025: Running scheduled reports
Fri Jun 13 05:27:00 CDT 2025: Checking if NextJS server is running...
/Users/sim/Project2/scripts/../scripts/run-simple-scheduled-reports.sh: line 16: node: command not found
Fri Jun 13 05:27:00 CDT 2025: NextJS server is running. Running scheduled reports check...
/Users/sim/Project2/scripts/../scripts/run-scheduled-reports-cron.sh: line 25: node: command not found
Fri Jun 13 05:28:00 CDT 2025: Running scheduled reports
Fri Jun 13 05:28:00 CDT 2025: Checking if NextJS server is running...
/Users/sim/Project2/scripts/../scripts/run-simple-scheduled-reports.sh: line 16: node: command not found
Fri Jun 13 05:28:00 CDT 2025: NextJS server is running. Running scheduled reports check...
/Users/sim/Project2/scripts/../scripts/run-scheduled-reports-cron.sh: line 25: node: command not found
Fri Jun 13 05:29:00 CDT 2025: Checking if NextJS server is running...
Fri Jun 13 05:29:00 CDT 2025: Running scheduled reports
/Users/sim/Project2/scripts/../scripts/run-simple-scheduled-reports.sh: line 16: node: command not found
Fri Jun 13 05:29:00 CDT 2025: NextJS server is running. Running scheduled reports check...
/Users/sim/Project2/scripts/../scripts/run-scheduled-reports-cron.sh: line 25: node: command not found
Fri Jun 13 05:30:00 CDT 2025: Checking if NextJS server is running...
Fri Jun 13 05:30:00 CDT 2025: Running scheduled reports
/Users/sim/Project2/scripts/../scripts/run-simple-scheduled-reports.sh: line 16: node: command not found
Fri Jun 13 05:30:00 CDT 2025: NextJS server is running. Running scheduled reports check...
/Users/sim/Project2/scripts/../scripts/run-scheduled-reports-cron.sh: line 25: node: command not found
Fri Jun 13 05:31:01 CDT 2025: Running scheduled reports
Fri Jun 13 05:31:01 CDT 2025: Checking if NextJS server is running...
/Users/sim/Project2/scripts/../scripts/run-simple-scheduled-reports.sh: line 16: node: command not found
Fri Jun 13 05:31:01 CDT 2025: NextJS server is running. Running scheduled reports check...
/Users/sim/Project2/scripts/../scripts/run-scheduled-reports-cron.sh: line 25: node: command not found
Fri Jun 13 05:32:00 CDT 2025: Checking if NextJS server is running...
Fri Jun 13 05:32:00 CDT 2025: Running scheduled reports
/Users/sim/Project2/scripts/../scripts/run-simple-scheduled-reports.sh: line 16: node: command not found
Fri Jun 13 05:32:00 CDT 2025: NextJS server is running. Running scheduled reports check...
/Users/sim/Project2/scripts/../scripts/run-scheduled-reports-cron.sh: line 25: node: command not found
Fri Jun 13 05:33:00 CDT 2025: Running scheduled reports
Fri Jun 13 05:33:00 CDT 2025: Checking if NextJS server is running...
/Users/sim/Project2/scripts/../scripts/run-simple-scheduled-reports.sh: line 16: node: command not found
Fri Jun 13 05:33:00 CDT 2025: NextJS server is running. Running scheduled reports check...
/Users/sim/Project2/scripts/../scripts/run-scheduled-reports-cron.sh: line 25: node: command not found
Fri Jun 13 05:34:00 CDT 2025: Running scheduled reports
Fri Jun 13 05:34:00 CDT 2025: Checking if NextJS server is running...
/Users/sim/Project2/scripts/../scripts/run-simple-scheduled-reports.sh: line 16: node: command not found
Fri Jun 13 05:34:00 CDT 2025: NextJS server is running. Running scheduled reports check...
/Users/sim/Project2/scripts/../scripts/run-scheduled-reports-cron.sh: line 25: node: command not found
Fri Jun 13 05:35:00 CDT 2025: Checking if NextJS server is running...
Fri Jun 13 05:35:00 CDT 2025: Running scheduled reports
/Users/sim/Project2/scripts/../scripts/run-simple-scheduled-reports.sh: line 16: node: command not found
Fri Jun 13 05:35:01 CDT 2025: NextJS server is running. Running scheduled reports check...
/Users/sim/Project2/scripts/../scripts/run-scheduled-reports-cron.sh: line 25: node: command not found
Fri Jun 13 05:36:00 CDT 2025: Running scheduled reports
Fri Jun 13 05:36:00 CDT 2025: Checking if NextJS server is running...
/Users/sim/Project2/scripts/../scripts/run-simple-scheduled-reports.sh: line 16: node: command not found
Fri Jun 13 05:36:00 CDT 2025: NextJS server is running. Running scheduled reports check...
/Users/sim/Project2/scripts/../scripts/run-scheduled-reports-cron.sh: line 25: node: command not found
Fri Jun 13 05:37:00 CDT 2025: Running scheduled reports
Fri Jun 13 05:37:00 CDT 2025: Checking if NextJS server is running...
/Users/sim/Project2/scripts/../scripts/run-simple-scheduled-reports.sh: line 16: node: command not found
Fri Jun 13 05:37:00 CDT 2025: NextJS server is running. Running scheduled reports check...
/Users/sim/Project2/scripts/../scripts/run-scheduled-reports-cron.sh: line 25: node: command not found
Fri Jun 13 05:38:00 CDT 2025: Running scheduled reports
Fri Jun 13 05:38:00 CDT 2025: Checking if NextJS server is running...
/Users/sim/Project2/scripts/../scripts/run-simple-scheduled-reports.sh: line 16: node: command not found
Fri Jun 13 05:38:00 CDT 2025: NextJS server is running. Running scheduled reports check...
/Users/sim/Project2/scripts/../scripts/run-scheduled-reports-cron.sh: line 25: node: command not found
Fri Jun 13 05:39:00 CDT 2025: Running scheduled reports
Fri Jun 13 05:39:00 CDT 2025: Checking if NextJS server is running...
/Users/sim/Project2/scripts/../scripts/run-simple-scheduled-reports.sh: line 16: node: command not found
Fri Jun 13 05:39:00 CDT 2025: NextJS server is running. Running scheduled reports check...
/Users/sim/Project2/scripts/../scripts/run-scheduled-reports-cron.sh: line 25: node: command not found
Fri Jun 13 05:40:01 CDT 2025: Running scheduled reports
Fri Jun 13 05:40:01 CDT 2025: Checking if NextJS server is running...
/Users/sim/Project2/scripts/../scripts/run-simple-scheduled-reports.sh: line 16: node: command not found
Fri Jun 13 05:40:01 CDT 2025: NextJS server is running. Running scheduled reports check...
/Users/sim/Project2/scripts/../scripts/run-scheduled-reports-cron.sh: line 25: node: command not found
Fri Jun 13 05:41:00 CDT 2025: Checking if NextJS server is running...
Fri Jun 13 05:41:00 CDT 2025: Running scheduled reports
/Users/sim/Project2/scripts/../scripts/run-simple-scheduled-reports.sh: line 16: node: command not found
Fri Jun 13 05:41:00 CDT 2025: NextJS server is running. Running scheduled reports check...
/Users/sim/Project2/scripts/../scripts/run-scheduled-reports-cron.sh: line 25: node: command not found
Fri Jun 13 05:42:00 CDT 2025: Running scheduled reports
Fri Jun 13 05:42:00 CDT 2025: Checking if NextJS server is running...
/Users/sim/Project2/scripts/../scripts/run-simple-scheduled-reports.sh: line 16: node: command not found
Fri Jun 13 05:42:00 CDT 2025: NextJS server is running. Running scheduled reports check...
/Users/sim/Project2/scripts/../scripts/run-scheduled-reports-cron.sh: line 25: node: command not found
Fri Jun 13 05:43:00 CDT 2025: Running scheduled reports
Fri Jun 13 05:43:00 CDT 2025: Checking if NextJS server is running...
/Users/sim/Project2/scripts/../scripts/run-simple-scheduled-reports.sh: line 16: node: command not found
Fri Jun 13 05:43:00 CDT 2025: NextJS server is running. Running scheduled reports check...
/Users/sim/Project2/scripts/../scripts/run-scheduled-reports-cron.sh: line 25: node: command not found
Fri Jun 13 05:44:00 CDT 2025: Checking if NextJS server is running...
Fri Jun 13 05:44:00 CDT 2025: Running scheduled reports
/Users/sim/Project2/scripts/../scripts/run-simple-scheduled-reports.sh: line 16: node: command not found
Fri Jun 13 05:44:00 CDT 2025: NextJS server is running. Running scheduled reports check...
/Users/sim/Project2/scripts/../scripts/run-scheduled-reports-cron.sh: line 25: node: command not found
Fri Jun 13 05:45:00 CDT 2025: Running scheduled reports
Fri Jun 13 05:45:00 CDT 2025: Checking if NextJS server is running...
/Users/sim/Project2/scripts/../scripts/run-simple-scheduled-reports.sh: line 16: node: command not found
Fri Jun 13 05:45:00 CDT 2025: NextJS server is running. Running scheduled reports check...
/Users/sim/Project2/scripts/../scripts/run-scheduled-reports-cron.sh: line 25: node: command not found
Fri Jun 13 05:46:01 CDT 2025: Checking if NextJS server is running...
Fri Jun 13 05:46:01 CDT 2025: Running scheduled reports
/Users/sim/Project2/scripts/../scripts/run-simple-scheduled-reports.sh: line 16: node: command not found
Fri Jun 13 05:46:01 CDT 2025: NextJS server is running. Running scheduled reports check...
/Users/sim/Project2/scripts/../scripts/run-scheduled-reports-cron.sh: line 25: node: command not found
Fri Jun 13 05:47:00 CDT 2025: Running scheduled reports
Fri Jun 13 05:47:00 CDT 2025: Checking if NextJS server is running...
/Users/sim/Project2/scripts/../scripts/run-simple-scheduled-reports.sh: line 16: node: command not found
Fri Jun 13 05:47:00 CDT 2025: NextJS server is running. Running scheduled reports check...
/Users/sim/Project2/scripts/../scripts/run-scheduled-reports-cron.sh: line 25: node: command not found
Fri Jun 13 05:48:00 CDT 2025: Checking if NextJS server is running...
Fri Jun 13 05:48:00 CDT 2025: Running scheduled reports
/Users/sim/Project2/scripts/../scripts/run-simple-scheduled-reports.sh: line 16: node: command not found
Fri Jun 13 05:48:00 CDT 2025: NextJS server is running. Running scheduled reports check...
/Users/sim/Project2/scripts/../scripts/run-scheduled-reports-cron.sh: line 25: node: command not found
Fri Jun 13 05:49:00 CDT 2025: Checking if NextJS server is running...
Fri Jun 13 05:49:00 CDT 2025: Running scheduled reports
/Users/sim/Project2/scripts/../scripts/run-simple-scheduled-reports.sh: line 16: node: command not found
Fri Jun 13 05:49:00 CDT 2025: NextJS server is running. Running scheduled reports check...
/Users/sim/Project2/scripts/../scripts/run-scheduled-reports-cron.sh: line 25: node: command not found
Fri Jun 13 05:50:01 CDT 2025: Checking if NextJS server is running...
Fri Jun 13 05:50:01 CDT 2025: Running scheduled reports
/Users/sim/Project2/scripts/../scripts/run-simple-scheduled-reports.sh: line 16: node: command not found
Fri Jun 13 05:50:01 CDT 2025: NextJS server is running. Running scheduled reports check...
/Users/sim/Project2/scripts/../scripts/run-scheduled-reports-cron.sh: line 25: node: command not found
Fri Jun 13 05:51:00 CDT 2025: Running scheduled reports
/Users/sim/Project2/scripts/../scripts/run-simple-scheduled-reports.sh: line 16: node: command not found
Fri Jun 13 05:51:00 CDT 2025: Checking if NextJS server is running...
Fri Jun 13 05:51:00 CDT 2025: NextJS server is running. Running scheduled reports check...
/Users/sim/Project2/scripts/../scripts/run-scheduled-reports-cron.sh: line 25: node: command not found
Fri Jun 13 05:52:00 CDT 2025: Checking if NextJS server is running...
Fri Jun 13 05:52:00 CDT 2025: Running scheduled reports
/Users/sim/Project2/scripts/../scripts/run-simple-scheduled-reports.sh: line 16: node: command not found
Fri Jun 13 05:52:00 CDT 2025: NextJS server is running. Running scheduled reports check...
/Users/sim/Project2/scripts/../scripts/run-scheduled-reports-cron.sh: line 25: node: command not found
Fri Jun 13 05:53:00 CDT 2025: Running scheduled reports
Fri Jun 13 05:53:00 CDT 2025: Checking if NextJS server is running...
/Users/sim/Project2/scripts/../scripts/run-simple-scheduled-reports.sh: line 16: node: command not found
Fri Jun 13 05:53:00 CDT 2025: NextJS server is running. Running scheduled reports check...
/Users/sim/Project2/scripts/../scripts/run-scheduled-reports-cron.sh: line 25: node: command not found
Fri Jun 13 05:54:00 CDT 2025: Running scheduled reports
Fri Jun 13 05:54:00 CDT 2025: Checking if NextJS server is running...
/Users/sim/Project2/scripts/../scripts/run-simple-scheduled-reports.sh: line 16: node: command not found
Fri Jun 13 05:54:00 CDT 2025: NextJS server is running. Running scheduled reports check...
/Users/sim/Project2/scripts/../scripts/run-scheduled-reports-cron.sh: line 25: node: command not found
Fri Jun 13 05:55:00 CDT 2025: Running scheduled reports
Fri Jun 13 05:55:00 CDT 2025: Checking if NextJS server is running...
/Users/sim/Project2/scripts/../scripts/run-simple-scheduled-reports.sh: line 16: node: command not found
Fri Jun 13 05:55:00 CDT 2025: NextJS server is running. Running scheduled reports check...
/Users/sim/Project2/scripts/../scripts/run-scheduled-reports-cron.sh: line 25: node: command not found
Fri Jun 13 05:56:01 CDT 2025: Running scheduled reports
Fri Jun 13 05:56:01 CDT 2025: Checking if NextJS server is running...
/Users/sim/Project2/scripts/../scripts/run-simple-scheduled-reports.sh: line 16: node: command not found
Fri Jun 13 05:56:01 CDT 2025: NextJS server is running. Running scheduled reports check...
/Users/sim/Project2/scripts/../scripts/run-scheduled-reports-cron.sh: line 25: node: command not found
Fri Jun 13 05:57:03 CDT 2025: Checking if NextJS server is running...
Fri Jun 13 05:57:03 CDT 2025: Running scheduled reports
/Users/sim/Project2/scripts/../scripts/run-simple-scheduled-reports.sh: line 16: node: command not found
Fri Jun 13 05:57:03 CDT 2025: NextJS server is running. Running scheduled reports check...
/Users/sim/Project2/scripts/../scripts/run-scheduled-reports-cron.sh: line 25: node: command not found
Fri Jun 13 05:58:03 CDT 2025: Running scheduled reports
Fri Jun 13 05:58:03 CDT 2025: Checking if NextJS server is running...
/Users/sim/Project2/scripts/../scripts/run-simple-scheduled-reports.sh: line 16: node: command not found
Fri Jun 13 05:58:03 CDT 2025: NextJS server is running. Running scheduled reports check...
/Users/sim/Project2/scripts/../scripts/run-scheduled-reports-cron.sh: line 25: node: command not found
Fri Jun 13 05:59:04 CDT 2025: Running scheduled reports
Fri Jun 13 05:59:04 CDT 2025: Checking if NextJS server is running...
/Users/sim/Project2/scripts/../scripts/run-simple-scheduled-reports.sh: line 16: node: command not found
Fri Jun 13 05:59:04 CDT 2025: NextJS server is running. Running scheduled reports check...
/Users/sim/Project2/scripts/../scripts/run-scheduled-reports-cron.sh: line 25: node: command not found
Fri Jun 13 06:00:04 CDT 2025: Checking if NextJS server is running...
Fri Jun 13 06:00:04 CDT 2025: Running scheduled reports
/Users/sim/Project2/scripts/../scripts/run-simple-scheduled-reports.sh: line 16: node: command not found
Fri Jun 13 06:00:04 CDT 2025: NextJS server is running. Running scheduled reports check...
/Users/sim/Project2/scripts/../scripts/run-scheduled-reports-cron.sh: line 25: node: command not found
Fri Jun 13 06:01:03 CDT 2025: Running scheduled reports
Fri Jun 13 06:01:03 CDT 2025: Checking if NextJS server is running...
/Users/sim/Project2/scripts/../scripts/run-simple-scheduled-reports.sh: line 16: node: command not found
Fri Jun 13 06:01:03 CDT 2025: NextJS server is running. Running scheduled reports check...
/Users/sim/Project2/scripts/../scripts/run-scheduled-reports-cron.sh: line 25: node: command not found
Fri Jun 13 06:02:03 CDT 2025: Running scheduled reports
Fri Jun 13 06:02:03 CDT 2025: Checking if NextJS server is running...
/Users/sim/Project2/scripts/../scripts/run-simple-scheduled-reports.sh: line 16: node: command not found
Fri Jun 13 06:02:03 CDT 2025: NextJS server is running. Running scheduled reports check...
/Users/sim/Project2/scripts/../scripts/run-scheduled-reports-cron.sh: line 25: node: command not found
Fri Jun 13 06:03:03 CDT 2025: Checking if NextJS server is running...
Fri Jun 13 06:03:03 CDT 2025: Running scheduled reports
/Users/sim/Project2/scripts/../scripts/run-simple-scheduled-reports.sh: line 16: node: command not found
Fri Jun 13 06:03:03 CDT 2025: NextJS server is running. Running scheduled reports check...
/Users/sim/Project2/scripts/../scripts/run-scheduled-reports-cron.sh: line 25: node: command not found
Fri Jun 13 06:04:04 CDT 2025: Checking if NextJS server is running...
Fri Jun 13 06:04:04 CDT 2025: Running scheduled reports
/Users/sim/Project2/scripts/../scripts/run-simple-scheduled-reports.sh: line 16: node: command not found
Fri Jun 13 06:04:04 CDT 2025: NextJS server is running. Running scheduled reports check...
/Users/sim/Project2/scripts/../scripts/run-scheduled-reports-cron.sh: line 25: node: command not found
Fri Jun 13 06:05:03 CDT 2025: Checking if NextJS server is running...
Fri Jun 13 06:05:03 CDT 2025: Running scheduled reports
/Users/sim/Project2/scripts/../scripts/run-simple-scheduled-reports.sh: line 16: node: command not found
Fri Jun 13 06:05:03 CDT 2025: NextJS server is running. Running scheduled reports check...
/Users/sim/Project2/scripts/../scripts/run-scheduled-reports-cron.sh: line 25: node: command not found
Fri Jun 13 06:06:03 CDT 2025: Running scheduled reports
Fri Jun 13 06:06:03 CDT 2025: Checking if NextJS server is running...
/Users/sim/Project2/scripts/../scripts/run-simple-scheduled-reports.sh: line 16: node: command not found
Fri Jun 13 06:06:03 CDT 2025: NextJS server is running. Running scheduled reports check...
/Users/sim/Project2/scripts/../scripts/run-scheduled-reports-cron.sh: line 25: node: command not found
Fri Jun 13 06:07:04 CDT 2025: Checking if NextJS server is running...
Fri Jun 13 06:07:04 CDT 2025: Running scheduled reports
/Users/sim/Project2/scripts/../scripts/run-simple-scheduled-reports.sh: line 16: node: command not found
Fri Jun 13 06:07:04 CDT 2025: NextJS server is running. Running scheduled reports check...
/Users/sim/Project2/scripts/../scripts/run-scheduled-reports-cron.sh: line 25: node: command not found
Fri Jun 13 06:08:04 CDT 2025: Checking if NextJS server is running...
Fri Jun 13 06:08:04 CDT 2025: Running scheduled reports
/Users/sim/Project2/scripts/../scripts/run-simple-scheduled-reports.sh: line 16: node: command not found
Fri Jun 13 06:08:04 CDT 2025: NextJS server is running. Running scheduled reports check...
/Users/sim/Project2/scripts/../scripts/run-scheduled-reports-cron.sh: line 25: node: command not found
Fri Jun 13 06:09:03 CDT 2025: Checking if NextJS server is running...
Fri Jun 13 06:09:03 CDT 2025: Running scheduled reports
/Users/sim/Project2/scripts/../scripts/run-simple-scheduled-reports.sh: line 16: node: command not found
Fri Jun 13 06:09:03 CDT 2025: NextJS server is running. Running scheduled reports check...
/Users/sim/Project2/scripts/../scripts/run-scheduled-reports-cron.sh: line 25: node: command not found
Fri Jun 13 06:10:04 CDT 2025: Running scheduled reports
Fri Jun 13 06:10:04 CDT 2025: Checking if NextJS server is running...
/Users/sim/Project2/scripts/../scripts/run-simple-scheduled-reports.sh: line 16: node: command not found
Fri Jun 13 06:10:04 CDT 2025: NextJS server is running. Running scheduled reports check...
/Users/sim/Project2/scripts/../scripts/run-scheduled-reports-cron.sh: line 25: node: command not found
Fri Jun 13 06:11:07 CDT 2025: Checking if NextJS server is running...
Fri Jun 13 06:11:07 CDT 2025: Running scheduled reports
/Users/sim/Project2/scripts/../scripts/run-simple-scheduled-reports.sh: line 16: node: command not found
Fri Jun 13 06:11:07 CDT 2025: NextJS server is running. Running scheduled reports check...
/Users/sim/Project2/scripts/../scripts/run-scheduled-reports-cron.sh: line 25: node: command not found
Fri Jun 13 06:12:03 CDT 2025: Checking if NextJS server is running...
Fri Jun 13 06:12:03 CDT 2025: Running scheduled reports
/Users/sim/Project2/scripts/../scripts/run-simple-scheduled-reports.sh: line 16: node: command not found
Fri Jun 13 06:12:03 CDT 2025: NextJS server is running. Running scheduled reports check...
/Users/sim/Project2/scripts/../scripts/run-scheduled-reports-cron.sh: line 25: node: command not found
Fri Jun 13 06:13:05 CDT 2025: Running scheduled reports
Fri Jun 13 06:13:05 CDT 2025: Checking if NextJS server is running...
/Users/sim/Project2/scripts/../scripts/run-simple-scheduled-reports.sh: line 16: node: command not found
Fri Jun 13 06:13:05 CDT 2025: NextJS server is running. Running scheduled reports check...
/Users/sim/Project2/scripts/../scripts/run-scheduled-reports-cron.sh: line 25: node: command not found
Fri Jun 13 06:14:04 CDT 2025: Checking if NextJS server is running...
Fri Jun 13 06:14:04 CDT 2025: Running scheduled reports
/Users/sim/Project2/scripts/../scripts/run-simple-scheduled-reports.sh: line 16: node: command not found
Fri Jun 13 06:14:04 CDT 2025: NextJS server is running. Running scheduled reports check...
/Users/sim/Project2/scripts/../scripts/run-scheduled-reports-cron.sh: line 25: node: command not found
Fri Jun 13 06:15:04 CDT 2025: Checking if NextJS server is running...
Fri Jun 13 06:15:04 CDT 2025: Running scheduled reports
/Users/sim/Project2/scripts/../scripts/run-simple-scheduled-reports.sh: line 16: node: command not found
Fri Jun 13 06:15:04 CDT 2025: NextJS server is running. Running scheduled reports check...
/Users/sim/Project2/scripts/../scripts/run-scheduled-reports-cron.sh: line 25: node: command not found
Fri Jun 13 06:16:04 CDT 2025: Running scheduled reports
Fri Jun 13 06:16:04 CDT 2025: Checking if NextJS server is running...
/Users/sim/Project2/scripts/../scripts/run-simple-scheduled-reports.sh: line 16: node: command not found
Fri Jun 13 06:16:04 CDT 2025: NextJS server is running. Running scheduled reports check...
/Users/sim/Project2/scripts/../scripts/run-scheduled-reports-cron.sh: line 25: node: command not found
Fri Jun 13 06:17:04 CDT 2025: Running scheduled reports
Fri Jun 13 06:17:04 CDT 2025: Checking if NextJS server is running...
/Users/sim/Project2/scripts/../scripts/run-simple-scheduled-reports.sh: line 16: node: command not found
Fri Jun 13 06:17:04 CDT 2025: NextJS server is running. Running scheduled reports check...
/Users/sim/Project2/scripts/../scripts/run-scheduled-reports-cron.sh: line 25: node: command not found
Fri Jun 13 06:18:04 CDT 2025: Checking if NextJS server is running...
Fri Jun 13 06:18:04 CDT 2025: Running scheduled reports
/Users/sim/Project2/scripts/../scripts/run-simple-scheduled-reports.sh: line 16: node: command not found
Fri Jun 13 06:18:04 CDT 2025: NextJS server is running. Running scheduled reports check...
/Users/sim/Project2/scripts/../scripts/run-scheduled-reports-cron.sh: line 25: node: command not found
Fri Jun 13 06:19:03 CDT 2025: Checking if NextJS server is running...
Fri Jun 13 06:19:03 CDT 2025: Running scheduled reports
/Users/sim/Project2/scripts/../scripts/run-simple-scheduled-reports.sh: line 16: node: command not found
Fri Jun 13 06:19:04 CDT 2025: NextJS server is running. Running scheduled reports check...
/Users/sim/Project2/scripts/../scripts/run-scheduled-reports-cron.sh: line 25: node: command not found
Fri Jun 13 06:20:03 CDT 2025: Checking if NextJS server is running...
Fri Jun 13 06:20:03 CDT 2025: Running scheduled reports
/Users/sim/Project2/scripts/../scripts/run-simple-scheduled-reports.sh: line 16: node: command not found
Fri Jun 13 06:20:04 CDT 2025: NextJS server is running. Running scheduled reports check...
/Users/sim/Project2/scripts/../scripts/run-scheduled-reports-cron.sh: line 25: node: command not found
Fri Jun 13 06:21:03 CDT 2025: Running scheduled reports
Fri Jun 13 06:21:03 CDT 2025: Checking if NextJS server is running...
/Users/sim/Project2/scripts/../scripts/run-simple-scheduled-reports.sh: line 16: node: command not found
Fri Jun 13 06:21:03 CDT 2025: NextJS server is running. Running scheduled reports check...
/Users/sim/Project2/scripts/../scripts/run-scheduled-reports-cron.sh: line 25: node: command not found
Fri Jun 13 06:22:04 CDT 2025: Running scheduled reports
Fri Jun 13 06:22:04 CDT 2025: Checking if NextJS server is running...
/Users/sim/Project2/scripts/../scripts/run-simple-scheduled-reports.sh: line 16: node: command not found
Fri Jun 13 06:22:04 CDT 2025: NextJS server is running. Running scheduled reports check...
/Users/sim/Project2/scripts/../scripts/run-scheduled-reports-cron.sh: line 25: node: command not found
Fri Jun 13 06:23:02 CDT 2025: Checking if NextJS server is running...
Fri Jun 13 06:23:02 CDT 2025: Running scheduled reports
/Users/sim/Project2/scripts/../scripts/run-simple-scheduled-reports.sh: line 16: node: command not found
Fri Jun 13 06:23:02 CDT 2025: NextJS server is running. Running scheduled reports check...
/Users/sim/Project2/scripts/../scripts/run-scheduled-reports-cron.sh: line 25: node: command not found
Fri Jun 13 06:24:06 CDT 2025: Checking if NextJS server is running...
Fri Jun 13 06:24:06 CDT 2025: Running scheduled reports
/Users/sim/Project2/scripts/../scripts/run-simple-scheduled-reports.sh: line 16: node: command not found
Fri Jun 13 06:24:06 CDT 2025: NextJS server is running. Running scheduled reports check...
/Users/sim/Project2/scripts/../scripts/run-scheduled-reports-cron.sh: line 25: node: command not found
Fri Jun 13 06:25:03 CDT 2025: Running scheduled reports
Fri Jun 13 06:25:03 CDT 2025: Checking if NextJS server is running...
/Users/sim/Project2/scripts/../scripts/run-simple-scheduled-reports.sh: line 16: node: command not found
Fri Jun 13 06:25:03 CDT 2025: NextJS server is running. Running scheduled reports check...
/Users/sim/Project2/scripts/../scripts/run-scheduled-reports-cron.sh: line 25: node: command not found
Fri Jun 13 06:26:05 CDT 2025: Checking if NextJS server is running...
Fri Jun 13 06:26:05 CDT 2025: Running scheduled reports
/Users/sim/Project2/scripts/../scripts/run-simple-scheduled-reports.sh: line 16: node: command not found
Fri Jun 13 06:26:05 CDT 2025: NextJS server is running. Running scheduled reports check...
/Users/sim/Project2/scripts/../scripts/run-scheduled-reports-cron.sh: line 25: node: command not found
Fri Jun 13 06:27:05 CDT 2025: Running scheduled reports
Fri Jun 13 06:27:05 CDT 2025: Checking if NextJS server is running...
/Users/sim/Project2/scripts/../scripts/run-simple-scheduled-reports.sh: line 16: node: command not found
Fri Jun 13 06:27:05 CDT 2025: NextJS server is running. Running scheduled reports check...
/Users/sim/Project2/scripts/../scripts/run-scheduled-reports-cron.sh: line 25: node: command not found
Fri Jun 13 06:28:05 CDT 2025: Checking if NextJS server is running...
Fri Jun 13 06:28:05 CDT 2025: Running scheduled reports
/Users/sim/Project2/scripts/../scripts/run-simple-scheduled-reports.sh: line 16: node: command not found
Fri Jun 13 06:28:05 CDT 2025: NextJS server is running. Running scheduled reports check...
/Users/sim/Project2/scripts/../scripts/run-scheduled-reports-cron.sh: line 25: node: command not found
Fri Jun 13 06:29:03 CDT 2025: Running scheduled reports
Fri Jun 13 06:29:03 CDT 2025: Checking if NextJS server is running...
/Users/sim/Project2/scripts/../scripts/run-simple-scheduled-reports.sh: line 16: node: command not found
Fri Jun 13 06:29:03 CDT 2025: NextJS server is running. Running scheduled reports check...
/Users/sim/Project2/scripts/../scripts/run-scheduled-reports-cron.sh: line 25: node: command not found
Fri Jun 13 06:30:04 CDT 2025: Checking if NextJS server is running...
Fri Jun 13 06:30:04 CDT 2025: Running scheduled reports
/Users/sim/Project2/scripts/../scripts/run-simple-scheduled-reports.sh: line 16: node: command not found
Fri Jun 13 06:30:04 CDT 2025: NextJS server is running. Running scheduled reports check...
/Users/sim/Project2/scripts/../scripts/run-scheduled-reports-cron.sh: line 25: node: command not found
Fri Jun 13 06:31:03 CDT 2025: Checking if NextJS server is running...
Fri Jun 13 06:31:03 CDT 2025: Running scheduled reports
/Users/sim/Project2/scripts/../scripts/run-simple-scheduled-reports.sh: line 16: node: command not found
Fri Jun 13 06:31:03 CDT 2025: NextJS server is running. Running scheduled reports check...
/Users/sim/Project2/scripts/../scripts/run-scheduled-reports-cron.sh: line 25: node: command not found
Fri Jun 13 06:32:04 CDT 2025: Checking if NextJS server is running...
Fri Jun 13 06:32:04 CDT 2025: Running scheduled reports
/Users/sim/Project2/scripts/../scripts/run-simple-scheduled-reports.sh: line 16: node: command not found
Fri Jun 13 06:32:04 CDT 2025: NextJS server is running. Running scheduled reports check...
/Users/sim/Project2/scripts/../scripts/run-scheduled-reports-cron.sh: line 25: node: command not found
Fri Jun 13 06:33:02 CDT 2025: Checking if NextJS server is running...
Fri Jun 13 06:33:02 CDT 2025: Running scheduled reports
/Users/sim/Project2/scripts/../scripts/run-simple-scheduled-reports.sh: line 16: node: command not found
Fri Jun 13 06:33:02 CDT 2025: NextJS server is running. Running scheduled reports check...
/Users/sim/Project2/scripts/../scripts/run-scheduled-reports-cron.sh: line 25: node: command not found
Fri Jun 13 06:34:04 CDT 2025: Running scheduled reports
Fri Jun 13 06:34:04 CDT 2025: Checking if NextJS server is running...
/Users/sim/Project2/scripts/../scripts/run-simple-scheduled-reports.sh: line 16: node: command not found
Fri Jun 13 06:34:04 CDT 2025: NextJS server is running. Running scheduled reports check...
/Users/sim/Project2/scripts/../scripts/run-scheduled-reports-cron.sh: line 25: node: command not found
Fri Jun 13 06:35:03 CDT 2025: Running scheduled reports
Fri Jun 13 06:35:03 CDT 2025: Checking if NextJS server is running...
/Users/sim/Project2/scripts/../scripts/run-simple-scheduled-reports.sh: line 16: node: command not found
Fri Jun 13 06:35:03 CDT 2025: NextJS server is running. Running scheduled reports check...
/Users/sim/Project2/scripts/../scripts/run-scheduled-reports-cron.sh: line 25: node: command not found
Fri Jun 13 06:36:04 CDT 2025: Checking if NextJS server is running...
Fri Jun 13 06:36:04 CDT 2025: Running scheduled reports
/Users/sim/Project2/scripts/../scripts/run-simple-scheduled-reports.sh: line 16: node: command not found
Fri Jun 13 06:36:04 CDT 2025: NextJS server is running. Running scheduled reports check...
/Users/sim/Project2/scripts/../scripts/run-scheduled-reports-cron.sh: line 25: node: command not found
Fri Jun 13 06:37:03 CDT 2025: Running scheduled reports
Fri Jun 13 06:37:03 CDT 2025: Checking if NextJS server is running...
/Users/sim/Project2/scripts/../scripts/run-simple-scheduled-reports.sh: line 16: node: command not found
Fri Jun 13 06:37:03 CDT 2025: NextJS server is running. Running scheduled reports check...
/Users/sim/Project2/scripts/../scripts/run-scheduled-reports-cron.sh: line 25: node: command not found
Fri Jun 13 06:38:05 CDT 2025: Checking if NextJS server is running...
Fri Jun 13 06:38:05 CDT 2025: Running scheduled reports
/Users/sim/Project2/scripts/../scripts/run-simple-scheduled-reports.sh: line 16: node: command not found
Fri Jun 13 06:38:05 CDT 2025: NextJS server is running. Running scheduled reports check...
/Users/sim/Project2/scripts/../scripts/run-scheduled-reports-cron.sh: line 25: node: command not found
Fri Jun 13 06:39:04 CDT 2025: Running scheduled reports
Fri Jun 13 06:39:04 CDT 2025: Checking if NextJS server is running...
/Users/sim/Project2/scripts/../scripts/run-simple-scheduled-reports.sh: line 16: node: command not found
Fri Jun 13 06:39:04 CDT 2025: NextJS server is running. Running scheduled reports check...
/Users/sim/Project2/scripts/../scripts/run-scheduled-reports-cron.sh: line 25: node: command not found
Fri Jun 13 06:40:04 CDT 2025: Running scheduled reports
Fri Jun 13 06:40:04 CDT 2025: Checking if NextJS server is running...
/Users/sim/Project2/scripts/../scripts/run-simple-scheduled-reports.sh: line 16: node: command not found
Fri Jun 13 06:40:04 CDT 2025: NextJS server is running. Running scheduled reports check...
/Users/sim/Project2/scripts/../scripts/run-scheduled-reports-cron.sh: line 25: node: command not found
Fri Jun 13 06:41:05 CDT 2025: Running scheduled reports
Fri Jun 13 06:41:05 CDT 2025: Checking if NextJS server is running...
/Users/sim/Project2/scripts/../scripts/run-simple-scheduled-reports.sh: line 16: node: command not found
Fri Jun 13 06:41:05 CDT 2025: NextJS server is running. Running scheduled reports check...
/Users/sim/Project2/scripts/../scripts/run-scheduled-reports-cron.sh: line 25: node: command not found
Fri Jun 13 06:42:03 CDT 2025: Checking if NextJS server is running...
Fri Jun 13 06:42:03 CDT 2025: Running scheduled reports
/Users/sim/Project2/scripts/../scripts/run-simple-scheduled-reports.sh: line 16: node: command not found
Fri Jun 13 06:42:03 CDT 2025: NextJS server is running. Running scheduled reports check...
/Users/sim/Project2/scripts/../scripts/run-scheduled-reports-cron.sh: line 25: node: command not found
Fri Jun 13 06:43:04 CDT 2025: Checking if NextJS server is running...
Fri Jun 13 06:43:04 CDT 2025: Running scheduled reports
/Users/sim/Project2/scripts/../scripts/run-simple-scheduled-reports.sh: line 16: node: command not found
Fri Jun 13 06:43:05 CDT 2025: NextJS server is running. Running scheduled reports check...
/Users/sim/Project2/scripts/../scripts/run-scheduled-reports-cron.sh: line 25: node: command not found
Fri Jun 13 06:44:02 CDT 2025: Running scheduled reports
Fri Jun 13 06:44:02 CDT 2025: Checking if NextJS server is running...
/Users/sim/Project2/scripts/../scripts/run-simple-scheduled-reports.sh: line 16: node: command not found
Fri Jun 13 06:44:02 CDT 2025: NextJS server is running. Running scheduled reports check...
/Users/sim/Project2/scripts/../scripts/run-scheduled-reports-cron.sh: line 25: node: command not found
Fri Jun 13 06:45:08 CDT 2025: Checking if NextJS server is running...
Fri Jun 13 06:45:08 CDT 2025: Running scheduled reports
/Users/sim/Project2/scripts/../scripts/run-simple-scheduled-reports.sh: line 16: node: command not found
Fri Jun 13 06:45:08 CDT 2025: NextJS server is running. Running scheduled reports check...
/Users/sim/Project2/scripts/../scripts/run-scheduled-reports-cron.sh: line 25: node: command not found
Fri Jun 13 06:46:03 CDT 2025: Checking if NextJS server is running...
Fri Jun 13 06:46:03 CDT 2025: Running scheduled reports
/Users/sim/Project2/scripts/../scripts/run-simple-scheduled-reports.sh: line 16: node: command not found
Fri Jun 13 06:46:03 CDT 2025: NextJS server is running. Running scheduled reports check...
/Users/sim/Project2/scripts/../scripts/run-scheduled-reports-cron.sh: line 25: node: command not found
Fri Jun 13 06:47:03 CDT 2025: Checking if NextJS server is running...
Fri Jun 13 06:47:03 CDT 2025: Running scheduled reports
/Users/sim/Project2/scripts/../scripts/run-simple-scheduled-reports.sh: line 16: node: command not found
Fri Jun 13 06:47:03 CDT 2025: NextJS server is running. Running scheduled reports check...
/Users/sim/Project2/scripts/../scripts/run-scheduled-reports-cron.sh: line 25: node: command not found
Fri Jun 13 06:48:04 CDT 2025: Checking if NextJS server is running...
Fri Jun 13 06:48:04 CDT 2025: Running scheduled reports
/Users/sim/Project2/scripts/../scripts/run-simple-scheduled-reports.sh: line 16: node: command not found
Fri Jun 13 06:48:04 CDT 2025: NextJS server is running. Running scheduled reports check...
/Users/sim/Project2/scripts/../scripts/run-scheduled-reports-cron.sh: line 25: node: command not found
Fri Jun 13 06:49:03 CDT 2025: Running scheduled reports
Fri Jun 13 06:49:03 CDT 2025: Checking if NextJS server is running...
/Users/sim/Project2/scripts/../scripts/run-simple-scheduled-reports.sh: line 16: node: command not found
Fri Jun 13 06:49:03 CDT 2025: NextJS server is running. Running scheduled reports check...
/Users/sim/Project2/scripts/../scripts/run-scheduled-reports-cron.sh: line 25: node: command not found
Fri Jun 13 06:50:03 CDT 2025: Checking if NextJS server is running...
Fri Jun 13 06:50:03 CDT 2025: Running scheduled reports
/Users/sim/Project2/scripts/../scripts/run-simple-scheduled-reports.sh: line 16: node: command not found
Fri Jun 13 06:50:03 CDT 2025: NextJS server is running. Running scheduled reports check...
/Users/sim/Project2/scripts/../scripts/run-scheduled-reports-cron.sh: line 25: node: command not found
Fri Jun 13 06:51:05 CDT 2025: Running scheduled reports
Fri Jun 13 06:51:05 CDT 2025: Checking if NextJS server is running...
/Users/sim/Project2/scripts/../scripts/run-simple-scheduled-reports.sh: line 16: node: command not found
Fri Jun 13 06:51:05 CDT 2025: NextJS server is running. Running scheduled reports check...
/Users/sim/Project2/scripts/../scripts/run-scheduled-reports-cron.sh: line 25: node: command not found
Fri Jun 13 06:52:03 CDT 2025: Running scheduled reports
Fri Jun 13 06:52:03 CDT 2025: Checking if NextJS server is running...
/Users/sim/Project2/scripts/../scripts/run-simple-scheduled-reports.sh: line 16: node: command not found
Fri Jun 13 06:52:03 CDT 2025: NextJS server is running. Running scheduled reports check...
/Users/sim/Project2/scripts/../scripts/run-scheduled-reports-cron.sh: line 25: node: command not found
Fri Jun 13 06:53:03 CDT 2025: Checking if NextJS server is running...
Fri Jun 13 06:53:03 CDT 2025: Running scheduled reports
/Users/sim/Project2/scripts/../scripts/run-simple-scheduled-reports.sh: line 16: node: command not found
Fri Jun 13 06:53:03 CDT 2025: NextJS server is running. Running scheduled reports check...
/Users/sim/Project2/scripts/../scripts/run-scheduled-reports-cron.sh: line 25: node: command not found
Fri Jun 13 06:54:04 CDT 2025: Running scheduled reports
Fri Jun 13 06:54:04 CDT 2025: Checking if NextJS server is running...
/Users/sim/Project2/scripts/../scripts/run-simple-scheduled-reports.sh: line 16: node: command not found
Fri Jun 13 06:54:04 CDT 2025: NextJS server is running. Running scheduled reports check...
/Users/sim/Project2/scripts/../scripts/run-scheduled-reports-cron.sh: line 25: node: command not found
Fri Jun 13 06:55:03 CDT 2025: Checking if NextJS server is running...
Fri Jun 13 06:55:03 CDT 2025: Running scheduled reports
/Users/sim/Project2/scripts/../scripts/run-simple-scheduled-reports.sh: line 16: node: command not found
Fri Jun 13 06:55:03 CDT 2025: NextJS server is running. Running scheduled reports check...
/Users/sim/Project2/scripts/../scripts/run-scheduled-reports-cron.sh: line 25: node: command not found
Fri Jun 13 06:56:03 CDT 2025: Running scheduled reports
Fri Jun 13 06:56:03 CDT 2025: Checking if NextJS server is running...
/Users/sim/Project2/scripts/../scripts/run-simple-scheduled-reports.sh: line 16: node: command not found
Fri Jun 13 06:56:03 CDT 2025: NextJS server is running. Running scheduled reports check...
/Users/sim/Project2/scripts/../scripts/run-scheduled-reports-cron.sh: line 25: node: command not found
Fri Jun 13 06:57:04 CDT 2025: Running scheduled reports
Fri Jun 13 06:57:04 CDT 2025: Checking if NextJS server is running...
/Users/sim/Project2/scripts/../scripts/run-simple-scheduled-reports.sh: line 16: node: command not found
Fri Jun 13 06:57:04 CDT 2025: NextJS server is running. Running scheduled reports check...
/Users/sim/Project2/scripts/../scripts/run-scheduled-reports-cron.sh: line 25: node: command not found
Fri Jun 13 06:58:03 CDT 2025: Checking if NextJS server is running...
Fri Jun 13 06:58:03 CDT 2025: Running scheduled reports
/Users/sim/Project2/scripts/../scripts/run-simple-scheduled-reports.sh: line 16: node: command not found
Fri Jun 13 06:58:03 CDT 2025: NextJS server is running. Running scheduled reports check...
/Users/sim/Project2/scripts/../scripts/run-scheduled-reports-cron.sh: line 25: node: command not found
Fri Jun 13 06:59:04 CDT 2025: Running scheduled reports
Fri Jun 13 06:59:04 CDT 2025: Checking if NextJS server is running...
/Users/sim/Project2/scripts/../scripts/run-simple-scheduled-reports.sh: line 16: node: command not found
Fri Jun 13 06:59:04 CDT 2025: NextJS server is running. Running scheduled reports check...
/Users/sim/Project2/scripts/../scripts/run-scheduled-reports-cron.sh: line 25: node: command not found
Fri Jun 13 07:00:04 CDT 2025: Running scheduled reports
Fri Jun 13 07:00:04 CDT 2025: Checking if NextJS server is running...
/Users/sim/Project2/scripts/../scripts/run-simple-scheduled-reports.sh: line 16: node: command not found
Fri Jun 13 07:00:04 CDT 2025: NextJS server is running. Running scheduled reports check...
/Users/sim/Project2/scripts/../scripts/run-scheduled-reports-cron.sh: line 25: node: command not found
Fri Jun 13 07:01:02 CDT 2025: Checking if NextJS server is running...
Fri Jun 13 07:01:02 CDT 2025: Running scheduled reports
/Users/sim/Project2/scripts/../scripts/run-simple-scheduled-reports.sh: line 16: node: command not found
Fri Jun 13 07:01:02 CDT 2025: NextJS server is running. Running scheduled reports check...
/Users/sim/Project2/scripts/../scripts/run-scheduled-reports-cron.sh: line 25: node: command not found
Fri Jun 13 07:02:05 CDT 2025: Running scheduled reports
Fri Jun 13 07:02:05 CDT 2025: Checking if NextJS server is running...
/Users/sim/Project2/scripts/../scripts/run-simple-scheduled-reports.sh: line 16: node: command not found
Fri Jun 13 07:02:05 CDT 2025: NextJS server is running. Running scheduled reports check...
/Users/sim/Project2/scripts/../scripts/run-scheduled-reports-cron.sh: line 25: node: command not found
Fri Jun 13 07:03:04 CDT 2025: Running scheduled reports
Fri Jun 13 07:03:04 CDT 2025: Checking if NextJS server is running...
/Users/sim/Project2/scripts/../scripts/run-simple-scheduled-reports.sh: line 16: node: command not found
Fri Jun 13 07:03:04 CDT 2025: NextJS server is running. Running scheduled reports check...
/Users/sim/Project2/scripts/../scripts/run-scheduled-reports-cron.sh: line 25: node: command not found
Fri Jun 13 07:04:04 CDT 2025: Running scheduled reports
Fri Jun 13 07:04:04 CDT 2025: Checking if NextJS server is running...
/Users/sim/Project2/scripts/../scripts/run-simple-scheduled-reports.sh: line 16: node: command not found
Fri Jun 13 07:04:04 CDT 2025: NextJS server is running. Running scheduled reports check...
/Users/sim/Project2/scripts/../scripts/run-scheduled-reports-cron.sh: line 25: node: command not found
Fri Jun 13 07:05:06 CDT 2025: Checking if NextJS server is running...
Fri Jun 13 07:05:06 CDT 2025: Running scheduled reports
/Users/sim/Project2/scripts/../scripts/run-simple-scheduled-reports.sh: line 16: node: command not found
Fri Jun 13 07:05:06 CDT 2025: NextJS server is running. Running scheduled reports check...
/Users/sim/Project2/scripts/../scripts/run-scheduled-reports-cron.sh: line 25: node: command not found
Fri Jun 13 07:06:04 CDT 2025: Running scheduled reports
Fri Jun 13 07:06:04 CDT 2025: Checking if NextJS server is running...
/Users/sim/Project2/scripts/../scripts/run-simple-scheduled-reports.sh: line 16: node: command not found
Fri Jun 13 07:06:04 CDT 2025: NextJS server is running. Running scheduled reports check...
/Users/sim/Project2/scripts/../scripts/run-scheduled-reports-cron.sh: line 25: node: command not found
Fri Jun 13 07:07:04 CDT 2025: Checking if NextJS server is running...
Fri Jun 13 07:07:04 CDT 2025: Running scheduled reports
/Users/sim/Project2/scripts/../scripts/run-simple-scheduled-reports.sh: line 16: node: command not found
Fri Jun 13 07:07:04 CDT 2025: NextJS server is running. Running scheduled reports check...
/Users/sim/Project2/scripts/../scripts/run-scheduled-reports-cron.sh: line 25: node: command not found
Fri Jun 13 07:08:04 CDT 2025: Running scheduled reports
Fri Jun 13 07:08:04 CDT 2025: Checking if NextJS server is running...
/Users/sim/Project2/scripts/../scripts/run-simple-scheduled-reports.sh: line 16: node: command not found
Fri Jun 13 07:08:04 CDT 2025: NextJS server is running. Running scheduled reports check...
/Users/sim/Project2/scripts/../scripts/run-scheduled-reports-cron.sh: line 25: node: command not found
Fri Jun 13 07:09:03 CDT 2025: Running scheduled reports
Fri Jun 13 07:09:03 CDT 2025: Checking if NextJS server is running...
/Users/sim/Project2/scripts/../scripts/run-simple-scheduled-reports.sh: line 16: node: command not found
Fri Jun 13 07:09:03 CDT 2025: NextJS server is running. Running scheduled reports check...
/Users/sim/Project2/scripts/../scripts/run-scheduled-reports-cron.sh: line 25: node: command not found
Fri Jun 13 07:10:05 CDT 2025: Running scheduled reports
Fri Jun 13 07:10:05 CDT 2025: Checking if NextJS server is running...
/Users/sim/Project2/scripts/../scripts/run-simple-scheduled-reports.sh: line 16: node: command not found
Fri Jun 13 07:10:05 CDT 2025: NextJS server is running. Running scheduled reports check...
/Users/sim/Project2/scripts/../scripts/run-scheduled-reports-cron.sh: line 25: node: command not found
Fri Jun 13 07:11:03 CDT 2025: Running scheduled reports
Fri Jun 13 07:11:03 CDT 2025: Checking if NextJS server is running...
/Users/sim/Project2/scripts/../scripts/run-simple-scheduled-reports.sh: line 16: node: command not found
Fri Jun 13 07:11:03 CDT 2025: NextJS server is running. Running scheduled reports check...
/Users/sim/Project2/scripts/../scripts/run-scheduled-reports-cron.sh: line 25: node: command not found
Fri Jun 13 07:12:04 CDT 2025: Running scheduled reports
Fri Jun 13 07:12:04 CDT 2025: Checking if NextJS server is running...
/Users/sim/Project2/scripts/../scripts/run-simple-scheduled-reports.sh: line 16: node: command not found
Fri Jun 13 07:12:04 CDT 2025: NextJS server is running. Running scheduled reports check...
/Users/sim/Project2/scripts/../scripts/run-scheduled-reports-cron.sh: line 25: node: command not found
Fri Jun 13 07:13:04 CDT 2025: Checking if NextJS server is running...
Fri Jun 13 07:13:04 CDT 2025: Running scheduled reports
/Users/sim/Project2/scripts/../scripts/run-simple-scheduled-reports.sh: line 16: node: command not found
Fri Jun 13 07:13:04 CDT 2025: NextJS server is running. Running scheduled reports check...
/Users/sim/Project2/scripts/../scripts/run-scheduled-reports-cron.sh: line 25: node: command not found
Fri Jun 13 07:14:03 CDT 2025: Running scheduled reports
Fri Jun 13 07:14:03 CDT 2025: Checking if NextJS server is running...
/Users/sim/Project2/scripts/../scripts/run-simple-scheduled-reports.sh: line 16: node: command not found
Fri Jun 13 07:14:03 CDT 2025: NextJS server is running. Running scheduled reports check...
/Users/sim/Project2/scripts/../scripts/run-scheduled-reports-cron.sh: line 25: node: command not found
Fri Jun 13 07:15:04 CDT 2025: Running scheduled reports
Fri Jun 13 07:15:04 CDT 2025: Checking if NextJS server is running...
/Users/sim/Project2/scripts/../scripts/run-simple-scheduled-reports.sh: line 16: node: command not found
Fri Jun 13 07:15:04 CDT 2025: NextJS server is running. Running scheduled reports check...
/Users/sim/Project2/scripts/../scripts/run-scheduled-reports-cron.sh: line 25: node: command not found
Fri Jun 13 07:16:04 CDT 2025: Running scheduled reports
Fri Jun 13 07:16:04 CDT 2025: Checking if NextJS server is running...
/Users/sim/Project2/scripts/../scripts/run-simple-scheduled-reports.sh: line 16: node: command not found
Fri Jun 13 07:16:04 CDT 2025: NextJS server is running. Running scheduled reports check...
/Users/sim/Project2/scripts/../scripts/run-scheduled-reports-cron.sh: line 25: node: command not found
Fri Jun 13 07:17:03 CDT 2025: Running scheduled reports
Fri Jun 13 07:17:03 CDT 2025: Checking if NextJS server is running...
/Users/sim/Project2/scripts/../scripts/run-simple-scheduled-reports.sh: line 16: node: command not found
Fri Jun 13 07:17:03 CDT 2025: NextJS server is running. Running scheduled reports check...
/Users/sim/Project2/scripts/../scripts/run-scheduled-reports-cron.sh: line 25: node: command not found
Fri Jun 13 07:18:03 CDT 2025: Running scheduled reports
Fri Jun 13 07:18:03 CDT 2025: Checking if NextJS server is running...
/Users/sim/Project2/scripts/../scripts/run-simple-scheduled-reports.sh: line 16: node: command not found
Fri Jun 13 07:18:03 CDT 2025: NextJS server is running. Running scheduled reports check...
/Users/sim/Project2/scripts/../scripts/run-scheduled-reports-cron.sh: line 25: node: command not found
Fri Jun 13 07:19:03 CDT 2025: Checking if NextJS server is running...
Fri Jun 13 07:19:03 CDT 2025: Running scheduled reports
/Users/sim/Project2/scripts/../scripts/run-simple-scheduled-reports.sh: line 16: node: command not found
Fri Jun 13 07:19:03 CDT 2025: NextJS server is running. Running scheduled reports check...
/Users/sim/Project2/scripts/../scripts/run-scheduled-reports-cron.sh: line 25: node: command not found
Fri Jun 13 07:20:04 CDT 2025: Running scheduled reports
Fri Jun 13 07:20:04 CDT 2025: Checking if NextJS server is running...
/Users/sim/Project2/scripts/../scripts/run-simple-scheduled-reports.sh: line 16: node: command not found
Fri Jun 13 07:20:04 CDT 2025: NextJS server is running. Running scheduled reports check...
/Users/sim/Project2/scripts/../scripts/run-scheduled-reports-cron.sh: line 25: node: command not found
Fri Jun 13 07:21:05 CDT 2025: Checking if NextJS server is running...
Fri Jun 13 07:21:05 CDT 2025: Running scheduled reports
/Users/sim/Project2/scripts/../scripts/run-simple-scheduled-reports.sh: line 16: node: command not found
Fri Jun 13 07:21:05 CDT 2025: NextJS server is running. Running scheduled reports check...
/Users/sim/Project2/scripts/../scripts/run-scheduled-reports-cron.sh: line 25: node: command not found
Fri Jun 13 07:22:04 CDT 2025: Checking if NextJS server is running...
Fri Jun 13 07:22:04 CDT 2025: Running scheduled reports
/Users/sim/Project2/scripts/../scripts/run-simple-scheduled-reports.sh: line 16: node: command not found
Fri Jun 13 07:22:04 CDT 2025: NextJS server is running. Running scheduled reports check...
/Users/sim/Project2/scripts/../scripts/run-scheduled-reports-cron.sh: line 25: node: command not found
Fri Jun 13 07:23:04 CDT 2025: Running scheduled reports
Fri Jun 13 07:23:04 CDT 2025: Checking if NextJS server is running...
/Users/sim/Project2/scripts/../scripts/run-simple-scheduled-reports.sh: line 16: node: command not found
Fri Jun 13 07:23:04 CDT 2025: NextJS server is running. Running scheduled reports check...
/Users/sim/Project2/scripts/../scripts/run-scheduled-reports-cron.sh: line 25: node: command not found
Fri Jun 13 07:24:05 CDT 2025: Checking if NextJS server is running...
Fri Jun 13 07:24:05 CDT 2025: Running scheduled reports
/Users/sim/Project2/scripts/../scripts/run-simple-scheduled-reports.sh: line 16: node: command not found
Fri Jun 13 07:24:05 CDT 2025: NextJS server is running. Running scheduled reports check...
/Users/sim/Project2/scripts/../scripts/run-scheduled-reports-cron.sh: line 25: node: command not found
Fri Jun 13 07:25:05 CDT 2025: Running scheduled reports
Fri Jun 13 07:25:05 CDT 2025: Checking if NextJS server is running...
/Users/sim/Project2/scripts/../scripts/run-simple-scheduled-reports.sh: line 16: node: command not found
Fri Jun 13 07:25:05 CDT 2025: NextJS server is running. Running scheduled reports check...
/Users/sim/Project2/scripts/../scripts/run-scheduled-reports-cron.sh: line 25: node: command not found
Fri Jun 13 07:26:04 CDT 2025: Checking if NextJS server is running...
Fri Jun 13 07:26:04 CDT 2025: Running scheduled reports
/Users/sim/Project2/scripts/../scripts/run-simple-scheduled-reports.sh: line 16: node: command not found
Fri Jun 13 07:26:04 CDT 2025: NextJS server is running. Running scheduled reports check...
/Users/sim/Project2/scripts/../scripts/run-scheduled-reports-cron.sh: line 25: node: command not found
Fri Jun 13 07:27:03 CDT 2025: Checking if NextJS server is running...
Fri Jun 13 07:27:03 CDT 2025: Running scheduled reports
/Users/sim/Project2/scripts/../scripts/run-simple-scheduled-reports.sh: line 16: node: command not found
Fri Jun 13 07:27:03 CDT 2025: NextJS server is running. Running scheduled reports check...
/Users/sim/Project2/scripts/../scripts/run-scheduled-reports-cron.sh: line 25: node: command not found
Fri Jun 13 07:28:02 CDT 2025: Checking if NextJS server is running...
Fri Jun 13 07:28:02 CDT 2025: Running scheduled reports
/Users/sim/Project2/scripts/../scripts/run-simple-scheduled-reports.sh: line 16: node: command not found
Fri Jun 13 07:28:02 CDT 2025: NextJS server is running. Running scheduled reports check...
/Users/sim/Project2/scripts/../scripts/run-scheduled-reports-cron.sh: line 25: node: command not found
Fri Jun 13 07:29:05 CDT 2025: Checking if NextJS server is running...
Fri Jun 13 07:29:05 CDT 2025: Running scheduled reports
/Users/sim/Project2/scripts/../scripts/run-simple-scheduled-reports.sh: line 16: node: command not found
Fri Jun 13 07:29:05 CDT 2025: NextJS server is running. Running scheduled reports check...
/Users/sim/Project2/scripts/../scripts/run-scheduled-reports-cron.sh: line 25: node: command not found
Fri Jun 13 07:30:02 CDT 2025: Checking if NextJS server is running...
Fri Jun 13 07:30:02 CDT 2025: Running scheduled reports
Fri Jun 13 07:30:03 CDT 2025: NextJS server is running. Running scheduled reports check...
/Users/sim/Project2/scripts/../scripts/run-simple-scheduled-reports.sh: line 16: node: command not found
/Users/sim/Project2/scripts/../scripts/run-scheduled-reports-cron.sh: line 25: node: command not found
Fri Jun 13 07:31:03 CDT 2025: Running scheduled reports
Fri Jun 13 07:31:03 CDT 2025: Checking if NextJS server is running...
/Users/sim/Project2/scripts/../scripts/run-simple-scheduled-reports.sh: line 16: node: command not found
Fri Jun 13 07:31:03 CDT 2025: NextJS server is running. Running scheduled reports check...
/Users/sim/Project2/scripts/../scripts/run-scheduled-reports-cron.sh: line 25: node: command not found
Fri Jun 13 07:32:04 CDT 2025: Running scheduled reports
Fri Jun 13 07:32:04 CDT 2025: Checking if NextJS server is running...
/Users/sim/Project2/scripts/../scripts/run-simple-scheduled-reports.sh: line 16: node: command not found
Fri Jun 13 07:32:04 CDT 2025: NextJS server is running. Running scheduled reports check...
/Users/sim/Project2/scripts/../scripts/run-scheduled-reports-cron.sh: line 25: node: command not found
Fri Jun 13 07:33:03 CDT 2025: Running scheduled reports
Fri Jun 13 07:33:03 CDT 2025: Checking if NextJS server is running...
/Users/sim/Project2/scripts/../scripts/run-simple-scheduled-reports.sh: line 16: node: command not found
Fri Jun 13 07:33:03 CDT 2025: NextJS server is running. Running scheduled reports check...
/Users/sim/Project2/scripts/../scripts/run-scheduled-reports-cron.sh: line 25: node: command not found
Fri Jun 13 07:34:06 CDT 2025: Running scheduled reports
Fri Jun 13 07:34:06 CDT 2025: Checking if NextJS server is running...
/Users/sim/Project2/scripts/../scripts/run-simple-scheduled-reports.sh: line 16: node: command not found
Fri Jun 13 07:34:07 CDT 2025: NextJS server is running. Running scheduled reports check...
/Users/sim/Project2/scripts/../scripts/run-scheduled-reports-cron.sh: line 25: node: command not found
Fri Jun 13 07:35:02 CDT 2025: Checking if NextJS server is running...
Fri Jun 13 07:35:02 CDT 2025: Running scheduled reports
/Users/sim/Project2/scripts/../scripts/run-simple-scheduled-reports.sh: line 16: node: command not found
Fri Jun 13 07:35:02 CDT 2025: NextJS server is running. Running scheduled reports check...
/Users/sim/Project2/scripts/../scripts/run-scheduled-reports-cron.sh: line 25: node: command not found
Fri Jun 13 07:36:04 CDT 2025: Running scheduled reports
Fri Jun 13 07:36:04 CDT 2025: Checking if NextJS server is running...
/Users/sim/Project2/scripts/../scripts/run-simple-scheduled-reports.sh: line 16: node: command not found
Fri Jun 13 07:36:04 CDT 2025: NextJS server is running. Running scheduled reports check...
/Users/sim/Project2/scripts/../scripts/run-scheduled-reports-cron.sh: line 25: node: command not found
Fri Jun 13 07:37:03 CDT 2025: Running scheduled reports
Fri Jun 13 07:37:03 CDT 2025: Checking if NextJS server is running...
/Users/sim/Project2/scripts/../scripts/run-simple-scheduled-reports.sh: line 16: node: command not found
Fri Jun 13 07:37:03 CDT 2025: NextJS server is running. Running scheduled reports check...
/Users/sim/Project2/scripts/../scripts/run-scheduled-reports-cron.sh: line 25: node: command not found
Fri Jun 13 07:38:04 CDT 2025: Running scheduled reports
Fri Jun 13 07:38:04 CDT 2025: Checking if NextJS server is running...
/Users/sim/Project2/scripts/../scripts/run-simple-scheduled-reports.sh: line 16: node: command not found
Fri Jun 13 07:38:04 CDT 2025: NextJS server is running. Running scheduled reports check...
/Users/sim/Project2/scripts/../scripts/run-scheduled-reports-cron.sh: line 25: node: command not found
Fri Jun 13 07:39:05 CDT 2025: Running scheduled reports
Fri Jun 13 07:39:05 CDT 2025: Checking if NextJS server is running...
/Users/sim/Project2/scripts/../scripts/run-simple-scheduled-reports.sh: line 16: node: command not found
Fri Jun 13 07:39:05 CDT 2025: NextJS server is running. Running scheduled reports check...
/Users/sim/Project2/scripts/../scripts/run-scheduled-reports-cron.sh: line 25: node: command not found
Fri Jun 13 07:40:03 CDT 2025: Checking if NextJS server is running...
Fri Jun 13 07:40:03 CDT 2025: Running scheduled reports
/Users/sim/Project2/scripts/../scripts/run-simple-scheduled-reports.sh: line 16: node: command not found
Fri Jun 13 07:40:03 CDT 2025: NextJS server is running. Running scheduled reports check...
/Users/sim/Project2/scripts/../scripts/run-scheduled-reports-cron.sh: line 25: node: command not found
Fri Jun 13 07:41:04 CDT 2025: Checking if NextJS server is running...
Fri Jun 13 07:41:04 CDT 2025: Running scheduled reports
/Users/sim/Project2/scripts/../scripts/run-simple-scheduled-reports.sh: line 16: node: command not found
Fri Jun 13 07:41:04 CDT 2025: NextJS server is running. Running scheduled reports check...
/Users/sim/Project2/scripts/../scripts/run-scheduled-reports-cron.sh: line 25: node: command not found
Fri Jun 13 07:42:05 CDT 2025: Checking if NextJS server is running...
Fri Jun 13 07:42:05 CDT 2025: Running scheduled reports
/Users/sim/Project2/scripts/../scripts/run-simple-scheduled-reports.sh: line 16: node: command not found
Fri Jun 13 07:42:05 CDT 2025: NextJS server is running. Running scheduled reports check...
/Users/sim/Project2/scripts/../scripts/run-scheduled-reports-cron.sh: line 25: node: command not found
Fri Jun 13 07:43:03 CDT 2025: Checking if NextJS server is running...
Fri Jun 13 07:43:03 CDT 2025: Running scheduled reports
/Users/sim/Project2/scripts/../scripts/run-simple-scheduled-reports.sh: line 16: node: command not found
Fri Jun 13 07:43:03 CDT 2025: NextJS server is running. Running scheduled reports check...
/Users/sim/Project2/scripts/../scripts/run-scheduled-reports-cron.sh: line 25: node: command not found
Fri Jun 13 07:44:03 CDT 2025: Running scheduled reports
Fri Jun 13 07:44:03 CDT 2025: Checking if NextJS server is running...
/Users/sim/Project2/scripts/../scripts/run-simple-scheduled-reports.sh: line 16: node: command not found
Fri Jun 13 07:44:03 CDT 2025: NextJS server is running. Running scheduled reports check...
/Users/sim/Project2/scripts/../scripts/run-scheduled-reports-cron.sh: line 25: node: command not found
Fri Jun 13 07:45:03 CDT 2025: Checking if NextJS server is running...
Fri Jun 13 07:45:03 CDT 2025: Running scheduled reports
/Users/sim/Project2/scripts/../scripts/run-simple-scheduled-reports.sh: line 16: node: command not found
Fri Jun 13 07:45:03 CDT 2025: NextJS server is running. Running scheduled reports check...
/Users/sim/Project2/scripts/../scripts/run-scheduled-reports-cron.sh: line 25: node: command not found
Fri Jun 13 07:46:06 CDT 2025: Checking if NextJS server is running...
Fri Jun 13 07:46:06 CDT 2025: Running scheduled reports
Fri Jun 13 07:46:06 CDT 2025: NextJS server is running. Running scheduled reports check...
/Users/sim/Project2/scripts/../scripts/run-simple-scheduled-reports.sh: line 16: node: command not found
/Users/sim/Project2/scripts/../scripts/run-scheduled-reports-cron.sh: line 25: node: command not found
Fri Jun 13 07:47:03 CDT 2025: Running scheduled reports
Fri Jun 13 07:47:03 CDT 2025: Checking if NextJS server is running...
/Users/sim/Project2/scripts/../scripts/run-simple-scheduled-reports.sh: line 16: node: command not found
Fri Jun 13 07:47:03 CDT 2025: NextJS server is running. Running scheduled reports check...
/Users/sim/Project2/scripts/../scripts/run-scheduled-reports-cron.sh: line 25: node: command not found
Fri Jun 13 07:48:04 CDT 2025: Running scheduled reports
Fri Jun 13 07:48:04 CDT 2025: Checking if NextJS server is running...
/Users/sim/Project2/scripts/../scripts/run-simple-scheduled-reports.sh: line 16: node: command not found
Fri Jun 13 07:48:04 CDT 2025: NextJS server is running. Running scheduled reports check...
/Users/sim/Project2/scripts/../scripts/run-scheduled-reports-cron.sh: line 25: node: command not found
Fri Jun 13 07:49:04 CDT 2025: Running scheduled reports
Fri Jun 13 07:49:04 CDT 2025: Checking if NextJS server is running...
/Users/sim/Project2/scripts/../scripts/run-simple-scheduled-reports.sh: line 16: node: command not found
Fri Jun 13 07:49:04 CDT 2025: NextJS server is running. Running scheduled reports check...
/Users/sim/Project2/scripts/../scripts/run-scheduled-reports-cron.sh: line 25: node: command not found
Fri Jun 13 07:50:05 CDT 2025: Running scheduled reports
Fri Jun 13 07:50:05 CDT 2025: Checking if NextJS server is running...
/Users/sim/Project2/scripts/../scripts/run-simple-scheduled-reports.sh: line 16: node: command not found
Fri Jun 13 07:50:05 CDT 2025: NextJS server is running. Running scheduled reports check...
/Users/sim/Project2/scripts/../scripts/run-scheduled-reports-cron.sh: line 25: node: command not found
Fri Jun 13 07:51:04 CDT 2025: Running scheduled reports
Fri Jun 13 07:51:04 CDT 2025: Checking if NextJS server is running...
/Users/sim/Project2/scripts/../scripts/run-simple-scheduled-reports.sh: line 16: node: command not found
Fri Jun 13 07:51:04 CDT 2025: NextJS server is running. Running scheduled reports check...
/Users/sim/Project2/scripts/../scripts/run-scheduled-reports-cron.sh: line 25: node: command not found
Fri Jun 13 07:52:04 CDT 2025: Running scheduled reports
Fri Jun 13 07:52:04 CDT 2025: Checking if NextJS server is running...
/Users/sim/Project2/scripts/../scripts/run-simple-scheduled-reports.sh: line 16: node: command not found
Fri Jun 13 07:52:04 CDT 2025: NextJS server is running. Running scheduled reports check...
/Users/sim/Project2/scripts/../scripts/run-scheduled-reports-cron.sh: line 25: node: command not found
Fri Jun 13 07:53:03 CDT 2025: Running scheduled reports
Fri Jun 13 07:53:03 CDT 2025: Checking if NextJS server is running...
/Users/sim/Project2/scripts/../scripts/run-simple-scheduled-reports.sh: line 16: node: command not found
Fri Jun 13 07:53:03 CDT 2025: NextJS server is running. Running scheduled reports check...
/Users/sim/Project2/scripts/../scripts/run-scheduled-reports-cron.sh: line 25: node: command not found
Fri Jun 13 07:54:04 CDT 2025: Checking if NextJS server is running...
Fri Jun 13 07:54:04 CDT 2025: Running scheduled reports
/Users/sim/Project2/scripts/../scripts/run-simple-scheduled-reports.sh: line 16: node: command not found
Fri Jun 13 07:54:04 CDT 2025: NextJS server is running. Running scheduled reports check...
/Users/sim/Project2/scripts/../scripts/run-scheduled-reports-cron.sh: line 25: node: command not found
Fri Jun 13 07:55:03 CDT 2025: Running scheduled reports
Fri Jun 13 07:55:03 CDT 2025: Checking if NextJS server is running...
/Users/sim/Project2/scripts/../scripts/run-simple-scheduled-reports.sh: line 16: node: command not found
Fri Jun 13 07:55:03 CDT 2025: NextJS server is running. Running scheduled reports check...
/Users/sim/Project2/scripts/../scripts/run-scheduled-reports-cron.sh: line 25: node: command not found
Fri Jun 13 07:56:00 CDT 2025: Checking if NextJS server is running...
Fri Jun 13 07:56:00 CDT 2025: Running scheduled reports
/Users/sim/Project2/scripts/../scripts/run-simple-scheduled-reports.sh: line 16: node: command not found
Fri Jun 13 07:56:00 CDT 2025: NextJS server is running. Running scheduled reports check...
/Users/sim/Project2/scripts/../scripts/run-scheduled-reports-cron.sh: line 25: node: command not found
Fri Jun 13 07:57:00 CDT 2025: Checking if NextJS server is running...
Fri Jun 13 07:57:00 CDT 2025: Running scheduled reports
/Users/sim/Project2/scripts/../scripts/run-simple-scheduled-reports.sh: line 16: node: command not found
Fri Jun 13 07:57:00 CDT 2025: NextJS server is running. Running scheduled reports check...
/Users/sim/Project2/scripts/../scripts/run-scheduled-reports-cron.sh: line 25: node: command not found
Fri Jun 13 07:58:00 CDT 2025: Running scheduled reports
Fri Jun 13 07:58:00 CDT 2025: Checking if NextJS server is running...
/Users/sim/Project2/scripts/../scripts/run-simple-scheduled-reports.sh: line 16: node: command not found
Fri Jun 13 07:58:00 CDT 2025: NextJS server is not running. Skipping scheduled reports check.
Fri Jun 13 07:59:00 CDT 2025: Running scheduled reports
Fri Jun 13 07:59:00 CDT 2025: Checking if NextJS server is running...
/Users/sim/Project2/scripts/../scripts/run-simple-scheduled-reports.sh: line 16: node: command not found
Fri Jun 13 07:59:00 CDT 2025: NextJS server is not running. Skipping scheduled reports check.
Fri Jun 13 08:00:00 CDT 2025: Checking if NextJS server is running...
Fri Jun 13 08:00:00 CDT 2025: Running scheduled reports
/Users/sim/Project2/scripts/../scripts/run-simple-scheduled-reports.sh: line 16: node: command not found
Fri Jun 13 08:00:01 CDT 2025: NextJS server is running. Running scheduled reports check...
/Users/sim/Project2/scripts/../scripts/run-scheduled-reports-cron.sh: line 25: node: command not found
Fri Jun 13 08:01:00 CDT 2025: Running scheduled reports
Fri Jun 13 08:01:00 CDT 2025: Checking if NextJS server is running...
/Users/sim/Project2/scripts/../scripts/run-simple-scheduled-reports.sh: line 16: node: command not found
Fri Jun 13 08:01:00 CDT 2025: NextJS server is running. Running scheduled reports check...
/Users/sim/Project2/scripts/../scripts/run-scheduled-reports-cron.sh: line 25: node: command not found
Fri Jun 13 08:02:00 CDT 2025: Running scheduled reports
Fri Jun 13 08:02:00 CDT 2025: Checking if NextJS server is running...
/Users/sim/Project2/scripts/../scripts/run-simple-scheduled-reports.sh: line 16: node: command not found
Fri Jun 13 08:02:00 CDT 2025: NextJS server is running. Running scheduled reports check...
/Users/sim/Project2/scripts/../scripts/run-scheduled-reports-cron.sh: line 25: node: command not found
Fri Jun 13 08:03:00 CDT 2025: Running scheduled reports
Fri Jun 13 08:03:00 CDT 2025: Checking if NextJS server is running...
/Users/sim/Project2/scripts/../scripts/run-simple-scheduled-reports.sh: line 16: node: command not found
Fri Jun 13 08:03:00 CDT 2025: NextJS server is running. Running scheduled reports check...
/Users/sim/Project2/scripts/../scripts/run-scheduled-reports-cron.sh: line 25: node: command not found
Fri Jun 13 08:04:00 CDT 2025: Running scheduled reports
Fri Jun 13 08:04:00 CDT 2025: Checking if NextJS server is running...
/Users/sim/Project2/scripts/../scripts/run-simple-scheduled-reports.sh: line 16: node: command not found
Fri Jun 13 08:04:00 CDT 2025: NextJS server is running. Running scheduled reports check...
/Users/sim/Project2/scripts/../scripts/run-scheduled-reports-cron.sh: line 25: node: command not found
Fri Jun 13 08:05:01 CDT 2025: Running scheduled reports
Fri Jun 13 08:05:01 CDT 2025: Checking if NextJS server is running...
/Users/sim/Project2/scripts/../scripts/run-simple-scheduled-reports.sh: line 16: node: command not found
Fri Jun 13 08:05:01 CDT 2025: NextJS server is running. Running scheduled reports check...
/Users/sim/Project2/scripts/../scripts/run-scheduled-reports-cron.sh: line 25: node: command not found
Fri Jun 13 08:06:00 CDT 2025: Running scheduled reports
Fri Jun 13 08:06:00 CDT 2025: Checking if NextJS server is running...
/Users/sim/Project2/scripts/../scripts/run-simple-scheduled-reports.sh: line 16: node: command not found
Fri Jun 13 08:06:00 CDT 2025: NextJS server is running. Running scheduled reports check...
/Users/sim/Project2/scripts/../scripts/run-scheduled-reports-cron.sh: line 25: node: command not found
Fri Jun 13 08:07:00 CDT 2025: Checking if NextJS server is running...
Fri Jun 13 08:07:00 CDT 2025: Running scheduled reports
/Users/sim/Project2/scripts/../scripts/run-simple-scheduled-reports.sh: line 16: node: command not found
Fri Jun 13 08:07:00 CDT 2025: NextJS server is running. Running scheduled reports check...
/Users/sim/Project2/scripts/../scripts/run-scheduled-reports-cron.sh: line 25: node: command not found
Fri Jun 13 08:08:00 CDT 2025: Running scheduled reports
Fri Jun 13 08:08:00 CDT 2025: Checking if NextJS server is running...
/Users/sim/Project2/scripts/../scripts/run-simple-scheduled-reports.sh: line 16: node: command not found
Fri Jun 13 08:08:00 CDT 2025: NextJS server is running. Running scheduled reports check...
/Users/sim/Project2/scripts/../scripts/run-scheduled-reports-cron.sh: line 25: node: command not found
Fri Jun 13 08:09:00 CDT 2025: Running scheduled reports
Fri Jun 13 08:09:00 CDT 2025: Checking if NextJS server is running...
/Users/sim/Project2/scripts/../scripts/run-simple-scheduled-reports.sh: line 16: node: command not found
Fri Jun 13 08:09:00 CDT 2025: NextJS server is running. Running scheduled reports check...
/Users/sim/Project2/scripts/../scripts/run-scheduled-reports-cron.sh: line 25: node: command not found
Fri Jun 13 08:10:00 CDT 2025: Running scheduled reports
Fri Jun 13 08:10:00 CDT 2025: Checking if NextJS server is running...
/Users/sim/Project2/scripts/../scripts/run-simple-scheduled-reports.sh: line 16: node: command not found
Fri Jun 13 08:10:00 CDT 2025: NextJS server is running. Running scheduled reports check...
/Users/sim/Project2/scripts/../scripts/run-scheduled-reports-cron.sh: line 25: node: command not found
Fri Jun 13 08:11:00 CDT 2025: Checking if NextJS server is running...
Fri Jun 13 08:11:00 CDT 2025: Running scheduled reports
/Users/sim/Project2/scripts/../scripts/run-simple-scheduled-reports.sh: line 16: node: command not found
Fri Jun 13 08:11:01 CDT 2025: NextJS server is running. Running scheduled reports check...
/Users/sim/Project2/scripts/../scripts/run-scheduled-reports-cron.sh: line 25: node: command not found
Fri Jun 13 08:12:00 CDT 2025: Running scheduled reports
Fri Jun 13 08:12:00 CDT 2025: Checking if NextJS server is running...
/Users/sim/Project2/scripts/../scripts/run-simple-scheduled-reports.sh: line 16: node: command not found
Fri Jun 13 08:12:00 CDT 2025: NextJS server is running. Running scheduled reports check...
/Users/sim/Project2/scripts/../scripts/run-scheduled-reports-cron.sh: line 25: node: command not found
Fri Jun 13 08:13:00 CDT 2025: Running scheduled reports
Fri Jun 13 08:13:00 CDT 2025: Checking if NextJS server is running...
/Users/sim/Project2/scripts/../scripts/run-simple-scheduled-reports.sh: line 16: node: command not found
Fri Jun 13 08:13:00 CDT 2025: NextJS server is running. Running scheduled reports check...
/Users/sim/Project2/scripts/../scripts/run-scheduled-reports-cron.sh: line 25: node: command not found
Fri Jun 13 08:14:00 CDT 2025: Checking if NextJS server is running...
Fri Jun 13 08:14:00 CDT 2025: Running scheduled reports
/Users/sim/Project2/scripts/../scripts/run-simple-scheduled-reports.sh: line 16: node: command not found
Fri Jun 13 08:14:00 CDT 2025: NextJS server is running. Running scheduled reports check...
/Users/sim/Project2/scripts/../scripts/run-scheduled-reports-cron.sh: line 25: node: command not found
Fri Jun 13 08:15:00 CDT 2025: Running scheduled reports
Fri Jun 13 08:15:00 CDT 2025: Checking if NextJS server is running...
/Users/sim/Project2/scripts/../scripts/run-simple-scheduled-reports.sh: line 16: node: command not found
Fri Jun 13 08:15:00 CDT 2025: NextJS server is running. Running scheduled reports check...
/Users/sim/Project2/scripts/../scripts/run-scheduled-reports-cron.sh: line 25: node: command not found
Fri Jun 13 08:16:00 CDT 2025: Running scheduled reports
Fri Jun 13 08:16:00 CDT 2025: Checking if NextJS server is running...
/Users/sim/Project2/scripts/../scripts/run-simple-scheduled-reports.sh: line 16: node: command not found
Fri Jun 13 08:16:00 CDT 2025: NextJS server is running. Running scheduled reports check...
/Users/sim/Project2/scripts/../scripts/run-scheduled-reports-cron.sh: line 25: node: command not found
Fri Jun 13 08:17:00 CDT 2025: Checking if NextJS server is running...
Fri Jun 13 08:17:00 CDT 2025: Running scheduled reports
/Users/sim/Project2/scripts/../scripts/run-simple-scheduled-reports.sh: line 16: node: command not found
Fri Jun 13 08:17:00 CDT 2025: NextJS server is running. Running scheduled reports check...
/Users/sim/Project2/scripts/../scripts/run-scheduled-reports-cron.sh: line 25: node: command not found
Fri Jun 13 08:18:00 CDT 2025: Checking if NextJS server is running...
Fri Jun 13 08:18:00 CDT 2025: Running scheduled reports
/Users/sim/Project2/scripts/../scripts/run-simple-scheduled-reports.sh: line 16: node: command not found
Fri Jun 13 08:18:00 CDT 2025: NextJS server is running. Running scheduled reports check...
/Users/sim/Project2/scripts/../scripts/run-scheduled-reports-cron.sh: line 25: node: command not found
Fri Jun 13 08:19:01 CDT 2025: Running scheduled reports
Fri Jun 13 08:19:01 CDT 2025: Checking if NextJS server is running...
/Users/sim/Project2/scripts/../scripts/run-simple-scheduled-reports.sh: line 16: node: command not found
Fri Jun 13 08:19:01 CDT 2025: NextJS server is running. Running scheduled reports check...
/Users/sim/Project2/scripts/../scripts/run-scheduled-reports-cron.sh: line 25: node: command not found
Fri Jun 13 08:20:00 CDT 2025: Running scheduled reports
Fri Jun 13 08:20:00 CDT 2025: Checking if NextJS server is running...
/Users/sim/Project2/scripts/../scripts/run-simple-scheduled-reports.sh: line 16: node: command not found
Fri Jun 13 08:20:00 CDT 2025: NextJS server is running. Running scheduled reports check...
/Users/sim/Project2/scripts/../scripts/run-scheduled-reports-cron.sh: line 25: node: command not found
Fri Jun 13 08:21:00 CDT 2025: Checking if NextJS server is running...
Fri Jun 13 08:21:00 CDT 2025: Running scheduled reports
/Users/sim/Project2/scripts/../scripts/run-simple-scheduled-reports.sh: line 16: node: command not found
Fri Jun 13 08:21:00 CDT 2025: NextJS server is running. Running scheduled reports check...
/Users/sim/Project2/scripts/../scripts/run-scheduled-reports-cron.sh: line 25: node: command not found
Fri Jun 13 08:22:00 CDT 2025: Checking if NextJS server is running...
Fri Jun 13 08:22:00 CDT 2025: Running scheduled reports
/Users/sim/Project2/scripts/../scripts/run-simple-scheduled-reports.sh: line 16: node: command not found
Fri Jun 13 08:22:00 CDT 2025: NextJS server is running. Running scheduled reports check...
/Users/sim/Project2/scripts/../scripts/run-scheduled-reports-cron.sh: line 25: node: command not found
Fri Jun 13 08:23:00 CDT 2025: Checking if NextJS server is running...
Fri Jun 13 08:23:00 CDT 2025: Running scheduled reports
/Users/sim/Project2/scripts/../scripts/run-simple-scheduled-reports.sh: line 16: node: command not found
Fri Jun 13 08:23:00 CDT 2025: NextJS server is running. Running scheduled reports check...
/Users/sim/Project2/scripts/../scripts/run-scheduled-reports-cron.sh: line 25: node: command not found
Fri Jun 13 08:24:00 CDT 2025: Running scheduled reports
Fri Jun 13 08:24:00 CDT 2025: Checking if NextJS server is running...
/Users/sim/Project2/scripts/../scripts/run-simple-scheduled-reports.sh: line 16: node: command not found
Fri Jun 13 08:24:03 CDT 2025: NextJS server is running. Running scheduled reports check...
/Users/sim/Project2/scripts/../scripts/run-scheduled-reports-cron.sh: line 25: node: command not found
Fri Jun 13 08:25:00 CDT 2025: Running scheduled reports
Fri Jun 13 08:25:00 CDT 2025: Checking if NextJS server is running...
/Users/sim/Project2/scripts/../scripts/run-simple-scheduled-reports.sh: line 16: node: command not found
Fri Jun 13 08:25:00 CDT 2025: NextJS server is running. Running scheduled reports check...
/Users/sim/Project2/scripts/../scripts/run-scheduled-reports-cron.sh: line 25: node: command not found
Fri Jun 13 08:26:00 CDT 2025: Running scheduled reports
Fri Jun 13 08:26:00 CDT 2025: Checking if NextJS server is running...
/Users/sim/Project2/scripts/../scripts/run-simple-scheduled-reports.sh: line 16: node: command not found
Fri Jun 13 08:26:00 CDT 2025: NextJS server is running. Running scheduled reports check...
/Users/sim/Project2/scripts/../scripts/run-scheduled-reports-cron.sh: line 25: node: command not found
Fri Jun 13 08:27:01 CDT 2025: Running scheduled reports
Fri Jun 13 08:27:01 CDT 2025: Checking if NextJS server is running...
/Users/sim/Project2/scripts/../scripts/run-simple-scheduled-reports.sh: line 16: node: command not found
Fri Jun 13 08:27:01 CDT 2025: NextJS server is running. Running scheduled reports check...
/Users/sim/Project2/scripts/../scripts/run-scheduled-reports-cron.sh: line 25: node: command not found
Fri Jun 13 08:28:00 CDT 2025: Checking if NextJS server is running...
Fri Jun 13 08:28:00 CDT 2025: Running scheduled reports
/Users/sim/Project2/scripts/../scripts/run-simple-scheduled-reports.sh: line 16: node: command not found
Fri Jun 13 08:28:00 CDT 2025: NextJS server is running. Running scheduled reports check...
/Users/sim/Project2/scripts/../scripts/run-scheduled-reports-cron.sh: line 25: node: command not found
Fri Jun 13 08:29:00 CDT 2025: Checking if NextJS server is running...
Fri Jun 13 08:29:00 CDT 2025: Running scheduled reports
/Users/sim/Project2/scripts/../scripts/run-simple-scheduled-reports.sh: line 16: node: command not found
Fri Jun 13 08:29:00 CDT 2025: NextJS server is running. Running scheduled reports check...
/Users/sim/Project2/scripts/../scripts/run-scheduled-reports-cron.sh: line 25: node: command not found
Fri Jun 13 08:30:00 CDT 2025: Checking if NextJS server is running...
Fri Jun 13 08:30:00 CDT 2025: Running scheduled reports
/Users/sim/Project2/scripts/../scripts/run-simple-scheduled-reports.sh: line 16: node: command not found
Fri Jun 13 08:30:00 CDT 2025: NextJS server is running. Running scheduled reports check...
/Users/sim/Project2/scripts/../scripts/run-scheduled-reports-cron.sh: line 25: node: command not found
Fri Jun 13 08:31:00 CDT 2025: Checking if NextJS server is running...
Fri Jun 13 08:31:00 CDT 2025: Running scheduled reports
/Users/sim/Project2/scripts/../scripts/run-simple-scheduled-reports.sh: line 16: node: command not found
Fri Jun 13 08:31:00 CDT 2025: NextJS server is running. Running scheduled reports check...
/Users/sim/Project2/scripts/../scripts/run-scheduled-reports-cron.sh: line 25: node: command not found
Fri Jun 13 08:32:01 CDT 2025: Running scheduled reports
Fri Jun 13 08:32:01 CDT 2025: Checking if NextJS server is running...
/Users/sim/Project2/scripts/../scripts/run-simple-scheduled-reports.sh: line 16: node: command not found
Fri Jun 13 08:32:01 CDT 2025: NextJS server is running. Running scheduled reports check...
/Users/sim/Project2/scripts/../scripts/run-scheduled-reports-cron.sh: line 25: node: command not found
Fri Jun 13 08:33:02 CDT 2025: Running scheduled reports
Fri Jun 13 08:33:02 CDT 2025: Checking if NextJS server is running...
/Users/sim/Project2/scripts/../scripts/run-simple-scheduled-reports.sh: line 16: node: command not found
Fri Jun 13 08:33:02 CDT 2025: NextJS server is running. Running scheduled reports check...
/Users/sim/Project2/scripts/../scripts/run-scheduled-reports-cron.sh: line 25: node: command not found
Fri Jun 13 08:34:03 CDT 2025: Running scheduled reports
Fri Jun 13 08:34:03 CDT 2025: Checking if NextJS server is running...
/Users/sim/Project2/scripts/../scripts/run-simple-scheduled-reports.sh: line 16: node: command not found
Fri Jun 13 08:34:04 CDT 2025: NextJS server is running. Running scheduled reports check...
/Users/sim/Project2/scripts/../scripts/run-scheduled-reports-cron.sh: line 25: node: command not found
Fri Jun 13 08:35:03 CDT 2025: Checking if NextJS server is running...
Fri Jun 13 08:35:03 CDT 2025: Running scheduled reports
/Users/sim/Project2/scripts/../scripts/run-simple-scheduled-reports.sh: line 16: node: command not found
Fri Jun 13 08:35:03 CDT 2025: NextJS server is running. Running scheduled reports check...
/Users/sim/Project2/scripts/../scripts/run-scheduled-reports-cron.sh: line 25: node: command not found
Fri Jun 13 08:36:03 CDT 2025: Running scheduled reports
Fri Jun 13 08:36:03 CDT 2025: Checking if NextJS server is running...
/Users/sim/Project2/scripts/../scripts/run-simple-scheduled-reports.sh: line 16: node: command not found
Fri Jun 13 08:36:04 CDT 2025: NextJS server is running. Running scheduled reports check...
/Users/sim/Project2/scripts/../scripts/run-scheduled-reports-cron.sh: line 25: node: command not found
Fri Jun 13 08:37:04 CDT 2025: Checking if NextJS server is running...
Fri Jun 13 08:37:04 CDT 2025: Running scheduled reports
/Users/sim/Project2/scripts/../scripts/run-simple-scheduled-reports.sh: line 16: node: command not found
Fri Jun 13 08:37:04 CDT 2025: NextJS server is running. Running scheduled reports check...
/Users/sim/Project2/scripts/../scripts/run-scheduled-reports-cron.sh: line 25: node: command not found
Fri Jun 13 08:38:04 CDT 2025: Running scheduled reports
Fri Jun 13 08:38:04 CDT 2025: Checking if NextJS server is running...
/Users/sim/Project2/scripts/../scripts/run-simple-scheduled-reports.sh: line 16: node: command not found
Fri Jun 13 08:38:04 CDT 2025: NextJS server is running. Running scheduled reports check...
/Users/sim/Project2/scripts/../scripts/run-scheduled-reports-cron.sh: line 25: node: command not found
Fri Jun 13 08:39:04 CDT 2025: Checking if NextJS server is running...
Fri Jun 13 08:39:04 CDT 2025: Running scheduled reports
/Users/sim/Project2/scripts/../scripts/run-simple-scheduled-reports.sh: line 16: node: command not found
Fri Jun 13 08:39:04 CDT 2025: NextJS server is running. Running scheduled reports check...
/Users/sim/Project2/scripts/../scripts/run-scheduled-reports-cron.sh: line 25: node: command not found
Fri Jun 13 08:40:04 CDT 2025: Checking if NextJS server is running...
Fri Jun 13 08:40:04 CDT 2025: Running scheduled reports
/Users/sim/Project2/scripts/../scripts/run-simple-scheduled-reports.sh: line 16: node: command not found
Fri Jun 13 08:40:04 CDT 2025: NextJS server is running. Running scheduled reports check...
/Users/sim/Project2/scripts/../scripts/run-scheduled-reports-cron.sh: line 25: node: command not found
Fri Jun 13 08:41:05 CDT 2025: Checking if NextJS server is running...
Fri Jun 13 08:41:05 CDT 2025: Running scheduled reports
/Users/sim/Project2/scripts/../scripts/run-simple-scheduled-reports.sh: line 16: node: command not found
Fri Jun 13 08:41:05 CDT 2025: NextJS server is running. Running scheduled reports check...
/Users/sim/Project2/scripts/../scripts/run-scheduled-reports-cron.sh: line 25: node: command not found
Fri Jun 13 08:42:03 CDT 2025: Checking if NextJS server is running...
Fri Jun 13 08:42:03 CDT 2025: Running scheduled reports
/Users/sim/Project2/scripts/../scripts/run-simple-scheduled-reports.sh: line 16: node: command not found
Fri Jun 13 08:42:03 CDT 2025: NextJS server is running. Running scheduled reports check...
/Users/sim/Project2/scripts/../scripts/run-scheduled-reports-cron.sh: line 25: node: command not found
Fri Jun 13 08:43:04 CDT 2025: Checking if NextJS server is running...
Fri Jun 13 08:43:04 CDT 2025: Running scheduled reports
/Users/sim/Project2/scripts/../scripts/run-simple-scheduled-reports.sh: line 16: node: command not found
Fri Jun 13 08:43:04 CDT 2025: NextJS server is running. Running scheduled reports check...
/Users/sim/Project2/scripts/../scripts/run-scheduled-reports-cron.sh: line 25: node: command not found
Fri Jun 13 08:44:04 CDT 2025: Running scheduled reports
Fri Jun 13 08:44:04 CDT 2025: Checking if NextJS server is running...
/Users/sim/Project2/scripts/../scripts/run-simple-scheduled-reports.sh: line 16: node: command not found
Fri Jun 13 08:44:04 CDT 2025: NextJS server is running. Running scheduled reports check...
/Users/sim/Project2/scripts/../scripts/run-scheduled-reports-cron.sh: line 25: node: command not found
Fri Jun 13 08:45:04 CDT 2025: Running scheduled reports
Fri Jun 13 08:45:04 CDT 2025: Checking if NextJS server is running...
/Users/sim/Project2/scripts/../scripts/run-simple-scheduled-reports.sh: line 16: node: command not found
Fri Jun 13 08:45:04 CDT 2025: NextJS server is running. Running scheduled reports check...
/Users/sim/Project2/scripts/../scripts/run-scheduled-reports-cron.sh: line 25: node: command not found
Fri Jun 13 08:46:04 CDT 2025: Checking if NextJS server is running...
Fri Jun 13 08:46:04 CDT 2025: Running scheduled reports
/Users/sim/Project2/scripts/../scripts/run-simple-scheduled-reports.sh: line 16: node: command not found
Fri Jun 13 08:46:04 CDT 2025: NextJS server is running. Running scheduled reports check...
/Users/sim/Project2/scripts/../scripts/run-scheduled-reports-cron.sh: line 25: node: command not found
Fri Jun 13 08:47:05 CDT 2025: Running scheduled reports
Fri Jun 13 08:47:05 CDT 2025: Checking if NextJS server is running...
/Users/sim/Project2/scripts/../scripts/run-simple-scheduled-reports.sh: line 16: node: command not found
Fri Jun 13 08:47:05 CDT 2025: NextJS server is running. Running scheduled reports check...
/Users/sim/Project2/scripts/../scripts/run-scheduled-reports-cron.sh: line 25: node: command not found
Fri Jun 13 08:48:04 CDT 2025: Checking if NextJS server is running...
Fri Jun 13 08:48:04 CDT 2025: Running scheduled reports
/Users/sim/Project2/scripts/../scripts/run-simple-scheduled-reports.sh: line 16: node: command not found
Fri Jun 13 08:48:04 CDT 2025: NextJS server is running. Running scheduled reports check...
/Users/sim/Project2/scripts/../scripts/run-scheduled-reports-cron.sh: line 25: node: command not found
Fri Jun 13 08:49:03 CDT 2025: Checking if NextJS server is running...
Fri Jun 13 08:49:03 CDT 2025: Running scheduled reports
/Users/sim/Project2/scripts/../scripts/run-simple-scheduled-reports.sh: line 16: node: command not found
Fri Jun 13 08:49:03 CDT 2025: NextJS server is running. Running scheduled reports check...
/Users/sim/Project2/scripts/../scripts/run-scheduled-reports-cron.sh: line 25: node: command not found
Fri Jun 13 08:50:03 CDT 2025: Running scheduled reports
Fri Jun 13 08:50:03 CDT 2025: Checking if NextJS server is running...
/Users/sim/Project2/scripts/../scripts/run-simple-scheduled-reports.sh: line 16: node: command not found
Fri Jun 13 08:50:03 CDT 2025: NextJS server is running. Running scheduled reports check...
/Users/sim/Project2/scripts/../scripts/run-scheduled-reports-cron.sh: line 25: node: command not found
Fri Jun 13 08:51:05 CDT 2025: Running scheduled reports
Fri Jun 13 08:51:05 CDT 2025: Checking if NextJS server is running...
/Users/sim/Project2/scripts/../scripts/run-simple-scheduled-reports.sh: line 16: node: command not found
Fri Jun 13 08:51:05 CDT 2025: NextJS server is running. Running scheduled reports check...
/Users/sim/Project2/scripts/../scripts/run-scheduled-reports-cron.sh: line 25: node: command not found
Fri Jun 13 08:52:04 CDT 2025: Running scheduled reports
Fri Jun 13 08:52:04 CDT 2025: Checking if NextJS server is running...
/Users/sim/Project2/scripts/../scripts/run-simple-scheduled-reports.sh: line 16: node: command not found
Fri Jun 13 08:52:04 CDT 2025: NextJS server is running. Running scheduled reports check...
/Users/sim/Project2/scripts/../scripts/run-scheduled-reports-cron.sh: line 25: node: command not found
Fri Jun 13 08:53:03 CDT 2025: Checking if NextJS server is running...
Fri Jun 13 08:53:03 CDT 2025: Running scheduled reports
/Users/sim/Project2/scripts/../scripts/run-simple-scheduled-reports.sh: line 16: node: command not found
Fri Jun 13 08:53:03 CDT 2025: NextJS server is running. Running scheduled reports check...
/Users/sim/Project2/scripts/../scripts/run-scheduled-reports-cron.sh: line 25: node: command not found
Fri Jun 13 08:54:04 CDT 2025: Running scheduled reports
Fri Jun 13 08:54:04 CDT 2025: Checking if NextJS server is running...
/Users/sim/Project2/scripts/../scripts/run-simple-scheduled-reports.sh: line 16: node: command not found
Fri Jun 13 08:54:04 CDT 2025: NextJS server is running. Running scheduled reports check...
/Users/sim/Project2/scripts/../scripts/run-scheduled-reports-cron.sh: line 25: node: command not found
Fri Jun 13 08:55:03 CDT 2025: Checking if NextJS server is running...
Fri Jun 13 08:55:03 CDT 2025: Running scheduled reports
/Users/sim/Project2/scripts/../scripts/run-simple-scheduled-reports.sh: line 16: node: command not found
Fri Jun 13 08:55:03 CDT 2025: NextJS server is running. Running scheduled reports check...
/Users/sim/Project2/scripts/../scripts/run-scheduled-reports-cron.sh: line 25: node: command not found
Fri Jun 13 08:56:05 CDT 2025: Running scheduled reports
Fri Jun 13 08:56:05 CDT 2025: Checking if NextJS server is running...
/Users/sim/Project2/scripts/../scripts/run-simple-scheduled-reports.sh: line 16: node: command not found
Fri Jun 13 08:56:05 CDT 2025: NextJS server is running. Running scheduled reports check...
/Users/sim/Project2/scripts/../scripts/run-scheduled-reports-cron.sh: line 25: node: command not found
Fri Jun 13 08:57:05 CDT 2025: Running scheduled reports
Fri Jun 13 08:57:05 CDT 2025: Checking if NextJS server is running...
/Users/sim/Project2/scripts/../scripts/run-simple-scheduled-reports.sh: line 16: node: command not found
Fri Jun 13 08:57:05 CDT 2025: NextJS server is running. Running scheduled reports check...
/Users/sim/Project2/scripts/../scripts/run-scheduled-reports-cron.sh: line 25: node: command not found
Fri Jun 13 08:58:03 CDT 2025: Checking if NextJS server is running...
Fri Jun 13 08:58:03 CDT 2025: Running scheduled reports
/Users/sim/Project2/scripts/../scripts/run-simple-scheduled-reports.sh: line 16: node: command not found
Fri Jun 13 08:58:04 CDT 2025: NextJS server is running. Running scheduled reports check...
/Users/sim/Project2/scripts/../scripts/run-scheduled-reports-cron.sh: line 25: node: command not found
Fri Jun 13 08:59:03 CDT 2025: Running scheduled reports
Fri Jun 13 08:59:03 CDT 2025: Checking if NextJS server is running...
/Users/sim/Project2/scripts/../scripts/run-simple-scheduled-reports.sh: line 16: node: command not found
Fri Jun 13 08:59:03 CDT 2025: NextJS server is running. Running scheduled reports check...
/Users/sim/Project2/scripts/../scripts/run-scheduled-reports-cron.sh: line 25: node: command not found
Fri Jun 13 09:00:05 CDT 2025: Checking if NextJS server is running...
Fri Jun 13 09:00:05 CDT 2025: Running scheduled reports
/Users/sim/Project2/scripts/../scripts/run-simple-scheduled-reports.sh: line 16: node: command not found
Fri Jun 13 09:00:05 CDT 2025: NextJS server is running. Running scheduled reports check...
/Users/sim/Project2/scripts/../scripts/run-scheduled-reports-cron.sh: line 25: node: command not found
Fri Jun 13 09:01:05 CDT 2025: Checking if NextJS server is running...
Fri Jun 13 09:01:05 CDT 2025: Running scheduled reports
/Users/sim/Project2/scripts/../scripts/run-simple-scheduled-reports.sh: line 16: node: command not found
Fri Jun 13 09:01:05 CDT 2025: NextJS server is running. Running scheduled reports check...
/Users/sim/Project2/scripts/../scripts/run-scheduled-reports-cron.sh: line 25: node: command not found
Fri Jun 13 09:02:03 CDT 2025: Running scheduled reports
Fri Jun 13 09:02:03 CDT 2025: Checking if NextJS server is running...
/Users/sim/Project2/scripts/../scripts/run-simple-scheduled-reports.sh: line 16: node: command not found
Fri Jun 13 09:02:04 CDT 2025: NextJS server is running. Running scheduled reports check...
/Users/sim/Project2/scripts/../scripts/run-scheduled-reports-cron.sh: line 25: node: command not found
Fri Jun 13 09:03:03 CDT 2025: Running scheduled reports
Fri Jun 13 09:03:03 CDT 2025: Checking if NextJS server is running...
/Users/sim/Project2/scripts/../scripts/run-simple-scheduled-reports.sh: line 16: node: command not found
Fri Jun 13 09:03:03 CDT 2025: NextJS server is running. Running scheduled reports check...
/Users/sim/Project2/scripts/../scripts/run-scheduled-reports-cron.sh: line 25: node: command not found
Fri Jun 13 09:04:03 CDT 2025: Running scheduled reports
Fri Jun 13 09:04:03 CDT 2025: Checking if NextJS server is running...
/Users/sim/Project2/scripts/../scripts/run-simple-scheduled-reports.sh: line 16: node: command not found
Fri Jun 13 09:04:03 CDT 2025: NextJS server is running. Running scheduled reports check...
/Users/sim/Project2/scripts/../scripts/run-scheduled-reports-cron.sh: line 25: node: command not found
Fri Jun 13 09:05:04 CDT 2025: Running scheduled reports
Fri Jun 13 09:05:04 CDT 2025: Checking if NextJS server is running...
/Users/sim/Project2/scripts/../scripts/run-simple-scheduled-reports.sh: line 16: node: command not found
Fri Jun 13 09:05:04 CDT 2025: NextJS server is running. Running scheduled reports check...
/Users/sim/Project2/scripts/../scripts/run-scheduled-reports-cron.sh: line 25: node: command not found
Fri Jun 13 09:06:05 CDT 2025: Running scheduled reports
Fri Jun 13 09:06:05 CDT 2025: Checking if NextJS server is running...
/Users/sim/Project2/scripts/../scripts/run-simple-scheduled-reports.sh: line 16: node: command not found
Fri Jun 13 09:06:05 CDT 2025: NextJS server is running. Running scheduled reports check...
/Users/sim/Project2/scripts/../scripts/run-scheduled-reports-cron.sh: line 25: node: command not found
Fri Jun 13 09:07:04 CDT 2025: Running scheduled reports
Fri Jun 13 09:07:04 CDT 2025: Checking if NextJS server is running...
/Users/sim/Project2/scripts/../scripts/run-simple-scheduled-reports.sh: line 16: node: command not found
Fri Jun 13 09:07:04 CDT 2025: NextJS server is running. Running scheduled reports check...
/Users/sim/Project2/scripts/../scripts/run-scheduled-reports-cron.sh: line 25: node: command not found
Fri Jun 13 09:08:03 CDT 2025: Running scheduled reports
Fri Jun 13 09:08:03 CDT 2025: Checking if NextJS server is running...
/Users/sim/Project2/scripts/../scripts/run-simple-scheduled-reports.sh: line 16: node: command not found
Fri Jun 13 09:08:03 CDT 2025: NextJS server is running. Running scheduled reports check...
/Users/sim/Project2/scripts/../scripts/run-scheduled-reports-cron.sh: line 25: node: command not found
Fri Jun 13 09:09:04 CDT 2025: Running scheduled reports
Fri Jun 13 09:09:04 CDT 2025: Checking if NextJS server is running...
/Users/sim/Project2/scripts/../scripts/run-simple-scheduled-reports.sh: line 16: node: command not found
Fri Jun 13 09:09:04 CDT 2025: NextJS server is running. Running scheduled reports check...
/Users/sim/Project2/scripts/../scripts/run-scheduled-reports-cron.sh: line 25: node: command not found
Fri Jun 13 09:10:06 CDT 2025: Running scheduled reports
Fri Jun 13 09:10:06 CDT 2025: Checking if NextJS server is running...
/Users/sim/Project2/scripts/../scripts/run-simple-scheduled-reports.sh: line 16: node: command not found
Fri Jun 13 09:10:06 CDT 2025: NextJS server is running. Running scheduled reports check...
/Users/sim/Project2/scripts/../scripts/run-scheduled-reports-cron.sh: line 25: node: command not found
Fri Jun 13 09:11:05 CDT 2025: Checking if NextJS server is running...
Fri Jun 13 09:11:05 CDT 2025: Running scheduled reports
/Users/sim/Project2/scripts/../scripts/run-simple-scheduled-reports.sh: line 16: node: command not found
Fri Jun 13 09:11:05 CDT 2025: NextJS server is running. Running scheduled reports check...
/Users/sim/Project2/scripts/../scripts/run-scheduled-reports-cron.sh: line 25: node: command not found
Fri Jun 13 09:12:04 CDT 2025: Checking if NextJS server is running...
Fri Jun 13 09:12:04 CDT 2025: Running scheduled reports
/Users/sim/Project2/scripts/../scripts/run-simple-scheduled-reports.sh: line 16: node: command not found
Fri Jun 13 09:12:04 CDT 2025: NextJS server is running. Running scheduled reports check...
/Users/sim/Project2/scripts/../scripts/run-scheduled-reports-cron.sh: line 25: node: command not found
Fri Jun 13 09:13:05 CDT 2025: Checking if NextJS server is running...
Fri Jun 13 09:13:05 CDT 2025: Running scheduled reports
/Users/sim/Project2/scripts/../scripts/run-simple-scheduled-reports.sh: line 16: node: command not found
Fri Jun 13 09:13:05 CDT 2025: NextJS server is running. Running scheduled reports check...
/Users/sim/Project2/scripts/../scripts/run-scheduled-reports-cron.sh: line 25: node: command not found
Fri Jun 13 09:14:04 CDT 2025: Checking if NextJS server is running...
Fri Jun 13 09:14:04 CDT 2025: Running scheduled reports
/Users/sim/Project2/scripts/../scripts/run-simple-scheduled-reports.sh: line 16: node: command not found
Fri Jun 13 09:14:04 CDT 2025: NextJS server is running. Running scheduled reports check...
/Users/sim/Project2/scripts/../scripts/run-scheduled-reports-cron.sh: line 25: node: command not found
Fri Jun 13 09:15:03 CDT 2025: Running scheduled reports
Fri Jun 13 09:15:03 CDT 2025: Checking if NextJS server is running...
/Users/sim/Project2/scripts/../scripts/run-simple-scheduled-reports.sh: line 16: node: command not found
Fri Jun 13 09:15:03 CDT 2025: NextJS server is running. Running scheduled reports check...
/Users/sim/Project2/scripts/../scripts/run-scheduled-reports-cron.sh: line 25: node: command not found
Fri Jun 13 09:16:05 CDT 2025: Running scheduled reports
Fri Jun 13 09:16:05 CDT 2025: Checking if NextJS server is running...
/Users/sim/Project2/scripts/../scripts/run-simple-scheduled-reports.sh: line 16: node: command not found
Fri Jun 13 09:16:05 CDT 2025: NextJS server is running. Running scheduled reports check...
/Users/sim/Project2/scripts/../scripts/run-scheduled-reports-cron.sh: line 25: node: command not found
Fri Jun 13 09:17:03 CDT 2025: Checking if NextJS server is running...
Fri Jun 13 09:17:03 CDT 2025: Running scheduled reports
/Users/sim/Project2/scripts/../scripts/run-simple-scheduled-reports.sh: line 16: node: command not found
Fri Jun 13 09:17:03 CDT 2025: NextJS server is running. Running scheduled reports check...
/Users/sim/Project2/scripts/../scripts/run-scheduled-reports-cron.sh: line 25: node: command not found
Fri Jun 13 09:18:08 CDT 2025: Running scheduled reports
Fri Jun 13 09:18:08 CDT 2025: Checking if NextJS server is running...
/Users/sim/Project2/scripts/../scripts/run-simple-scheduled-reports.sh: line 16: node: command not found
Fri Jun 13 09:18:08 CDT 2025: NextJS server is running. Running scheduled reports check...
/Users/sim/Project2/scripts/../scripts/run-scheduled-reports-cron.sh: line 25: node: command not found
Fri Jun 13 09:19:03 CDT 2025: Checking if NextJS server is running...
Fri Jun 13 09:19:03 CDT 2025: Running scheduled reports
/Users/sim/Project2/scripts/../scripts/run-simple-scheduled-reports.sh: line 16: node: command not found
Fri Jun 13 09:19:03 CDT 2025: NextJS server is running. Running scheduled reports check...
/Users/sim/Project2/scripts/../scripts/run-scheduled-reports-cron.sh: line 25: node: command not found
Fri Jun 13 09:20:04 CDT 2025: Running scheduled reports
Fri Jun 13 09:20:04 CDT 2025: Checking if NextJS server is running...
/Users/sim/Project2/scripts/../scripts/run-simple-scheduled-reports.sh: line 16: node: command not found
Fri Jun 13 09:20:04 CDT 2025: NextJS server is running. Running scheduled reports check...
/Users/sim/Project2/scripts/../scripts/run-scheduled-reports-cron.sh: line 25: node: command not found
Fri Jun 13 09:21:05 CDT 2025: Checking if NextJS server is running...
Fri Jun 13 09:21:05 CDT 2025: Running scheduled reports
/Users/sim/Project2/scripts/../scripts/run-simple-scheduled-reports.sh: line 16: node: command not found
Fri Jun 13 09:21:05 CDT 2025: NextJS server is running. Running scheduled reports check...
/Users/sim/Project2/scripts/../scripts/run-scheduled-reports-cron.sh: line 25: node: command not found
Fri Jun 13 09:22:04 CDT 2025: Running scheduled reports
Fri Jun 13 09:22:04 CDT 2025: Checking if NextJS server is running...
/Users/sim/Project2/scripts/../scripts/run-simple-scheduled-reports.sh: line 16: node: command not found
Fri Jun 13 09:22:04 CDT 2025: NextJS server is running. Running scheduled reports check...
/Users/sim/Project2/scripts/../scripts/run-scheduled-reports-cron.sh: line 25: node: command not found
Fri Jun 13 09:23:05 CDT 2025: Checking if NextJS server is running...
Fri Jun 13 09:23:05 CDT 2025: Running scheduled reports
/Users/sim/Project2/scripts/../scripts/run-simple-scheduled-reports.sh: line 16: node: command not found
Fri Jun 13 09:23:05 CDT 2025: NextJS server is running. Running scheduled reports check...
/Users/sim/Project2/scripts/../scripts/run-scheduled-reports-cron.sh: line 25: node: command not found
Fri Jun 13 09:24:06 CDT 2025: Checking if NextJS server is running...
Fri Jun 13 09:24:06 CDT 2025: Running scheduled reports
/Users/sim/Project2/scripts/../scripts/run-simple-scheduled-reports.sh: line 16: node: command not found
Fri Jun 13 09:24:06 CDT 2025: NextJS server is running. Running scheduled reports check...
/Users/sim/Project2/scripts/../scripts/run-scheduled-reports-cron.sh: line 25: node: command not found
Fri Jun 13 09:25:05 CDT 2025: Running scheduled reports
Fri Jun 13 09:25:05 CDT 2025: Checking if NextJS server is running...
/Users/sim/Project2/scripts/../scripts/run-simple-scheduled-reports.sh: line 16: node: command not found
Fri Jun 13 09:25:05 CDT 2025: NextJS server is running. Running scheduled reports check...
/Users/sim/Project2/scripts/../scripts/run-scheduled-reports-cron.sh: line 25: node: command not found
Fri Jun 13 09:26:07 CDT 2025: Checking if NextJS server is running...
Fri Jun 13 09:26:07 CDT 2025: Running scheduled reports
/Users/sim/Project2/scripts/../scripts/run-simple-scheduled-reports.sh: line 16: node: command not found
Fri Jun 13 09:26:07 CDT 2025: NextJS server is running. Running scheduled reports check...
/Users/sim/Project2/scripts/../scripts/run-scheduled-reports-cron.sh: line 25: node: command not found
Fri Jun 13 09:27:03 CDT 2025: Running scheduled reports
Fri Jun 13 09:27:03 CDT 2025: Checking if NextJS server is running...
/Users/sim/Project2/scripts/../scripts/run-simple-scheduled-reports.sh: line 16: node: command not found
Fri Jun 13 09:27:03 CDT 2025: NextJS server is running. Running scheduled reports check...
/Users/sim/Project2/scripts/../scripts/run-scheduled-reports-cron.sh: line 25: node: command not found
Fri Jun 13 09:28:04 CDT 2025: Checking if NextJS server is running...
Fri Jun 13 09:28:04 CDT 2025: Running scheduled reports
/Users/sim/Project2/scripts/../scripts/run-simple-scheduled-reports.sh: line 16: node: command not found
Fri Jun 13 09:28:04 CDT 2025: NextJS server is running. Running scheduled reports check...
/Users/sim/Project2/scripts/../scripts/run-scheduled-reports-cron.sh: line 25: node: command not found
Fri Jun 13 09:29:02 CDT 2025: Checking if NextJS server is running...
Fri Jun 13 09:29:02 CDT 2025: Running scheduled reports
/Users/sim/Project2/scripts/../scripts/run-simple-scheduled-reports.sh: line 16: node: command not found
Fri Jun 13 09:29:02 CDT 2025: NextJS server is running. Running scheduled reports check...
/Users/sim/Project2/scripts/../scripts/run-scheduled-reports-cron.sh: line 25: node: command not found
Fri Jun 13 09:30:05 CDT 2025: Checking if NextJS server is running...
Fri Jun 13 09:30:05 CDT 2025: Running scheduled reports
/Users/sim/Project2/scripts/../scripts/run-simple-scheduled-reports.sh: line 16: node: command not found
Fri Jun 13 09:30:05 CDT 2025: NextJS server is running. Running scheduled reports check...
/Users/sim/Project2/scripts/../scripts/run-scheduled-reports-cron.sh: line 25: node: command not found
Fri Jun 13 09:31:04 CDT 2025: Running scheduled reports
Fri Jun 13 09:31:04 CDT 2025: Checking if NextJS server is running...
/Users/sim/Project2/scripts/../scripts/run-simple-scheduled-reports.sh: line 16: node: command not found
Fri Jun 13 09:31:04 CDT 2025: NextJS server is running. Running scheduled reports check...
/Users/sim/Project2/scripts/../scripts/run-scheduled-reports-cron.sh: line 25: node: command not found
Fri Jun 13 09:32:04 CDT 2025: Checking if NextJS server is running...
Fri Jun 13 09:32:04 CDT 2025: Running scheduled reports
/Users/sim/Project2/scripts/../scripts/run-simple-scheduled-reports.sh: line 16: node: command not found
Fri Jun 13 09:32:04 CDT 2025: NextJS server is running. Running scheduled reports check...
/Users/sim/Project2/scripts/../scripts/run-scheduled-reports-cron.sh: line 25: node: command not found
Fri Jun 13 09:33:02 CDT 2025: Checking if NextJS server is running...
Fri Jun 13 09:33:02 CDT 2025: Running scheduled reports
/Users/sim/Project2/scripts/../scripts/run-simple-scheduled-reports.sh: line 16: node: command not found
Fri Jun 13 09:33:02 CDT 2025: NextJS server is running. Running scheduled reports check...
/Users/sim/Project2/scripts/../scripts/run-scheduled-reports-cron.sh: line 25: node: command not found
Fri Jun 13 09:34:04 CDT 2025: Running scheduled reports
Fri Jun 13 09:34:04 CDT 2025: Checking if NextJS server is running...
/Users/sim/Project2/scripts/../scripts/run-simple-scheduled-reports.sh: line 16: node: command not found
Fri Jun 13 09:34:04 CDT 2025: NextJS server is running. Running scheduled reports check...
/Users/sim/Project2/scripts/../scripts/run-scheduled-reports-cron.sh: line 25: node: command not found
Fri Jun 13 09:35:06 CDT 2025: Checking if NextJS server is running...
Fri Jun 13 09:35:06 CDT 2025: Running scheduled reports
/Users/sim/Project2/scripts/../scripts/run-simple-scheduled-reports.sh: line 16: node: command not found
Fri Jun 13 09:35:06 CDT 2025: NextJS server is running. Running scheduled reports check...
/Users/sim/Project2/scripts/../scripts/run-scheduled-reports-cron.sh: line 25: node: command not found
Fri Jun 13 09:36:06 CDT 2025: Checking if NextJS server is running...
Fri Jun 13 09:36:06 CDT 2025: Running scheduled reports
/Users/sim/Project2/scripts/../scripts/run-simple-scheduled-reports.sh: line 16: node: command not found
Fri Jun 13 09:36:06 CDT 2025: NextJS server is running. Running scheduled reports check...
/Users/sim/Project2/scripts/../scripts/run-scheduled-reports-cron.sh: line 25: node: command not found
Fri Jun 13 09:37:03 CDT 2025: Checking if NextJS server is running...
Fri Jun 13 09:37:03 CDT 2025: Running scheduled reports
/Users/sim/Project2/scripts/../scripts/run-simple-scheduled-reports.sh: line 16: node: command not found
Fri Jun 13 09:37:03 CDT 2025: NextJS server is running. Running scheduled reports check...
/Users/sim/Project2/scripts/../scripts/run-scheduled-reports-cron.sh: line 25: node: command not found
Fri Jun 13 09:38:06 CDT 2025: Running scheduled reports
Fri Jun 13 09:38:06 CDT 2025: Checking if NextJS server is running...
/Users/sim/Project2/scripts/../scripts/run-simple-scheduled-reports.sh: line 16: node: command not found
Fri Jun 13 09:38:06 CDT 2025: NextJS server is running. Running scheduled reports check...
/Users/sim/Project2/scripts/../scripts/run-scheduled-reports-cron.sh: line 25: node: command not found
Fri Jun 13 09:39:07 CDT 2025: Running scheduled reports
Fri Jun 13 09:39:07 CDT 2025: Checking if NextJS server is running...
/Users/sim/Project2/scripts/../scripts/run-simple-scheduled-reports.sh: line 16: node: command not found
Fri Jun 13 09:39:07 CDT 2025: NextJS server is running. Running scheduled reports check...
/Users/sim/Project2/scripts/../scripts/run-scheduled-reports-cron.sh: line 25: node: command not found
Fri Jun 13 09:40:06 CDT 2025: Checking if NextJS server is running...
Fri Jun 13 09:40:06 CDT 2025: Running scheduled reports
/Users/sim/Project2/scripts/../scripts/run-simple-scheduled-reports.sh: line 16: node: command not found
Fri Jun 13 09:40:06 CDT 2025: NextJS server is running. Running scheduled reports check...
/Users/sim/Project2/scripts/../scripts/run-scheduled-reports-cron.sh: line 25: node: command not found
Fri Jun 13 09:41:10 CDT 2025: Checking if NextJS server is running...
Fri Jun 13 09:41:10 CDT 2025: Running scheduled reports
/Users/sim/Project2/scripts/../scripts/run-simple-scheduled-reports.sh: line 16: node: command not found
Fri Jun 13 09:41:10 CDT 2025: NextJS server is running. Running scheduled reports check...
/Users/sim/Project2/scripts/../scripts/run-scheduled-reports-cron.sh: line 25: node: command not found
Fri Jun 13 09:42:08 CDT 2025: Checking if NextJS server is running...
Fri Jun 13 09:42:08 CDT 2025: Running scheduled reports
/Users/sim/Project2/scripts/../scripts/run-simple-scheduled-reports.sh: line 16: node: command not found
Fri Jun 13 09:42:08 CDT 2025: NextJS server is running. Running scheduled reports check...
/Users/sim/Project2/scripts/../scripts/run-scheduled-reports-cron.sh: line 25: node: command not found
Fri Jun 13 09:43:04 CDT 2025: Running scheduled reports
Fri Jun 13 09:43:04 CDT 2025: Checking if NextJS server is running...
/Users/sim/Project2/scripts/../scripts/run-simple-scheduled-reports.sh: line 16: node: command not found
Fri Jun 13 09:43:04 CDT 2025: NextJS server is running. Running scheduled reports check...
/Users/sim/Project2/scripts/../scripts/run-scheduled-reports-cron.sh: line 25: node: command not found
Fri Jun 13 09:44:10 CDT 2025: Running scheduled reports
Fri Jun 13 09:44:10 CDT 2025: Checking if NextJS server is running...
/Users/sim/Project2/scripts/../scripts/run-simple-scheduled-reports.sh: line 16: node: command not found
Fri Jun 13 09:44:10 CDT 2025: NextJS server is running. Running scheduled reports check...
/Users/sim/Project2/scripts/../scripts/run-scheduled-reports-cron.sh: line 25: node: command not found
Fri Jun 13 09:45:07 CDT 2025: Running scheduled reports
Fri Jun 13 09:45:07 CDT 2025: Checking if NextJS server is running...
/Users/sim/Project2/scripts/../scripts/run-simple-scheduled-reports.sh: line 16: node: command not found
Fri Jun 13 09:45:07 CDT 2025: NextJS server is running. Running scheduled reports check...
/Users/sim/Project2/scripts/../scripts/run-scheduled-reports-cron.sh: line 25: node: command not found
Fri Jun 13 09:46:08 CDT 2025: Running scheduled reports
Fri Jun 13 09:46:08 CDT 2025: Checking if NextJS server is running...
/Users/sim/Project2/scripts/../scripts/run-simple-scheduled-reports.sh: line 16: node: command not found
Fri Jun 13 09:46:08 CDT 2025: NextJS server is running. Running scheduled reports check...
/Users/sim/Project2/scripts/../scripts/run-scheduled-reports-cron.sh: line 25: node: command not found
Fri Jun 13 09:47:07 CDT 2025: Running scheduled reports
Fri Jun 13 09:47:07 CDT 2025: Checking if NextJS server is running...
/Users/sim/Project2/scripts/../scripts/run-simple-scheduled-reports.sh: line 16: node: command not found
Fri Jun 13 09:47:07 CDT 2025: NextJS server is running. Running scheduled reports check...
/Users/sim/Project2/scripts/../scripts/run-scheduled-reports-cron.sh: line 25: node: command not found
Fri Jun 13 09:48:05 CDT 2025: Running scheduled reports
Fri Jun 13 09:48:05 CDT 2025: Checking if NextJS server is running...
/Users/sim/Project2/scripts/../scripts/run-simple-scheduled-reports.sh: line 16: node: command not found
Fri Jun 13 09:48:05 CDT 2025: NextJS server is running. Running scheduled reports check...
/Users/sim/Project2/scripts/../scripts/run-scheduled-reports-cron.sh: line 25: node: command not found
Fri Jun 13 09:49:04 CDT 2025: Running scheduled reports
Fri Jun 13 09:49:04 CDT 2025: Checking if NextJS server is running...
/Users/sim/Project2/scripts/../scripts/run-simple-scheduled-reports.sh: line 16: node: command not found
Fri Jun 13 09:49:04 CDT 2025: NextJS server is running. Running scheduled reports check...
/Users/sim/Project2/scripts/../scripts/run-scheduled-reports-cron.sh: line 25: node: command not found
Fri Jun 13 09:50:09 CDT 2025: Checking if NextJS server is running...
Fri Jun 13 09:50:09 CDT 2025: Running scheduled reports
/Users/sim/Project2/scripts/../scripts/run-simple-scheduled-reports.sh: line 16: node: command not found
Fri Jun 13 09:50:09 CDT 2025: NextJS server is running. Running scheduled reports check...
/Users/sim/Project2/scripts/../scripts/run-scheduled-reports-cron.sh: line 25: node: command not found
Fri Jun 13 09:51:05 CDT 2025: Running scheduled reports
Fri Jun 13 09:51:05 CDT 2025: Checking if NextJS server is running...
/Users/sim/Project2/scripts/../scripts/run-simple-scheduled-reports.sh: line 16: node: command not found
Fri Jun 13 09:51:05 CDT 2025: NextJS server is running. Running scheduled reports check...
/Users/sim/Project2/scripts/../scripts/run-scheduled-reports-cron.sh: line 25: node: command not found
Fri Jun 13 09:52:04 CDT 2025: Checking if NextJS server is running...
Fri Jun 13 09:52:04 CDT 2025: Running scheduled reports
/Users/sim/Project2/scripts/../scripts/run-simple-scheduled-reports.sh: line 16: node: command not found
Fri Jun 13 09:52:04 CDT 2025: NextJS server is running. Running scheduled reports check...
/Users/sim/Project2/scripts/../scripts/run-scheduled-reports-cron.sh: line 25: node: command not found
Fri Jun 13 09:53:06 CDT 2025: Running scheduled reports
Fri Jun 13 09:53:06 CDT 2025: Checking if NextJS server is running...
/Users/sim/Project2/scripts/../scripts/run-simple-scheduled-reports.sh: line 16: node: command not found
Fri Jun 13 09:53:06 CDT 2025: NextJS server is running. Running scheduled reports check...
/Users/sim/Project2/scripts/../scripts/run-scheduled-reports-cron.sh: line 25: node: command not found
Fri Jun 13 09:54:04 CDT 2025: Checking if NextJS server is running...
Fri Jun 13 09:54:04 CDT 2025: Running scheduled reports
/Users/sim/Project2/scripts/../scripts/run-simple-scheduled-reports.sh: line 16: node: command not found
Fri Jun 13 09:54:05 CDT 2025: NextJS server is running. Running scheduled reports check...
/Users/sim/Project2/scripts/../scripts/run-scheduled-reports-cron.sh: line 25: node: command not found
Fri Jun 13 09:55:08 CDT 2025: Checking if NextJS server is running...
Fri Jun 13 09:55:08 CDT 2025: Running scheduled reports
/Users/sim/Project2/scripts/../scripts/run-simple-scheduled-reports.sh: line 16: node: command not found
Fri Jun 13 09:55:08 CDT 2025: NextJS server is running. Running scheduled reports check...
/Users/sim/Project2/scripts/../scripts/run-scheduled-reports-cron.sh: line 25: node: command not found
Fri Jun 13 09:56:05 CDT 2025: Running scheduled reports
Fri Jun 13 09:56:05 CDT 2025: Checking if NextJS server is running...
/Users/sim/Project2/scripts/../scripts/run-simple-scheduled-reports.sh: line 16: node: command not found
Fri Jun 13 09:56:05 CDT 2025: NextJS server is running. Running scheduled reports check...
/Users/sim/Project2/scripts/../scripts/run-scheduled-reports-cron.sh: line 25: node: command not found
Fri Jun 13 09:57:08 CDT 2025: Checking if NextJS server is running...
Fri Jun 13 09:57:08 CDT 2025: Running scheduled reports
/Users/sim/Project2/scripts/../scripts/run-simple-scheduled-reports.sh: line 16: node: command not found
Fri Jun 13 09:57:08 CDT 2025: NextJS server is running. Running scheduled reports check...
/Users/sim/Project2/scripts/../scripts/run-scheduled-reports-cron.sh: line 25: node: command not found
Fri Jun 13 09:58:10 CDT 2025: Running scheduled reports
Fri Jun 13 09:58:10 CDT 2025: Checking if NextJS server is running...
/Users/sim/Project2/scripts/../scripts/run-simple-scheduled-reports.sh: line 16: node: command not found
Fri Jun 13 09:58:10 CDT 2025: NextJS server is running. Running scheduled reports check...
/Users/sim/Project2/scripts/../scripts/run-scheduled-reports-cron.sh: line 25: node: command not found
Fri Jun 13 09:59:09 CDT 2025: Checking if NextJS server is running...
Fri Jun 13 09:59:09 CDT 2025: Running scheduled reports
/Users/sim/Project2/scripts/../scripts/run-simple-scheduled-reports.sh: line 16: node: command not found
Fri Jun 13 09:59:09 CDT 2025: NextJS server is running. Running scheduled reports check...
/Users/sim/Project2/scripts/../scripts/run-scheduled-reports-cron.sh: line 25: node: command not found
Fri Jun 13 10:00:07 CDT 2025: Running scheduled reports
Fri Jun 13 10:00:07 CDT 2025: Checking if NextJS server is running...
/Users/sim/Project2/scripts/../scripts/run-simple-scheduled-reports.sh: line 16: node: command not found
Fri Jun 13 10:00:07 CDT 2025: NextJS server is running. Running scheduled reports check...
/Users/sim/Project2/scripts/../scripts/run-scheduled-reports-cron.sh: line 25: node: command not found
Fri Jun 13 10:01:04 CDT 2025: Running scheduled reports
Fri Jun 13 10:01:04 CDT 2025: Checking if NextJS server is running...
/Users/sim/Project2/scripts/../scripts/run-simple-scheduled-reports.sh: line 16: node: command not found
Fri Jun 13 10:01:04 CDT 2025: NextJS server is running. Running scheduled reports check...
/Users/sim/Project2/scripts/../scripts/run-scheduled-reports-cron.sh: line 25: node: command not found
Fri Jun 13 10:02:03 CDT 2025: Checking if NextJS server is running...
Fri Jun 13 10:02:03 CDT 2025: Running scheduled reports
/Users/sim/Project2/scripts/../scripts/run-simple-scheduled-reports.sh: line 16: node: command not found
Fri Jun 13 10:02:03 CDT 2025: NextJS server is running. Running scheduled reports check...
/Users/sim/Project2/scripts/../scripts/run-scheduled-reports-cron.sh: line 25: node: command not found
Fri Jun 13 10:03:06 CDT 2025: Running scheduled reports
Fri Jun 13 10:03:06 CDT 2025: Checking if NextJS server is running...
/Users/sim/Project2/scripts/../scripts/run-simple-scheduled-reports.sh: line 16: node: command not found
Fri Jun 13 10:03:06 CDT 2025: NextJS server is running. Running scheduled reports check...
/Users/sim/Project2/scripts/../scripts/run-scheduled-reports-cron.sh: line 25: node: command not found
Fri Jun 13 10:04:04 CDT 2025: Running scheduled reports
Fri Jun 13 10:04:04 CDT 2025: Checking if NextJS server is running...
/Users/sim/Project2/scripts/../scripts/run-simple-scheduled-reports.sh: line 16: node: command not found
Fri Jun 13 10:04:04 CDT 2025: NextJS server is running. Running scheduled reports check...
/Users/sim/Project2/scripts/../scripts/run-scheduled-reports-cron.sh: line 25: node: command not found
Fri Jun 13 10:05:05 CDT 2025: Checking if NextJS server is running...
Fri Jun 13 10:05:05 CDT 2025: Running scheduled reports
/Users/sim/Project2/scripts/../scripts/run-simple-scheduled-reports.sh: line 16: node: command not found
Fri Jun 13 10:05:05 CDT 2025: NextJS server is running. Running scheduled reports check...
/Users/sim/Project2/scripts/../scripts/run-scheduled-reports-cron.sh: line 25: node: command not found
Fri Jun 13 10:06:04 CDT 2025: Running scheduled reports
Fri Jun 13 10:06:04 CDT 2025: Checking if NextJS server is running...
/Users/sim/Project2/scripts/../scripts/run-simple-scheduled-reports.sh: line 16: node: command not found
Fri Jun 13 10:06:04 CDT 2025: NextJS server is running. Running scheduled reports check...
/Users/sim/Project2/scripts/../scripts/run-scheduled-reports-cron.sh: line 25: node: command not found
Fri Jun 13 10:07:04 CDT 2025: Running scheduled reports
Fri Jun 13 10:07:04 CDT 2025: Checking if NextJS server is running...
/Users/sim/Project2/scripts/../scripts/run-simple-scheduled-reports.sh: line 16: node: command not found
Fri Jun 13 10:07:05 CDT 2025: NextJS server is running. Running scheduled reports check...
/Users/sim/Project2/scripts/../scripts/run-scheduled-reports-cron.sh: line 25: node: command not found
Fri Jun 13 10:08:04 CDT 2025: Running scheduled reports
Fri Jun 13 10:08:04 CDT 2025: Checking if NextJS server is running...
/Users/sim/Project2/scripts/../scripts/run-simple-scheduled-reports.sh: line 16: node: command not found
Fri Jun 13 10:08:04 CDT 2025: NextJS server is running. Running scheduled reports check...
/Users/sim/Project2/scripts/../scripts/run-scheduled-reports-cron.sh: line 25: node: command not found
Fri Jun 13 10:09:05 CDT 2025: Checking if NextJS server is running...
Fri Jun 13 10:09:05 CDT 2025: Running scheduled reports
/Users/sim/Project2/scripts/../scripts/run-simple-scheduled-reports.sh: line 16: node: command not found
Fri Jun 13 10:09:05 CDT 2025: NextJS server is running. Running scheduled reports check...
/Users/sim/Project2/scripts/../scripts/run-scheduled-reports-cron.sh: line 25: node: command not found
Fri Jun 13 10:10:03 CDT 2025: Running scheduled reports
Fri Jun 13 10:10:03 CDT 2025: Checking if NextJS server is running...
/Users/sim/Project2/scripts/../scripts/run-simple-scheduled-reports.sh: line 16: node: command not found
Fri Jun 13 10:10:03 CDT 2025: NextJS server is running. Running scheduled reports check...
/Users/sim/Project2/scripts/../scripts/run-scheduled-reports-cron.sh: line 25: node: command not found
Fri Jun 13 10:11:05 CDT 2025: Checking if NextJS server is running...
Fri Jun 13 10:11:05 CDT 2025: Running scheduled reports
/Users/sim/Project2/scripts/../scripts/run-simple-scheduled-reports.sh: line 16: node: command not found
Fri Jun 13 10:11:05 CDT 2025: NextJS server is running. Running scheduled reports check...
/Users/sim/Project2/scripts/../scripts/run-scheduled-reports-cron.sh: line 25: node: command not found
Fri Jun 13 10:12:04 CDT 2025: Running scheduled reports
Fri Jun 13 10:12:04 CDT 2025: Checking if NextJS server is running...
/Users/sim/Project2/scripts/../scripts/run-simple-scheduled-reports.sh: line 16: node: command not found
Fri Jun 13 10:12:04 CDT 2025: NextJS server is running. Running scheduled reports check...
/Users/sim/Project2/scripts/../scripts/run-scheduled-reports-cron.sh: line 25: node: command not found
Fri Jun 13 10:13:04 CDT 2025: Checking if NextJS server is running...
Fri Jun 13 10:13:04 CDT 2025: Running scheduled reports
/Users/sim/Project2/scripts/../scripts/run-simple-scheduled-reports.sh: line 16: node: command not found
Fri Jun 13 10:13:04 CDT 2025: NextJS server is running. Running scheduled reports check...
/Users/sim/Project2/scripts/../scripts/run-scheduled-reports-cron.sh: line 25: node: command not found
Fri Jun 13 10:14:05 CDT 2025: Checking if NextJS server is running...
Fri Jun 13 10:14:05 CDT 2025: Running scheduled reports
/Users/sim/Project2/scripts/../scripts/run-simple-scheduled-reports.sh: line 16: node: command not found
Fri Jun 13 10:14:05 CDT 2025: NextJS server is running. Running scheduled reports check...
/Users/sim/Project2/scripts/../scripts/run-scheduled-reports-cron.sh: line 25: node: command not found
Fri Jun 13 10:15:03 CDT 2025: Running scheduled reports
Fri Jun 13 10:15:03 CDT 2025: Checking if NextJS server is running...
/Users/sim/Project2/scripts/../scripts/run-simple-scheduled-reports.sh: line 16: node: command not found
Fri Jun 13 10:15:03 CDT 2025: NextJS server is running. Running scheduled reports check...
/Users/sim/Project2/scripts/../scripts/run-scheduled-reports-cron.sh: line 25: node: command not found
Fri Jun 13 10:16:04 CDT 2025: Checking if NextJS server is running...
Fri Jun 13 10:16:04 CDT 2025: Running scheduled reports
/Users/sim/Project2/scripts/../scripts/run-simple-scheduled-reports.sh: line 16: node: command not found
Fri Jun 13 10:16:04 CDT 2025: NextJS server is running. Running scheduled reports check...
/Users/sim/Project2/scripts/../scripts/run-scheduled-reports-cron.sh: line 25: node: command not found
Fri Jun 13 10:17:04 CDT 2025: Checking if NextJS server is running...
Fri Jun 13 10:17:04 CDT 2025: Running scheduled reports
/Users/sim/Project2/scripts/../scripts/run-simple-scheduled-reports.sh: line 16: node: command not found
Fri Jun 13 10:17:04 CDT 2025: NextJS server is running. Running scheduled reports check...
/Users/sim/Project2/scripts/../scripts/run-scheduled-reports-cron.sh: line 25: node: command not found
Fri Jun 13 10:18:05 CDT 2025: Running scheduled reports
Fri Jun 13 10:18:05 CDT 2025: Checking if NextJS server is running...
/Users/sim/Project2/scripts/../scripts/run-simple-scheduled-reports.sh: line 16: node: command not found
Fri Jun 13 10:18:05 CDT 2025: NextJS server is running. Running scheduled reports check...
/Users/sim/Project2/scripts/../scripts/run-scheduled-reports-cron.sh: line 25: node: command not found
Fri Jun 13 10:19:03 CDT 2025: Checking if NextJS server is running...
Fri Jun 13 10:19:03 CDT 2025: Running scheduled reports
/Users/sim/Project2/scripts/../scripts/run-simple-scheduled-reports.sh: line 16: node: command not found
Fri Jun 13 10:19:03 CDT 2025: NextJS server is running. Running scheduled reports check...
/Users/sim/Project2/scripts/../scripts/run-scheduled-reports-cron.sh: line 25: node: command not found
Fri Jun 13 10:20:04 CDT 2025: Running scheduled reports
Fri Jun 13 10:20:04 CDT 2025: Checking if NextJS server is running...
/Users/sim/Project2/scripts/../scripts/run-simple-scheduled-reports.sh: line 16: node: command not found
Fri Jun 13 10:20:04 CDT 2025: NextJS server is running. Running scheduled reports check...
/Users/sim/Project2/scripts/../scripts/run-scheduled-reports-cron.sh: line 25: node: command not found
Fri Jun 13 10:21:04 CDT 2025: Running scheduled reports
Fri Jun 13 10:21:04 CDT 2025: Checking if NextJS server is running...
/Users/sim/Project2/scripts/../scripts/run-simple-scheduled-reports.sh: line 16: node: command not found
Fri Jun 13 10:21:04 CDT 2025: NextJS server is running. Running scheduled reports check...
/Users/sim/Project2/scripts/../scripts/run-scheduled-reports-cron.sh: line 25: node: command not found
Fri Jun 13 10:22:04 CDT 2025: Running scheduled reports
Fri Jun 13 10:22:04 CDT 2025: Checking if NextJS server is running...
/Users/sim/Project2/scripts/../scripts/run-simple-scheduled-reports.sh: line 16: node: command not found
Fri Jun 13 10:22:04 CDT 2025: NextJS server is running. Running scheduled reports check...
/Users/sim/Project2/scripts/../scripts/run-scheduled-reports-cron.sh: line 25: node: command not found
Fri Jun 13 11:24:00 CDT 2025: Running scheduled reports
Fri Jun 13 11:24:00 CDT 2025: Checking if NextJS server is running...
/Users/sim/Project2/scripts/../scripts/run-simple-scheduled-reports.sh: line 16: node: command not found
Fri Jun 13 11:24:00 CDT 2025: NextJS server is not running. Skipping scheduled reports check.
Fri Jun 13 11:25:00 CDT 2025: Running scheduled reports
Fri Jun 13 11:25:00 CDT 2025: Checking if NextJS server is running...
/Users/sim/Project2/scripts/../scripts/run-simple-scheduled-reports.sh: line 16: node: command not found
Fri Jun 13 11:25:00 CDT 2025: NextJS server is not running. Skipping scheduled reports check.
Fri Jun 13 11:26:00 CDT 2025: Checking if NextJS server is running...
Fri Jun 13 11:26:00 CDT 2025: Running scheduled reports
/Users/sim/Project2/scripts/../scripts/run-simple-scheduled-reports.sh: line 16: node: command not found
Fri Jun 13 11:26:01 CDT 2025: NextJS server is running. Running scheduled reports check...
/Users/sim/Project2/scripts/../scripts/run-scheduled-reports-cron.sh: line 25: node: command not found
Fri Jun 13 11:27:00 CDT 2025: Running scheduled reports
/Users/sim/Project2/scripts/../scripts/run-simple-scheduled-reports.sh: line 16: node: command not found
Fri Jun 13 11:27:00 CDT 2025: Checking if NextJS server is running...
Fri Jun 13 11:27:01 CDT 2025: NextJS server is running. Running scheduled reports check...
/Users/sim/Project2/scripts/../scripts/run-scheduled-reports-cron.sh: line 25: node: command not found
Fri Jun 13 11:28:00 CDT 2025: Running scheduled reports
Fri Jun 13 11:28:00 CDT 2025: Checking if NextJS server is running...
/Users/sim/Project2/scripts/../scripts/run-simple-scheduled-reports.sh: line 16: node: command not found
Fri Jun 13 11:28:03 CDT 2025: NextJS server is running. Running scheduled reports check...
/Users/sim/Project2/scripts/../scripts/run-scheduled-reports-cron.sh: line 25: node: command not found
Fri Jun 13 11:29:00 CDT 2025: Checking if NextJS server is running...
Fri Jun 13 11:29:00 CDT 2025: Running scheduled reports
/Users/sim/Project2/scripts/../scripts/run-simple-scheduled-reports.sh: line 16: node: command not found
Fri Jun 13 11:29:00 CDT 2025: NextJS server is running. Running scheduled reports check...
/Users/sim/Project2/scripts/../scripts/run-scheduled-reports-cron.sh: line 25: node: command not found
Fri Jun 13 11:30:00 CDT 2025: Running scheduled reports
Fri Jun 13 11:30:00 CDT 2025: Checking if NextJS server is running...
/Users/sim/Project2/scripts/../scripts/run-simple-scheduled-reports.sh: line 16: node: command not found
Fri Jun 13 11:30:00 CDT 2025: NextJS server is running. Running scheduled reports check...
/Users/sim/Project2/scripts/../scripts/run-scheduled-reports-cron.sh: line 25: node: command not found
Fri Jun 13 11:31:00 CDT 2025: Running scheduled reports
Fri Jun 13 11:31:00 CDT 2025: Checking if NextJS server is running...
/Users/sim/Project2/scripts/../scripts/run-simple-scheduled-reports.sh: line 16: node: command not found
Fri Jun 13 11:31:00 CDT 2025: NextJS server is running. Running scheduled reports check...
/Users/sim/Project2/scripts/../scripts/run-scheduled-reports-cron.sh: line 25: node: command not found
Fri Jun 13 12:04:00 CDT 2025: Running scheduled reports
Fri Jun 13 12:04:00 CDT 2025: Checking if NextJS server is running...
/Users/sim/Project2/scripts/../scripts/run-simple-scheduled-reports.sh: line 16: node: command not found
Fri Jun 13 12:04:00 CDT 2025: NextJS server is running. Running scheduled reports check...
/Users/sim/Project2/scripts/../scripts/run-scheduled-reports-cron.sh: line 25: node: command not found
Fri Jun 13 12:05:01 CDT 2025: Checking if NextJS server is running...
Fri Jun 13 12:05:01 CDT 2025: Running scheduled reports
/Users/sim/Project2/scripts/../scripts/run-simple-scheduled-reports.sh: line 16: node: command not found
Fri Jun 13 12:05:01 CDT 2025: NextJS server is running. Running scheduled reports check...
/Users/sim/Project2/scripts/../scripts/run-scheduled-reports-cron.sh: line 25: node: command not found
Fri Jun 13 12:06:00 CDT 2025: Checking if NextJS server is running...
Fri Jun 13 12:06:00 CDT 2025: Running scheduled reports
/Users/sim/Project2/scripts/../scripts/run-simple-scheduled-reports.sh: line 16: node: command not found
Fri Jun 13 12:06:00 CDT 2025: NextJS server is running. Running scheduled reports check...
/Users/sim/Project2/scripts/../scripts/run-scheduled-reports-cron.sh: line 25: node: command not found
Fri Jun 13 12:07:00 CDT 2025: Checking if NextJS server is running...
Fri Jun 13 12:07:00 CDT 2025: Running scheduled reports
/Users/sim/Project2/scripts/../scripts/run-simple-scheduled-reports.sh: line 16: node: command not found
Fri Jun 13 12:07:00 CDT 2025: NextJS server is running. Running scheduled reports check...
/Users/sim/Project2/scripts/../scripts/run-scheduled-reports-cron.sh: line 25: node: command not found
Fri Jun 13 12:08:00 CDT 2025: Running scheduled reports
Fri Jun 13 12:08:00 CDT 2025: Checking if NextJS server is running...
/Users/sim/Project2/scripts/../scripts/run-simple-scheduled-reports.sh: line 16: node: command not found
Fri Jun 13 12:08:00 CDT 2025: NextJS server is running. Running scheduled reports check...
/Users/sim/Project2/scripts/../scripts/run-scheduled-reports-cron.sh: line 25: node: command not found
Fri Jun 13 12:09:01 CDT 2025: Running scheduled reports
Fri Jun 13 12:09:01 CDT 2025: Checking if NextJS server is running...
/Users/sim/Project2/scripts/../scripts/run-simple-scheduled-reports.sh: line 16: node: command not found
Fri Jun 13 12:09:01 CDT 2025: NextJS server is running. Running scheduled reports check...
/Users/sim/Project2/scripts/../scripts/run-scheduled-reports-cron.sh: line 25: node: command not found
Fri Jun 13 12:10:00 CDT 2025: Running scheduled reports
Fri Jun 13 12:10:00 CDT 2025: Checking if NextJS server is running...
/Users/sim/Project2/scripts/../scripts/run-simple-scheduled-reports.sh: line 16: node: command not found
Fri Jun 13 12:10:00 CDT 2025: NextJS server is running. Running scheduled reports check...
/Users/sim/Project2/scripts/../scripts/run-scheduled-reports-cron.sh: line 25: node: command not found
Fri Jun 13 12:11:00 CDT 2025: Checking if NextJS server is running...
Fri Jun 13 12:11:00 CDT 2025: Running scheduled reports
/Users/sim/Project2/scripts/../scripts/run-simple-scheduled-reports.sh: line 16: node: command not found
Fri Jun 13 12:11:00 CDT 2025: NextJS server is running. Running scheduled reports check...
/Users/sim/Project2/scripts/../scripts/run-scheduled-reports-cron.sh: line 25: node: command not found
Fri Jun 13 12:12:00 CDT 2025: Running scheduled reports
Fri Jun 13 12:12:00 CDT 2025: Checking if NextJS server is running...
/Users/sim/Project2/scripts/../scripts/run-simple-scheduled-reports.sh: line 16: node: command not found
Fri Jun 13 12:12:00 CDT 2025: NextJS server is running. Running scheduled reports check...
/Users/sim/Project2/scripts/../scripts/run-scheduled-reports-cron.sh: line 25: node: command not found
Fri Jun 13 12:13:01 CDT 2025: Running scheduled reports
Fri Jun 13 12:13:01 CDT 2025: Checking if NextJS server is running...
/Users/sim/Project2/scripts/../scripts/run-simple-scheduled-reports.sh: line 16: node: command not found
Fri Jun 13 12:13:01 CDT 2025: NextJS server is running. Running scheduled reports check...
/Users/sim/Project2/scripts/../scripts/run-scheduled-reports-cron.sh: line 25: node: command not found
Fri Jun 13 12:14:00 CDT 2025: Checking if NextJS server is running...
Fri Jun 13 12:14:00 CDT 2025: Running scheduled reports
/Users/sim/Project2/scripts/../scripts/run-simple-scheduled-reports.sh: line 16: node: command not found
Fri Jun 13 12:14:00 CDT 2025: NextJS server is running. Running scheduled reports check...
/Users/sim/Project2/scripts/../scripts/run-scheduled-reports-cron.sh: line 25: node: command not found
Fri Jun 13 12:15:00 CDT 2025: Running scheduled reports
Fri Jun 13 12:15:00 CDT 2025: Checking if NextJS server is running...
/Users/sim/Project2/scripts/../scripts/run-simple-scheduled-reports.sh: line 16: node: command not found
Fri Jun 13 12:15:00 CDT 2025: NextJS server is running. Running scheduled reports check...
/Users/sim/Project2/scripts/../scripts/run-scheduled-reports-cron.sh: line 25: node: command not found
Fri Jun 13 12:16:00 CDT 2025: Running scheduled reports
Fri Jun 13 12:16:00 CDT 2025: Checking if NextJS server is running...
/Users/sim/Project2/scripts/../scripts/run-simple-scheduled-reports.sh: line 16: node: command not found
Fri Jun 13 12:16:00 CDT 2025: NextJS server is running. Running scheduled reports check...
/Users/sim/Project2/scripts/../scripts/run-scheduled-reports-cron.sh: line 25: node: command not found
Fri Jun 13 12:17:00 CDT 2025: Checking if NextJS server is running...
Fri Jun 13 12:17:00 CDT 2025: Running scheduled reports
/Users/sim/Project2/scripts/../scripts/run-simple-scheduled-reports.sh: line 16: node: command not found
Fri Jun 13 12:17:01 CDT 2025: NextJS server is running. Running scheduled reports check...
/Users/sim/Project2/scripts/../scripts/run-scheduled-reports-cron.sh: line 25: node: command not found
Fri Jun 13 12:18:00 CDT 2025: Running scheduled reports
Fri Jun 13 12:18:00 CDT 2025: Checking if NextJS server is running...
/Users/sim/Project2/scripts/../scripts/run-simple-scheduled-reports.sh: line 16: node: command not found
Fri Jun 13 12:18:00 CDT 2025: NextJS server is running. Running scheduled reports check...
/Users/sim/Project2/scripts/../scripts/run-scheduled-reports-cron.sh: line 25: node: command not found
Fri Jun 13 12:19:00 CDT 2025: Checking if NextJS server is running...
Fri Jun 13 12:19:00 CDT 2025: Running scheduled reports
/Users/sim/Project2/scripts/../scripts/run-simple-scheduled-reports.sh: line 16: node: command not found
Fri Jun 13 12:19:00 CDT 2025: NextJS server is running. Running scheduled reports check...
/Users/sim/Project2/scripts/../scripts/run-scheduled-reports-cron.sh: line 25: node: command not found
Fri Jun 13 12:20:00 CDT 2025: Running scheduled reports
Fri Jun 13 12:20:00 CDT 2025: Checking if NextJS server is running...
/Users/sim/Project2/scripts/../scripts/run-simple-scheduled-reports.sh: line 16: node: command not found
Fri Jun 13 12:20:00 CDT 2025: NextJS server is running. Running scheduled reports check...
/Users/sim/Project2/scripts/../scripts/run-scheduled-reports-cron.sh: line 25: node: command not found
Fri Jun 13 12:21:00 CDT 2025: Checking if NextJS server is running...
Fri Jun 13 12:21:00 CDT 2025: Running scheduled reports
/Users/sim/Project2/scripts/../scripts/run-simple-scheduled-reports.sh: line 16: node: command not found
Fri Jun 13 12:21:00 CDT 2025: NextJS server is running. Running scheduled reports check...
/Users/sim/Project2/scripts/../scripts/run-scheduled-reports-cron.sh: line 25: node: command not found
Fri Jun 13 12:22:01 CDT 2025: Running scheduled reports
Fri Jun 13 12:22:01 CDT 2025: Checking if NextJS server is running...
/Users/sim/Project2/scripts/../scripts/run-simple-scheduled-reports.sh: line 16: node: command not found
Fri Jun 13 12:22:01 CDT 2025: NextJS server is running. Running scheduled reports check...
/Users/sim/Project2/scripts/../scripts/run-scheduled-reports-cron.sh: line 25: node: command not found
Fri Jun 13 12:23:00 CDT 2025: Running scheduled reports
Fri Jun 13 12:23:00 CDT 2025: Checking if NextJS server is running...
/Users/sim/Project2/scripts/../scripts/run-simple-scheduled-reports.sh: line 16: node: command not found
Fri Jun 13 12:23:00 CDT 2025: NextJS server is running. Running scheduled reports check...
/Users/sim/Project2/scripts/../scripts/run-scheduled-reports-cron.sh: line 25: node: command not found
Fri Jun 13 12:24:00 CDT 2025: Checking if NextJS server is running...
Fri Jun 13 12:24:00 CDT 2025: Running scheduled reports
/Users/sim/Project2/scripts/../scripts/run-simple-scheduled-reports.sh: line 16: node: command not found
Fri Jun 13 12:24:00 CDT 2025: NextJS server is running. Running scheduled reports check...
/Users/sim/Project2/scripts/../scripts/run-scheduled-reports-cron.sh: line 25: node: command not found
Fri Jun 13 12:25:00 CDT 2025: Checking if NextJS server is running...
Fri Jun 13 12:25:00 CDT 2025: Running scheduled reports
/Users/sim/Project2/scripts/../scripts/run-simple-scheduled-reports.sh: line 16: node: command not found
Fri Jun 13 12:25:00 CDT 2025: NextJS server is running. Running scheduled reports check...
/Users/sim/Project2/scripts/../scripts/run-scheduled-reports-cron.sh: line 25: node: command not found
Fri Jun 13 12:26:01 CDT 2025: Checking if NextJS server is running...
Fri Jun 13 12:26:01 CDT 2025: Running scheduled reports
/Users/sim/Project2/scripts/../scripts/run-simple-scheduled-reports.sh: line 16: node: command not found
Fri Jun 13 12:26:01 CDT 2025: NextJS server is running. Running scheduled reports check...
/Users/sim/Project2/scripts/../scripts/run-scheduled-reports-cron.sh: line 25: node: command not found
Fri Jun 13 12:42:00 CDT 2025: Running scheduled reports
Fri Jun 13 12:42:00 CDT 2025: Checking if NextJS server is running...
/Users/sim/Project2/scripts/../scripts/run-simple-scheduled-reports.sh: line 16: node: command not found
Fri Jun 13 12:42:00 CDT 2025: NextJS server is running. Running scheduled reports check...
/Users/sim/Project2/scripts/../scripts/run-scheduled-reports-cron.sh: line 25: node: command not found
Fri Jun 13 12:43:00 CDT 2025: Checking if NextJS server is running...
Fri Jun 13 12:43:00 CDT 2025: Running scheduled reports
/Users/sim/Project2/scripts/../scripts/run-simple-scheduled-reports.sh: line 16: node: command not found
Fri Jun 13 12:43:00 CDT 2025: NextJS server is running. Running scheduled reports check...
/Users/sim/Project2/scripts/../scripts/run-scheduled-reports-cron.sh: line 25: node: command not found
Fri Jun 13 12:59:00 CDT 2025: Running scheduled reports
Fri Jun 13 12:59:00 CDT 2025: Checking if NextJS server is running...
/Users/sim/Project2/scripts/../scripts/run-simple-scheduled-reports.sh: line 16: node: command not found
Fri Jun 13 12:59:00 CDT 2025: NextJS server is running. Running scheduled reports check...
/Users/sim/Project2/scripts/../scripts/run-scheduled-reports-cron.sh: line 25: node: command not found
Fri Jun 13 13:08:47 CDT 2025: Running scheduled reports
Fri Jun 13 13:08:47 CDT 2025: Checking if NextJS server is running...
/Users/sim/Project2/scripts/../scripts/run-simple-scheduled-reports.sh: line 16: node: command not found
Fri Jun 13 13:08:47 CDT 2025: NextJS server is running. Running scheduled reports check...
/Users/sim/Project2/scripts/../scripts/run-scheduled-reports-cron.sh: line 25: node: command not found
Fri Jun 13 13:09:00 CDT 2025: Running scheduled reports
Fri Jun 13 13:09:00 CDT 2025: Checking if NextJS server is running...
/Users/sim/Project2/scripts/../scripts/run-simple-scheduled-reports.sh: line 16: node: command not found
Fri Jun 13 13:09:00 CDT 2025: NextJS server is running. Running scheduled reports check...
/Users/sim/Project2/scripts/../scripts/run-scheduled-reports-cron.sh: line 25: node: command not found
Fri Jun 13 13:23:00 CDT 2025: Checking if NextJS server is running...
Fri Jun 13 13:23:00 CDT 2025: Running scheduled reports
/Users/sim/Project2/scripts/../scripts/run-simple-scheduled-reports.sh: line 16: node: command not found
Fri Jun 13 13:23:00 CDT 2025: NextJS server is running. Running scheduled reports check...
/Users/sim/Project2/scripts/../scripts/run-scheduled-reports-cron.sh: line 25: node: command not found
Fri Jun 13 13:32:59 CDT 2025: Running scheduled reports
Fri Jun 13 13:32:59 CDT 2025: Checking if NextJS server is running...
/Users/sim/Project2/scripts/../scripts/run-simple-scheduled-reports.sh: line 16: node: command not found
Fri Jun 13 13:32:59 CDT 2025: NextJS server is running. Running scheduled reports check...
/Users/sim/Project2/scripts/../scripts/run-scheduled-reports-cron.sh: line 25: node: command not found
Fri Jun 13 13:33:00 CDT 2025: Running scheduled reports
Fri Jun 13 13:33:00 CDT 2025: Checking if NextJS server is running...
/Users/sim/Project2/scripts/../scripts/run-simple-scheduled-reports.sh: line 16: node: command not found
Fri Jun 13 13:33:00 CDT 2025: NextJS server is running. Running scheduled reports check...
/Users/sim/Project2/scripts/../scripts/run-scheduled-reports-cron.sh: line 25: node: command not found
Fri Jun 13 13:42:10 CDT 2025: Checking if NextJS server is running...
Fri Jun 13 13:42:10 CDT 2025: Running scheduled reports
/Users/sim/Project2/scripts/../scripts/run-simple-scheduled-reports.sh: line 16: node: command not found
Fri Jun 13 13:42:10 CDT 2025: NextJS server is running. Running scheduled reports check...
/Users/sim/Project2/scripts/../scripts/run-scheduled-reports-cron.sh: line 25: node: command not found
Fri Jun 13 13:48:19 CDT 2025: Running scheduled reports
Fri Jun 13 13:48:19 CDT 2025: Checking if NextJS server is running...
/Users/sim/Project2/scripts/../scripts/run-simple-scheduled-reports.sh: line 16: node: command not found
Fri Jun 13 13:48:19 CDT 2025: NextJS server is not running. Skipping scheduled reports check.
Fri Jun 13 13:49:00 CDT 2025: Running scheduled reports
Fri Jun 13 13:49:00 CDT 2025: Checking if NextJS server is running...
/Users/sim/Project2/scripts/../scripts/run-simple-scheduled-reports.sh: line 16: node: command not found
Fri Jun 13 13:49:00 CDT 2025: NextJS server is not running. Skipping scheduled reports check.
Fri Jun 13 13:50:00 CDT 2025: Running scheduled reports
Fri Jun 13 13:50:00 CDT 2025: Checking if NextJS server is running...
/Users/sim/Project2/scripts/../scripts/run-simple-scheduled-reports.sh: line 16: node: command not found
Fri Jun 13 13:50:00 CDT 2025: NextJS server is not running. Skipping scheduled reports check.
Fri Jun 13 13:51:00 CDT 2025: Checking if NextJS server is running...
Fri Jun 13 13:51:00 CDT 2025: Running scheduled reports
/Users/sim/Project2/scripts/../scripts/run-simple-scheduled-reports.sh: line 16: node: command not found
Fri Jun 13 13:51:00 CDT 2025: NextJS server is not running. Skipping scheduled reports check.
Fri Jun 13 13:52:00 CDT 2025: Checking if NextJS server is running...
Fri Jun 13 13:52:00 CDT 2025: Running scheduled reports
/Users/sim/Project2/scripts/../scripts/run-simple-scheduled-reports.sh: line 16: node: command not found
Fri Jun 13 13:52:00 CDT 2025: NextJS server is not running. Skipping scheduled reports check.
Fri Jun 13 13:53:01 CDT 2025: Checking if NextJS server is running...
Fri Jun 13 13:53:01 CDT 2025: Running scheduled reports
/Users/sim/Project2/scripts/../scripts/run-simple-scheduled-reports.sh: line 16: node: command not found
Fri Jun 13 13:53:01 CDT 2025: NextJS server is not running. Skipping scheduled reports check.
Fri Jun 13 13:58:05 CDT 2025: Checking if NextJS server is running...
Fri Jun 13 13:58:05 CDT 2025: Running scheduled reports
/Users/sim/Project2/scripts/../scripts/run-simple-scheduled-reports.sh: line 16: node: command not found
Fri Jun 13 13:58:05 CDT 2025: NextJS server is not running. Skipping scheduled reports check.
Fri Jun 13 13:59:00 CDT 2025: Checking if NextJS server is running...
Fri Jun 13 13:59:00 CDT 2025: Running scheduled reports
/Users/sim/Project2/scripts/../scripts/run-simple-scheduled-reports.sh: line 16: node: command not found
Fri Jun 13 13:59:00 CDT 2025: NextJS server is not running. Skipping scheduled reports check.
Fri Jun 13 14:00:00 CDT 2025: Checking if NextJS server is running...
Fri Jun 13 14:00:00 CDT 2025: Running scheduled reports
/Users/sim/Project2/scripts/../scripts/run-simple-scheduled-reports.sh: line 16: node: command not found
Fri Jun 13 14:00:00 CDT 2025: NextJS server is not running. Skipping scheduled reports check.
Fri Jun 13 14:01:00 CDT 2025: Running scheduled reports
Fri Jun 13 14:01:00 CDT 2025: Checking if NextJS server is running...
/Users/sim/Project2/scripts/../scripts/run-simple-scheduled-reports.sh: line 16: node: command not found
Fri Jun 13 14:01:00 CDT 2025: NextJS server is not running. Skipping scheduled reports check.
Fri Jun 13 14:02:00 CDT 2025: Checking if NextJS server is running...
Fri Jun 13 14:02:00 CDT 2025: Running scheduled reports
/Users/sim/Project2/scripts/../scripts/run-simple-scheduled-reports.sh: line 16: node: command not found
Fri Jun 13 14:02:00 CDT 2025: NextJS server is not running. Skipping scheduled reports check.
