Mon Jun  2 01:07:00 CDT 2025: Running scheduled reports
Mon Jun  2 01:07:00 CDT 2025: Checking if NextJS server is running...
/Users/sim/Project2/scripts/../scripts/run-simple-scheduled-reports.sh: line 16: node: command not found
Mon Jun  2 01:07:01 CDT 2025: NextJS server is not running. Skipping scheduled reports check.
Mon Jun  2 01:08:00 CDT 2025: Checking if NextJS server is running...
Mon Jun  2 01:08:00 CDT 2025: Running scheduled reports
/Users/sim/Project2/scripts/../scripts/run-simple-scheduled-reports.sh: line 16: node: command not found
Mon Jun  2 01:08:00 CDT 2025: NextJS server is not running. Skipping scheduled reports check.
Mon Jun  2 01:09:00 CDT 2025: Checking if NextJS server is running...
Mon Jun  2 01:09:00 CDT 2025: Running scheduled reports
/Users/sim/Project2/scripts/../scripts/run-simple-scheduled-reports.sh: line 16: node: command not found
Mon Jun  2 01:09:00 CDT 2025: NextJS server is not running. Skipping scheduled reports check.
Mon Jun  2 01:10:00 CDT 2025: Checking if NextJS server is running...
Mon Jun  2 01:10:00 CDT 2025: Running scheduled reports
/Users/sim/Project2/scripts/../scripts/run-simple-scheduled-reports.sh: line 16: node: command not found
Mon Jun  2 01:10:00 CDT 2025: NextJS server is not running. Skipping scheduled reports check.
Mon Jun  2 01:41:01 CDT 2025: Checking if NextJS server is running...
Mon Jun  2 01:41:01 CDT 2025: Running scheduled reports
/Users/sim/Project2/scripts/../scripts/run-simple-scheduled-reports.sh: line 16: node: command not found
Mon Jun  2 01:41:01 CDT 2025: NextJS server is not running. Skipping scheduled reports check.
Mon Jun  2 02:06:00 CDT 2025: Running scheduled reports
Mon Jun  2 02:06:00 CDT 2025: Checking if NextJS server is running...
/Users/sim/Project2/scripts/../scripts/run-simple-scheduled-reports.sh: line 16: node: command not found
Mon Jun  2 02:06:00 CDT 2025: NextJS server is not running. Skipping scheduled reports check.
Mon Jun  2 02:07:00 CDT 2025: Running scheduled reports
Mon Jun  2 02:07:00 CDT 2025: Checking if NextJS server is running...
/Users/sim/Project2/scripts/../scripts/run-simple-scheduled-reports.sh: line 16: node: command not found
Mon Jun  2 02:07:00 CDT 2025: NextJS server is not running. Skipping scheduled reports check.
Mon Jun  2 02:08:00 CDT 2025: Checking if NextJS server is running...
Mon Jun  2 02:08:00 CDT 2025: Running scheduled reports
/Users/sim/Project2/scripts/../scripts/run-simple-scheduled-reports.sh: line 16: node: command not found
Mon Jun  2 02:08:00 CDT 2025: NextJS server is not running. Skipping scheduled reports check.
Mon Jun  2 02:09:00 CDT 2025: Checking if NextJS server is running...
Mon Jun  2 02:09:00 CDT 2025: Running scheduled reports
/Users/sim/Project2/scripts/../scripts/run-simple-scheduled-reports.sh: line 16: node: command not found
Mon Jun  2 02:09:01 CDT 2025: NextJS server is not running. Skipping scheduled reports check.
Mon Jun  2 02:10:00 CDT 2025: Checking if NextJS server is running...
Mon Jun  2 02:10:00 CDT 2025: Running scheduled reports
/Users/sim/Project2/scripts/../scripts/run-simple-scheduled-reports.sh: line 16: node: command not found
Mon Jun  2 02:10:00 CDT 2025: NextJS server is not running. Skipping scheduled reports check.
Mon Jun  2 02:11:00 CDT 2025: Checking if NextJS server is running...
Mon Jun  2 02:11:00 CDT 2025: Running scheduled reports
/Users/sim/Project2/scripts/../scripts/run-simple-scheduled-reports.sh: line 16: node: command not found
Mon Jun  2 02:11:00 CDT 2025: NextJS server is not running. Skipping scheduled reports check.
Mon Jun  2 02:12:00 CDT 2025: Running scheduled reports
Mon Jun  2 02:12:00 CDT 2025: Checking if NextJS server is running...
/Users/sim/Project2/scripts/../scripts/run-simple-scheduled-reports.sh: line 16: node: command not found
Mon Jun  2 02:12:00 CDT 2025: NextJS server is not running. Skipping scheduled reports check.
Mon Jun  2 02:13:00 CDT 2025: Checking if NextJS server is running...
Mon Jun  2 02:13:00 CDT 2025: Running scheduled reports
/Users/sim/Project2/scripts/../scripts/run-simple-scheduled-reports.sh: line 16: node: command not found
Mon Jun  2 02:13:00 CDT 2025: NextJS server is not running. Skipping scheduled reports check.
Mon Jun  2 02:14:00 CDT 2025: Running scheduled reports
Mon Jun  2 02:14:00 CDT 2025: Checking if NextJS server is running...
/Users/sim/Project2/scripts/../scripts/run-simple-scheduled-reports.sh: line 16: node: command not found
Mon Jun  2 02:14:00 CDT 2025: NextJS server is not running. Skipping scheduled reports check.
Mon Jun  2 02:15:01 CDT 2025: Checking if NextJS server is running...
Mon Jun  2 02:15:01 CDT 2025: Running scheduled reports
/Users/sim/Project2/scripts/../scripts/run-simple-scheduled-reports.sh: line 16: node: command not found
Mon Jun  2 02:15:01 CDT 2025: NextJS server is not running. Skipping scheduled reports check.
Mon Jun  2 02:16:00 CDT 2025: Running scheduled reports
Mon Jun  2 02:16:00 CDT 2025: Checking if NextJS server is running...
/Users/sim/Project2/scripts/../scripts/run-simple-scheduled-reports.sh: line 16: node: command not found
Mon Jun  2 02:16:00 CDT 2025: NextJS server is not running. Skipping scheduled reports check.
Mon Jun  2 02:17:00 CDT 2025: Running scheduled reports
Mon Jun  2 02:17:00 CDT 2025: Checking if NextJS server is running...
/Users/sim/Project2/scripts/../scripts/run-simple-scheduled-reports.sh: line 16: node: command not found
Mon Jun  2 02:17:00 CDT 2025: NextJS server is not running. Skipping scheduled reports check.
Mon Jun  2 02:18:00 CDT 2025: Running scheduled reports
Mon Jun  2 02:18:00 CDT 2025: Checking if NextJS server is running...
/Users/sim/Project2/scripts/../scripts/run-simple-scheduled-reports.sh: line 16: node: command not found
Mon Jun  2 02:18:01 CDT 2025: NextJS server is not running. Skipping scheduled reports check.
Mon Jun  2 02:19:00 CDT 2025: Running scheduled reports
Mon Jun  2 02:19:00 CDT 2025: Checking if NextJS server is running...
/Users/sim/Project2/scripts/../scripts/run-simple-scheduled-reports.sh: line 16: node: command not found
Mon Jun  2 02:19:00 CDT 2025: NextJS server is not running. Skipping scheduled reports check.
Mon Jun  2 02:20:00 CDT 2025: Running scheduled reports
Mon Jun  2 02:20:00 CDT 2025: Checking if NextJS server is running...
/Users/sim/Project2/scripts/../scripts/run-simple-scheduled-reports.sh: line 16: node: command not found
Mon Jun  2 02:20:00 CDT 2025: NextJS server is not running. Skipping scheduled reports check.
Mon Jun  2 02:21:00 CDT 2025: Running scheduled reports
Mon Jun  2 02:21:00 CDT 2025: Checking if NextJS server is running...
/Users/sim/Project2/scripts/../scripts/run-simple-scheduled-reports.sh: line 16: node: command not found
Mon Jun  2 02:21:00 CDT 2025: NextJS server is not running. Skipping scheduled reports check.
Mon Jun  2 02:22:00 CDT 2025: Checking if NextJS server is running...
Mon Jun  2 02:22:00 CDT 2025: Running scheduled reports
/Users/sim/Project2/scripts/../scripts/run-simple-scheduled-reports.sh: line 16: node: command not found
Mon Jun  2 02:22:00 CDT 2025: NextJS server is not running. Skipping scheduled reports check.
Mon Jun  2 02:23:01 CDT 2025: Checking if NextJS server is running...
Mon Jun  2 02:23:01 CDT 2025: Running scheduled reports
/Users/sim/Project2/scripts/../scripts/run-simple-scheduled-reports.sh: line 16: node: command not found
Mon Jun  2 02:23:01 CDT 2025: NextJS server is not running. Skipping scheduled reports check.
Mon Jun  2 02:24:00 CDT 2025: Checking if NextJS server is running...
Mon Jun  2 02:24:00 CDT 2025: Running scheduled reports
/Users/sim/Project2/scripts/../scripts/run-simple-scheduled-reports.sh: line 16: node: command not found
Mon Jun  2 02:24:00 CDT 2025: NextJS server is not running. Skipping scheduled reports check.
Mon Jun  2 03:23:00 CDT 2025: Running scheduled reports
Mon Jun  2 03:23:00 CDT 2025: Checking if NextJS server is running...
/Users/sim/Project2/scripts/../scripts/run-simple-scheduled-reports.sh: line 16: node: command not found
Mon Jun  2 03:23:00 CDT 2025: NextJS server is not running. Skipping scheduled reports check.
Mon Jun  2 03:24:00 CDT 2025: Running scheduled reports
Mon Jun  2 03:24:00 CDT 2025: Checking if NextJS server is running...
/Users/sim/Project2/scripts/../scripts/run-simple-scheduled-reports.sh: line 16: node: command not found
Mon Jun  2 03:24:00 CDT 2025: NextJS server is not running. Skipping scheduled reports check.
Mon Jun  2 03:25:01 CDT 2025: Checking if NextJS server is running...
Mon Jun  2 03:25:01 CDT 2025: Running scheduled reports
/Users/sim/Project2/scripts/../scripts/run-simple-scheduled-reports.sh: line 16: node: command not found
Mon Jun  2 03:25:01 CDT 2025: NextJS server is not running. Skipping scheduled reports check.
Mon Jun  2 03:26:00 CDT 2025: Checking if NextJS server is running...
Mon Jun  2 03:26:00 CDT 2025: Running scheduled reports
/Users/sim/Project2/scripts/../scripts/run-simple-scheduled-reports.sh: line 16: node: command not found
Mon Jun  2 03:26:00 CDT 2025: NextJS server is not running. Skipping scheduled reports check.
Mon Jun  2 03:27:00 CDT 2025: Running scheduled reports
Mon Jun  2 03:27:00 CDT 2025: Checking if NextJS server is running...
/Users/sim/Project2/scripts/../scripts/run-simple-scheduled-reports.sh: line 16: node: command not found
Mon Jun  2 03:27:00 CDT 2025: NextJS server is not running. Skipping scheduled reports check.
Mon Jun  2 03:28:00 CDT 2025: Running scheduled reports
Mon Jun  2 03:28:00 CDT 2025: Checking if NextJS server is running...
/Users/sim/Project2/scripts/../scripts/run-simple-scheduled-reports.sh: line 16: node: command not found
Mon Jun  2 03:28:00 CDT 2025: NextJS server is not running. Skipping scheduled reports check.
Mon Jun  2 03:29:00 CDT 2025: Checking if NextJS server is running...
Mon Jun  2 03:29:00 CDT 2025: Running scheduled reports
/Users/sim/Project2/scripts/../scripts/run-simple-scheduled-reports.sh: line 16: node: command not found
Mon Jun  2 03:29:00 CDT 2025: NextJS server is not running. Skipping scheduled reports check.
Mon Jun  2 03:30:00 CDT 2025: Checking if NextJS server is running...
Mon Jun  2 03:30:00 CDT 2025: Running scheduled reports
/Users/sim/Project2/scripts/../scripts/run-simple-scheduled-reports.sh: line 16: node: command not found
Mon Jun  2 03:30:00 CDT 2025: NextJS server is not running. Skipping scheduled reports check.
Mon Jun  2 03:31:00 CDT 2025: Running scheduled reports
Mon Jun  2 03:31:00 CDT 2025: Checking if NextJS server is running...
/Users/sim/Project2/scripts/../scripts/run-simple-scheduled-reports.sh: line 16: node: command not found
Mon Jun  2 03:31:00 CDT 2025: NextJS server is not running. Skipping scheduled reports check.
Mon Jun  2 03:32:00 CDT 2025: Running scheduled reports
Mon Jun  2 03:32:00 CDT 2025: Checking if NextJS server is running...
/Users/sim/Project2/scripts/../scripts/run-simple-scheduled-reports.sh: line 16: node: command not found
Mon Jun  2 03:32:00 CDT 2025: NextJS server is not running. Skipping scheduled reports check.
Mon Jun  2 03:33:00 CDT 2025: Checking if NextJS server is running...
Mon Jun  2 03:33:00 CDT 2025: Running scheduled reports
/Users/sim/Project2/scripts/../scripts/run-simple-scheduled-reports.sh: line 16: node: command not found
Mon Jun  2 03:33:00 CDT 2025: NextJS server is not running. Skipping scheduled reports check.
Mon Jun  2 03:34:00 CDT 2025: Checking if NextJS server is running...
Mon Jun  2 03:34:00 CDT 2025: Running scheduled reports
/Users/sim/Project2/scripts/../scripts/run-simple-scheduled-reports.sh: line 16: node: command not found
Mon Jun  2 03:34:00 CDT 2025: NextJS server is not running. Skipping scheduled reports check.
Mon Jun  2 03:35:00 CDT 2025: Checking if NextJS server is running...
Mon Jun  2 03:35:00 CDT 2025: Running scheduled reports
/Users/sim/Project2/scripts/../scripts/run-simple-scheduled-reports.sh: line 16: node: command not found
Mon Jun  2 03:35:00 CDT 2025: NextJS server is not running. Skipping scheduled reports check.
Mon Jun  2 03:36:00 CDT 2025: Running scheduled reports
Mon Jun  2 03:36:00 CDT 2025: Checking if NextJS server is running...
/Users/sim/Project2/scripts/../scripts/run-simple-scheduled-reports.sh: line 16: node: command not found
Mon Jun  2 03:36:00 CDT 2025: NextJS server is not running. Skipping scheduled reports check.
Mon Jun  2 03:37:00 CDT 2025: Running scheduled reports
Mon Jun  2 03:37:00 CDT 2025: Checking if NextJS server is running...
/Users/sim/Project2/scripts/../scripts/run-simple-scheduled-reports.sh: line 16: node: command not found
Mon Jun  2 03:37:00 CDT 2025: NextJS server is not running. Skipping scheduled reports check.
Mon Jun  2 03:38:01 CDT 2025: Checking if NextJS server is running...
Mon Jun  2 03:38:01 CDT 2025: Running scheduled reports
/Users/sim/Project2/scripts/../scripts/run-simple-scheduled-reports.sh: line 16: node: command not found
Mon Jun  2 03:38:01 CDT 2025: NextJS server is not running. Skipping scheduled reports check.
Mon Jun  2 03:39:00 CDT 2025: Checking if NextJS server is running...
Mon Jun  2 03:39:00 CDT 2025: Running scheduled reports
/Users/sim/Project2/scripts/../scripts/run-simple-scheduled-reports.sh: line 16: node: command not found
Mon Jun  2 03:39:00 CDT 2025: NextJS server is not running. Skipping scheduled reports check.
Mon Jun  2 03:40:00 CDT 2025: Checking if NextJS server is running...
Mon Jun  2 03:40:00 CDT 2025: Running scheduled reports
/Users/sim/Project2/scripts/../scripts/run-simple-scheduled-reports.sh: line 16: node: command not found
Mon Jun  2 03:40:00 CDT 2025: NextJS server is not running. Skipping scheduled reports check.
Mon Jun  2 03:41:00 CDT 2025: Checking if NextJS server is running...
Mon Jun  2 03:41:00 CDT 2025: Running scheduled reports
/Users/sim/Project2/scripts/../scripts/run-simple-scheduled-reports.sh: line 16: node: command not found
Mon Jun  2 03:41:00 CDT 2025: NextJS server is not running. Skipping scheduled reports check.
Mon Jun  2 03:42:00 CDT 2025: Checking if NextJS server is running...
Mon Jun  2 03:42:00 CDT 2025: Running scheduled reports
/Users/sim/Project2/scripts/../scripts/run-simple-scheduled-reports.sh: line 16: node: command not found
Mon Jun  2 03:42:00 CDT 2025: NextJS server is not running. Skipping scheduled reports check.
Mon Jun  2 03:43:01 CDT 2025: Running scheduled reports
Mon Jun  2 03:43:01 CDT 2025: Checking if NextJS server is running...
/Users/sim/Project2/scripts/../scripts/run-simple-scheduled-reports.sh: line 16: node: command not found
Mon Jun  2 03:43:01 CDT 2025: NextJS server is not running. Skipping scheduled reports check.
Mon Jun  2 03:44:00 CDT 2025: Running scheduled reports
Mon Jun  2 03:44:00 CDT 2025: Checking if NextJS server is running...
/Users/sim/Project2/scripts/../scripts/run-simple-scheduled-reports.sh: line 16: node: command not found
Mon Jun  2 03:44:00 CDT 2025: NextJS server is not running. Skipping scheduled reports check.
Mon Jun  2 03:45:00 CDT 2025: Checking if NextJS server is running...
Mon Jun  2 03:45:00 CDT 2025: Running scheduled reports
/Users/sim/Project2/scripts/../scripts/run-simple-scheduled-reports.sh: line 16: node: command not found
Mon Jun  2 03:45:00 CDT 2025: NextJS server is not running. Skipping scheduled reports check.
Mon Jun  2 03:46:00 CDT 2025: Checking if NextJS server is running...
Mon Jun  2 03:46:00 CDT 2025: Running scheduled reports
/Users/sim/Project2/scripts/../scripts/run-simple-scheduled-reports.sh: line 16: node: command not found
Mon Jun  2 03:46:00 CDT 2025: NextJS server is not running. Skipping scheduled reports check.
Mon Jun  2 03:47:00 CDT 2025: Checking if NextJS server is running...
Mon Jun  2 03:47:00 CDT 2025: Running scheduled reports
/Users/sim/Project2/scripts/../scripts/run-simple-scheduled-reports.sh: line 16: node: command not found
Mon Jun  2 03:47:00 CDT 2025: NextJS server is not running. Skipping scheduled reports check.
Mon Jun  2 03:48:00 CDT 2025: Checking if NextJS server is running...
Mon Jun  2 03:48:00 CDT 2025: Running scheduled reports
/Users/sim/Project2/scripts/../scripts/run-simple-scheduled-reports.sh: line 16: node: command not found
Mon Jun  2 03:48:00 CDT 2025: NextJS server is not running. Skipping scheduled reports check.
Mon Jun  2 03:49:01 CDT 2025: Running scheduled reports
Mon Jun  2 03:49:01 CDT 2025: Checking if NextJS server is running...
/Users/sim/Project2/scripts/../scripts/run-simple-scheduled-reports.sh: line 16: node: command not found
Mon Jun  2 03:49:01 CDT 2025: NextJS server is not running. Skipping scheduled reports check.
Mon Jun  2 03:50:00 CDT 2025: Running scheduled reports
Mon Jun  2 03:50:00 CDT 2025: Checking if NextJS server is running...
/Users/sim/Project2/scripts/../scripts/run-simple-scheduled-reports.sh: line 16: node: command not found
Mon Jun  2 03:50:00 CDT 2025: NextJS server is not running. Skipping scheduled reports check.
Mon Jun  2 03:51:00 CDT 2025: Running scheduled reports
Mon Jun  2 03:51:00 CDT 2025: Checking if NextJS server is running...
/Users/sim/Project2/scripts/../scripts/run-simple-scheduled-reports.sh: line 16: node: command not found
Mon Jun  2 03:51:00 CDT 2025: NextJS server is not running. Skipping scheduled reports check.
Mon Jun  2 03:52:00 CDT 2025: Checking if NextJS server is running...
Mon Jun  2 03:52:00 CDT 2025: Running scheduled reports
/Users/sim/Project2/scripts/../scripts/run-simple-scheduled-reports.sh: line 16: node: command not found
Mon Jun  2 03:52:00 CDT 2025: NextJS server is not running. Skipping scheduled reports check.
Mon Jun  2 03:53:00 CDT 2025: Running scheduled reports
Mon Jun  2 03:53:00 CDT 2025: Checking if NextJS server is running...
/Users/sim/Project2/scripts/../scripts/run-simple-scheduled-reports.sh: line 16: node: command not found
Mon Jun  2 03:53:00 CDT 2025: NextJS server is not running. Skipping scheduled reports check.
Mon Jun  2 03:54:00 CDT 2025: Checking if NextJS server is running...
Mon Jun  2 03:54:00 CDT 2025: Running scheduled reports
/Users/sim/Project2/scripts/../scripts/run-simple-scheduled-reports.sh: line 16: node: command not found
Mon Jun  2 03:54:00 CDT 2025: NextJS server is not running. Skipping scheduled reports check.
Mon Jun  2 03:55:01 CDT 2025: Checking if NextJS server is running...
Mon Jun  2 03:55:01 CDT 2025: Running scheduled reports
/Users/sim/Project2/scripts/../scripts/run-simple-scheduled-reports.sh: line 16: node: command not found
Mon Jun  2 03:55:01 CDT 2025: NextJS server is not running. Skipping scheduled reports check.
Mon Jun  2 03:56:00 CDT 2025: Checking if NextJS server is running...
Mon Jun  2 03:56:00 CDT 2025: Running scheduled reports
/Users/sim/Project2/scripts/../scripts/run-simple-scheduled-reports.sh: line 16: node: command not found
Mon Jun  2 03:56:00 CDT 2025: NextJS server is not running. Skipping scheduled reports check.
Mon Jun  2 03:57:00 CDT 2025: Checking if NextJS server is running...
Mon Jun  2 03:57:00 CDT 2025: Running scheduled reports
/Users/sim/Project2/scripts/../scripts/run-simple-scheduled-reports.sh: line 16: node: command not found
Mon Jun  2 03:57:00 CDT 2025: NextJS server is not running. Skipping scheduled reports check.
Mon Jun  2 03:58:00 CDT 2025: Running scheduled reports
Mon Jun  2 03:58:00 CDT 2025: Checking if NextJS server is running...
/Users/sim/Project2/scripts/../scripts/run-simple-scheduled-reports.sh: line 16: node: command not found
Mon Jun  2 03:58:00 CDT 2025: NextJS server is not running. Skipping scheduled reports check.
Mon Jun  2 03:59:00 CDT 2025: Checking if NextJS server is running...
Mon Jun  2 03:59:00 CDT 2025: Running scheduled reports
/Users/sim/Project2/scripts/../scripts/run-simple-scheduled-reports.sh: line 16: node: command not found
Mon Jun  2 03:59:00 CDT 2025: NextJS server is not running. Skipping scheduled reports check.
Mon Jun  2 04:00:00 CDT 2025: Running scheduled reports
Mon Jun  2 04:00:00 CDT 2025: Checking if NextJS server is running...
/Users/sim/Project2/scripts/../scripts/run-simple-scheduled-reports.sh: line 16: node: command not found
Mon Jun  2 04:00:01 CDT 2025: NextJS server is not running. Skipping scheduled reports check.
Mon Jun  2 04:01:00 CDT 2025: Checking if NextJS server is running...
Mon Jun  2 04:01:00 CDT 2025: Running scheduled reports
/Users/sim/Project2/scripts/../scripts/run-simple-scheduled-reports.sh: line 16: node: command not found
Mon Jun  2 04:01:00 CDT 2025: NextJS server is not running. Skipping scheduled reports check.
Mon Jun  2 04:02:00 CDT 2025: Running scheduled reports
Mon Jun  2 04:02:00 CDT 2025: Checking if NextJS server is running...
/Users/sim/Project2/scripts/../scripts/run-simple-scheduled-reports.sh: line 16: node: command not found
Mon Jun  2 04:02:00 CDT 2025: NextJS server is not running. Skipping scheduled reports check.
Mon Jun  2 04:03:00 CDT 2025: Running scheduled reports
Mon Jun  2 04:03:00 CDT 2025: Checking if NextJS server is running...
/Users/sim/Project2/scripts/../scripts/run-simple-scheduled-reports.sh: line 16: node: command not found
Mon Jun  2 04:03:00 CDT 2025: NextJS server is not running. Skipping scheduled reports check.
Mon Jun  2 04:04:00 CDT 2025: Checking if NextJS server is running...
Mon Jun  2 04:04:00 CDT 2025: Running scheduled reports
/Users/sim/Project2/scripts/../scripts/run-simple-scheduled-reports.sh: line 16: node: command not found
Mon Jun  2 04:04:00 CDT 2025: NextJS server is not running. Skipping scheduled reports check.
Mon Jun  2 04:05:01 CDT 2025: Running scheduled reports
Mon Jun  2 04:05:01 CDT 2025: Checking if NextJS server is running...
/Users/sim/Project2/scripts/../scripts/run-simple-scheduled-reports.sh: line 16: node: command not found
Mon Jun  2 04:05:01 CDT 2025: NextJS server is not running. Skipping scheduled reports check.
Mon Jun  2 04:06:00 CDT 2025: Running scheduled reports
Mon Jun  2 04:06:00 CDT 2025: Checking if NextJS server is running...
/Users/sim/Project2/scripts/../scripts/run-simple-scheduled-reports.sh: line 16: node: command not found
Mon Jun  2 04:06:00 CDT 2025: NextJS server is not running. Skipping scheduled reports check.
Mon Jun  2 04:07:00 CDT 2025: Checking if NextJS server is running...
Mon Jun  2 04:07:00 CDT 2025: Running scheduled reports
/Users/sim/Project2/scripts/../scripts/run-simple-scheduled-reports.sh: line 16: node: command not found
Mon Jun  2 04:07:00 CDT 2025: NextJS server is not running. Skipping scheduled reports check.
Mon Jun  2 04:08:00 CDT 2025: Running scheduled reports
Mon Jun  2 04:08:00 CDT 2025: Checking if NextJS server is running...
/Users/sim/Project2/scripts/../scripts/run-simple-scheduled-reports.sh: line 16: node: command not found
Mon Jun  2 04:08:00 CDT 2025: NextJS server is not running. Skipping scheduled reports check.
Mon Jun  2 04:09:00 CDT 2025: Checking if NextJS server is running...
Mon Jun  2 04:09:00 CDT 2025: Running scheduled reports
/Users/sim/Project2/scripts/../scripts/run-simple-scheduled-reports.sh: line 16: node: command not found
Mon Jun  2 04:09:01 CDT 2025: NextJS server is not running. Skipping scheduled reports check.
Mon Jun  2 04:10:00 CDT 2025: Checking if NextJS server is running...
Mon Jun  2 04:10:00 CDT 2025: Running scheduled reports
/Users/sim/Project2/scripts/../scripts/run-simple-scheduled-reports.sh: line 16: node: command not found
Mon Jun  2 04:10:00 CDT 2025: NextJS server is not running. Skipping scheduled reports check.
Mon Jun  2 04:11:00 CDT 2025: Checking if NextJS server is running...
Mon Jun  2 04:11:00 CDT 2025: Running scheduled reports
/Users/sim/Project2/scripts/../scripts/run-simple-scheduled-reports.sh: line 16: node: command not found
Mon Jun  2 04:11:00 CDT 2025: NextJS server is not running. Skipping scheduled reports check.
Mon Jun  2 04:12:00 CDT 2025: Checking if NextJS server is running...
Mon Jun  2 04:12:00 CDT 2025: Running scheduled reports
/Users/sim/Project2/scripts/../scripts/run-simple-scheduled-reports.sh: line 16: node: command not found
Mon Jun  2 04:12:00 CDT 2025: NextJS server is not running. Skipping scheduled reports check.
Mon Jun  2 04:13:00 CDT 2025: Checking if NextJS server is running...
Mon Jun  2 04:13:00 CDT 2025: Running scheduled reports
/Users/sim/Project2/scripts/../scripts/run-simple-scheduled-reports.sh: line 16: node: command not found
Mon Jun  2 04:13:00 CDT 2025: NextJS server is not running. Skipping scheduled reports check.
Mon Jun  2 04:14:00 CDT 2025: Running scheduled reports
Mon Jun  2 04:14:00 CDT 2025: Checking if NextJS server is running...
/Users/sim/Project2/scripts/../scripts/run-simple-scheduled-reports.sh: line 16: node: command not found
Mon Jun  2 04:14:00 CDT 2025: NextJS server is not running. Skipping scheduled reports check.
Mon Jun  2 04:15:01 CDT 2025: Checking if NextJS server is running...
Mon Jun  2 04:15:01 CDT 2025: Running scheduled reports
/Users/sim/Project2/scripts/../scripts/run-simple-scheduled-reports.sh: line 16: node: command not found
Mon Jun  2 04:15:01 CDT 2025: NextJS server is not running. Skipping scheduled reports check.
Mon Jun  2 04:16:00 CDT 2025: Running scheduled reports
Mon Jun  2 04:16:00 CDT 2025: Checking if NextJS server is running...
/Users/sim/Project2/scripts/../scripts/run-simple-scheduled-reports.sh: line 16: node: command not found
Mon Jun  2 04:16:00 CDT 2025: NextJS server is not running. Skipping scheduled reports check.
Mon Jun  2 04:17:00 CDT 2025: Running scheduled reports
Mon Jun  2 04:17:00 CDT 2025: Checking if NextJS server is running...
/Users/sim/Project2/scripts/../scripts/run-simple-scheduled-reports.sh: line 16: node: command not found
Mon Jun  2 04:17:00 CDT 2025: NextJS server is not running. Skipping scheduled reports check.
Mon Jun  2 04:18:00 CDT 2025: Checking if NextJS server is running...
Mon Jun  2 04:18:00 CDT 2025: Running scheduled reports
/Users/sim/Project2/scripts/../scripts/run-simple-scheduled-reports.sh: line 16: node: command not found
Mon Jun  2 04:18:00 CDT 2025: NextJS server is not running. Skipping scheduled reports check.
Mon Jun  2 04:19:00 CDT 2025: Checking if NextJS server is running...
Mon Jun  2 04:19:00 CDT 2025: Running scheduled reports
/Users/sim/Project2/scripts/../scripts/run-simple-scheduled-reports.sh: line 16: node: command not found
Mon Jun  2 04:19:00 CDT 2025: NextJS server is not running. Skipping scheduled reports check.
Mon Jun  2 04:20:00 CDT 2025: Checking if NextJS server is running...
Mon Jun  2 04:20:00 CDT 2025: Running scheduled reports
/Users/sim/Project2/scripts/../scripts/run-simple-scheduled-reports.sh: line 16: node: command not found
Mon Jun  2 04:20:00 CDT 2025: NextJS server is not running. Skipping scheduled reports check.
Mon Jun  2 04:21:01 CDT 2025: Running scheduled reports
Mon Jun  2 04:21:01 CDT 2025: Checking if NextJS server is running...
/Users/sim/Project2/scripts/../scripts/run-simple-scheduled-reports.sh: line 16: node: command not found
Mon Jun  2 04:21:01 CDT 2025: NextJS server is not running. Skipping scheduled reports check.
Mon Jun  2 04:22:00 CDT 2025: Running scheduled reports
Mon Jun  2 04:22:00 CDT 2025: Checking if NextJS server is running...
/Users/sim/Project2/scripts/../scripts/run-simple-scheduled-reports.sh: line 16: node: command not found
Mon Jun  2 04:22:00 CDT 2025: NextJS server is not running. Skipping scheduled reports check.
Mon Jun  2 04:23:00 CDT 2025: Checking if NextJS server is running...
Mon Jun  2 04:23:00 CDT 2025: Running scheduled reports
/Users/sim/Project2/scripts/../scripts/run-simple-scheduled-reports.sh: line 16: node: command not found
Mon Jun  2 04:23:00 CDT 2025: NextJS server is not running. Skipping scheduled reports check.
Mon Jun  2 04:24:00 CDT 2025: Checking if NextJS server is running...
Mon Jun  2 04:24:00 CDT 2025: Running scheduled reports
/Users/sim/Project2/scripts/../scripts/run-simple-scheduled-reports.sh: line 16: node: command not found
Mon Jun  2 04:24:00 CDT 2025: NextJS server is not running. Skipping scheduled reports check.
Mon Jun  2 04:25:00 CDT 2025: Running scheduled reports
Mon Jun  2 04:25:00 CDT 2025: Checking if NextJS server is running...
/Users/sim/Project2/scripts/../scripts/run-simple-scheduled-reports.sh: line 16: node: command not found
Mon Jun  2 04:25:00 CDT 2025: NextJS server is not running. Skipping scheduled reports check.
Mon Jun  2 04:26:00 CDT 2025: Running scheduled reports
Mon Jun  2 04:26:00 CDT 2025: Checking if NextJS server is running...
/Users/sim/Project2/scripts/../scripts/run-simple-scheduled-reports.sh: line 16: node: command not found
Mon Jun  2 04:26:00 CDT 2025: NextJS server is not running. Skipping scheduled reports check.
Mon Jun  2 04:27:00 CDT 2025: Checking if NextJS server is running...
Mon Jun  2 04:27:00 CDT 2025: Running scheduled reports
/Users/sim/Project2/scripts/../scripts/run-simple-scheduled-reports.sh: line 16: node: command not found
Mon Jun  2 04:27:01 CDT 2025: NextJS server is not running. Skipping scheduled reports check.
Mon Jun  2 04:28:00 CDT 2025: Running scheduled reports
Mon Jun  2 04:28:00 CDT 2025: Checking if NextJS server is running...
/Users/sim/Project2/scripts/../scripts/run-simple-scheduled-reports.sh: line 16: node: command not found
Mon Jun  2 04:28:00 CDT 2025: NextJS server is not running. Skipping scheduled reports check.
Mon Jun  2 04:29:00 CDT 2025: Running scheduled reports
Mon Jun  2 04:29:00 CDT 2025: Checking if NextJS server is running...
/Users/sim/Project2/scripts/../scripts/run-simple-scheduled-reports.sh: line 16: node: command not found
Mon Jun  2 04:29:00 CDT 2025: NextJS server is not running. Skipping scheduled reports check.
Mon Jun  2 04:30:00 CDT 2025: Running scheduled reports
Mon Jun  2 04:30:00 CDT 2025: Checking if NextJS server is running...
/Users/sim/Project2/scripts/../scripts/run-simple-scheduled-reports.sh: line 16: node: command not found
Mon Jun  2 04:30:00 CDT 2025: NextJS server is not running. Skipping scheduled reports check.
Mon Jun  2 04:31:00 CDT 2025: Running scheduled reports
Mon Jun  2 04:31:00 CDT 2025: Checking if NextJS server is running...
/Users/sim/Project2/scripts/../scripts/run-simple-scheduled-reports.sh: line 16: node: command not found
Mon Jun  2 04:31:00 CDT 2025: NextJS server is not running. Skipping scheduled reports check.
Mon Jun  2 04:32:00 CDT 2025: Running scheduled reports
/Users/sim/Project2/scripts/../scripts/run-simple-scheduled-reports.sh: line 16: node: command not found
Mon Jun  2 04:32:01 CDT 2025: Checking if NextJS server is running...
Mon Jun  2 04:32:01 CDT 2025: NextJS server is not running. Skipping scheduled reports check.
Mon Jun  2 04:33:00 CDT 2025: Checking if NextJS server is running...
Mon Jun  2 04:33:00 CDT 2025: Running scheduled reports
/Users/sim/Project2/scripts/../scripts/run-simple-scheduled-reports.sh: line 16: node: command not found
Mon Jun  2 04:33:00 CDT 2025: NextJS server is not running. Skipping scheduled reports check.
Mon Jun  2 04:34:00 CDT 2025: Checking if NextJS server is running...
Mon Jun  2 04:34:00 CDT 2025: Running scheduled reports
/Users/sim/Project2/scripts/../scripts/run-simple-scheduled-reports.sh: line 16: node: command not found
Mon Jun  2 04:34:00 CDT 2025: NextJS server is not running. Skipping scheduled reports check.
Mon Jun  2 04:35:00 CDT 2025: Running scheduled reports
Mon Jun  2 04:35:00 CDT 2025: Checking if NextJS server is running...
/Users/sim/Project2/scripts/../scripts/run-simple-scheduled-reports.sh: line 16: node: command not found
Mon Jun  2 04:35:00 CDT 2025: NextJS server is not running. Skipping scheduled reports check.
Mon Jun  2 04:36:00 CDT 2025: Checking if NextJS server is running...
Mon Jun  2 04:36:00 CDT 2025: Running scheduled reports
/Users/sim/Project2/scripts/../scripts/run-simple-scheduled-reports.sh: line 16: node: command not found
Mon Jun  2 04:36:00 CDT 2025: NextJS server is not running. Skipping scheduled reports check.
Mon Jun  2 04:37:00 CDT 2025: Running scheduled reports
Mon Jun  2 04:37:00 CDT 2025: Checking if NextJS server is running...
/Users/sim/Project2/scripts/../scripts/run-simple-scheduled-reports.sh: line 16: node: command not found
Mon Jun  2 04:37:00 CDT 2025: NextJS server is not running. Skipping scheduled reports check.
Mon Jun  2 04:38:01 CDT 2025: Running scheduled reports
Mon Jun  2 04:38:01 CDT 2025: Checking if NextJS server is running...
/Users/sim/Project2/scripts/../scripts/run-simple-scheduled-reports.sh: line 16: node: command not found
Mon Jun  2 04:38:01 CDT 2025: NextJS server is not running. Skipping scheduled reports check.
Mon Jun  2 04:39:00 CDT 2025: Running scheduled reports
Mon Jun  2 04:39:00 CDT 2025: Checking if NextJS server is running...
/Users/sim/Project2/scripts/../scripts/run-simple-scheduled-reports.sh: line 16: node: command not found
Mon Jun  2 04:39:00 CDT 2025: NextJS server is not running. Skipping scheduled reports check.
Mon Jun  2 04:40:00 CDT 2025: Running scheduled reports
Mon Jun  2 04:40:00 CDT 2025: Checking if NextJS server is running...
/Users/sim/Project2/scripts/../scripts/run-simple-scheduled-reports.sh: line 16: node: command not found
Mon Jun  2 04:40:00 CDT 2025: NextJS server is not running. Skipping scheduled reports check.
Mon Jun  2 04:41:00 CDT 2025: Running scheduled reports
Mon Jun  2 04:41:00 CDT 2025: Checking if NextJS server is running...
/Users/sim/Project2/scripts/../scripts/run-simple-scheduled-reports.sh: line 16: node: command not found
Mon Jun  2 04:41:00 CDT 2025: NextJS server is not running. Skipping scheduled reports check.
Mon Jun  2 04:42:00 CDT 2025: Checking if NextJS server is running...
Mon Jun  2 04:42:00 CDT 2025: Running scheduled reports
/Users/sim/Project2/scripts/../scripts/run-simple-scheduled-reports.sh: line 16: node: command not found
Mon Jun  2 04:42:00 CDT 2025: NextJS server is not running. Skipping scheduled reports check.
Mon Jun  2 04:43:00 CDT 2025: Running scheduled reports
Mon Jun  2 04:43:00 CDT 2025: Checking if NextJS server is running...
/Users/sim/Project2/scripts/../scripts/run-simple-scheduled-reports.sh: line 16: node: command not found
Mon Jun  2 04:43:00 CDT 2025: NextJS server is not running. Skipping scheduled reports check.
Mon Jun  2 04:44:01 CDT 2025: Checking if NextJS server is running...
Mon Jun  2 04:44:01 CDT 2025: Running scheduled reports
/Users/sim/Project2/scripts/../scripts/run-simple-scheduled-reports.sh: line 16: node: command not found
Mon Jun  2 04:44:01 CDT 2025: NextJS server is not running. Skipping scheduled reports check.
Mon Jun  2 04:45:00 CDT 2025: Checking if NextJS server is running...
Mon Jun  2 04:45:00 CDT 2025: Running scheduled reports
/Users/sim/Project2/scripts/../scripts/run-simple-scheduled-reports.sh: line 16: node: command not found
Mon Jun  2 04:45:00 CDT 2025: NextJS server is not running. Skipping scheduled reports check.
Mon Jun  2 04:46:00 CDT 2025: Checking if NextJS server is running...
Mon Jun  2 04:46:00 CDT 2025: Running scheduled reports
/Users/sim/Project2/scripts/../scripts/run-simple-scheduled-reports.sh: line 16: node: command not found
Mon Jun  2 04:46:00 CDT 2025: NextJS server is not running. Skipping scheduled reports check.
Mon Jun  2 04:47:00 CDT 2025: Running scheduled reports
Mon Jun  2 04:47:00 CDT 2025: Checking if NextJS server is running...
/Users/sim/Project2/scripts/../scripts/run-simple-scheduled-reports.sh: line 16: node: command not found
Mon Jun  2 04:47:00 CDT 2025: NextJS server is not running. Skipping scheduled reports check.
Mon Jun  2 04:48:00 CDT 2025: Running scheduled reports
Mon Jun  2 04:48:00 CDT 2025: Checking if NextJS server is running...
/Users/sim/Project2/scripts/../scripts/run-simple-scheduled-reports.sh: line 16: node: command not found
Mon Jun  2 04:48:00 CDT 2025: NextJS server is not running. Skipping scheduled reports check.
Mon Jun  2 04:49:00 CDT 2025: Checking if NextJS server is running...
Mon Jun  2 04:49:00 CDT 2025: Running scheduled reports
/Users/sim/Project2/scripts/../scripts/run-simple-scheduled-reports.sh: line 16: node: command not found
Mon Jun  2 04:49:00 CDT 2025: NextJS server is not running. Skipping scheduled reports check.
Mon Jun  2 04:50:01 CDT 2025: Checking if NextJS server is running...
Mon Jun  2 04:50:01 CDT 2025: Running scheduled reports
/Users/sim/Project2/scripts/../scripts/run-simple-scheduled-reports.sh: line 16: node: command not found
Mon Jun  2 04:50:01 CDT 2025: NextJS server is not running. Skipping scheduled reports check.
Mon Jun  2 04:51:00 CDT 2025: Running scheduled reports
Mon Jun  2 04:51:00 CDT 2025: Checking if NextJS server is running...
/Users/sim/Project2/scripts/../scripts/run-simple-scheduled-reports.sh: line 16: node: command not found
Mon Jun  2 04:51:00 CDT 2025: NextJS server is not running. Skipping scheduled reports check.
Mon Jun  2 04:52:00 CDT 2025: Running scheduled reports
Mon Jun  2 04:52:00 CDT 2025: Checking if NextJS server is running...
/Users/sim/Project2/scripts/../scripts/run-simple-scheduled-reports.sh: line 16: node: command not found
Mon Jun  2 04:52:00 CDT 2025: NextJS server is not running. Skipping scheduled reports check.
Mon Jun  2 04:53:00 CDT 2025: Checking if NextJS server is running...
Mon Jun  2 04:53:00 CDT 2025: Running scheduled reports
/Users/sim/Project2/scripts/../scripts/run-simple-scheduled-reports.sh: line 16: node: command not found
Mon Jun  2 04:53:00 CDT 2025: NextJS server is not running. Skipping scheduled reports check.
Mon Jun  2 04:54:00 CDT 2025: Checking if NextJS server is running...
Mon Jun  2 04:54:00 CDT 2025: Running scheduled reports
/Users/sim/Project2/scripts/../scripts/run-simple-scheduled-reports.sh: line 16: node: command not found
Mon Jun  2 04:54:01 CDT 2025: NextJS server is not running. Skipping scheduled reports check.
Mon Jun  2 04:55:00 CDT 2025: Running scheduled reports
Mon Jun  2 04:55:00 CDT 2025: Checking if NextJS server is running...
/Users/sim/Project2/scripts/../scripts/run-simple-scheduled-reports.sh: line 16: node: command not found
Mon Jun  2 04:55:00 CDT 2025: NextJS server is not running. Skipping scheduled reports check.
Mon Jun  2 04:56:00 CDT 2025: Checking if NextJS server is running...
Mon Jun  2 04:56:00 CDT 2025: Running scheduled reports
/Users/sim/Project2/scripts/../scripts/run-simple-scheduled-reports.sh: line 16: node: command not found
Mon Jun  2 04:56:00 CDT 2025: NextJS server is not running. Skipping scheduled reports check.
Mon Jun  2 04:57:00 CDT 2025: Running scheduled reports
Mon Jun  2 04:57:00 CDT 2025: Checking if NextJS server is running...
/Users/sim/Project2/scripts/../scripts/run-simple-scheduled-reports.sh: line 16: node: command not found
Mon Jun  2 04:57:00 CDT 2025: NextJS server is not running. Skipping scheduled reports check.
Mon Jun  2 04:58:00 CDT 2025: Checking if NextJS server is running...
Mon Jun  2 04:58:00 CDT 2025: Running scheduled reports
/Users/sim/Project2/scripts/../scripts/run-simple-scheduled-reports.sh: line 16: node: command not found
Mon Jun  2 04:58:00 CDT 2025: NextJS server is not running. Skipping scheduled reports check.
Mon Jun  2 04:59:01 CDT 2025: Running scheduled reports
Mon Jun  2 04:59:01 CDT 2025: Checking if NextJS server is running...
/Users/sim/Project2/scripts/../scripts/run-simple-scheduled-reports.sh: line 16: node: command not found
Mon Jun  2 04:59:01 CDT 2025: NextJS server is not running. Skipping scheduled reports check.
Mon Jun  2 05:00:00 CDT 2025: Checking if NextJS server is running...
Mon Jun  2 05:00:00 CDT 2025: Running scheduled reports
/Users/sim/Project2/scripts/../scripts/run-simple-scheduled-reports.sh: line 16: node: command not found
Mon Jun  2 05:00:00 CDT 2025: NextJS server is not running. Skipping scheduled reports check.
Mon Jun  2 05:01:00 CDT 2025: Running scheduled reports
Mon Jun  2 05:01:00 CDT 2025: Checking if NextJS server is running...
/Users/sim/Project2/scripts/../scripts/run-simple-scheduled-reports.sh: line 16: node: command not found
Mon Jun  2 05:01:00 CDT 2025: NextJS server is not running. Skipping scheduled reports check.
Mon Jun  2 05:02:00 CDT 2025: Checking if NextJS server is running...
Mon Jun  2 05:02:00 CDT 2025: Running scheduled reports
/Users/sim/Project2/scripts/../scripts/run-simple-scheduled-reports.sh: line 16: node: command not found
Mon Jun  2 05:02:00 CDT 2025: NextJS server is not running. Skipping scheduled reports check.
Mon Jun  2 05:03:01 CDT 2025: Running scheduled reports
Mon Jun  2 05:03:01 CDT 2025: Checking if NextJS server is running...
/Users/sim/Project2/scripts/../scripts/run-simple-scheduled-reports.sh: line 16: node: command not found
Mon Jun  2 05:03:01 CDT 2025: NextJS server is not running. Skipping scheduled reports check.
Mon Jun  2 05:04:00 CDT 2025: Checking if NextJS server is running...
Mon Jun  2 05:04:00 CDT 2025: Running scheduled reports
/Users/sim/Project2/scripts/../scripts/run-simple-scheduled-reports.sh: line 16: node: command not found
Mon Jun  2 05:04:00 CDT 2025: NextJS server is not running. Skipping scheduled reports check.
Mon Jun  2 05:05:00 CDT 2025: Running scheduled reports
Mon Jun  2 05:05:00 CDT 2025: Checking if NextJS server is running...
/Users/sim/Project2/scripts/../scripts/run-simple-scheduled-reports.sh: line 16: node: command not found
Mon Jun  2 05:05:00 CDT 2025: NextJS server is not running. Skipping scheduled reports check.
Mon Jun  2 05:06:00 CDT 2025: Running scheduled reports
Mon Jun  2 05:06:00 CDT 2025: Checking if NextJS server is running...
/Users/sim/Project2/scripts/../scripts/run-simple-scheduled-reports.sh: line 16: node: command not found
Mon Jun  2 05:06:00 CDT 2025: NextJS server is not running. Skipping scheduled reports check.
Mon Jun  2 05:07:00 CDT 2025: Running scheduled reports
Mon Jun  2 05:07:00 CDT 2025: Checking if NextJS server is running...
/Users/sim/Project2/scripts/../scripts/run-simple-scheduled-reports.sh: line 16: node: command not found
Mon Jun  2 05:07:00 CDT 2025: NextJS server is not running. Skipping scheduled reports check.
Mon Jun  2 05:08:00 CDT 2025: Checking if NextJS server is running...
Mon Jun  2 05:08:00 CDT 2025: Running scheduled reports
/Users/sim/Project2/scripts/../scripts/run-simple-scheduled-reports.sh: line 16: node: command not found
Mon Jun  2 05:08:01 CDT 2025: NextJS server is not running. Skipping scheduled reports check.
Mon Jun  2 05:09:00 CDT 2025: Running scheduled reports
Mon Jun  2 05:09:00 CDT 2025: Checking if NextJS server is running...
/Users/sim/Project2/scripts/../scripts/run-simple-scheduled-reports.sh: line 16: node: command not found
Mon Jun  2 05:09:00 CDT 2025: NextJS server is not running. Skipping scheduled reports check.
Mon Jun  2 05:10:00 CDT 2025: Running scheduled reports
Mon Jun  2 05:10:00 CDT 2025: Checking if NextJS server is running...
/Users/sim/Project2/scripts/../scripts/run-simple-scheduled-reports.sh: line 16: node: command not found
Mon Jun  2 05:10:00 CDT 2025: NextJS server is not running. Skipping scheduled reports check.
Mon Jun  2 05:11:00 CDT 2025: Checking if NextJS server is running...
Mon Jun  2 05:11:00 CDT 2025: Running scheduled reports
/Users/sim/Project2/scripts/../scripts/run-simple-scheduled-reports.sh: line 16: node: command not found
Mon Jun  2 05:11:00 CDT 2025: NextJS server is not running. Skipping scheduled reports check.
Mon Jun  2 05:12:00 CDT 2025: Checking if NextJS server is running...
Mon Jun  2 05:12:00 CDT 2025: Running scheduled reports
/Users/sim/Project2/scripts/../scripts/run-simple-scheduled-reports.sh: line 16: node: command not found
Mon Jun  2 05:12:00 CDT 2025: NextJS server is not running. Skipping scheduled reports check.
Mon Jun  2 05:13:00 CDT 2025: Running scheduled reports
Mon Jun  2 05:13:00 CDT 2025: Checking if NextJS server is running...
/Users/sim/Project2/scripts/../scripts/run-simple-scheduled-reports.sh: line 16: node: command not found
Mon Jun  2 05:13:00 CDT 2025: NextJS server is not running. Skipping scheduled reports check.
Mon Jun  2 05:14:00 CDT 2025: Running scheduled reports
Mon Jun  2 05:14:00 CDT 2025: Checking if NextJS server is running...
/Users/sim/Project2/scripts/../scripts/run-simple-scheduled-reports.sh: line 16: node: command not found
Mon Jun  2 05:14:00 CDT 2025: NextJS server is not running. Skipping scheduled reports check.
Mon Jun  2 05:15:01 CDT 2025: Running scheduled reports
Mon Jun  2 05:15:01 CDT 2025: Checking if NextJS server is running...
/Users/sim/Project2/scripts/../scripts/run-simple-scheduled-reports.sh: line 16: node: command not found
Mon Jun  2 05:15:01 CDT 2025: NextJS server is not running. Skipping scheduled reports check.
Mon Jun  2 05:16:00 CDT 2025: Running scheduled reports
Mon Jun  2 05:16:00 CDT 2025: Checking if NextJS server is running...
/Users/sim/Project2/scripts/../scripts/run-simple-scheduled-reports.sh: line 16: node: command not found
Mon Jun  2 05:16:00 CDT 2025: NextJS server is not running. Skipping scheduled reports check.
Mon Jun  2 05:17:00 CDT 2025: Running scheduled reports
Mon Jun  2 05:17:00 CDT 2025: Checking if NextJS server is running...
/Users/sim/Project2/scripts/../scripts/run-simple-scheduled-reports.sh: line 16: node: command not found
Mon Jun  2 05:17:00 CDT 2025: NextJS server is not running. Skipping scheduled reports check.
Mon Jun  2 05:18:00 CDT 2025: Running scheduled reports
Mon Jun  2 05:18:00 CDT 2025: Checking if NextJS server is running...
/Users/sim/Project2/scripts/../scripts/run-simple-scheduled-reports.sh: line 16: node: command not found
Mon Jun  2 05:18:00 CDT 2025: NextJS server is not running. Skipping scheduled reports check.
Mon Jun  2 05:19:00 CDT 2025: Running scheduled reports
Mon Jun  2 05:19:00 CDT 2025: Checking if NextJS server is running...
/Users/sim/Project2/scripts/../scripts/run-simple-scheduled-reports.sh: line 16: node: command not found
Mon Jun  2 05:19:00 CDT 2025: NextJS server is not running. Skipping scheduled reports check.
Mon Jun  2 05:20:00 CDT 2025: Checking if NextJS server is running...
Mon Jun  2 05:20:00 CDT 2025: Running scheduled reports
/Users/sim/Project2/scripts/../scripts/run-simple-scheduled-reports.sh: line 16: node: command not found
Mon Jun  2 05:20:00 CDT 2025: NextJS server is not running. Skipping scheduled reports check.
Mon Jun  2 05:21:01 CDT 2025: Running scheduled reports
Mon Jun  2 05:21:01 CDT 2025: Checking if NextJS server is running...
/Users/sim/Project2/scripts/../scripts/run-simple-scheduled-reports.sh: line 16: node: command not found
Mon Jun  2 05:21:01 CDT 2025: NextJS server is not running. Skipping scheduled reports check.
Mon Jun  2 05:22:00 CDT 2025: Running scheduled reports
Mon Jun  2 05:22:00 CDT 2025: Checking if NextJS server is running...
/Users/sim/Project2/scripts/../scripts/run-simple-scheduled-reports.sh: line 16: node: command not found
Mon Jun  2 05:22:00 CDT 2025: NextJS server is not running. Skipping scheduled reports check.
Mon Jun  2 05:23:00 CDT 2025: Checking if NextJS server is running...
Mon Jun  2 05:23:00 CDT 2025: Running scheduled reports
/Users/sim/Project2/scripts/../scripts/run-simple-scheduled-reports.sh: line 16: node: command not found
Mon Jun  2 05:23:00 CDT 2025: NextJS server is not running. Skipping scheduled reports check.
Mon Jun  2 05:24:00 CDT 2025: Running scheduled reports
Mon Jun  2 05:24:00 CDT 2025: Checking if NextJS server is running...
/Users/sim/Project2/scripts/../scripts/run-simple-scheduled-reports.sh: line 16: node: command not found
Mon Jun  2 05:24:00 CDT 2025: NextJS server is not running. Skipping scheduled reports check.
Mon Jun  2 05:25:00 CDT 2025: Checking if NextJS server is running...
Mon Jun  2 05:25:00 CDT 2025: Running scheduled reports
/Users/sim/Project2/scripts/../scripts/run-simple-scheduled-reports.sh: line 16: node: command not found
Mon Jun  2 05:25:00 CDT 2025: NextJS server is not running. Skipping scheduled reports check.
Mon Jun  2 05:26:00 CDT 2025: Running scheduled reports
Mon Jun  2 05:26:00 CDT 2025: Checking if NextJS server is running...
/Users/sim/Project2/scripts/../scripts/run-simple-scheduled-reports.sh: line 16: node: command not found
Mon Jun  2 05:26:00 CDT 2025: NextJS server is not running. Skipping scheduled reports check.
Mon Jun  2 05:27:00 CDT 2025: Running scheduled reports
Mon Jun  2 05:27:00 CDT 2025: Checking if NextJS server is running...
/Users/sim/Project2/scripts/../scripts/run-simple-scheduled-reports.sh: line 16: node: command not found
Mon Jun  2 05:27:01 CDT 2025: NextJS server is not running. Skipping scheduled reports check.
Mon Jun  2 05:28:00 CDT 2025: Running scheduled reports
Mon Jun  2 05:28:00 CDT 2025: Checking if NextJS server is running...
/Users/sim/Project2/scripts/../scripts/run-simple-scheduled-reports.sh: line 16: node: command not found
Mon Jun  2 05:28:00 CDT 2025: NextJS server is not running. Skipping scheduled reports check.
Mon Jun  2 05:29:00 CDT 2025: Checking if NextJS server is running...
Mon Jun  2 05:29:00 CDT 2025: Running scheduled reports
/Users/sim/Project2/scripts/../scripts/run-simple-scheduled-reports.sh: line 16: node: command not found
Mon Jun  2 05:29:00 CDT 2025: NextJS server is not running. Skipping scheduled reports check.
Mon Jun  2 05:30:00 CDT 2025: Running scheduled reports
Mon Jun  2 05:30:00 CDT 2025: Checking if NextJS server is running...
/Users/sim/Project2/scripts/../scripts/run-simple-scheduled-reports.sh: line 16: node: command not found
Mon Jun  2 05:30:00 CDT 2025: NextJS server is not running. Skipping scheduled reports check.
Mon Jun  2 05:31:00 CDT 2025: Running scheduled reports
Mon Jun  2 05:31:00 CDT 2025: Checking if NextJS server is running...
/Users/sim/Project2/scripts/../scripts/run-simple-scheduled-reports.sh: line 16: node: command not found
Mon Jun  2 05:31:00 CDT 2025: NextJS server is not running. Skipping scheduled reports check.
Mon Jun  2 05:32:00 CDT 2025: Running scheduled reports
Mon Jun  2 05:32:00 CDT 2025: Checking if NextJS server is running...
/Users/sim/Project2/scripts/../scripts/run-simple-scheduled-reports.sh: line 16: node: command not found
Mon Jun  2 05:32:00 CDT 2025: NextJS server is not running. Skipping scheduled reports check.
Mon Jun  2 05:33:00 CDT 2025: Checking if NextJS server is running...
Mon Jun  2 05:33:00 CDT 2025: Running scheduled reports
/Users/sim/Project2/scripts/../scripts/run-simple-scheduled-reports.sh: line 16: node: command not found
Mon Jun  2 05:33:00 CDT 2025: NextJS server is not running. Skipping scheduled reports check.
Mon Jun  2 05:34:01 CDT 2025: Checking if NextJS server is running...
Mon Jun  2 05:34:01 CDT 2025: Running scheduled reports
/Users/sim/Project2/scripts/../scripts/run-simple-scheduled-reports.sh: line 16: node: command not found
Mon Jun  2 05:34:01 CDT 2025: NextJS server is not running. Skipping scheduled reports check.
Mon Jun  2 05:35:00 CDT 2025: Running scheduled reports
Mon Jun  2 05:35:00 CDT 2025: Checking if NextJS server is running...
/Users/sim/Project2/scripts/../scripts/run-simple-scheduled-reports.sh: line 16: node: command not found
Mon Jun  2 05:35:00 CDT 2025: NextJS server is not running. Skipping scheduled reports check.
Mon Jun  2 05:36:00 CDT 2025: Checking if NextJS server is running...
Mon Jun  2 05:36:00 CDT 2025: Running scheduled reports
/Users/sim/Project2/scripts/../scripts/run-simple-scheduled-reports.sh: line 16: node: command not found
Mon Jun  2 05:36:00 CDT 2025: NextJS server is not running. Skipping scheduled reports check.
Mon Jun  2 05:37:00 CDT 2025: Running scheduled reports
Mon Jun  2 05:37:00 CDT 2025: Checking if NextJS server is running...
/Users/sim/Project2/scripts/../scripts/run-simple-scheduled-reports.sh: line 16: node: command not found
Mon Jun  2 05:37:00 CDT 2025: NextJS server is not running. Skipping scheduled reports check.
Mon Jun  2 05:38:00 CDT 2025: Checking if NextJS server is running...
Mon Jun  2 05:38:00 CDT 2025: Running scheduled reports
/Users/sim/Project2/scripts/../scripts/run-simple-scheduled-reports.sh: line 16: node: command not found
Mon Jun  2 05:38:00 CDT 2025: NextJS server is not running. Skipping scheduled reports check.
Mon Jun  2 05:39:00 CDT 2025: Running scheduled reports
Mon Jun  2 05:39:00 CDT 2025: Checking if NextJS server is running...
/Users/sim/Project2/scripts/../scripts/run-simple-scheduled-reports.sh: line 16: node: command not found
Mon Jun  2 05:39:00 CDT 2025: NextJS server is not running. Skipping scheduled reports check.
Mon Jun  2 05:40:01 CDT 2025: Checking if NextJS server is running...
Mon Jun  2 05:40:01 CDT 2025: Running scheduled reports
/Users/sim/Project2/scripts/../scripts/run-simple-scheduled-reports.sh: line 16: node: command not found
Mon Jun  2 05:40:01 CDT 2025: NextJS server is not running. Skipping scheduled reports check.
Mon Jun  2 05:41:00 CDT 2025: Checking if NextJS server is running...
Mon Jun  2 05:41:00 CDT 2025: Running scheduled reports
/Users/sim/Project2/scripts/../scripts/run-simple-scheduled-reports.sh: line 16: node: command not found
Mon Jun  2 05:41:00 CDT 2025: NextJS server is not running. Skipping scheduled reports check.
Mon Jun  2 05:42:00 CDT 2025: Checking if NextJS server is running...
Mon Jun  2 05:42:00 CDT 2025: Running scheduled reports
/Users/sim/Project2/scripts/../scripts/run-simple-scheduled-reports.sh: line 16: node: command not found
Mon Jun  2 05:42:00 CDT 2025: NextJS server is not running. Skipping scheduled reports check.
Mon Jun  2 05:43:00 CDT 2025: Running scheduled reports
Mon Jun  2 05:43:00 CDT 2025: Checking if NextJS server is running...
/Users/sim/Project2/scripts/../scripts/run-simple-scheduled-reports.sh: line 16: node: command not found
Mon Jun  2 05:43:00 CDT 2025: NextJS server is not running. Skipping scheduled reports check.
Mon Jun  2 05:44:00 CDT 2025: Running scheduled reports
Mon Jun  2 05:44:00 CDT 2025: Checking if NextJS server is running...
/Users/sim/Project2/scripts/../scripts/run-simple-scheduled-reports.sh: line 16: node: command not found
Mon Jun  2 05:44:00 CDT 2025: NextJS server is not running. Skipping scheduled reports check.
Mon Jun  2 05:45:01 CDT 2025: Checking if NextJS server is running...
Mon Jun  2 05:45:01 CDT 2025: Running scheduled reports
/Users/sim/Project2/scripts/../scripts/run-simple-scheduled-reports.sh: line 16: node: command not found
Mon Jun  2 05:45:01 CDT 2025: NextJS server is not running. Skipping scheduled reports check.
Mon Jun  2 05:46:00 CDT 2025: Checking if NextJS server is running...
Mon Jun  2 05:46:00 CDT 2025: Running scheduled reports
/Users/sim/Project2/scripts/../scripts/run-simple-scheduled-reports.sh: line 16: node: command not found
Mon Jun  2 05:46:00 CDT 2025: NextJS server is not running. Skipping scheduled reports check.
Mon Jun  2 05:47:00 CDT 2025: Running scheduled reports
Mon Jun  2 05:47:00 CDT 2025: Checking if NextJS server is running...
/Users/sim/Project2/scripts/../scripts/run-simple-scheduled-reports.sh: line 16: node: command not found
Mon Jun  2 05:47:00 CDT 2025: NextJS server is not running. Skipping scheduled reports check.
Mon Jun  2 05:48:00 CDT 2025: Running scheduled reports
Mon Jun  2 05:48:00 CDT 2025: Checking if NextJS server is running...
/Users/sim/Project2/scripts/../scripts/run-simple-scheduled-reports.sh: line 16: node: command not found
Mon Jun  2 05:48:00 CDT 2025: NextJS server is not running. Skipping scheduled reports check.
Mon Jun  2 05:49:00 CDT 2025: Running scheduled reports
Mon Jun  2 05:49:00 CDT 2025: Checking if NextJS server is running...
/Users/sim/Project2/scripts/../scripts/run-simple-scheduled-reports.sh: line 16: node: command not found
Mon Jun  2 05:49:01 CDT 2025: NextJS server is not running. Skipping scheduled reports check.
Mon Jun  2 05:50:00 CDT 2025: Running scheduled reports
Mon Jun  2 05:50:00 CDT 2025: Checking if NextJS server is running...
/Users/sim/Project2/scripts/../scripts/run-simple-scheduled-reports.sh: line 16: node: command not found
Mon Jun  2 05:50:00 CDT 2025: NextJS server is not running. Skipping scheduled reports check.
Mon Jun  2 05:51:00 CDT 2025: Running scheduled reports
Mon Jun  2 05:51:00 CDT 2025: Checking if NextJS server is running...
/Users/sim/Project2/scripts/../scripts/run-simple-scheduled-reports.sh: line 16: node: command not found
Mon Jun  2 05:51:00 CDT 2025: NextJS server is not running. Skipping scheduled reports check.
Mon Jun  2 05:52:00 CDT 2025: Running scheduled reports
Mon Jun  2 05:52:00 CDT 2025: Checking if NextJS server is running...
/Users/sim/Project2/scripts/../scripts/run-simple-scheduled-reports.sh: line 16: node: command not found
Mon Jun  2 05:52:00 CDT 2025: NextJS server is not running. Skipping scheduled reports check.
Mon Jun  2 05:53:00 CDT 2025: Running scheduled reports
Mon Jun  2 05:53:00 CDT 2025: Checking if NextJS server is running...
/Users/sim/Project2/scripts/../scripts/run-simple-scheduled-reports.sh: line 16: node: command not found
Mon Jun  2 05:53:00 CDT 2025: NextJS server is not running. Skipping scheduled reports check.
Mon Jun  2 05:54:00 CDT 2025: Running scheduled reports
Mon Jun  2 05:54:00 CDT 2025: Checking if NextJS server is running...
/Users/sim/Project2/scripts/../scripts/run-simple-scheduled-reports.sh: line 16: node: command not found
Mon Jun  2 05:54:00 CDT 2025: NextJS server is not running. Skipping scheduled reports check.
Mon Jun  2 05:55:00 CDT 2025: Running scheduled reports
Mon Jun  2 05:55:00 CDT 2025: Checking if NextJS server is running...
/Users/sim/Project2/scripts/../scripts/run-simple-scheduled-reports.sh: line 16: node: command not found
Mon Jun  2 05:55:01 CDT 2025: NextJS server is not running. Skipping scheduled reports check.
Mon Jun  2 05:56:00 CDT 2025: Running scheduled reports
/Users/sim/Project2/scripts/../scripts/run-simple-scheduled-reports.sh: line 16: node: command not found
Mon Jun  2 05:56:00 CDT 2025: Checking if NextJS server is running...
Mon Jun  2 05:56:00 CDT 2025: NextJS server is not running. Skipping scheduled reports check.
Mon Jun  2 05:57:00 CDT 2025: Running scheduled reports
Mon Jun  2 05:57:00 CDT 2025: Checking if NextJS server is running...
/Users/sim/Project2/scripts/../scripts/run-simple-scheduled-reports.sh: line 16: node: command not found
Mon Jun  2 05:57:00 CDT 2025: NextJS server is not running. Skipping scheduled reports check.
Mon Jun  2 05:58:00 CDT 2025: Running scheduled reports
Mon Jun  2 05:58:00 CDT 2025: Checking if NextJS server is running...
/Users/sim/Project2/scripts/../scripts/run-simple-scheduled-reports.sh: line 16: node: command not found
Mon Jun  2 05:58:00 CDT 2025: NextJS server is not running. Skipping scheduled reports check.
Mon Jun  2 05:59:00 CDT 2025: Running scheduled reports
Mon Jun  2 05:59:00 CDT 2025: Checking if NextJS server is running...
/Users/sim/Project2/scripts/../scripts/run-simple-scheduled-reports.sh: line 16: node: command not found
Mon Jun  2 05:59:00 CDT 2025: NextJS server is not running. Skipping scheduled reports check.
Mon Jun  2 06:00:00 CDT 2025: Checking if NextJS server is running...
Mon Jun  2 06:00:00 CDT 2025: Running scheduled reports
/Users/sim/Project2/scripts/../scripts/run-simple-scheduled-reports.sh: line 16: node: command not found
Mon Jun  2 06:00:00 CDT 2025: NextJS server is not running. Skipping scheduled reports check.
Mon Jun  2 06:01:01 CDT 2025: Running scheduled reports
Mon Jun  2 06:01:01 CDT 2025: Checking if NextJS server is running...
/Users/sim/Project2/scripts/../scripts/run-simple-scheduled-reports.sh: line 16: node: command not found
Mon Jun  2 06:01:01 CDT 2025: NextJS server is not running. Skipping scheduled reports check.
Mon Jun  2 06:02:00 CDT 2025: Running scheduled reports
Mon Jun  2 06:02:00 CDT 2025: Checking if NextJS server is running...
/Users/sim/Project2/scripts/../scripts/run-simple-scheduled-reports.sh: line 16: node: command not found
Mon Jun  2 06:02:00 CDT 2025: NextJS server is not running. Skipping scheduled reports check.
Mon Jun  2 06:03:00 CDT 2025: Running scheduled reports
Mon Jun  2 06:03:00 CDT 2025: Checking if NextJS server is running...
/Users/sim/Project2/scripts/../scripts/run-simple-scheduled-reports.sh: line 16: node: command not found
Mon Jun  2 06:03:00 CDT 2025: NextJS server is not running. Skipping scheduled reports check.
Mon Jun  2 06:04:00 CDT 2025: Checking if NextJS server is running...
Mon Jun  2 06:04:00 CDT 2025: Running scheduled reports
/Users/sim/Project2/scripts/../scripts/run-simple-scheduled-reports.sh: line 16: node: command not found
Mon Jun  2 06:04:00 CDT 2025: NextJS server is not running. Skipping scheduled reports check.
Mon Jun  2 06:05:00 CDT 2025: Checking if NextJS server is running...
Mon Jun  2 06:05:00 CDT 2025: Running scheduled reports
/Users/sim/Project2/scripts/../scripts/run-simple-scheduled-reports.sh: line 16: node: command not found
Mon Jun  2 06:05:00 CDT 2025: NextJS server is not running. Skipping scheduled reports check.
Mon Jun  2 06:06:00 CDT 2025: Running scheduled reports
Mon Jun  2 06:06:00 CDT 2025: Checking if NextJS server is running...
/Users/sim/Project2/scripts/../scripts/run-simple-scheduled-reports.sh: line 16: node: command not found
Mon Jun  2 06:06:00 CDT 2025: NextJS server is not running. Skipping scheduled reports check.
Mon Jun  2 06:07:00 CDT 2025: Checking if NextJS server is running...
Mon Jun  2 06:07:00 CDT 2025: Running scheduled reports
/Users/sim/Project2/scripts/../scripts/run-simple-scheduled-reports.sh: line 16: node: command not found
Mon Jun  2 06:07:00 CDT 2025: NextJS server is not running. Skipping scheduled reports check.
Mon Jun  2 06:08:01 CDT 2025: Checking if NextJS server is running...
Mon Jun  2 06:08:01 CDT 2025: Running scheduled reports
/Users/sim/Project2/scripts/../scripts/run-simple-scheduled-reports.sh: line 16: node: command not found
Mon Jun  2 06:08:01 CDT 2025: NextJS server is not running. Skipping scheduled reports check.
Mon Jun  2 06:09:00 CDT 2025: Running scheduled reports
Mon Jun  2 06:09:00 CDT 2025: Checking if NextJS server is running...
/Users/sim/Project2/scripts/../scripts/run-simple-scheduled-reports.sh: line 16: node: command not found
Mon Jun  2 06:09:00 CDT 2025: NextJS server is not running. Skipping scheduled reports check.
Mon Jun  2 06:10:00 CDT 2025: Running scheduled reports
Mon Jun  2 06:10:00 CDT 2025: Checking if NextJS server is running...
/Users/sim/Project2/scripts/../scripts/run-simple-scheduled-reports.sh: line 16: node: command not found
Mon Jun  2 06:10:00 CDT 2025: NextJS server is not running. Skipping scheduled reports check.
Mon Jun  2 06:11:00 CDT 2025: Checking if NextJS server is running...
Mon Jun  2 06:11:00 CDT 2025: Running scheduled reports
/Users/sim/Project2/scripts/../scripts/run-simple-scheduled-reports.sh: line 16: node: command not found
Mon Jun  2 06:11:00 CDT 2025: NextJS server is not running. Skipping scheduled reports check.
Mon Jun  2 06:12:00 CDT 2025: Checking if NextJS server is running...
Mon Jun  2 06:12:00 CDT 2025: Running scheduled reports
/Users/sim/Project2/scripts/../scripts/run-simple-scheduled-reports.sh: line 16: node: command not found
Mon Jun  2 06:12:00 CDT 2025: NextJS server is not running. Skipping scheduled reports check.
Mon Jun  2 06:13:00 CDT 2025: Running scheduled reports
Mon Jun  2 06:13:00 CDT 2025: Checking if NextJS server is running...
/Users/sim/Project2/scripts/../scripts/run-simple-scheduled-reports.sh: line 16: node: command not found
Mon Jun  2 06:13:00 CDT 2025: NextJS server is not running. Skipping scheduled reports check.
Mon Jun  2 06:14:01 CDT 2025: Checking if NextJS server is running...
Mon Jun  2 06:14:01 CDT 2025: Running scheduled reports
/Users/sim/Project2/scripts/../scripts/run-simple-scheduled-reports.sh: line 16: node: command not found
Mon Jun  2 06:14:01 CDT 2025: NextJS server is not running. Skipping scheduled reports check.
Mon Jun  2 06:15:00 CDT 2025: Checking if NextJS server is running...
Mon Jun  2 06:15:00 CDT 2025: Running scheduled reports
/Users/sim/Project2/scripts/../scripts/run-simple-scheduled-reports.sh: line 16: node: command not found
Mon Jun  2 06:15:00 CDT 2025: NextJS server is not running. Skipping scheduled reports check.
Mon Jun  2 06:16:00 CDT 2025: Running scheduled reports
Mon Jun  2 06:16:00 CDT 2025: Checking if NextJS server is running...
/Users/sim/Project2/scripts/../scripts/run-simple-scheduled-reports.sh: line 16: node: command not found
Mon Jun  2 06:16:00 CDT 2025: NextJS server is not running. Skipping scheduled reports check.
Mon Jun  2 06:17:00 CDT 2025: Running scheduled reports
Mon Jun  2 06:17:00 CDT 2025: Checking if NextJS server is running...
/Users/sim/Project2/scripts/../scripts/run-simple-scheduled-reports.sh: line 16: node: command not found
Mon Jun  2 06:17:00 CDT 2025: NextJS server is not running. Skipping scheduled reports check.
Mon Jun  2 06:18:00 CDT 2025: Running scheduled reports
Mon Jun  2 06:18:00 CDT 2025: Checking if NextJS server is running...
/Users/sim/Project2/scripts/../scripts/run-simple-scheduled-reports.sh: line 16: node: command not found
Mon Jun  2 06:18:00 CDT 2025: NextJS server is not running. Skipping scheduled reports check.
Mon Jun  2 06:19:00 CDT 2025: Checking if NextJS server is running...
Mon Jun  2 06:19:00 CDT 2025: Running scheduled reports
/Users/sim/Project2/scripts/../scripts/run-simple-scheduled-reports.sh: line 16: node: command not found
Mon Jun  2 06:19:00 CDT 2025: NextJS server is not running. Skipping scheduled reports check.
Mon Jun  2 06:20:00 CDT 2025: Checking if NextJS server is running...
Mon Jun  2 06:20:00 CDT 2025: Running scheduled reports
/Users/sim/Project2/scripts/../scripts/run-simple-scheduled-reports.sh: line 16: node: command not found
Mon Jun  2 06:20:00 CDT 2025: NextJS server is not running. Skipping scheduled reports check.
Mon Jun  2 06:21:01 CDT 2025: Running scheduled reports
Mon Jun  2 06:21:01 CDT 2025: Checking if NextJS server is running...
/Users/sim/Project2/scripts/../scripts/run-simple-scheduled-reports.sh: line 16: node: command not found
Mon Jun  2 06:21:01 CDT 2025: NextJS server is not running. Skipping scheduled reports check.
Mon Jun  2 06:22:00 CDT 2025: Running scheduled reports
Mon Jun  2 06:22:00 CDT 2025: Checking if NextJS server is running...
/Users/sim/Project2/scripts/../scripts/run-simple-scheduled-reports.sh: line 16: node: command not found
Mon Jun  2 06:22:00 CDT 2025: NextJS server is not running. Skipping scheduled reports check.
Mon Jun  2 06:23:00 CDT 2025: Running scheduled reports
Mon Jun  2 06:23:00 CDT 2025: Checking if NextJS server is running...
/Users/sim/Project2/scripts/../scripts/run-simple-scheduled-reports.sh: line 16: node: command not found
Mon Jun  2 06:23:00 CDT 2025: NextJS server is not running. Skipping scheduled reports check.
Mon Jun  2 06:24:00 CDT 2025: Running scheduled reports
Mon Jun  2 06:24:00 CDT 2025: Checking if NextJS server is running...
/Users/sim/Project2/scripts/../scripts/run-simple-scheduled-reports.sh: line 16: node: command not found
Mon Jun  2 06:24:00 CDT 2025: NextJS server is not running. Skipping scheduled reports check.
Mon Jun  2 06:25:00 CDT 2025: Running scheduled reports
Mon Jun  2 06:25:00 CDT 2025: Checking if NextJS server is running...
/Users/sim/Project2/scripts/../scripts/run-simple-scheduled-reports.sh: line 16: node: command not found
Mon Jun  2 06:25:00 CDT 2025: NextJS server is not running. Skipping scheduled reports check.
Mon Jun  2 06:26:00 CDT 2025: Running scheduled reports
Mon Jun  2 06:26:00 CDT 2025: Checking if NextJS server is running...
/Users/sim/Project2/scripts/../scripts/run-simple-scheduled-reports.sh: line 16: node: command not found
Mon Jun  2 06:26:00 CDT 2025: NextJS server is not running. Skipping scheduled reports check.
Mon Jun  2 06:27:01 CDT 2025: Checking if NextJS server is running...
Mon Jun  2 06:27:01 CDT 2025: Running scheduled reports
/Users/sim/Project2/scripts/../scripts/run-simple-scheduled-reports.sh: line 16: node: command not found
Mon Jun  2 06:27:01 CDT 2025: NextJS server is not running. Skipping scheduled reports check.
Mon Jun  2 06:28:00 CDT 2025: Running scheduled reports
Mon Jun  2 06:28:00 CDT 2025: Checking if NextJS server is running...
/Users/sim/Project2/scripts/../scripts/run-simple-scheduled-reports.sh: line 16: node: command not found
Mon Jun  2 06:28:00 CDT 2025: NextJS server is not running. Skipping scheduled reports check.
Mon Jun  2 06:29:00 CDT 2025: Checking if NextJS server is running...
Mon Jun  2 06:29:00 CDT 2025: Running scheduled reports
/Users/sim/Project2/scripts/../scripts/run-simple-scheduled-reports.sh: line 16: node: command not found
Mon Jun  2 06:29:00 CDT 2025: NextJS server is not running. Skipping scheduled reports check.
Mon Jun  2 06:30:00 CDT 2025: Running scheduled reports
Mon Jun  2 06:30:00 CDT 2025: Checking if NextJS server is running...
/Users/sim/Project2/scripts/../scripts/run-simple-scheduled-reports.sh: line 16: node: command not found
Mon Jun  2 06:30:00 CDT 2025: NextJS server is not running. Skipping scheduled reports check.
Mon Jun  2 06:31:00 CDT 2025: Checking if NextJS server is running...
Mon Jun  2 06:31:00 CDT 2025: Running scheduled reports
/Users/sim/Project2/scripts/../scripts/run-simple-scheduled-reports.sh: line 16: node: command not found
Mon Jun  2 06:31:00 CDT 2025: NextJS server is not running. Skipping scheduled reports check.
Mon Jun  2 06:32:00 CDT 2025: Checking if NextJS server is running...
Mon Jun  2 06:32:00 CDT 2025: Running scheduled reports
/Users/sim/Project2/scripts/../scripts/run-simple-scheduled-reports.sh: line 16: node: command not found
Mon Jun  2 06:32:00 CDT 2025: NextJS server is not running. Skipping scheduled reports check.
Mon Jun  2 06:33:00 CDT 2025: Checking if NextJS server is running...
Mon Jun  2 06:33:00 CDT 2025: Running scheduled reports
/Users/sim/Project2/scripts/../scripts/run-simple-scheduled-reports.sh: line 16: node: command not found
Mon Jun  2 06:33:01 CDT 2025: NextJS server is not running. Skipping scheduled reports check.
Mon Jun  2 06:34:00 CDT 2025: Running scheduled reports
Mon Jun  2 06:34:00 CDT 2025: Checking if NextJS server is running...
/Users/sim/Project2/scripts/../scripts/run-simple-scheduled-reports.sh: line 16: node: command not found
Mon Jun  2 06:34:00 CDT 2025: NextJS server is not running. Skipping scheduled reports check.
Mon Jun  2 06:35:00 CDT 2025: Running scheduled reports
Mon Jun  2 06:35:00 CDT 2025: Checking if NextJS server is running...
/Users/sim/Project2/scripts/../scripts/run-simple-scheduled-reports.sh: line 16: node: command not found
Mon Jun  2 06:35:00 CDT 2025: NextJS server is not running. Skipping scheduled reports check.
Mon Jun  2 06:36:00 CDT 2025: Checking if NextJS server is running...
Mon Jun  2 06:36:00 CDT 2025: Running scheduled reports
/Users/sim/Project2/scripts/../scripts/run-simple-scheduled-reports.sh: line 16: node: command not found
Mon Jun  2 06:36:00 CDT 2025: NextJS server is not running. Skipping scheduled reports check.
Mon Jun  2 06:37:00 CDT 2025: Running scheduled reports
Mon Jun  2 06:37:00 CDT 2025: Checking if NextJS server is running...
/Users/sim/Project2/scripts/../scripts/run-simple-scheduled-reports.sh: line 16: node: command not found
Mon Jun  2 06:37:00 CDT 2025: NextJS server is not running. Skipping scheduled reports check.
Mon Jun  2 06:38:00 CDT 2025: Checking if NextJS server is running...
Mon Jun  2 06:38:00 CDT 2025: Running scheduled reports
/Users/sim/Project2/scripts/../scripts/run-simple-scheduled-reports.sh: line 16: node: command not found
Mon Jun  2 06:38:00 CDT 2025: NextJS server is not running. Skipping scheduled reports check.
Mon Jun  2 06:39:00 CDT 2025: Running scheduled reports
Mon Jun  2 06:39:00 CDT 2025: Checking if NextJS server is running...
/Users/sim/Project2/scripts/../scripts/run-simple-scheduled-reports.sh: line 16: node: command not found
Mon Jun  2 06:39:01 CDT 2025: NextJS server is not running. Skipping scheduled reports check.
Mon Jun  2 06:40:00 CDT 2025: Checking if NextJS server is running...
Mon Jun  2 06:40:00 CDT 2025: Running scheduled reports
/Users/sim/Project2/scripts/../scripts/run-simple-scheduled-reports.sh: line 16: node: command not found
Mon Jun  2 06:40:00 CDT 2025: NextJS server is not running. Skipping scheduled reports check.
Mon Jun  2 06:41:00 CDT 2025: Running scheduled reports
Mon Jun  2 06:41:00 CDT 2025: Checking if NextJS server is running...
/Users/sim/Project2/scripts/../scripts/run-simple-scheduled-reports.sh: line 16: node: command not found
Mon Jun  2 06:41:00 CDT 2025: NextJS server is not running. Skipping scheduled reports check.
Mon Jun  2 06:42:00 CDT 2025: Checking if NextJS server is running...
Mon Jun  2 06:42:00 CDT 2025: Running scheduled reports
/Users/sim/Project2/scripts/../scripts/run-simple-scheduled-reports.sh: line 16: node: command not found
Mon Jun  2 06:42:00 CDT 2025: NextJS server is not running. Skipping scheduled reports check.
Mon Jun  2 06:43:00 CDT 2025: Running scheduled reports
Mon Jun  2 06:43:00 CDT 2025: Checking if NextJS server is running...
/Users/sim/Project2/scripts/../scripts/run-simple-scheduled-reports.sh: line 16: node: command not found
Mon Jun  2 06:43:00 CDT 2025: NextJS server is not running. Skipping scheduled reports check.
Mon Jun  2 06:44:00 CDT 2025: Running scheduled reports
Mon Jun  2 06:44:00 CDT 2025: Checking if NextJS server is running...
/Users/sim/Project2/scripts/../scripts/run-simple-scheduled-reports.sh: line 16: node: command not found
Mon Jun  2 06:44:00 CDT 2025: NextJS server is not running. Skipping scheduled reports check.
Mon Jun  2 06:45:01 CDT 2025: Running scheduled reports
Mon Jun  2 06:45:01 CDT 2025: Checking if NextJS server is running...
/Users/sim/Project2/scripts/../scripts/run-simple-scheduled-reports.sh: line 16: node: command not found
Mon Jun  2 06:45:01 CDT 2025: NextJS server is not running. Skipping scheduled reports check.
Mon Jun  2 06:46:00 CDT 2025: Checking if NextJS server is running...
Mon Jun  2 06:46:00 CDT 2025: Running scheduled reports
/Users/sim/Project2/scripts/../scripts/run-simple-scheduled-reports.sh: line 16: node: command not found
Mon Jun  2 06:46:00 CDT 2025: NextJS server is not running. Skipping scheduled reports check.
Mon Jun  2 06:47:00 CDT 2025: Checking if NextJS server is running...
Mon Jun  2 06:47:00 CDT 2025: Running scheduled reports
/Users/sim/Project2/scripts/../scripts/run-simple-scheduled-reports.sh: line 16: node: command not found
Mon Jun  2 06:47:00 CDT 2025: NextJS server is not running. Skipping scheduled reports check.
Mon Jun  2 06:48:00 CDT 2025: Checking if NextJS server is running...
Mon Jun  2 06:48:00 CDT 2025: Running scheduled reports
/Users/sim/Project2/scripts/../scripts/run-simple-scheduled-reports.sh: line 16: node: command not found
Mon Jun  2 06:48:00 CDT 2025: NextJS server is not running. Skipping scheduled reports check.
Mon Jun  2 06:49:00 CDT 2025: Running scheduled reports
Mon Jun  2 06:49:00 CDT 2025: Checking if NextJS server is running...
/Users/sim/Project2/scripts/../scripts/run-simple-scheduled-reports.sh: line 16: node: command not found
Mon Jun  2 06:49:00 CDT 2025: NextJS server is not running. Skipping scheduled reports check.
Mon Jun  2 06:50:00 CDT 2025: Checking if NextJS server is running...
Mon Jun  2 06:50:00 CDT 2025: Running scheduled reports
/Users/sim/Project2/scripts/../scripts/run-simple-scheduled-reports.sh: line 16: node: command not found
Mon Jun  2 06:50:00 CDT 2025: NextJS server is not running. Skipping scheduled reports check.
Mon Jun  2 06:51:01 CDT 2025: Running scheduled reports
Mon Jun  2 06:51:01 CDT 2025: Checking if NextJS server is running...
/Users/sim/Project2/scripts/../scripts/run-simple-scheduled-reports.sh: line 16: node: command not found
Mon Jun  2 06:51:01 CDT 2025: NextJS server is not running. Skipping scheduled reports check.
Mon Jun  2 06:52:00 CDT 2025: Checking if NextJS server is running...
Mon Jun  2 06:52:00 CDT 2025: Running scheduled reports
/Users/sim/Project2/scripts/../scripts/run-simple-scheduled-reports.sh: line 16: node: command not found
Mon Jun  2 06:52:00 CDT 2025: NextJS server is not running. Skipping scheduled reports check.
Mon Jun  2 06:53:00 CDT 2025: Checking if NextJS server is running...
Mon Jun  2 06:53:00 CDT 2025: Running scheduled reports
/Users/sim/Project2/scripts/../scripts/run-simple-scheduled-reports.sh: line 16: node: command not found
Mon Jun  2 06:53:00 CDT 2025: NextJS server is not running. Skipping scheduled reports check.
Mon Jun  2 06:54:00 CDT 2025: Running scheduled reports
Mon Jun  2 06:54:00 CDT 2025: Checking if NextJS server is running...
/Users/sim/Project2/scripts/../scripts/run-simple-scheduled-reports.sh: line 16: node: command not found
Mon Jun  2 06:54:00 CDT 2025: NextJS server is not running. Skipping scheduled reports check.
Mon Jun  2 06:55:00 CDT 2025: Running scheduled reports
Mon Jun  2 06:55:00 CDT 2025: Checking if NextJS server is running...
/Users/sim/Project2/scripts/../scripts/run-simple-scheduled-reports.sh: line 16: node: command not found
Mon Jun  2 06:55:00 CDT 2025: NextJS server is not running. Skipping scheduled reports check.
Mon Jun  2 06:56:00 CDT 2025: Running scheduled reports
Mon Jun  2 06:56:00 CDT 2025: Checking if NextJS server is running...
/Users/sim/Project2/scripts/../scripts/run-simple-scheduled-reports.sh: line 16: node: command not found
Mon Jun  2 06:56:00 CDT 2025: NextJS server is not running. Skipping scheduled reports check.
Mon Jun  2 06:57:00 CDT 2025: Checking if NextJS server is running...
Mon Jun  2 06:57:00 CDT 2025: Running scheduled reports
/Users/sim/Project2/scripts/../scripts/run-simple-scheduled-reports.sh: line 16: node: command not found
Mon Jun  2 06:57:00 CDT 2025: NextJS server is not running. Skipping scheduled reports check.
Mon Jun  2 06:58:00 CDT 2025: Checking if NextJS server is running...
Mon Jun  2 06:58:00 CDT 2025: Running scheduled reports
/Users/sim/Project2/scripts/../scripts/run-simple-scheduled-reports.sh: line 16: node: command not found
Mon Jun  2 06:58:00 CDT 2025: NextJS server is not running. Skipping scheduled reports check.
Mon Jun  2 06:59:00 CDT 2025: Running scheduled reports
Mon Jun  2 06:59:00 CDT 2025: Checking if NextJS server is running...
/Users/sim/Project2/scripts/../scripts/run-simple-scheduled-reports.sh: line 16: node: command not found
Mon Jun  2 06:59:00 CDT 2025: NextJS server is not running. Skipping scheduled reports check.
Mon Jun  2 07:00:00 CDT 2025: Running scheduled reports
Mon Jun  2 07:00:00 CDT 2025: Checking if NextJS server is running...
/Users/sim/Project2/scripts/../scripts/run-simple-scheduled-reports.sh: line 16: node: command not found
Mon Jun  2 07:00:00 CDT 2025: NextJS server is not running. Skipping scheduled reports check.
Mon Jun  2 07:01:00 CDT 2025: Checking if NextJS server is running...
Mon Jun  2 07:01:00 CDT 2025: Running scheduled reports
/Users/sim/Project2/scripts/../scripts/run-simple-scheduled-reports.sh: line 16: node: command not found
Mon Jun  2 07:01:00 CDT 2025: NextJS server is not running. Skipping scheduled reports check.
Mon Jun  2 07:02:00 CDT 2025: Running scheduled reports
Mon Jun  2 07:02:00 CDT 2025: Checking if NextJS server is running...
/Users/sim/Project2/scripts/../scripts/run-simple-scheduled-reports.sh: line 16: node: command not found
Mon Jun  2 07:02:00 CDT 2025: NextJS server is not running. Skipping scheduled reports check.
Mon Jun  2 07:03:01 CDT 2025: Running scheduled reports
Mon Jun  2 07:03:01 CDT 2025: Checking if NextJS server is running...
/Users/sim/Project2/scripts/../scripts/run-simple-scheduled-reports.sh: line 16: node: command not found
Mon Jun  2 07:03:01 CDT 2025: NextJS server is not running. Skipping scheduled reports check.
Mon Jun  2 07:04:00 CDT 2025: Checking if NextJS server is running...
Mon Jun  2 07:04:00 CDT 2025: Running scheduled reports
/Users/sim/Project2/scripts/../scripts/run-simple-scheduled-reports.sh: line 16: node: command not found
Mon Jun  2 07:04:00 CDT 2025: NextJS server is not running. Skipping scheduled reports check.
Mon Jun  2 07:05:00 CDT 2025: Checking if NextJS server is running...
Mon Jun  2 07:05:00 CDT 2025: Running scheduled reports
/Users/sim/Project2/scripts/../scripts/run-simple-scheduled-reports.sh: line 16: node: command not found
Mon Jun  2 07:05:00 CDT 2025: NextJS server is not running. Skipping scheduled reports check.
Mon Jun  2 07:06:00 CDT 2025: Running scheduled reports
Mon Jun  2 07:06:00 CDT 2025: Checking if NextJS server is running...
/Users/sim/Project2/scripts/../scripts/run-simple-scheduled-reports.sh: line 16: node: command not found
Mon Jun  2 07:06:00 CDT 2025: NextJS server is not running. Skipping scheduled reports check.
Mon Jun  2 07:07:00 CDT 2025: Checking if NextJS server is running...
Mon Jun  2 07:07:00 CDT 2025: Running scheduled reports
/Users/sim/Project2/scripts/../scripts/run-simple-scheduled-reports.sh: line 16: node: command not found
Mon Jun  2 07:07:00 CDT 2025: NextJS server is not running. Skipping scheduled reports check.
Mon Jun  2 07:08:00 CDT 2025: Checking if NextJS server is running...
Mon Jun  2 07:08:00 CDT 2025: Running scheduled reports
/Users/sim/Project2/scripts/../scripts/run-simple-scheduled-reports.sh: line 16: node: command not found
Mon Jun  2 07:08:00 CDT 2025: NextJS server is not running. Skipping scheduled reports check.
Mon Jun  2 07:09:01 CDT 2025: Running scheduled reports
Mon Jun  2 07:09:01 CDT 2025: Checking if NextJS server is running...
/Users/sim/Project2/scripts/../scripts/run-simple-scheduled-reports.sh: line 16: node: command not found
Mon Jun  2 07:09:01 CDT 2025: NextJS server is not running. Skipping scheduled reports check.
Mon Jun  2 07:10:00 CDT 2025: Running scheduled reports
Mon Jun  2 07:10:00 CDT 2025: Checking if NextJS server is running...
/Users/sim/Project2/scripts/../scripts/run-simple-scheduled-reports.sh: line 16: node: command not found
Mon Jun  2 07:10:00 CDT 2025: NextJS server is not running. Skipping scheduled reports check.
Mon Jun  2 07:11:00 CDT 2025: Running scheduled reports
Mon Jun  2 07:11:00 CDT 2025: Checking if NextJS server is running...
/Users/sim/Project2/scripts/../scripts/run-simple-scheduled-reports.sh: line 16: node: command not found
Mon Jun  2 07:11:00 CDT 2025: NextJS server is not running. Skipping scheduled reports check.
Mon Jun  2 07:12:00 CDT 2025: Running scheduled reports
/Users/sim/Project2/scripts/../scripts/run-simple-scheduled-reports.sh: line 16: node: command not found
Mon Jun  2 07:12:00 CDT 2025: Checking if NextJS server is running...
Mon Jun  2 07:12:00 CDT 2025: NextJS server is not running. Skipping scheduled reports check.
Mon Jun  2 07:13:00 CDT 2025: Checking if NextJS server is running...
Mon Jun  2 07:13:00 CDT 2025: Running scheduled reports
/Users/sim/Project2/scripts/../scripts/run-simple-scheduled-reports.sh: line 16: node: command not found
Mon Jun  2 07:13:00 CDT 2025: NextJS server is not running. Skipping scheduled reports check.
Mon Jun  2 07:14:00 CDT 2025: Checking if NextJS server is running...
Mon Jun  2 07:14:00 CDT 2025: Running scheduled reports
/Users/sim/Project2/scripts/../scripts/run-simple-scheduled-reports.sh: line 16: node: command not found
Mon Jun  2 07:14:00 CDT 2025: NextJS server is not running. Skipping scheduled reports check.
Mon Jun  2 07:15:01 CDT 2025: Checking if NextJS server is running...
Mon Jun  2 07:15:01 CDT 2025: Running scheduled reports
/Users/sim/Project2/scripts/../scripts/run-simple-scheduled-reports.sh: line 16: node: command not found
Mon Jun  2 07:15:01 CDT 2025: NextJS server is not running. Skipping scheduled reports check.
Mon Jun  2 07:16:00 CDT 2025: Checking if NextJS server is running...
Mon Jun  2 07:16:00 CDT 2025: Running scheduled reports
/Users/sim/Project2/scripts/../scripts/run-simple-scheduled-reports.sh: line 16: node: command not found
Mon Jun  2 07:16:00 CDT 2025: NextJS server is not running. Skipping scheduled reports check.
Mon Jun  2 07:17:00 CDT 2025: Running scheduled reports
Mon Jun  2 07:17:00 CDT 2025: Checking if NextJS server is running...
/Users/sim/Project2/scripts/../scripts/run-simple-scheduled-reports.sh: line 16: node: command not found
Mon Jun  2 07:17:00 CDT 2025: NextJS server is not running. Skipping scheduled reports check.
Mon Jun  2 07:18:00 CDT 2025: Running scheduled reports
Mon Jun  2 07:18:00 CDT 2025: Checking if NextJS server is running...
/Users/sim/Project2/scripts/../scripts/run-simple-scheduled-reports.sh: line 16: node: command not found
Mon Jun  2 07:18:00 CDT 2025: NextJS server is not running. Skipping scheduled reports check.
Mon Jun  2 07:19:00 CDT 2025: Checking if NextJS server is running...
Mon Jun  2 07:19:00 CDT 2025: Running scheduled reports
/Users/sim/Project2/scripts/../scripts/run-simple-scheduled-reports.sh: line 16: node: command not found
Mon Jun  2 07:19:00 CDT 2025: NextJS server is not running. Skipping scheduled reports check.
Mon Jun  2 07:20:00 CDT 2025: Running scheduled reports
Mon Jun  2 07:20:00 CDT 2025: Checking if NextJS server is running...
/Users/sim/Project2/scripts/../scripts/run-simple-scheduled-reports.sh: line 16: node: command not found
Mon Jun  2 07:20:00 CDT 2025: NextJS server is not running. Skipping scheduled reports check.
Mon Jun  2 07:21:01 CDT 2025: Running scheduled reports
Mon Jun  2 07:21:01 CDT 2025: Checking if NextJS server is running...
/Users/sim/Project2/scripts/../scripts/run-simple-scheduled-reports.sh: line 16: node: command not found
Mon Jun  2 07:21:01 CDT 2025: NextJS server is not running. Skipping scheduled reports check.
Mon Jun  2 07:22:00 CDT 2025: Running scheduled reports
Mon Jun  2 07:22:00 CDT 2025: Checking if NextJS server is running...
/Users/sim/Project2/scripts/../scripts/run-simple-scheduled-reports.sh: line 16: node: command not found
Mon Jun  2 07:22:00 CDT 2025: NextJS server is not running. Skipping scheduled reports check.
Mon Jun  2 07:23:08 CDT 2025: Running scheduled reports
Mon Jun  2 07:23:08 CDT 2025: Checking if NextJS server is running...
/Users/sim/Project2/scripts/../scripts/run-simple-scheduled-reports.sh: line 16: node: command not found
Mon Jun  2 07:23:08 CDT 2025: NextJS server is not running. Skipping scheduled reports check.
Mon Jun  2 07:24:05 CDT 2025: Running scheduled reports
Mon Jun  2 07:24:05 CDT 2025: Checking if NextJS server is running...
/Users/sim/Project2/scripts/../scripts/run-simple-scheduled-reports.sh: line 16: node: command not found
Mon Jun  2 07:24:05 CDT 2025: NextJS server is not running. Skipping scheduled reports check.
Mon Jun  2 07:25:03 CDT 2025: Checking if NextJS server is running...
Mon Jun  2 07:25:03 CDT 2025: Running scheduled reports
/Users/sim/Project2/scripts/../scripts/run-simple-scheduled-reports.sh: line 16: node: command not found
Mon Jun  2 07:25:03 CDT 2025: NextJS server is not running. Skipping scheduled reports check.
Mon Jun  2 07:26:04 CDT 2025: Checking if NextJS server is running...
Mon Jun  2 07:26:04 CDT 2025: Running scheduled reports
/Users/sim/Project2/scripts/../scripts/run-simple-scheduled-reports.sh: line 16: node: command not found
Mon Jun  2 07:26:04 CDT 2025: NextJS server is not running. Skipping scheduled reports check.
Mon Jun  2 07:27:04 CDT 2025: Checking if NextJS server is running...
Mon Jun  2 07:27:04 CDT 2025: Running scheduled reports
/Users/sim/Project2/scripts/../scripts/run-simple-scheduled-reports.sh: line 16: node: command not found
Mon Jun  2 07:27:04 CDT 2025: NextJS server is not running. Skipping scheduled reports check.
Mon Jun  2 07:28:04 CDT 2025: Running scheduled reports
Mon Jun  2 07:28:04 CDT 2025: Checking if NextJS server is running...
/Users/sim/Project2/scripts/../scripts/run-simple-scheduled-reports.sh: line 16: node: command not found
Mon Jun  2 07:28:04 CDT 2025: NextJS server is not running. Skipping scheduled reports check.
Mon Jun  2 07:29:05 CDT 2025: Running scheduled reports
Mon Jun  2 07:29:05 CDT 2025: Checking if NextJS server is running...
/Users/sim/Project2/scripts/../scripts/run-simple-scheduled-reports.sh: line 16: node: command not found
Mon Jun  2 07:29:05 CDT 2025: NextJS server is not running. Skipping scheduled reports check.
Mon Jun  2 07:30:03 CDT 2025: Running scheduled reports
Mon Jun  2 07:30:03 CDT 2025: Checking if NextJS server is running...
/Users/sim/Project2/scripts/../scripts/run-simple-scheduled-reports.sh: line 16: node: command not found
Mon Jun  2 07:30:03 CDT 2025: NextJS server is not running. Skipping scheduled reports check.
Mon Jun  2 07:31:05 CDT 2025: Checking if NextJS server is running...
Mon Jun  2 07:31:05 CDT 2025: Running scheduled reports
/Users/sim/Project2/scripts/../scripts/run-simple-scheduled-reports.sh: line 16: node: command not found
Mon Jun  2 07:31:05 CDT 2025: NextJS server is not running. Skipping scheduled reports check.
Mon Jun  2 07:32:06 CDT 2025: Checking if NextJS server is running...
Mon Jun  2 07:32:06 CDT 2025: Running scheduled reports
/Users/sim/Project2/scripts/../scripts/run-simple-scheduled-reports.sh: line 16: node: command not found
Mon Jun  2 07:32:06 CDT 2025: NextJS server is not running. Skipping scheduled reports check.
Mon Jun  2 07:33:03 CDT 2025: Running scheduled reports
Mon Jun  2 07:33:03 CDT 2025: Checking if NextJS server is running...
/Users/sim/Project2/scripts/../scripts/run-simple-scheduled-reports.sh: line 16: node: command not found
Mon Jun  2 07:33:03 CDT 2025: NextJS server is not running. Skipping scheduled reports check.
Mon Jun  2 07:34:05 CDT 2025: Checking if NextJS server is running...
Mon Jun  2 07:34:05 CDT 2025: Running scheduled reports
/Users/sim/Project2/scripts/../scripts/run-simple-scheduled-reports.sh: line 16: node: command not found
Mon Jun  2 07:34:05 CDT 2025: NextJS server is not running. Skipping scheduled reports check.
Mon Jun  2 07:35:04 CDT 2025: Running scheduled reports
Mon Jun  2 07:35:04 CDT 2025: Checking if NextJS server is running...
/Users/sim/Project2/scripts/../scripts/run-simple-scheduled-reports.sh: line 16: node: command not found
Mon Jun  2 07:35:04 CDT 2025: NextJS server is not running. Skipping scheduled reports check.
Mon Jun  2 07:36:05 CDT 2025: Checking if NextJS server is running...
Mon Jun  2 07:36:05 CDT 2025: Running scheduled reports
/Users/sim/Project2/scripts/../scripts/run-simple-scheduled-reports.sh: line 16: node: command not found
Mon Jun  2 07:36:05 CDT 2025: NextJS server is not running. Skipping scheduled reports check.
Mon Jun  2 07:37:03 CDT 2025: Checking if NextJS server is running...
Mon Jun  2 07:37:03 CDT 2025: Running scheduled reports
/Users/sim/Project2/scripts/../scripts/run-simple-scheduled-reports.sh: line 16: node: command not found
Mon Jun  2 07:37:04 CDT 2025: NextJS server is not running. Skipping scheduled reports check.
Mon Jun  2 07:38:05 CDT 2025: Running scheduled reports
Mon Jun  2 07:38:05 CDT 2025: Checking if NextJS server is running...
/Users/sim/Project2/scripts/../scripts/run-simple-scheduled-reports.sh: line 16: node: command not found
Mon Jun  2 07:38:05 CDT 2025: NextJS server is not running. Skipping scheduled reports check.
Mon Jun  2 07:39:05 CDT 2025: Checking if NextJS server is running...
Mon Jun  2 07:39:05 CDT 2025: Running scheduled reports
/Users/sim/Project2/scripts/../scripts/run-simple-scheduled-reports.sh: line 16: node: command not found
Mon Jun  2 07:39:05 CDT 2025: NextJS server is not running. Skipping scheduled reports check.
Mon Jun  2 07:40:04 CDT 2025: Running scheduled reports
Mon Jun  2 07:40:04 CDT 2025: Checking if NextJS server is running...
/Users/sim/Project2/scripts/../scripts/run-simple-scheduled-reports.sh: line 16: node: command not found
Mon Jun  2 07:40:04 CDT 2025: NextJS server is not running. Skipping scheduled reports check.
Mon Jun  2 07:41:04 CDT 2025: Running scheduled reports
Mon Jun  2 07:41:04 CDT 2025: Checking if NextJS server is running...
/Users/sim/Project2/scripts/../scripts/run-simple-scheduled-reports.sh: line 16: node: command not found
Mon Jun  2 07:41:04 CDT 2025: NextJS server is not running. Skipping scheduled reports check.
Mon Jun  2 07:42:04 CDT 2025: Running scheduled reports
Mon Jun  2 07:42:04 CDT 2025: Checking if NextJS server is running...
/Users/sim/Project2/scripts/../scripts/run-simple-scheduled-reports.sh: line 16: node: command not found
Mon Jun  2 07:42:04 CDT 2025: NextJS server is not running. Skipping scheduled reports check.
Mon Jun  2 07:43:05 CDT 2025: Running scheduled reports
Mon Jun  2 07:43:05 CDT 2025: Checking if NextJS server is running...
/Users/sim/Project2/scripts/../scripts/run-simple-scheduled-reports.sh: line 16: node: command not found
Mon Jun  2 07:43:05 CDT 2025: NextJS server is not running. Skipping scheduled reports check.
Mon Jun  2 07:44:04 CDT 2025: Running scheduled reports
Mon Jun  2 07:44:04 CDT 2025: Checking if NextJS server is running...
/Users/sim/Project2/scripts/../scripts/run-simple-scheduled-reports.sh: line 16: node: command not found
Mon Jun  2 07:44:04 CDT 2025: NextJS server is not running. Skipping scheduled reports check.
Mon Jun  2 07:45:07 CDT 2025: Running scheduled reports
Mon Jun  2 07:45:07 CDT 2025: Checking if NextJS server is running...
/Users/sim/Project2/scripts/../scripts/run-simple-scheduled-reports.sh: line 16: node: command not found
Mon Jun  2 07:45:07 CDT 2025: NextJS server is not running. Skipping scheduled reports check.
Mon Jun  2 07:46:05 CDT 2025: Checking if NextJS server is running...
Mon Jun  2 07:46:05 CDT 2025: Running scheduled reports
/Users/sim/Project2/scripts/../scripts/run-simple-scheduled-reports.sh: line 16: node: command not found
Mon Jun  2 07:46:05 CDT 2025: NextJS server is not running. Skipping scheduled reports check.
Mon Jun  2 07:47:03 CDT 2025: Checking if NextJS server is running...
Mon Jun  2 07:47:03 CDT 2025: Running scheduled reports
/Users/sim/Project2/scripts/../scripts/run-simple-scheduled-reports.sh: line 16: node: command not found
Mon Jun  2 07:47:03 CDT 2025: NextJS server is not running. Skipping scheduled reports check.
Mon Jun  2 07:48:05 CDT 2025: Running scheduled reports
Mon Jun  2 07:48:05 CDT 2025: Checking if NextJS server is running...
/Users/sim/Project2/scripts/../scripts/run-simple-scheduled-reports.sh: line 16: node: command not found
Mon Jun  2 07:48:05 CDT 2025: NextJS server is not running. Skipping scheduled reports check.
Mon Jun  2 07:49:04 CDT 2025: Running scheduled reports
Mon Jun  2 07:49:04 CDT 2025: Checking if NextJS server is running...
/Users/sim/Project2/scripts/../scripts/run-simple-scheduled-reports.sh: line 16: node: command not found
Mon Jun  2 07:49:04 CDT 2025: NextJS server is not running. Skipping scheduled reports check.
Mon Jun  2 07:50:05 CDT 2025: Running scheduled reports
Mon Jun  2 07:50:05 CDT 2025: Checking if NextJS server is running...
/Users/sim/Project2/scripts/../scripts/run-simple-scheduled-reports.sh: line 16: node: command not found
Mon Jun  2 07:50:05 CDT 2025: NextJS server is not running. Skipping scheduled reports check.
Mon Jun  2 07:51:05 CDT 2025: Running scheduled reports
Mon Jun  2 07:51:05 CDT 2025: Checking if NextJS server is running...
/Users/sim/Project2/scripts/../scripts/run-simple-scheduled-reports.sh: line 16: node: command not found
Mon Jun  2 07:51:05 CDT 2025: NextJS server is not running. Skipping scheduled reports check.
Mon Jun  2 07:52:03 CDT 2025: Running scheduled reports
Mon Jun  2 07:52:03 CDT 2025: Checking if NextJS server is running...
/Users/sim/Project2/scripts/../scripts/run-simple-scheduled-reports.sh: line 16: node: command not found
Mon Jun  2 07:52:03 CDT 2025: NextJS server is not running. Skipping scheduled reports check.
Mon Jun  2 07:53:06 CDT 2025: Running scheduled reports
Mon Jun  2 07:53:06 CDT 2025: Checking if NextJS server is running...
/Users/sim/Project2/scripts/../scripts/run-simple-scheduled-reports.sh: line 16: node: command not found
Mon Jun  2 07:53:06 CDT 2025: NextJS server is not running. Skipping scheduled reports check.
Mon Jun  2 07:54:03 CDT 2025: Checking if NextJS server is running...
Mon Jun  2 07:54:03 CDT 2025: Running scheduled reports
Mon Jun  2 07:54:03 CDT 2025: NextJS server is not running. Skipping scheduled reports check.
/Users/sim/Project2/scripts/../scripts/run-simple-scheduled-reports.sh: line 16: node: command not found
Mon Jun  2 07:55:04 CDT 2025: Checking if NextJS server is running...
Mon Jun  2 07:55:04 CDT 2025: Running scheduled reports
/Users/sim/Project2/scripts/../scripts/run-simple-scheduled-reports.sh: line 16: node: command not found
Mon Jun  2 07:55:04 CDT 2025: NextJS server is not running. Skipping scheduled reports check.
Mon Jun  2 07:56:05 CDT 2025: Running scheduled reports
Mon Jun  2 07:56:05 CDT 2025: Checking if NextJS server is running...
/Users/sim/Project2/scripts/../scripts/run-simple-scheduled-reports.sh: line 16: node: command not found
Mon Jun  2 07:56:05 CDT 2025: NextJS server is not running. Skipping scheduled reports check.
Mon Jun  2 07:57:05 CDT 2025: Running scheduled reports
Mon Jun  2 07:57:05 CDT 2025: Checking if NextJS server is running...
/Users/sim/Project2/scripts/../scripts/run-simple-scheduled-reports.sh: line 16: node: command not found
Mon Jun  2 07:57:05 CDT 2025: NextJS server is not running. Skipping scheduled reports check.
Mon Jun  2 07:58:05 CDT 2025: Checking if NextJS server is running...
Mon Jun  2 07:58:05 CDT 2025: Running scheduled reports
/Users/sim/Project2/scripts/../scripts/run-simple-scheduled-reports.sh: line 16: node: command not found
Mon Jun  2 07:58:05 CDT 2025: NextJS server is not running. Skipping scheduled reports check.
Mon Jun  2 07:59:04 CDT 2025: Checking if NextJS server is running...
Mon Jun  2 07:59:04 CDT 2025: Running scheduled reports
/Users/sim/Project2/scripts/../scripts/run-simple-scheduled-reports.sh: line 16: node: command not found
Mon Jun  2 07:59:04 CDT 2025: NextJS server is not running. Skipping scheduled reports check.
Mon Jun  2 08:00:04 CDT 2025: Checking if NextJS server is running...
Mon Jun  2 08:00:04 CDT 2025: Running scheduled reports
/Users/sim/Project2/scripts/../scripts/run-simple-scheduled-reports.sh: line 16: node: command not found
Mon Jun  2 08:00:04 CDT 2025: NextJS server is not running. Skipping scheduled reports check.
Mon Jun  2 08:01:03 CDT 2025: Checking if NextJS server is running...
Mon Jun  2 08:01:03 CDT 2025: Running scheduled reports
/Users/sim/Project2/scripts/../scripts/run-simple-scheduled-reports.sh: line 16: node: command not found
Mon Jun  2 08:01:03 CDT 2025: NextJS server is not running. Skipping scheduled reports check.
Mon Jun  2 08:02:04 CDT 2025: Checking if NextJS server is running...
Mon Jun  2 08:02:04 CDT 2025: Running scheduled reports
/Users/sim/Project2/scripts/../scripts/run-simple-scheduled-reports.sh: line 16: node: command not found
Mon Jun  2 08:02:04 CDT 2025: NextJS server is not running. Skipping scheduled reports check.
Mon Jun  2 08:03:04 CDT 2025: Running scheduled reports
Mon Jun  2 08:03:04 CDT 2025: Checking if NextJS server is running...
/Users/sim/Project2/scripts/../scripts/run-simple-scheduled-reports.sh: line 16: node: command not found
Mon Jun  2 08:03:04 CDT 2025: NextJS server is not running. Skipping scheduled reports check.
Mon Jun  2 08:04:06 CDT 2025: Checking if NextJS server is running...
Mon Jun  2 08:04:06 CDT 2025: Running scheduled reports
/Users/sim/Project2/scripts/../scripts/run-simple-scheduled-reports.sh: line 16: node: command not found
Mon Jun  2 08:04:06 CDT 2025: NextJS server is not running. Skipping scheduled reports check.
Mon Jun  2 08:05:04 CDT 2025: Running scheduled reports
Mon Jun  2 08:05:04 CDT 2025: Checking if NextJS server is running...
/Users/sim/Project2/scripts/../scripts/run-simple-scheduled-reports.sh: line 16: node: command not found
Mon Jun  2 08:05:04 CDT 2025: NextJS server is not running. Skipping scheduled reports check.
Mon Jun  2 08:06:07 CDT 2025: Running scheduled reports
Mon Jun  2 08:06:07 CDT 2025: Checking if NextJS server is running...
/Users/sim/Project2/scripts/../scripts/run-simple-scheduled-reports.sh: line 16: node: command not found
Mon Jun  2 08:06:08 CDT 2025: NextJS server is not running. Skipping scheduled reports check.
Mon Jun  2 08:07:03 CDT 2025: Checking if NextJS server is running...
Mon Jun  2 08:07:03 CDT 2025: Running scheduled reports
/Users/sim/Project2/scripts/../scripts/run-simple-scheduled-reports.sh: line 16: node: command not found
Mon Jun  2 08:07:03 CDT 2025: NextJS server is not running. Skipping scheduled reports check.
Mon Jun  2 08:08:05 CDT 2025: Running scheduled reports
Mon Jun  2 08:08:05 CDT 2025: Checking if NextJS server is running...
/Users/sim/Project2/scripts/../scripts/run-simple-scheduled-reports.sh: line 16: node: command not found
Mon Jun  2 08:08:05 CDT 2025: NextJS server is not running. Skipping scheduled reports check.
Mon Jun  2 08:09:03 CDT 2025: Running scheduled reports
Mon Jun  2 08:09:03 CDT 2025: Checking if NextJS server is running...
/Users/sim/Project2/scripts/../scripts/run-simple-scheduled-reports.sh: line 16: node: command not found
Mon Jun  2 08:09:03 CDT 2025: NextJS server is not running. Skipping scheduled reports check.
Mon Jun  2 08:10:05 CDT 2025: Running scheduled reports
Mon Jun  2 08:10:05 CDT 2025: Checking if NextJS server is running...
/Users/sim/Project2/scripts/../scripts/run-simple-scheduled-reports.sh: line 16: node: command not found
Mon Jun  2 08:10:05 CDT 2025: NextJS server is not running. Skipping scheduled reports check.
Mon Jun  2 08:11:06 CDT 2025: Running scheduled reports
Mon Jun  2 08:11:06 CDT 2025: Checking if NextJS server is running...
/Users/sim/Project2/scripts/../scripts/run-simple-scheduled-reports.sh: line 16: node: command not found
Mon Jun  2 08:11:06 CDT 2025: NextJS server is not running. Skipping scheduled reports check.
Mon Jun  2 08:12:04 CDT 2025: Running scheduled reports
Mon Jun  2 08:12:04 CDT 2025: Checking if NextJS server is running...
/Users/sim/Project2/scripts/../scripts/run-simple-scheduled-reports.sh: line 16: node: command not found
Mon Jun  2 08:12:04 CDT 2025: NextJS server is not running. Skipping scheduled reports check.
Mon Jun  2 08:13:05 CDT 2025: Checking if NextJS server is running...
Mon Jun  2 08:13:05 CDT 2025: Running scheduled reports
/Users/sim/Project2/scripts/../scripts/run-simple-scheduled-reports.sh: line 16: node: command not found
Mon Jun  2 08:13:05 CDT 2025: NextJS server is not running. Skipping scheduled reports check.
Mon Jun  2 08:14:05 CDT 2025: Running scheduled reports
Mon Jun  2 08:14:05 CDT 2025: Checking if NextJS server is running...
/Users/sim/Project2/scripts/../scripts/run-simple-scheduled-reports.sh: line 16: node: command not found
Mon Jun  2 08:14:05 CDT 2025: NextJS server is not running. Skipping scheduled reports check.
Mon Jun  2 08:15:04 CDT 2025: Checking if NextJS server is running...
Mon Jun  2 08:15:04 CDT 2025: Running scheduled reports
/Users/sim/Project2/scripts/../scripts/run-simple-scheduled-reports.sh: line 16: node: command not found
Mon Jun  2 08:15:05 CDT 2025: NextJS server is not running. Skipping scheduled reports check.
Mon Jun  2 08:16:05 CDT 2025: Running scheduled reports
Mon Jun  2 08:16:05 CDT 2025: Checking if NextJS server is running...
/Users/sim/Project2/scripts/../scripts/run-simple-scheduled-reports.sh: line 16: node: command not found
Mon Jun  2 08:16:05 CDT 2025: NextJS server is not running. Skipping scheduled reports check.
Mon Jun  2 08:17:04 CDT 2025: Running scheduled reports
Mon Jun  2 08:17:04 CDT 2025: Checking if NextJS server is running...
/Users/sim/Project2/scripts/../scripts/run-simple-scheduled-reports.sh: line 16: node: command not found
Mon Jun  2 08:17:04 CDT 2025: NextJS server is not running. Skipping scheduled reports check.
Mon Jun  2 08:18:05 CDT 2025: Running scheduled reports
Mon Jun  2 08:18:05 CDT 2025: Checking if NextJS server is running...
/Users/sim/Project2/scripts/../scripts/run-simple-scheduled-reports.sh: line 16: node: command not found
Mon Jun  2 08:18:05 CDT 2025: NextJS server is not running. Skipping scheduled reports check.
Mon Jun  2 08:19:06 CDT 2025: Checking if NextJS server is running...
Mon Jun  2 08:19:06 CDT 2025: Running scheduled reports
/Users/sim/Project2/scripts/../scripts/run-simple-scheduled-reports.sh: line 16: node: command not found
Mon Jun  2 08:19:06 CDT 2025: NextJS server is not running. Skipping scheduled reports check.
Mon Jun  2 08:20:05 CDT 2025: Running scheduled reports
Mon Jun  2 08:20:05 CDT 2025: Checking if NextJS server is running...
/Users/sim/Project2/scripts/../scripts/run-simple-scheduled-reports.sh: line 16: node: command not found
Mon Jun  2 08:20:05 CDT 2025: NextJS server is not running. Skipping scheduled reports check.
Mon Jun  2 08:21:04 CDT 2025: Checking if NextJS server is running...
Mon Jun  2 08:21:04 CDT 2025: Running scheduled reports
/Users/sim/Project2/scripts/../scripts/run-simple-scheduled-reports.sh: line 16: node: command not found
Mon Jun  2 08:21:04 CDT 2025: NextJS server is not running. Skipping scheduled reports check.
Mon Jun  2 08:22:04 CDT 2025: Running scheduled reports
Mon Jun  2 08:22:04 CDT 2025: Checking if NextJS server is running...
/Users/sim/Project2/scripts/../scripts/run-simple-scheduled-reports.sh: line 16: node: command not found
Mon Jun  2 08:22:04 CDT 2025: NextJS server is not running. Skipping scheduled reports check.
Mon Jun  2 08:23:05 CDT 2025: Checking if NextJS server is running...
Mon Jun  2 08:23:05 CDT 2025: Running scheduled reports
/Users/sim/Project2/scripts/../scripts/run-simple-scheduled-reports.sh: line 16: node: command not found
Mon Jun  2 08:23:05 CDT 2025: NextJS server is not running. Skipping scheduled reports check.
Mon Jun  2 08:24:04 CDT 2025: Checking if NextJS server is running...
Mon Jun  2 08:24:04 CDT 2025: Running scheduled reports
Mon Jun  2 08:24:04 CDT 2025: NextJS server is not running. Skipping scheduled reports check.
/Users/sim/Project2/scripts/../scripts/run-simple-scheduled-reports.sh: line 16: node: command not found
Mon Jun  2 08:25:04 CDT 2025: Checking if NextJS server is running...
Mon Jun  2 08:25:04 CDT 2025: Running scheduled reports
/Users/sim/Project2/scripts/../scripts/run-simple-scheduled-reports.sh: line 16: node: command not found
Mon Jun  2 08:25:04 CDT 2025: NextJS server is not running. Skipping scheduled reports check.
Mon Jun  2 08:26:03 CDT 2025: Checking if NextJS server is running...
Mon Jun  2 08:26:03 CDT 2025: Running scheduled reports
/Users/sim/Project2/scripts/../scripts/run-simple-scheduled-reports.sh: line 16: node: command not found
Mon Jun  2 08:26:03 CDT 2025: NextJS server is not running. Skipping scheduled reports check.
Mon Jun  2 08:27:05 CDT 2025: Checking if NextJS server is running...
Mon Jun  2 08:27:05 CDT 2025: Running scheduled reports
/Users/sim/Project2/scripts/../scripts/run-simple-scheduled-reports.sh: line 16: node: command not found
Mon Jun  2 08:27:05 CDT 2025: NextJS server is not running. Skipping scheduled reports check.
Mon Jun  2 08:28:04 CDT 2025: Running scheduled reports
Mon Jun  2 08:28:04 CDT 2025: Checking if NextJS server is running...
/Users/sim/Project2/scripts/../scripts/run-simple-scheduled-reports.sh: line 16: node: command not found
Mon Jun  2 08:28:04 CDT 2025: NextJS server is not running. Skipping scheduled reports check.
Mon Jun  2 08:29:03 CDT 2025: Checking if NextJS server is running...
Mon Jun  2 08:29:03 CDT 2025: Running scheduled reports
/Users/sim/Project2/scripts/../scripts/run-simple-scheduled-reports.sh: line 16: node: command not found
Mon Jun  2 08:29:03 CDT 2025: NextJS server is not running. Skipping scheduled reports check.
Mon Jun  2 08:30:04 CDT 2025: Checking if NextJS server is running...
Mon Jun  2 08:30:04 CDT 2025: Running scheduled reports
/Users/sim/Project2/scripts/../scripts/run-simple-scheduled-reports.sh: line 16: node: command not found
Mon Jun  2 08:30:04 CDT 2025: NextJS server is not running. Skipping scheduled reports check.
Mon Jun  2 08:31:04 CDT 2025: Running scheduled reports
Mon Jun  2 08:31:04 CDT 2025: Checking if NextJS server is running...
/Users/sim/Project2/scripts/../scripts/run-simple-scheduled-reports.sh: line 16: node: command not found
Mon Jun  2 08:31:04 CDT 2025: NextJS server is not running. Skipping scheduled reports check.
Mon Jun  2 08:32:06 CDT 2025: Running scheduled reports
Mon Jun  2 08:32:06 CDT 2025: Checking if NextJS server is running...
/Users/sim/Project2/scripts/../scripts/run-simple-scheduled-reports.sh: line 16: node: command not found
Mon Jun  2 08:32:06 CDT 2025: NextJS server is not running. Skipping scheduled reports check.
Mon Jun  2 08:33:05 CDT 2025: Checking if NextJS server is running...
Mon Jun  2 08:33:05 CDT 2025: Running scheduled reports
/Users/sim/Project2/scripts/../scripts/run-simple-scheduled-reports.sh: line 16: node: command not found
Mon Jun  2 08:33:05 CDT 2025: NextJS server is not running. Skipping scheduled reports check.
Mon Jun  2 08:34:05 CDT 2025: Running scheduled reports
Mon Jun  2 08:34:05 CDT 2025: Checking if NextJS server is running...
/Users/sim/Project2/scripts/../scripts/run-simple-scheduled-reports.sh: line 16: node: command not found
Mon Jun  2 08:34:05 CDT 2025: NextJS server is not running. Skipping scheduled reports check.
Mon Jun  2 08:35:04 CDT 2025: Checking if NextJS server is running...
Mon Jun  2 08:35:04 CDT 2025: Running scheduled reports
/Users/sim/Project2/scripts/../scripts/run-simple-scheduled-reports.sh: line 16: node: command not found
Mon Jun  2 08:35:04 CDT 2025: NextJS server is not running. Skipping scheduled reports check.
Mon Jun  2 08:36:05 CDT 2025: Running scheduled reports
Mon Jun  2 08:36:05 CDT 2025: Checking if NextJS server is running...
/Users/sim/Project2/scripts/../scripts/run-simple-scheduled-reports.sh: line 16: node: command not found
Mon Jun  2 08:36:05 CDT 2025: NextJS server is not running. Skipping scheduled reports check.
Mon Jun  2 08:37:04 CDT 2025: Checking if NextJS server is running...
Mon Jun  2 08:37:04 CDT 2025: Running scheduled reports
/Users/sim/Project2/scripts/../scripts/run-simple-scheduled-reports.sh: line 16: node: command not found
Mon Jun  2 08:37:04 CDT 2025: NextJS server is not running. Skipping scheduled reports check.
Mon Jun  2 08:38:04 CDT 2025: Running scheduled reports
Mon Jun  2 08:38:04 CDT 2025: Checking if NextJS server is running...
/Users/sim/Project2/scripts/../scripts/run-simple-scheduled-reports.sh: line 16: node: command not found
Mon Jun  2 08:38:04 CDT 2025: NextJS server is not running. Skipping scheduled reports check.
Mon Jun  2 08:39:05 CDT 2025: Checking if NextJS server is running...
Mon Jun  2 08:39:05 CDT 2025: Running scheduled reports
/Users/sim/Project2/scripts/../scripts/run-simple-scheduled-reports.sh: line 16: node: command not found
Mon Jun  2 08:39:05 CDT 2025: NextJS server is not running. Skipping scheduled reports check.
Mon Jun  2 08:40:04 CDT 2025: Checking if NextJS server is running...
Mon Jun  2 08:40:04 CDT 2025: Running scheduled reports
/Users/sim/Project2/scripts/../scripts/run-simple-scheduled-reports.sh: line 16: node: command not found
Mon Jun  2 08:40:05 CDT 2025: NextJS server is not running. Skipping scheduled reports check.
Mon Jun  2 08:41:02 CDT 2025: Running scheduled reports
Mon Jun  2 08:41:02 CDT 2025: Checking if NextJS server is running...
/Users/sim/Project2/scripts/../scripts/run-simple-scheduled-reports.sh: line 16: node: command not found
Mon Jun  2 08:41:02 CDT 2025: NextJS server is not running. Skipping scheduled reports check.
Mon Jun  2 08:42:08 CDT 2025: Checking if NextJS server is running...
Mon Jun  2 08:42:08 CDT 2025: Running scheduled reports
/Users/sim/Project2/scripts/../scripts/run-simple-scheduled-reports.sh: line 16: node: command not found
Mon Jun  2 08:42:08 CDT 2025: NextJS server is not running. Skipping scheduled reports check.
Mon Jun  2 08:43:04 CDT 2025: Running scheduled reports
Mon Jun  2 08:43:04 CDT 2025: Checking if NextJS server is running...
/Users/sim/Project2/scripts/../scripts/run-simple-scheduled-reports.sh: line 16: node: command not found
Mon Jun  2 08:43:04 CDT 2025: NextJS server is not running. Skipping scheduled reports check.
Mon Jun  2 08:44:05 CDT 2025: Checking if NextJS server is running...
Mon Jun  2 08:44:05 CDT 2025: Running scheduled reports
/Users/sim/Project2/scripts/../scripts/run-simple-scheduled-reports.sh: line 16: node: command not found
Mon Jun  2 08:44:05 CDT 2025: NextJS server is not running. Skipping scheduled reports check.
Mon Jun  2 08:45:03 CDT 2025: Running scheduled reports
Mon Jun  2 08:45:03 CDT 2025: Checking if NextJS server is running...
/Users/sim/Project2/scripts/../scripts/run-simple-scheduled-reports.sh: line 16: node: command not found
Mon Jun  2 08:45:03 CDT 2025: NextJS server is not running. Skipping scheduled reports check.
Mon Jun  2 08:46:04 CDT 2025: Checking if NextJS server is running...
Mon Jun  2 08:46:04 CDT 2025: Running scheduled reports
/Users/sim/Project2/scripts/../scripts/run-simple-scheduled-reports.sh: line 16: node: command not found
Mon Jun  2 08:46:04 CDT 2025: NextJS server is not running. Skipping scheduled reports check.
Mon Jun  2 08:47:04 CDT 2025: Checking if NextJS server is running...
Mon Jun  2 08:47:04 CDT 2025: Running scheduled reports
/Users/sim/Project2/scripts/../scripts/run-simple-scheduled-reports.sh: line 16: node: command not found
Mon Jun  2 08:47:04 CDT 2025: NextJS server is not running. Skipping scheduled reports check.
Mon Jun  2 08:48:06 CDT 2025: Checking if NextJS server is running...
Mon Jun  2 08:48:06 CDT 2025: Running scheduled reports
/Users/sim/Project2/scripts/../scripts/run-simple-scheduled-reports.sh: line 16: node: command not found
Mon Jun  2 08:48:06 CDT 2025: NextJS server is not running. Skipping scheduled reports check.
Mon Jun  2 08:49:03 CDT 2025: Running scheduled reports
Mon Jun  2 08:49:03 CDT 2025: Checking if NextJS server is running...
/Users/sim/Project2/scripts/../scripts/run-simple-scheduled-reports.sh: line 16: node: command not found
Mon Jun  2 08:49:03 CDT 2025: NextJS server is not running. Skipping scheduled reports check.
Mon Jun  2 08:50:06 CDT 2025: Running scheduled reports
Mon Jun  2 08:50:06 CDT 2025: Checking if NextJS server is running...
/Users/sim/Project2/scripts/../scripts/run-simple-scheduled-reports.sh: line 16: node: command not found
Mon Jun  2 08:50:06 CDT 2025: NextJS server is not running. Skipping scheduled reports check.
Mon Jun  2 08:51:05 CDT 2025: Running scheduled reports
Mon Jun  2 08:51:05 CDT 2025: Checking if NextJS server is running...
/Users/sim/Project2/scripts/../scripts/run-simple-scheduled-reports.sh: line 16: node: command not found
Mon Jun  2 08:51:05 CDT 2025: NextJS server is not running. Skipping scheduled reports check.
Mon Jun  2 08:52:04 CDT 2025: Running scheduled reports
Mon Jun  2 08:52:04 CDT 2025: Checking if NextJS server is running...
/Users/sim/Project2/scripts/../scripts/run-simple-scheduled-reports.sh: line 16: node: command not found
Mon Jun  2 08:52:04 CDT 2025: NextJS server is not running. Skipping scheduled reports check.
Mon Jun  2 08:53:05 CDT 2025: Running scheduled reports
Mon Jun  2 08:53:05 CDT 2025: Checking if NextJS server is running...
/Users/sim/Project2/scripts/../scripts/run-simple-scheduled-reports.sh: line 16: node: command not found
Mon Jun  2 08:53:05 CDT 2025: NextJS server is not running. Skipping scheduled reports check.
Mon Jun  2 08:54:04 CDT 2025: Checking if NextJS server is running...
Mon Jun  2 08:54:04 CDT 2025: Running scheduled reports
/Users/sim/Project2/scripts/../scripts/run-simple-scheduled-reports.sh: line 16: node: command not found
Mon Jun  2 08:54:04 CDT 2025: NextJS server is not running. Skipping scheduled reports check.
Mon Jun  2 08:55:05 CDT 2025: Running scheduled reports
Mon Jun  2 08:55:05 CDT 2025: Checking if NextJS server is running...
/Users/sim/Project2/scripts/../scripts/run-simple-scheduled-reports.sh: line 16: node: command not found
Mon Jun  2 08:55:05 CDT 2025: NextJS server is not running. Skipping scheduled reports check.
Mon Jun  2 08:56:04 CDT 2025: Checking if NextJS server is running...
Mon Jun  2 08:56:04 CDT 2025: Running scheduled reports
/Users/sim/Project2/scripts/../scripts/run-simple-scheduled-reports.sh: line 16: node: command not found
Mon Jun  2 08:56:04 CDT 2025: NextJS server is not running. Skipping scheduled reports check.
Mon Jun  2 08:57:04 CDT 2025: Checking if NextJS server is running...
Mon Jun  2 08:57:04 CDT 2025: Running scheduled reports
/Users/sim/Project2/scripts/../scripts/run-simple-scheduled-reports.sh: line 16: node: command not found
Mon Jun  2 08:57:04 CDT 2025: NextJS server is not running. Skipping scheduled reports check.
Mon Jun  2 08:58:04 CDT 2025: Running scheduled reports
Mon Jun  2 08:58:04 CDT 2025: Checking if NextJS server is running...
/Users/sim/Project2/scripts/../scripts/run-simple-scheduled-reports.sh: line 16: node: command not found
Mon Jun  2 08:58:04 CDT 2025: NextJS server is not running. Skipping scheduled reports check.
Mon Jun  2 08:59:06 CDT 2025: Checking if NextJS server is running...
Mon Jun  2 08:59:06 CDT 2025: Running scheduled reports
/Users/sim/Project2/scripts/../scripts/run-simple-scheduled-reports.sh: line 16: node: command not found
Mon Jun  2 08:59:06 CDT 2025: NextJS server is not running. Skipping scheduled reports check.
Mon Jun  2 09:00:03 CDT 2025: Running scheduled reports
Mon Jun  2 09:00:03 CDT 2025: Checking if NextJS server is running...
/Users/sim/Project2/scripts/../scripts/run-simple-scheduled-reports.sh: line 16: node: command not found
Mon Jun  2 09:00:03 CDT 2025: NextJS server is not running. Skipping scheduled reports check.
Mon Jun  2 09:01:05 CDT 2025: Checking if NextJS server is running...
Mon Jun  2 09:01:05 CDT 2025: Running scheduled reports
/Users/sim/Project2/scripts/../scripts/run-simple-scheduled-reports.sh: line 16: node: command not found
Mon Jun  2 09:01:05 CDT 2025: NextJS server is not running. Skipping scheduled reports check.
Mon Jun  2 09:02:04 CDT 2025: Running scheduled reports
Mon Jun  2 09:02:04 CDT 2025: Checking if NextJS server is running...
/Users/sim/Project2/scripts/../scripts/run-simple-scheduled-reports.sh: line 16: node: command not found
Mon Jun  2 09:02:04 CDT 2025: NextJS server is not running. Skipping scheduled reports check.
Mon Jun  2 09:03:05 CDT 2025: Checking if NextJS server is running...
Mon Jun  2 09:03:05 CDT 2025: Running scheduled reports
/Users/sim/Project2/scripts/../scripts/run-simple-scheduled-reports.sh: line 16: node: command not found
Mon Jun  2 09:03:05 CDT 2025: NextJS server is not running. Skipping scheduled reports check.
Mon Jun  2 09:04:05 CDT 2025: Running scheduled reports
Mon Jun  2 09:04:05 CDT 2025: Checking if NextJS server is running...
/Users/sim/Project2/scripts/../scripts/run-simple-scheduled-reports.sh: line 16: node: command not found
Mon Jun  2 09:04:05 CDT 2025: NextJS server is not running. Skipping scheduled reports check.
Mon Jun  2 09:05:04 CDT 2025: Checking if NextJS server is running...
Mon Jun  2 09:05:04 CDT 2025: Running scheduled reports
/Users/sim/Project2/scripts/../scripts/run-simple-scheduled-reports.sh: line 16: node: command not found
Mon Jun  2 09:05:04 CDT 2025: NextJS server is not running. Skipping scheduled reports check.
Mon Jun  2 09:06:03 CDT 2025: Running scheduled reports
Mon Jun  2 09:06:03 CDT 2025: Checking if NextJS server is running...
/Users/sim/Project2/scripts/../scripts/run-simple-scheduled-reports.sh: line 16: node: command not found
Mon Jun  2 09:06:03 CDT 2025: NextJS server is not running. Skipping scheduled reports check.
Mon Jun  2 09:07:06 CDT 2025: Running scheduled reports
Mon Jun  2 09:07:06 CDT 2025: Checking if NextJS server is running...
/Users/sim/Project2/scripts/../scripts/run-simple-scheduled-reports.sh: line 16: node: command not found
Mon Jun  2 09:07:06 CDT 2025: NextJS server is not running. Skipping scheduled reports check.
Mon Jun  2 09:08:04 CDT 2025: Checking if NextJS server is running...
Mon Jun  2 09:08:04 CDT 2025: Running scheduled reports
/Users/sim/Project2/scripts/../scripts/run-simple-scheduled-reports.sh: line 16: node: command not found
Mon Jun  2 09:08:04 CDT 2025: NextJS server is not running. Skipping scheduled reports check.
Mon Jun  2 09:09:05 CDT 2025: Checking if NextJS server is running...
Mon Jun  2 09:09:05 CDT 2025: Running scheduled reports
/Users/sim/Project2/scripts/../scripts/run-simple-scheduled-reports.sh: line 16: node: command not found
Mon Jun  2 09:09:05 CDT 2025: NextJS server is not running. Skipping scheduled reports check.
Mon Jun  2 09:10:04 CDT 2025: Running scheduled reports
Mon Jun  2 09:10:04 CDT 2025: Checking if NextJS server is running...
/Users/sim/Project2/scripts/../scripts/run-simple-scheduled-reports.sh: line 16: node: command not found
Mon Jun  2 09:10:04 CDT 2025: NextJS server is not running. Skipping scheduled reports check.
Mon Jun  2 09:11:06 CDT 2025: Checking if NextJS server is running...
Mon Jun  2 09:11:06 CDT 2025: Running scheduled reports
/Users/sim/Project2/scripts/../scripts/run-simple-scheduled-reports.sh: line 16: node: command not found
Mon Jun  2 09:11:06 CDT 2025: NextJS server is not running. Skipping scheduled reports check.
Mon Jun  2 09:12:04 CDT 2025: Running scheduled reports
Mon Jun  2 09:12:04 CDT 2025: Checking if NextJS server is running...
/Users/sim/Project2/scripts/../scripts/run-simple-scheduled-reports.sh: line 16: node: command not found
Mon Jun  2 09:12:04 CDT 2025: NextJS server is not running. Skipping scheduled reports check.
Mon Jun  2 09:13:04 CDT 2025: Checking if NextJS server is running...
Mon Jun  2 09:13:04 CDT 2025: Running scheduled reports
/Users/sim/Project2/scripts/../scripts/run-simple-scheduled-reports.sh: line 16: node: command not found
Mon Jun  2 09:13:04 CDT 2025: NextJS server is not running. Skipping scheduled reports check.
Mon Jun  2 09:14:05 CDT 2025: Running scheduled reports
Mon Jun  2 09:14:05 CDT 2025: Checking if NextJS server is running...
/Users/sim/Project2/scripts/../scripts/run-simple-scheduled-reports.sh: line 16: node: command not found
Mon Jun  2 09:14:05 CDT 2025: NextJS server is not running. Skipping scheduled reports check.
Mon Jun  2 09:15:06 CDT 2025: Checking if NextJS server is running...
Mon Jun  2 09:15:06 CDT 2025: Running scheduled reports
/Users/sim/Project2/scripts/../scripts/run-simple-scheduled-reports.sh: line 16: node: command not found
Mon Jun  2 09:15:06 CDT 2025: NextJS server is not running. Skipping scheduled reports check.
Mon Jun  2 09:16:04 CDT 2025: Checking if NextJS server is running...
Mon Jun  2 09:16:04 CDT 2025: Running scheduled reports
/Users/sim/Project2/scripts/../scripts/run-simple-scheduled-reports.sh: line 16: node: command not found
Mon Jun  2 09:16:04 CDT 2025: NextJS server is not running. Skipping scheduled reports check.
Mon Jun  2 09:17:05 CDT 2025: Checking if NextJS server is running...
Mon Jun  2 09:17:05 CDT 2025: Running scheduled reports
/Users/sim/Project2/scripts/../scripts/run-simple-scheduled-reports.sh: line 16: node: command not found
Mon Jun  2 09:17:05 CDT 2025: NextJS server is not running. Skipping scheduled reports check.
Mon Jun  2 09:18:04 CDT 2025: Running scheduled reports
Mon Jun  2 09:18:04 CDT 2025: Checking if NextJS server is running...
/Users/sim/Project2/scripts/../scripts/run-simple-scheduled-reports.sh: line 16: node: command not found
Mon Jun  2 09:18:04 CDT 2025: NextJS server is not running. Skipping scheduled reports check.
Mon Jun  2 09:19:05 CDT 2025: Running scheduled reports
Mon Jun  2 09:19:05 CDT 2025: Checking if NextJS server is running...
/Users/sim/Project2/scripts/../scripts/run-simple-scheduled-reports.sh: line 16: node: command not found
Mon Jun  2 09:19:05 CDT 2025: NextJS server is not running. Skipping scheduled reports check.
Mon Jun  2 09:20:05 CDT 2025: Checking if NextJS server is running...
Mon Jun  2 09:20:05 CDT 2025: Running scheduled reports
/Users/sim/Project2/scripts/../scripts/run-simple-scheduled-reports.sh: line 16: node: command not found
Mon Jun  2 09:20:05 CDT 2025: NextJS server is not running. Skipping scheduled reports check.
Mon Jun  2 09:21:04 CDT 2025: Checking if NextJS server is running...
Mon Jun  2 09:21:04 CDT 2025: Running scheduled reports
/Users/sim/Project2/scripts/../scripts/run-simple-scheduled-reports.sh: line 16: node: command not found
Mon Jun  2 09:21:05 CDT 2025: NextJS server is not running. Skipping scheduled reports check.
Mon Jun  2 09:22:05 CDT 2025: Running scheduled reports
Mon Jun  2 09:22:05 CDT 2025: Checking if NextJS server is running...
/Users/sim/Project2/scripts/../scripts/run-simple-scheduled-reports.sh: line 16: node: command not found
Mon Jun  2 09:22:05 CDT 2025: NextJS server is not running. Skipping scheduled reports check.
Mon Jun  2 09:23:04 CDT 2025: Running scheduled reports
Mon Jun  2 09:23:04 CDT 2025: Checking if NextJS server is running...
/Users/sim/Project2/scripts/../scripts/run-simple-scheduled-reports.sh: line 16: node: command not found
Mon Jun  2 09:23:04 CDT 2025: NextJS server is not running. Skipping scheduled reports check.
Mon Jun  2 09:24:06 CDT 2025: Checking if NextJS server is running...
Mon Jun  2 09:24:06 CDT 2025: Running scheduled reports
/Users/sim/Project2/scripts/../scripts/run-simple-scheduled-reports.sh: line 16: node: command not found
Mon Jun  2 09:24:06 CDT 2025: NextJS server is not running. Skipping scheduled reports check.
Mon Jun  2 09:25:05 CDT 2025: Checking if NextJS server is running...
Mon Jun  2 09:25:05 CDT 2025: Running scheduled reports
/Users/sim/Project2/scripts/../scripts/run-simple-scheduled-reports.sh: line 16: node: command not found
Mon Jun  2 09:25:05 CDT 2025: NextJS server is not running. Skipping scheduled reports check.
Mon Jun  2 09:26:04 CDT 2025: Running scheduled reports
Mon Jun  2 09:26:04 CDT 2025: Checking if NextJS server is running...
/Users/sim/Project2/scripts/../scripts/run-simple-scheduled-reports.sh: line 16: node: command not found
Mon Jun  2 09:26:04 CDT 2025: NextJS server is not running. Skipping scheduled reports check.
Mon Jun  2 09:27:06 CDT 2025: Checking if NextJS server is running...
Mon Jun  2 09:27:06 CDT 2025: Running scheduled reports
/Users/sim/Project2/scripts/../scripts/run-simple-scheduled-reports.sh: line 16: node: command not found
Mon Jun  2 09:27:06 CDT 2025: NextJS server is not running. Skipping scheduled reports check.
Mon Jun  2 09:28:04 CDT 2025: Running scheduled reports
Mon Jun  2 09:28:04 CDT 2025: Checking if NextJS server is running...
/Users/sim/Project2/scripts/../scripts/run-simple-scheduled-reports.sh: line 16: node: command not found
Mon Jun  2 09:28:04 CDT 2025: NextJS server is not running. Skipping scheduled reports check.
Mon Jun  2 09:29:05 CDT 2025: Running scheduled reports
Mon Jun  2 09:29:05 CDT 2025: Checking if NextJS server is running...
/Users/sim/Project2/scripts/../scripts/run-simple-scheduled-reports.sh: line 16: node: command not found
Mon Jun  2 09:29:05 CDT 2025: NextJS server is not running. Skipping scheduled reports check.
Mon Jun  2 09:30:05 CDT 2025: Running scheduled reports
Mon Jun  2 09:30:05 CDT 2025: Checking if NextJS server is running...
/Users/sim/Project2/scripts/../scripts/run-simple-scheduled-reports.sh: line 16: node: command not found
Mon Jun  2 09:30:05 CDT 2025: NextJS server is not running. Skipping scheduled reports check.
Mon Jun  2 09:31:06 CDT 2025: Running scheduled reports
Mon Jun  2 09:31:06 CDT 2025: Checking if NextJS server is running...
/Users/sim/Project2/scripts/../scripts/run-simple-scheduled-reports.sh: line 16: node: command not found
Mon Jun  2 09:31:06 CDT 2025: NextJS server is not running. Skipping scheduled reports check.
Mon Jun  2 09:32:03 CDT 2025: Running scheduled reports
Mon Jun  2 09:32:03 CDT 2025: Checking if NextJS server is running...
/Users/sim/Project2/scripts/../scripts/run-simple-scheduled-reports.sh: line 16: node: command not found
Mon Jun  2 09:32:03 CDT 2025: NextJS server is not running. Skipping scheduled reports check.
Mon Jun  2 09:33:06 CDT 2025: Checking if NextJS server is running...
Mon Jun  2 09:33:06 CDT 2025: Running scheduled reports
/Users/sim/Project2/scripts/../scripts/run-simple-scheduled-reports.sh: line 16: node: command not found
Mon Jun  2 09:33:06 CDT 2025: NextJS server is not running. Skipping scheduled reports check.
Mon Jun  2 09:34:04 CDT 2025: Running scheduled reports
Mon Jun  2 09:34:04 CDT 2025: Checking if NextJS server is running...
/Users/sim/Project2/scripts/../scripts/run-simple-scheduled-reports.sh: line 16: node: command not found
Mon Jun  2 09:34:04 CDT 2025: NextJS server is not running. Skipping scheduled reports check.
Mon Jun  2 09:35:04 CDT 2025: Checking if NextJS server is running...
Mon Jun  2 09:35:04 CDT 2025: Running scheduled reports
/Users/sim/Project2/scripts/../scripts/run-simple-scheduled-reports.sh: line 16: node: command not found
Mon Jun  2 09:35:04 CDT 2025: NextJS server is not running. Skipping scheduled reports check.
Mon Jun  2 09:36:05 CDT 2025: Checking if NextJS server is running...
Mon Jun  2 09:36:05 CDT 2025: Running scheduled reports
/Users/sim/Project2/scripts/../scripts/run-simple-scheduled-reports.sh: line 16: node: command not found
Mon Jun  2 09:36:05 CDT 2025: NextJS server is not running. Skipping scheduled reports check.
Mon Jun  2 09:37:04 CDT 2025: Running scheduled reports
Mon Jun  2 09:37:04 CDT 2025: Checking if NextJS server is running...
/Users/sim/Project2/scripts/../scripts/run-simple-scheduled-reports.sh: line 16: node: command not found
Mon Jun  2 09:37:04 CDT 2025: NextJS server is not running. Skipping scheduled reports check.
Mon Jun  2 09:38:06 CDT 2025: Checking if NextJS server is running...
Mon Jun  2 09:38:06 CDT 2025: Running scheduled reports
/Users/sim/Project2/scripts/../scripts/run-simple-scheduled-reports.sh: line 16: node: command not found
Mon Jun  2 09:38:06 CDT 2025: NextJS server is not running. Skipping scheduled reports check.
Mon Jun  2 09:39:06 CDT 2025: Running scheduled reports
Mon Jun  2 09:39:06 CDT 2025: Checking if NextJS server is running...
/Users/sim/Project2/scripts/../scripts/run-simple-scheduled-reports.sh: line 16: node: command not found
Mon Jun  2 09:39:06 CDT 2025: NextJS server is not running. Skipping scheduled reports check.
Mon Jun  2 09:40:02 CDT 2025: Checking if NextJS server is running...
Mon Jun  2 09:40:02 CDT 2025: Running scheduled reports
/Users/sim/Project2/scripts/../scripts/run-simple-scheduled-reports.sh: line 16: node: command not found
Mon Jun  2 09:40:02 CDT 2025: NextJS server is not running. Skipping scheduled reports check.
Mon Jun  2 09:41:05 CDT 2025: Running scheduled reports
Mon Jun  2 09:41:05 CDT 2025: Checking if NextJS server is running...
/Users/sim/Project2/scripts/../scripts/run-simple-scheduled-reports.sh: line 16: node: command not found
Mon Jun  2 09:41:05 CDT 2025: NextJS server is not running. Skipping scheduled reports check.
Mon Jun  2 09:42:05 CDT 2025: Running scheduled reports
Mon Jun  2 09:42:05 CDT 2025: Checking if NextJS server is running...
/Users/sim/Project2/scripts/../scripts/run-simple-scheduled-reports.sh: line 16: node: command not found
Mon Jun  2 09:42:05 CDT 2025: NextJS server is not running. Skipping scheduled reports check.
Mon Jun  2 09:43:05 CDT 2025: Running scheduled reports
Mon Jun  2 09:43:05 CDT 2025: Checking if NextJS server is running...
/Users/sim/Project2/scripts/../scripts/run-simple-scheduled-reports.sh: line 16: node: command not found
Mon Jun  2 09:43:05 CDT 2025: NextJS server is not running. Skipping scheduled reports check.
Mon Jun  2 09:44:05 CDT 2025: Checking if NextJS server is running...
Mon Jun  2 09:44:05 CDT 2025: Running scheduled reports
/Users/sim/Project2/scripts/../scripts/run-simple-scheduled-reports.sh: line 16: node: command not found
Mon Jun  2 09:44:05 CDT 2025: NextJS server is not running. Skipping scheduled reports check.
Mon Jun  2 09:45:05 CDT 2025: Checking if NextJS server is running...
Mon Jun  2 09:45:05 CDT 2025: Running scheduled reports
/Users/sim/Project2/scripts/../scripts/run-simple-scheduled-reports.sh: line 16: node: command not found
Mon Jun  2 09:45:05 CDT 2025: NextJS server is not running. Skipping scheduled reports check.
Mon Jun  2 09:46:05 CDT 2025: Running scheduled reports
Mon Jun  2 09:46:05 CDT 2025: Checking if NextJS server is running...
/Users/sim/Project2/scripts/../scripts/run-simple-scheduled-reports.sh: line 16: node: command not found
Mon Jun  2 09:46:05 CDT 2025: NextJS server is not running. Skipping scheduled reports check.
Mon Jun  2 09:47:05 CDT 2025: Checking if NextJS server is running...
Mon Jun  2 09:47:05 CDT 2025: Running scheduled reports
/Users/sim/Project2/scripts/../scripts/run-simple-scheduled-reports.sh: line 16: node: command not found
Mon Jun  2 09:47:05 CDT 2025: NextJS server is not running. Skipping scheduled reports check.
Mon Jun  2 09:48:04 CDT 2025: Checking if NextJS server is running...
Mon Jun  2 09:48:04 CDT 2025: Running scheduled reports
/Users/sim/Project2/scripts/../scripts/run-simple-scheduled-reports.sh: line 16: node: command not found
Mon Jun  2 09:48:04 CDT 2025: NextJS server is not running. Skipping scheduled reports check.
Mon Jun  2 09:49:05 CDT 2025: Running scheduled reports
Mon Jun  2 09:49:05 CDT 2025: Checking if NextJS server is running...
/Users/sim/Project2/scripts/../scripts/run-simple-scheduled-reports.sh: line 16: node: command not found
Mon Jun  2 09:49:05 CDT 2025: NextJS server is not running. Skipping scheduled reports check.
Mon Jun  2 09:50:04 CDT 2025: Running scheduled reports
Mon Jun  2 09:50:04 CDT 2025: Checking if NextJS server is running...
/Users/sim/Project2/scripts/../scripts/run-simple-scheduled-reports.sh: line 16: node: command not found
Mon Jun  2 09:50:04 CDT 2025: NextJS server is not running. Skipping scheduled reports check.
Mon Jun  2 09:51:04 CDT 2025: Checking if NextJS server is running...
Mon Jun  2 09:51:04 CDT 2025: Running scheduled reports
/Users/sim/Project2/scripts/../scripts/run-simple-scheduled-reports.sh: line 16: node: command not found
Mon Jun  2 09:51:04 CDT 2025: NextJS server is not running. Skipping scheduled reports check.
Mon Jun  2 09:52:04 CDT 2025: Checking if NextJS server is running...
Mon Jun  2 09:52:04 CDT 2025: Running scheduled reports
/Users/sim/Project2/scripts/../scripts/run-simple-scheduled-reports.sh: line 16: node: command not found
Mon Jun  2 09:52:04 CDT 2025: NextJS server is not running. Skipping scheduled reports check.
Mon Jun  2 09:53:04 CDT 2025: Running scheduled reports
Mon Jun  2 09:53:04 CDT 2025: Checking if NextJS server is running...
/Users/sim/Project2/scripts/../scripts/run-simple-scheduled-reports.sh: line 16: node: command not found
Mon Jun  2 09:53:04 CDT 2025: NextJS server is not running. Skipping scheduled reports check.
Mon Jun  2 09:54:05 CDT 2025: Checking if NextJS server is running...
Mon Jun  2 09:54:05 CDT 2025: Running scheduled reports
/Users/sim/Project2/scripts/../scripts/run-simple-scheduled-reports.sh: line 16: node: command not found
Mon Jun  2 09:54:05 CDT 2025: NextJS server is not running. Skipping scheduled reports check.
Mon Jun  2 09:55:04 CDT 2025: Checking if NextJS server is running...
Mon Jun  2 09:55:04 CDT 2025: Running scheduled reports
/Users/sim/Project2/scripts/../scripts/run-simple-scheduled-reports.sh: line 16: node: command not found
Mon Jun  2 09:55:04 CDT 2025: NextJS server is not running. Skipping scheduled reports check.
Mon Jun  2 09:56:03 CDT 2025: Running scheduled reports
Mon Jun  2 09:56:03 CDT 2025: Checking if NextJS server is running...
/Users/sim/Project2/scripts/../scripts/run-simple-scheduled-reports.sh: line 16: node: command not found
Mon Jun  2 09:56:03 CDT 2025: NextJS server is not running. Skipping scheduled reports check.
Mon Jun  2 09:57:06 CDT 2025: Checking if NextJS server is running...
Mon Jun  2 09:57:06 CDT 2025: Running scheduled reports
/Users/sim/Project2/scripts/../scripts/run-simple-scheduled-reports.sh: line 16: node: command not found
Mon Jun  2 09:57:06 CDT 2025: NextJS server is not running. Skipping scheduled reports check.
Mon Jun  2 09:58:04 CDT 2025: Running scheduled reports
Mon Jun  2 09:58:04 CDT 2025: Checking if NextJS server is running...
/Users/sim/Project2/scripts/../scripts/run-simple-scheduled-reports.sh: line 16: node: command not found
Mon Jun  2 09:58:04 CDT 2025: NextJS server is not running. Skipping scheduled reports check.
Mon Jun  2 09:59:04 CDT 2025: Checking if NextJS server is running...
Mon Jun  2 09:59:04 CDT 2025: Running scheduled reports
/Users/sim/Project2/scripts/../scripts/run-simple-scheduled-reports.sh: line 16: node: command not found
Mon Jun  2 09:59:04 CDT 2025: NextJS server is not running. Skipping scheduled reports check.
Mon Jun  2 10:00:06 CDT 2025: Running scheduled reports
Mon Jun  2 10:00:06 CDT 2025: Checking if NextJS server is running...
/Users/sim/Project2/scripts/../scripts/run-simple-scheduled-reports.sh: line 16: node: command not found
Mon Jun  2 10:00:07 CDT 2025: NextJS server is not running. Skipping scheduled reports check.
Mon Jun  2 10:01:04 CDT 2025: Running scheduled reports
Mon Jun  2 10:01:04 CDT 2025: Checking if NextJS server is running...
/Users/sim/Project2/scripts/../scripts/run-simple-scheduled-reports.sh: line 16: node: command not found
Mon Jun  2 10:01:04 CDT 2025: NextJS server is not running. Skipping scheduled reports check.
Mon Jun  2 10:02:05 CDT 2025: Running scheduled reports
Mon Jun  2 10:02:05 CDT 2025: Checking if NextJS server is running...
/Users/sim/Project2/scripts/../scripts/run-simple-scheduled-reports.sh: line 16: node: command not found
Mon Jun  2 10:02:05 CDT 2025: NextJS server is not running. Skipping scheduled reports check.
Mon Jun  2 10:03:04 CDT 2025: Checking if NextJS server is running...
Mon Jun  2 10:03:04 CDT 2025: Running scheduled reports
/Users/sim/Project2/scripts/../scripts/run-simple-scheduled-reports.sh: line 16: node: command not found
Mon Jun  2 10:03:04 CDT 2025: NextJS server is not running. Skipping scheduled reports check.
Mon Jun  2 10:04:05 CDT 2025: Checking if NextJS server is running...
Mon Jun  2 10:04:05 CDT 2025: Running scheduled reports
/Users/sim/Project2/scripts/../scripts/run-simple-scheduled-reports.sh: line 16: node: command not found
Mon Jun  2 10:04:05 CDT 2025: NextJS server is not running. Skipping scheduled reports check.
Mon Jun  2 10:05:04 CDT 2025: Checking if NextJS server is running...
Mon Jun  2 10:05:04 CDT 2025: Running scheduled reports
/Users/sim/Project2/scripts/../scripts/run-simple-scheduled-reports.sh: line 16: node: command not found
Mon Jun  2 10:05:04 CDT 2025: NextJS server is not running. Skipping scheduled reports check.
Mon Jun  2 10:06:04 CDT 2025: Running scheduled reports
Mon Jun  2 10:06:04 CDT 2025: Checking if NextJS server is running...
/Users/sim/Project2/scripts/../scripts/run-simple-scheduled-reports.sh: line 16: node: command not found
Mon Jun  2 10:06:04 CDT 2025: NextJS server is not running. Skipping scheduled reports check.
Mon Jun  2 10:07:05 CDT 2025: Checking if NextJS server is running...
Mon Jun  2 10:07:05 CDT 2025: Running scheduled reports
/Users/sim/Project2/scripts/../scripts/run-simple-scheduled-reports.sh: line 16: node: command not found
Mon Jun  2 10:07:05 CDT 2025: NextJS server is not running. Skipping scheduled reports check.
Mon Jun  2 10:08:05 CDT 2025: Running scheduled reports
Mon Jun  2 10:08:05 CDT 2025: Checking if NextJS server is running...
/Users/sim/Project2/scripts/../scripts/run-simple-scheduled-reports.sh: line 16: node: command not found
Mon Jun  2 10:08:05 CDT 2025: NextJS server is not running. Skipping scheduled reports check.
Mon Jun  2 10:09:04 CDT 2025: Checking if NextJS server is running...
Mon Jun  2 10:09:04 CDT 2025: Running scheduled reports
/Users/sim/Project2/scripts/../scripts/run-simple-scheduled-reports.sh: line 16: node: command not found
Mon Jun  2 10:09:04 CDT 2025: NextJS server is not running. Skipping scheduled reports check.
Mon Jun  2 10:10:04 CDT 2025: Running scheduled reports
Mon Jun  2 10:10:04 CDT 2025: Checking if NextJS server is running...
/Users/sim/Project2/scripts/../scripts/run-simple-scheduled-reports.sh: line 16: node: command not found
Mon Jun  2 10:10:04 CDT 2025: NextJS server is not running. Skipping scheduled reports check.
Mon Jun  2 10:11:04 CDT 2025: Checking if NextJS server is running...
Mon Jun  2 10:11:04 CDT 2025: Running scheduled reports
/Users/sim/Project2/scripts/../scripts/run-simple-scheduled-reports.sh: line 16: node: command not found
Mon Jun  2 10:11:04 CDT 2025: NextJS server is not running. Skipping scheduled reports check.
Mon Jun  2 10:12:04 CDT 2025: Checking if NextJS server is running...
Mon Jun  2 10:12:04 CDT 2025: Running scheduled reports
/Users/sim/Project2/scripts/../scripts/run-simple-scheduled-reports.sh: line 16: node: command not found
Mon Jun  2 10:12:04 CDT 2025: NextJS server is not running. Skipping scheduled reports check.
Mon Jun  2 10:13:04 CDT 2025: Running scheduled reports
Mon Jun  2 10:13:04 CDT 2025: Checking if NextJS server is running...
/Users/sim/Project2/scripts/../scripts/run-simple-scheduled-reports.sh: line 16: node: command not found
Mon Jun  2 10:13:04 CDT 2025: NextJS server is not running. Skipping scheduled reports check.
Mon Jun  2 10:14:05 CDT 2025: Running scheduled reports
Mon Jun  2 10:14:05 CDT 2025: Checking if NextJS server is running...
/Users/sim/Project2/scripts/../scripts/run-simple-scheduled-reports.sh: line 16: node: command not found
Mon Jun  2 10:14:05 CDT 2025: NextJS server is not running. Skipping scheduled reports check.
Mon Jun  2 10:15:05 CDT 2025: Checking if NextJS server is running...
Mon Jun  2 10:15:05 CDT 2025: Running scheduled reports
/Users/sim/Project2/scripts/../scripts/run-simple-scheduled-reports.sh: line 16: node: command not found
Mon Jun  2 10:15:05 CDT 2025: NextJS server is not running. Skipping scheduled reports check.
Mon Jun  2 10:16:04 CDT 2025: Checking if NextJS server is running...
Mon Jun  2 10:16:04 CDT 2025: Running scheduled reports
/Users/sim/Project2/scripts/../scripts/run-simple-scheduled-reports.sh: line 16: node: command not found
Mon Jun  2 10:16:04 CDT 2025: NextJS server is not running. Skipping scheduled reports check.
Mon Jun  2 10:17:04 CDT 2025: Checking if NextJS server is running...
Mon Jun  2 10:17:04 CDT 2025: Running scheduled reports
/Users/sim/Project2/scripts/../scripts/run-simple-scheduled-reports.sh: line 16: node: command not found
Mon Jun  2 10:17:04 CDT 2025: NextJS server is not running. Skipping scheduled reports check.
Mon Jun  2 10:18:06 CDT 2025: Checking if NextJS server is running...
Mon Jun  2 10:18:06 CDT 2025: Running scheduled reports
/Users/sim/Project2/scripts/../scripts/run-simple-scheduled-reports.sh: line 16: node: command not found
Mon Jun  2 10:18:06 CDT 2025: NextJS server is not running. Skipping scheduled reports check.
Mon Jun  2 10:19:03 CDT 2025: Running scheduled reports
Mon Jun  2 10:19:03 CDT 2025: Checking if NextJS server is running...
/Users/sim/Project2/scripts/../scripts/run-simple-scheduled-reports.sh: line 16: node: command not found
Mon Jun  2 10:19:03 CDT 2025: NextJS server is not running. Skipping scheduled reports check.
Mon Jun  2 10:20:06 CDT 2025: Running scheduled reports
Mon Jun  2 10:20:06 CDT 2025: Checking if NextJS server is running...
/Users/sim/Project2/scripts/../scripts/run-simple-scheduled-reports.sh: line 16: node: command not found
Mon Jun  2 10:20:06 CDT 2025: NextJS server is not running. Skipping scheduled reports check.
Mon Jun  2 10:21:03 CDT 2025: Checking if NextJS server is running...
Mon Jun  2 10:21:03 CDT 2025: Running scheduled reports
/Users/sim/Project2/scripts/../scripts/run-simple-scheduled-reports.sh: line 16: node: command not found
Mon Jun  2 10:21:03 CDT 2025: NextJS server is not running. Skipping scheduled reports check.
Mon Jun  2 10:22:05 CDT 2025: Running scheduled reports
Mon Jun  2 10:22:05 CDT 2025: Checking if NextJS server is running...
/Users/sim/Project2/scripts/../scripts/run-simple-scheduled-reports.sh: line 16: node: command not found
Mon Jun  2 10:22:05 CDT 2025: NextJS server is not running. Skipping scheduled reports check.
Mon Jun  2 10:23:05 CDT 2025: Checking if NextJS server is running...
Mon Jun  2 10:23:05 CDT 2025: Running scheduled reports
/Users/sim/Project2/scripts/../scripts/run-simple-scheduled-reports.sh: line 16: node: command not found
Mon Jun  2 10:23:05 CDT 2025: NextJS server is not running. Skipping scheduled reports check.
Mon Jun  2 10:24:04 CDT 2025: Checking if NextJS server is running...
Mon Jun  2 10:24:04 CDT 2025: Running scheduled reports
/Users/sim/Project2/scripts/../scripts/run-simple-scheduled-reports.sh: line 16: node: command not found
Mon Jun  2 10:24:04 CDT 2025: NextJS server is not running. Skipping scheduled reports check.
Mon Jun  2 10:25:04 CDT 2025: Checking if NextJS server is running...
Mon Jun  2 10:25:04 CDT 2025: Running scheduled reports
/Users/sim/Project2/scripts/../scripts/run-simple-scheduled-reports.sh: line 16: node: command not found
Mon Jun  2 10:25:04 CDT 2025: NextJS server is not running. Skipping scheduled reports check.
Mon Jun  2 10:26:05 CDT 2025: Checking if NextJS server is running...
Mon Jun  2 10:26:05 CDT 2025: Running scheduled reports
/Users/sim/Project2/scripts/../scripts/run-simple-scheduled-reports.sh: line 16: node: command not found
Mon Jun  2 10:26:05 CDT 2025: NextJS server is not running. Skipping scheduled reports check.
Mon Jun  2 10:27:07 CDT 2025: Running scheduled reports
Mon Jun  2 10:27:07 CDT 2025: Checking if NextJS server is running...
/Users/sim/Project2/scripts/../scripts/run-simple-scheduled-reports.sh: line 16: node: command not found
Mon Jun  2 10:27:07 CDT 2025: NextJS server is not running. Skipping scheduled reports check.
Mon Jun  2 10:28:04 CDT 2025: Checking if NextJS server is running...
Mon Jun  2 10:28:04 CDT 2025: Running scheduled reports
Mon Jun  2 10:28:04 CDT 2025: NextJS server is not running. Skipping scheduled reports check.
/Users/sim/Project2/scripts/../scripts/run-simple-scheduled-reports.sh: line 16: node: command not found
Mon Jun  2 10:29:05 CDT 2025: Checking if NextJS server is running...
Mon Jun  2 10:29:05 CDT 2025: Running scheduled reports
/Users/sim/Project2/scripts/../scripts/run-simple-scheduled-reports.sh: line 16: node: command not found
Mon Jun  2 10:29:05 CDT 2025: NextJS server is not running. Skipping scheduled reports check.
Mon Jun  2 10:30:03 CDT 2025: Running scheduled reports
Mon Jun  2 10:30:03 CDT 2025: Checking if NextJS server is running...
/Users/sim/Project2/scripts/../scripts/run-simple-scheduled-reports.sh: line 16: node: command not found
Mon Jun  2 10:30:03 CDT 2025: NextJS server is not running. Skipping scheduled reports check.
Mon Jun  2 10:31:03 CDT 2025: Running scheduled reports
Mon Jun  2 10:31:03 CDT 2025: Checking if NextJS server is running...
/Users/sim/Project2/scripts/../scripts/run-simple-scheduled-reports.sh: line 16: node: command not found
Mon Jun  2 10:31:03 CDT 2025: NextJS server is not running. Skipping scheduled reports check.
Mon Jun  2 10:32:05 CDT 2025: Checking if NextJS server is running...
Mon Jun  2 10:32:05 CDT 2025: Running scheduled reports
/Users/sim/Project2/scripts/../scripts/run-simple-scheduled-reports.sh: line 16: node: command not found
Mon Jun  2 10:32:05 CDT 2025: NextJS server is not running. Skipping scheduled reports check.
Mon Jun  2 10:33:04 CDT 2025: Running scheduled reports
Mon Jun  2 10:33:04 CDT 2025: Checking if NextJS server is running...
/Users/sim/Project2/scripts/../scripts/run-simple-scheduled-reports.sh: line 16: node: command not found
Mon Jun  2 10:33:04 CDT 2025: NextJS server is not running. Skipping scheduled reports check.
Mon Jun  2 10:34:04 CDT 2025: Running scheduled reports
Mon Jun  2 10:34:04 CDT 2025: Checking if NextJS server is running...
/Users/sim/Project2/scripts/../scripts/run-simple-scheduled-reports.sh: line 16: node: command not found
Mon Jun  2 10:34:04 CDT 2025: NextJS server is not running. Skipping scheduled reports check.
Mon Jun  2 10:35:05 CDT 2025: Checking if NextJS server is running...
Mon Jun  2 10:35:05 CDT 2025: Running scheduled reports
/Users/sim/Project2/scripts/../scripts/run-simple-scheduled-reports.sh: line 16: node: command not found
Mon Jun  2 10:35:05 CDT 2025: NextJS server is not running. Skipping scheduled reports check.
Mon Jun  2 10:36:05 CDT 2025: Checking if NextJS server is running...
Mon Jun  2 10:36:05 CDT 2025: Running scheduled reports
/Users/sim/Project2/scripts/../scripts/run-simple-scheduled-reports.sh: line 16: node: command not found
Mon Jun  2 10:36:05 CDT 2025: NextJS server is not running. Skipping scheduled reports check.
Mon Jun  2 10:37:04 CDT 2025: Checking if NextJS server is running...
Mon Jun  2 10:37:04 CDT 2025: Running scheduled reports
/Users/sim/Project2/scripts/../scripts/run-simple-scheduled-reports.sh: line 16: node: command not found
Mon Jun  2 10:37:04 CDT 2025: NextJS server is not running. Skipping scheduled reports check.
Mon Jun  2 10:38:03 CDT 2025: Running scheduled reports
Mon Jun  2 10:38:03 CDT 2025: Checking if NextJS server is running...
/Users/sim/Project2/scripts/../scripts/run-simple-scheduled-reports.sh: line 16: node: command not found
Mon Jun  2 10:38:03 CDT 2025: NextJS server is not running. Skipping scheduled reports check.
Mon Jun  2 10:39:04 CDT 2025: Checking if NextJS server is running...
Mon Jun  2 10:39:04 CDT 2025: Running scheduled reports
/Users/sim/Project2/scripts/../scripts/run-simple-scheduled-reports.sh: line 16: node: command not found
Mon Jun  2 10:39:04 CDT 2025: NextJS server is not running. Skipping scheduled reports check.
Mon Jun  2 10:40:06 CDT 2025: Checking if NextJS server is running...
Mon Jun  2 10:40:06 CDT 2025: Running scheduled reports
/Users/sim/Project2/scripts/../scripts/run-simple-scheduled-reports.sh: line 16: node: command not found
Mon Jun  2 10:40:06 CDT 2025: NextJS server is not running. Skipping scheduled reports check.
Mon Jun  2 10:41:04 CDT 2025: Running scheduled reports
Mon Jun  2 10:41:04 CDT 2025: Checking if NextJS server is running...
/Users/sim/Project2/scripts/../scripts/run-simple-scheduled-reports.sh: line 16: node: command not found
Mon Jun  2 10:41:04 CDT 2025: NextJS server is not running. Skipping scheduled reports check.
Mon Jun  2 10:42:06 CDT 2025: Running scheduled reports
Mon Jun  2 10:42:06 CDT 2025: Checking if NextJS server is running...
/Users/sim/Project2/scripts/../scripts/run-simple-scheduled-reports.sh: line 16: node: command not found
Mon Jun  2 10:42:06 CDT 2025: NextJS server is not running. Skipping scheduled reports check.
Mon Jun  2 10:43:04 CDT 2025: Running scheduled reports
Mon Jun  2 10:43:04 CDT 2025: Checking if NextJS server is running...
/Users/sim/Project2/scripts/../scripts/run-simple-scheduled-reports.sh: line 16: node: command not found
Mon Jun  2 10:43:04 CDT 2025: NextJS server is not running. Skipping scheduled reports check.
Mon Jun  2 10:44:04 CDT 2025: Running scheduled reports
Mon Jun  2 10:44:04 CDT 2025: Checking if NextJS server is running...
/Users/sim/Project2/scripts/../scripts/run-simple-scheduled-reports.sh: line 16: node: command not found
Mon Jun  2 10:44:04 CDT 2025: NextJS server is not running. Skipping scheduled reports check.
Mon Jun  2 10:45:05 CDT 2025: Checking if NextJS server is running...
Mon Jun  2 10:45:05 CDT 2025: Running scheduled reports
/Users/sim/Project2/scripts/../scripts/run-simple-scheduled-reports.sh: line 16: node: command not found
Mon Jun  2 10:45:05 CDT 2025: NextJS server is not running. Skipping scheduled reports check.
Mon Jun  2 10:46:04 CDT 2025: Running scheduled reports
Mon Jun  2 10:46:04 CDT 2025: Checking if NextJS server is running...
/Users/sim/Project2/scripts/../scripts/run-simple-scheduled-reports.sh: line 16: node: command not found
Mon Jun  2 10:46:04 CDT 2025: NextJS server is not running. Skipping scheduled reports check.
Mon Jun  2 10:47:05 CDT 2025: Checking if NextJS server is running...
Mon Jun  2 10:47:05 CDT 2025: Running scheduled reports
/Users/sim/Project2/scripts/../scripts/run-simple-scheduled-reports.sh: line 16: node: command not found
Mon Jun  2 10:47:05 CDT 2025: NextJS server is not running. Skipping scheduled reports check.
Mon Jun  2 10:48:06 CDT 2025: Checking if NextJS server is running...
Mon Jun  2 10:48:06 CDT 2025: Running scheduled reports
/Users/sim/Project2/scripts/../scripts/run-simple-scheduled-reports.sh: line 16: node: command not found
Mon Jun  2 10:48:06 CDT 2025: NextJS server is not running. Skipping scheduled reports check.
Mon Jun  2 10:49:06 CDT 2025: Checking if NextJS server is running...
Mon Jun  2 10:49:06 CDT 2025: Running scheduled reports
/Users/sim/Project2/scripts/../scripts/run-simple-scheduled-reports.sh: line 16: node: command not found
Mon Jun  2 10:49:06 CDT 2025: NextJS server is not running. Skipping scheduled reports check.
Mon Jun  2 10:50:04 CDT 2025: Running scheduled reports
Mon Jun  2 10:50:04 CDT 2025: Checking if NextJS server is running...
/Users/sim/Project2/scripts/../scripts/run-simple-scheduled-reports.sh: line 16: node: command not found
Mon Jun  2 10:50:04 CDT 2025: NextJS server is not running. Skipping scheduled reports check.
Mon Jun  2 10:51:04 CDT 2025: Checking if NextJS server is running...
Mon Jun  2 10:51:04 CDT 2025: Running scheduled reports
/Users/sim/Project2/scripts/../scripts/run-simple-scheduled-reports.sh: line 16: node: command not found
Mon Jun  2 10:51:04 CDT 2025: NextJS server is not running. Skipping scheduled reports check.
Mon Jun  2 10:52:06 CDT 2025: Checking if NextJS server is running...
Mon Jun  2 10:52:06 CDT 2025: Running scheduled reports
/Users/sim/Project2/scripts/../scripts/run-simple-scheduled-reports.sh: line 16: node: command not found
Mon Jun  2 10:52:06 CDT 2025: NextJS server is not running. Skipping scheduled reports check.
Mon Jun  2 10:53:04 CDT 2025: Running scheduled reports
Mon Jun  2 10:53:04 CDT 2025: Checking if NextJS server is running...
/Users/sim/Project2/scripts/../scripts/run-simple-scheduled-reports.sh: line 16: node: command not found
Mon Jun  2 10:53:04 CDT 2025: NextJS server is not running. Skipping scheduled reports check.
Mon Jun  2 10:54:04 CDT 2025: Running scheduled reports
Mon Jun  2 10:54:04 CDT 2025: Checking if NextJS server is running...
/Users/sim/Project2/scripts/../scripts/run-simple-scheduled-reports.sh: line 16: node: command not found
Mon Jun  2 10:54:04 CDT 2025: NextJS server is not running. Skipping scheduled reports check.
Mon Jun  2 10:55:05 CDT 2025: Checking if NextJS server is running...
Mon Jun  2 10:55:05 CDT 2025: Running scheduled reports
/Users/sim/Project2/scripts/../scripts/run-simple-scheduled-reports.sh: line 16: node: command not found
Mon Jun  2 10:55:05 CDT 2025: NextJS server is not running. Skipping scheduled reports check.
Mon Jun  2 10:56:05 CDT 2025: Running scheduled reports
Mon Jun  2 10:56:05 CDT 2025: Checking if NextJS server is running...
/Users/sim/Project2/scripts/../scripts/run-simple-scheduled-reports.sh: line 16: node: command not found
Mon Jun  2 10:56:05 CDT 2025: NextJS server is not running. Skipping scheduled reports check.
Mon Jun  2 10:57:04 CDT 2025: Running scheduled reports
Mon Jun  2 10:57:04 CDT 2025: Checking if NextJS server is running...
/Users/sim/Project2/scripts/../scripts/run-simple-scheduled-reports.sh: line 16: node: command not found
Mon Jun  2 10:57:04 CDT 2025: NextJS server is not running. Skipping scheduled reports check.
Mon Jun  2 10:58:03 CDT 2025: Checking if NextJS server is running...
Mon Jun  2 10:58:03 CDT 2025: Running scheduled reports
/Users/sim/Project2/scripts/../scripts/run-simple-scheduled-reports.sh: line 16: node: command not found
Mon Jun  2 10:58:04 CDT 2025: NextJS server is not running. Skipping scheduled reports check.
Mon Jun  2 10:59:05 CDT 2025: Checking if NextJS server is running...
Mon Jun  2 10:59:05 CDT 2025: Running scheduled reports
/Users/sim/Project2/scripts/../scripts/run-simple-scheduled-reports.sh: line 16: node: command not found
Mon Jun  2 10:59:05 CDT 2025: NextJS server is not running. Skipping scheduled reports check.
Mon Jun  2 11:00:05 CDT 2025: Checking if NextJS server is running...
Mon Jun  2 11:00:05 CDT 2025: Running scheduled reports
/Users/sim/Project2/scripts/../scripts/run-simple-scheduled-reports.sh: line 16: node: command not found
Mon Jun  2 11:00:05 CDT 2025: NextJS server is not running. Skipping scheduled reports check.
Mon Jun  2 11:01:04 CDT 2025: Checking if NextJS server is running...
Mon Jun  2 11:01:04 CDT 2025: Running scheduled reports
/Users/sim/Project2/scripts/../scripts/run-simple-scheduled-reports.sh: line 16: node: command not found
Mon Jun  2 11:01:04 CDT 2025: NextJS server is not running. Skipping scheduled reports check.
Mon Jun  2 11:02:05 CDT 2025: Running scheduled reports
Mon Jun  2 11:02:05 CDT 2025: Checking if NextJS server is running...
/Users/sim/Project2/scripts/../scripts/run-simple-scheduled-reports.sh: line 16: node: command not found
Mon Jun  2 11:02:05 CDT 2025: NextJS server is not running. Skipping scheduled reports check.
Mon Jun  2 11:03:05 CDT 2025: Running scheduled reports
Mon Jun  2 11:03:05 CDT 2025: Checking if NextJS server is running...
/Users/sim/Project2/scripts/../scripts/run-simple-scheduled-reports.sh: line 16: node: command not found
Mon Jun  2 11:03:05 CDT 2025: NextJS server is not running. Skipping scheduled reports check.
Mon Jun  2 11:04:03 CDT 2025: Running scheduled reports
Mon Jun  2 11:04:03 CDT 2025: Checking if NextJS server is running...
/Users/sim/Project2/scripts/../scripts/run-simple-scheduled-reports.sh: line 16: node: command not found
Mon Jun  2 11:04:03 CDT 2025: NextJS server is not running. Skipping scheduled reports check.
Mon Jun  2 11:05:04 CDT 2025: Running scheduled reports
Mon Jun  2 11:05:04 CDT 2025: Checking if NextJS server is running...
/Users/sim/Project2/scripts/../scripts/run-simple-scheduled-reports.sh: line 16: node: command not found
Mon Jun  2 11:05:04 CDT 2025: NextJS server is not running. Skipping scheduled reports check.
Mon Jun  2 11:06:04 CDT 2025: Checking if NextJS server is running...
Mon Jun  2 11:06:04 CDT 2025: Running scheduled reports
/Users/sim/Project2/scripts/../scripts/run-simple-scheduled-reports.sh: line 16: node: command not found
Mon Jun  2 11:06:04 CDT 2025: NextJS server is not running. Skipping scheduled reports check.
Mon Jun  2 11:07:04 CDT 2025: Checking if NextJS server is running...
Mon Jun  2 11:07:04 CDT 2025: Running scheduled reports
/Users/sim/Project2/scripts/../scripts/run-simple-scheduled-reports.sh: line 16: node: command not found
Mon Jun  2 11:07:04 CDT 2025: NextJS server is not running. Skipping scheduled reports check.
Mon Jun  2 11:08:05 CDT 2025: Checking if NextJS server is running...
Mon Jun  2 11:08:05 CDT 2025: Running scheduled reports
/Users/sim/Project2/scripts/../scripts/run-simple-scheduled-reports.sh: line 16: node: command not found
Mon Jun  2 11:08:05 CDT 2025: NextJS server is not running. Skipping scheduled reports check.
Mon Jun  2 11:09:04 CDT 2025: Checking if NextJS server is running...
Mon Jun  2 11:09:04 CDT 2025: Running scheduled reports
/Users/sim/Project2/scripts/../scripts/run-simple-scheduled-reports.sh: line 16: node: command not found
Mon Jun  2 11:09:04 CDT 2025: NextJS server is not running. Skipping scheduled reports check.
Mon Jun  2 11:10:06 CDT 2025: Running scheduled reports
Mon Jun  2 11:10:06 CDT 2025: Checking if NextJS server is running...
/Users/sim/Project2/scripts/../scripts/run-simple-scheduled-reports.sh: line 16: node: command not found
Mon Jun  2 11:10:06 CDT 2025: NextJS server is not running. Skipping scheduled reports check.
Mon Jun  2 11:11:02 CDT 2025: Checking if NextJS server is running...
Mon Jun  2 11:11:02 CDT 2025: Running scheduled reports
/Users/sim/Project2/scripts/../scripts/run-simple-scheduled-reports.sh: line 16: node: command not found
Mon Jun  2 11:11:02 CDT 2025: NextJS server is not running. Skipping scheduled reports check.
Mon Jun  2 11:12:01 CDT 2025: Checking if NextJS server is running...
Mon Jun  2 11:12:01 CDT 2025: Running scheduled reports
/Users/sim/Project2/scripts/../scripts/run-simple-scheduled-reports.sh: line 16: node: command not found
Mon Jun  2 11:12:01 CDT 2025: NextJS server is not running. Skipping scheduled reports check.
Mon Jun  2 11:13:00 CDT 2025: Running scheduled reports
Mon Jun  2 11:13:00 CDT 2025: Checking if NextJS server is running...
/Users/sim/Project2/scripts/../scripts/run-simple-scheduled-reports.sh: line 16: node: command not found
Mon Jun  2 11:13:00 CDT 2025: NextJS server is not running. Skipping scheduled reports check.
Mon Jun  2 11:14:01 CDT 2025: Checking if NextJS server is running...
Mon Jun  2 11:14:01 CDT 2025: Running scheduled reports
/Users/sim/Project2/scripts/../scripts/run-simple-scheduled-reports.sh: line 16: node: command not found
Mon Jun  2 11:14:01 CDT 2025: NextJS server is not running. Skipping scheduled reports check.
Mon Jun  2 11:15:00 CDT 2025: Running scheduled reports
Mon Jun  2 11:15:00 CDT 2025: Checking if NextJS server is running...
/Users/sim/Project2/scripts/../scripts/run-simple-scheduled-reports.sh: line 16: node: command not found
Mon Jun  2 11:15:00 CDT 2025: NextJS server is not running. Skipping scheduled reports check.
Mon Jun  2 11:16:00 CDT 2025: Running scheduled reports
Mon Jun  2 11:16:00 CDT 2025: Checking if NextJS server is running...
/Users/sim/Project2/scripts/../scripts/run-simple-scheduled-reports.sh: line 16: node: command not found
Mon Jun  2 11:16:00 CDT 2025: NextJS server is not running. Skipping scheduled reports check.
Mon Jun  2 11:17:00 CDT 2025: Running scheduled reports
Mon Jun  2 11:17:00 CDT 2025: Checking if NextJS server is running...
/Users/sim/Project2/scripts/../scripts/run-simple-scheduled-reports.sh: line 16: node: command not found
Mon Jun  2 11:17:00 CDT 2025: NextJS server is not running. Skipping scheduled reports check.
Mon Jun  2 11:18:01 CDT 2025: Checking if NextJS server is running...
Mon Jun  2 11:18:01 CDT 2025: Running scheduled reports
/Users/sim/Project2/scripts/../scripts/run-simple-scheduled-reports.sh: line 16: node: command not found
Mon Jun  2 11:18:01 CDT 2025: NextJS server is not running. Skipping scheduled reports check.
Mon Jun  2 11:19:00 CDT 2025: Running scheduled reports
Mon Jun  2 11:19:00 CDT 2025: Checking if NextJS server is running...
/Users/sim/Project2/scripts/../scripts/run-simple-scheduled-reports.sh: line 16: node: command not found
Mon Jun  2 11:19:00 CDT 2025: NextJS server is not running. Skipping scheduled reports check.
Mon Jun  2 11:20:01 CDT 2025: Running scheduled reports
Mon Jun  2 11:20:01 CDT 2025: Checking if NextJS server is running...
/Users/sim/Project2/scripts/../scripts/run-simple-scheduled-reports.sh: line 16: node: command not found
Mon Jun  2 11:20:01 CDT 2025: NextJS server is not running. Skipping scheduled reports check.
Mon Jun  2 11:21:00 CDT 2025: Running scheduled reports
Mon Jun  2 11:21:00 CDT 2025: Checking if NextJS server is running...
/Users/sim/Project2/scripts/../scripts/run-simple-scheduled-reports.sh: line 16: node: command not found
Mon Jun  2 11:21:01 CDT 2025: NextJS server is not running. Skipping scheduled reports check.
Mon Jun  2 11:22:00 CDT 2025: Running scheduled reports
Mon Jun  2 11:22:00 CDT 2025: Checking if NextJS server is running...
/Users/sim/Project2/scripts/../scripts/run-simple-scheduled-reports.sh: line 16: node: command not found
Mon Jun  2 11:22:00 CDT 2025: NextJS server is not running. Skipping scheduled reports check.
Mon Jun  2 11:23:00 CDT 2025: Checking if NextJS server is running...
Mon Jun  2 11:23:00 CDT 2025: Running scheduled reports
/Users/sim/Project2/scripts/../scripts/run-simple-scheduled-reports.sh: line 16: node: command not found
Mon Jun  2 11:23:00 CDT 2025: NextJS server is not running. Skipping scheduled reports check.
Mon Jun  2 11:24:00 CDT 2025: Checking if NextJS server is running...
Mon Jun  2 11:24:00 CDT 2025: Running scheduled reports
/Users/sim/Project2/scripts/../scripts/run-simple-scheduled-reports.sh: line 16: node: command not found
Mon Jun  2 11:24:00 CDT 2025: NextJS server is not running. Skipping scheduled reports check.
Mon Jun  2 11:25:00 CDT 2025: Running scheduled reports
Mon Jun  2 11:25:00 CDT 2025: Checking if NextJS server is running...
/Users/sim/Project2/scripts/../scripts/run-simple-scheduled-reports.sh: line 16: node: command not found
Mon Jun  2 11:25:00 CDT 2025: NextJS server is not running. Skipping scheduled reports check.
Mon Jun  2 11:26:01 CDT 2025: Running scheduled reports
Mon Jun  2 11:26:01 CDT 2025: Checking if NextJS server is running...
/Users/sim/Project2/scripts/../scripts/run-simple-scheduled-reports.sh: line 16: node: command not found
Mon Jun  2 11:26:01 CDT 2025: NextJS server is not running. Skipping scheduled reports check.
Mon Jun  2 11:27:00 CDT 2025: Checking if NextJS server is running...
Mon Jun  2 11:27:00 CDT 2025: Running scheduled reports
/Users/sim/Project2/scripts/../scripts/run-simple-scheduled-reports.sh: line 16: node: command not found
Mon Jun  2 11:27:00 CDT 2025: NextJS server is not running. Skipping scheduled reports check.
Mon Jun  2 11:28:00 CDT 2025: Running scheduled reports
Mon Jun  2 11:28:00 CDT 2025: Checking if NextJS server is running...
/Users/sim/Project2/scripts/../scripts/run-simple-scheduled-reports.sh: line 16: node: command not found
Mon Jun  2 11:28:00 CDT 2025: NextJS server is not running. Skipping scheduled reports check.
Mon Jun  2 11:29:00 CDT 2025: Checking if NextJS server is running...
Mon Jun  2 11:29:00 CDT 2025: Running scheduled reports
/Users/sim/Project2/scripts/../scripts/run-simple-scheduled-reports.sh: line 16: node: command not found
Mon Jun  2 11:29:00 CDT 2025: NextJS server is not running. Skipping scheduled reports check.
Mon Jun  2 11:30:00 CDT 2025: Checking if NextJS server is running...
Mon Jun  2 11:30:00 CDT 2025: Running scheduled reports
/Users/sim/Project2/scripts/../scripts/run-simple-scheduled-reports.sh: line 16: node: command not found
Mon Jun  2 11:30:00 CDT 2025: NextJS server is not running. Skipping scheduled reports check.
Mon Jun  2 11:31:00 CDT 2025: Checking if NextJS server is running...
Mon Jun  2 11:31:00 CDT 2025: Running scheduled reports
/Users/sim/Project2/scripts/../scripts/run-simple-scheduled-reports.sh: line 16: node: command not found
Mon Jun  2 11:31:00 CDT 2025: NextJS server is not running. Skipping scheduled reports check.
Mon Jun  2 11:32:01 CDT 2025: Checking if NextJS server is running...
Mon Jun  2 11:32:01 CDT 2025: Running scheduled reports
/Users/sim/Project2/scripts/../scripts/run-simple-scheduled-reports.sh: line 16: node: command not found
Mon Jun  2 11:32:01 CDT 2025: NextJS server is not running. Skipping scheduled reports check.
Mon Jun  2 11:33:00 CDT 2025: Checking if NextJS server is running...
Mon Jun  2 11:33:00 CDT 2025: Running scheduled reports
/Users/sim/Project2/scripts/../scripts/run-simple-scheduled-reports.sh: line 16: node: command not found
Mon Jun  2 11:33:00 CDT 2025: NextJS server is not running. Skipping scheduled reports check.
Mon Jun  2 11:34:00 CDT 2025: Checking if NextJS server is running...
Mon Jun  2 11:34:00 CDT 2025: Running scheduled reports
/Users/sim/Project2/scripts/../scripts/run-simple-scheduled-reports.sh: line 16: node: command not found
Mon Jun  2 11:34:00 CDT 2025: NextJS server is not running. Skipping scheduled reports check.
Mon Jun  2 11:35:00 CDT 2025: Running scheduled reports
Mon Jun  2 11:35:00 CDT 2025: Checking if NextJS server is running...
/Users/sim/Project2/scripts/../scripts/run-simple-scheduled-reports.sh: line 16: node: command not found
Mon Jun  2 11:35:00 CDT 2025: NextJS server is not running. Skipping scheduled reports check.
Mon Jun  2 11:36:00 CDT 2025: Running scheduled reports
Mon Jun  2 11:36:00 CDT 2025: Checking if NextJS server is running...
/Users/sim/Project2/scripts/../scripts/run-simple-scheduled-reports.sh: line 16: node: command not found
Mon Jun  2 11:36:00 CDT 2025: NextJS server is not running. Skipping scheduled reports check.
Mon Jun  2 11:37:00 CDT 2025: Checking if NextJS server is running...
Mon Jun  2 11:37:00 CDT 2025: Running scheduled reports
/Users/sim/Project2/scripts/../scripts/run-simple-scheduled-reports.sh: line 16: node: command not found
Mon Jun  2 11:37:00 CDT 2025: NextJS server is not running. Skipping scheduled reports check.
Mon Jun  2 11:38:01 CDT 2025: Running scheduled reports
Mon Jun  2 11:38:01 CDT 2025: Checking if NextJS server is running...
/Users/sim/Project2/scripts/../scripts/run-simple-scheduled-reports.sh: line 16: node: command not found
Mon Jun  2 11:38:01 CDT 2025: NextJS server is not running. Skipping scheduled reports check.
Mon Jun  2 11:39:00 CDT 2025: Running scheduled reports
Mon Jun  2 11:39:00 CDT 2025: Checking if NextJS server is running...
/Users/sim/Project2/scripts/../scripts/run-simple-scheduled-reports.sh: line 16: node: command not found
Mon Jun  2 11:39:00 CDT 2025: NextJS server is not running. Skipping scheduled reports check.
Mon Jun  2 11:40:00 CDT 2025: Running scheduled reports
Mon Jun  2 11:40:00 CDT 2025: Checking if NextJS server is running...
/Users/sim/Project2/scripts/../scripts/run-simple-scheduled-reports.sh: line 16: node: command not found
Mon Jun  2 11:40:00 CDT 2025: NextJS server is not running. Skipping scheduled reports check.
Mon Jun  2 11:41:00 CDT 2025: Running scheduled reports
Mon Jun  2 11:41:00 CDT 2025: Checking if NextJS server is running...
/Users/sim/Project2/scripts/../scripts/run-simple-scheduled-reports.sh: line 16: node: command not found
Mon Jun  2 11:41:00 CDT 2025: NextJS server is not running. Skipping scheduled reports check.
Mon Jun  2 11:42:01 CDT 2025: Running scheduled reports
Mon Jun  2 11:42:01 CDT 2025: Checking if NextJS server is running...
/Users/sim/Project2/scripts/../scripts/run-simple-scheduled-reports.sh: line 16: node: command not found
Mon Jun  2 11:42:01 CDT 2025: NextJS server is not running. Skipping scheduled reports check.
Mon Jun  2 11:43:00 CDT 2025: Running scheduled reports
Mon Jun  2 11:43:00 CDT 2025: Checking if NextJS server is running...
/Users/sim/Project2/scripts/../scripts/run-simple-scheduled-reports.sh: line 16: node: command not found
Mon Jun  2 11:43:00 CDT 2025: NextJS server is not running. Skipping scheduled reports check.
Mon Jun  2 11:44:00 CDT 2025: Running scheduled reports
Mon Jun  2 11:44:00 CDT 2025: Checking if NextJS server is running...
/Users/sim/Project2/scripts/../scripts/run-simple-scheduled-reports.sh: line 16: node: command not found
Mon Jun  2 11:44:00 CDT 2025: NextJS server is not running. Skipping scheduled reports check.
Mon Jun  2 11:45:00 CDT 2025: Running scheduled reports
Mon Jun  2 11:45:00 CDT 2025: Checking if NextJS server is running...
/Users/sim/Project2/scripts/../scripts/run-simple-scheduled-reports.sh: line 16: node: command not found
Mon Jun  2 11:45:00 CDT 2025: NextJS server is not running. Skipping scheduled reports check.
Mon Jun  2 11:46:01 CDT 2025: Running scheduled reports
Mon Jun  2 11:46:01 CDT 2025: Checking if NextJS server is running...
/Users/sim/Project2/scripts/../scripts/run-simple-scheduled-reports.sh: line 16: node: command not found
Mon Jun  2 11:46:01 CDT 2025: NextJS server is not running. Skipping scheduled reports check.
Mon Jun  2 11:47:00 CDT 2025: Running scheduled reports
Mon Jun  2 11:47:00 CDT 2025: Checking if NextJS server is running...
/Users/sim/Project2/scripts/../scripts/run-simple-scheduled-reports.sh: line 16: node: command not found
Mon Jun  2 11:47:00 CDT 2025: NextJS server is not running. Skipping scheduled reports check.
Mon Jun  2 11:48:00 CDT 2025: Checking if NextJS server is running...
Mon Jun  2 11:48:00 CDT 2025: Running scheduled reports
/Users/sim/Project2/scripts/../scripts/run-simple-scheduled-reports.sh: line 16: node: command not found
Mon Jun  2 11:48:00 CDT 2025: NextJS server is not running. Skipping scheduled reports check.
Mon Jun  2 11:49:00 CDT 2025: Running scheduled reports
Mon Jun  2 11:49:00 CDT 2025: Checking if NextJS server is running...
/Users/sim/Project2/scripts/../scripts/run-simple-scheduled-reports.sh: line 16: node: command not found
Mon Jun  2 11:49:00 CDT 2025: NextJS server is not running. Skipping scheduled reports check.
Mon Jun  2 11:50:01 CDT 2025: Running scheduled reports
Mon Jun  2 11:50:01 CDT 2025: Checking if NextJS server is running...
/Users/sim/Project2/scripts/../scripts/run-simple-scheduled-reports.sh: line 16: node: command not found
Mon Jun  2 11:50:01 CDT 2025: NextJS server is not running. Skipping scheduled reports check.
Mon Jun  2 11:51:00 CDT 2025: Running scheduled reports
Mon Jun  2 11:51:00 CDT 2025: Checking if NextJS server is running...
/Users/sim/Project2/scripts/../scripts/run-simple-scheduled-reports.sh: line 16: node: command not found
Mon Jun  2 11:51:00 CDT 2025: NextJS server is not running. Skipping scheduled reports check.
Mon Jun  2 11:52:00 CDT 2025: Running scheduled reports
Mon Jun  2 11:52:00 CDT 2025: Checking if NextJS server is running...
/Users/sim/Project2/scripts/../scripts/run-simple-scheduled-reports.sh: line 16: node: command not found
Mon Jun  2 11:52:00 CDT 2025: NextJS server is not running. Skipping scheduled reports check.
Mon Jun  2 11:53:00 CDT 2025: Running scheduled reports
Mon Jun  2 11:53:00 CDT 2025: Checking if NextJS server is running...
/Users/sim/Project2/scripts/../scripts/run-simple-scheduled-reports.sh: line 16: node: command not found
Mon Jun  2 11:53:00 CDT 2025: NextJS server is not running. Skipping scheduled reports check.
Mon Jun  2 11:54:00 CDT 2025: Checking if NextJS server is running...
Mon Jun  2 11:54:00 CDT 2025: Running scheduled reports
/Users/sim/Project2/scripts/../scripts/run-simple-scheduled-reports.sh: line 16: node: command not found
Mon Jun  2 11:54:01 CDT 2025: NextJS server is not running. Skipping scheduled reports check.
Mon Jun  2 11:55:00 CDT 2025: Running scheduled reports
Mon Jun  2 11:55:00 CDT 2025: Checking if NextJS server is running...
/Users/sim/Project2/scripts/../scripts/run-simple-scheduled-reports.sh: line 16: node: command not found
Mon Jun  2 11:55:00 CDT 2025: NextJS server is not running. Skipping scheduled reports check.
Mon Jun  2 11:56:00 CDT 2025: Checking if NextJS server is running...
Mon Jun  2 11:56:00 CDT 2025: Running scheduled reports
/Users/sim/Project2/scripts/../scripts/run-simple-scheduled-reports.sh: line 16: node: command not found
Mon Jun  2 11:56:00 CDT 2025: NextJS server is not running. Skipping scheduled reports check.
Mon Jun  2 11:57:00 CDT 2025: Running scheduled reports
Mon Jun  2 11:57:00 CDT 2025: Checking if NextJS server is running...
/Users/sim/Project2/scripts/../scripts/run-simple-scheduled-reports.sh: line 16: node: command not found
Mon Jun  2 11:57:00 CDT 2025: NextJS server is not running. Skipping scheduled reports check.
Mon Jun  2 11:58:00 CDT 2025: Running scheduled reports
Mon Jun  2 11:58:00 CDT 2025: Checking if NextJS server is running...
/Users/sim/Project2/scripts/../scripts/run-simple-scheduled-reports.sh: line 16: node: command not found
Mon Jun  2 11:58:00 CDT 2025: NextJS server is not running. Skipping scheduled reports check.
Mon Jun  2 11:59:00 CDT 2025: Running scheduled reports
Mon Jun  2 11:59:00 CDT 2025: Checking if NextJS server is running...
/Users/sim/Project2/scripts/../scripts/run-simple-scheduled-reports.sh: line 16: node: command not found
Mon Jun  2 11:59:00 CDT 2025: NextJS server is not running. Skipping scheduled reports check.
Mon Jun  2 12:00:01 CDT 2025: Checking if NextJS server is running...
Mon Jun  2 12:00:01 CDT 2025: Running scheduled reports
/Users/sim/Project2/scripts/../scripts/run-simple-scheduled-reports.sh: line 16: node: command not found
Mon Jun  2 12:00:01 CDT 2025: NextJS server is not running. Skipping scheduled reports check.
Mon Jun  2 12:01:00 CDT 2025: Running scheduled reports
Mon Jun  2 12:01:00 CDT 2025: Checking if NextJS server is running...
/Users/sim/Project2/scripts/../scripts/run-simple-scheduled-reports.sh: line 16: node: command not found
Mon Jun  2 12:01:00 CDT 2025: NextJS server is not running. Skipping scheduled reports check.
Mon Jun  2 12:02:00 CDT 2025: Checking if NextJS server is running...
Mon Jun  2 12:02:00 CDT 2025: Running scheduled reports
/Users/sim/Project2/scripts/../scripts/run-simple-scheduled-reports.sh: line 16: node: command not found
Mon Jun  2 12:02:00 CDT 2025: NextJS server is not running. Skipping scheduled reports check.
Mon Jun  2 12:03:00 CDT 2025: Running scheduled reports
Mon Jun  2 12:03:00 CDT 2025: Checking if NextJS server is running...
/Users/sim/Project2/scripts/../scripts/run-simple-scheduled-reports.sh: line 16: node: command not found
Mon Jun  2 12:03:00 CDT 2025: NextJS server is not running. Skipping scheduled reports check.
Mon Jun  2 12:04:00 CDT 2025: Checking if NextJS server is running...
Mon Jun  2 12:04:00 CDT 2025: Running scheduled reports
/Users/sim/Project2/scripts/../scripts/run-simple-scheduled-reports.sh: line 16: node: command not found
Mon Jun  2 12:04:00 CDT 2025: NextJS server is not running. Skipping scheduled reports check.
Mon Jun  2 12:05:00 CDT 2025: Running scheduled reports
Mon Jun  2 12:05:00 CDT 2025: Checking if NextJS server is running...
/Users/sim/Project2/scripts/../scripts/run-simple-scheduled-reports.sh: line 16: node: command not found
Mon Jun  2 12:05:00 CDT 2025: NextJS server is not running. Skipping scheduled reports check.
Mon Jun  2 12:06:00 CDT 2025: Checking if NextJS server is running...
Mon Jun  2 12:06:00 CDT 2025: Running scheduled reports
/Users/sim/Project2/scripts/../scripts/run-simple-scheduled-reports.sh: line 16: node: command not found
Mon Jun  2 12:06:01 CDT 2025: NextJS server is not running. Skipping scheduled reports check.
Mon Jun  2 12:07:00 CDT 2025: Checking if NextJS server is running...
Mon Jun  2 12:07:00 CDT 2025: Running scheduled reports
/Users/sim/Project2/scripts/../scripts/run-simple-scheduled-reports.sh: line 16: node: command not found
Mon Jun  2 12:07:00 CDT 2025: NextJS server is not running. Skipping scheduled reports check.
Mon Jun  2 12:08:00 CDT 2025: Checking if NextJS server is running...
Mon Jun  2 12:08:00 CDT 2025: Running scheduled reports
/Users/sim/Project2/scripts/../scripts/run-simple-scheduled-reports.sh: line 16: node: command not found
Mon Jun  2 12:08:00 CDT 2025: NextJS server is not running. Skipping scheduled reports check.
Mon Jun  2 12:09:00 CDT 2025: Running scheduled reports
Mon Jun  2 12:09:00 CDT 2025: Checking if NextJS server is running...
/Users/sim/Project2/scripts/../scripts/run-simple-scheduled-reports.sh: line 16: node: command not found
Mon Jun  2 12:09:00 CDT 2025: NextJS server is not running. Skipping scheduled reports check.
Mon Jun  2 12:10:00 CDT 2025: Checking if NextJS server is running...
Mon Jun  2 12:10:00 CDT 2025: Running scheduled reports
/Users/sim/Project2/scripts/../scripts/run-simple-scheduled-reports.sh: line 16: node: command not found
Mon Jun  2 12:10:00 CDT 2025: NextJS server is not running. Skipping scheduled reports check.
Mon Jun  2 12:11:00 CDT 2025: Running scheduled reports
Mon Jun  2 12:11:00 CDT 2025: Checking if NextJS server is running...
/Users/sim/Project2/scripts/../scripts/run-simple-scheduled-reports.sh: line 16: node: command not found
Mon Jun  2 12:11:00 CDT 2025: NextJS server is not running. Skipping scheduled reports check.
Mon Jun  2 12:12:00 CDT 2025: Running scheduled reports
Mon Jun  2 12:12:00 CDT 2025: Checking if NextJS server is running...
/Users/sim/Project2/scripts/../scripts/run-simple-scheduled-reports.sh: line 16: node: command not found
Mon Jun  2 12:12:00 CDT 2025: NextJS server is not running. Skipping scheduled reports check.
Mon Jun  2 12:13:01 CDT 2025: Checking if NextJS server is running...
Mon Jun  2 12:13:01 CDT 2025: Running scheduled reports
/Users/sim/Project2/scripts/../scripts/run-simple-scheduled-reports.sh: line 16: node: command not found
Mon Jun  2 12:13:01 CDT 2025: NextJS server is not running. Skipping scheduled reports check.
Mon Jun  2 12:14:00 CDT 2025: Running scheduled reports
Mon Jun  2 12:14:00 CDT 2025: Checking if NextJS server is running...
/Users/sim/Project2/scripts/../scripts/run-simple-scheduled-reports.sh: line 16: node: command not found
Mon Jun  2 12:14:00 CDT 2025: NextJS server is not running. Skipping scheduled reports check.
Mon Jun  2 12:15:00 CDT 2025: Running scheduled reports
Mon Jun  2 12:15:00 CDT 2025: Checking if NextJS server is running...
/Users/sim/Project2/scripts/../scripts/run-simple-scheduled-reports.sh: line 16: node: command not found
Mon Jun  2 12:15:00 CDT 2025: NextJS server is not running. Skipping scheduled reports check.
Mon Jun  2 12:16:00 CDT 2025: Checking if NextJS server is running...
Mon Jun  2 12:16:00 CDT 2025: Running scheduled reports
/Users/sim/Project2/scripts/../scripts/run-simple-scheduled-reports.sh: line 16: node: command not found
Mon Jun  2 12:16:01 CDT 2025: NextJS server is not running. Skipping scheduled reports check.
Mon Jun  2 12:17:00 CDT 2025: Running scheduled reports
Mon Jun  2 12:17:00 CDT 2025: Checking if NextJS server is running...
/Users/sim/Project2/scripts/../scripts/run-simple-scheduled-reports.sh: line 16: node: command not found
Mon Jun  2 12:17:00 CDT 2025: NextJS server is not running. Skipping scheduled reports check.
Mon Jun  2 12:18:00 CDT 2025: Running scheduled reports
Mon Jun  2 12:18:00 CDT 2025: Checking if NextJS server is running...
/Users/sim/Project2/scripts/../scripts/run-simple-scheduled-reports.sh: line 16: node: command not found
Mon Jun  2 12:18:00 CDT 2025: NextJS server is not running. Skipping scheduled reports check.
Mon Jun  2 12:19:00 CDT 2025: Checking if NextJS server is running...
Mon Jun  2 12:19:00 CDT 2025: Running scheduled reports
/Users/sim/Project2/scripts/../scripts/run-simple-scheduled-reports.sh: line 16: node: command not found
Mon Jun  2 12:19:00 CDT 2025: NextJS server is not running. Skipping scheduled reports check.
Mon Jun  2 12:20:00 CDT 2025: Running scheduled reports
Mon Jun  2 12:20:00 CDT 2025: Checking if NextJS server is running...
/Users/sim/Project2/scripts/../scripts/run-simple-scheduled-reports.sh: line 16: node: command not found
Mon Jun  2 12:20:00 CDT 2025: NextJS server is not running. Skipping scheduled reports check.
Mon Jun  2 12:21:00 CDT 2025: Running scheduled reports
Mon Jun  2 12:21:00 CDT 2025: Checking if NextJS server is running...
/Users/sim/Project2/scripts/../scripts/run-simple-scheduled-reports.sh: line 16: node: command not found
Mon Jun  2 12:21:00 CDT 2025: NextJS server is not running. Skipping scheduled reports check.
Mon Jun  2 12:22:01 CDT 2025: Running scheduled reports
Mon Jun  2 12:22:01 CDT 2025: Checking if NextJS server is running...
/Users/sim/Project2/scripts/../scripts/run-simple-scheduled-reports.sh: line 16: node: command not found
Mon Jun  2 12:22:01 CDT 2025: NextJS server is not running. Skipping scheduled reports check.
Mon Jun  2 12:23:00 CDT 2025: Checking if NextJS server is running...
Mon Jun  2 12:23:00 CDT 2025: Running scheduled reports
/Users/sim/Project2/scripts/../scripts/run-simple-scheduled-reports.sh: line 16: node: command not found
Mon Jun  2 12:23:00 CDT 2025: NextJS server is not running. Skipping scheduled reports check.
Mon Jun  2 12:24:00 CDT 2025: Checking if NextJS server is running...
Mon Jun  2 12:24:00 CDT 2025: Running scheduled reports
/Users/sim/Project2/scripts/../scripts/run-simple-scheduled-reports.sh: line 16: node: command not found
Mon Jun  2 12:24:00 CDT 2025: NextJS server is not running. Skipping scheduled reports check.
Mon Jun  2 12:25:00 CDT 2025: Checking if NextJS server is running...
Mon Jun  2 12:25:00 CDT 2025: Running scheduled reports
/Users/sim/Project2/scripts/../scripts/run-simple-scheduled-reports.sh: line 16: node: command not found
Mon Jun  2 12:25:00 CDT 2025: NextJS server is not running. Skipping scheduled reports check.
Mon Jun  2 12:26:00 CDT 2025: Checking if NextJS server is running...
Mon Jun  2 12:26:00 CDT 2025: Running scheduled reports
/Users/sim/Project2/scripts/../scripts/run-simple-scheduled-reports.sh: line 16: node: command not found
Mon Jun  2 12:26:01 CDT 2025: NextJS server is not running. Skipping scheduled reports check.
Mon Jun  2 12:27:00 CDT 2025: Running scheduled reports
Mon Jun  2 12:27:00 CDT 2025: Checking if NextJS server is running...
/Users/sim/Project2/scripts/../scripts/run-simple-scheduled-reports.sh: line 16: node: command not found
Mon Jun  2 12:27:00 CDT 2025: NextJS server is not running. Skipping scheduled reports check.
Mon Jun  2 12:28:00 CDT 2025: Running scheduled reports
Mon Jun  2 12:28:00 CDT 2025: Checking if NextJS server is running...
/Users/sim/Project2/scripts/../scripts/run-simple-scheduled-reports.sh: line 16: node: command not found
Mon Jun  2 12:28:00 CDT 2025: NextJS server is not running. Skipping scheduled reports check.
Mon Jun  2 12:29:00 CDT 2025: Checking if NextJS server is running...
Mon Jun  2 12:29:00 CDT 2025: Running scheduled reports
/Users/sim/Project2/scripts/../scripts/run-simple-scheduled-reports.sh: line 16: node: command not found
Mon Jun  2 12:29:00 CDT 2025: NextJS server is not running. Skipping scheduled reports check.
Mon Jun  2 12:30:00 CDT 2025: Checking if NextJS server is running...
Mon Jun  2 12:30:00 CDT 2025: Running scheduled reports
/Users/sim/Project2/scripts/../scripts/run-simple-scheduled-reports.sh: line 16: node: command not found
Mon Jun  2 12:30:00 CDT 2025: NextJS server is not running. Skipping scheduled reports check.
Mon Jun  2 12:31:01 CDT 2025: Running scheduled reports
Mon Jun  2 12:31:01 CDT 2025: Checking if NextJS server is running...
/Users/sim/Project2/scripts/../scripts/run-simple-scheduled-reports.sh: line 16: node: command not found
Mon Jun  2 12:31:01 CDT 2025: NextJS server is not running. Skipping scheduled reports check.
Mon Jun  2 12:32:00 CDT 2025: Checking if NextJS server is running...
Mon Jun  2 12:32:00 CDT 2025: Running scheduled reports
/Users/sim/Project2/scripts/../scripts/run-simple-scheduled-reports.sh: line 16: node: command not found
Mon Jun  2 12:32:00 CDT 2025: NextJS server is not running. Skipping scheduled reports check.
Mon Jun  2 12:33:00 CDT 2025: Checking if NextJS server is running...
Mon Jun  2 12:33:00 CDT 2025: Running scheduled reports
/Users/sim/Project2/scripts/../scripts/run-simple-scheduled-reports.sh: line 16: node: command not found
Mon Jun  2 12:33:00 CDT 2025: NextJS server is not running. Skipping scheduled reports check.
Mon Jun  2 12:34:00 CDT 2025: Running scheduled reports
Mon Jun  2 12:34:00 CDT 2025: Checking if NextJS server is running...
/Users/sim/Project2/scripts/../scripts/run-simple-scheduled-reports.sh: line 16: node: command not found
Mon Jun  2 12:34:00 CDT 2025: NextJS server is not running. Skipping scheduled reports check.
Mon Jun  2 12:35:00 CDT 2025: Checking if NextJS server is running...
Mon Jun  2 12:35:00 CDT 2025: Running scheduled reports
/Users/sim/Project2/scripts/../scripts/run-simple-scheduled-reports.sh: line 16: node: command not found
Mon Jun  2 12:35:00 CDT 2025: NextJS server is not running. Skipping scheduled reports check.
Mon Jun  2 12:36:00 CDT 2025: Running scheduled reports
Mon Jun  2 12:36:00 CDT 2025: Checking if NextJS server is running...
/Users/sim/Project2/scripts/../scripts/run-simple-scheduled-reports.sh: line 16: node: command not found
Mon Jun  2 12:36:00 CDT 2025: NextJS server is not running. Skipping scheduled reports check.
Mon Jun  2 12:37:00 CDT 2025: Checking if NextJS server is running...
Mon Jun  2 12:37:00 CDT 2025: Running scheduled reports
/Users/sim/Project2/scripts/../scripts/run-simple-scheduled-reports.sh: line 16: node: command not found
Mon Jun  2 12:37:01 CDT 2025: NextJS server is not running. Skipping scheduled reports check.
Mon Jun  2 12:38:00 CDT 2025: Running scheduled reports
Mon Jun  2 12:38:00 CDT 2025: Checking if NextJS server is running...
/Users/sim/Project2/scripts/../scripts/run-simple-scheduled-reports.sh: line 16: node: command not found
Mon Jun  2 12:38:00 CDT 2025: NextJS server is not running. Skipping scheduled reports check.
Mon Jun  2 12:39:00 CDT 2025: Checking if NextJS server is running...
Mon Jun  2 12:39:00 CDT 2025: Running scheduled reports
/Users/sim/Project2/scripts/../scripts/run-simple-scheduled-reports.sh: line 16: node: command not found
Mon Jun  2 12:39:00 CDT 2025: NextJS server is not running. Skipping scheduled reports check.
Mon Jun  2 12:40:00 CDT 2025: Checking if NextJS server is running...
Mon Jun  2 12:40:00 CDT 2025: Running scheduled reports
/Users/sim/Project2/scripts/../scripts/run-simple-scheduled-reports.sh: line 16: node: command not found
Mon Jun  2 12:40:00 CDT 2025: NextJS server is not running. Skipping scheduled reports check.
Mon Jun  2 12:41:00 CDT 2025: Checking if NextJS server is running...
Mon Jun  2 12:41:00 CDT 2025: Running scheduled reports
/Users/sim/Project2/scripts/../scripts/run-simple-scheduled-reports.sh: line 16: node: command not found
Mon Jun  2 12:41:00 CDT 2025: NextJS server is not running. Skipping scheduled reports check.
Mon Jun  2 12:42:00 CDT 2025: Checking if NextJS server is running...
Mon Jun  2 12:42:00 CDT 2025: Running scheduled reports
/Users/sim/Project2/scripts/../scripts/run-simple-scheduled-reports.sh: line 16: node: command not found
Mon Jun  2 12:42:00 CDT 2025: NextJS server is not running. Skipping scheduled reports check.
Mon Jun  2 12:43:01 CDT 2025: Checking if NextJS server is running...
Mon Jun  2 12:43:01 CDT 2025: Running scheduled reports
/Users/sim/Project2/scripts/../scripts/run-simple-scheduled-reports.sh: line 16: node: command not found
Mon Jun  2 12:43:01 CDT 2025: NextJS server is not running. Skipping scheduled reports check.
Mon Jun  2 12:44:00 CDT 2025: Checking if NextJS server is running...
Mon Jun  2 12:44:00 CDT 2025: Running scheduled reports
/Users/sim/Project2/scripts/../scripts/run-simple-scheduled-reports.sh: line 16: node: command not found
Mon Jun  2 12:44:00 CDT 2025: NextJS server is not running. Skipping scheduled reports check.
Mon Jun  2 12:45:00 CDT 2025: Running scheduled reports
Mon Jun  2 12:45:00 CDT 2025: Checking if NextJS server is running...
/Users/sim/Project2/scripts/../scripts/run-simple-scheduled-reports.sh: line 16: node: command not found
Mon Jun  2 12:45:00 CDT 2025: NextJS server is not running. Skipping scheduled reports check.
Mon Jun  2 12:46:00 CDT 2025: Running scheduled reports
Mon Jun  2 12:46:00 CDT 2025: Checking if NextJS server is running...
/Users/sim/Project2/scripts/../scripts/run-simple-scheduled-reports.sh: line 16: node: command not found
Mon Jun  2 12:46:00 CDT 2025: NextJS server is not running. Skipping scheduled reports check.
Mon Jun  2 12:47:00 CDT 2025: Checking if NextJS server is running...
Mon Jun  2 12:47:00 CDT 2025: Running scheduled reports
/Users/sim/Project2/scripts/../scripts/run-simple-scheduled-reports.sh: line 16: node: command not found
Mon Jun  2 12:47:00 CDT 2025: NextJS server is not running. Skipping scheduled reports check.
Mon Jun  2 12:48:01 CDT 2025: Running scheduled reports
Mon Jun  2 12:48:01 CDT 2025: Checking if NextJS server is running...
/Users/sim/Project2/scripts/../scripts/run-simple-scheduled-reports.sh: line 16: node: command not found
Mon Jun  2 12:48:01 CDT 2025: NextJS server is not running. Skipping scheduled reports check.
Mon Jun  2 12:49:00 CDT 2025: Checking if NextJS server is running...
Mon Jun  2 12:49:00 CDT 2025: Running scheduled reports
/Users/sim/Project2/scripts/../scripts/run-simple-scheduled-reports.sh: line 16: node: command not found
Mon Jun  2 12:49:00 CDT 2025: NextJS server is not running. Skipping scheduled reports check.
Mon Jun  2 12:50:00 CDT 2025: Running scheduled reports
Mon Jun  2 12:50:00 CDT 2025: Checking if NextJS server is running...
/Users/sim/Project2/scripts/../scripts/run-simple-scheduled-reports.sh: line 16: node: command not found
Mon Jun  2 12:50:00 CDT 2025: NextJS server is not running. Skipping scheduled reports check.
Mon Jun  2 12:51:00 CDT 2025: Checking if NextJS server is running...
Mon Jun  2 12:51:00 CDT 2025: Running scheduled reports
/Users/sim/Project2/scripts/../scripts/run-simple-scheduled-reports.sh: line 16: node: command not found
Mon Jun  2 12:51:00 CDT 2025: NextJS server is not running. Skipping scheduled reports check.
Mon Jun  2 12:52:00 CDT 2025: Running scheduled reports
Mon Jun  2 12:52:00 CDT 2025: Checking if NextJS server is running...
/Users/sim/Project2/scripts/../scripts/run-simple-scheduled-reports.sh: line 16: node: command not found
Mon Jun  2 12:52:00 CDT 2025: NextJS server is not running. Skipping scheduled reports check.
Mon Jun  2 12:53:00 CDT 2025: Checking if NextJS server is running...
Mon Jun  2 12:53:00 CDT 2025: Running scheduled reports
/Users/sim/Project2/scripts/../scripts/run-simple-scheduled-reports.sh: line 16: node: command not found
Mon Jun  2 12:53:01 CDT 2025: NextJS server is not running. Skipping scheduled reports check.
Mon Jun  2 12:54:00 CDT 2025: Checking if NextJS server is running...
Mon Jun  2 12:54:00 CDT 2025: Running scheduled reports
/Users/sim/Project2/scripts/../scripts/run-simple-scheduled-reports.sh: line 16: node: command not found
Mon Jun  2 12:54:00 CDT 2025: NextJS server is not running. Skipping scheduled reports check.
Mon Jun  2 12:55:00 CDT 2025: Checking if NextJS server is running...
Mon Jun  2 12:55:00 CDT 2025: Running scheduled reports
/Users/sim/Project2/scripts/../scripts/run-simple-scheduled-reports.sh: line 16: node: command not found
Mon Jun  2 12:55:00 CDT 2025: NextJS server is not running. Skipping scheduled reports check.
Mon Jun  2 12:56:00 CDT 2025: Checking if NextJS server is running...
Mon Jun  2 12:56:00 CDT 2025: Running scheduled reports
/Users/sim/Project2/scripts/../scripts/run-simple-scheduled-reports.sh: line 16: node: command not found
Mon Jun  2 12:56:00 CDT 2025: NextJS server is not running. Skipping scheduled reports check.
Mon Jun  2 12:57:00 CDT 2025: Running scheduled reports
Mon Jun  2 12:57:00 CDT 2025: Checking if NextJS server is running...
/Users/sim/Project2/scripts/../scripts/run-simple-scheduled-reports.sh: line 16: node: command not found
Mon Jun  2 12:57:00 CDT 2025: NextJS server is not running. Skipping scheduled reports check.
Mon Jun  2 12:58:00 CDT 2025: Checking if NextJS server is running...
Mon Jun  2 12:58:00 CDT 2025: Running scheduled reports
/Users/sim/Project2/scripts/../scripts/run-simple-scheduled-reports.sh: line 16: node: command not found
Mon Jun  2 12:58:00 CDT 2025: NextJS server is not running. Skipping scheduled reports check.
Mon Jun  2 12:59:00 CDT 2025: Running scheduled reports
Mon Jun  2 12:59:00 CDT 2025: Checking if NextJS server is running...
/Users/sim/Project2/scripts/../scripts/run-simple-scheduled-reports.sh: line 16: node: command not found
Mon Jun  2 12:59:00 CDT 2025: NextJS server is not running. Skipping scheduled reports check.
Mon Jun  2 13:00:01 CDT 2025: Checking if NextJS server is running...
Mon Jun  2 13:00:01 CDT 2025: Running scheduled reports
/Users/sim/Project2/scripts/../scripts/run-simple-scheduled-reports.sh: line 16: node: command not found
Mon Jun  2 13:00:01 CDT 2025: NextJS server is not running. Skipping scheduled reports check.
Mon Jun  2 13:01:00 CDT 2025: Running scheduled reports
Mon Jun  2 13:01:00 CDT 2025: Checking if NextJS server is running...
/Users/sim/Project2/scripts/../scripts/run-simple-scheduled-reports.sh: line 16: node: command not found
Mon Jun  2 13:01:00 CDT 2025: NextJS server is not running. Skipping scheduled reports check.
Mon Jun  2 13:02:00 CDT 2025: Running scheduled reports
Mon Jun  2 13:02:00 CDT 2025: Checking if NextJS server is running...
/Users/sim/Project2/scripts/../scripts/run-simple-scheduled-reports.sh: line 16: node: command not found
Mon Jun  2 13:02:00 CDT 2025: NextJS server is not running. Skipping scheduled reports check.
Mon Jun  2 13:03:00 CDT 2025: Checking if NextJS server is running...
Mon Jun  2 13:03:00 CDT 2025: Running scheduled reports
/Users/sim/Project2/scripts/../scripts/run-simple-scheduled-reports.sh: line 16: node: command not found
Mon Jun  2 13:03:00 CDT 2025: NextJS server is not running. Skipping scheduled reports check.
Mon Jun  2 13:04:00 CDT 2025: Checking if NextJS server is running...
Mon Jun  2 13:04:00 CDT 2025: Running scheduled reports
/Users/sim/Project2/scripts/../scripts/run-simple-scheduled-reports.sh: line 16: node: command not found
Mon Jun  2 13:04:00 CDT 2025: NextJS server is not running. Skipping scheduled reports check.
Mon Jun  2 13:05:00 CDT 2025: Checking if NextJS server is running...
Mon Jun  2 13:05:00 CDT 2025: Running scheduled reports
/Users/sim/Project2/scripts/../scripts/run-simple-scheduled-reports.sh: line 16: node: command not found
Mon Jun  2 13:05:00 CDT 2025: NextJS server is not running. Skipping scheduled reports check.
Mon Jun  2 13:06:01 CDT 2025: Running scheduled reports
Mon Jun  2 13:06:01 CDT 2025: Checking if NextJS server is running...
/Users/sim/Project2/scripts/../scripts/run-simple-scheduled-reports.sh: line 16: node: command not found
Mon Jun  2 13:06:01 CDT 2025: NextJS server is not running. Skipping scheduled reports check.
Mon Jun  2 13:07:00 CDT 2025: Checking if NextJS server is running...
Mon Jun  2 13:07:00 CDT 2025: Running scheduled reports
/Users/sim/Project2/scripts/../scripts/run-simple-scheduled-reports.sh: line 16: node: command not found
Mon Jun  2 13:07:00 CDT 2025: NextJS server is not running. Skipping scheduled reports check.
Mon Jun  2 13:08:00 CDT 2025: Running scheduled reports
Mon Jun  2 13:08:00 CDT 2025: Checking if NextJS server is running...
/Users/sim/Project2/scripts/../scripts/run-simple-scheduled-reports.sh: line 16: node: command not found
Mon Jun  2 13:08:00 CDT 2025: NextJS server is not running. Skipping scheduled reports check.
Mon Jun  2 13:09:00 CDT 2025: Running scheduled reports
Mon Jun  2 13:09:00 CDT 2025: Checking if NextJS server is running...
/Users/sim/Project2/scripts/../scripts/run-simple-scheduled-reports.sh: line 16: node: command not found
Mon Jun  2 13:09:00 CDT 2025: NextJS server is not running. Skipping scheduled reports check.
Mon Jun  2 13:10:00 CDT 2025: Checking if NextJS server is running...
Mon Jun  2 13:10:00 CDT 2025: Running scheduled reports
/Users/sim/Project2/scripts/../scripts/run-simple-scheduled-reports.sh: line 16: node: command not found
Mon Jun  2 13:10:00 CDT 2025: NextJS server is not running. Skipping scheduled reports check.
Mon Jun  2 13:11:01 CDT 2025: Running scheduled reports
Mon Jun  2 13:11:01 CDT 2025: Checking if NextJS server is running...
/Users/sim/Project2/scripts/../scripts/run-simple-scheduled-reports.sh: line 16: node: command not found
Mon Jun  2 13:11:01 CDT 2025: NextJS server is not running. Skipping scheduled reports check.
Mon Jun  2 13:12:00 CDT 2025: Checking if NextJS server is running...
Mon Jun  2 13:12:00 CDT 2025: Running scheduled reports
/Users/sim/Project2/scripts/../scripts/run-simple-scheduled-reports.sh: line 16: node: command not found
Mon Jun  2 13:12:00 CDT 2025: NextJS server is not running. Skipping scheduled reports check.
Mon Jun  2 13:13:00 CDT 2025: Running scheduled reports
Mon Jun  2 13:13:00 CDT 2025: Checking if NextJS server is running...
/Users/sim/Project2/scripts/../scripts/run-simple-scheduled-reports.sh: line 16: node: command not found
Mon Jun  2 13:13:00 CDT 2025: NextJS server is not running. Skipping scheduled reports check.
Mon Jun  2 13:14:00 CDT 2025: Running scheduled reports
Mon Jun  2 13:14:00 CDT 2025: Checking if NextJS server is running...
/Users/sim/Project2/scripts/../scripts/run-simple-scheduled-reports.sh: line 16: node: command not found
Mon Jun  2 13:14:00 CDT 2025: NextJS server is not running. Skipping scheduled reports check.
Mon Jun  2 13:15:01 CDT 2025: Running scheduled reports
Mon Jun  2 13:15:01 CDT 2025: Checking if NextJS server is running...
/Users/sim/Project2/scripts/../scripts/run-simple-scheduled-reports.sh: line 16: node: command not found
Mon Jun  2 13:15:01 CDT 2025: NextJS server is not running. Skipping scheduled reports check.
Mon Jun  2 13:16:00 CDT 2025: Running scheduled reports
Mon Jun  2 13:16:00 CDT 2025: Checking if NextJS server is running...
/Users/sim/Project2/scripts/../scripts/run-simple-scheduled-reports.sh: line 16: node: command not found
Mon Jun  2 13:16:00 CDT 2025: NextJS server is not running. Skipping scheduled reports check.
Mon Jun  2 13:17:00 CDT 2025: Running scheduled reports
Mon Jun  2 13:17:00 CDT 2025: Checking if NextJS server is running...
/Users/sim/Project2/scripts/../scripts/run-simple-scheduled-reports.sh: line 16: node: command not found
Mon Jun  2 13:17:00 CDT 2025: NextJS server is not running. Skipping scheduled reports check.
Mon Jun  2 13:18:00 CDT 2025: Checking if NextJS server is running...
Mon Jun  2 13:18:00 CDT 2025: Running scheduled reports
/Users/sim/Project2/scripts/../scripts/run-simple-scheduled-reports.sh: line 16: node: command not found
Mon Jun  2 13:18:00 CDT 2025: NextJS server is not running. Skipping scheduled reports check.
Mon Jun  2 13:19:00 CDT 2025: Running scheduled reports
Mon Jun  2 13:19:00 CDT 2025: Checking if NextJS server is running...
/Users/sim/Project2/scripts/../scripts/run-simple-scheduled-reports.sh: line 16: node: command not found
Mon Jun  2 13:19:00 CDT 2025: NextJS server is not running. Skipping scheduled reports check.
Mon Jun  2 13:20:00 CDT 2025: Checking if NextJS server is running...
Mon Jun  2 13:20:00 CDT 2025: Running scheduled reports
/Users/sim/Project2/scripts/../scripts/run-simple-scheduled-reports.sh: line 16: node: command not found
Mon Jun  2 13:20:00 CDT 2025: NextJS server is not running. Skipping scheduled reports check.
Mon Jun  2 13:21:00 CDT 2025: Checking if NextJS server is running...
Mon Jun  2 13:21:00 CDT 2025: Running scheduled reports
/Users/sim/Project2/scripts/../scripts/run-simple-scheduled-reports.sh: line 16: node: command not found
Mon Jun  2 13:21:00 CDT 2025: NextJS server is not running. Skipping scheduled reports check.
Mon Jun  2 13:22:00 CDT 2025: Checking if NextJS server is running...
Mon Jun  2 13:22:00 CDT 2025: Running scheduled reports
/Users/sim/Project2/scripts/../scripts/run-simple-scheduled-reports.sh: line 16: node: command not found
Mon Jun  2 13:22:00 CDT 2025: NextJS server is not running. Skipping scheduled reports check.
Mon Jun  2 13:23:00 CDT 2025: Checking if NextJS server is running...
Mon Jun  2 13:23:00 CDT 2025: Running scheduled reports
/Users/sim/Project2/scripts/../scripts/run-simple-scheduled-reports.sh: line 16: node: command not found
Mon Jun  2 13:23:00 CDT 2025: NextJS server is not running. Skipping scheduled reports check.
Mon Jun  2 13:24:01 CDT 2025: Running scheduled reports
Mon Jun  2 13:24:01 CDT 2025: Checking if NextJS server is running...
/Users/sim/Project2/scripts/../scripts/run-simple-scheduled-reports.sh: line 16: node: command not found
Mon Jun  2 13:24:01 CDT 2025: NextJS server is not running. Skipping scheduled reports check.
Mon Jun  2 13:25:00 CDT 2025: Checking if NextJS server is running...
Mon Jun  2 13:25:00 CDT 2025: Running scheduled reports
/Users/sim/Project2/scripts/../scripts/run-simple-scheduled-reports.sh: line 16: node: command not found
Mon Jun  2 13:25:00 CDT 2025: NextJS server is not running. Skipping scheduled reports check.
Mon Jun  2 13:26:00 CDT 2025: Checking if NextJS server is running...
Mon Jun  2 13:26:00 CDT 2025: Running scheduled reports
/Users/sim/Project2/scripts/../scripts/run-simple-scheduled-reports.sh: line 16: node: command not found
Mon Jun  2 13:26:00 CDT 2025: NextJS server is not running. Skipping scheduled reports check.
Mon Jun  2 13:27:00 CDT 2025: Running scheduled reports
Mon Jun  2 13:27:00 CDT 2025: Checking if NextJS server is running...
/Users/sim/Project2/scripts/../scripts/run-simple-scheduled-reports.sh: line 16: node: command not found
Mon Jun  2 13:27:00 CDT 2025: NextJS server is not running. Skipping scheduled reports check.
Mon Jun  2 13:28:01 CDT 2025: Checking if NextJS server is running...
Mon Jun  2 13:28:01 CDT 2025: Running scheduled reports
/Users/sim/Project2/scripts/../scripts/run-simple-scheduled-reports.sh: line 16: node: command not found
Mon Jun  2 13:28:01 CDT 2025: NextJS server is not running. Skipping scheduled reports check.
Mon Jun  2 13:29:00 CDT 2025: Checking if NextJS server is running...
Mon Jun  2 13:29:00 CDT 2025: Running scheduled reports
/Users/sim/Project2/scripts/../scripts/run-simple-scheduled-reports.sh: line 16: node: command not found
Mon Jun  2 13:29:00 CDT 2025: NextJS server is not running. Skipping scheduled reports check.
Mon Jun  2 13:30:00 CDT 2025: Running scheduled reports
Mon Jun  2 13:30:00 CDT 2025: Checking if NextJS server is running...
/Users/sim/Project2/scripts/../scripts/run-simple-scheduled-reports.sh: line 16: node: command not found
Mon Jun  2 13:30:00 CDT 2025: NextJS server is not running. Skipping scheduled reports check.
Mon Jun  2 13:31:00 CDT 2025: Checking if NextJS server is running...
Mon Jun  2 13:31:00 CDT 2025: Running scheduled reports
/Users/sim/Project2/scripts/../scripts/run-simple-scheduled-reports.sh: line 16: node: command not found
Mon Jun  2 13:31:00 CDT 2025: NextJS server is not running. Skipping scheduled reports check.
Mon Jun  2 13:32:01 CDT 2025: Checking if NextJS server is running...
Mon Jun  2 13:32:01 CDT 2025: Running scheduled reports
/Users/sim/Project2/scripts/../scripts/run-simple-scheduled-reports.sh: line 16: node: command not found
Mon Jun  2 13:32:01 CDT 2025: NextJS server is not running. Skipping scheduled reports check.
Mon Jun  2 13:33:00 CDT 2025: Running scheduled reports
Mon Jun  2 13:33:00 CDT 2025: Checking if NextJS server is running...
/Users/sim/Project2/scripts/../scripts/run-simple-scheduled-reports.sh: line 16: node: command not found
Mon Jun  2 13:33:00 CDT 2025: NextJS server is not running. Skipping scheduled reports check.
Mon Jun  2 13:34:00 CDT 2025: Checking if NextJS server is running...
Mon Jun  2 13:34:00 CDT 2025: Running scheduled reports
/Users/sim/Project2/scripts/../scripts/run-simple-scheduled-reports.sh: line 16: node: command not found
Mon Jun  2 13:34:00 CDT 2025: NextJS server is not running. Skipping scheduled reports check.
Mon Jun  2 13:35:00 CDT 2025: Checking if NextJS server is running...
Mon Jun  2 13:35:00 CDT 2025: Running scheduled reports
/Users/sim/Project2/scripts/../scripts/run-simple-scheduled-reports.sh: line 16: node: command not found
Mon Jun  2 13:35:00 CDT 2025: NextJS server is not running. Skipping scheduled reports check.
Mon Jun  2 13:36:01 CDT 2025: Running scheduled reports
Mon Jun  2 13:36:01 CDT 2025: Checking if NextJS server is running...
/Users/sim/Project2/scripts/../scripts/run-simple-scheduled-reports.sh: line 16: node: command not found
Mon Jun  2 13:36:01 CDT 2025: NextJS server is not running. Skipping scheduled reports check.
Mon Jun  2 13:37:00 CDT 2025: Checking if NextJS server is running...
Mon Jun  2 13:37:00 CDT 2025: Running scheduled reports
/Users/sim/Project2/scripts/../scripts/run-simple-scheduled-reports.sh: line 16: node: command not found
Mon Jun  2 13:37:00 CDT 2025: NextJS server is not running. Skipping scheduled reports check.
Mon Jun  2 13:38:00 CDT 2025: Checking if NextJS server is running...
Mon Jun  2 13:38:00 CDT 2025: Running scheduled reports
/Users/sim/Project2/scripts/../scripts/run-simple-scheduled-reports.sh: line 16: node: command not found
Mon Jun  2 13:38:00 CDT 2025: NextJS server is not running. Skipping scheduled reports check.
Mon Jun  2 13:39:00 CDT 2025: Checking if NextJS server is running...
Mon Jun  2 13:39:00 CDT 2025: Running scheduled reports
/Users/sim/Project2/scripts/../scripts/run-simple-scheduled-reports.sh: line 16: node: command not found
Mon Jun  2 13:39:00 CDT 2025: NextJS server is not running. Skipping scheduled reports check.
Mon Jun  2 13:40:01 CDT 2025: Checking if NextJS server is running...
Mon Jun  2 13:40:01 CDT 2025: Running scheduled reports
/Users/sim/Project2/scripts/../scripts/run-simple-scheduled-reports.sh: line 16: node: command not found
Mon Jun  2 13:40:01 CDT 2025: NextJS server is not running. Skipping scheduled reports check.
Mon Jun  2 13:41:00 CDT 2025: Running scheduled reports
Mon Jun  2 13:41:00 CDT 2025: Checking if NextJS server is running...
/Users/sim/Project2/scripts/../scripts/run-simple-scheduled-reports.sh: line 16: node: command not found
Mon Jun  2 13:41:00 CDT 2025: NextJS server is not running. Skipping scheduled reports check.
Mon Jun  2 13:42:00 CDT 2025: Running scheduled reports
Mon Jun  2 13:42:00 CDT 2025: Checking if NextJS server is running...
/Users/sim/Project2/scripts/../scripts/run-simple-scheduled-reports.sh: line 16: node: command not found
Mon Jun  2 13:42:00 CDT 2025: NextJS server is not running. Skipping scheduled reports check.
Mon Jun  2 13:43:00 CDT 2025: Checking if NextJS server is running...
Mon Jun  2 13:43:00 CDT 2025: Running scheduled reports
/Users/sim/Project2/scripts/../scripts/run-simple-scheduled-reports.sh: line 16: node: command not found
Mon Jun  2 13:43:00 CDT 2025: NextJS server is not running. Skipping scheduled reports check.
Mon Jun  2 13:44:01 CDT 2025: Checking if NextJS server is running...
Mon Jun  2 13:44:01 CDT 2025: Running scheduled reports
/Users/sim/Project2/scripts/../scripts/run-simple-scheduled-reports.sh: line 16: node: command not found
Mon Jun  2 13:44:01 CDT 2025: NextJS server is not running. Skipping scheduled reports check.
Mon Jun  2 13:45:00 CDT 2025: Running scheduled reports
Mon Jun  2 13:45:00 CDT 2025: Checking if NextJS server is running...
/Users/sim/Project2/scripts/../scripts/run-simple-scheduled-reports.sh: line 16: node: command not found
Mon Jun  2 13:45:00 CDT 2025: NextJS server is not running. Skipping scheduled reports check.
Mon Jun  2 13:46:00 CDT 2025: Checking if NextJS server is running...
Mon Jun  2 13:46:00 CDT 2025: Running scheduled reports
/Users/sim/Project2/scripts/../scripts/run-simple-scheduled-reports.sh: line 16: node: command not found
Mon Jun  2 13:46:00 CDT 2025: NextJS server is not running. Skipping scheduled reports check.
Mon Jun  2 13:47:00 CDT 2025: Checking if NextJS server is running...
Mon Jun  2 13:47:00 CDT 2025: Running scheduled reports
/Users/sim/Project2/scripts/../scripts/run-simple-scheduled-reports.sh: line 16: node: command not found
Mon Jun  2 13:47:00 CDT 2025: NextJS server is not running. Skipping scheduled reports check.
Mon Jun  2 13:48:00 CDT 2025: Running scheduled reports
Mon Jun  2 13:48:00 CDT 2025: Checking if NextJS server is running...
/Users/sim/Project2/scripts/../scripts/run-simple-scheduled-reports.sh: line 16: node: command not found
Mon Jun  2 13:48:01 CDT 2025: NextJS server is not running. Skipping scheduled reports check.
Mon Jun  2 13:49:00 CDT 2025: Running scheduled reports
Mon Jun  2 13:49:00 CDT 2025: Checking if NextJS server is running...
/Users/sim/Project2/scripts/../scripts/run-simple-scheduled-reports.sh: line 16: node: command not found
Mon Jun  2 13:49:00 CDT 2025: NextJS server is not running. Skipping scheduled reports check.
Mon Jun  2 13:50:00 CDT 2025: Checking if NextJS server is running...
Mon Jun  2 13:50:00 CDT 2025: Running scheduled reports
/Users/sim/Project2/scripts/../scripts/run-simple-scheduled-reports.sh: line 16: node: command not found
Mon Jun  2 13:50:00 CDT 2025: NextJS server is not running. Skipping scheduled reports check.
Mon Jun  2 13:51:00 CDT 2025: Checking if NextJS server is running...
Mon Jun  2 13:51:00 CDT 2025: Running scheduled reports
/Users/sim/Project2/scripts/../scripts/run-simple-scheduled-reports.sh: line 16: node: command not found
Mon Jun  2 13:51:00 CDT 2025: NextJS server is not running. Skipping scheduled reports check.
Mon Jun  2 13:52:00 CDT 2025: Running scheduled reports
Mon Jun  2 13:52:00 CDT 2025: Checking if NextJS server is running...
/Users/sim/Project2/scripts/../scripts/run-simple-scheduled-reports.sh: line 16: node: command not found
Mon Jun  2 13:52:00 CDT 2025: NextJS server is not running. Skipping scheduled reports check.
Mon Jun  2 13:53:01 CDT 2025: Running scheduled reports
Mon Jun  2 13:53:01 CDT 2025: Checking if NextJS server is running...
/Users/sim/Project2/scripts/../scripts/run-simple-scheduled-reports.sh: line 16: node: command not found
Mon Jun  2 13:53:01 CDT 2025: NextJS server is not running. Skipping scheduled reports check.
Mon Jun  2 13:54:00 CDT 2025: Running scheduled reports
Mon Jun  2 13:54:00 CDT 2025: Checking if NextJS server is running...
/Users/sim/Project2/scripts/../scripts/run-simple-scheduled-reports.sh: line 16: node: command not found
Mon Jun  2 13:54:00 CDT 2025: NextJS server is not running. Skipping scheduled reports check.
Mon Jun  2 13:55:00 CDT 2025: Checking if NextJS server is running...
Mon Jun  2 13:55:00 CDT 2025: Running scheduled reports
/Users/sim/Project2/scripts/../scripts/run-simple-scheduled-reports.sh: line 16: node: command not found
Mon Jun  2 13:55:00 CDT 2025: NextJS server is not running. Skipping scheduled reports check.
Mon Jun  2 18:57:01 CDT 2025: Checking if NextJS server is running...
Mon Jun  2 18:57:01 CDT 2025: Running scheduled reports
/Users/sim/Project2/scripts/../scripts/run-simple-scheduled-reports.sh: line 16: node: command not found
Mon Jun  2 18:57:01 CDT 2025: NextJS server is not running. Skipping scheduled reports check.
