Sun Jun  8 03:15:01 CDT 2025: Checking if NextJS server is running...
Sun Jun  8 03:15:01 CDT 2025: Running scheduled reports
/Users/sim/Project2/scripts/../scripts/run-simple-scheduled-reports.sh: line 16: node: command not found
Sun Jun  8 03:15:02 CDT 2025: NextJS server is not running. Skipping scheduled reports check.
Sun Jun  8 03:16:00 CDT 2025: Checking if NextJS server is running...
Sun Jun  8 03:16:00 CDT 2025: Running scheduled reports
/Users/sim/Project2/scripts/../scripts/run-simple-scheduled-reports.sh: line 16: node: command not found
Sun Jun  8 03:16:00 CDT 2025: NextJS server is not running. Skipping scheduled reports check.
Sun Jun  8 03:17:00 CDT 2025: Running scheduled reports
Sun Jun  8 03:17:00 CDT 2025: Checking if NextJS server is running...
/Users/sim/Project2/scripts/../scripts/run-simple-scheduled-reports.sh: line 16: node: command not found
Sun Jun  8 03:17:00 CDT 2025: NextJS server is not running. Skipping scheduled reports check.
Sun Jun  8 03:18:01 CDT 2025: Running scheduled reports
Sun Jun  8 03:18:01 CDT 2025: Checking if NextJS server is running...
/Users/sim/Project2/scripts/../scripts/run-simple-scheduled-reports.sh: line 16: node: command not found
Sun Jun  8 03:18:01 CDT 2025: NextJS server is not running. Skipping scheduled reports check.
Sun Jun  8 03:19:00 CDT 2025: Checking if NextJS server is running...
Sun Jun  8 03:19:00 CDT 2025: Running scheduled reports
/Users/sim/Project2/scripts/../scripts/run-simple-scheduled-reports.sh: line 16: node: command not found
Sun Jun  8 03:19:00 CDT 2025: NextJS server is not running. Skipping scheduled reports check.
Sun Jun  8 03:20:00 CDT 2025: Checking if NextJS server is running...
Sun Jun  8 03:20:00 CDT 2025: Running scheduled reports
/Users/sim/Project2/scripts/../scripts/run-simple-scheduled-reports.sh: line 16: node: command not found
Sun Jun  8 03:20:00 CDT 2025: NextJS server is not running. Skipping scheduled reports check.
Sun Jun  8 03:21:00 CDT 2025: Running scheduled reports
Sun Jun  8 03:21:00 CDT 2025: Checking if NextJS server is running...
/Users/sim/Project2/scripts/../scripts/run-simple-scheduled-reports.sh: line 16: node: command not found
Sun Jun  8 03:21:00 CDT 2025: NextJS server is not running. Skipping scheduled reports check.
Sun Jun  8 03:22:00 CDT 2025: Checking if NextJS server is running...
Sun Jun  8 03:22:00 CDT 2025: Running scheduled reports
/Users/sim/Project2/scripts/../scripts/run-simple-scheduled-reports.sh: line 16: node: command not found
Sun Jun  8 03:22:01 CDT 2025: NextJS server is not running. Skipping scheduled reports check.
Sun Jun  8 03:23:00 CDT 2025: Running scheduled reports
Sun Jun  8 03:23:00 CDT 2025: Checking if NextJS server is running...
/Users/sim/Project2/scripts/../scripts/run-simple-scheduled-reports.sh: line 16: node: command not found
Sun Jun  8 03:23:00 CDT 2025: NextJS server is not running. Skipping scheduled reports check.
Sun Jun  8 03:24:00 CDT 2025: Running scheduled reports
Sun Jun  8 03:24:00 CDT 2025: Checking if NextJS server is running...
/Users/sim/Project2/scripts/../scripts/run-simple-scheduled-reports.sh: line 16: node: command not found
Sun Jun  8 03:24:00 CDT 2025: NextJS server is not running. Skipping scheduled reports check.
Sun Jun  8 03:25:00 CDT 2025: Running scheduled reports
Sun Jun  8 03:25:00 CDT 2025: Checking if NextJS server is running...
/Users/sim/Project2/scripts/../scripts/run-simple-scheduled-reports.sh: line 16: node: command not found
Sun Jun  8 03:25:00 CDT 2025: NextJS server is not running. Skipping scheduled reports check.
Sun Jun  8 03:26:01 CDT 2025: Checking if NextJS server is running...
Sun Jun  8 03:26:01 CDT 2025: Running scheduled reports
/Users/sim/Project2/scripts/../scripts/run-simple-scheduled-reports.sh: line 16: node: command not found
Sun Jun  8 03:26:01 CDT 2025: NextJS server is not running. Skipping scheduled reports check.
Sun Jun  8 03:27:00 CDT 2025: Running scheduled reports
Sun Jun  8 03:27:00 CDT 2025: Checking if NextJS server is running...
/Users/sim/Project2/scripts/../scripts/run-simple-scheduled-reports.sh: line 16: node: command not found
Sun Jun  8 03:27:00 CDT 2025: NextJS server is not running. Skipping scheduled reports check.
Sun Jun  8 03:28:00 CDT 2025: Checking if NextJS server is running...
Sun Jun  8 03:28:00 CDT 2025: Running scheduled reports
/Users/sim/Project2/scripts/../scripts/run-simple-scheduled-reports.sh: line 16: node: command not found
Sun Jun  8 03:28:00 CDT 2025: NextJS server is not running. Skipping scheduled reports check.
Sun Jun  8 03:29:00 CDT 2025: Running scheduled reports
Sun Jun  8 03:29:00 CDT 2025: Checking if NextJS server is running...
/Users/sim/Project2/scripts/../scripts/run-simple-scheduled-reports.sh: line 16: node: command not found
Sun Jun  8 03:29:00 CDT 2025: NextJS server is not running. Skipping scheduled reports check.
Sun Jun  8 03:30:00 CDT 2025: Checking if NextJS server is running...
Sun Jun  8 03:30:00 CDT 2025: Running scheduled reports
/Users/sim/Project2/scripts/../scripts/run-simple-scheduled-reports.sh: line 16: node: command not found
Sun Jun  8 03:30:00 CDT 2025: NextJS server is not running. Skipping scheduled reports check.
Sun Jun  8 03:31:00 CDT 2025: Running scheduled reports
Sun Jun  8 03:31:00 CDT 2025: Checking if NextJS server is running...
/Users/sim/Project2/scripts/../scripts/run-simple-scheduled-reports.sh: line 16: node: command not found
Sun Jun  8 03:31:00 CDT 2025: NextJS server is not running. Skipping scheduled reports check.
Sun Jun  8 03:32:01 CDT 2025: Running scheduled reports
Sun Jun  8 03:32:01 CDT 2025: Checking if NextJS server is running...
/Users/sim/Project2/scripts/../scripts/run-simple-scheduled-reports.sh: line 16: node: command not found
Sun Jun  8 03:32:01 CDT 2025: NextJS server is not running. Skipping scheduled reports check.
Sun Jun  8 03:33:00 CDT 2025: Running scheduled reports
Sun Jun  8 03:33:00 CDT 2025: Checking if NextJS server is running...
/Users/sim/Project2/scripts/../scripts/run-simple-scheduled-reports.sh: line 16: node: command not found
Sun Jun  8 03:33:00 CDT 2025: NextJS server is not running. Skipping scheduled reports check.
Sun Jun  8 03:34:00 CDT 2025: Running scheduled reports
Sun Jun  8 03:34:00 CDT 2025: Checking if NextJS server is running...
/Users/sim/Project2/scripts/../scripts/run-simple-scheduled-reports.sh: line 16: node: command not found
Sun Jun  8 03:34:00 CDT 2025: NextJS server is not running. Skipping scheduled reports check.
Sun Jun  8 03:35:00 CDT 2025: Running scheduled reports
Sun Jun  8 03:35:00 CDT 2025: Checking if NextJS server is running...
/Users/sim/Project2/scripts/../scripts/run-simple-scheduled-reports.sh: line 16: node: command not found
Sun Jun  8 03:35:00 CDT 2025: NextJS server is not running. Skipping scheduled reports check.
Sun Jun  8 03:36:00 CDT 2025: Running scheduled reports
Sun Jun  8 03:36:00 CDT 2025: Checking if NextJS server is running...
/Users/sim/Project2/scripts/../scripts/run-simple-scheduled-reports.sh: line 16: node: command not found
Sun Jun  8 03:36:00 CDT 2025: NextJS server is not running. Skipping scheduled reports check.
Sun Jun  8 03:37:01 CDT 2025: Checking if NextJS server is running...
Sun Jun  8 03:37:01 CDT 2025: Running scheduled reports
/Users/sim/Project2/scripts/../scripts/run-simple-scheduled-reports.sh: line 16: node: command not found
Sun Jun  8 03:37:01 CDT 2025: NextJS server is not running. Skipping scheduled reports check.
Sun Jun  8 03:38:00 CDT 2025: Running scheduled reports
Sun Jun  8 03:38:00 CDT 2025: Checking if NextJS server is running...
/Users/sim/Project2/scripts/../scripts/run-simple-scheduled-reports.sh: line 16: node: command not found
Sun Jun  8 03:38:00 CDT 2025: NextJS server is not running. Skipping scheduled reports check.
Sun Jun  8 03:39:00 CDT 2025: Running scheduled reports
Sun Jun  8 03:39:00 CDT 2025: Checking if NextJS server is running...
/Users/sim/Project2/scripts/../scripts/run-simple-scheduled-reports.sh: line 16: node: command not found
Sun Jun  8 03:39:00 CDT 2025: NextJS server is not running. Skipping scheduled reports check.
Sun Jun  8 03:40:00 CDT 2025: Checking if NextJS server is running...
Sun Jun  8 03:40:00 CDT 2025: Running scheduled reports
/Users/sim/Project2/scripts/../scripts/run-simple-scheduled-reports.sh: line 16: node: command not found
Sun Jun  8 03:40:00 CDT 2025: NextJS server is not running. Skipping scheduled reports check.
Sun Jun  8 03:41:00 CDT 2025: Running scheduled reports
Sun Jun  8 03:41:00 CDT 2025: Checking if NextJS server is running...
/Users/sim/Project2/scripts/../scripts/run-simple-scheduled-reports.sh: line 16: node: command not found
Sun Jun  8 03:41:00 CDT 2025: NextJS server is not running. Skipping scheduled reports check.
Sun Jun  8 03:42:00 CDT 2025: Running scheduled reports
Sun Jun  8 03:42:00 CDT 2025: Checking if NextJS server is running...
/Users/sim/Project2/scripts/../scripts/run-simple-scheduled-reports.sh: line 16: node: command not found
Sun Jun  8 03:42:00 CDT 2025: NextJS server is not running. Skipping scheduled reports check.
Sun Jun  8 03:43:01 CDT 2025: Checking if NextJS server is running...
Sun Jun  8 03:43:01 CDT 2025: Running scheduled reports
/Users/sim/Project2/scripts/../scripts/run-simple-scheduled-reports.sh: line 16: node: command not found
Sun Jun  8 03:43:01 CDT 2025: NextJS server is not running. Skipping scheduled reports check.
Sun Jun  8 03:44:00 CDT 2025: Checking if NextJS server is running...
Sun Jun  8 03:44:00 CDT 2025: Running scheduled reports
/Users/sim/Project2/scripts/../scripts/run-simple-scheduled-reports.sh: line 16: node: command not found
Sun Jun  8 03:44:00 CDT 2025: NextJS server is not running. Skipping scheduled reports check.
Sun Jun  8 03:45:00 CDT 2025: Running scheduled reports
Sun Jun  8 03:45:00 CDT 2025: Checking if NextJS server is running...
/Users/sim/Project2/scripts/../scripts/run-simple-scheduled-reports.sh: line 16: node: command not found
Sun Jun  8 03:45:00 CDT 2025: NextJS server is not running. Skipping scheduled reports check.
Sun Jun  8 03:46:00 CDT 2025: Running scheduled reports
Sun Jun  8 03:46:00 CDT 2025: Checking if NextJS server is running...
/Users/sim/Project2/scripts/../scripts/run-simple-scheduled-reports.sh: line 16: node: command not found
Sun Jun  8 03:46:00 CDT 2025: NextJS server is not running. Skipping scheduled reports check.
Sun Jun  8 03:47:00 CDT 2025: Checking if NextJS server is running...
Sun Jun  8 03:47:00 CDT 2025: Running scheduled reports
/Users/sim/Project2/scripts/../scripts/run-simple-scheduled-reports.sh: line 16: node: command not found
Sun Jun  8 03:47:00 CDT 2025: NextJS server is not running. Skipping scheduled reports check.
Sun Jun  8 03:48:00 CDT 2025: Running scheduled reports
Sun Jun  8 03:48:00 CDT 2025: Checking if NextJS server is running...
/Users/sim/Project2/scripts/../scripts/run-simple-scheduled-reports.sh: line 16: node: command not found
Sun Jun  8 03:48:01 CDT 2025: NextJS server is not running. Skipping scheduled reports check.
Sun Jun  8 03:49:00 CDT 2025: Running scheduled reports
Sun Jun  8 03:49:00 CDT 2025: Checking if NextJS server is running...
/Users/sim/Project2/scripts/../scripts/run-simple-scheduled-reports.sh: line 16: node: command not found
Sun Jun  8 03:49:00 CDT 2025: NextJS server is not running. Skipping scheduled reports check.
Sun Jun  8 03:50:00 CDT 2025: Running scheduled reports
Sun Jun  8 03:50:00 CDT 2025: Checking if NextJS server is running...
/Users/sim/Project2/scripts/../scripts/run-simple-scheduled-reports.sh: line 16: node: command not found
Sun Jun  8 03:50:00 CDT 2025: NextJS server is not running. Skipping scheduled reports check.
Sun Jun  8 03:51:00 CDT 2025: Checking if NextJS server is running...
Sun Jun  8 03:51:00 CDT 2025: Running scheduled reports
/Users/sim/Project2/scripts/../scripts/run-simple-scheduled-reports.sh: line 16: node: command not found
Sun Jun  8 03:51:00 CDT 2025: NextJS server is not running. Skipping scheduled reports check.
Sun Jun  8 03:52:00 CDT 2025: Checking if NextJS server is running...
Sun Jun  8 03:52:00 CDT 2025: Running scheduled reports
/Users/sim/Project2/scripts/../scripts/run-simple-scheduled-reports.sh: line 16: node: command not found
Sun Jun  8 03:52:00 CDT 2025: NextJS server is not running. Skipping scheduled reports check.
Sun Jun  8 03:53:00 CDT 2025: Checking if NextJS server is running...
Sun Jun  8 03:53:00 CDT 2025: Running scheduled reports
/Users/sim/Project2/scripts/../scripts/run-simple-scheduled-reports.sh: line 16: node: command not found
Sun Jun  8 03:53:01 CDT 2025: NextJS server is not running. Skipping scheduled reports check.
Sun Jun  8 03:54:00 CDT 2025: Running scheduled reports
Sun Jun  8 03:54:00 CDT 2025: Checking if NextJS server is running...
/Users/sim/Project2/scripts/../scripts/run-simple-scheduled-reports.sh: line 16: node: command not found
Sun Jun  8 03:54:00 CDT 2025: NextJS server is not running. Skipping scheduled reports check.
Sun Jun  8 03:55:00 CDT 2025: Checking if NextJS server is running...
Sun Jun  8 03:55:00 CDT 2025: Running scheduled reports
/Users/sim/Project2/scripts/../scripts/run-simple-scheduled-reports.sh: line 16: node: command not found
Sun Jun  8 03:55:00 CDT 2025: NextJS server is not running. Skipping scheduled reports check.
Sun Jun  8 03:56:00 CDT 2025: Running scheduled reports
Sun Jun  8 03:56:00 CDT 2025: Checking if NextJS server is running...
/Users/sim/Project2/scripts/../scripts/run-simple-scheduled-reports.sh: line 16: node: command not found
Sun Jun  8 03:56:00 CDT 2025: NextJS server is not running. Skipping scheduled reports check.
Sun Jun  8 03:57:00 CDT 2025: Checking if NextJS server is running...
Sun Jun  8 03:57:00 CDT 2025: Running scheduled reports
/Users/sim/Project2/scripts/../scripts/run-simple-scheduled-reports.sh: line 16: node: command not found
Sun Jun  8 03:57:00 CDT 2025: NextJS server is not running. Skipping scheduled reports check.
Sun Jun  8 03:58:00 CDT 2025: Checking if NextJS server is running...
Sun Jun  8 03:58:00 CDT 2025: Running scheduled reports
/Users/sim/Project2/scripts/../scripts/run-simple-scheduled-reports.sh: line 16: node: command not found
Sun Jun  8 03:58:00 CDT 2025: NextJS server is not running. Skipping scheduled reports check.
Sun Jun  8 03:59:00 CDT 2025: Checking if NextJS server is running...
Sun Jun  8 03:59:00 CDT 2025: Running scheduled reports
/Users/sim/Project2/scripts/../scripts/run-simple-scheduled-reports.sh: line 16: node: command not found
Sun Jun  8 03:59:00 CDT 2025: NextJS server is not running. Skipping scheduled reports check.
Sun Jun  8 04:00:01 CDT 2025: Checking if NextJS server is running...
Sun Jun  8 04:00:01 CDT 2025: Running scheduled reports
/Users/sim/Project2/scripts/../scripts/run-simple-scheduled-reports.sh: line 16: node: command not found
Sun Jun  8 04:00:01 CDT 2025: NextJS server is not running. Skipping scheduled reports check.
Sun Jun  8 04:01:00 CDT 2025: Running scheduled reports
Sun Jun  8 04:01:00 CDT 2025: Checking if NextJS server is running...
/Users/sim/Project2/scripts/../scripts/run-simple-scheduled-reports.sh: line 16: node: command not found
Sun Jun  8 04:01:00 CDT 2025: NextJS server is not running. Skipping scheduled reports check.
Sun Jun  8 04:02:00 CDT 2025: Checking if NextJS server is running...
Sun Jun  8 04:02:00 CDT 2025: Running scheduled reports
/Users/sim/Project2/scripts/../scripts/run-simple-scheduled-reports.sh: line 16: node: command not found
Sun Jun  8 04:02:00 CDT 2025: NextJS server is not running. Skipping scheduled reports check.
Sun Jun  8 04:03:00 CDT 2025: Running scheduled reports
Sun Jun  8 04:03:00 CDT 2025: Checking if NextJS server is running...
/Users/sim/Project2/scripts/../scripts/run-simple-scheduled-reports.sh: line 16: node: command not found
Sun Jun  8 04:03:00 CDT 2025: NextJS server is not running. Skipping scheduled reports check.
Sun Jun  8 04:04:00 CDT 2025: Running scheduled reports
Sun Jun  8 04:04:00 CDT 2025: Checking if NextJS server is running...
/Users/sim/Project2/scripts/../scripts/run-simple-scheduled-reports.sh: line 16: node: command not found
Sun Jun  8 04:04:00 CDT 2025: NextJS server is not running. Skipping scheduled reports check.
Sun Jun  8 04:05:00 CDT 2025: Running scheduled reports
Sun Jun  8 04:05:00 CDT 2025: Checking if NextJS server is running...
/Users/sim/Project2/scripts/../scripts/run-simple-scheduled-reports.sh: line 16: node: command not found
Sun Jun  8 04:05:00 CDT 2025: NextJS server is not running. Skipping scheduled reports check.
Sun Jun  8 04:06:00 CDT 2025: Running scheduled reports
Sun Jun  8 04:06:00 CDT 2025: Checking if NextJS server is running...
/Users/sim/Project2/scripts/../scripts/run-simple-scheduled-reports.sh: line 16: node: command not found
Sun Jun  8 04:06:00 CDT 2025: NextJS server is not running. Skipping scheduled reports check.
Sun Jun  8 04:07:00 CDT 2025: Checking if NextJS server is running...
Sun Jun  8 04:07:00 CDT 2025: Running scheduled reports
/Users/sim/Project2/scripts/../scripts/run-simple-scheduled-reports.sh: line 16: node: command not found
Sun Jun  8 04:07:00 CDT 2025: NextJS server is not running. Skipping scheduled reports check.
Sun Jun  8 04:08:00 CDT 2025: Running scheduled reports
Sun Jun  8 04:08:00 CDT 2025: Checking if NextJS server is running...
/Users/sim/Project2/scripts/../scripts/run-simple-scheduled-reports.sh: line 16: node: command not found
Sun Jun  8 04:08:00 CDT 2025: NextJS server is not running. Skipping scheduled reports check.
Sun Jun  8 04:09:00 CDT 2025: Checking if NextJS server is running...
Sun Jun  8 04:09:00 CDT 2025: Running scheduled reports
/Users/sim/Project2/scripts/../scripts/run-simple-scheduled-reports.sh: line 16: node: command not found
Sun Jun  8 04:09:00 CDT 2025: NextJS server is not running. Skipping scheduled reports check.
Sun Jun  8 04:10:00 CDT 2025: Running scheduled reports
Sun Jun  8 04:10:00 CDT 2025: Checking if NextJS server is running...
/Users/sim/Project2/scripts/../scripts/run-simple-scheduled-reports.sh: line 16: node: command not found
Sun Jun  8 04:10:00 CDT 2025: NextJS server is not running. Skipping scheduled reports check.
Sun Jun  8 04:11:00 CDT 2025: Running scheduled reports
Sun Jun  8 04:11:00 CDT 2025: Checking if NextJS server is running...
/Users/sim/Project2/scripts/../scripts/run-simple-scheduled-reports.sh: line 16: node: command not found
Sun Jun  8 04:11:00 CDT 2025: NextJS server is not running. Skipping scheduled reports check.
Sun Jun  8 04:12:00 CDT 2025: Running scheduled reports
Sun Jun  8 04:12:00 CDT 2025: Checking if NextJS server is running...
/Users/sim/Project2/scripts/../scripts/run-simple-scheduled-reports.sh: line 16: node: command not found
Sun Jun  8 04:12:00 CDT 2025: NextJS server is not running. Skipping scheduled reports check.
Sun Jun  8 04:13:00 CDT 2025: Checking if NextJS server is running...
Sun Jun  8 04:13:00 CDT 2025: Running scheduled reports
/Users/sim/Project2/scripts/../scripts/run-simple-scheduled-reports.sh: line 16: node: command not found
Sun Jun  8 04:13:00 CDT 2025: NextJS server is not running. Skipping scheduled reports check.
Sun Jun  8 04:14:00 CDT 2025: Running scheduled reports
Sun Jun  8 04:14:00 CDT 2025: Checking if NextJS server is running...
/Users/sim/Project2/scripts/../scripts/run-simple-scheduled-reports.sh: line 16: node: command not found
Sun Jun  8 04:14:00 CDT 2025: NextJS server is not running. Skipping scheduled reports check.
Sun Jun  8 04:15:00 CDT 2025: Running scheduled reports
Sun Jun  8 04:15:00 CDT 2025: Checking if NextJS server is running...
/Users/sim/Project2/scripts/../scripts/run-simple-scheduled-reports.sh: line 16: node: command not found
Sun Jun  8 04:15:00 CDT 2025: NextJS server is not running. Skipping scheduled reports check.
Sun Jun  8 04:16:00 CDT 2025: Checking if NextJS server is running...
Sun Jun  8 04:16:00 CDT 2025: Running scheduled reports
/Users/sim/Project2/scripts/../scripts/run-simple-scheduled-reports.sh: line 16: node: command not found
Sun Jun  8 04:16:01 CDT 2025: NextJS server is not running. Skipping scheduled reports check.
Sun Jun  8 04:17:00 CDT 2025: Checking if NextJS server is running...
Sun Jun  8 04:17:00 CDT 2025: Running scheduled reports
/Users/sim/Project2/scripts/../scripts/run-simple-scheduled-reports.sh: line 16: node: command not found
Sun Jun  8 04:17:00 CDT 2025: NextJS server is not running. Skipping scheduled reports check.
Sun Jun  8 04:18:00 CDT 2025: Checking if NextJS server is running...
Sun Jun  8 04:18:00 CDT 2025: Running scheduled reports
/Users/sim/Project2/scripts/../scripts/run-simple-scheduled-reports.sh: line 16: node: command not found
Sun Jun  8 04:18:00 CDT 2025: NextJS server is not running. Skipping scheduled reports check.
Sun Jun  8 04:19:00 CDT 2025: Checking if NextJS server is running...
Sun Jun  8 04:19:00 CDT 2025: Running scheduled reports
/Users/sim/Project2/scripts/../scripts/run-simple-scheduled-reports.sh: line 16: node: command not found
Sun Jun  8 04:19:00 CDT 2025: NextJS server is not running. Skipping scheduled reports check.
Sun Jun  8 04:20:01 CDT 2025: Checking if NextJS server is running...
Sun Jun  8 04:20:01 CDT 2025: Running scheduled reports
/Users/sim/Project2/scripts/../scripts/run-simple-scheduled-reports.sh: line 16: node: command not found
Sun Jun  8 04:20:01 CDT 2025: NextJS server is not running. Skipping scheduled reports check.
Sun Jun  8 04:21:00 CDT 2025: Running scheduled reports
Sun Jun  8 04:21:00 CDT 2025: Checking if NextJS server is running...
/Users/sim/Project2/scripts/../scripts/run-simple-scheduled-reports.sh: line 16: node: command not found
Sun Jun  8 04:21:00 CDT 2025: NextJS server is not running. Skipping scheduled reports check.
Sun Jun  8 04:22:00 CDT 2025: Running scheduled reports
Sun Jun  8 04:22:00 CDT 2025: Checking if NextJS server is running...
/Users/sim/Project2/scripts/../scripts/run-simple-scheduled-reports.sh: line 16: node: command not found
Sun Jun  8 04:22:00 CDT 2025: NextJS server is not running. Skipping scheduled reports check.
Sun Jun  8 04:23:00 CDT 2025: Running scheduled reports
Sun Jun  8 04:23:00 CDT 2025: Checking if NextJS server is running...
/Users/sim/Project2/scripts/../scripts/run-simple-scheduled-reports.sh: line 16: node: command not found
Sun Jun  8 04:23:00 CDT 2025: NextJS server is not running. Skipping scheduled reports check.
Sun Jun  8 04:24:00 CDT 2025: Checking if NextJS server is running...
Sun Jun  8 04:24:00 CDT 2025: Running scheduled reports
/Users/sim/Project2/scripts/../scripts/run-simple-scheduled-reports.sh: line 16: node: command not found
Sun Jun  8 04:24:00 CDT 2025: NextJS server is not running. Skipping scheduled reports check.
Sun Jun  8 04:25:01 CDT 2025: Running scheduled reports
Sun Jun  8 04:25:01 CDT 2025: Checking if NextJS server is running...
/Users/sim/Project2/scripts/../scripts/run-simple-scheduled-reports.sh: line 16: node: command not found
Sun Jun  8 04:25:01 CDT 2025: NextJS server is not running. Skipping scheduled reports check.
Sun Jun  8 04:26:00 CDT 2025: Checking if NextJS server is running...
Sun Jun  8 04:26:00 CDT 2025: Running scheduled reports
/Users/sim/Project2/scripts/../scripts/run-simple-scheduled-reports.sh: line 16: node: command not found
Sun Jun  8 04:26:00 CDT 2025: NextJS server is not running. Skipping scheduled reports check.
Sun Jun  8 04:27:00 CDT 2025: Checking if NextJS server is running...
Sun Jun  8 04:27:00 CDT 2025: Running scheduled reports
/Users/sim/Project2/scripts/../scripts/run-simple-scheduled-reports.sh: line 16: node: command not found
Sun Jun  8 04:27:00 CDT 2025: NextJS server is not running. Skipping scheduled reports check.
Sun Jun  8 04:28:00 CDT 2025: Checking if NextJS server is running...
Sun Jun  8 04:28:00 CDT 2025: Running scheduled reports
/Users/sim/Project2/scripts/../scripts/run-simple-scheduled-reports.sh: line 16: node: command not found
Sun Jun  8 04:28:00 CDT 2025: NextJS server is not running. Skipping scheduled reports check.
Sun Jun  8 04:29:01 CDT 2025: Checking if NextJS server is running...
Sun Jun  8 04:29:01 CDT 2025: Running scheduled reports
/Users/sim/Project2/scripts/../scripts/run-simple-scheduled-reports.sh: line 16: node: command not found
Sun Jun  8 04:29:01 CDT 2025: NextJS server is not running. Skipping scheduled reports check.
Sun Jun  8 04:30:00 CDT 2025: Checking if NextJS server is running...
Sun Jun  8 04:30:00 CDT 2025: Running scheduled reports
/Users/sim/Project2/scripts/../scripts/run-simple-scheduled-reports.sh: line 16: node: command not found
Sun Jun  8 04:30:00 CDT 2025: NextJS server is not running. Skipping scheduled reports check.
Sun Jun  8 04:31:05 CDT 2025: Running scheduled reports
Sun Jun  8 04:31:05 CDT 2025: Checking if NextJS server is running...
/Users/sim/Project2/scripts/../scripts/run-simple-scheduled-reports.sh: line 16: node: command not found
Sun Jun  8 04:31:05 CDT 2025: NextJS server is not running. Skipping scheduled reports check.
Sun Jun  8 04:32:03 CDT 2025: Checking if NextJS server is running...
Sun Jun  8 04:32:03 CDT 2025: Running scheduled reports
/Users/sim/Project2/scripts/../scripts/run-simple-scheduled-reports.sh: line 16: node: command not found
Sun Jun  8 04:32:03 CDT 2025: NextJS server is not running. Skipping scheduled reports check.
Sun Jun  8 04:33:04 CDT 2025: Running scheduled reports
Sun Jun  8 04:33:04 CDT 2025: Checking if NextJS server is running...
/Users/sim/Project2/scripts/../scripts/run-simple-scheduled-reports.sh: line 16: node: command not found
Sun Jun  8 04:33:04 CDT 2025: NextJS server is not running. Skipping scheduled reports check.
Sun Jun  8 04:34:04 CDT 2025: Running scheduled reports
Sun Jun  8 04:34:04 CDT 2025: Checking if NextJS server is running...
/Users/sim/Project2/scripts/../scripts/run-simple-scheduled-reports.sh: line 16: node: command not found
Sun Jun  8 04:34:04 CDT 2025: NextJS server is not running. Skipping scheduled reports check.
Sun Jun  8 04:35:03 CDT 2025: Checking if NextJS server is running...
Sun Jun  8 04:35:03 CDT 2025: Running scheduled reports
/Users/sim/Project2/scripts/../scripts/run-simple-scheduled-reports.sh: line 16: node: command not found
Sun Jun  8 04:35:03 CDT 2025: NextJS server is not running. Skipping scheduled reports check.
Sun Jun  8 04:36:04 CDT 2025: Checking if NextJS server is running...
Sun Jun  8 04:36:04 CDT 2025: Running scheduled reports
/Users/sim/Project2/scripts/../scripts/run-simple-scheduled-reports.sh: line 16: node: command not found
Sun Jun  8 04:36:04 CDT 2025: NextJS server is not running. Skipping scheduled reports check.
Sun Jun  8 04:37:04 CDT 2025: Checking if NextJS server is running...
Sun Jun  8 04:37:04 CDT 2025: Running scheduled reports
/Users/sim/Project2/scripts/../scripts/run-simple-scheduled-reports.sh: line 16: node: command not found
Sun Jun  8 04:37:04 CDT 2025: NextJS server is not running. Skipping scheduled reports check.
Sun Jun  8 04:38:04 CDT 2025: Checking if NextJS server is running...
Sun Jun  8 04:38:04 CDT 2025: Running scheduled reports
/Users/sim/Project2/scripts/../scripts/run-simple-scheduled-reports.sh: line 16: node: command not found
Sun Jun  8 04:38:04 CDT 2025: NextJS server is not running. Skipping scheduled reports check.
Sun Jun  8 04:39:06 CDT 2025: Running scheduled reports
Sun Jun  8 04:39:06 CDT 2025: Checking if NextJS server is running...
/Users/sim/Project2/scripts/../scripts/run-simple-scheduled-reports.sh: line 16: node: command not found
Sun Jun  8 04:39:06 CDT 2025: NextJS server is not running. Skipping scheduled reports check.
Sun Jun  8 04:40:05 CDT 2025: Checking if NextJS server is running...
Sun Jun  8 04:40:05 CDT 2025: Running scheduled reports
/Users/sim/Project2/scripts/../scripts/run-simple-scheduled-reports.sh: line 16: node: command not found
Sun Jun  8 04:40:05 CDT 2025: NextJS server is not running. Skipping scheduled reports check.
Sun Jun  8 04:41:05 CDT 2025: Running scheduled reports
Sun Jun  8 04:41:05 CDT 2025: Checking if NextJS server is running...
/Users/sim/Project2/scripts/../scripts/run-simple-scheduled-reports.sh: line 16: node: command not found
Sun Jun  8 04:41:05 CDT 2025: NextJS server is not running. Skipping scheduled reports check.
Sun Jun  8 04:42:04 CDT 2025: Checking if NextJS server is running...
Sun Jun  8 04:42:04 CDT 2025: Running scheduled reports
/Users/sim/Project2/scripts/../scripts/run-simple-scheduled-reports.sh: line 16: node: command not found
Sun Jun  8 04:42:04 CDT 2025: NextJS server is not running. Skipping scheduled reports check.
Sun Jun  8 04:43:04 CDT 2025: Checking if NextJS server is running...
Sun Jun  8 04:43:04 CDT 2025: Running scheduled reports
/Users/sim/Project2/scripts/../scripts/run-simple-scheduled-reports.sh: line 16: node: command not found
Sun Jun  8 04:43:04 CDT 2025: NextJS server is not running. Skipping scheduled reports check.
Sun Jun  8 04:44:05 CDT 2025: Running scheduled reports
Sun Jun  8 04:44:05 CDT 2025: Checking if NextJS server is running...
/Users/sim/Project2/scripts/../scripts/run-simple-scheduled-reports.sh: line 16: node: command not found
Sun Jun  8 04:44:05 CDT 2025: NextJS server is not running. Skipping scheduled reports check.
Sun Jun  8 04:45:03 CDT 2025: Running scheduled reports
Sun Jun  8 04:45:03 CDT 2025: Checking if NextJS server is running...
/Users/sim/Project2/scripts/../scripts/run-simple-scheduled-reports.sh: line 16: node: command not found
Sun Jun  8 04:45:03 CDT 2025: NextJS server is not running. Skipping scheduled reports check.
Sun Jun  8 04:46:04 CDT 2025: Running scheduled reports
Sun Jun  8 04:46:04 CDT 2025: Checking if NextJS server is running...
/Users/sim/Project2/scripts/../scripts/run-simple-scheduled-reports.sh: line 16: node: command not found
Sun Jun  8 04:46:04 CDT 2025: NextJS server is not running. Skipping scheduled reports check.
Sun Jun  8 04:47:03 CDT 2025: Checking if NextJS server is running...
Sun Jun  8 04:47:03 CDT 2025: Running scheduled reports
/Users/sim/Project2/scripts/../scripts/run-simple-scheduled-reports.sh: line 16: node: command not found
Sun Jun  8 04:47:03 CDT 2025: NextJS server is not running. Skipping scheduled reports check.
Sun Jun  8 04:48:04 CDT 2025: Checking if NextJS server is running...
Sun Jun  8 04:48:04 CDT 2025: Running scheduled reports
/Users/sim/Project2/scripts/../scripts/run-simple-scheduled-reports.sh: line 16: node: command not found
Sun Jun  8 04:48:04 CDT 2025: NextJS server is not running. Skipping scheduled reports check.
Sun Jun  8 04:49:04 CDT 2025: Running scheduled reports
Sun Jun  8 04:49:04 CDT 2025: Checking if NextJS server is running...
/Users/sim/Project2/scripts/../scripts/run-simple-scheduled-reports.sh: line 16: node: command not found
Sun Jun  8 04:49:04 CDT 2025: NextJS server is not running. Skipping scheduled reports check.
Sun Jun  8 04:50:03 CDT 2025: Checking if NextJS server is running...
Sun Jun  8 04:50:03 CDT 2025: Running scheduled reports
/Users/sim/Project2/scripts/../scripts/run-simple-scheduled-reports.sh: line 16: node: command not found
Sun Jun  8 04:50:03 CDT 2025: NextJS server is not running. Skipping scheduled reports check.
Sun Jun  8 04:51:03 CDT 2025: Running scheduled reports
Sun Jun  8 04:51:03 CDT 2025: Checking if NextJS server is running...
/Users/sim/Project2/scripts/../scripts/run-simple-scheduled-reports.sh: line 16: node: command not found
Sun Jun  8 04:51:03 CDT 2025: NextJS server is not running. Skipping scheduled reports check.
Sun Jun  8 04:52:05 CDT 2025: Checking if NextJS server is running...
Sun Jun  8 04:52:05 CDT 2025: Running scheduled reports
/Users/sim/Project2/scripts/../scripts/run-simple-scheduled-reports.sh: line 16: node: command not found
Sun Jun  8 04:52:05 CDT 2025: NextJS server is not running. Skipping scheduled reports check.
Sun Jun  8 04:53:04 CDT 2025: Running scheduled reports
Sun Jun  8 04:53:04 CDT 2025: Checking if NextJS server is running...
/Users/sim/Project2/scripts/../scripts/run-simple-scheduled-reports.sh: line 16: node: command not found
Sun Jun  8 04:53:04 CDT 2025: NextJS server is not running. Skipping scheduled reports check.
Sun Jun  8 04:54:04 CDT 2025: Checking if NextJS server is running...
Sun Jun  8 04:54:04 CDT 2025: Running scheduled reports
/Users/sim/Project2/scripts/../scripts/run-simple-scheduled-reports.sh: line 16: node: command not found
Sun Jun  8 04:54:04 CDT 2025: NextJS server is not running. Skipping scheduled reports check.
Sun Jun  8 04:55:02 CDT 2025: Checking if NextJS server is running...
Sun Jun  8 04:55:02 CDT 2025: Running scheduled reports
/Users/sim/Project2/scripts/../scripts/run-simple-scheduled-reports.sh: line 16: node: command not found
Sun Jun  8 04:55:02 CDT 2025: NextJS server is not running. Skipping scheduled reports check.
Sun Jun  8 04:56:04 CDT 2025: Running scheduled reports
Sun Jun  8 04:56:04 CDT 2025: Checking if NextJS server is running...
/Users/sim/Project2/scripts/../scripts/run-simple-scheduled-reports.sh: line 16: node: command not found
Sun Jun  8 04:56:04 CDT 2025: NextJS server is not running. Skipping scheduled reports check.
Sun Jun  8 04:57:03 CDT 2025: Running scheduled reports
Sun Jun  8 04:57:03 CDT 2025: Checking if NextJS server is running...
/Users/sim/Project2/scripts/../scripts/run-simple-scheduled-reports.sh: line 16: node: command not found
Sun Jun  8 04:57:03 CDT 2025: NextJS server is not running. Skipping scheduled reports check.
Sun Jun  8 04:58:04 CDT 2025: Running scheduled reports
Sun Jun  8 04:58:04 CDT 2025: Checking if NextJS server is running...
/Users/sim/Project2/scripts/../scripts/run-simple-scheduled-reports.sh: line 16: node: command not found
Sun Jun  8 04:58:04 CDT 2025: NextJS server is not running. Skipping scheduled reports check.
Sun Jun  8 04:59:04 CDT 2025: Checking if NextJS server is running...
Sun Jun  8 04:59:04 CDT 2025: Running scheduled reports
/Users/sim/Project2/scripts/../scripts/run-simple-scheduled-reports.sh: line 16: node: command not found
Sun Jun  8 04:59:04 CDT 2025: NextJS server is not running. Skipping scheduled reports check.
Sun Jun  8 05:00:03 CDT 2025: Running scheduled reports
Sun Jun  8 05:00:03 CDT 2025: Checking if NextJS server is running...
/Users/sim/Project2/scripts/../scripts/run-simple-scheduled-reports.sh: line 16: node: command not found
Sun Jun  8 05:00:03 CDT 2025: NextJS server is not running. Skipping scheduled reports check.
Sun Jun  8 05:01:03 CDT 2025: Checking if NextJS server is running...
Sun Jun  8 05:01:03 CDT 2025: Running scheduled reports
/Users/sim/Project2/scripts/../scripts/run-simple-scheduled-reports.sh: line 16: node: command not found
Sun Jun  8 05:01:03 CDT 2025: NextJS server is not running. Skipping scheduled reports check.
Sun Jun  8 05:02:04 CDT 2025: Checking if NextJS server is running...
Sun Jun  8 05:02:04 CDT 2025: Running scheduled reports
/Users/sim/Project2/scripts/../scripts/run-simple-scheduled-reports.sh: line 16: node: command not found
Sun Jun  8 05:02:04 CDT 2025: NextJS server is not running. Skipping scheduled reports check.
Sun Jun  8 05:03:05 CDT 2025: Checking if NextJS server is running...
Sun Jun  8 05:03:05 CDT 2025: Running scheduled reports
/Users/sim/Project2/scripts/../scripts/run-simple-scheduled-reports.sh: line 16: node: command not found
Sun Jun  8 05:03:05 CDT 2025: NextJS server is not running. Skipping scheduled reports check.
Sun Jun  8 05:04:03 CDT 2025: Running scheduled reports
Sun Jun  8 05:04:03 CDT 2025: Checking if NextJS server is running...
/Users/sim/Project2/scripts/../scripts/run-simple-scheduled-reports.sh: line 16: node: command not found
Sun Jun  8 05:04:03 CDT 2025: NextJS server is not running. Skipping scheduled reports check.
Sun Jun  8 05:05:02 CDT 2025: Checking if NextJS server is running...
Sun Jun  8 05:05:02 CDT 2025: Running scheduled reports
/Users/sim/Project2/scripts/../scripts/run-simple-scheduled-reports.sh: line 16: node: command not found
Sun Jun  8 05:05:02 CDT 2025: NextJS server is not running. Skipping scheduled reports check.
Sun Jun  8 05:06:05 CDT 2025: Checking if NextJS server is running...
Sun Jun  8 05:06:05 CDT 2025: Running scheduled reports
/Users/sim/Project2/scripts/../scripts/run-simple-scheduled-reports.sh: line 16: node: command not found
Sun Jun  8 05:06:05 CDT 2025: NextJS server is not running. Skipping scheduled reports check.
Sun Jun  8 05:07:04 CDT 2025: Running scheduled reports
Sun Jun  8 05:07:04 CDT 2025: Checking if NextJS server is running...
/Users/sim/Project2/scripts/../scripts/run-simple-scheduled-reports.sh: line 16: node: command not found
Sun Jun  8 05:07:04 CDT 2025: NextJS server is not running. Skipping scheduled reports check.
Sun Jun  8 05:08:04 CDT 2025: Running scheduled reports
Sun Jun  8 05:08:04 CDT 2025: Checking if NextJS server is running...
/Users/sim/Project2/scripts/../scripts/run-simple-scheduled-reports.sh: line 16: node: command not found
Sun Jun  8 05:08:04 CDT 2025: NextJS server is not running. Skipping scheduled reports check.
Sun Jun  8 05:09:03 CDT 2025: Checking if NextJS server is running...
Sun Jun  8 05:09:03 CDT 2025: Running scheduled reports
/Users/sim/Project2/scripts/../scripts/run-simple-scheduled-reports.sh: line 16: node: command not found
Sun Jun  8 05:09:03 CDT 2025: NextJS server is not running. Skipping scheduled reports check.
Sun Jun  8 05:10:05 CDT 2025: Running scheduled reports
Sun Jun  8 05:10:05 CDT 2025: Checking if NextJS server is running...
/Users/sim/Project2/scripts/../scripts/run-simple-scheduled-reports.sh: line 16: node: command not found
Sun Jun  8 05:10:05 CDT 2025: NextJS server is not running. Skipping scheduled reports check.
Sun Jun  8 05:11:03 CDT 2025: Checking if NextJS server is running...
Sun Jun  8 05:11:03 CDT 2025: Running scheduled reports
/Users/sim/Project2/scripts/../scripts/run-simple-scheduled-reports.sh: line 16: node: command not found
Sun Jun  8 05:11:03 CDT 2025: NextJS server is not running. Skipping scheduled reports check.
Sun Jun  8 05:12:04 CDT 2025: Running scheduled reports
Sun Jun  8 05:12:04 CDT 2025: Checking if NextJS server is running...
/Users/sim/Project2/scripts/../scripts/run-simple-scheduled-reports.sh: line 16: node: command not found
Sun Jun  8 05:12:04 CDT 2025: NextJS server is not running. Skipping scheduled reports check.
Sun Jun  8 05:13:03 CDT 2025: Checking if NextJS server is running...
Sun Jun  8 05:13:03 CDT 2025: Running scheduled reports
/Users/sim/Project2/scripts/../scripts/run-simple-scheduled-reports.sh: line 16: node: command not found
Sun Jun  8 05:13:03 CDT 2025: NextJS server is not running. Skipping scheduled reports check.
Sun Jun  8 05:14:04 CDT 2025: Running scheduled reports
Sun Jun  8 05:14:04 CDT 2025: Checking if NextJS server is running...
/Users/sim/Project2/scripts/../scripts/run-simple-scheduled-reports.sh: line 16: node: command not found
Sun Jun  8 05:14:04 CDT 2025: NextJS server is not running. Skipping scheduled reports check.
Sun Jun  8 05:15:04 CDT 2025: Checking if NextJS server is running...
Sun Jun  8 05:15:04 CDT 2025: Running scheduled reports
/Users/sim/Project2/scripts/../scripts/run-simple-scheduled-reports.sh: line 16: node: command not found
Sun Jun  8 05:15:04 CDT 2025: NextJS server is not running. Skipping scheduled reports check.
Sun Jun  8 05:16:03 CDT 2025: Running scheduled reports
Sun Jun  8 05:16:03 CDT 2025: Checking if NextJS server is running...
/Users/sim/Project2/scripts/../scripts/run-simple-scheduled-reports.sh: line 16: node: command not found
Sun Jun  8 05:16:03 CDT 2025: NextJS server is not running. Skipping scheduled reports check.
Sun Jun  8 05:17:04 CDT 2025: Checking if NextJS server is running...
Sun Jun  8 05:17:04 CDT 2025: Running scheduled reports
/Users/sim/Project2/scripts/../scripts/run-simple-scheduled-reports.sh: line 16: node: command not found
Sun Jun  8 05:17:04 CDT 2025: NextJS server is not running. Skipping scheduled reports check.
Sun Jun  8 05:18:03 CDT 2025: Running scheduled reports
Sun Jun  8 05:18:03 CDT 2025: Checking if NextJS server is running...
/Users/sim/Project2/scripts/../scripts/run-simple-scheduled-reports.sh: line 16: node: command not found
Sun Jun  8 05:18:03 CDT 2025: NextJS server is not running. Skipping scheduled reports check.
Sun Jun  8 05:19:04 CDT 2025: Running scheduled reports
Sun Jun  8 05:19:04 CDT 2025: Checking if NextJS server is running...
/Users/sim/Project2/scripts/../scripts/run-simple-scheduled-reports.sh: line 16: node: command not found
Sun Jun  8 05:19:04 CDT 2025: NextJS server is not running. Skipping scheduled reports check.
Sun Jun  8 05:20:04 CDT 2025: Running scheduled reports
Sun Jun  8 05:20:04 CDT 2025: Checking if NextJS server is running...
/Users/sim/Project2/scripts/../scripts/run-simple-scheduled-reports.sh: line 16: node: command not found
Sun Jun  8 05:20:04 CDT 2025: NextJS server is not running. Skipping scheduled reports check.
Sun Jun  8 05:21:03 CDT 2025: Checking if NextJS server is running...
Sun Jun  8 05:21:03 CDT 2025: Running scheduled reports
/Users/sim/Project2/scripts/../scripts/run-simple-scheduled-reports.sh: line 16: node: command not found
Sun Jun  8 05:21:03 CDT 2025: NextJS server is not running. Skipping scheduled reports check.
Sun Jun  8 05:22:04 CDT 2025: Running scheduled reports
Sun Jun  8 05:22:04 CDT 2025: Checking if NextJS server is running...
/Users/sim/Project2/scripts/../scripts/run-simple-scheduled-reports.sh: line 16: node: command not found
Sun Jun  8 05:22:04 CDT 2025: NextJS server is not running. Skipping scheduled reports check.
Sun Jun  8 05:23:04 CDT 2025: Checking if NextJS server is running...
Sun Jun  8 05:23:04 CDT 2025: Running scheduled reports
/Users/sim/Project2/scripts/../scripts/run-simple-scheduled-reports.sh: line 16: node: command not found
Sun Jun  8 05:23:04 CDT 2025: NextJS server is not running. Skipping scheduled reports check.
Sun Jun  8 05:24:03 CDT 2025: Running scheduled reports
Sun Jun  8 05:24:03 CDT 2025: Checking if NextJS server is running...
/Users/sim/Project2/scripts/../scripts/run-simple-scheduled-reports.sh: line 16: node: command not found
Sun Jun  8 05:24:03 CDT 2025: NextJS server is not running. Skipping scheduled reports check.
Sun Jun  8 05:25:05 CDT 2025: Running scheduled reports
Sun Jun  8 05:25:05 CDT 2025: Checking if NextJS server is running...
/Users/sim/Project2/scripts/../scripts/run-simple-scheduled-reports.sh: line 16: node: command not found
Sun Jun  8 05:25:05 CDT 2025: NextJS server is not running. Skipping scheduled reports check.
Sun Jun  8 05:26:04 CDT 2025: Checking if NextJS server is running...
Sun Jun  8 05:26:04 CDT 2025: Running scheduled reports
/Users/sim/Project2/scripts/../scripts/run-simple-scheduled-reports.sh: line 16: node: command not found
Sun Jun  8 05:26:04 CDT 2025: NextJS server is not running. Skipping scheduled reports check.
Sun Jun  8 05:27:06 CDT 2025: Checking if NextJS server is running...
Sun Jun  8 05:27:06 CDT 2025: Running scheduled reports
/Users/sim/Project2/scripts/../scripts/run-simple-scheduled-reports.sh: line 16: node: command not found
Sun Jun  8 05:27:06 CDT 2025: NextJS server is not running. Skipping scheduled reports check.
Sun Jun  8 05:28:04 CDT 2025: Checking if NextJS server is running...
Sun Jun  8 05:28:04 CDT 2025: Running scheduled reports
/Users/sim/Project2/scripts/../scripts/run-simple-scheduled-reports.sh: line 16: node: command not found
Sun Jun  8 05:28:04 CDT 2025: NextJS server is not running. Skipping scheduled reports check.
Sun Jun  8 05:29:05 CDT 2025: Checking if NextJS server is running...
Sun Jun  8 05:29:05 CDT 2025: Running scheduled reports
/Users/sim/Project2/scripts/../scripts/run-simple-scheduled-reports.sh: line 16: node: command not found
Sun Jun  8 05:29:05 CDT 2025: NextJS server is not running. Skipping scheduled reports check.
Sun Jun  8 05:30:04 CDT 2025: Checking if NextJS server is running...
Sun Jun  8 05:30:04 CDT 2025: Running scheduled reports
/Users/sim/Project2/scripts/../scripts/run-simple-scheduled-reports.sh: line 16: node: command not found
Sun Jun  8 05:30:04 CDT 2025: NextJS server is not running. Skipping scheduled reports check.
Sun Jun  8 05:31:03 CDT 2025: Checking if NextJS server is running...
Sun Jun  8 05:31:03 CDT 2025: Running scheduled reports
Sun Jun  8 05:31:03 CDT 2025: NextJS server is not running. Skipping scheduled reports check.
/Users/sim/Project2/scripts/../scripts/run-simple-scheduled-reports.sh: line 16: node: command not found
Sun Jun  8 05:32:04 CDT 2025: Running scheduled reports
Sun Jun  8 05:32:04 CDT 2025: Checking if NextJS server is running...
/Users/sim/Project2/scripts/../scripts/run-simple-scheduled-reports.sh: line 16: node: command not found
Sun Jun  8 05:32:04 CDT 2025: NextJS server is not running. Skipping scheduled reports check.
Sun Jun  8 05:33:03 CDT 2025: Checking if NextJS server is running...
Sun Jun  8 05:33:03 CDT 2025: Running scheduled reports
/Users/sim/Project2/scripts/../scripts/run-simple-scheduled-reports.sh: line 16: node: command not found
Sun Jun  8 05:33:03 CDT 2025: NextJS server is not running. Skipping scheduled reports check.
Sun Jun  8 05:34:05 CDT 2025: Running scheduled reports
Sun Jun  8 05:34:05 CDT 2025: Checking if NextJS server is running...
/Users/sim/Project2/scripts/../scripts/run-simple-scheduled-reports.sh: line 16: node: command not found
Sun Jun  8 05:34:05 CDT 2025: NextJS server is not running. Skipping scheduled reports check.
Sun Jun  8 05:35:03 CDT 2025: Running scheduled reports
Sun Jun  8 05:35:03 CDT 2025: Checking if NextJS server is running...
/Users/sim/Project2/scripts/../scripts/run-simple-scheduled-reports.sh: line 16: node: command not found
Sun Jun  8 05:35:03 CDT 2025: NextJS server is not running. Skipping scheduled reports check.
Sun Jun  8 05:36:04 CDT 2025: Checking if NextJS server is running...
Sun Jun  8 05:36:04 CDT 2025: Running scheduled reports
/Users/sim/Project2/scripts/../scripts/run-simple-scheduled-reports.sh: line 16: node: command not found
Sun Jun  8 05:36:04 CDT 2025: NextJS server is not running. Skipping scheduled reports check.
Sun Jun  8 05:37:03 CDT 2025: Running scheduled reports
Sun Jun  8 05:37:03 CDT 2025: Checking if NextJS server is running...
/Users/sim/Project2/scripts/../scripts/run-simple-scheduled-reports.sh: line 16: node: command not found
Sun Jun  8 05:37:04 CDT 2025: NextJS server is not running. Skipping scheduled reports check.
Sun Jun  8 05:38:04 CDT 2025: Running scheduled reports
Sun Jun  8 05:38:04 CDT 2025: Checking if NextJS server is running...
/Users/sim/Project2/scripts/../scripts/run-simple-scheduled-reports.sh: line 16: node: command not found
Sun Jun  8 05:38:04 CDT 2025: NextJS server is not running. Skipping scheduled reports check.
Sun Jun  8 05:39:05 CDT 2025: Checking if NextJS server is running...
Sun Jun  8 05:39:05 CDT 2025: Running scheduled reports
/Users/sim/Project2/scripts/../scripts/run-simple-scheduled-reports.sh: line 16: node: command not found
Sun Jun  8 05:39:05 CDT 2025: NextJS server is not running. Skipping scheduled reports check.
Sun Jun  8 05:40:03 CDT 2025: Running scheduled reports
Sun Jun  8 05:40:03 CDT 2025: Checking if NextJS server is running...
/Users/sim/Project2/scripts/../scripts/run-simple-scheduled-reports.sh: line 16: node: command not found
Sun Jun  8 05:40:03 CDT 2025: NextJS server is not running. Skipping scheduled reports check.
Sun Jun  8 05:41:03 CDT 2025: Running scheduled reports
Sun Jun  8 05:41:03 CDT 2025: Checking if NextJS server is running...
/Users/sim/Project2/scripts/../scripts/run-simple-scheduled-reports.sh: line 16: node: command not found
Sun Jun  8 05:41:04 CDT 2025: NextJS server is not running. Skipping scheduled reports check.
Sun Jun  8 05:42:04 CDT 2025: Running scheduled reports
Sun Jun  8 05:42:04 CDT 2025: Checking if NextJS server is running...
/Users/sim/Project2/scripts/../scripts/run-simple-scheduled-reports.sh: line 16: node: command not found
Sun Jun  8 05:42:04 CDT 2025: NextJS server is not running. Skipping scheduled reports check.
Sun Jun  8 05:43:04 CDT 2025: Running scheduled reports
Sun Jun  8 05:43:04 CDT 2025: Checking if NextJS server is running...
/Users/sim/Project2/scripts/../scripts/run-simple-scheduled-reports.sh: line 16: node: command not found
Sun Jun  8 05:43:04 CDT 2025: NextJS server is not running. Skipping scheduled reports check.
Sun Jun  8 05:44:02 CDT 2025: Running scheduled reports
Sun Jun  8 05:44:02 CDT 2025: Checking if NextJS server is running...
/Users/sim/Project2/scripts/../scripts/run-simple-scheduled-reports.sh: line 16: node: command not found
Sun Jun  8 05:44:02 CDT 2025: NextJS server is not running. Skipping scheduled reports check.
Sun Jun  8 05:45:05 CDT 2025: Checking if NextJS server is running...
Sun Jun  8 05:45:05 CDT 2025: Running scheduled reports
/Users/sim/Project2/scripts/../scripts/run-simple-scheduled-reports.sh: line 16: node: command not found
Sun Jun  8 05:45:05 CDT 2025: NextJS server is not running. Skipping scheduled reports check.
Sun Jun  8 05:46:04 CDT 2025: Checking if NextJS server is running...
Sun Jun  8 05:46:04 CDT 2025: Running scheduled reports
/Users/sim/Project2/scripts/../scripts/run-simple-scheduled-reports.sh: line 16: node: command not found
Sun Jun  8 05:46:04 CDT 2025: NextJS server is not running. Skipping scheduled reports check.
Sun Jun  8 05:47:04 CDT 2025: Checking if NextJS server is running...
Sun Jun  8 05:47:04 CDT 2025: Running scheduled reports
/Users/sim/Project2/scripts/../scripts/run-simple-scheduled-reports.sh: line 16: node: command not found
Sun Jun  8 05:47:04 CDT 2025: NextJS server is not running. Skipping scheduled reports check.
Sun Jun  8 05:48:05 CDT 2025: Running scheduled reports
Sun Jun  8 05:48:05 CDT 2025: Checking if NextJS server is running...
/Users/sim/Project2/scripts/../scripts/run-simple-scheduled-reports.sh: line 16: node: command not found
Sun Jun  8 05:48:05 CDT 2025: NextJS server is not running. Skipping scheduled reports check.
Sun Jun  8 05:49:02 CDT 2025: Checking if NextJS server is running...
Sun Jun  8 05:49:02 CDT 2025: Running scheduled reports
/Users/sim/Project2/scripts/../scripts/run-simple-scheduled-reports.sh: line 16: node: command not found
Sun Jun  8 05:49:02 CDT 2025: NextJS server is not running. Skipping scheduled reports check.
Sun Jun  8 05:50:04 CDT 2025: Checking if NextJS server is running...
Sun Jun  8 05:50:04 CDT 2025: Running scheduled reports
/Users/sim/Project2/scripts/../scripts/run-simple-scheduled-reports.sh: line 16: node: command not found
Sun Jun  8 05:50:04 CDT 2025: NextJS server is not running. Skipping scheduled reports check.
Sun Jun  8 05:51:04 CDT 2025: Running scheduled reports
Sun Jun  8 05:51:04 CDT 2025: Checking if NextJS server is running...
/Users/sim/Project2/scripts/../scripts/run-simple-scheduled-reports.sh: line 16: node: command not found
Sun Jun  8 05:51:04 CDT 2025: NextJS server is not running. Skipping scheduled reports check.
Sun Jun  8 05:52:04 CDT 2025: Checking if NextJS server is running...
Sun Jun  8 05:52:04 CDT 2025: Running scheduled reports
/Users/sim/Project2/scripts/../scripts/run-simple-scheduled-reports.sh: line 16: node: command not found
Sun Jun  8 05:52:04 CDT 2025: NextJS server is not running. Skipping scheduled reports check.
Sun Jun  8 05:53:05 CDT 2025: Checking if NextJS server is running...
Sun Jun  8 05:53:05 CDT 2025: Running scheduled reports
/Users/sim/Project2/scripts/../scripts/run-simple-scheduled-reports.sh: line 16: node: command not found
Sun Jun  8 05:53:05 CDT 2025: NextJS server is not running. Skipping scheduled reports check.
Sun Jun  8 05:54:03 CDT 2025: Running scheduled reports
Sun Jun  8 05:54:03 CDT 2025: Checking if NextJS server is running...
/Users/sim/Project2/scripts/../scripts/run-simple-scheduled-reports.sh: line 16: node: command not found
Sun Jun  8 05:54:04 CDT 2025: NextJS server is not running. Skipping scheduled reports check.
Sun Jun  8 05:55:03 CDT 2025: Running scheduled reports
Sun Jun  8 05:55:03 CDT 2025: Checking if NextJS server is running...
/Users/sim/Project2/scripts/../scripts/run-simple-scheduled-reports.sh: line 16: node: command not found
Sun Jun  8 05:55:03 CDT 2025: NextJS server is not running. Skipping scheduled reports check.
Sun Jun  8 05:56:03 CDT 2025: Running scheduled reports
Sun Jun  8 05:56:03 CDT 2025: Checking if NextJS server is running...
/Users/sim/Project2/scripts/../scripts/run-simple-scheduled-reports.sh: line 16: node: command not found
Sun Jun  8 05:56:03 CDT 2025: NextJS server is not running. Skipping scheduled reports check.
Sun Jun  8 05:57:03 CDT 2025: Checking if NextJS server is running...
Sun Jun  8 05:57:03 CDT 2025: Running scheduled reports
/Users/sim/Project2/scripts/../scripts/run-simple-scheduled-reports.sh: line 16: node: command not found
Sun Jun  8 05:57:03 CDT 2025: NextJS server is not running. Skipping scheduled reports check.
Sun Jun  8 05:58:03 CDT 2025: Running scheduled reports
Sun Jun  8 05:58:03 CDT 2025: Checking if NextJS server is running...
/Users/sim/Project2/scripts/../scripts/run-simple-scheduled-reports.sh: line 16: node: command not found
Sun Jun  8 05:58:03 CDT 2025: NextJS server is not running. Skipping scheduled reports check.
Sun Jun  8 05:59:04 CDT 2025: Checking if NextJS server is running...
Sun Jun  8 05:59:04 CDT 2025: Running scheduled reports
/Users/sim/Project2/scripts/../scripts/run-simple-scheduled-reports.sh: line 16: node: command not found
Sun Jun  8 05:59:04 CDT 2025: NextJS server is not running. Skipping scheduled reports check.
Sun Jun  8 06:00:05 CDT 2025: Running scheduled reports
Sun Jun  8 06:00:05 CDT 2025: Checking if NextJS server is running...
/Users/sim/Project2/scripts/../scripts/run-simple-scheduled-reports.sh: line 16: node: command not found
Sun Jun  8 06:00:05 CDT 2025: NextJS server is not running. Skipping scheduled reports check.
Sun Jun  8 06:01:04 CDT 2025: Running scheduled reports
Sun Jun  8 06:01:04 CDT 2025: Checking if NextJS server is running...
/Users/sim/Project2/scripts/../scripts/run-simple-scheduled-reports.sh: line 16: node: command not found
Sun Jun  8 06:01:04 CDT 2025: NextJS server is not running. Skipping scheduled reports check.
Sun Jun  8 06:02:05 CDT 2025: Running scheduled reports
Sun Jun  8 06:02:05 CDT 2025: Checking if NextJS server is running...
/Users/sim/Project2/scripts/../scripts/run-simple-scheduled-reports.sh: line 16: node: command not found
Sun Jun  8 06:02:05 CDT 2025: NextJS server is not running. Skipping scheduled reports check.
Sun Jun  8 06:03:05 CDT 2025: Checking if NextJS server is running...
Sun Jun  8 06:03:05 CDT 2025: Running scheduled reports
/Users/sim/Project2/scripts/../scripts/run-simple-scheduled-reports.sh: line 16: node: command not found
Sun Jun  8 06:03:05 CDT 2025: NextJS server is not running. Skipping scheduled reports check.
Sun Jun  8 06:04:05 CDT 2025: Running scheduled reports
Sun Jun  8 06:04:05 CDT 2025: Checking if NextJS server is running...
/Users/sim/Project2/scripts/../scripts/run-simple-scheduled-reports.sh: line 16: node: command not found
Sun Jun  8 06:04:05 CDT 2025: NextJS server is not running. Skipping scheduled reports check.
Sun Jun  8 06:05:03 CDT 2025: Running scheduled reports
Sun Jun  8 06:05:03 CDT 2025: Checking if NextJS server is running...
/Users/sim/Project2/scripts/../scripts/run-simple-scheduled-reports.sh: line 16: node: command not found
Sun Jun  8 06:05:03 CDT 2025: NextJS server is not running. Skipping scheduled reports check.
Sun Jun  8 06:06:04 CDT 2025: Running scheduled reports
Sun Jun  8 06:06:04 CDT 2025: Checking if NextJS server is running...
/Users/sim/Project2/scripts/../scripts/run-simple-scheduled-reports.sh: line 16: node: command not found
Sun Jun  8 06:06:04 CDT 2025: NextJS server is not running. Skipping scheduled reports check.
Sun Jun  8 06:07:03 CDT 2025: Running scheduled reports
Sun Jun  8 06:07:03 CDT 2025: Checking if NextJS server is running...
/Users/sim/Project2/scripts/../scripts/run-simple-scheduled-reports.sh: line 16: node: command not found
Sun Jun  8 06:07:03 CDT 2025: NextJS server is not running. Skipping scheduled reports check.
Sun Jun  8 06:08:04 CDT 2025: Running scheduled reports
Sun Jun  8 06:08:04 CDT 2025: Checking if NextJS server is running...
/Users/sim/Project2/scripts/../scripts/run-simple-scheduled-reports.sh: line 16: node: command not found
Sun Jun  8 06:08:04 CDT 2025: NextJS server is not running. Skipping scheduled reports check.
Sun Jun  8 06:09:04 CDT 2025: Checking if NextJS server is running...
Sun Jun  8 06:09:04 CDT 2025: Running scheduled reports
/Users/sim/Project2/scripts/../scripts/run-simple-scheduled-reports.sh: line 16: node: command not found
Sun Jun  8 06:09:04 CDT 2025: NextJS server is not running. Skipping scheduled reports check.
Sun Jun  8 06:10:03 CDT 2025: Running scheduled reports
Sun Jun  8 06:10:03 CDT 2025: Checking if NextJS server is running...
/Users/sim/Project2/scripts/../scripts/run-simple-scheduled-reports.sh: line 16: node: command not found
Sun Jun  8 06:10:03 CDT 2025: NextJS server is not running. Skipping scheduled reports check.
Sun Jun  8 06:11:03 CDT 2025: Running scheduled reports
Sun Jun  8 06:11:03 CDT 2025: Checking if NextJS server is running...
/Users/sim/Project2/scripts/../scripts/run-simple-scheduled-reports.sh: line 16: node: command not found
Sun Jun  8 06:11:03 CDT 2025: NextJS server is not running. Skipping scheduled reports check.
Sun Jun  8 06:12:07 CDT 2025: Running scheduled reports
Sun Jun  8 06:12:07 CDT 2025: Checking if NextJS server is running...
/Users/sim/Project2/scripts/../scripts/run-simple-scheduled-reports.sh: line 16: node: command not found
Sun Jun  8 06:12:07 CDT 2025: NextJS server is not running. Skipping scheduled reports check.
Sun Jun  8 06:13:05 CDT 2025: Checking if NextJS server is running...
Sun Jun  8 06:13:05 CDT 2025: Running scheduled reports
/Users/sim/Project2/scripts/../scripts/run-simple-scheduled-reports.sh: line 16: node: command not found
Sun Jun  8 06:13:05 CDT 2025: NextJS server is not running. Skipping scheduled reports check.
Sun Jun  8 06:14:04 CDT 2025: Checking if NextJS server is running...
Sun Jun  8 06:14:04 CDT 2025: Running scheduled reports
/Users/sim/Project2/scripts/../scripts/run-simple-scheduled-reports.sh: line 16: node: command not found
Sun Jun  8 06:14:04 CDT 2025: NextJS server is not running. Skipping scheduled reports check.
Sun Jun  8 06:15:04 CDT 2025: Checking if NextJS server is running...
Sun Jun  8 06:15:04 CDT 2025: Running scheduled reports
/Users/sim/Project2/scripts/../scripts/run-simple-scheduled-reports.sh: line 16: node: command not found
Sun Jun  8 06:15:04 CDT 2025: NextJS server is not running. Skipping scheduled reports check.
Sun Jun  8 06:16:04 CDT 2025: Checking if NextJS server is running...
Sun Jun  8 06:16:04 CDT 2025: Running scheduled reports
/Users/sim/Project2/scripts/../scripts/run-simple-scheduled-reports.sh: line 16: node: command not found
Sun Jun  8 06:16:04 CDT 2025: NextJS server is not running. Skipping scheduled reports check.
Sun Jun  8 06:17:03 CDT 2025: Running scheduled reports
Sun Jun  8 06:17:03 CDT 2025: Checking if NextJS server is running...
/Users/sim/Project2/scripts/../scripts/run-simple-scheduled-reports.sh: line 16: node: command not found
Sun Jun  8 06:17:03 CDT 2025: NextJS server is not running. Skipping scheduled reports check.
Sun Jun  8 06:18:05 CDT 2025: Checking if NextJS server is running...
Sun Jun  8 06:18:05 CDT 2025: Running scheduled reports
/Users/sim/Project2/scripts/../scripts/run-simple-scheduled-reports.sh: line 16: node: command not found
Sun Jun  8 06:18:05 CDT 2025: NextJS server is not running. Skipping scheduled reports check.
Sun Jun  8 06:19:03 CDT 2025: Running scheduled reports
Sun Jun  8 06:19:03 CDT 2025: Checking if NextJS server is running...
/Users/sim/Project2/scripts/../scripts/run-simple-scheduled-reports.sh: line 16: node: command not found
Sun Jun  8 06:19:03 CDT 2025: NextJS server is not running. Skipping scheduled reports check.
Sun Jun  8 06:20:06 CDT 2025: Checking if NextJS server is running...
Sun Jun  8 06:20:06 CDT 2025: Running scheduled reports
/Users/sim/Project2/scripts/../scripts/run-simple-scheduled-reports.sh: line 16: node: command not found
Sun Jun  8 06:20:06 CDT 2025: NextJS server is not running. Skipping scheduled reports check.
Sun Jun  8 06:21:04 CDT 2025: Checking if NextJS server is running...
Sun Jun  8 06:21:04 CDT 2025: Running scheduled reports
/Users/sim/Project2/scripts/../scripts/run-simple-scheduled-reports.sh: line 16: node: command not found
Sun Jun  8 06:21:04 CDT 2025: NextJS server is not running. Skipping scheduled reports check.
Sun Jun  8 06:22:05 CDT 2025: Checking if NextJS server is running...
Sun Jun  8 06:22:05 CDT 2025: Running scheduled reports
/Users/sim/Project2/scripts/../scripts/run-simple-scheduled-reports.sh: line 16: node: command not found
Sun Jun  8 06:22:05 CDT 2025: NextJS server is not running. Skipping scheduled reports check.
Sun Jun  8 06:23:07 CDT 2025: Checking if NextJS server is running...
Sun Jun  8 06:23:07 CDT 2025: Running scheduled reports
/Users/sim/Project2/scripts/../scripts/run-simple-scheduled-reports.sh: line 16: node: command not found
Sun Jun  8 06:23:07 CDT 2025: NextJS server is not running. Skipping scheduled reports check.
Sun Jun  8 06:24:03 CDT 2025: Running scheduled reports
Sun Jun  8 06:24:03 CDT 2025: Checking if NextJS server is running...
/Users/sim/Project2/scripts/../scripts/run-simple-scheduled-reports.sh: line 16: node: command not found
Sun Jun  8 06:24:03 CDT 2025: NextJS server is not running. Skipping scheduled reports check.
Sun Jun  8 06:25:06 CDT 2025: Checking if NextJS server is running...
Sun Jun  8 06:25:06 CDT 2025: Running scheduled reports
/Users/sim/Project2/scripts/../scripts/run-simple-scheduled-reports.sh: line 16: node: command not found
Sun Jun  8 06:25:06 CDT 2025: NextJS server is not running. Skipping scheduled reports check.
Sun Jun  8 06:26:03 CDT 2025: Checking if NextJS server is running...
Sun Jun  8 06:26:03 CDT 2025: Running scheduled reports
/Users/sim/Project2/scripts/../scripts/run-simple-scheduled-reports.sh: line 16: node: command not found
Sun Jun  8 06:26:03 CDT 2025: NextJS server is not running. Skipping scheduled reports check.
Sun Jun  8 06:27:05 CDT 2025: Running scheduled reports
Sun Jun  8 06:27:05 CDT 2025: Checking if NextJS server is running...
/Users/sim/Project2/scripts/../scripts/run-simple-scheduled-reports.sh: line 16: node: command not found
Sun Jun  8 06:27:05 CDT 2025: NextJS server is not running. Skipping scheduled reports check.
Sun Jun  8 06:28:03 CDT 2025: Checking if NextJS server is running...
Sun Jun  8 06:28:03 CDT 2025: Running scheduled reports
/Users/sim/Project2/scripts/../scripts/run-simple-scheduled-reports.sh: line 16: node: command not found
Sun Jun  8 06:28:03 CDT 2025: NextJS server is not running. Skipping scheduled reports check.
Sun Jun  8 06:29:04 CDT 2025: Checking if NextJS server is running...
Sun Jun  8 06:29:04 CDT 2025: Running scheduled reports
/Users/sim/Project2/scripts/../scripts/run-simple-scheduled-reports.sh: line 16: node: command not found
Sun Jun  8 06:29:04 CDT 2025: NextJS server is not running. Skipping scheduled reports check.
Sun Jun  8 06:30:04 CDT 2025: Running scheduled reports
Sun Jun  8 06:30:04 CDT 2025: Checking if NextJS server is running...
/Users/sim/Project2/scripts/../scripts/run-simple-scheduled-reports.sh: line 16: node: command not found
Sun Jun  8 06:30:04 CDT 2025: NextJS server is not running. Skipping scheduled reports check.
Sun Jun  8 06:31:03 CDT 2025: Running scheduled reports
Sun Jun  8 06:31:03 CDT 2025: Checking if NextJS server is running...
/Users/sim/Project2/scripts/../scripts/run-simple-scheduled-reports.sh: line 16: node: command not found
Sun Jun  8 06:31:04 CDT 2025: NextJS server is not running. Skipping scheduled reports check.
Sun Jun  8 06:32:04 CDT 2025: Running scheduled reports
Sun Jun  8 06:32:04 CDT 2025: Checking if NextJS server is running...
/Users/sim/Project2/scripts/../scripts/run-simple-scheduled-reports.sh: line 16: node: command not found
Sun Jun  8 06:32:04 CDT 2025: NextJS server is not running. Skipping scheduled reports check.
Sun Jun  8 06:33:04 CDT 2025: Running scheduled reports
Sun Jun  8 06:33:04 CDT 2025: Checking if NextJS server is running...
/Users/sim/Project2/scripts/../scripts/run-simple-scheduled-reports.sh: line 16: node: command not found
Sun Jun  8 06:33:04 CDT 2025: NextJS server is not running. Skipping scheduled reports check.
Sun Jun  8 06:34:04 CDT 2025: Checking if NextJS server is running...
Sun Jun  8 06:34:04 CDT 2025: Running scheduled reports
/Users/sim/Project2/scripts/../scripts/run-simple-scheduled-reports.sh: line 16: node: command not found
Sun Jun  8 06:34:04 CDT 2025: NextJS server is not running. Skipping scheduled reports check.
Sun Jun  8 06:35:03 CDT 2025: Running scheduled reports
Sun Jun  8 06:35:03 CDT 2025: Checking if NextJS server is running...
/Users/sim/Project2/scripts/../scripts/run-simple-scheduled-reports.sh: line 16: node: command not found
Sun Jun  8 06:35:03 CDT 2025: NextJS server is not running. Skipping scheduled reports check.
Sun Jun  8 06:36:04 CDT 2025: Checking if NextJS server is running...
Sun Jun  8 06:36:04 CDT 2025: Running scheduled reports
/Users/sim/Project2/scripts/../scripts/run-simple-scheduled-reports.sh: line 16: node: command not found
Sun Jun  8 06:36:04 CDT 2025: NextJS server is not running. Skipping scheduled reports check.
Sun Jun  8 06:37:04 CDT 2025: Checking if NextJS server is running...
Sun Jun  8 06:37:04 CDT 2025: Running scheduled reports
/Users/sim/Project2/scripts/../scripts/run-simple-scheduled-reports.sh: line 16: node: command not found
Sun Jun  8 06:37:04 CDT 2025: NextJS server is not running. Skipping scheduled reports check.
Sun Jun  8 06:38:04 CDT 2025: Checking if NextJS server is running...
Sun Jun  8 06:38:04 CDT 2025: Running scheduled reports
Sun Jun  8 06:38:05 CDT 2025: NextJS server is not running. Skipping scheduled reports check.
/Users/sim/Project2/scripts/../scripts/run-simple-scheduled-reports.sh: line 16: node: command not found
Sun Jun  8 06:39:02 CDT 2025: Running scheduled reports
Sun Jun  8 06:39:02 CDT 2025: Checking if NextJS server is running...
/Users/sim/Project2/scripts/../scripts/run-simple-scheduled-reports.sh: line 16: node: command not found
Sun Jun  8 06:39:02 CDT 2025: NextJS server is not running. Skipping scheduled reports check.
Sun Jun  8 06:40:03 CDT 2025: Running scheduled reports
Sun Jun  8 06:40:03 CDT 2025: Checking if NextJS server is running...
/Users/sim/Project2/scripts/../scripts/run-simple-scheduled-reports.sh: line 16: node: command not found
Sun Jun  8 06:40:03 CDT 2025: NextJS server is not running. Skipping scheduled reports check.
Sun Jun  8 06:41:03 CDT 2025: Checking if NextJS server is running...
Sun Jun  8 06:41:03 CDT 2025: Running scheduled reports
/Users/sim/Project2/scripts/../scripts/run-simple-scheduled-reports.sh: line 16: node: command not found
Sun Jun  8 06:41:03 CDT 2025: NextJS server is not running. Skipping scheduled reports check.
Sun Jun  8 06:42:04 CDT 2025: Running scheduled reports
Sun Jun  8 06:42:04 CDT 2025: Checking if NextJS server is running...
/Users/sim/Project2/scripts/../scripts/run-simple-scheduled-reports.sh: line 16: node: command not found
Sun Jun  8 06:42:04 CDT 2025: NextJS server is not running. Skipping scheduled reports check.
Sun Jun  8 06:43:03 CDT 2025: Checking if NextJS server is running...
Sun Jun  8 06:43:03 CDT 2025: Running scheduled reports
/Users/sim/Project2/scripts/../scripts/run-simple-scheduled-reports.sh: line 16: node: command not found
Sun Jun  8 06:43:03 CDT 2025: NextJS server is not running. Skipping scheduled reports check.
Sun Jun  8 06:44:06 CDT 2025: Running scheduled reports
Sun Jun  8 06:44:06 CDT 2025: Checking if NextJS server is running...
/Users/sim/Project2/scripts/../scripts/run-simple-scheduled-reports.sh: line 16: node: command not found
Sun Jun  8 06:44:06 CDT 2025: NextJS server is not running. Skipping scheduled reports check.
Sun Jun  8 06:45:03 CDT 2025: Checking if NextJS server is running...
Sun Jun  8 06:45:03 CDT 2025: Running scheduled reports
/Users/sim/Project2/scripts/../scripts/run-simple-scheduled-reports.sh: line 16: node: command not found
Sun Jun  8 06:45:03 CDT 2025: NextJS server is not running. Skipping scheduled reports check.
Sun Jun  8 06:46:03 CDT 2025: Checking if NextJS server is running...
Sun Jun  8 06:46:03 CDT 2025: Running scheduled reports
/Users/sim/Project2/scripts/../scripts/run-simple-scheduled-reports.sh: line 16: node: command not found
Sun Jun  8 06:46:03 CDT 2025: NextJS server is not running. Skipping scheduled reports check.
Sun Jun  8 06:47:04 CDT 2025: Running scheduled reports
Sun Jun  8 06:47:04 CDT 2025: Checking if NextJS server is running...
/Users/sim/Project2/scripts/../scripts/run-simple-scheduled-reports.sh: line 16: node: command not found
Sun Jun  8 06:47:04 CDT 2025: NextJS server is not running. Skipping scheduled reports check.
Sun Jun  8 06:48:03 CDT 2025: Checking if NextJS server is running...
Sun Jun  8 06:48:03 CDT 2025: Running scheduled reports
/Users/sim/Project2/scripts/../scripts/run-simple-scheduled-reports.sh: line 16: node: command not found
Sun Jun  8 06:48:03 CDT 2025: NextJS server is not running. Skipping scheduled reports check.
Sun Jun  8 06:49:04 CDT 2025: Running scheduled reports
Sun Jun  8 06:49:04 CDT 2025: Checking if NextJS server is running...
/Users/sim/Project2/scripts/../scripts/run-simple-scheduled-reports.sh: line 16: node: command not found
Sun Jun  8 06:49:04 CDT 2025: NextJS server is not running. Skipping scheduled reports check.
Sun Jun  8 06:50:04 CDT 2025: Running scheduled reports
Sun Jun  8 06:50:04 CDT 2025: Checking if NextJS server is running...
/Users/sim/Project2/scripts/../scripts/run-simple-scheduled-reports.sh: line 16: node: command not found
Sun Jun  8 06:50:04 CDT 2025: NextJS server is not running. Skipping scheduled reports check.
Sun Jun  8 06:51:03 CDT 2025: Running scheduled reports
Sun Jun  8 06:51:03 CDT 2025: Checking if NextJS server is running...
/Users/sim/Project2/scripts/../scripts/run-simple-scheduled-reports.sh: line 16: node: command not found
Sun Jun  8 06:51:03 CDT 2025: NextJS server is not running. Skipping scheduled reports check.
Sun Jun  8 06:52:02 CDT 2025: Running scheduled reports
Sun Jun  8 06:52:02 CDT 2025: Checking if NextJS server is running...
/Users/sim/Project2/scripts/../scripts/run-simple-scheduled-reports.sh: line 16: node: command not found
Sun Jun  8 06:52:02 CDT 2025: NextJS server is not running. Skipping scheduled reports check.
Sun Jun  8 06:53:05 CDT 2025: Checking if NextJS server is running...
Sun Jun  8 06:53:05 CDT 2025: Running scheduled reports
/Users/sim/Project2/scripts/../scripts/run-simple-scheduled-reports.sh: line 16: node: command not found
Sun Jun  8 06:53:05 CDT 2025: NextJS server is not running. Skipping scheduled reports check.
Sun Jun  8 06:54:05 CDT 2025: Running scheduled reports
Sun Jun  8 06:54:05 CDT 2025: Checking if NextJS server is running...
/Users/sim/Project2/scripts/../scripts/run-simple-scheduled-reports.sh: line 16: node: command not found
Sun Jun  8 06:54:05 CDT 2025: NextJS server is not running. Skipping scheduled reports check.
Sun Jun  8 06:55:04 CDT 2025: Running scheduled reports
Sun Jun  8 06:55:04 CDT 2025: Checking if NextJS server is running...
/Users/sim/Project2/scripts/../scripts/run-simple-scheduled-reports.sh: line 16: node: command not found
Sun Jun  8 06:55:04 CDT 2025: NextJS server is not running. Skipping scheduled reports check.
Sun Jun  8 06:56:04 CDT 2025: Running scheduled reports
Sun Jun  8 06:56:04 CDT 2025: Checking if NextJS server is running...
/Users/sim/Project2/scripts/../scripts/run-simple-scheduled-reports.sh: line 16: node: command not found
Sun Jun  8 06:56:04 CDT 2025: NextJS server is not running. Skipping scheduled reports check.
Sun Jun  8 06:57:05 CDT 2025: Checking if NextJS server is running...
Sun Jun  8 06:57:05 CDT 2025: Running scheduled reports
/Users/sim/Project2/scripts/../scripts/run-simple-scheduled-reports.sh: line 16: node: command not found
Sun Jun  8 06:57:05 CDT 2025: NextJS server is not running. Skipping scheduled reports check.
Sun Jun  8 06:58:04 CDT 2025: Checking if NextJS server is running...
Sun Jun  8 06:58:04 CDT 2025: Running scheduled reports
/Users/sim/Project2/scripts/../scripts/run-simple-scheduled-reports.sh: line 16: node: command not found
Sun Jun  8 06:58:04 CDT 2025: NextJS server is not running. Skipping scheduled reports check.
Sun Jun  8 06:59:02 CDT 2025: Running scheduled reports
Sun Jun  8 06:59:02 CDT 2025: Checking if NextJS server is running...
/Users/sim/Project2/scripts/../scripts/run-simple-scheduled-reports.sh: line 16: node: command not found
Sun Jun  8 06:59:02 CDT 2025: NextJS server is not running. Skipping scheduled reports check.
Sun Jun  8 07:00:03 CDT 2025: Running scheduled reports
Sun Jun  8 07:00:03 CDT 2025: Checking if NextJS server is running...
/Users/sim/Project2/scripts/../scripts/run-simple-scheduled-reports.sh: line 16: node: command not found
Sun Jun  8 07:00:03 CDT 2025: NextJS server is not running. Skipping scheduled reports check.
Sun Jun  8 07:01:04 CDT 2025: Checking if NextJS server is running...
Sun Jun  8 07:01:04 CDT 2025: Running scheduled reports
/Users/sim/Project2/scripts/../scripts/run-simple-scheduled-reports.sh: line 16: node: command not found
Sun Jun  8 07:01:04 CDT 2025: NextJS server is not running. Skipping scheduled reports check.
Sun Jun  8 07:02:05 CDT 2025: Running scheduled reports
Sun Jun  8 07:02:05 CDT 2025: Checking if NextJS server is running...
/Users/sim/Project2/scripts/../scripts/run-simple-scheduled-reports.sh: line 16: node: command not found
Sun Jun  8 07:02:05 CDT 2025: NextJS server is not running. Skipping scheduled reports check.
Sun Jun  8 07:03:03 CDT 2025: Checking if NextJS server is running...
Sun Jun  8 07:03:03 CDT 2025: Running scheduled reports
/Users/sim/Project2/scripts/../scripts/run-simple-scheduled-reports.sh: line 16: node: command not found
Sun Jun  8 07:03:03 CDT 2025: NextJS server is not running. Skipping scheduled reports check.
Sun Jun  8 07:04:03 CDT 2025: Running scheduled reports
Sun Jun  8 07:04:03 CDT 2025: Checking if NextJS server is running...
/Users/sim/Project2/scripts/../scripts/run-simple-scheduled-reports.sh: line 16: node: command not found
Sun Jun  8 07:04:03 CDT 2025: NextJS server is not running. Skipping scheduled reports check.
Sun Jun  8 07:05:03 CDT 2025: Running scheduled reports
Sun Jun  8 07:05:03 CDT 2025: Checking if NextJS server is running...
/Users/sim/Project2/scripts/../scripts/run-simple-scheduled-reports.sh: line 16: node: command not found
Sun Jun  8 07:05:03 CDT 2025: NextJS server is not running. Skipping scheduled reports check.
Sun Jun  8 07:06:04 CDT 2025: Running scheduled reports
Sun Jun  8 07:06:04 CDT 2025: Checking if NextJS server is running...
/Users/sim/Project2/scripts/../scripts/run-simple-scheduled-reports.sh: line 16: node: command not found
Sun Jun  8 07:06:04 CDT 2025: NextJS server is not running. Skipping scheduled reports check.
Sun Jun  8 07:07:03 CDT 2025: Checking if NextJS server is running...
Sun Jun  8 07:07:03 CDT 2025: Running scheduled reports
/Users/sim/Project2/scripts/../scripts/run-simple-scheduled-reports.sh: line 16: node: command not found
Sun Jun  8 07:07:03 CDT 2025: NextJS server is not running. Skipping scheduled reports check.
Sun Jun  8 07:08:05 CDT 2025: Running scheduled reports
Sun Jun  8 07:08:05 CDT 2025: Checking if NextJS server is running...
/Users/sim/Project2/scripts/../scripts/run-simple-scheduled-reports.sh: line 16: node: command not found
Sun Jun  8 07:08:05 CDT 2025: NextJS server is not running. Skipping scheduled reports check.
Sun Jun  8 07:09:03 CDT 2025: Running scheduled reports
Sun Jun  8 07:09:03 CDT 2025: Checking if NextJS server is running...
/Users/sim/Project2/scripts/../scripts/run-simple-scheduled-reports.sh: line 16: node: command not found
Sun Jun  8 07:09:03 CDT 2025: NextJS server is not running. Skipping scheduled reports check.
Sun Jun  8 07:10:05 CDT 2025: Checking if NextJS server is running...
Sun Jun  8 07:10:05 CDT 2025: Running scheduled reports
/Users/sim/Project2/scripts/../scripts/run-simple-scheduled-reports.sh: line 16: node: command not found
Sun Jun  8 07:10:05 CDT 2025: NextJS server is not running. Skipping scheduled reports check.
Sun Jun  8 07:11:03 CDT 2025: Running scheduled reports
Sun Jun  8 07:11:03 CDT 2025: Checking if NextJS server is running...
/Users/sim/Project2/scripts/../scripts/run-simple-scheduled-reports.sh: line 16: node: command not found
Sun Jun  8 07:11:03 CDT 2025: NextJS server is not running. Skipping scheduled reports check.
Sun Jun  8 07:12:03 CDT 2025: Checking if NextJS server is running...
Sun Jun  8 07:12:03 CDT 2025: Running scheduled reports
/Users/sim/Project2/scripts/../scripts/run-simple-scheduled-reports.sh: line 16: node: command not found
Sun Jun  8 07:12:03 CDT 2025: NextJS server is not running. Skipping scheduled reports check.
Sun Jun  8 07:13:04 CDT 2025: Running scheduled reports
Sun Jun  8 07:13:04 CDT 2025: Checking if NextJS server is running...
/Users/sim/Project2/scripts/../scripts/run-simple-scheduled-reports.sh: line 16: node: command not found
Sun Jun  8 07:13:04 CDT 2025: NextJS server is not running. Skipping scheduled reports check.
Sun Jun  8 07:14:03 CDT 2025: Checking if NextJS server is running...
Sun Jun  8 07:14:03 CDT 2025: Running scheduled reports
/Users/sim/Project2/scripts/../scripts/run-simple-scheduled-reports.sh: line 16: node: command not found
Sun Jun  8 07:14:03 CDT 2025: NextJS server is not running. Skipping scheduled reports check.
Sun Jun  8 07:15:05 CDT 2025: Checking if NextJS server is running...
Sun Jun  8 07:15:05 CDT 2025: Running scheduled reports
/Users/sim/Project2/scripts/../scripts/run-simple-scheduled-reports.sh: line 16: node: command not found
Sun Jun  8 07:15:05 CDT 2025: NextJS server is not running. Skipping scheduled reports check.
Sun Jun  8 07:16:04 CDT 2025: Checking if NextJS server is running...
Sun Jun  8 07:16:04 CDT 2025: Running scheduled reports
/Users/sim/Project2/scripts/../scripts/run-simple-scheduled-reports.sh: line 16: node: command not found
Sun Jun  8 07:16:04 CDT 2025: NextJS server is not running. Skipping scheduled reports check.
Sun Jun  8 07:17:03 CDT 2025: Checking if NextJS server is running...
Sun Jun  8 07:17:03 CDT 2025: Running scheduled reports
/Users/sim/Project2/scripts/../scripts/run-simple-scheduled-reports.sh: line 16: node: command not found
Sun Jun  8 07:17:03 CDT 2025: NextJS server is not running. Skipping scheduled reports check.
Sun Jun  8 07:18:03 CDT 2025: Checking if NextJS server is running...
Sun Jun  8 07:18:03 CDT 2025: Running scheduled reports
/Users/sim/Project2/scripts/../scripts/run-simple-scheduled-reports.sh: line 16: node: command not found
Sun Jun  8 07:18:03 CDT 2025: NextJS server is not running. Skipping scheduled reports check.
Sun Jun  8 07:19:04 CDT 2025: Running scheduled reports
Sun Jun  8 07:19:04 CDT 2025: Checking if NextJS server is running...
/Users/sim/Project2/scripts/../scripts/run-simple-scheduled-reports.sh: line 16: node: command not found
Sun Jun  8 07:19:04 CDT 2025: NextJS server is not running. Skipping scheduled reports check.
Sun Jun  8 07:20:02 CDT 2025: Checking if NextJS server is running...
Sun Jun  8 07:20:02 CDT 2025: Running scheduled reports
/Users/sim/Project2/scripts/../scripts/run-simple-scheduled-reports.sh: line 16: node: command not found
Sun Jun  8 07:20:02 CDT 2025: NextJS server is not running. Skipping scheduled reports check.
Sun Jun  8 07:21:05 CDT 2025: Checking if NextJS server is running...
Sun Jun  8 07:21:05 CDT 2025: Running scheduled reports
/Users/sim/Project2/scripts/../scripts/run-simple-scheduled-reports.sh: line 16: node: command not found
Sun Jun  8 07:21:05 CDT 2025: NextJS server is not running. Skipping scheduled reports check.
Sun Jun  8 07:22:02 CDT 2025: Running scheduled reports
Sun Jun  8 07:22:02 CDT 2025: Checking if NextJS server is running...
/Users/sim/Project2/scripts/../scripts/run-simple-scheduled-reports.sh: line 16: node: command not found
Sun Jun  8 07:22:02 CDT 2025: NextJS server is not running. Skipping scheduled reports check.
Sun Jun  8 07:23:03 CDT 2025: Checking if NextJS server is running...
Sun Jun  8 07:23:03 CDT 2025: Running scheduled reports
/Users/sim/Project2/scripts/../scripts/run-simple-scheduled-reports.sh: line 16: node: command not found
Sun Jun  8 07:23:03 CDT 2025: NextJS server is not running. Skipping scheduled reports check.
Sun Jun  8 07:24:04 CDT 2025: Checking if NextJS server is running...
Sun Jun  8 07:24:04 CDT 2025: Running scheduled reports
/Users/sim/Project2/scripts/../scripts/run-simple-scheduled-reports.sh: line 16: node: command not found
Sun Jun  8 07:24:04 CDT 2025: NextJS server is not running. Skipping scheduled reports check.
Sun Jun  8 07:25:03 CDT 2025: Running scheduled reports
Sun Jun  8 07:25:03 CDT 2025: Checking if NextJS server is running...
/Users/sim/Project2/scripts/../scripts/run-simple-scheduled-reports.sh: line 16: node: command not found
Sun Jun  8 07:25:03 CDT 2025: NextJS server is not running. Skipping scheduled reports check.
Sun Jun  8 07:26:02 CDT 2025: Checking if NextJS server is running...
Sun Jun  8 07:26:02 CDT 2025: Running scheduled reports
/Users/sim/Project2/scripts/../scripts/run-simple-scheduled-reports.sh: line 16: node: command not found
Sun Jun  8 07:26:02 CDT 2025: NextJS server is not running. Skipping scheduled reports check.
Sun Jun  8 07:27:01 CDT 2025: Running scheduled reports
Sun Jun  8 07:27:01 CDT 2025: Checking if NextJS server is running...
/Users/sim/Project2/scripts/../scripts/run-simple-scheduled-reports.sh: line 16: node: command not found
Sun Jun  8 07:27:01 CDT 2025: NextJS server is not running. Skipping scheduled reports check.
Sun Jun  8 07:28:00 CDT 2025: Running scheduled reports
Sun Jun  8 07:28:00 CDT 2025: Checking if NextJS server is running...
/Users/sim/Project2/scripts/../scripts/run-simple-scheduled-reports.sh: line 16: node: command not found
Sun Jun  8 07:28:00 CDT 2025: NextJS server is not running. Skipping scheduled reports check.
Sun Jun  8 07:29:00 CDT 2025: Checking if NextJS server is running...
Sun Jun  8 07:29:00 CDT 2025: Running scheduled reports
/Users/sim/Project2/scripts/../scripts/run-simple-scheduled-reports.sh: line 16: node: command not found
Sun Jun  8 07:29:00 CDT 2025: NextJS server is not running. Skipping scheduled reports check.
Sun Jun  8 07:30:00 CDT 2025: Running scheduled reports
Sun Jun  8 07:30:00 CDT 2025: Checking if NextJS server is running...
/Users/sim/Project2/scripts/../scripts/run-simple-scheduled-reports.sh: line 16: node: command not found
Sun Jun  8 07:30:00 CDT 2025: NextJS server is not running. Skipping scheduled reports check.
Sun Jun  8 07:31:01 CDT 2025: Running scheduled reports
Sun Jun  8 07:31:01 CDT 2025: Checking if NextJS server is running...
/Users/sim/Project2/scripts/../scripts/run-simple-scheduled-reports.sh: line 16: node: command not found
Sun Jun  8 07:31:01 CDT 2025: NextJS server is not running. Skipping scheduled reports check.
Sun Jun  8 07:32:00 CDT 2025: Checking if NextJS server is running...
Sun Jun  8 07:32:00 CDT 2025: Running scheduled reports
/Users/sim/Project2/scripts/../scripts/run-simple-scheduled-reports.sh: line 16: node: command not found
Sun Jun  8 07:32:00 CDT 2025: NextJS server is not running. Skipping scheduled reports check.
Sun Jun  8 07:33:00 CDT 2025: Checking if NextJS server is running...
Sun Jun  8 07:33:00 CDT 2025: Running scheduled reports
/Users/sim/Project2/scripts/../scripts/run-simple-scheduled-reports.sh: line 16: node: command not found
Sun Jun  8 07:33:00 CDT 2025: NextJS server is not running. Skipping scheduled reports check.
Sun Jun  8 07:34:00 CDT 2025: Running scheduled reports
Sun Jun  8 07:34:00 CDT 2025: Checking if NextJS server is running...
/Users/sim/Project2/scripts/../scripts/run-simple-scheduled-reports.sh: line 16: node: command not found
Sun Jun  8 07:34:00 CDT 2025: NextJS server is not running. Skipping scheduled reports check.
Sun Jun  8 07:35:00 CDT 2025: Running scheduled reports
Sun Jun  8 07:35:00 CDT 2025: Checking if NextJS server is running...
/Users/sim/Project2/scripts/../scripts/run-simple-scheduled-reports.sh: line 16: node: command not found
Sun Jun  8 07:35:00 CDT 2025: NextJS server is not running. Skipping scheduled reports check.
Sun Jun  8 07:36:00 CDT 2025: Checking if NextJS server is running...
Sun Jun  8 07:36:00 CDT 2025: Running scheduled reports
/Users/sim/Project2/scripts/../scripts/run-simple-scheduled-reports.sh: line 16: node: command not found
Sun Jun  8 07:36:00 CDT 2025: NextJS server is not running. Skipping scheduled reports check.
Sun Jun  8 07:37:01 CDT 2025: Running scheduled reports
Sun Jun  8 07:37:01 CDT 2025: Checking if NextJS server is running...
/Users/sim/Project2/scripts/../scripts/run-simple-scheduled-reports.sh: line 16: node: command not found
Sun Jun  8 07:37:01 CDT 2025: NextJS server is not running. Skipping scheduled reports check.
Sun Jun  8 07:38:00 CDT 2025: Checking if NextJS server is running...
Sun Jun  8 07:38:00 CDT 2025: Running scheduled reports
/Users/sim/Project2/scripts/../scripts/run-simple-scheduled-reports.sh: line 16: node: command not found
Sun Jun  8 07:38:00 CDT 2025: NextJS server is not running. Skipping scheduled reports check.
Sun Jun  8 07:39:00 CDT 2025: Checking if NextJS server is running...
Sun Jun  8 07:39:00 CDT 2025: Running scheduled reports
/Users/sim/Project2/scripts/../scripts/run-simple-scheduled-reports.sh: line 16: node: command not found
Sun Jun  8 07:39:00 CDT 2025: NextJS server is not running. Skipping scheduled reports check.
Sun Jun  8 07:40:00 CDT 2025: Checking if NextJS server is running...
Sun Jun  8 07:40:00 CDT 2025: Running scheduled reports
/Users/sim/Project2/scripts/../scripts/run-simple-scheduled-reports.sh: line 16: node: command not found
Sun Jun  8 07:40:00 CDT 2025: NextJS server is not running. Skipping scheduled reports check.
Sun Jun  8 07:41:00 CDT 2025: Running scheduled reports
Sun Jun  8 07:41:00 CDT 2025: Checking if NextJS server is running...
/Users/sim/Project2/scripts/../scripts/run-simple-scheduled-reports.sh: line 16: node: command not found
Sun Jun  8 07:41:01 CDT 2025: NextJS server is not running. Skipping scheduled reports check.
Sun Jun  8 07:42:00 CDT 2025: Running scheduled reports
Sun Jun  8 07:42:00 CDT 2025: Checking if NextJS server is running...
/Users/sim/Project2/scripts/../scripts/run-simple-scheduled-reports.sh: line 16: node: command not found
Sun Jun  8 07:42:00 CDT 2025: NextJS server is not running. Skipping scheduled reports check.
Sun Jun  8 07:43:00 CDT 2025: Running scheduled reports
Sun Jun  8 07:43:00 CDT 2025: Checking if NextJS server is running...
/Users/sim/Project2/scripts/../scripts/run-simple-scheduled-reports.sh: line 16: node: command not found
Sun Jun  8 07:43:00 CDT 2025: NextJS server is not running. Skipping scheduled reports check.
Sun Jun  8 07:44:00 CDT 2025: Checking if NextJS server is running...
Sun Jun  8 07:44:00 CDT 2025: Running scheduled reports
/Users/sim/Project2/scripts/../scripts/run-simple-scheduled-reports.sh: line 16: node: command not found
Sun Jun  8 07:44:00 CDT 2025: NextJS server is not running. Skipping scheduled reports check.
Sun Jun  8 07:45:00 CDT 2025: Checking if NextJS server is running...
Sun Jun  8 07:45:00 CDT 2025: Running scheduled reports
/Users/sim/Project2/scripts/../scripts/run-simple-scheduled-reports.sh: line 16: node: command not found
Sun Jun  8 07:45:00 CDT 2025: NextJS server is not running. Skipping scheduled reports check.
Sun Jun  8 07:46:00 CDT 2025: Running scheduled reports
Sun Jun  8 07:46:00 CDT 2025: Checking if NextJS server is running...
/Users/sim/Project2/scripts/../scripts/run-simple-scheduled-reports.sh: line 16: node: command not found
Sun Jun  8 07:46:00 CDT 2025: NextJS server is not running. Skipping scheduled reports check.
Sun Jun  8 07:47:00 CDT 2025: Running scheduled reports
Sun Jun  8 07:47:00 CDT 2025: Checking if NextJS server is running...
/Users/sim/Project2/scripts/../scripts/run-simple-scheduled-reports.sh: line 16: node: command not found
Sun Jun  8 07:47:01 CDT 2025: NextJS server is not running. Skipping scheduled reports check.
Sun Jun  8 07:48:00 CDT 2025: Running scheduled reports
Sun Jun  8 07:48:00 CDT 2025: Checking if NextJS server is running...
/Users/sim/Project2/scripts/../scripts/run-simple-scheduled-reports.sh: line 16: node: command not found
Sun Jun  8 07:48:00 CDT 2025: NextJS server is not running. Skipping scheduled reports check.
Sun Jun  8 07:49:00 CDT 2025: Running scheduled reports
Sun Jun  8 07:49:00 CDT 2025: Checking if NextJS server is running...
/Users/sim/Project2/scripts/../scripts/run-simple-scheduled-reports.sh: line 16: node: command not found
Sun Jun  8 07:49:00 CDT 2025: NextJS server is not running. Skipping scheduled reports check.
Sun Jun  8 07:50:00 CDT 2025: Checking if NextJS server is running...
Sun Jun  8 07:50:00 CDT 2025: Running scheduled reports
/Users/sim/Project2/scripts/../scripts/run-simple-scheduled-reports.sh: line 16: node: command not found
Sun Jun  8 07:50:00 CDT 2025: NextJS server is not running. Skipping scheduled reports check.
Sun Jun  8 07:51:00 CDT 2025: Checking if NextJS server is running...
Sun Jun  8 07:51:00 CDT 2025: Running scheduled reports
/Users/sim/Project2/scripts/../scripts/run-simple-scheduled-reports.sh: line 16: node: command not found
Sun Jun  8 07:51:00 CDT 2025: NextJS server is not running. Skipping scheduled reports check.
Sun Jun  8 07:52:00 CDT 2025: Running scheduled reports
Sun Jun  8 07:52:00 CDT 2025: Checking if NextJS server is running...
/Users/sim/Project2/scripts/../scripts/run-simple-scheduled-reports.sh: line 16: node: command not found
Sun Jun  8 07:52:00 CDT 2025: NextJS server is not running. Skipping scheduled reports check.
Sun Jun  8 07:53:01 CDT 2025: Running scheduled reports
Sun Jun  8 07:53:01 CDT 2025: Checking if NextJS server is running...
/Users/sim/Project2/scripts/../scripts/run-simple-scheduled-reports.sh: line 16: node: command not found
Sun Jun  8 07:53:01 CDT 2025: NextJS server is not running. Skipping scheduled reports check.
Sun Jun  8 07:54:00 CDT 2025: Running scheduled reports
Sun Jun  8 07:54:00 CDT 2025: Checking if NextJS server is running...
/Users/sim/Project2/scripts/../scripts/run-simple-scheduled-reports.sh: line 16: node: command not found
Sun Jun  8 07:54:00 CDT 2025: NextJS server is not running. Skipping scheduled reports check.
Sun Jun  8 07:55:00 CDT 2025: Running scheduled reports
Sun Jun  8 07:55:00 CDT 2025: Checking if NextJS server is running...
/Users/sim/Project2/scripts/../scripts/run-simple-scheduled-reports.sh: line 16: node: command not found
Sun Jun  8 07:55:00 CDT 2025: NextJS server is not running. Skipping scheduled reports check.
Sun Jun  8 07:56:00 CDT 2025: Checking if NextJS server is running...
Sun Jun  8 07:56:00 CDT 2025: Running scheduled reports
/Users/sim/Project2/scripts/../scripts/run-simple-scheduled-reports.sh: line 16: node: command not found
Sun Jun  8 07:56:00 CDT 2025: NextJS server is not running. Skipping scheduled reports check.
Sun Jun  8 07:57:00 CDT 2025: Running scheduled reports
Sun Jun  8 07:57:00 CDT 2025: Checking if NextJS server is running...
/Users/sim/Project2/scripts/../scripts/run-simple-scheduled-reports.sh: line 16: node: command not found
Sun Jun  8 07:57:00 CDT 2025: NextJS server is not running. Skipping scheduled reports check.
Sun Jun  8 07:58:00 CDT 2025: Running scheduled reports
Sun Jun  8 07:58:00 CDT 2025: Checking if NextJS server is running...
/Users/sim/Project2/scripts/../scripts/run-simple-scheduled-reports.sh: line 16: node: command not found
Sun Jun  8 07:58:00 CDT 2025: NextJS server is not running. Skipping scheduled reports check.
Sun Jun  8 07:59:01 CDT 2025: Checking if NextJS server is running...
Sun Jun  8 07:59:01 CDT 2025: Running scheduled reports
/Users/sim/Project2/scripts/../scripts/run-simple-scheduled-reports.sh: line 16: node: command not found
Sun Jun  8 07:59:01 CDT 2025: NextJS server is not running. Skipping scheduled reports check.
Sun Jun  8 08:00:00 CDT 2025: Checking if NextJS server is running...
Sun Jun  8 08:00:00 CDT 2025: Running scheduled reports
/Users/sim/Project2/scripts/../scripts/run-simple-scheduled-reports.sh: line 16: node: command not found
Sun Jun  8 08:00:00 CDT 2025: NextJS server is not running. Skipping scheduled reports check.
Sun Jun  8 08:01:00 CDT 2025: Checking if NextJS server is running...
Sun Jun  8 08:01:00 CDT 2025: Running scheduled reports
/Users/sim/Project2/scripts/../scripts/run-simple-scheduled-reports.sh: line 16: node: command not found
Sun Jun  8 08:01:00 CDT 2025: NextJS server is not running. Skipping scheduled reports check.
Sun Jun  8 08:02:00 CDT 2025: Running scheduled reports
Sun Jun  8 08:02:00 CDT 2025: Checking if NextJS server is running...
/Users/sim/Project2/scripts/../scripts/run-simple-scheduled-reports.sh: line 16: node: command not found
Sun Jun  8 08:02:00 CDT 2025: NextJS server is not running. Skipping scheduled reports check.
Sun Jun  8 08:03:00 CDT 2025: Checking if NextJS server is running...
Sun Jun  8 08:03:00 CDT 2025: Running scheduled reports
/Users/sim/Project2/scripts/../scripts/run-simple-scheduled-reports.sh: line 16: node: command not found
Sun Jun  8 08:03:00 CDT 2025: NextJS server is not running. Skipping scheduled reports check.
Sun Jun  8 08:04:00 CDT 2025: Running scheduled reports
Sun Jun  8 08:04:00 CDT 2025: Checking if NextJS server is running...
/Users/sim/Project2/scripts/../scripts/run-simple-scheduled-reports.sh: line 16: node: command not found
Sun Jun  8 08:04:00 CDT 2025: NextJS server is not running. Skipping scheduled reports check.
Sun Jun  8 08:05:01 CDT 2025: Running scheduled reports
Sun Jun  8 08:05:01 CDT 2025: Checking if NextJS server is running...
/Users/sim/Project2/scripts/../scripts/run-simple-scheduled-reports.sh: line 16: node: command not found
Sun Jun  8 08:05:01 CDT 2025: NextJS server is not running. Skipping scheduled reports check.
Sun Jun  8 08:06:00 CDT 2025: Running scheduled reports
Sun Jun  8 08:06:00 CDT 2025: Checking if NextJS server is running...
/Users/sim/Project2/scripts/../scripts/run-simple-scheduled-reports.sh: line 16: node: command not found
Sun Jun  8 08:06:00 CDT 2025: NextJS server is not running. Skipping scheduled reports check.
Sun Jun  8 08:07:00 CDT 2025: Running scheduled reports
Sun Jun  8 08:07:00 CDT 2025: Checking if NextJS server is running...
/Users/sim/Project2/scripts/../scripts/run-simple-scheduled-reports.sh: line 16: node: command not found
Sun Jun  8 08:07:00 CDT 2025: NextJS server is not running. Skipping scheduled reports check.
Sun Jun  8 08:08:00 CDT 2025: Checking if NextJS server is running...
Sun Jun  8 08:08:00 CDT 2025: Running scheduled reports
/Users/sim/Project2/scripts/../scripts/run-simple-scheduled-reports.sh: line 16: node: command not found
Sun Jun  8 08:08:00 CDT 2025: NextJS server is not running. Skipping scheduled reports check.
Sun Jun  8 08:09:00 CDT 2025: Running scheduled reports
Sun Jun  8 08:09:00 CDT 2025: Checking if NextJS server is running...
/Users/sim/Project2/scripts/../scripts/run-simple-scheduled-reports.sh: line 16: node: command not found
Sun Jun  8 08:09:00 CDT 2025: NextJS server is not running. Skipping scheduled reports check.
Sun Jun  8 08:10:00 CDT 2025: Running scheduled reports
Sun Jun  8 08:10:00 CDT 2025: Checking if NextJS server is running...
/Users/sim/Project2/scripts/../scripts/run-simple-scheduled-reports.sh: line 16: node: command not found
Sun Jun  8 08:10:01 CDT 2025: NextJS server is not running. Skipping scheduled reports check.
Sun Jun  8 08:11:00 CDT 2025: Running scheduled reports
Sun Jun  8 08:11:00 CDT 2025: Checking if NextJS server is running...
/Users/sim/Project2/scripts/../scripts/run-simple-scheduled-reports.sh: line 16: node: command not found
Sun Jun  8 08:11:00 CDT 2025: NextJS server is not running. Skipping scheduled reports check.
Sun Jun  8 08:12:00 CDT 2025: Checking if NextJS server is running...
Sun Jun  8 08:12:00 CDT 2025: Running scheduled reports
/Users/sim/Project2/scripts/../scripts/run-simple-scheduled-reports.sh: line 16: node: command not found
Sun Jun  8 08:12:00 CDT 2025: NextJS server is not running. Skipping scheduled reports check.
Sun Jun  8 08:13:00 CDT 2025: Running scheduled reports
Sun Jun  8 08:13:00 CDT 2025: Checking if NextJS server is running...
/Users/sim/Project2/scripts/../scripts/run-simple-scheduled-reports.sh: line 16: node: command not found
Sun Jun  8 08:13:00 CDT 2025: NextJS server is not running. Skipping scheduled reports check.
Sun Jun  8 08:14:00 CDT 2025: Running scheduled reports
Sun Jun  8 08:14:00 CDT 2025: Checking if NextJS server is running...
/Users/sim/Project2/scripts/../scripts/run-simple-scheduled-reports.sh: line 16: node: command not found
Sun Jun  8 08:14:00 CDT 2025: NextJS server is not running. Skipping scheduled reports check.
Sun Jun  8 08:15:00 CDT 2025: Checking if NextJS server is running...
Sun Jun  8 08:15:00 CDT 2025: Running scheduled reports
/Users/sim/Project2/scripts/../scripts/run-simple-scheduled-reports.sh: line 16: node: command not found
Sun Jun  8 08:15:00 CDT 2025: NextJS server is not running. Skipping scheduled reports check.
Sun Jun  8 08:16:00 CDT 2025: Checking if NextJS server is running...
Sun Jun  8 08:16:00 CDT 2025: Running scheduled reports
/Users/sim/Project2/scripts/../scripts/run-simple-scheduled-reports.sh: line 16: node: command not found
Sun Jun  8 08:16:00 CDT 2025: NextJS server is not running. Skipping scheduled reports check.
Sun Jun  8 08:17:01 CDT 2025: Checking if NextJS server is running...
Sun Jun  8 08:17:01 CDT 2025: Running scheduled reports
/Users/sim/Project2/scripts/../scripts/run-simple-scheduled-reports.sh: line 16: node: command not found
Sun Jun  8 08:17:04 CDT 2025: NextJS server is not running. Skipping scheduled reports check.
Sun Jun  8 08:18:00 CDT 2025: Running scheduled reports
Sun Jun  8 08:18:00 CDT 2025: Checking if NextJS server is running...
/Users/sim/Project2/scripts/../scripts/run-simple-scheduled-reports.sh: line 16: node: command not found
Sun Jun  8 08:18:00 CDT 2025: NextJS server is not running. Skipping scheduled reports check.
Sun Jun  8 08:19:01 CDT 2025: Running scheduled reports
Sun Jun  8 08:19:01 CDT 2025: Checking if NextJS server is running...
/Users/sim/Project2/scripts/../scripts/run-simple-scheduled-reports.sh: line 16: node: command not found
Sun Jun  8 08:19:01 CDT 2025: NextJS server is not running. Skipping scheduled reports check.
Sun Jun  8 08:20:00 CDT 2025: Running scheduled reports
Sun Jun  8 08:20:00 CDT 2025: Checking if NextJS server is running...
/Users/sim/Project2/scripts/../scripts/run-simple-scheduled-reports.sh: line 16: node: command not found
Sun Jun  8 08:20:00 CDT 2025: NextJS server is not running. Skipping scheduled reports check.
Sun Jun  8 08:21:00 CDT 2025: Running scheduled reports
Sun Jun  8 08:21:00 CDT 2025: Checking if NextJS server is running...
/Users/sim/Project2/scripts/../scripts/run-simple-scheduled-reports.sh: line 16: node: command not found
Sun Jun  8 08:21:01 CDT 2025: NextJS server is not running. Skipping scheduled reports check.
Sun Jun  8 08:22:00 CDT 2025: Running scheduled reports
Sun Jun  8 08:22:00 CDT 2025: Checking if NextJS server is running...
/Users/sim/Project2/scripts/../scripts/run-simple-scheduled-reports.sh: line 16: node: command not found
Sun Jun  8 08:22:00 CDT 2025: NextJS server is not running. Skipping scheduled reports check.
Sun Jun  8 08:23:01 CDT 2025: Running scheduled reports
Sun Jun  8 08:23:01 CDT 2025: Checking if NextJS server is running...
/Users/sim/Project2/scripts/../scripts/run-simple-scheduled-reports.sh: line 16: node: command not found
Sun Jun  8 08:23:01 CDT 2025: NextJS server is not running. Skipping scheduled reports check.
Sun Jun  8 08:24:00 CDT 2025: Checking if NextJS server is running...
Sun Jun  8 08:24:00 CDT 2025: Running scheduled reports
/Users/sim/Project2/scripts/../scripts/run-simple-scheduled-reports.sh: line 16: node: command not found
Sun Jun  8 08:24:00 CDT 2025: NextJS server is not running. Skipping scheduled reports check.
Sun Jun  8 08:25:00 CDT 2025: Running scheduled reports
Sun Jun  8 08:25:00 CDT 2025: Checking if NextJS server is running...
/Users/sim/Project2/scripts/../scripts/run-simple-scheduled-reports.sh: line 16: node: command not found
Sun Jun  8 08:25:01 CDT 2025: NextJS server is not running. Skipping scheduled reports check.
Sun Jun  8 08:26:00 CDT 2025: Checking if NextJS server is running...
Sun Jun  8 08:26:00 CDT 2025: Running scheduled reports
/Users/sim/Project2/scripts/../scripts/run-simple-scheduled-reports.sh: line 16: node: command not found
Sun Jun  8 08:26:00 CDT 2025: NextJS server is not running. Skipping scheduled reports check.
Sun Jun  8 08:27:00 CDT 2025: Running scheduled reports
Sun Jun  8 08:27:00 CDT 2025: Checking if NextJS server is running...
/Users/sim/Project2/scripts/../scripts/run-simple-scheduled-reports.sh: line 16: node: command not found
Sun Jun  8 08:27:01 CDT 2025: NextJS server is not running. Skipping scheduled reports check.
Sun Jun  8 08:28:00 CDT 2025: Checking if NextJS server is running...
Sun Jun  8 08:28:00 CDT 2025: Running scheduled reports
/Users/sim/Project2/scripts/../scripts/run-simple-scheduled-reports.sh: line 16: node: command not found
Sun Jun  8 08:28:00 CDT 2025: NextJS server is not running. Skipping scheduled reports check.
Sun Jun  8 08:29:00 CDT 2025: Running scheduled reports
Sun Jun  8 08:29:00 CDT 2025: Checking if NextJS server is running...
/Users/sim/Project2/scripts/../scripts/run-simple-scheduled-reports.sh: line 16: node: command not found
Sun Jun  8 08:29:00 CDT 2025: NextJS server is not running. Skipping scheduled reports check.
Sun Jun  8 08:30:00 CDT 2025: Checking if NextJS server is running...
Sun Jun  8 08:30:00 CDT 2025: Running scheduled reports
/Users/sim/Project2/scripts/../scripts/run-simple-scheduled-reports.sh: line 16: node: command not found
Sun Jun  8 08:30:00 CDT 2025: NextJS server is not running. Skipping scheduled reports check.
Sun Jun  8 08:32:04 CDT 2025: Checking if NextJS server is running...
Sun Jun  8 08:32:04 CDT 2025: Running scheduled reports
/Users/sim/Project2/scripts/../scripts/run-simple-scheduled-reports.sh: line 16: node: command not found
Sun Jun  8 08:32:05 CDT 2025: NextJS server is not running. Skipping scheduled reports check.
Sun Jun  8 08:33:00 CDT 2025: Running scheduled reports
Sun Jun  8 08:33:00 CDT 2025: Checking if NextJS server is running...
/Users/sim/Project2/scripts/../scripts/run-simple-scheduled-reports.sh: line 16: node: command not found
Sun Jun  8 08:33:00 CDT 2025: NextJS server is not running. Skipping scheduled reports check.
Sun Jun  8 08:34:00 CDT 2025: Checking if NextJS server is running...
Sun Jun  8 08:34:00 CDT 2025: Running scheduled reports
/Users/sim/Project2/scripts/../scripts/run-simple-scheduled-reports.sh: line 16: node: command not found
Sun Jun  8 08:34:02 CDT 2025: NextJS server is not running. Skipping scheduled reports check.
Sun Jun  8 08:35:00 CDT 2025: Checking if NextJS server is running...
Sun Jun  8 08:35:00 CDT 2025: Running scheduled reports
/Users/sim/Project2/scripts/../scripts/run-simple-scheduled-reports.sh: line 16: node: command not found
Sun Jun  8 08:35:00 CDT 2025: NextJS server is not running. Skipping scheduled reports check.
Sun Jun  8 08:36:00 CDT 2025: Running scheduled reports
Sun Jun  8 08:36:00 CDT 2025: Checking if NextJS server is running...
/Users/sim/Project2/scripts/../scripts/run-simple-scheduled-reports.sh: line 16: node: command not found
Sun Jun  8 08:36:01 CDT 2025: NextJS server is not running. Skipping scheduled reports check.
Sun Jun  8 08:37:00 CDT 2025: Checking if NextJS server is running...
Sun Jun  8 08:37:00 CDT 2025: Running scheduled reports
/Users/sim/Project2/scripts/../scripts/run-simple-scheduled-reports.sh: line 16: node: command not found
Sun Jun  8 08:37:00 CDT 2025: NextJS server is not running. Skipping scheduled reports check.
Sun Jun  8 08:38:00 CDT 2025: Checking if NextJS server is running...
Sun Jun  8 08:38:00 CDT 2025: Running scheduled reports
/Users/sim/Project2/scripts/../scripts/run-simple-scheduled-reports.sh: line 16: node: command not found
Sun Jun  8 08:38:00 CDT 2025: NextJS server is not running. Skipping scheduled reports check.
Sun Jun  8 08:39:00 CDT 2025: Running scheduled reports
Sun Jun  8 08:39:00 CDT 2025: Checking if NextJS server is running...
/Users/sim/Project2/scripts/../scripts/run-simple-scheduled-reports.sh: line 16: node: command not found
Sun Jun  8 08:39:00 CDT 2025: NextJS server is not running. Skipping scheduled reports check.
Sun Jun  8 08:40:00 CDT 2025: Checking if NextJS server is running...
Sun Jun  8 08:40:00 CDT 2025: Running scheduled reports
/Users/sim/Project2/scripts/../scripts/run-simple-scheduled-reports.sh: line 16: node: command not found
Sun Jun  8 08:40:00 CDT 2025: NextJS server is not running. Skipping scheduled reports check.
Sun Jun  8 08:41:00 CDT 2025: Checking if NextJS server is running...
Sun Jun  8 08:41:00 CDT 2025: Running scheduled reports
/Users/sim/Project2/scripts/../scripts/run-simple-scheduled-reports.sh: line 16: node: command not found
Sun Jun  8 08:41:00 CDT 2025: NextJS server is not running. Skipping scheduled reports check.
Sun Jun  8 08:42:00 CDT 2025: Running scheduled reports
Sun Jun  8 08:42:00 CDT 2025: Checking if NextJS server is running...
/Users/sim/Project2/scripts/../scripts/run-simple-scheduled-reports.sh: line 16: node: command not found
Sun Jun  8 08:42:00 CDT 2025: NextJS server is not running. Skipping scheduled reports check.
Sun Jun  8 08:43:00 CDT 2025: Running scheduled reports
Sun Jun  8 08:43:00 CDT 2025: Checking if NextJS server is running...
/Users/sim/Project2/scripts/../scripts/run-simple-scheduled-reports.sh: line 16: node: command not found
Sun Jun  8 08:43:01 CDT 2025: NextJS server is not running. Skipping scheduled reports check.
Sun Jun  8 08:44:00 CDT 2025: Running scheduled reports
Sun Jun  8 08:44:00 CDT 2025: Checking if NextJS server is running...
/Users/sim/Project2/scripts/../scripts/run-simple-scheduled-reports.sh: line 16: node: command not found
Sun Jun  8 08:44:00 CDT 2025: NextJS server is not running. Skipping scheduled reports check.
Sun Jun  8 08:45:00 CDT 2025: Running scheduled reports
Sun Jun  8 08:45:00 CDT 2025: Checking if NextJS server is running...
/Users/sim/Project2/scripts/../scripts/run-simple-scheduled-reports.sh: line 16: node: command not found
Sun Jun  8 08:45:00 CDT 2025: NextJS server is not running. Skipping scheduled reports check.
Sun Jun  8 08:46:00 CDT 2025: Checking if NextJS server is running...
Sun Jun  8 08:46:00 CDT 2025: Running scheduled reports
/Users/sim/Project2/scripts/../scripts/run-simple-scheduled-reports.sh: line 16: node: command not found
Sun Jun  8 08:46:00 CDT 2025: NextJS server is not running. Skipping scheduled reports check.
Sun Jun  8 08:47:00 CDT 2025: Running scheduled reports
Sun Jun  8 08:47:00 CDT 2025: Checking if NextJS server is running...
/Users/sim/Project2/scripts/../scripts/run-simple-scheduled-reports.sh: line 16: node: command not found
Sun Jun  8 08:47:00 CDT 2025: NextJS server is not running. Skipping scheduled reports check.
Sun Jun  8 08:48:00 CDT 2025: Checking if NextJS server is running...
Sun Jun  8 08:48:00 CDT 2025: Running scheduled reports
/Users/sim/Project2/scripts/../scripts/run-simple-scheduled-reports.sh: line 16: node: command not found
Sun Jun  8 08:48:00 CDT 2025: NextJS server is not running. Skipping scheduled reports check.
Sun Jun  8 08:49:00 CDT 2025: Running scheduled reports
Sun Jun  8 08:49:00 CDT 2025: Checking if NextJS server is running...
/Users/sim/Project2/scripts/../scripts/run-simple-scheduled-reports.sh: line 16: node: command not found
Sun Jun  8 08:49:01 CDT 2025: NextJS server is not running. Skipping scheduled reports check.
Sun Jun  8 08:50:00 CDT 2025: Checking if NextJS server is running...
Sun Jun  8 08:50:00 CDT 2025: Running scheduled reports
/Users/sim/Project2/scripts/../scripts/run-simple-scheduled-reports.sh: line 16: node: command not found
Sun Jun  8 08:50:01 CDT 2025: NextJS server is not running. Skipping scheduled reports check.
Sun Jun  8 08:51:00 CDT 2025: Checking if NextJS server is running...
Sun Jun  8 08:51:00 CDT 2025: Running scheduled reports
/Users/sim/Project2/scripts/../scripts/run-simple-scheduled-reports.sh: line 16: node: command not found
Sun Jun  8 08:51:00 CDT 2025: NextJS server is not running. Skipping scheduled reports check.
Sun Jun  8 08:52:01 CDT 2025: Checking if NextJS server is running...
Sun Jun  8 08:52:01 CDT 2025: Running scheduled reports
/Users/sim/Project2/scripts/../scripts/run-simple-scheduled-reports.sh: line 16: node: command not found
Sun Jun  8 08:52:01 CDT 2025: NextJS server is not running. Skipping scheduled reports check.
Sun Jun  8 08:53:00 CDT 2025: Running scheduled reports
Sun Jun  8 08:53:00 CDT 2025: Checking if NextJS server is running...
/Users/sim/Project2/scripts/../scripts/run-simple-scheduled-reports.sh: line 16: node: command not found
Sun Jun  8 08:53:00 CDT 2025: NextJS server is not running. Skipping scheduled reports check.
Sun Jun  8 08:54:00 CDT 2025: Running scheduled reports
Sun Jun  8 08:54:00 CDT 2025: Checking if NextJS server is running...
/Users/sim/Project2/scripts/../scripts/run-simple-scheduled-reports.sh: line 16: node: command not found
Sun Jun  8 08:54:01 CDT 2025: NextJS server is not running. Skipping scheduled reports check.
Sun Jun  8 08:55:01 CDT 2025: Running scheduled reports
Sun Jun  8 08:55:01 CDT 2025: Checking if NextJS server is running...
/Users/sim/Project2/scripts/../scripts/run-simple-scheduled-reports.sh: line 16: node: command not found
Sun Jun  8 08:55:02 CDT 2025: NextJS server is not running. Skipping scheduled reports check.
Sun Jun  8 08:56:02 CDT 2025: Running scheduled reports
Sun Jun  8 08:56:02 CDT 2025: Checking if NextJS server is running...
/Users/sim/Project2/scripts/../scripts/run-simple-scheduled-reports.sh: line 16: node: command not found
Sun Jun  8 08:56:02 CDT 2025: NextJS server is not running. Skipping scheduled reports check.
Sun Jun  8 08:57:04 CDT 2025: Running scheduled reports
Sun Jun  8 08:57:04 CDT 2025: Checking if NextJS server is running...
/Users/sim/Project2/scripts/../scripts/run-simple-scheduled-reports.sh: line 16: node: command not found
Sun Jun  8 08:57:04 CDT 2025: NextJS server is not running. Skipping scheduled reports check.
Sun Jun  8 08:58:04 CDT 2025: Checking if NextJS server is running...
Sun Jun  8 08:58:04 CDT 2025: Running scheduled reports
/Users/sim/Project2/scripts/../scripts/run-simple-scheduled-reports.sh: line 16: node: command not found
Sun Jun  8 08:58:05 CDT 2025: NextJS server is not running. Skipping scheduled reports check.
Sun Jun  8 08:59:03 CDT 2025: Running scheduled reports
Sun Jun  8 08:59:03 CDT 2025: Checking if NextJS server is running...
/Users/sim/Project2/scripts/../scripts/run-simple-scheduled-reports.sh: line 16: node: command not found
Sun Jun  8 08:59:04 CDT 2025: NextJS server is not running. Skipping scheduled reports check.
Sun Jun  8 09:00:02 CDT 2025: Running scheduled reports
Sun Jun  8 09:00:02 CDT 2025: Checking if NextJS server is running...
/Users/sim/Project2/scripts/../scripts/run-simple-scheduled-reports.sh: line 16: node: command not found
Sun Jun  8 09:00:03 CDT 2025: NextJS server is not running. Skipping scheduled reports check.
Sun Jun  8 09:01:05 CDT 2025: Running scheduled reports
Sun Jun  8 09:01:05 CDT 2025: Checking if NextJS server is running...
/Users/sim/Project2/scripts/../scripts/run-simple-scheduled-reports.sh: line 16: node: command not found
Sun Jun  8 09:01:05 CDT 2025: NextJS server is not running. Skipping scheduled reports check.
Sun Jun  8 09:02:04 CDT 2025: Running scheduled reports
Sun Jun  8 09:02:04 CDT 2025: Checking if NextJS server is running...
/Users/sim/Project2/scripts/../scripts/run-simple-scheduled-reports.sh: line 16: node: command not found
Sun Jun  8 09:02:04 CDT 2025: NextJS server is not running. Skipping scheduled reports check.
Sun Jun  8 09:03:02 CDT 2025: Checking if NextJS server is running...
Sun Jun  8 09:03:02 CDT 2025: Running scheduled reports
/Users/sim/Project2/scripts/../scripts/run-simple-scheduled-reports.sh: line 16: node: command not found
Sun Jun  8 09:03:02 CDT 2025: NextJS server is not running. Skipping scheduled reports check.
Sun Jun  8 09:04:00 CDT 2025: Running scheduled reports
Sun Jun  8 09:04:00 CDT 2025: Checking if NextJS server is running...
/Users/sim/Project2/scripts/../scripts/run-simple-scheduled-reports.sh: line 16: node: command not found
Sun Jun  8 09:04:00 CDT 2025: NextJS server is not running. Skipping scheduled reports check.
Sun Jun  8 09:05:00 CDT 2025: Running scheduled reports
Sun Jun  8 09:05:00 CDT 2025: Checking if NextJS server is running...
/Users/sim/Project2/scripts/../scripts/run-simple-scheduled-reports.sh: line 16: node: command not found
Sun Jun  8 09:05:01 CDT 2025: NextJS server is not running. Skipping scheduled reports check.
Sun Jun  8 09:06:00 CDT 2025: Running scheduled reports
Sun Jun  8 09:06:00 CDT 2025: Checking if NextJS server is running...
/Users/sim/Project2/scripts/../scripts/run-simple-scheduled-reports.sh: line 16: node: command not found
Sun Jun  8 09:06:00 CDT 2025: NextJS server is not running. Skipping scheduled reports check.
Sun Jun  8 09:07:00 CDT 2025: Checking if NextJS server is running...
Sun Jun  8 09:07:00 CDT 2025: Running scheduled reports
/Users/sim/Project2/scripts/../scripts/run-simple-scheduled-reports.sh: line 16: node: command not found
Sun Jun  8 09:07:00 CDT 2025: NextJS server is not running. Skipping scheduled reports check.
Sun Jun  8 09:08:00 CDT 2025: Running scheduled reports
Sun Jun  8 09:08:00 CDT 2025: Checking if NextJS server is running...
/Users/sim/Project2/scripts/../scripts/run-simple-scheduled-reports.sh: line 16: node: command not found
Sun Jun  8 09:08:00 CDT 2025: NextJS server is not running. Skipping scheduled reports check.
Sun Jun  8 09:09:00 CDT 2025: Checking if NextJS server is running...
Sun Jun  8 09:09:00 CDT 2025: Running scheduled reports
/Users/sim/Project2/scripts/../scripts/run-simple-scheduled-reports.sh: line 16: node: command not found
Sun Jun  8 09:09:00 CDT 2025: NextJS server is not running. Skipping scheduled reports check.
Sun Jun  8 09:10:00 CDT 2025: Checking if NextJS server is running...
Sun Jun  8 09:10:00 CDT 2025: Running scheduled reports
/Users/sim/Project2/scripts/../scripts/run-simple-scheduled-reports.sh: line 16: node: command not found
Sun Jun  8 09:10:00 CDT 2025: NextJS server is not running. Skipping scheduled reports check.
Sun Jun  8 09:11:01 CDT 2025: Checking if NextJS server is running...
Sun Jun  8 09:11:01 CDT 2025: Running scheduled reports
/Users/sim/Project2/scripts/../scripts/run-simple-scheduled-reports.sh: line 16: node: command not found
Sun Jun  8 09:11:01 CDT 2025: NextJS server is not running. Skipping scheduled reports check.
Sun Jun  8 09:12:00 CDT 2025: Checking if NextJS server is running...
Sun Jun  8 09:12:00 CDT 2025: Running scheduled reports
/Users/sim/Project2/scripts/../scripts/run-simple-scheduled-reports.sh: line 16: node: command not found
Sun Jun  8 09:12:00 CDT 2025: NextJS server is not running. Skipping scheduled reports check.
Sun Jun  8 09:13:00 CDT 2025: Checking if NextJS server is running...
Sun Jun  8 09:13:00 CDT 2025: Running scheduled reports
/Users/sim/Project2/scripts/../scripts/run-simple-scheduled-reports.sh: line 16: node: command not found
Sun Jun  8 09:13:00 CDT 2025: NextJS server is not running. Skipping scheduled reports check.
Sun Jun  8 09:14:00 CDT 2025: Running scheduled reports
Sun Jun  8 09:14:00 CDT 2025: Checking if NextJS server is running...
/Users/sim/Project2/scripts/../scripts/run-simple-scheduled-reports.sh: line 16: node: command not found
Sun Jun  8 09:14:00 CDT 2025: NextJS server is not running. Skipping scheduled reports check.
Sun Jun  8 09:15:00 CDT 2025: Running scheduled reports
Sun Jun  8 09:15:00 CDT 2025: Checking if NextJS server is running...
/Users/sim/Project2/scripts/../scripts/run-simple-scheduled-reports.sh: line 16: node: command not found
Sun Jun  8 09:15:00 CDT 2025: NextJS server is not running. Skipping scheduled reports check.
Sun Jun  8 09:16:00 CDT 2025: Checking if NextJS server is running...
Sun Jun  8 09:16:00 CDT 2025: Running scheduled reports
/Users/sim/Project2/scripts/../scripts/run-simple-scheduled-reports.sh: line 16: node: command not found
Sun Jun  8 09:16:00 CDT 2025: NextJS server is not running. Skipping scheduled reports check.
Sun Jun  8 09:17:00 CDT 2025: Running scheduled reports
Sun Jun  8 09:17:00 CDT 2025: Checking if NextJS server is running...
/Users/sim/Project2/scripts/../scripts/run-simple-scheduled-reports.sh: line 16: node: command not found
Sun Jun  8 09:17:00 CDT 2025: NextJS server is not running. Skipping scheduled reports check.
Sun Jun  8 09:18:01 CDT 2025: Checking if NextJS server is running...
Sun Jun  8 09:18:01 CDT 2025: Running scheduled reports
/Users/sim/Project2/scripts/../scripts/run-simple-scheduled-reports.sh: line 16: node: command not found
Sun Jun  8 09:18:01 CDT 2025: NextJS server is not running. Skipping scheduled reports check.
Sun Jun  8 09:19:00 CDT 2025: Running scheduled reports
Sun Jun  8 09:19:00 CDT 2025: Checking if NextJS server is running...
/Users/sim/Project2/scripts/../scripts/run-simple-scheduled-reports.sh: line 16: node: command not found
Sun Jun  8 09:19:00 CDT 2025: NextJS server is not running. Skipping scheduled reports check.
Sun Jun  8 09:20:00 CDT 2025: Running scheduled reports
Sun Jun  8 09:20:00 CDT 2025: Checking if NextJS server is running...
/Users/sim/Project2/scripts/../scripts/run-simple-scheduled-reports.sh: line 16: node: command not found
Sun Jun  8 09:20:00 CDT 2025: NextJS server is not running. Skipping scheduled reports check.
Sun Jun  8 09:21:00 CDT 2025: Running scheduled reports
Sun Jun  8 09:21:00 CDT 2025: Checking if NextJS server is running...
/Users/sim/Project2/scripts/../scripts/run-simple-scheduled-reports.sh: line 16: node: command not found
Sun Jun  8 09:21:00 CDT 2025: NextJS server is not running. Skipping scheduled reports check.
Sun Jun  8 09:22:00 CDT 2025: Running scheduled reports
Sun Jun  8 09:22:00 CDT 2025: Checking if NextJS server is running...
/Users/sim/Project2/scripts/../scripts/run-simple-scheduled-reports.sh: line 16: node: command not found
Sun Jun  8 09:22:00 CDT 2025: NextJS server is not running. Skipping scheduled reports check.
Sun Jun  8 09:23:00 CDT 2025: Checking if NextJS server is running...
Sun Jun  8 09:23:00 CDT 2025: Running scheduled reports
/Users/sim/Project2/scripts/../scripts/run-simple-scheduled-reports.sh: line 16: node: command not found
Sun Jun  8 09:23:00 CDT 2025: NextJS server is not running. Skipping scheduled reports check.
Sun Jun  8 09:24:00 CDT 2025: Checking if NextJS server is running...
Sun Jun  8 09:24:00 CDT 2025: Running scheduled reports
/Users/sim/Project2/scripts/../scripts/run-simple-scheduled-reports.sh: line 16: node: command not found
Sun Jun  8 09:24:00 CDT 2025: NextJS server is not running. Skipping scheduled reports check.
Sun Jun  8 09:25:00 CDT 2025: Running scheduled reports
Sun Jun  8 09:25:00 CDT 2025: Checking if NextJS server is running...
/Users/sim/Project2/scripts/../scripts/run-simple-scheduled-reports.sh: line 16: node: command not found
Sun Jun  8 09:25:00 CDT 2025: NextJS server is not running. Skipping scheduled reports check.
Sun Jun  8 09:26:01 CDT 2025: Running scheduled reports
Sun Jun  8 09:26:01 CDT 2025: Checking if NextJS server is running...
/Users/sim/Project2/scripts/../scripts/run-simple-scheduled-reports.sh: line 16: node: command not found
Sun Jun  8 09:26:01 CDT 2025: NextJS server is not running. Skipping scheduled reports check.
Sun Jun  8 09:27:00 CDT 2025: Running scheduled reports
Sun Jun  8 09:27:00 CDT 2025: Checking if NextJS server is running...
/Users/sim/Project2/scripts/../scripts/run-simple-scheduled-reports.sh: line 16: node: command not found
Sun Jun  8 09:27:00 CDT 2025: NextJS server is not running. Skipping scheduled reports check.
Sun Jun  8 09:28:00 CDT 2025: Running scheduled reports
Sun Jun  8 09:28:00 CDT 2025: Checking if NextJS server is running...
/Users/sim/Project2/scripts/../scripts/run-simple-scheduled-reports.sh: line 16: node: command not found
Sun Jun  8 09:28:00 CDT 2025: NextJS server is not running. Skipping scheduled reports check.
Sun Jun  8 09:29:00 CDT 2025: Running scheduled reports
Sun Jun  8 09:29:00 CDT 2025: Checking if NextJS server is running...
/Users/sim/Project2/scripts/../scripts/run-simple-scheduled-reports.sh: line 16: node: command not found
Sun Jun  8 09:29:00 CDT 2025: NextJS server is not running. Skipping scheduled reports check.
Sun Jun  8 14:33:00 CDT 2025: Checking if NextJS server is running...
Sun Jun  8 14:33:00 CDT 2025: Running scheduled reports
/Users/sim/Project2/scripts/../scripts/run-simple-scheduled-reports.sh: line 16: node: command not found
Sun Jun  8 14:33:00 CDT 2025: NextJS server is not running. Skipping scheduled reports check.
Sun Jun  8 23:42:00 CDT 2025: Checking if NextJS server is running...
Sun Jun  8 23:42:00 CDT 2025: Running scheduled reports
/Users/sim/Project2/scripts/../scripts/run-simple-scheduled-reports.sh: line 16: node: command not found
Sun Jun  8 23:42:00 CDT 2025: NextJS server is not running. Skipping scheduled reports check.
