[2025-06-25T00:07:23.881Z] [INFO] Checking for scheduled reports...
[2025-06-25T00:07:23.888Z] [ERROR] Error in checkScheduledReports: connection 1 to 89.192.236.29:27017 timed out
[2025-06-25T00:07:23.888Z] [ERROR] Stack trace: MongoNetworkTimeoutError: connection 1 to 89.192.236.29:27017 timed out
    at Timeout._onTimeout (/Users/sim/Project2/node_modules/mongodb/lib/cmap/connection.js:119:26)
    at listOnTimeout (node:internal/timers:608:17)
    at process.processTimers (node:internal/timers:543:7)
[2025-06-25T00:36:58.758Z] [INFO] Checking for scheduled reports...
[2025-06-25T00:37:01.369Z] [DEBUG] Connected to MongoDB
[2025-06-25T00:37:01.578Z] [INFO] Found 1 company databases
[2025-06-25T00:37:01.579Z] [DEBUG] Processing company database: company_9jxwph8g
[2025-06-25T00:37:03.548Z] [DEBUG] Finding reports to execute in company_9jxwph8g (current time: 2025-06-25T00:37:03.548Z)
[2025-06-25T00:37:03.616Z] [INFO] Found 0 reports to execute in company_9jxwph8g
[2025-06-25T00:37:03.617Z] [INFO] Scheduled reports check completed
[2025-06-25T00:37:03.619Z] [DEBUG] MongoDB connection closed
[2025-06-25T00:37:03.787Z] [DEBUG] Connected to MongoDB
[2025-06-25T00:37:04.013Z] [INFO] Found 1 company databases
[2025-06-25T00:37:04.013Z] [DEBUG] Processing company database: company_9jxwph8g
[2025-06-25T00:37:05.199Z] [DEBUG] Finding reports to execute in company_9jxwph8g (current time: 2025-06-25T00:37:05.199Z)
[2025-06-25T00:37:05.783Z] [INFO] Found 0 reports to execute in company_9jxwph8g
[2025-06-25T00:37:05.784Z] [INFO] Scheduled reports check completed
[2025-06-25T00:37:05.786Z] [DEBUG] MongoDB connection closed
[2025-06-25T01:09:05.745Z] [INFO] Checking for scheduled reports...
[2025-06-25T01:09:47.617Z] [INFO] Checking for scheduled reports...
[2025-06-25T01:10:20.714Z] [INFO] Checking for scheduled reports...
[2025-06-25T01:37:58.454Z] [INFO] Checking for scheduled reports...
[2025-06-25T01:37:58.456Z] [ERROR] Error in checkScheduledReports: Socket 'secureConnect' timed out after 1657528ms (connectTimeoutMS: 30000)
[2025-06-25T01:37:58.457Z] [ERROR] Stack trace: MongoServerSelectionError: Socket 'secureConnect' timed out after 1657528ms (connectTimeoutMS: 30000)
    at Topology.selectServer (/Users/sim/Project2/node_modules/mongodb/lib/sdam/topology.js:321:38)
    at runNextTicks (node:internal/process/task_queues:65:5)
    at listOnTimeout (node:internal/timers:569:9)
    at process.processTimers (node:internal/timers:543:7)
    at async Topology._connect (/Users/sim/Project2/node_modules/mongodb/lib/sdam/topology.js:200:28)
    at async Topology.connect (/Users/sim/Project2/node_modules/mongodb/lib/sdam/topology.js:152:13)
    at async topologyConnect (/Users/sim/Project2/node_modules/mongodb/lib/mongo_client.js:233:17)
    at async MongoClient._connect (/Users/sim/Project2/node_modules/mongodb/lib/mongo_client.js:246:13)
    at async MongoClient.connect (/Users/sim/Project2/node_modules/mongodb/lib/mongo_client.js:171:13)
    at async MongoClient.connect (/Users/sim/Project2/node_modules/mongodb/lib/mongo_client.js:360:16)
[2025-06-25T01:38:36.051Z] [INFO] Checking for scheduled reports...
[2025-06-25T01:38:36.055Z] [ERROR] Error in checkScheduledReports: Socket 'secureConnect' timed out after 33218ms (connectTimeoutMS: 30000)
[2025-06-25T01:38:36.056Z] [ERROR] Stack trace: MongoNetworkTimeoutError: Socket 'secureConnect' timed out after 33218ms (connectTimeoutMS: 30000)
    at TLSSocket.<anonymous> (/Users/sim/Project2/node_modules/mongodb/lib/cmap/connect.js:287:20)
    at Object.onceWrapper (node:events:621:28)
    at TLSSocket.emit (node:events:507:28)
    at Socket._onTimeout (node:net:609:8)
    at listOnTimeout (node:internal/timers:608:17)
    at process.processTimers (node:internal/timers:543:7)
[2025-06-25T01:38:36.062Z] [ERROR] Error in checkScheduledReports: connection 1 to 89.192.236.29:27017 timed out
[2025-06-25T01:38:36.063Z] [ERROR] Stack trace: MongoNetworkTimeoutError: connection 1 to 89.192.236.29:27017 timed out
    at Timeout._onTimeout (/Users/sim/Project2/node_modules/mongodb/lib/cmap/connection.js:119:26)
    at listOnTimeout (node:internal/timers:608:17)
    at process.processTimers (node:internal/timers:543:7)
[2025-06-25T01:39:09.002Z] [INFO] Checking for scheduled reports...
[2025-06-25T01:39:12.142Z] [ERROR] Error in checkScheduledReports: Socket 'secureConnect' timed out after 30826ms (connectTimeoutMS: 30000)
[2025-06-25T01:39:12.143Z] [ERROR] Stack trace: MongoNetworkTimeoutError: Socket 'secureConnect' timed out after 30826ms (connectTimeoutMS: 30000)
    at TLSSocket.<anonymous> (/Users/sim/Project2/node_modules/mongodb/lib/cmap/connect.js:287:20)
    at Object.onceWrapper (node:events:621:28)
    at TLSSocket.emit (node:events:507:28)
    at Socket._onTimeout (node:net:609:8)
    at listOnTimeout (node:internal/timers:608:17)
    at process.processTimers (node:internal/timers:543:7)
[2025-06-25T01:39:20.490Z] [DEBUG] Connected to MongoDB
[2025-06-25T02:24:38.088Z] [INFO] Checking for scheduled reports...
[2025-06-25T02:24:38.094Z] [ERROR] Error in checkScheduledReports: Socket 'secureConnect' timed out after 2720162ms (connectTimeoutMS: 30000)
[2025-06-25T02:24:38.094Z] [ERROR] Stack trace: MongoNetworkTimeoutError: Socket 'secureConnect' timed out after 2720162ms (connectTimeoutMS: 30000)
    at TLSSocket.<anonymous> (/Users/sim/Project2/node_modules/mongodb/lib/cmap/connect.js:287:20)
    at Object.onceWrapper (node:events:621:28)
    at TLSSocket.emit (node:events:507:28)
    at Socket._onTimeout (node:net:609:8)
    at listOnTimeout (node:internal/timers:608:17)
    at process.processTimers (node:internal/timers:543:7)
[2025-06-25T02:24:39.527Z] [DEBUG] Connected to MongoDB
[2025-06-25T02:24:39.658Z] [INFO] Found 1 company databases
[2025-06-25T02:24:39.658Z] [DEBUG] Processing company database: company_9jxwph8g
[2025-06-25T02:24:39.663Z] [INFO] Found 1 company databases
[2025-06-25T02:24:39.663Z] [DEBUG] Processing company database: company_9jxwph8g
[2025-06-25T02:24:39.756Z] [DEBUG] Finding reports to execute in company_9jxwph8g (current time: 2025-06-25T02:24:39.756Z)
[2025-06-25T02:24:39.758Z] [DEBUG] Finding reports to execute in company_9jxwph8g (current time: 2025-06-25T02:24:39.758Z)
[2025-06-25T02:24:39.858Z] [INFO] Found 0 reports to execute in company_9jxwph8g
[2025-06-25T02:24:39.858Z] [INFO] Scheduled reports check completed
[2025-06-25T02:24:39.860Z] [DEBUG] MongoDB connection closed
[2025-06-25T02:24:39.861Z] [INFO] Found 0 reports to execute in company_9jxwph8g
[2025-06-25T02:24:39.862Z] [INFO] Scheduled reports check completed
[2025-06-25T02:24:39.864Z] [DEBUG] MongoDB connection closed
[2025-06-25T02:25:08.077Z] [INFO] Checking for scheduled reports...
[2025-06-25T02:25:08.754Z] [DEBUG] Connected to MongoDB
[2025-06-25T02:25:08.825Z] [INFO] Found 1 company databases
[2025-06-25T02:25:08.826Z] [DEBUG] Processing company database: company_9jxwph8g
[2025-06-25T02:25:08.898Z] [DEBUG] Finding reports to execute in company_9jxwph8g (current time: 2025-06-25T02:25:08.898Z)
[2025-06-25T02:25:09.025Z] [INFO] Found 0 reports to execute in company_9jxwph8g
[2025-06-25T02:25:09.025Z] [INFO] Scheduled reports check completed
[2025-06-25T02:25:09.027Z] [DEBUG] MongoDB connection closed
[2025-06-25T02:25:38.075Z] [INFO] Checking for scheduled reports...
[2025-06-25T02:25:38.788Z] [DEBUG] Connected to MongoDB
[2025-06-25T02:25:38.857Z] [INFO] Found 1 company databases
[2025-06-25T02:25:38.858Z] [DEBUG] Processing company database: company_9jxwph8g
[2025-06-25T02:25:38.924Z] [DEBUG] Finding reports to execute in company_9jxwph8g (current time: 2025-06-25T02:25:38.924Z)
[2025-06-25T02:25:39.010Z] [INFO] Found 0 reports to execute in company_9jxwph8g
[2025-06-25T02:25:39.011Z] [INFO] Scheduled reports check completed
[2025-06-25T02:25:39.012Z] [DEBUG] MongoDB connection closed
[2025-06-25T02:26:08.077Z] [INFO] Checking for scheduled reports...
[2025-06-25T02:26:08.926Z] [DEBUG] Connected to MongoDB
[2025-06-25T02:26:08.998Z] [INFO] Found 1 company databases
[2025-06-25T02:26:08.998Z] [DEBUG] Processing company database: company_9jxwph8g
[2025-06-25T02:26:09.071Z] [DEBUG] Finding reports to execute in company_9jxwph8g (current time: 2025-06-25T02:26:09.071Z)
[2025-06-25T02:26:09.160Z] [INFO] Found 0 reports to execute in company_9jxwph8g
[2025-06-25T02:26:09.161Z] [INFO] Scheduled reports check completed
[2025-06-25T02:26:09.163Z] [DEBUG] MongoDB connection closed
[2025-06-25T02:26:38.078Z] [INFO] Checking for scheduled reports...
[2025-06-25T02:26:38.720Z] [DEBUG] Connected to MongoDB
[2025-06-25T02:26:38.799Z] [INFO] Found 1 company databases
[2025-06-25T02:26:38.800Z] [DEBUG] Processing company database: company_9jxwph8g
[2025-06-25T02:26:38.861Z] [DEBUG] Finding reports to execute in company_9jxwph8g (current time: 2025-06-25T02:26:38.861Z)
[2025-06-25T02:26:38.932Z] [INFO] Found 0 reports to execute in company_9jxwph8g
[2025-06-25T02:26:38.932Z] [INFO] Scheduled reports check completed
[2025-06-25T02:26:38.933Z] [DEBUG] MongoDB connection closed
[2025-06-25T02:27:08.080Z] [INFO] Checking for scheduled reports...
[2025-06-25T02:27:09.423Z] [DEBUG] Connected to MongoDB
[2025-06-25T02:27:09.492Z] [INFO] Found 1 company databases
[2025-06-25T02:27:09.492Z] [DEBUG] Processing company database: company_9jxwph8g
[2025-06-25T02:27:09.587Z] [DEBUG] Finding reports to execute in company_9jxwph8g (current time: 2025-06-25T02:27:09.587Z)
[2025-06-25T02:27:09.657Z] [INFO] Found 0 reports to execute in company_9jxwph8g
[2025-06-25T02:27:09.658Z] [INFO] Scheduled reports check completed
[2025-06-25T02:27:09.660Z] [DEBUG] MongoDB connection closed
[2025-06-25T02:27:38.082Z] [INFO] Checking for scheduled reports...
[2025-06-25T02:27:38.770Z] [DEBUG] Connected to MongoDB
[2025-06-25T02:27:38.840Z] [INFO] Found 1 company databases
[2025-06-25T02:27:38.840Z] [DEBUG] Processing company database: company_9jxwph8g
[2025-06-25T02:27:38.919Z] [DEBUG] Finding reports to execute in company_9jxwph8g (current time: 2025-06-25T02:27:38.919Z)
[2025-06-25T02:27:38.997Z] [INFO] Found 0 reports to execute in company_9jxwph8g
[2025-06-25T02:27:38.997Z] [INFO] Scheduled reports check completed
[2025-06-25T02:27:38.999Z] [DEBUG] MongoDB connection closed
[2025-06-25T02:28:08.084Z] [INFO] Checking for scheduled reports...
[2025-06-25T02:28:08.769Z] [DEBUG] Connected to MongoDB
[2025-06-25T02:28:08.845Z] [INFO] Found 1 company databases
[2025-06-25T02:28:08.846Z] [DEBUG] Processing company database: company_9jxwph8g
[2025-06-25T02:28:08.918Z] [DEBUG] Finding reports to execute in company_9jxwph8g (current time: 2025-06-25T02:28:08.918Z)
[2025-06-25T02:28:08.976Z] [INFO] Found 0 reports to execute in company_9jxwph8g
[2025-06-25T02:28:08.977Z] [INFO] Scheduled reports check completed
[2025-06-25T02:28:08.979Z] [DEBUG] MongoDB connection closed
[2025-06-25T02:28:38.085Z] [INFO] Checking for scheduled reports...
[2025-06-25T02:28:38.857Z] [DEBUG] Connected to MongoDB
[2025-06-25T02:28:38.928Z] [INFO] Found 1 company databases
[2025-06-25T02:28:38.929Z] [DEBUG] Processing company database: company_9jxwph8g
[2025-06-25T02:28:39.043Z] [DEBUG] Finding reports to execute in company_9jxwph8g (current time: 2025-06-25T02:28:39.043Z)
[2025-06-25T02:28:39.105Z] [INFO] Found 0 reports to execute in company_9jxwph8g
[2025-06-25T02:28:39.106Z] [INFO] Scheduled reports check completed
[2025-06-25T02:28:39.108Z] [DEBUG] MongoDB connection closed
[2025-06-25T02:29:08.086Z] [INFO] Checking for scheduled reports...
[2025-06-25T02:29:08.921Z] [DEBUG] Connected to MongoDB
[2025-06-25T02:29:08.996Z] [INFO] Found 1 company databases
[2025-06-25T02:29:08.996Z] [DEBUG] Processing company database: company_9jxwph8g
[2025-06-25T02:29:09.120Z] [DEBUG] Finding reports to execute in company_9jxwph8g (current time: 2025-06-25T02:29:09.120Z)
[2025-06-25T02:29:09.206Z] [INFO] Found 0 reports to execute in company_9jxwph8g
[2025-06-25T02:29:09.206Z] [INFO] Scheduled reports check completed
[2025-06-25T02:29:09.208Z] [DEBUG] MongoDB connection closed
[2025-06-25T02:29:38.087Z] [INFO] Checking for scheduled reports...
[2025-06-25T02:29:38.994Z] [DEBUG] Connected to MongoDB
[2025-06-25T02:29:39.067Z] [INFO] Found 1 company databases
[2025-06-25T02:29:39.068Z] [DEBUG] Processing company database: company_9jxwph8g
[2025-06-25T02:29:39.128Z] [DEBUG] Finding reports to execute in company_9jxwph8g (current time: 2025-06-25T02:29:39.128Z)
[2025-06-25T02:29:39.185Z] [INFO] Found 0 reports to execute in company_9jxwph8g
[2025-06-25T02:29:39.186Z] [INFO] Scheduled reports check completed
[2025-06-25T02:29:39.188Z] [DEBUG] MongoDB connection closed
[2025-06-25T02:30:08.089Z] [INFO] Checking for scheduled reports...
[2025-06-25T02:30:08.856Z] [DEBUG] Connected to MongoDB
[2025-06-25T02:30:08.939Z] [INFO] Found 1 company databases
[2025-06-25T02:30:08.940Z] [DEBUG] Processing company database: company_9jxwph8g
[2025-06-25T02:30:09.031Z] [DEBUG] Finding reports to execute in company_9jxwph8g (current time: 2025-06-25T02:30:09.031Z)
[2025-06-25T02:30:09.103Z] [INFO] Found 0 reports to execute in company_9jxwph8g
[2025-06-25T02:30:09.104Z] [INFO] Scheduled reports check completed
[2025-06-25T02:30:09.107Z] [DEBUG] MongoDB connection closed
[2025-06-25T02:30:38.091Z] [INFO] Checking for scheduled reports...
[2025-06-25T02:30:39.092Z] [DEBUG] Connected to MongoDB
[2025-06-25T02:30:39.429Z] [INFO] Found 1 company databases
[2025-06-25T02:30:39.430Z] [DEBUG] Processing company database: company_9jxwph8g
[2025-06-25T02:30:39.492Z] [DEBUG] Finding reports to execute in company_9jxwph8g (current time: 2025-06-25T02:30:39.492Z)
[2025-06-25T02:30:39.552Z] [INFO] Found 0 reports to execute in company_9jxwph8g
[2025-06-25T02:30:39.552Z] [INFO] Scheduled reports check completed
[2025-06-25T02:30:39.556Z] [DEBUG] MongoDB connection closed
[2025-06-25T02:31:08.091Z] [INFO] Checking for scheduled reports...
[2025-06-25T02:31:08.871Z] [DEBUG] Connected to MongoDB
[2025-06-25T02:31:08.944Z] [INFO] Found 1 company databases
[2025-06-25T02:31:08.945Z] [DEBUG] Processing company database: company_9jxwph8g
[2025-06-25T02:31:09.026Z] [DEBUG] Finding reports to execute in company_9jxwph8g (current time: 2025-06-25T02:31:09.026Z)
[2025-06-25T02:31:09.132Z] [INFO] Found 0 reports to execute in company_9jxwph8g
[2025-06-25T02:31:09.132Z] [INFO] Scheduled reports check completed
[2025-06-25T02:31:09.135Z] [DEBUG] MongoDB connection closed
[2025-06-25T02:31:38.092Z] [INFO] Checking for scheduled reports...
[2025-06-25T02:31:38.952Z] [DEBUG] Connected to MongoDB
[2025-06-25T02:31:39.026Z] [INFO] Found 1 company databases
[2025-06-25T02:31:39.027Z] [DEBUG] Processing company database: company_9jxwph8g
[2025-06-25T02:31:39.090Z] [DEBUG] Finding reports to execute in company_9jxwph8g (current time: 2025-06-25T02:31:39.090Z)
[2025-06-25T02:31:39.155Z] [INFO] Found 0 reports to execute in company_9jxwph8g
[2025-06-25T02:31:39.156Z] [INFO] Scheduled reports check completed
[2025-06-25T02:31:39.158Z] [DEBUG] MongoDB connection closed
[2025-06-25T02:32:08.092Z] [INFO] Checking for scheduled reports...
[2025-06-25T02:32:09.056Z] [DEBUG] Connected to MongoDB
[2025-06-25T02:32:09.177Z] [INFO] Found 1 company databases
[2025-06-25T02:32:09.178Z] [DEBUG] Processing company database: company_9jxwph8g
[2025-06-25T02:32:09.249Z] [DEBUG] Finding reports to execute in company_9jxwph8g (current time: 2025-06-25T02:32:09.249Z)
[2025-06-25T02:32:09.321Z] [INFO] Found 0 reports to execute in company_9jxwph8g
[2025-06-25T02:32:09.321Z] [INFO] Scheduled reports check completed
[2025-06-25T02:32:09.323Z] [DEBUG] MongoDB connection closed
[2025-06-25T02:32:38.094Z] [INFO] Checking for scheduled reports...
[2025-06-25T02:32:38.853Z] [DEBUG] Connected to MongoDB
[2025-06-25T02:32:38.926Z] [INFO] Found 1 company databases
[2025-06-25T02:32:38.926Z] [DEBUG] Processing company database: company_9jxwph8g
[2025-06-25T02:32:38.991Z] [DEBUG] Finding reports to execute in company_9jxwph8g (current time: 2025-06-25T02:32:38.991Z)
[2025-06-25T02:32:39.048Z] [INFO] Found 0 reports to execute in company_9jxwph8g
[2025-06-25T02:32:39.049Z] [INFO] Scheduled reports check completed
[2025-06-25T02:32:39.051Z] [DEBUG] MongoDB connection closed
[2025-06-25T02:33:08.095Z] [INFO] Checking for scheduled reports...
[2025-06-25T02:33:08.889Z] [DEBUG] Connected to MongoDB
[2025-06-25T02:33:08.989Z] [INFO] Found 1 company databases
[2025-06-25T02:33:08.990Z] [DEBUG] Processing company database: company_9jxwph8g
[2025-06-25T02:33:09.048Z] [DEBUG] Finding reports to execute in company_9jxwph8g (current time: 2025-06-25T02:33:09.048Z)
[2025-06-25T02:33:09.119Z] [INFO] Found 0 reports to execute in company_9jxwph8g
[2025-06-25T02:33:09.119Z] [INFO] Scheduled reports check completed
[2025-06-25T02:33:09.121Z] [DEBUG] MongoDB connection closed
[2025-06-25T02:33:38.097Z] [INFO] Checking for scheduled reports...
[2025-06-25T02:33:38.993Z] [DEBUG] Connected to MongoDB
[2025-06-25T02:33:39.119Z] [INFO] Found 1 company databases
[2025-06-25T02:33:39.119Z] [DEBUG] Processing company database: company_9jxwph8g
[2025-06-25T02:33:39.177Z] [DEBUG] Finding reports to execute in company_9jxwph8g (current time: 2025-06-25T02:33:39.177Z)
[2025-06-25T02:33:39.258Z] [INFO] Found 0 reports to execute in company_9jxwph8g
[2025-06-25T02:33:39.259Z] [INFO] Scheduled reports check completed
[2025-06-25T02:33:39.261Z] [DEBUG] MongoDB connection closed
[2025-06-25T02:34:08.097Z] [INFO] Checking for scheduled reports...
[2025-06-25T02:34:09.329Z] [DEBUG] Connected to MongoDB
[2025-06-25T02:34:09.412Z] [INFO] Found 1 company databases
[2025-06-25T02:34:09.412Z] [DEBUG] Processing company database: company_9jxwph8g
[2025-06-25T02:34:09.469Z] [DEBUG] Finding reports to execute in company_9jxwph8g (current time: 2025-06-25T02:34:09.469Z)
[2025-06-25T02:34:09.537Z] [INFO] Found 0 reports to execute in company_9jxwph8g
[2025-06-25T02:34:09.538Z] [INFO] Scheduled reports check completed
[2025-06-25T02:34:09.541Z] [DEBUG] MongoDB connection closed
[2025-06-25T02:34:38.099Z] [INFO] Checking for scheduled reports...
[2025-06-25T02:34:38.964Z] [DEBUG] Connected to MongoDB
[2025-06-25T02:34:39.035Z] [INFO] Found 1 company databases
[2025-06-25T02:34:39.035Z] [DEBUG] Processing company database: company_9jxwph8g
[2025-06-25T02:34:39.117Z] [DEBUG] Finding reports to execute in company_9jxwph8g (current time: 2025-06-25T02:34:39.117Z)
[2025-06-25T02:34:39.174Z] [INFO] Found 0 reports to execute in company_9jxwph8g
[2025-06-25T02:34:39.175Z] [INFO] Scheduled reports check completed
[2025-06-25T02:34:39.176Z] [DEBUG] MongoDB connection closed
[2025-06-25T02:35:08.101Z] [INFO] Checking for scheduled reports...
[2025-06-25T02:35:09.113Z] [DEBUG] Connected to MongoDB
[2025-06-25T02:35:09.193Z] [INFO] Found 1 company databases
[2025-06-25T02:35:09.194Z] [DEBUG] Processing company database: company_9jxwph8g
[2025-06-25T02:35:09.269Z] [DEBUG] Finding reports to execute in company_9jxwph8g (current time: 2025-06-25T02:35:09.269Z)
[2025-06-25T02:35:09.437Z] [INFO] Found 0 reports to execute in company_9jxwph8g
[2025-06-25T02:35:09.437Z] [INFO] Scheduled reports check completed
[2025-06-25T02:35:09.440Z] [DEBUG] MongoDB connection closed
[2025-06-25T02:35:38.102Z] [INFO] Checking for scheduled reports...
[2025-06-25T02:35:38.895Z] [DEBUG] Connected to MongoDB
[2025-06-25T02:35:38.976Z] [INFO] Found 1 company databases
[2025-06-25T02:35:38.976Z] [DEBUG] Processing company database: company_9jxwph8g
[2025-06-25T02:35:39.140Z] [DEBUG] Finding reports to execute in company_9jxwph8g (current time: 2025-06-25T02:35:39.140Z)
[2025-06-25T02:35:39.233Z] [INFO] Found 0 reports to execute in company_9jxwph8g
[2025-06-25T02:35:39.234Z] [INFO] Scheduled reports check completed
[2025-06-25T02:35:39.236Z] [DEBUG] MongoDB connection closed
[2025-06-25T02:36:08.103Z] [INFO] Checking for scheduled reports...
[2025-06-25T02:36:08.864Z] [DEBUG] Connected to MongoDB
[2025-06-25T02:36:08.965Z] [INFO] Found 1 company databases
[2025-06-25T02:36:08.965Z] [DEBUG] Processing company database: company_9jxwph8g
[2025-06-25T02:36:09.030Z] [DEBUG] Finding reports to execute in company_9jxwph8g (current time: 2025-06-25T02:36:09.030Z)
[2025-06-25T02:36:09.092Z] [INFO] Found 0 reports to execute in company_9jxwph8g
[2025-06-25T02:36:09.092Z] [INFO] Scheduled reports check completed
[2025-06-25T02:36:09.094Z] [DEBUG] MongoDB connection closed
[2025-06-25T02:36:38.104Z] [INFO] Checking for scheduled reports...
[2025-06-25T02:36:39.164Z] [DEBUG] Connected to MongoDB
[2025-06-25T02:36:39.242Z] [INFO] Found 1 company databases
[2025-06-25T02:36:39.243Z] [DEBUG] Processing company database: company_9jxwph8g
[2025-06-25T02:36:39.368Z] [DEBUG] Finding reports to execute in company_9jxwph8g (current time: 2025-06-25T02:36:39.368Z)
[2025-06-25T02:36:39.486Z] [INFO] Found 0 reports to execute in company_9jxwph8g
[2025-06-25T02:36:39.487Z] [INFO] Scheduled reports check completed
[2025-06-25T02:36:39.489Z] [DEBUG] MongoDB connection closed
[2025-06-25T02:37:08.106Z] [INFO] Checking for scheduled reports...
[2025-06-25T02:37:09.011Z] [DEBUG] Connected to MongoDB
[2025-06-25T02:37:09.080Z] [INFO] Found 1 company databases
[2025-06-25T02:37:09.080Z] [DEBUG] Processing company database: company_9jxwph8g
[2025-06-25T02:37:09.179Z] [DEBUG] Finding reports to execute in company_9jxwph8g (current time: 2025-06-25T02:37:09.179Z)
[2025-06-25T02:37:09.280Z] [INFO] Found 0 reports to execute in company_9jxwph8g
[2025-06-25T02:37:09.281Z] [INFO] Scheduled reports check completed
[2025-06-25T02:37:09.283Z] [DEBUG] MongoDB connection closed
[2025-06-25T02:37:38.107Z] [INFO] Checking for scheduled reports...
[2025-06-25T02:37:39.270Z] [DEBUG] Connected to MongoDB
[2025-06-25T02:37:39.341Z] [INFO] Found 1 company databases
[2025-06-25T02:37:39.341Z] [DEBUG] Processing company database: company_9jxwph8g
[2025-06-25T02:37:39.436Z] [DEBUG] Finding reports to execute in company_9jxwph8g (current time: 2025-06-25T02:37:39.436Z)
[2025-06-25T02:37:39.499Z] [INFO] Found 0 reports to execute in company_9jxwph8g
[2025-06-25T02:37:39.499Z] [INFO] Scheduled reports check completed
[2025-06-25T02:37:39.500Z] [DEBUG] MongoDB connection closed
[2025-06-25T02:38:08.108Z] [INFO] Checking for scheduled reports...
[2025-06-25T02:38:09.261Z] [DEBUG] Connected to MongoDB
[2025-06-25T02:38:09.339Z] [INFO] Found 1 company databases
[2025-06-25T02:38:09.339Z] [DEBUG] Processing company database: company_9jxwph8g
[2025-06-25T02:38:09.400Z] [DEBUG] Finding reports to execute in company_9jxwph8g (current time: 2025-06-25T02:38:09.400Z)
[2025-06-25T02:38:09.466Z] [INFO] Found 0 reports to execute in company_9jxwph8g
[2025-06-25T02:38:09.466Z] [INFO] Scheduled reports check completed
[2025-06-25T02:38:09.469Z] [DEBUG] MongoDB connection closed
[2025-06-25T02:38:38.109Z] [INFO] Checking for scheduled reports...
[2025-06-25T02:38:38.907Z] [DEBUG] Connected to MongoDB
[2025-06-25T02:38:38.992Z] [INFO] Found 1 company databases
[2025-06-25T02:38:38.993Z] [DEBUG] Processing company database: company_9jxwph8g
[2025-06-25T02:38:39.071Z] [DEBUG] Finding reports to execute in company_9jxwph8g (current time: 2025-06-25T02:38:39.071Z)
[2025-06-25T02:38:39.138Z] [INFO] Found 0 reports to execute in company_9jxwph8g
[2025-06-25T02:38:39.139Z] [INFO] Scheduled reports check completed
[2025-06-25T02:38:39.141Z] [DEBUG] MongoDB connection closed
[2025-06-25T02:39:08.110Z] [INFO] Checking for scheduled reports...
[2025-06-25T02:39:09.435Z] [DEBUG] Connected to MongoDB
[2025-06-25T02:39:09.509Z] [INFO] Found 1 company databases
[2025-06-25T02:39:09.509Z] [DEBUG] Processing company database: company_9jxwph8g
[2025-06-25T02:39:09.579Z] [DEBUG] Finding reports to execute in company_9jxwph8g (current time: 2025-06-25T02:39:09.579Z)
[2025-06-25T02:39:09.638Z] [INFO] Found 0 reports to execute in company_9jxwph8g
[2025-06-25T02:39:09.638Z] [INFO] Scheduled reports check completed
[2025-06-25T02:39:09.640Z] [DEBUG] MongoDB connection closed
[2025-06-25T02:39:38.112Z] [INFO] Checking for scheduled reports...
[2025-06-25T02:39:39.362Z] [DEBUG] Connected to MongoDB
[2025-06-25T02:39:39.452Z] [INFO] Found 1 company databases
[2025-06-25T02:39:39.453Z] [DEBUG] Processing company database: company_9jxwph8g
[2025-06-25T02:39:39.515Z] [DEBUG] Finding reports to execute in company_9jxwph8g (current time: 2025-06-25T02:39:39.515Z)
[2025-06-25T02:39:39.575Z] [INFO] Found 0 reports to execute in company_9jxwph8g
[2025-06-25T02:39:39.576Z] [INFO] Scheduled reports check completed
[2025-06-25T02:39:39.578Z] [DEBUG] MongoDB connection closed
[2025-06-25T02:40:08.113Z] [INFO] Checking for scheduled reports...
[2025-06-25T02:40:09.387Z] [DEBUG] Connected to MongoDB
[2025-06-25T02:40:09.568Z] [INFO] Found 1 company databases
[2025-06-25T02:40:09.568Z] [DEBUG] Processing company database: company_9jxwph8g
[2025-06-25T02:40:09.714Z] [DEBUG] Finding reports to execute in company_9jxwph8g (current time: 2025-06-25T02:40:09.714Z)
[2025-06-25T02:40:09.787Z] [INFO] Found 0 reports to execute in company_9jxwph8g
[2025-06-25T02:40:09.788Z] [INFO] Scheduled reports check completed
[2025-06-25T02:40:09.790Z] [DEBUG] MongoDB connection closed
[2025-06-25T02:40:38.114Z] [INFO] Checking for scheduled reports...
[2025-06-25T02:40:38.991Z] [DEBUG] Connected to MongoDB
[2025-06-25T02:40:39.072Z] [INFO] Found 1 company databases
[2025-06-25T02:40:39.073Z] [DEBUG] Processing company database: company_9jxwph8g
[2025-06-25T02:40:39.135Z] [DEBUG] Finding reports to execute in company_9jxwph8g (current time: 2025-06-25T02:40:39.135Z)
[2025-06-25T02:40:39.215Z] [INFO] Found 0 reports to execute in company_9jxwph8g
[2025-06-25T02:40:39.215Z] [INFO] Scheduled reports check completed
[2025-06-25T02:40:39.218Z] [DEBUG] MongoDB connection closed
[2025-06-25T02:41:08.116Z] [INFO] Checking for scheduled reports...
[2025-06-25T02:41:09.035Z] [DEBUG] Connected to MongoDB
[2025-06-25T02:41:09.103Z] [INFO] Found 1 company databases
[2025-06-25T02:41:09.104Z] [DEBUG] Processing company database: company_9jxwph8g
[2025-06-25T02:41:09.162Z] [DEBUG] Finding reports to execute in company_9jxwph8g (current time: 2025-06-25T02:41:09.162Z)
[2025-06-25T02:41:09.226Z] [INFO] Found 0 reports to execute in company_9jxwph8g
[2025-06-25T02:41:09.227Z] [INFO] Scheduled reports check completed
[2025-06-25T02:41:09.229Z] [DEBUG] MongoDB connection closed
[2025-06-25T02:41:38.116Z] [INFO] Checking for scheduled reports...
[2025-06-25T02:41:38.985Z] [DEBUG] Connected to MongoDB
[2025-06-25T02:41:39.102Z] [INFO] Found 1 company databases
[2025-06-25T02:41:39.102Z] [DEBUG] Processing company database: company_9jxwph8g
[2025-06-25T02:41:39.184Z] [DEBUG] Finding reports to execute in company_9jxwph8g (current time: 2025-06-25T02:41:39.184Z)
[2025-06-25T02:41:39.242Z] [INFO] Found 0 reports to execute in company_9jxwph8g
[2025-06-25T02:41:39.243Z] [INFO] Scheduled reports check completed
[2025-06-25T02:41:39.244Z] [DEBUG] MongoDB connection closed
[2025-06-25T02:42:08.118Z] [INFO] Checking for scheduled reports...
[2025-06-25T02:42:09.139Z] [DEBUG] Connected to MongoDB
[2025-06-25T02:42:09.216Z] [INFO] Found 1 company databases
[2025-06-25T02:42:09.217Z] [DEBUG] Processing company database: company_9jxwph8g
[2025-06-25T02:42:09.282Z] [DEBUG] Finding reports to execute in company_9jxwph8g (current time: 2025-06-25T02:42:09.282Z)
[2025-06-25T02:42:09.349Z] [INFO] Found 0 reports to execute in company_9jxwph8g
[2025-06-25T02:42:09.350Z] [INFO] Scheduled reports check completed
[2025-06-25T02:42:09.352Z] [DEBUG] MongoDB connection closed
[2025-06-25T02:42:38.120Z] [INFO] Checking for scheduled reports...
[2025-06-25T02:42:39.696Z] [DEBUG] Connected to MongoDB
[2025-06-25T02:42:39.788Z] [INFO] Found 1 company databases
[2025-06-25T02:42:39.789Z] [DEBUG] Processing company database: company_9jxwph8g
[2025-06-25T02:42:39.901Z] [DEBUG] Finding reports to execute in company_9jxwph8g (current time: 2025-06-25T02:42:39.901Z)
[2025-06-25T02:42:40.021Z] [INFO] Found 0 reports to execute in company_9jxwph8g
[2025-06-25T02:42:40.022Z] [INFO] Scheduled reports check completed
[2025-06-25T02:42:40.025Z] [DEBUG] MongoDB connection closed
[2025-06-25T02:43:08.122Z] [INFO] Checking for scheduled reports...
[2025-06-25T02:43:09.640Z] [DEBUG] Connected to MongoDB
[2025-06-25T02:43:09.713Z] [INFO] Found 1 company databases
[2025-06-25T02:43:09.714Z] [DEBUG] Processing company database: company_9jxwph8g
[2025-06-25T02:43:09.804Z] [DEBUG] Finding reports to execute in company_9jxwph8g (current time: 2025-06-25T02:43:09.804Z)
[2025-06-25T02:43:09.937Z] [INFO] Found 0 reports to execute in company_9jxwph8g
[2025-06-25T02:43:09.938Z] [INFO] Scheduled reports check completed
[2025-06-25T02:43:09.939Z] [DEBUG] MongoDB connection closed
[2025-06-25T02:43:38.123Z] [INFO] Checking for scheduled reports...
[2025-06-25T02:43:38.939Z] [DEBUG] Connected to MongoDB
[2025-06-25T02:43:39.021Z] [INFO] Found 1 company databases
[2025-06-25T02:43:39.022Z] [DEBUG] Processing company database: company_9jxwph8g
[2025-06-25T02:43:39.093Z] [DEBUG] Finding reports to execute in company_9jxwph8g (current time: 2025-06-25T02:43:39.093Z)
[2025-06-25T02:43:39.170Z] [INFO] Found 0 reports to execute in company_9jxwph8g
[2025-06-25T02:43:39.170Z] [INFO] Scheduled reports check completed
[2025-06-25T02:43:39.171Z] [DEBUG] MongoDB connection closed
[2025-06-25T02:44:08.125Z] [INFO] Checking for scheduled reports...
[2025-06-25T02:44:08.934Z] [DEBUG] Connected to MongoDB
[2025-06-25T02:44:09.018Z] [INFO] Found 1 company databases
[2025-06-25T02:44:09.019Z] [DEBUG] Processing company database: company_9jxwph8g
[2025-06-25T02:44:09.109Z] [DEBUG] Finding reports to execute in company_9jxwph8g (current time: 2025-06-25T02:44:09.109Z)
[2025-06-25T02:44:09.177Z] [INFO] Found 0 reports to execute in company_9jxwph8g
[2025-06-25T02:44:09.178Z] [INFO] Scheduled reports check completed
[2025-06-25T02:44:09.179Z] [DEBUG] MongoDB connection closed
[2025-06-25T02:44:38.125Z] [INFO] Checking for scheduled reports...
[2025-06-25T02:44:40.277Z] [DEBUG] Connected to MongoDB
[2025-06-25T02:44:40.352Z] [INFO] Found 1 company databases
[2025-06-25T02:44:40.352Z] [DEBUG] Processing company database: company_9jxwph8g
[2025-06-25T02:44:40.462Z] [DEBUG] Finding reports to execute in company_9jxwph8g (current time: 2025-06-25T02:44:40.462Z)
[2025-06-25T02:44:40.528Z] [INFO] Found 0 reports to execute in company_9jxwph8g
[2025-06-25T02:44:40.528Z] [INFO] Scheduled reports check completed
[2025-06-25T02:44:40.531Z] [DEBUG] MongoDB connection closed
[2025-06-25T02:45:08.126Z] [INFO] Checking for scheduled reports...
[2025-06-25T02:45:08.746Z] [DEBUG] Connected to MongoDB
[2025-06-25T02:45:08.852Z] [INFO] Found 1 company databases
[2025-06-25T02:45:08.852Z] [DEBUG] Processing company database: company_9jxwph8g
[2025-06-25T02:45:08.915Z] [DEBUG] Finding reports to execute in company_9jxwph8g (current time: 2025-06-25T02:45:08.915Z)
[2025-06-25T02:45:08.971Z] [INFO] Found 0 reports to execute in company_9jxwph8g
[2025-06-25T02:45:08.972Z] [INFO] Scheduled reports check completed
[2025-06-25T02:45:08.974Z] [DEBUG] MongoDB connection closed
[2025-06-25T02:45:38.127Z] [INFO] Checking for scheduled reports...
[2025-06-25T02:45:39.157Z] [DEBUG] Connected to MongoDB
[2025-06-25T02:45:39.292Z] [INFO] Found 1 company databases
[2025-06-25T02:45:39.292Z] [DEBUG] Processing company database: company_9jxwph8g
[2025-06-25T02:45:39.351Z] [DEBUG] Finding reports to execute in company_9jxwph8g (current time: 2025-06-25T02:45:39.351Z)
[2025-06-25T02:45:39.442Z] [INFO] Found 0 reports to execute in company_9jxwph8g
[2025-06-25T02:45:39.443Z] [INFO] Scheduled reports check completed
[2025-06-25T02:45:39.445Z] [DEBUG] MongoDB connection closed
[2025-06-25T02:46:08.129Z] [INFO] Checking for scheduled reports...
[2025-06-25T02:46:09.330Z] [DEBUG] Connected to MongoDB
[2025-06-25T02:46:09.401Z] [INFO] Found 1 company databases
[2025-06-25T02:46:09.401Z] [DEBUG] Processing company database: company_9jxwph8g
[2025-06-25T02:46:09.470Z] [DEBUG] Finding reports to execute in company_9jxwph8g (current time: 2025-06-25T02:46:09.470Z)
[2025-06-25T02:46:09.527Z] [INFO] Found 0 reports to execute in company_9jxwph8g
[2025-06-25T02:46:09.528Z] [INFO] Scheduled reports check completed
[2025-06-25T02:46:09.530Z] [DEBUG] MongoDB connection closed
[2025-06-25T02:46:38.130Z] [INFO] Checking for scheduled reports...
[2025-06-25T02:46:39.342Z] [DEBUG] Connected to MongoDB
[2025-06-25T02:46:39.434Z] [INFO] Found 1 company databases
[2025-06-25T02:46:39.435Z] [DEBUG] Processing company database: company_9jxwph8g
[2025-06-25T02:46:39.526Z] [DEBUG] Finding reports to execute in company_9jxwph8g (current time: 2025-06-25T02:46:39.526Z)
[2025-06-25T02:46:39.588Z] [INFO] Found 0 reports to execute in company_9jxwph8g
[2025-06-25T02:46:39.588Z] [INFO] Scheduled reports check completed
[2025-06-25T02:46:39.590Z] [DEBUG] MongoDB connection closed
[2025-06-25T02:47:08.131Z] [INFO] Checking for scheduled reports...
[2025-06-25T02:47:09.021Z] [DEBUG] Connected to MongoDB
[2025-06-25T02:47:09.090Z] [INFO] Found 1 company databases
[2025-06-25T02:47:09.091Z] [DEBUG] Processing company database: company_9jxwph8g
[2025-06-25T02:47:09.151Z] [DEBUG] Finding reports to execute in company_9jxwph8g (current time: 2025-06-25T02:47:09.151Z)
[2025-06-25T02:47:09.212Z] [INFO] Found 0 reports to execute in company_9jxwph8g
[2025-06-25T02:47:09.212Z] [INFO] Scheduled reports check completed
[2025-06-25T02:47:09.214Z] [DEBUG] MongoDB connection closed
[2025-06-25T02:47:38.132Z] [INFO] Checking for scheduled reports...
[2025-06-25T02:47:38.876Z] [DEBUG] Connected to MongoDB
[2025-06-25T02:47:38.966Z] [INFO] Found 1 company databases
[2025-06-25T02:47:38.966Z] [DEBUG] Processing company database: company_9jxwph8g
[2025-06-25T02:47:39.028Z] [DEBUG] Finding reports to execute in company_9jxwph8g (current time: 2025-06-25T02:47:39.028Z)
[2025-06-25T02:47:39.095Z] [INFO] Found 0 reports to execute in company_9jxwph8g
[2025-06-25T02:47:39.096Z] [INFO] Scheduled reports check completed
[2025-06-25T02:47:39.098Z] [DEBUG] MongoDB connection closed
[2025-06-25T02:48:08.133Z] [INFO] Checking for scheduled reports...
[2025-06-25T02:48:08.998Z] [DEBUG] Connected to MongoDB
[2025-06-25T02:48:09.067Z] [INFO] Found 1 company databases
[2025-06-25T02:48:09.067Z] [DEBUG] Processing company database: company_9jxwph8g
[2025-06-25T02:48:09.143Z] [DEBUG] Finding reports to execute in company_9jxwph8g (current time: 2025-06-25T02:48:09.143Z)
[2025-06-25T02:48:09.203Z] [INFO] Found 0 reports to execute in company_9jxwph8g
[2025-06-25T02:48:09.204Z] [INFO] Scheduled reports check completed
[2025-06-25T02:48:09.206Z] [DEBUG] MongoDB connection closed
[2025-06-25T02:48:38.134Z] [INFO] Checking for scheduled reports...
[2025-06-25T02:48:39.531Z] [DEBUG] Connected to MongoDB
[2025-06-25T02:48:39.622Z] [INFO] Found 1 company databases
[2025-06-25T02:48:39.622Z] [DEBUG] Processing company database: company_9jxwph8g
[2025-06-25T02:48:39.695Z] [DEBUG] Finding reports to execute in company_9jxwph8g (current time: 2025-06-25T02:48:39.695Z)
[2025-06-25T02:48:39.761Z] [INFO] Found 0 reports to execute in company_9jxwph8g
[2025-06-25T02:48:39.762Z] [INFO] Scheduled reports check completed
[2025-06-25T02:48:39.764Z] [DEBUG] MongoDB connection closed
[2025-06-25T02:49:08.135Z] [INFO] Checking for scheduled reports...
[2025-06-25T02:49:09.644Z] [DEBUG] Connected to MongoDB
[2025-06-25T02:49:09.786Z] [INFO] Found 1 company databases
[2025-06-25T02:49:09.787Z] [DEBUG] Processing company database: company_9jxwph8g
[2025-06-25T02:49:09.869Z] [DEBUG] Finding reports to execute in company_9jxwph8g (current time: 2025-06-25T02:49:09.869Z)
[2025-06-25T02:49:10.017Z] [INFO] Found 0 reports to execute in company_9jxwph8g
[2025-06-25T02:49:10.018Z] [INFO] Scheduled reports check completed
[2025-06-25T02:49:10.021Z] [DEBUG] MongoDB connection closed
[2025-06-25T02:49:38.136Z] [INFO] Checking for scheduled reports...
[2025-06-25T02:49:39.883Z] [DEBUG] Connected to MongoDB
[2025-06-25T02:49:40.120Z] [INFO] Found 1 company databases
[2025-06-25T02:49:40.121Z] [DEBUG] Processing company database: company_9jxwph8g
[2025-06-25T02:49:40.225Z] [DEBUG] Finding reports to execute in company_9jxwph8g (current time: 2025-06-25T02:49:40.225Z)
[2025-06-25T02:49:40.558Z] [INFO] Found 0 reports to execute in company_9jxwph8g
[2025-06-25T02:49:40.559Z] [INFO] Scheduled reports check completed
[2025-06-25T02:49:40.562Z] [DEBUG] MongoDB connection closed
[2025-06-25T02:50:08.138Z] [INFO] Checking for scheduled reports...
[2025-06-25T02:50:10.991Z] [DEBUG] Connected to MongoDB
[2025-06-25T02:50:11.154Z] [INFO] Found 1 company databases
[2025-06-25T02:50:11.154Z] [DEBUG] Processing company database: company_9jxwph8g
[2025-06-25T02:50:11.342Z] [DEBUG] Finding reports to execute in company_9jxwph8g (current time: 2025-06-25T02:50:11.342Z)
[2025-06-25T02:50:11.599Z] [INFO] Found 0 reports to execute in company_9jxwph8g
[2025-06-25T02:50:11.600Z] [INFO] Scheduled reports check completed
[2025-06-25T02:50:11.601Z] [DEBUG] MongoDB connection closed
[2025-06-25T02:50:38.138Z] [INFO] Checking for scheduled reports...
[2025-06-25T02:50:39.653Z] [DEBUG] Connected to MongoDB
[2025-06-25T02:50:39.806Z] [INFO] Found 1 company databases
[2025-06-25T02:50:39.807Z] [DEBUG] Processing company database: company_9jxwph8g
[2025-06-25T02:50:39.969Z] [DEBUG] Finding reports to execute in company_9jxwph8g (current time: 2025-06-25T02:50:39.969Z)
[2025-06-25T02:50:40.090Z] [INFO] Found 0 reports to execute in company_9jxwph8g
[2025-06-25T02:50:40.091Z] [INFO] Scheduled reports check completed
[2025-06-25T02:50:40.094Z] [DEBUG] MongoDB connection closed
[2025-06-25T02:51:08.139Z] [INFO] Checking for scheduled reports...
[2025-06-25T02:51:09.792Z] [DEBUG] Connected to MongoDB
[2025-06-25T02:51:10.068Z] [INFO] Found 1 company databases
[2025-06-25T02:51:10.069Z] [DEBUG] Processing company database: company_9jxwph8g
[2025-06-25T02:51:10.161Z] [DEBUG] Finding reports to execute in company_9jxwph8g (current time: 2025-06-25T02:51:10.161Z)
[2025-06-25T02:51:10.324Z] [INFO] Found 0 reports to execute in company_9jxwph8g
[2025-06-25T02:51:10.324Z] [INFO] Scheduled reports check completed
[2025-06-25T02:51:10.327Z] [DEBUG] MongoDB connection closed
[2025-06-25T02:51:38.140Z] [INFO] Checking for scheduled reports...
[2025-06-25T02:51:41.444Z] [DEBUG] Connected to MongoDB
[2025-06-25T02:51:41.577Z] [INFO] Found 1 company databases
[2025-06-25T02:51:41.578Z] [DEBUG] Processing company database: company_9jxwph8g
[2025-06-25T02:51:41.659Z] [DEBUG] Finding reports to execute in company_9jxwph8g (current time: 2025-06-25T02:51:41.659Z)
[2025-06-25T02:51:41.770Z] [INFO] Found 0 reports to execute in company_9jxwph8g
[2025-06-25T02:51:41.771Z] [INFO] Scheduled reports check completed
[2025-06-25T02:51:41.773Z] [DEBUG] MongoDB connection closed
[2025-06-25T02:52:08.142Z] [INFO] Checking for scheduled reports...
[2025-06-25T02:52:09.068Z] [DEBUG] Connected to MongoDB
[2025-06-25T02:52:09.191Z] [INFO] Found 1 company databases
[2025-06-25T02:52:09.192Z] [DEBUG] Processing company database: company_9jxwph8g
[2025-06-25T02:52:09.262Z] [DEBUG] Finding reports to execute in company_9jxwph8g (current time: 2025-06-25T02:52:09.262Z)
[2025-06-25T02:52:09.373Z] [INFO] Found 0 reports to execute in company_9jxwph8g
[2025-06-25T02:52:09.373Z] [INFO] Scheduled reports check completed
[2025-06-25T02:52:09.376Z] [DEBUG] MongoDB connection closed
[2025-06-25T02:52:38.143Z] [INFO] Checking for scheduled reports...
[2025-06-25T02:52:39.648Z] [DEBUG] Connected to MongoDB
[2025-06-25T02:52:39.772Z] [INFO] Found 1 company databases
[2025-06-25T02:52:39.773Z] [DEBUG] Processing company database: company_9jxwph8g
[2025-06-25T02:52:39.838Z] [DEBUG] Finding reports to execute in company_9jxwph8g (current time: 2025-06-25T02:52:39.838Z)
[2025-06-25T02:52:39.984Z] [INFO] Found 0 reports to execute in company_9jxwph8g
[2025-06-25T02:52:39.985Z] [INFO] Scheduled reports check completed
[2025-06-25T02:52:39.987Z] [DEBUG] MongoDB connection closed
[2025-06-25T02:53:08.143Z] [INFO] Checking for scheduled reports...
[2025-06-25T02:53:09.178Z] [DEBUG] Connected to MongoDB
[2025-06-25T02:53:09.261Z] [INFO] Found 1 company databases
[2025-06-25T02:53:09.262Z] [DEBUG] Processing company database: company_9jxwph8g
[2025-06-25T02:53:09.357Z] [DEBUG] Finding reports to execute in company_9jxwph8g (current time: 2025-06-25T02:53:09.357Z)
[2025-06-25T02:53:09.428Z] [INFO] Found 0 reports to execute in company_9jxwph8g
[2025-06-25T02:53:09.429Z] [INFO] Scheduled reports check completed
[2025-06-25T02:53:09.431Z] [DEBUG] MongoDB connection closed
[2025-06-25T02:53:38.144Z] [INFO] Checking for scheduled reports...
[2025-06-25T02:53:40.757Z] [DEBUG] Connected to MongoDB
[2025-06-25T02:53:40.889Z] [INFO] Found 1 company databases
[2025-06-25T02:53:40.890Z] [DEBUG] Processing company database: company_9jxwph8g
[2025-06-25T02:53:41.037Z] [DEBUG] Finding reports to execute in company_9jxwph8g (current time: 2025-06-25T02:53:41.037Z)
[2025-06-25T02:53:41.151Z] [INFO] Found 0 reports to execute in company_9jxwph8g
[2025-06-25T02:53:41.152Z] [INFO] Scheduled reports check completed
[2025-06-25T02:53:41.153Z] [DEBUG] MongoDB connection closed
[2025-06-25T02:54:08.145Z] [INFO] Checking for scheduled reports...
[2025-06-25T02:54:08.870Z] [DEBUG] Connected to MongoDB
[2025-06-25T02:54:08.944Z] [INFO] Found 1 company databases
[2025-06-25T02:54:08.944Z] [DEBUG] Processing company database: company_9jxwph8g
[2025-06-25T02:54:09.012Z] [DEBUG] Finding reports to execute in company_9jxwph8g (current time: 2025-06-25T02:54:09.012Z)
[2025-06-25T02:54:09.073Z] [INFO] Found 0 reports to execute in company_9jxwph8g
[2025-06-25T02:54:09.074Z] [INFO] Scheduled reports check completed
[2025-06-25T02:54:09.076Z] [DEBUG] MongoDB connection closed
[2025-06-25T02:54:38.147Z] [INFO] Checking for scheduled reports...
[2025-06-25T02:54:39.053Z] [DEBUG] Connected to MongoDB
[2025-06-25T02:54:39.149Z] [INFO] Found 1 company databases
[2025-06-25T02:54:39.149Z] [DEBUG] Processing company database: company_9jxwph8g
[2025-06-25T02:54:39.220Z] [DEBUG] Finding reports to execute in company_9jxwph8g (current time: 2025-06-25T02:54:39.220Z)
[2025-06-25T02:54:39.311Z] [INFO] Found 0 reports to execute in company_9jxwph8g
[2025-06-25T02:54:39.312Z] [INFO] Scheduled reports check completed
[2025-06-25T02:54:39.314Z] [DEBUG] MongoDB connection closed
[2025-06-25T02:55:08.149Z] [INFO] Checking for scheduled reports...
[2025-06-25T02:55:08.915Z] [DEBUG] Connected to MongoDB
[2025-06-25T02:55:08.995Z] [INFO] Found 1 company databases
[2025-06-25T02:55:08.996Z] [DEBUG] Processing company database: company_9jxwph8g
[2025-06-25T02:55:09.054Z] [DEBUG] Finding reports to execute in company_9jxwph8g (current time: 2025-06-25T02:55:09.054Z)
[2025-06-25T02:55:09.115Z] [INFO] Found 0 reports to execute in company_9jxwph8g
[2025-06-25T02:55:09.116Z] [INFO] Scheduled reports check completed
[2025-06-25T02:55:09.118Z] [DEBUG] MongoDB connection closed
[2025-06-25T02:55:38.151Z] [INFO] Checking for scheduled reports...
[2025-06-25T02:55:39.231Z] [DEBUG] Connected to MongoDB
[2025-06-25T02:55:39.439Z] [INFO] Found 1 company databases
[2025-06-25T02:55:39.439Z] [DEBUG] Processing company database: company_9jxwph8g
[2025-06-25T02:55:39.556Z] [DEBUG] Finding reports to execute in company_9jxwph8g (current time: 2025-06-25T02:55:39.556Z)
[2025-06-25T02:55:39.676Z] [INFO] Found 0 reports to execute in company_9jxwph8g
[2025-06-25T02:55:39.677Z] [INFO] Scheduled reports check completed
[2025-06-25T02:55:39.680Z] [DEBUG] MongoDB connection closed
[2025-06-25T02:56:08.152Z] [INFO] Checking for scheduled reports...
[2025-06-25T02:56:09.792Z] [DEBUG] Connected to MongoDB
[2025-06-25T02:56:09.913Z] [INFO] Found 1 company databases
[2025-06-25T02:56:09.913Z] [DEBUG] Processing company database: company_9jxwph8g
[2025-06-25T02:56:09.995Z] [DEBUG] Finding reports to execute in company_9jxwph8g (current time: 2025-06-25T02:56:09.994Z)
[2025-06-25T02:56:10.067Z] [INFO] Found 0 reports to execute in company_9jxwph8g
[2025-06-25T02:56:10.068Z] [INFO] Scheduled reports check completed
[2025-06-25T02:56:10.070Z] [DEBUG] MongoDB connection closed
[2025-06-25T02:56:38.154Z] [INFO] Checking for scheduled reports...
[2025-06-25T02:56:38.965Z] [DEBUG] Connected to MongoDB
[2025-06-25T02:56:39.048Z] [INFO] Found 1 company databases
[2025-06-25T02:56:39.049Z] [DEBUG] Processing company database: company_9jxwph8g
[2025-06-25T02:56:39.131Z] [DEBUG] Finding reports to execute in company_9jxwph8g (current time: 2025-06-25T02:56:39.131Z)
[2025-06-25T02:56:39.190Z] [INFO] Found 0 reports to execute in company_9jxwph8g
[2025-06-25T02:56:39.191Z] [INFO] Scheduled reports check completed
[2025-06-25T02:56:39.193Z] [DEBUG] MongoDB connection closed
[2025-06-25T02:57:08.155Z] [INFO] Checking for scheduled reports...
[2025-06-25T02:57:09.326Z] [DEBUG] Connected to MongoDB
[2025-06-25T02:57:09.628Z] [INFO] Found 1 company databases
[2025-06-25T02:57:09.629Z] [DEBUG] Processing company database: company_9jxwph8g
[2025-06-25T02:57:09.731Z] [DEBUG] Finding reports to execute in company_9jxwph8g (current time: 2025-06-25T02:57:09.731Z)
[2025-06-25T02:57:09.838Z] [INFO] Found 0 reports to execute in company_9jxwph8g
[2025-06-25T02:57:09.839Z] [INFO] Scheduled reports check completed
[2025-06-25T02:57:09.842Z] [DEBUG] MongoDB connection closed
[2025-06-25T02:57:38.156Z] [INFO] Checking for scheduled reports...
[2025-06-25T02:57:39.797Z] [DEBUG] Connected to MongoDB
[2025-06-25T02:57:39.955Z] [INFO] Found 1 company databases
[2025-06-25T02:57:39.955Z] [DEBUG] Processing company database: company_9jxwph8g
[2025-06-25T02:57:40.339Z] [DEBUG] Finding reports to execute in company_9jxwph8g (current time: 2025-06-25T02:57:40.339Z)
[2025-06-25T02:57:40.746Z] [INFO] Found 0 reports to execute in company_9jxwph8g
[2025-06-25T02:57:40.746Z] [INFO] Scheduled reports check completed
[2025-06-25T02:57:40.749Z] [DEBUG] MongoDB connection closed
[2025-06-25T02:58:08.157Z] [INFO] Checking for scheduled reports...
[2025-06-25T02:58:10.011Z] [DEBUG] Connected to MongoDB
[2025-06-25T02:58:10.521Z] [INFO] Found 1 company databases
[2025-06-25T02:58:10.522Z] [DEBUG] Processing company database: company_9jxwph8g
[2025-06-25T02:58:10.700Z] [DEBUG] Finding reports to execute in company_9jxwph8g (current time: 2025-06-25T02:58:10.700Z)
[2025-06-25T02:58:10.870Z] [INFO] Found 0 reports to execute in company_9jxwph8g
[2025-06-25T02:58:10.871Z] [INFO] Scheduled reports check completed
[2025-06-25T02:58:10.873Z] [DEBUG] MongoDB connection closed
[2025-06-25T02:58:38.157Z] [INFO] Checking for scheduled reports...
[2025-06-25T02:58:38.932Z] [DEBUG] Connected to MongoDB
[2025-06-25T02:58:39.028Z] [INFO] Found 1 company databases
[2025-06-25T02:58:39.029Z] [DEBUG] Processing company database: company_9jxwph8g
[2025-06-25T02:58:39.097Z] [DEBUG] Finding reports to execute in company_9jxwph8g (current time: 2025-06-25T02:58:39.097Z)
[2025-06-25T02:58:39.174Z] [INFO] Found 0 reports to execute in company_9jxwph8g
[2025-06-25T02:58:39.174Z] [INFO] Scheduled reports check completed
[2025-06-25T02:58:39.177Z] [DEBUG] MongoDB connection closed
[2025-06-25T02:59:08.159Z] [INFO] Checking for scheduled reports...
[2025-06-25T02:59:09.099Z] [DEBUG] Connected to MongoDB
[2025-06-25T02:59:09.183Z] [INFO] Found 1 company databases
[2025-06-25T02:59:09.184Z] [DEBUG] Processing company database: company_9jxwph8g
[2025-06-25T02:59:09.243Z] [DEBUG] Finding reports to execute in company_9jxwph8g (current time: 2025-06-25T02:59:09.243Z)
[2025-06-25T02:59:09.304Z] [INFO] Found 0 reports to execute in company_9jxwph8g
[2025-06-25T02:59:09.305Z] [INFO] Scheduled reports check completed
[2025-06-25T02:59:09.307Z] [DEBUG] MongoDB connection closed
[2025-06-25T02:59:38.161Z] [INFO] Checking for scheduled reports...
[2025-06-25T02:59:39.002Z] [DEBUG] Connected to MongoDB
[2025-06-25T02:59:39.075Z] [INFO] Found 1 company databases
[2025-06-25T02:59:39.076Z] [DEBUG] Processing company database: company_9jxwph8g
[2025-06-25T02:59:39.146Z] [DEBUG] Finding reports to execute in company_9jxwph8g (current time: 2025-06-25T02:59:39.146Z)
[2025-06-25T02:59:39.208Z] [INFO] Found 0 reports to execute in company_9jxwph8g
[2025-06-25T02:59:39.208Z] [INFO] Scheduled reports check completed
[2025-06-25T02:59:39.211Z] [DEBUG] MongoDB connection closed
[2025-06-25T03:00:08.162Z] [INFO] Checking for scheduled reports...
[2025-06-25T03:00:09.242Z] [DEBUG] Connected to MongoDB
[2025-06-25T03:00:09.336Z] [INFO] Found 1 company databases
[2025-06-25T03:00:09.337Z] [DEBUG] Processing company database: company_9jxwph8g
[2025-06-25T03:00:09.401Z] [DEBUG] Finding reports to execute in company_9jxwph8g (current time: 2025-06-25T03:00:09.400Z)
[2025-06-25T03:00:09.473Z] [INFO] Found 0 reports to execute in company_9jxwph8g
[2025-06-25T03:00:09.473Z] [INFO] Scheduled reports check completed
[2025-06-25T03:00:09.475Z] [DEBUG] MongoDB connection closed
[2025-06-25T03:00:38.164Z] [INFO] Checking for scheduled reports...
[2025-06-25T03:00:39.140Z] [DEBUG] Connected to MongoDB
[2025-06-25T03:00:39.217Z] [INFO] Found 1 company databases
[2025-06-25T03:00:39.217Z] [DEBUG] Processing company database: company_9jxwph8g
[2025-06-25T03:00:39.282Z] [DEBUG] Finding reports to execute in company_9jxwph8g (current time: 2025-06-25T03:00:39.282Z)
[2025-06-25T03:00:39.351Z] [INFO] Found 0 reports to execute in company_9jxwph8g
[2025-06-25T03:00:39.352Z] [INFO] Scheduled reports check completed
[2025-06-25T03:00:39.354Z] [DEBUG] MongoDB connection closed
[2025-06-25T03:01:08.165Z] [INFO] Checking for scheduled reports...
[2025-06-25T03:01:08.977Z] [DEBUG] Connected to MongoDB
[2025-06-25T03:01:09.053Z] [INFO] Found 1 company databases
[2025-06-25T03:01:09.054Z] [DEBUG] Processing company database: company_9jxwph8g
[2025-06-25T03:01:09.148Z] [DEBUG] Finding reports to execute in company_9jxwph8g (current time: 2025-06-25T03:01:09.148Z)
[2025-06-25T03:01:09.223Z] [INFO] Found 0 reports to execute in company_9jxwph8g
[2025-06-25T03:01:09.224Z] [INFO] Scheduled reports check completed
[2025-06-25T03:01:09.226Z] [DEBUG] MongoDB connection closed
[2025-06-25T03:01:38.167Z] [INFO] Checking for scheduled reports...
[2025-06-25T03:01:39.562Z] [DEBUG] Connected to MongoDB
[2025-06-25T03:01:39.666Z] [INFO] Found 1 company databases
[2025-06-25T03:01:39.666Z] [DEBUG] Processing company database: company_9jxwph8g
[2025-06-25T03:01:39.844Z] [DEBUG] Finding reports to execute in company_9jxwph8g (current time: 2025-06-25T03:01:39.843Z)
[2025-06-25T03:01:39.925Z] [INFO] Found 0 reports to execute in company_9jxwph8g
[2025-06-25T03:01:39.934Z] [INFO] Scheduled reports check completed
[2025-06-25T03:01:39.935Z] [DEBUG] MongoDB connection closed
[2025-06-25T03:02:08.169Z] [INFO] Checking for scheduled reports...
[2025-06-25T03:02:09.197Z] [DEBUG] Connected to MongoDB
[2025-06-25T03:02:09.326Z] [INFO] Found 1 company databases
[2025-06-25T03:02:09.326Z] [DEBUG] Processing company database: company_9jxwph8g
[2025-06-25T03:02:09.439Z] [DEBUG] Finding reports to execute in company_9jxwph8g (current time: 2025-06-25T03:02:09.439Z)
[2025-06-25T03:02:09.545Z] [INFO] Found 0 reports to execute in company_9jxwph8g
[2025-06-25T03:02:09.546Z] [INFO] Scheduled reports check completed
[2025-06-25T03:02:09.548Z] [DEBUG] MongoDB connection closed
[2025-06-25T03:02:38.170Z] [INFO] Checking for scheduled reports...
[2025-06-25T03:02:39.056Z] [DEBUG] Connected to MongoDB
[2025-06-25T03:02:39.152Z] [INFO] Found 1 company databases
[2025-06-25T03:02:39.153Z] [DEBUG] Processing company database: company_9jxwph8g
[2025-06-25T03:02:39.238Z] [DEBUG] Finding reports to execute in company_9jxwph8g (current time: 2025-06-25T03:02:39.238Z)
[2025-06-25T03:02:39.312Z] [INFO] Found 0 reports to execute in company_9jxwph8g
[2025-06-25T03:02:39.312Z] [INFO] Scheduled reports check completed
[2025-06-25T03:02:39.315Z] [DEBUG] MongoDB connection closed
[2025-06-25T03:03:08.171Z] [INFO] Checking for scheduled reports...
[2025-06-25T03:03:09.365Z] [DEBUG] Connected to MongoDB
[2025-06-25T03:03:09.578Z] [INFO] Found 1 company databases
[2025-06-25T03:03:09.578Z] [DEBUG] Processing company database: company_9jxwph8g
[2025-06-25T03:03:09.902Z] [DEBUG] Finding reports to execute in company_9jxwph8g (current time: 2025-06-25T03:03:09.902Z)
[2025-06-25T03:03:09.972Z] [INFO] Found 0 reports to execute in company_9jxwph8g
[2025-06-25T03:03:09.972Z] [INFO] Scheduled reports check completed
[2025-06-25T03:03:09.975Z] [DEBUG] MongoDB connection closed
[2025-06-25T03:03:38.172Z] [INFO] Checking for scheduled reports...
[2025-06-25T03:03:39.515Z] [DEBUG] Connected to MongoDB
[2025-06-25T03:03:39.598Z] [INFO] Found 1 company databases
[2025-06-25T03:03:39.598Z] [DEBUG] Processing company database: company_9jxwph8g
[2025-06-25T03:03:39.658Z] [DEBUG] Finding reports to execute in company_9jxwph8g (current time: 2025-06-25T03:03:39.658Z)
[2025-06-25T03:03:39.739Z] [INFO] Found 0 reports to execute in company_9jxwph8g
[2025-06-25T03:03:39.740Z] [INFO] Scheduled reports check completed
[2025-06-25T03:03:39.742Z] [DEBUG] MongoDB connection closed
[2025-06-25T03:04:08.174Z] [INFO] Checking for scheduled reports...
[2025-06-25T03:04:09.002Z] [DEBUG] Connected to MongoDB
[2025-06-25T03:04:09.087Z] [INFO] Found 1 company databases
[2025-06-25T03:04:09.088Z] [DEBUG] Processing company database: company_9jxwph8g
[2025-06-25T03:04:09.177Z] [DEBUG] Finding reports to execute in company_9jxwph8g (current time: 2025-06-25T03:04:09.177Z)
[2025-06-25T03:04:09.293Z] [INFO] Found 0 reports to execute in company_9jxwph8g
[2025-06-25T03:04:09.294Z] [INFO] Scheduled reports check completed
[2025-06-25T03:04:09.296Z] [DEBUG] MongoDB connection closed
[2025-06-25T03:04:38.174Z] [INFO] Checking for scheduled reports...
[2025-06-25T03:04:38.993Z] [DEBUG] Connected to MongoDB
[2025-06-25T03:04:39.086Z] [INFO] Found 1 company databases
[2025-06-25T03:04:39.087Z] [DEBUG] Processing company database: company_9jxwph8g
[2025-06-25T03:04:39.173Z] [DEBUG] Finding reports to execute in company_9jxwph8g (current time: 2025-06-25T03:04:39.173Z)
[2025-06-25T03:04:39.270Z] [INFO] Found 0 reports to execute in company_9jxwph8g
[2025-06-25T03:04:39.271Z] [INFO] Scheduled reports check completed
[2025-06-25T03:04:39.273Z] [DEBUG] MongoDB connection closed
[2025-06-25T03:05:08.176Z] [INFO] Checking for scheduled reports...
[2025-06-25T03:05:09.134Z] [DEBUG] Connected to MongoDB
[2025-06-25T03:05:09.253Z] [INFO] Found 1 company databases
[2025-06-25T03:05:09.254Z] [DEBUG] Processing company database: company_9jxwph8g
[2025-06-25T03:05:09.358Z] [DEBUG] Finding reports to execute in company_9jxwph8g (current time: 2025-06-25T03:05:09.358Z)
[2025-06-25T03:05:09.447Z] [INFO] Found 0 reports to execute in company_9jxwph8g
[2025-06-25T03:05:09.448Z] [INFO] Scheduled reports check completed
[2025-06-25T03:05:09.450Z] [DEBUG] MongoDB connection closed
[2025-06-25T03:05:38.177Z] [INFO] Checking for scheduled reports...
[2025-06-25T03:05:42.631Z] [DEBUG] Connected to MongoDB
[2025-06-25T03:05:42.782Z] [INFO] Found 1 company databases
[2025-06-25T03:05:42.783Z] [DEBUG] Processing company database: company_9jxwph8g
[2025-06-25T03:05:42.951Z] [DEBUG] Finding reports to execute in company_9jxwph8g (current time: 2025-06-25T03:05:42.951Z)
[2025-06-25T03:05:43.052Z] [INFO] Found 0 reports to execute in company_9jxwph8g
[2025-06-25T03:05:43.052Z] [INFO] Scheduled reports check completed
[2025-06-25T03:05:43.055Z] [DEBUG] MongoDB connection closed
[2025-06-25T03:06:08.179Z] [INFO] Checking for scheduled reports...
[2025-06-25T03:06:10.469Z] [DEBUG] Connected to MongoDB
[2025-06-25T03:06:10.562Z] [INFO] Found 1 company databases
[2025-06-25T03:06:10.564Z] [DEBUG] Processing company database: company_9jxwph8g
[2025-06-25T03:06:10.626Z] [DEBUG] Finding reports to execute in company_9jxwph8g (current time: 2025-06-25T03:06:10.626Z)
[2025-06-25T03:06:10.685Z] [INFO] Found 0 reports to execute in company_9jxwph8g
[2025-06-25T03:06:10.686Z] [INFO] Scheduled reports check completed
[2025-06-25T03:06:10.689Z] [DEBUG] MongoDB connection closed
[2025-06-25T03:06:38.180Z] [INFO] Checking for scheduled reports...
[2025-06-25T03:06:40.293Z] [DEBUG] Connected to MongoDB
[2025-06-25T03:06:40.379Z] [INFO] Found 1 company databases
[2025-06-25T03:06:40.379Z] [DEBUG] Processing company database: company_9jxwph8g
[2025-06-25T03:06:40.462Z] [DEBUG] Finding reports to execute in company_9jxwph8g (current time: 2025-06-25T03:06:40.462Z)
[2025-06-25T03:06:40.519Z] [INFO] Found 0 reports to execute in company_9jxwph8g
[2025-06-25T03:06:40.519Z] [INFO] Scheduled reports check completed
[2025-06-25T03:06:40.521Z] [DEBUG] MongoDB connection closed
[2025-06-25T03:07:08.180Z] [INFO] Checking for scheduled reports...
[2025-06-25T03:07:09.113Z] [DEBUG] Connected to MongoDB
[2025-06-25T03:07:09.200Z] [INFO] Found 1 company databases
[2025-06-25T03:07:09.201Z] [DEBUG] Processing company database: company_9jxwph8g
[2025-06-25T03:07:09.298Z] [DEBUG] Finding reports to execute in company_9jxwph8g (current time: 2025-06-25T03:07:09.298Z)
[2025-06-25T03:07:09.357Z] [INFO] Found 0 reports to execute in company_9jxwph8g
[2025-06-25T03:07:09.358Z] [INFO] Scheduled reports check completed
[2025-06-25T03:07:09.360Z] [DEBUG] MongoDB connection closed
[2025-06-25T03:07:38.181Z] [INFO] Checking for scheduled reports...
[2025-06-25T03:07:39.378Z] [DEBUG] Connected to MongoDB
[2025-06-25T03:07:39.458Z] [INFO] Found 1 company databases
[2025-06-25T03:07:39.459Z] [DEBUG] Processing company database: company_9jxwph8g
[2025-06-25T03:07:39.534Z] [DEBUG] Finding reports to execute in company_9jxwph8g (current time: 2025-06-25T03:07:39.534Z)
[2025-06-25T03:07:39.594Z] [INFO] Found 0 reports to execute in company_9jxwph8g
[2025-06-25T03:07:39.595Z] [INFO] Scheduled reports check completed
[2025-06-25T03:07:39.597Z] [DEBUG] MongoDB connection closed
[2025-06-25T03:08:08.182Z] [INFO] Checking for scheduled reports...
[2025-06-25T03:08:09.309Z] [DEBUG] Connected to MongoDB
[2025-06-25T03:08:09.401Z] [INFO] Found 1 company databases
[2025-06-25T03:08:09.402Z] [DEBUG] Processing company database: company_9jxwph8g
[2025-06-25T03:08:09.463Z] [DEBUG] Finding reports to execute in company_9jxwph8g (current time: 2025-06-25T03:08:09.463Z)
[2025-06-25T03:08:09.546Z] [INFO] Found 0 reports to execute in company_9jxwph8g
[2025-06-25T03:08:09.546Z] [INFO] Scheduled reports check completed
[2025-06-25T03:08:09.547Z] [DEBUG] MongoDB connection closed
[2025-06-25T03:08:38.183Z] [INFO] Checking for scheduled reports...
[2025-06-25T03:08:39.588Z] [DEBUG] Connected to MongoDB
[2025-06-25T03:08:39.691Z] [INFO] Found 1 company databases
[2025-06-25T03:08:39.692Z] [DEBUG] Processing company database: company_9jxwph8g
[2025-06-25T03:08:39.789Z] [DEBUG] Finding reports to execute in company_9jxwph8g (current time: 2025-06-25T03:08:39.789Z)
[2025-06-25T03:08:39.874Z] [INFO] Found 0 reports to execute in company_9jxwph8g
[2025-06-25T03:08:39.875Z] [INFO] Scheduled reports check completed
[2025-06-25T03:08:39.878Z] [DEBUG] MongoDB connection closed
[2025-06-25T03:09:08.184Z] [INFO] Checking for scheduled reports...
[2025-06-25T03:09:10.223Z] [DEBUG] Connected to MongoDB
[2025-06-25T03:09:10.348Z] [INFO] Found 1 company databases
[2025-06-25T03:09:10.349Z] [DEBUG] Processing company database: company_9jxwph8g
[2025-06-25T03:09:10.465Z] [DEBUG] Finding reports to execute in company_9jxwph8g (current time: 2025-06-25T03:09:10.465Z)
[2025-06-25T03:09:10.529Z] [INFO] Found 0 reports to execute in company_9jxwph8g
[2025-06-25T03:09:10.530Z] [INFO] Scheduled reports check completed
[2025-06-25T03:09:10.533Z] [DEBUG] MongoDB connection closed
[2025-06-25T03:09:38.185Z] [INFO] Checking for scheduled reports...
[2025-06-25T03:09:40.784Z] [DEBUG] Connected to MongoDB
[2025-06-25T03:09:40.874Z] [INFO] Found 1 company databases
[2025-06-25T03:09:40.875Z] [DEBUG] Processing company database: company_9jxwph8g
[2025-06-25T03:09:40.938Z] [DEBUG] Finding reports to execute in company_9jxwph8g (current time: 2025-06-25T03:09:40.938Z)
[2025-06-25T03:09:41.009Z] [INFO] Found 0 reports to execute in company_9jxwph8g
[2025-06-25T03:09:41.009Z] [INFO] Scheduled reports check completed
[2025-06-25T03:09:41.011Z] [DEBUG] MongoDB connection closed
[2025-06-25T03:10:08.187Z] [INFO] Checking for scheduled reports...
[2025-06-25T03:10:09.605Z] [DEBUG] Connected to MongoDB
[2025-06-25T03:10:09.715Z] [INFO] Found 1 company databases
[2025-06-25T03:10:09.716Z] [DEBUG] Processing company database: company_9jxwph8g
[2025-06-25T03:10:10.049Z] [DEBUG] Finding reports to execute in company_9jxwph8g (current time: 2025-06-25T03:10:10.049Z)
[2025-06-25T03:10:10.303Z] [INFO] Found 0 reports to execute in company_9jxwph8g
[2025-06-25T03:10:10.304Z] [INFO] Scheduled reports check completed
[2025-06-25T03:10:10.308Z] [DEBUG] MongoDB connection closed
[2025-06-25T03:10:38.189Z] [INFO] Checking for scheduled reports...
[2025-06-25T03:10:39.449Z] [DEBUG] Connected to MongoDB
[2025-06-25T03:10:39.574Z] [INFO] Found 1 company databases
[2025-06-25T03:10:39.575Z] [DEBUG] Processing company database: company_9jxwph8g
[2025-06-25T03:10:39.706Z] [DEBUG] Finding reports to execute in company_9jxwph8g (current time: 2025-06-25T03:10:39.706Z)
[2025-06-25T03:10:39.774Z] [INFO] Found 0 reports to execute in company_9jxwph8g
[2025-06-25T03:10:39.775Z] [INFO] Scheduled reports check completed
[2025-06-25T03:10:39.777Z] [DEBUG] MongoDB connection closed
[2025-06-25T03:11:08.191Z] [INFO] Checking for scheduled reports...
[2025-06-25T03:11:10.294Z] [DEBUG] Connected to MongoDB
[2025-06-25T03:11:10.385Z] [INFO] Found 1 company databases
[2025-06-25T03:11:10.386Z] [DEBUG] Processing company database: company_9jxwph8g
[2025-06-25T03:11:10.469Z] [DEBUG] Finding reports to execute in company_9jxwph8g (current time: 2025-06-25T03:11:10.469Z)
[2025-06-25T03:11:10.543Z] [INFO] Found 0 reports to execute in company_9jxwph8g
[2025-06-25T03:11:10.544Z] [INFO] Scheduled reports check completed
[2025-06-25T03:11:10.546Z] [DEBUG] MongoDB connection closed
[2025-06-25T03:11:38.193Z] [INFO] Checking for scheduled reports...
[2025-06-25T03:11:40.612Z] [DEBUG] Connected to MongoDB
[2025-06-25T03:11:40.706Z] [INFO] Found 1 company databases
[2025-06-25T03:11:40.707Z] [DEBUG] Processing company database: company_9jxwph8g
[2025-06-25T03:11:40.790Z] [DEBUG] Finding reports to execute in company_9jxwph8g (current time: 2025-06-25T03:11:40.789Z)
[2025-06-25T03:11:40.862Z] [INFO] Found 0 reports to execute in company_9jxwph8g
[2025-06-25T03:11:40.862Z] [INFO] Scheduled reports check completed
[2025-06-25T03:11:40.865Z] [DEBUG] MongoDB connection closed
[2025-06-25T03:12:08.196Z] [INFO] Checking for scheduled reports...
[2025-06-25T03:12:10.863Z] [DEBUG] Connected to MongoDB
[2025-06-25T03:12:10.940Z] [INFO] Found 1 company databases
[2025-06-25T03:12:10.941Z] [DEBUG] Processing company database: company_9jxwph8g
[2025-06-25T03:12:11.042Z] [DEBUG] Finding reports to execute in company_9jxwph8g (current time: 2025-06-25T03:12:11.042Z)
[2025-06-25T03:12:11.104Z] [INFO] Found 0 reports to execute in company_9jxwph8g
[2025-06-25T03:12:11.104Z] [INFO] Scheduled reports check completed
[2025-06-25T03:12:11.107Z] [DEBUG] MongoDB connection closed
[2025-06-25T03:12:38.196Z] [INFO] Checking for scheduled reports...
[2025-06-25T03:12:39.601Z] [DEBUG] Connected to MongoDB
[2025-06-25T03:12:39.688Z] [INFO] Found 1 company databases
[2025-06-25T03:12:39.689Z] [DEBUG] Processing company database: company_9jxwph8g
[2025-06-25T03:12:39.796Z] [DEBUG] Finding reports to execute in company_9jxwph8g (current time: 2025-06-25T03:12:39.796Z)
[2025-06-25T03:12:39.923Z] [INFO] Found 0 reports to execute in company_9jxwph8g
[2025-06-25T03:12:39.923Z] [INFO] Scheduled reports check completed
[2025-06-25T03:12:39.926Z] [DEBUG] MongoDB connection closed
[2025-06-25T03:13:08.197Z] [INFO] Checking for scheduled reports...
[2025-06-25T03:13:09.334Z] [DEBUG] Connected to MongoDB
[2025-06-25T03:13:09.440Z] [INFO] Found 1 company databases
[2025-06-25T03:13:09.441Z] [DEBUG] Processing company database: company_9jxwph8g
[2025-06-25T03:13:09.535Z] [DEBUG] Finding reports to execute in company_9jxwph8g (current time: 2025-06-25T03:13:09.535Z)
[2025-06-25T03:13:09.653Z] [INFO] Found 0 reports to execute in company_9jxwph8g
[2025-06-25T03:13:09.653Z] [INFO] Scheduled reports check completed
[2025-06-25T03:13:09.655Z] [DEBUG] MongoDB connection closed
[2025-06-25T03:13:38.198Z] [INFO] Checking for scheduled reports...
[2025-06-25T03:13:39.217Z] [DEBUG] Connected to MongoDB
[2025-06-25T03:13:39.337Z] [INFO] Found 1 company databases
[2025-06-25T03:13:39.340Z] [DEBUG] Processing company database: company_9jxwph8g
[2025-06-25T03:13:39.415Z] [DEBUG] Finding reports to execute in company_9jxwph8g (current time: 2025-06-25T03:13:39.415Z)
[2025-06-25T03:13:39.485Z] [INFO] Found 0 reports to execute in company_9jxwph8g
[2025-06-25T03:13:39.486Z] [INFO] Scheduled reports check completed
[2025-06-25T03:13:39.488Z] [DEBUG] MongoDB connection closed
[2025-06-25T03:14:08.200Z] [INFO] Checking for scheduled reports...
[2025-06-25T03:14:09.415Z] [DEBUG] Connected to MongoDB
[2025-06-25T03:14:09.520Z] [INFO] Found 1 company databases
[2025-06-25T03:14:09.521Z] [DEBUG] Processing company database: company_9jxwph8g
[2025-06-25T03:14:09.593Z] [DEBUG] Finding reports to execute in company_9jxwph8g (current time: 2025-06-25T03:14:09.593Z)
[2025-06-25T03:14:09.666Z] [INFO] Found 0 reports to execute in company_9jxwph8g
[2025-06-25T03:14:09.667Z] [INFO] Scheduled reports check completed
[2025-06-25T03:14:09.669Z] [DEBUG] MongoDB connection closed
[2025-06-25T03:14:38.202Z] [INFO] Checking for scheduled reports...
[2025-06-25T03:14:39.151Z] [DEBUG] Connected to MongoDB
[2025-06-25T03:14:39.331Z] [INFO] Found 1 company databases
[2025-06-25T03:14:39.331Z] [DEBUG] Processing company database: company_9jxwph8g
[2025-06-25T03:14:39.484Z] [DEBUG] Finding reports to execute in company_9jxwph8g (current time: 2025-06-25T03:14:39.484Z)
[2025-06-25T03:14:39.634Z] [INFO] Found 0 reports to execute in company_9jxwph8g
[2025-06-25T03:14:39.635Z] [INFO] Scheduled reports check completed
[2025-06-25T03:14:39.637Z] [DEBUG] MongoDB connection closed
[2025-06-25T03:15:08.203Z] [INFO] Checking for scheduled reports...
[2025-06-25T03:15:09.657Z] [DEBUG] Connected to MongoDB
[2025-06-25T03:15:09.740Z] [INFO] Found 1 company databases
[2025-06-25T03:15:09.740Z] [DEBUG] Processing company database: company_9jxwph8g
[2025-06-25T03:15:09.844Z] [DEBUG] Finding reports to execute in company_9jxwph8g (current time: 2025-06-25T03:15:09.844Z)
[2025-06-25T03:15:09.929Z] [INFO] Found 0 reports to execute in company_9jxwph8g
[2025-06-25T03:15:09.930Z] [INFO] Scheduled reports check completed
[2025-06-25T03:15:09.932Z] [DEBUG] MongoDB connection closed
[2025-06-25T03:15:38.204Z] [INFO] Checking for scheduled reports...
[2025-06-25T03:15:39.363Z] [DEBUG] Connected to MongoDB
[2025-06-25T03:15:39.443Z] [INFO] Found 1 company databases
[2025-06-25T03:15:39.444Z] [DEBUG] Processing company database: company_9jxwph8g
[2025-06-25T03:15:39.535Z] [DEBUG] Finding reports to execute in company_9jxwph8g (current time: 2025-06-25T03:15:39.535Z)
[2025-06-25T03:15:39.620Z] [INFO] Found 0 reports to execute in company_9jxwph8g
[2025-06-25T03:15:39.621Z] [INFO] Scheduled reports check completed
[2025-06-25T03:15:39.623Z] [DEBUG] MongoDB connection closed
[2025-06-25T03:16:08.204Z] [INFO] Checking for scheduled reports...
[2025-06-25T03:16:09.126Z] [DEBUG] Connected to MongoDB
[2025-06-25T03:16:09.223Z] [INFO] Found 1 company databases
[2025-06-25T03:16:09.223Z] [DEBUG] Processing company database: company_9jxwph8g
[2025-06-25T03:16:09.394Z] [DEBUG] Finding reports to execute in company_9jxwph8g (current time: 2025-06-25T03:16:09.394Z)
[2025-06-25T03:16:09.468Z] [INFO] Found 0 reports to execute in company_9jxwph8g
[2025-06-25T03:16:09.469Z] [INFO] Scheduled reports check completed
[2025-06-25T03:16:09.470Z] [DEBUG] MongoDB connection closed
[2025-06-25T03:16:38.206Z] [INFO] Checking for scheduled reports...
[2025-06-25T03:16:38.948Z] [DEBUG] Connected to MongoDB
[2025-06-25T03:16:39.015Z] [INFO] Found 1 company databases
[2025-06-25T03:16:39.016Z] [DEBUG] Processing company database: company_9jxwph8g
[2025-06-25T03:16:39.072Z] [DEBUG] Finding reports to execute in company_9jxwph8g (current time: 2025-06-25T03:16:39.072Z)
[2025-06-25T03:16:39.136Z] [INFO] Found 0 reports to execute in company_9jxwph8g
[2025-06-25T03:16:39.136Z] [INFO] Scheduled reports check completed
[2025-06-25T03:16:39.138Z] [DEBUG] MongoDB connection closed
[2025-06-25T03:17:08.207Z] [INFO] Checking for scheduled reports...
[2025-06-25T03:17:09.578Z] [DEBUG] Connected to MongoDB
[2025-06-25T03:17:09.669Z] [INFO] Found 1 company databases
[2025-06-25T03:17:09.670Z] [DEBUG] Processing company database: company_9jxwph8g
[2025-06-25T03:17:09.818Z] [DEBUG] Finding reports to execute in company_9jxwph8g (current time: 2025-06-25T03:17:09.818Z)
[2025-06-25T03:17:09.917Z] [INFO] Found 0 reports to execute in company_9jxwph8g
[2025-06-25T03:17:09.918Z] [INFO] Scheduled reports check completed
[2025-06-25T03:17:09.920Z] [DEBUG] MongoDB connection closed
[2025-06-25T03:17:38.208Z] [INFO] Checking for scheduled reports...
[2025-06-25T03:17:38.982Z] [DEBUG] Connected to MongoDB
[2025-06-25T03:17:39.051Z] [INFO] Found 1 company databases
[2025-06-25T03:17:39.052Z] [DEBUG] Processing company database: company_9jxwph8g
[2025-06-25T03:17:39.107Z] [DEBUG] Finding reports to execute in company_9jxwph8g (current time: 2025-06-25T03:17:39.107Z)
[2025-06-25T03:17:39.166Z] [INFO] Found 0 reports to execute in company_9jxwph8g
[2025-06-25T03:17:39.166Z] [INFO] Scheduled reports check completed
[2025-06-25T03:17:39.167Z] [DEBUG] MongoDB connection closed
[2025-06-25T03:18:08.210Z] [INFO] Checking for scheduled reports...
[2025-06-25T03:18:08.866Z] [DEBUG] Connected to MongoDB
[2025-06-25T03:18:08.933Z] [INFO] Found 1 company databases
[2025-06-25T03:18:08.933Z] [DEBUG] Processing company database: company_9jxwph8g
[2025-06-25T03:18:08.992Z] [DEBUG] Finding reports to execute in company_9jxwph8g (current time: 2025-06-25T03:18:08.992Z)
[2025-06-25T03:18:09.050Z] [INFO] Found 0 reports to execute in company_9jxwph8g
[2025-06-25T03:18:09.051Z] [INFO] Scheduled reports check completed
[2025-06-25T03:18:09.053Z] [DEBUG] MongoDB connection closed
[2025-06-25T03:18:38.211Z] [INFO] Checking for scheduled reports...
[2025-06-25T03:18:39.092Z] [DEBUG] Connected to MongoDB
[2025-06-25T03:18:39.206Z] [INFO] Found 1 company databases
[2025-06-25T03:18:39.207Z] [DEBUG] Processing company database: company_9jxwph8g
[2025-06-25T03:18:39.269Z] [DEBUG] Finding reports to execute in company_9jxwph8g (current time: 2025-06-25T03:18:39.269Z)
[2025-06-25T03:18:39.327Z] [INFO] Found 0 reports to execute in company_9jxwph8g
[2025-06-25T03:18:39.328Z] [INFO] Scheduled reports check completed
[2025-06-25T03:18:39.331Z] [DEBUG] MongoDB connection closed
[2025-06-25T03:19:08.212Z] [INFO] Checking for scheduled reports...
[2025-06-25T03:19:08.867Z] [DEBUG] Connected to MongoDB
[2025-06-25T03:19:08.936Z] [INFO] Found 1 company databases
[2025-06-25T03:19:08.937Z] [DEBUG] Processing company database: company_9jxwph8g
[2025-06-25T03:19:08.998Z] [DEBUG] Finding reports to execute in company_9jxwph8g (current time: 2025-06-25T03:19:08.998Z)
[2025-06-25T03:19:09.133Z] [INFO] Found 0 reports to execute in company_9jxwph8g
[2025-06-25T03:19:09.134Z] [INFO] Scheduled reports check completed
[2025-06-25T03:19:09.136Z] [DEBUG] MongoDB connection closed
[2025-06-25T03:19:38.214Z] [INFO] Checking for scheduled reports...
[2025-06-25T03:19:38.879Z] [DEBUG] Connected to MongoDB
[2025-06-25T03:19:38.952Z] [INFO] Found 1 company databases
[2025-06-25T03:19:38.952Z] [DEBUG] Processing company database: company_9jxwph8g
[2025-06-25T03:19:39.018Z] [DEBUG] Finding reports to execute in company_9jxwph8g (current time: 2025-06-25T03:19:39.018Z)
[2025-06-25T03:19:39.075Z] [INFO] Found 0 reports to execute in company_9jxwph8g
[2025-06-25T03:19:39.076Z] [INFO] Scheduled reports check completed
[2025-06-25T03:19:39.078Z] [DEBUG] MongoDB connection closed
[2025-06-25T03:20:08.215Z] [INFO] Checking for scheduled reports...
[2025-06-25T03:20:08.897Z] [DEBUG] Connected to MongoDB
[2025-06-25T03:20:08.966Z] [INFO] Found 1 company databases
[2025-06-25T03:20:08.966Z] [DEBUG] Processing company database: company_9jxwph8g
[2025-06-25T03:20:09.024Z] [DEBUG] Finding reports to execute in company_9jxwph8g (current time: 2025-06-25T03:20:09.024Z)
[2025-06-25T03:20:09.084Z] [INFO] Found 0 reports to execute in company_9jxwph8g
[2025-06-25T03:20:09.084Z] [INFO] Scheduled reports check completed
[2025-06-25T03:20:09.086Z] [DEBUG] MongoDB connection closed
[2025-06-25T03:20:38.217Z] [INFO] Checking for scheduled reports...
[2025-06-25T03:20:38.909Z] [DEBUG] Connected to MongoDB
[2025-06-25T03:20:38.976Z] [INFO] Found 1 company databases
[2025-06-25T03:20:38.977Z] [DEBUG] Processing company database: company_9jxwph8g
[2025-06-25T03:20:39.037Z] [DEBUG] Finding reports to execute in company_9jxwph8g (current time: 2025-06-25T03:20:39.037Z)
[2025-06-25T03:20:39.100Z] [INFO] Found 0 reports to execute in company_9jxwph8g
[2025-06-25T03:20:39.100Z] [INFO] Scheduled reports check completed
[2025-06-25T03:20:39.103Z] [DEBUG] MongoDB connection closed
[2025-06-25T03:21:08.217Z] [INFO] Checking for scheduled reports...
[2025-06-25T03:21:08.888Z] [DEBUG] Connected to MongoDB
[2025-06-25T03:21:08.963Z] [INFO] Found 1 company databases
[2025-06-25T03:21:08.964Z] [DEBUG] Processing company database: company_9jxwph8g
[2025-06-25T03:21:09.024Z] [DEBUG] Finding reports to execute in company_9jxwph8g (current time: 2025-06-25T03:21:09.024Z)
[2025-06-25T03:21:09.081Z] [INFO] Found 0 reports to execute in company_9jxwph8g
[2025-06-25T03:21:09.082Z] [INFO] Scheduled reports check completed
[2025-06-25T03:21:09.085Z] [DEBUG] MongoDB connection closed
[2025-06-25T03:21:38.218Z] [INFO] Checking for scheduled reports...
[2025-06-25T03:21:39.283Z] [DEBUG] Connected to MongoDB
[2025-06-25T03:21:39.405Z] [INFO] Found 1 company databases
[2025-06-25T03:21:39.405Z] [DEBUG] Processing company database: company_9jxwph8g
[2025-06-25T03:21:39.552Z] [DEBUG] Finding reports to execute in company_9jxwph8g (current time: 2025-06-25T03:21:39.552Z)
[2025-06-25T03:21:39.704Z] [INFO] Found 0 reports to execute in company_9jxwph8g
[2025-06-25T03:21:39.704Z] [INFO] Scheduled reports check completed
[2025-06-25T03:21:39.707Z] [DEBUG] MongoDB connection closed
[2025-06-25T03:22:08.220Z] [INFO] Checking for scheduled reports...
[2025-06-25T03:22:08.939Z] [DEBUG] Connected to MongoDB
[2025-06-25T03:22:09.029Z] [INFO] Found 1 company databases
[2025-06-25T03:22:09.029Z] [DEBUG] Processing company database: company_9jxwph8g
[2025-06-25T03:22:09.088Z] [DEBUG] Finding reports to execute in company_9jxwph8g (current time: 2025-06-25T03:22:09.088Z)
[2025-06-25T03:22:09.161Z] [INFO] Found 0 reports to execute in company_9jxwph8g
[2025-06-25T03:22:09.162Z] [INFO] Scheduled reports check completed
[2025-06-25T03:22:09.164Z] [DEBUG] MongoDB connection closed
[2025-06-25T03:22:38.222Z] [INFO] Checking for scheduled reports...
[2025-06-25T03:22:38.976Z] [DEBUG] Connected to MongoDB
[2025-06-25T03:22:39.059Z] [INFO] Found 1 company databases
[2025-06-25T03:22:39.060Z] [DEBUG] Processing company database: company_9jxwph8g
[2025-06-25T03:22:39.124Z] [DEBUG] Finding reports to execute in company_9jxwph8g (current time: 2025-06-25T03:22:39.124Z)
[2025-06-25T03:22:39.186Z] [INFO] Found 0 reports to execute in company_9jxwph8g
[2025-06-25T03:22:39.186Z] [INFO] Scheduled reports check completed
[2025-06-25T03:22:39.187Z] [DEBUG] MongoDB connection closed
[2025-06-25T03:23:08.223Z] [INFO] Checking for scheduled reports...
[2025-06-25T03:23:08.988Z] [DEBUG] Connected to MongoDB
[2025-06-25T03:23:09.067Z] [INFO] Found 1 company databases
[2025-06-25T03:23:09.067Z] [DEBUG] Processing company database: company_9jxwph8g
[2025-06-25T03:23:09.129Z] [DEBUG] Finding reports to execute in company_9jxwph8g (current time: 2025-06-25T03:23:09.129Z)
[2025-06-25T03:23:09.187Z] [INFO] Found 0 reports to execute in company_9jxwph8g
[2025-06-25T03:23:09.187Z] [INFO] Scheduled reports check completed
[2025-06-25T03:23:09.189Z] [DEBUG] MongoDB connection closed
[2025-06-25T03:23:38.225Z] [INFO] Checking for scheduled reports...
[2025-06-25T03:23:38.997Z] [DEBUG] Connected to MongoDB
[2025-06-25T03:23:39.092Z] [INFO] Found 1 company databases
[2025-06-25T03:23:39.093Z] [DEBUG] Processing company database: company_9jxwph8g
[2025-06-25T03:23:39.169Z] [DEBUG] Finding reports to execute in company_9jxwph8g (current time: 2025-06-25T03:23:39.169Z)
[2025-06-25T03:23:39.235Z] [INFO] Found 0 reports to execute in company_9jxwph8g
[2025-06-25T03:23:39.235Z] [INFO] Scheduled reports check completed
[2025-06-25T03:23:39.238Z] [DEBUG] MongoDB connection closed
[2025-06-25T03:24:08.226Z] [INFO] Checking for scheduled reports...
[2025-06-25T03:24:09.006Z] [DEBUG] Connected to MongoDB
[2025-06-25T03:24:09.078Z] [INFO] Found 1 company databases
[2025-06-25T03:24:09.078Z] [DEBUG] Processing company database: company_9jxwph8g
[2025-06-25T03:24:09.137Z] [DEBUG] Finding reports to execute in company_9jxwph8g (current time: 2025-06-25T03:24:09.137Z)
[2025-06-25T03:24:09.198Z] [INFO] Found 0 reports to execute in company_9jxwph8g
[2025-06-25T03:24:09.199Z] [INFO] Scheduled reports check completed
[2025-06-25T03:24:09.201Z] [DEBUG] MongoDB connection closed
[2025-06-25T03:24:38.228Z] [INFO] Checking for scheduled reports...
[2025-06-25T03:24:39.378Z] [DEBUG] Connected to MongoDB
[2025-06-25T03:24:39.541Z] [INFO] Found 1 company databases
[2025-06-25T03:24:39.541Z] [DEBUG] Processing company database: company_9jxwph8g
[2025-06-25T03:24:39.630Z] [DEBUG] Finding reports to execute in company_9jxwph8g (current time: 2025-06-25T03:24:39.630Z)
[2025-06-25T03:24:39.764Z] [INFO] Found 0 reports to execute in company_9jxwph8g
[2025-06-25T03:24:39.765Z] [INFO] Scheduled reports check completed
[2025-06-25T03:24:39.766Z] [DEBUG] MongoDB connection closed
[2025-06-25T03:25:08.159Z] [INFO] Checking for scheduled reports...
[2025-06-25T03:25:08.880Z] [DEBUG] Connected to MongoDB
[2025-06-25T03:25:08.948Z] [INFO] Found 1 company databases
[2025-06-25T03:25:08.948Z] [DEBUG] Processing company database: company_9jxwph8g
[2025-06-25T03:25:09.008Z] [DEBUG] Finding reports to execute in company_9jxwph8g (current time: 2025-06-25T03:25:09.008Z)
[2025-06-25T03:25:09.070Z] [INFO] Found 0 reports to execute in company_9jxwph8g
[2025-06-25T03:25:09.070Z] [INFO] Scheduled reports check completed
[2025-06-25T03:25:09.073Z] [DEBUG] MongoDB connection closed
[2025-06-25T03:25:38.160Z] [INFO] Checking for scheduled reports...
[2025-06-25T03:25:39.044Z] [DEBUG] Connected to MongoDB
[2025-06-25T03:25:39.118Z] [INFO] Found 1 company databases
[2025-06-25T03:25:39.119Z] [DEBUG] Processing company database: company_9jxwph8g
[2025-06-25T03:25:39.181Z] [DEBUG] Finding reports to execute in company_9jxwph8g (current time: 2025-06-25T03:25:39.181Z)
[2025-06-25T03:25:39.238Z] [INFO] Found 0 reports to execute in company_9jxwph8g
[2025-06-25T03:25:39.239Z] [INFO] Scheduled reports check completed
[2025-06-25T03:25:39.241Z] [DEBUG] MongoDB connection closed
[2025-06-25T03:26:08.161Z] [INFO] Checking for scheduled reports...
[2025-06-25T03:26:09.173Z] [DEBUG] Connected to MongoDB
[2025-06-25T03:26:09.268Z] [INFO] Found 1 company databases
[2025-06-25T03:26:09.269Z] [DEBUG] Processing company database: company_9jxwph8g
[2025-06-25T03:26:09.328Z] [DEBUG] Finding reports to execute in company_9jxwph8g (current time: 2025-06-25T03:26:09.328Z)
[2025-06-25T03:26:09.387Z] [INFO] Found 0 reports to execute in company_9jxwph8g
[2025-06-25T03:26:09.387Z] [INFO] Scheduled reports check completed
[2025-06-25T03:26:09.389Z] [DEBUG] MongoDB connection closed
[2025-06-25T03:26:38.162Z] [INFO] Checking for scheduled reports...
[2025-06-25T03:26:38.825Z] [DEBUG] Connected to MongoDB
[2025-06-25T03:26:38.904Z] [INFO] Found 1 company databases
[2025-06-25T03:26:38.904Z] [DEBUG] Processing company database: company_9jxwph8g
[2025-06-25T03:26:38.963Z] [DEBUG] Finding reports to execute in company_9jxwph8g (current time: 2025-06-25T03:26:38.963Z)
[2025-06-25T03:26:39.027Z] [INFO] Found 0 reports to execute in company_9jxwph8g
[2025-06-25T03:26:39.027Z] [INFO] Scheduled reports check completed
[2025-06-25T03:26:39.030Z] [DEBUG] MongoDB connection closed
[2025-06-25T03:27:08.163Z] [INFO] Checking for scheduled reports...
[2025-06-25T03:27:08.804Z] [DEBUG] Connected to MongoDB
[2025-06-25T03:27:08.878Z] [INFO] Found 1 company databases
[2025-06-25T03:27:08.879Z] [DEBUG] Processing company database: company_9jxwph8g
[2025-06-25T03:27:08.939Z] [DEBUG] Finding reports to execute in company_9jxwph8g (current time: 2025-06-25T03:27:08.939Z)
[2025-06-25T03:27:08.996Z] [INFO] Found 0 reports to execute in company_9jxwph8g
[2025-06-25T03:27:08.997Z] [INFO] Scheduled reports check completed
[2025-06-25T03:27:09.000Z] [DEBUG] MongoDB connection closed
[2025-06-25T03:27:38.164Z] [INFO] Checking for scheduled reports...
[2025-06-25T03:27:38.868Z] [DEBUG] Connected to MongoDB
[2025-06-25T03:27:38.937Z] [INFO] Found 1 company databases
[2025-06-25T03:27:38.937Z] [DEBUG] Processing company database: company_9jxwph8g
[2025-06-25T03:27:39.000Z] [DEBUG] Finding reports to execute in company_9jxwph8g (current time: 2025-06-25T03:27:39.000Z)
[2025-06-25T03:27:39.060Z] [INFO] Found 0 reports to execute in company_9jxwph8g
[2025-06-25T03:27:39.060Z] [INFO] Scheduled reports check completed
[2025-06-25T03:27:39.062Z] [DEBUG] MongoDB connection closed
[2025-06-25T03:28:08.164Z] [INFO] Checking for scheduled reports...
[2025-06-25T03:28:08.838Z] [DEBUG] Connected to MongoDB
[2025-06-25T03:28:08.908Z] [INFO] Found 1 company databases
[2025-06-25T03:28:08.908Z] [DEBUG] Processing company database: company_9jxwph8g
[2025-06-25T03:28:08.983Z] [DEBUG] Finding reports to execute in company_9jxwph8g (current time: 2025-06-25T03:28:08.983Z)
[2025-06-25T03:28:09.103Z] [INFO] Found 0 reports to execute in company_9jxwph8g
[2025-06-25T03:28:09.104Z] [INFO] Scheduled reports check completed
[2025-06-25T03:28:09.105Z] [DEBUG] MongoDB connection closed
[2025-06-25T03:28:38.165Z] [INFO] Checking for scheduled reports...
[2025-06-25T03:28:38.893Z] [DEBUG] Connected to MongoDB
[2025-06-25T03:28:38.965Z] [INFO] Found 1 company databases
[2025-06-25T03:28:38.966Z] [DEBUG] Processing company database: company_9jxwph8g
[2025-06-25T03:28:39.029Z] [DEBUG] Finding reports to execute in company_9jxwph8g (current time: 2025-06-25T03:28:39.029Z)
[2025-06-25T03:28:39.087Z] [INFO] Found 0 reports to execute in company_9jxwph8g
[2025-06-25T03:28:39.087Z] [INFO] Scheduled reports check completed
[2025-06-25T03:28:39.088Z] [DEBUG] MongoDB connection closed
[2025-06-25T03:29:08.165Z] [INFO] Checking for scheduled reports...
[2025-06-25T03:29:08.871Z] [DEBUG] Connected to MongoDB
[2025-06-25T03:29:08.942Z] [INFO] Found 1 company databases
[2025-06-25T03:29:08.942Z] [DEBUG] Processing company database: company_9jxwph8g
[2025-06-25T03:29:09.000Z] [DEBUG] Finding reports to execute in company_9jxwph8g (current time: 2025-06-25T03:29:09.000Z)
[2025-06-25T03:29:09.057Z] [INFO] Found 0 reports to execute in company_9jxwph8g
[2025-06-25T03:29:09.058Z] [INFO] Scheduled reports check completed
[2025-06-25T03:29:09.060Z] [DEBUG] MongoDB connection closed
[2025-06-25T03:29:38.167Z] [INFO] Checking for scheduled reports...
[2025-06-25T03:29:38.902Z] [DEBUG] Connected to MongoDB
[2025-06-25T03:29:38.973Z] [INFO] Found 1 company databases
[2025-06-25T03:29:38.974Z] [DEBUG] Processing company database: company_9jxwph8g
[2025-06-25T03:29:39.033Z] [DEBUG] Finding reports to execute in company_9jxwph8g (current time: 2025-06-25T03:29:39.033Z)
[2025-06-25T03:29:39.092Z] [INFO] Found 0 reports to execute in company_9jxwph8g
[2025-06-25T03:29:39.092Z] [INFO] Scheduled reports check completed
[2025-06-25T03:29:39.094Z] [DEBUG] MongoDB connection closed
[2025-06-25T03:30:08.167Z] [INFO] Checking for scheduled reports...
[2025-06-25T03:30:08.863Z] [DEBUG] Connected to MongoDB
[2025-06-25T03:30:08.933Z] [INFO] Found 1 company databases
[2025-06-25T03:30:08.933Z] [DEBUG] Processing company database: company_9jxwph8g
[2025-06-25T03:30:08.994Z] [DEBUG] Finding reports to execute in company_9jxwph8g (current time: 2025-06-25T03:30:08.994Z)
[2025-06-25T03:30:09.054Z] [INFO] Found 0 reports to execute in company_9jxwph8g
[2025-06-25T03:30:09.055Z] [INFO] Scheduled reports check completed
[2025-06-25T03:30:09.057Z] [DEBUG] MongoDB connection closed
[2025-06-25T03:30:38.168Z] [INFO] Checking for scheduled reports...
[2025-06-25T03:30:39.281Z] [DEBUG] Connected to MongoDB
[2025-06-25T03:30:39.362Z] [INFO] Found 1 company databases
[2025-06-25T03:30:39.363Z] [DEBUG] Processing company database: company_9jxwph8g
[2025-06-25T03:30:39.421Z] [DEBUG] Finding reports to execute in company_9jxwph8g (current time: 2025-06-25T03:30:39.421Z)
[2025-06-25T03:30:39.479Z] [INFO] Found 0 reports to execute in company_9jxwph8g
[2025-06-25T03:30:39.480Z] [INFO] Scheduled reports check completed
[2025-06-25T03:30:39.482Z] [DEBUG] MongoDB connection closed
[2025-06-25T03:31:08.169Z] [INFO] Checking for scheduled reports...
[2025-06-25T03:31:08.981Z] [DEBUG] Connected to MongoDB
[2025-06-25T03:31:09.058Z] [INFO] Found 1 company databases
[2025-06-25T03:31:09.058Z] [DEBUG] Processing company database: company_9jxwph8g
[2025-06-25T03:31:09.123Z] [DEBUG] Finding reports to execute in company_9jxwph8g (current time: 2025-06-25T03:31:09.123Z)
[2025-06-25T03:31:09.181Z] [INFO] Found 0 reports to execute in company_9jxwph8g
[2025-06-25T03:31:09.182Z] [INFO] Scheduled reports check completed
[2025-06-25T03:31:09.184Z] [DEBUG] MongoDB connection closed
[2025-06-25T03:31:38.170Z] [INFO] Checking for scheduled reports...
[2025-06-25T03:31:38.853Z] [DEBUG] Connected to MongoDB
[2025-06-25T03:31:38.920Z] [INFO] Found 1 company databases
[2025-06-25T03:31:38.921Z] [DEBUG] Processing company database: company_9jxwph8g
[2025-06-25T03:31:38.980Z] [DEBUG] Finding reports to execute in company_9jxwph8g (current time: 2025-06-25T03:31:38.980Z)
[2025-06-25T03:31:39.038Z] [INFO] Found 0 reports to execute in company_9jxwph8g
[2025-06-25T03:31:39.038Z] [INFO] Scheduled reports check completed
[2025-06-25T03:31:39.040Z] [DEBUG] MongoDB connection closed
[2025-06-25T03:32:08.170Z] [INFO] Checking for scheduled reports...
[2025-06-25T03:32:09.078Z] [DEBUG] Connected to MongoDB
[2025-06-25T03:32:09.326Z] [INFO] Found 1 company databases
[2025-06-25T03:32:09.327Z] [DEBUG] Processing company database: company_9jxwph8g
[2025-06-25T03:32:09.544Z] [DEBUG] Finding reports to execute in company_9jxwph8g (current time: 2025-06-25T03:32:09.544Z)
[2025-06-25T03:32:09.727Z] [INFO] Found 0 reports to execute in company_9jxwph8g
[2025-06-25T03:32:09.728Z] [INFO] Scheduled reports check completed
[2025-06-25T03:32:09.730Z] [DEBUG] MongoDB connection closed
[2025-06-25T03:32:38.171Z] [INFO] Checking for scheduled reports...
[2025-06-25T03:32:38.842Z] [DEBUG] Connected to MongoDB
[2025-06-25T03:32:38.911Z] [INFO] Found 1 company databases
[2025-06-25T03:32:38.912Z] [DEBUG] Processing company database: company_9jxwph8g
[2025-06-25T03:32:38.968Z] [DEBUG] Finding reports to execute in company_9jxwph8g (current time: 2025-06-25T03:32:38.968Z)
[2025-06-25T03:32:39.024Z] [INFO] Found 0 reports to execute in company_9jxwph8g
[2025-06-25T03:32:39.025Z] [INFO] Scheduled reports check completed
[2025-06-25T03:32:39.026Z] [DEBUG] MongoDB connection closed
[2025-06-25T03:33:08.173Z] [INFO] Checking for scheduled reports...
[2025-06-25T03:33:08.899Z] [DEBUG] Connected to MongoDB
[2025-06-25T03:33:08.969Z] [INFO] Found 1 company databases
[2025-06-25T03:33:08.970Z] [DEBUG] Processing company database: company_9jxwph8g
[2025-06-25T03:33:09.036Z] [DEBUG] Finding reports to execute in company_9jxwph8g (current time: 2025-06-25T03:33:09.036Z)
[2025-06-25T03:33:09.095Z] [INFO] Found 0 reports to execute in company_9jxwph8g
[2025-06-25T03:33:09.095Z] [INFO] Scheduled reports check completed
[2025-06-25T03:33:09.097Z] [DEBUG] MongoDB connection closed
[2025-06-25T03:33:38.174Z] [INFO] Checking for scheduled reports...
[2025-06-25T03:33:39.247Z] [DEBUG] Connected to MongoDB
[2025-06-25T03:33:39.573Z] [INFO] Found 1 company databases
[2025-06-25T03:33:39.574Z] [DEBUG] Processing company database: company_9jxwph8g
[2025-06-25T03:33:39.634Z] [DEBUG] Finding reports to execute in company_9jxwph8g (current time: 2025-06-25T03:33:39.633Z)
[2025-06-25T03:33:39.693Z] [INFO] Found 0 reports to execute in company_9jxwph8g
[2025-06-25T03:33:39.694Z] [INFO] Scheduled reports check completed
[2025-06-25T03:33:39.696Z] [DEBUG] MongoDB connection closed
[2025-06-25T03:34:08.174Z] [INFO] Checking for scheduled reports...
[2025-06-25T03:34:08.816Z] [DEBUG] Connected to MongoDB
[2025-06-25T03:34:08.887Z] [INFO] Found 1 company databases
[2025-06-25T03:34:08.888Z] [DEBUG] Processing company database: company_9jxwph8g
[2025-06-25T03:34:08.945Z] [DEBUG] Finding reports to execute in company_9jxwph8g (current time: 2025-06-25T03:34:08.945Z)
[2025-06-25T03:34:09.004Z] [INFO] Found 0 reports to execute in company_9jxwph8g
[2025-06-25T03:34:09.004Z] [INFO] Scheduled reports check completed
[2025-06-25T03:34:09.007Z] [DEBUG] MongoDB connection closed
[2025-06-25T03:34:38.174Z] [INFO] Checking for scheduled reports...
[2025-06-25T03:34:38.898Z] [DEBUG] Connected to MongoDB
[2025-06-25T03:34:38.981Z] [INFO] Found 1 company databases
[2025-06-25T03:34:38.982Z] [DEBUG] Processing company database: company_9jxwph8g
[2025-06-25T03:34:39.054Z] [DEBUG] Finding reports to execute in company_9jxwph8g (current time: 2025-06-25T03:34:39.054Z)
[2025-06-25T03:34:39.113Z] [INFO] Found 0 reports to execute in company_9jxwph8g
[2025-06-25T03:34:39.113Z] [INFO] Scheduled reports check completed
[2025-06-25T03:34:39.115Z] [DEBUG] MongoDB connection closed
[2025-06-25T03:35:08.176Z] [INFO] Checking for scheduled reports...
[2025-06-25T03:35:08.960Z] [DEBUG] Connected to MongoDB
[2025-06-25T03:35:09.034Z] [INFO] Found 1 company databases
[2025-06-25T03:35:09.034Z] [DEBUG] Processing company database: company_9jxwph8g
[2025-06-25T03:35:09.102Z] [DEBUG] Finding reports to execute in company_9jxwph8g (current time: 2025-06-25T03:35:09.102Z)
[2025-06-25T03:35:09.173Z] [INFO] Found 0 reports to execute in company_9jxwph8g
[2025-06-25T03:35:09.174Z] [INFO] Scheduled reports check completed
[2025-06-25T03:35:09.177Z] [DEBUG] MongoDB connection closed
[2025-06-25T03:35:38.177Z] [INFO] Checking for scheduled reports...
[2025-06-25T03:35:38.914Z] [DEBUG] Connected to MongoDB
[2025-06-25T03:35:38.983Z] [INFO] Found 1 company databases
[2025-06-25T03:35:38.984Z] [DEBUG] Processing company database: company_9jxwph8g
[2025-06-25T03:35:39.085Z] [DEBUG] Finding reports to execute in company_9jxwph8g (current time: 2025-06-25T03:35:39.085Z)
[2025-06-25T03:35:39.184Z] [INFO] Found 0 reports to execute in company_9jxwph8g
[2025-06-25T03:35:39.185Z] [INFO] Scheduled reports check completed
[2025-06-25T03:35:39.187Z] [DEBUG] MongoDB connection closed
[2025-06-25T03:36:08.178Z] [INFO] Checking for scheduled reports...
[2025-06-25T03:36:09.507Z] [DEBUG] Connected to MongoDB
[2025-06-25T03:36:09.581Z] [INFO] Found 1 company databases
[2025-06-25T03:36:09.582Z] [DEBUG] Processing company database: company_9jxwph8g
[2025-06-25T03:36:09.662Z] [DEBUG] Finding reports to execute in company_9jxwph8g (current time: 2025-06-25T03:36:09.662Z)
[2025-06-25T03:36:09.721Z] [INFO] Found 0 reports to execute in company_9jxwph8g
[2025-06-25T03:36:09.722Z] [INFO] Scheduled reports check completed
[2025-06-25T03:36:09.725Z] [DEBUG] MongoDB connection closed
[2025-06-25T03:36:38.180Z] [INFO] Checking for scheduled reports...
[2025-06-25T03:36:39.062Z] [DEBUG] Connected to MongoDB
[2025-06-25T03:36:39.133Z] [INFO] Found 1 company databases
[2025-06-25T03:36:39.134Z] [DEBUG] Processing company database: company_9jxwph8g
[2025-06-25T03:36:39.197Z] [DEBUG] Finding reports to execute in company_9jxwph8g (current time: 2025-06-25T03:36:39.197Z)
[2025-06-25T03:36:39.266Z] [INFO] Found 0 reports to execute in company_9jxwph8g
[2025-06-25T03:36:39.267Z] [INFO] Scheduled reports check completed
[2025-06-25T03:36:39.269Z] [DEBUG] MongoDB connection closed
[2025-06-25T03:37:08.181Z] [INFO] Checking for scheduled reports...
[2025-06-25T03:37:09.214Z] [DEBUG] Connected to MongoDB
[2025-06-25T03:37:09.284Z] [INFO] Found 1 company databases
[2025-06-25T03:37:09.285Z] [DEBUG] Processing company database: company_9jxwph8g
[2025-06-25T03:37:09.366Z] [DEBUG] Finding reports to execute in company_9jxwph8g (current time: 2025-06-25T03:37:09.366Z)
[2025-06-25T03:37:09.426Z] [INFO] Found 0 reports to execute in company_9jxwph8g
[2025-06-25T03:37:09.426Z] [INFO] Scheduled reports check completed
[2025-06-25T03:37:09.429Z] [DEBUG] MongoDB connection closed
[2025-06-25T03:37:38.182Z] [INFO] Checking for scheduled reports...
[2025-06-25T03:37:38.924Z] [DEBUG] Connected to MongoDB
[2025-06-25T03:37:38.991Z] [INFO] Found 1 company databases
[2025-06-25T03:37:38.992Z] [DEBUG] Processing company database: company_9jxwph8g
[2025-06-25T03:37:39.049Z] [DEBUG] Finding reports to execute in company_9jxwph8g (current time: 2025-06-25T03:37:39.049Z)
[2025-06-25T03:37:39.108Z] [INFO] Found 0 reports to execute in company_9jxwph8g
[2025-06-25T03:37:39.108Z] [INFO] Scheduled reports check completed
[2025-06-25T03:37:39.111Z] [DEBUG] MongoDB connection closed
[2025-06-25T03:38:08.183Z] [INFO] Checking for scheduled reports...
[2025-06-25T03:38:09.074Z] [DEBUG] Connected to MongoDB
[2025-06-25T03:38:09.142Z] [INFO] Found 1 company databases
[2025-06-25T03:38:09.143Z] [DEBUG] Processing company database: company_9jxwph8g
[2025-06-25T03:38:09.202Z] [DEBUG] Finding reports to execute in company_9jxwph8g (current time: 2025-06-25T03:38:09.202Z)
[2025-06-25T03:38:09.260Z] [INFO] Found 0 reports to execute in company_9jxwph8g
[2025-06-25T03:38:09.260Z] [INFO] Scheduled reports check completed
[2025-06-25T03:38:09.263Z] [DEBUG] MongoDB connection closed
[2025-06-25T03:38:38.185Z] [INFO] Checking for scheduled reports...
[2025-06-25T03:38:39.096Z] [DEBUG] Connected to MongoDB
[2025-06-25T03:38:39.166Z] [INFO] Found 1 company databases
[2025-06-25T03:38:39.167Z] [DEBUG] Processing company database: company_9jxwph8g
[2025-06-25T03:38:39.225Z] [DEBUG] Finding reports to execute in company_9jxwph8g (current time: 2025-06-25T03:38:39.225Z)
[2025-06-25T03:38:39.284Z] [INFO] Found 0 reports to execute in company_9jxwph8g
[2025-06-25T03:38:39.284Z] [INFO] Scheduled reports check completed
[2025-06-25T03:38:39.287Z] [DEBUG] MongoDB connection closed
[2025-06-25T03:39:08.187Z] [INFO] Checking for scheduled reports...
[2025-06-25T03:39:08.968Z] [DEBUG] Connected to MongoDB
[2025-06-25T03:39:09.044Z] [INFO] Found 1 company databases
[2025-06-25T03:39:09.044Z] [DEBUG] Processing company database: company_9jxwph8g
[2025-06-25T03:39:09.112Z] [DEBUG] Finding reports to execute in company_9jxwph8g (current time: 2025-06-25T03:39:09.112Z)
[2025-06-25T03:39:09.171Z] [INFO] Found 0 reports to execute in company_9jxwph8g
[2025-06-25T03:39:09.171Z] [INFO] Scheduled reports check completed
[2025-06-25T03:39:09.174Z] [DEBUG] MongoDB connection closed
[2025-06-25T03:39:38.188Z] [INFO] Checking for scheduled reports...
[2025-06-25T03:39:39.137Z] [DEBUG] Connected to MongoDB
[2025-06-25T03:39:39.210Z] [INFO] Found 1 company databases
[2025-06-25T03:39:39.210Z] [DEBUG] Processing company database: company_9jxwph8g
[2025-06-25T03:39:39.270Z] [DEBUG] Finding reports to execute in company_9jxwph8g (current time: 2025-06-25T03:39:39.270Z)
[2025-06-25T03:39:39.332Z] [INFO] Found 0 reports to execute in company_9jxwph8g
[2025-06-25T03:39:39.333Z] [INFO] Scheduled reports check completed
[2025-06-25T03:39:39.336Z] [DEBUG] MongoDB connection closed
[2025-06-25T03:40:08.049Z] [INFO] Checking for scheduled reports...
[2025-06-25T03:40:08.681Z] [DEBUG] Connected to MongoDB
[2025-06-25T03:40:08.748Z] [INFO] Found 1 company databases
[2025-06-25T03:40:08.749Z] [DEBUG] Processing company database: company_9jxwph8g
[2025-06-25T03:40:08.809Z] [DEBUG] Finding reports to execute in company_9jxwph8g (current time: 2025-06-25T03:40:08.809Z)
[2025-06-25T03:40:08.867Z] [INFO] Found 0 reports to execute in company_9jxwph8g
[2025-06-25T03:40:08.867Z] [INFO] Scheduled reports check completed
[2025-06-25T03:40:08.869Z] [DEBUG] MongoDB connection closed
[2025-06-25T03:40:38.048Z] [INFO] Checking for scheduled reports...
[2025-06-25T03:40:38.759Z] [DEBUG] Connected to MongoDB
[2025-06-25T03:40:38.834Z] [INFO] Found 1 company databases
[2025-06-25T03:40:38.834Z] [DEBUG] Processing company database: company_9jxwph8g
[2025-06-25T03:40:38.891Z] [DEBUG] Finding reports to execute in company_9jxwph8g (current time: 2025-06-25T03:40:38.891Z)
[2025-06-25T03:40:38.973Z] [INFO] Found 0 reports to execute in company_9jxwph8g
[2025-06-25T03:40:38.973Z] [INFO] Scheduled reports check completed
[2025-06-25T03:40:38.975Z] [DEBUG] MongoDB connection closed
[2025-06-25T03:41:08.049Z] [INFO] Checking for scheduled reports...
[2025-06-25T03:41:09.388Z] [DEBUG] Connected to MongoDB
[2025-06-25T03:41:09.496Z] [INFO] Found 1 company databases
[2025-06-25T03:41:09.496Z] [DEBUG] Processing company database: company_9jxwph8g
[2025-06-25T03:41:09.560Z] [DEBUG] Finding reports to execute in company_9jxwph8g (current time: 2025-06-25T03:41:09.560Z)
[2025-06-25T03:41:09.618Z] [INFO] Found 0 reports to execute in company_9jxwph8g
[2025-06-25T03:41:09.618Z] [INFO] Scheduled reports check completed
[2025-06-25T03:41:09.619Z] [DEBUG] MongoDB connection closed
[2025-06-25T03:41:38.049Z] [INFO] Checking for scheduled reports...
[2025-06-25T03:41:38.786Z] [DEBUG] Connected to MongoDB
[2025-06-25T03:41:38.864Z] [INFO] Found 1 company databases
[2025-06-25T03:41:38.864Z] [DEBUG] Processing company database: company_9jxwph8g
[2025-06-25T03:41:38.933Z] [DEBUG] Finding reports to execute in company_9jxwph8g (current time: 2025-06-25T03:41:38.933Z)
[2025-06-25T03:41:39.005Z] [INFO] Found 0 reports to execute in company_9jxwph8g
[2025-06-25T03:41:39.006Z] [INFO] Scheduled reports check completed
[2025-06-25T03:41:39.008Z] [DEBUG] MongoDB connection closed
[2025-06-25T03:42:08.048Z] [INFO] Checking for scheduled reports...
[2025-06-25T03:42:08.829Z] [DEBUG] Connected to MongoDB
[2025-06-25T03:42:08.913Z] [INFO] Found 1 company databases
[2025-06-25T03:42:08.913Z] [DEBUG] Processing company database: company_9jxwph8g
[2025-06-25T03:42:09.000Z] [DEBUG] Finding reports to execute in company_9jxwph8g (current time: 2025-06-25T03:42:09.000Z)
[2025-06-25T03:42:09.104Z] [INFO] Found 0 reports to execute in company_9jxwph8g
[2025-06-25T03:42:09.104Z] [INFO] Scheduled reports check completed
[2025-06-25T03:42:09.107Z] [DEBUG] MongoDB connection closed
[2025-06-25T03:42:38.049Z] [INFO] Checking for scheduled reports...
[2025-06-25T03:42:38.935Z] [DEBUG] Connected to MongoDB
[2025-06-25T03:42:39.046Z] [INFO] Found 1 company databases
[2025-06-25T03:42:39.046Z] [DEBUG] Processing company database: company_9jxwph8g
[2025-06-25T03:42:39.180Z] [DEBUG] Finding reports to execute in company_9jxwph8g (current time: 2025-06-25T03:42:39.180Z)
[2025-06-25T03:42:39.428Z] [INFO] Found 0 reports to execute in company_9jxwph8g
[2025-06-25T03:42:39.428Z] [INFO] Scheduled reports check completed
[2025-06-25T03:42:39.431Z] [DEBUG] MongoDB connection closed
[2025-06-25T03:43:08.050Z] [INFO] Checking for scheduled reports...
[2025-06-25T03:43:08.761Z] [DEBUG] Connected to MongoDB
[2025-06-25T03:43:08.830Z] [INFO] Found 1 company databases
[2025-06-25T03:43:08.831Z] [DEBUG] Processing company database: company_9jxwph8g
[2025-06-25T03:43:08.893Z] [DEBUG] Finding reports to execute in company_9jxwph8g (current time: 2025-06-25T03:43:08.893Z)
[2025-06-25T03:43:08.950Z] [INFO] Found 0 reports to execute in company_9jxwph8g
[2025-06-25T03:43:08.951Z] [INFO] Scheduled reports check completed
[2025-06-25T03:43:08.953Z] [DEBUG] MongoDB connection closed
[2025-06-25T03:43:38.051Z] [INFO] Checking for scheduled reports...
[2025-06-25T03:43:38.819Z] [DEBUG] Connected to MongoDB
[2025-06-25T03:43:38.891Z] [INFO] Found 1 company databases
[2025-06-25T03:43:38.892Z] [DEBUG] Processing company database: company_9jxwph8g
[2025-06-25T03:43:38.958Z] [DEBUG] Finding reports to execute in company_9jxwph8g (current time: 2025-06-25T03:43:38.958Z)
[2025-06-25T03:43:39.023Z] [INFO] Found 0 reports to execute in company_9jxwph8g
[2025-06-25T03:43:39.023Z] [INFO] Scheduled reports check completed
[2025-06-25T03:43:39.026Z] [DEBUG] MongoDB connection closed
[2025-06-25T03:44:08.051Z] [INFO] Checking for scheduled reports...
[2025-06-25T03:44:08.716Z] [DEBUG] Connected to MongoDB
[2025-06-25T03:44:08.784Z] [INFO] Found 1 company databases
[2025-06-25T03:44:08.784Z] [DEBUG] Processing company database: company_9jxwph8g
[2025-06-25T03:44:08.844Z] [DEBUG] Finding reports to execute in company_9jxwph8g (current time: 2025-06-25T03:44:08.843Z)
[2025-06-25T03:44:08.909Z] [INFO] Found 0 reports to execute in company_9jxwph8g
[2025-06-25T03:44:08.909Z] [INFO] Scheduled reports check completed
[2025-06-25T03:44:08.912Z] [DEBUG] MongoDB connection closed
[2025-06-25T03:44:38.053Z] [INFO] Checking for scheduled reports...
[2025-06-25T03:44:39.388Z] [DEBUG] Connected to MongoDB
[2025-06-25T03:44:39.506Z] [INFO] Found 1 company databases
[2025-06-25T03:44:39.506Z] [DEBUG] Processing company database: company_9jxwph8g
[2025-06-25T03:44:39.614Z] [DEBUG] Finding reports to execute in company_9jxwph8g (current time: 2025-06-25T03:44:39.614Z)
[2025-06-25T03:44:39.728Z] [INFO] Found 0 reports to execute in company_9jxwph8g
[2025-06-25T03:44:39.728Z] [INFO] Scheduled reports check completed
[2025-06-25T03:44:39.731Z] [DEBUG] MongoDB connection closed
[2025-06-25T03:45:08.053Z] [INFO] Checking for scheduled reports...
[2025-06-25T03:45:10.659Z] [DEBUG] Connected to MongoDB
[2025-06-25T03:45:10.761Z] [INFO] Found 1 company databases
[2025-06-25T03:45:10.762Z] [DEBUG] Processing company database: company_9jxwph8g
[2025-06-25T03:45:10.825Z] [DEBUG] Finding reports to execute in company_9jxwph8g (current time: 2025-06-25T03:45:10.825Z)
[2025-06-25T03:45:10.886Z] [INFO] Found 0 reports to execute in company_9jxwph8g
[2025-06-25T03:45:10.887Z] [INFO] Scheduled reports check completed
[2025-06-25T03:45:10.889Z] [DEBUG] MongoDB connection closed
[2025-06-25T03:45:38.055Z] [INFO] Checking for scheduled reports...
[2025-06-25T03:45:38.997Z] [DEBUG] Connected to MongoDB
[2025-06-25T03:45:39.092Z] [INFO] Found 1 company databases
[2025-06-25T03:45:39.092Z] [DEBUG] Processing company database: company_9jxwph8g
[2025-06-25T03:45:39.174Z] [DEBUG] Finding reports to execute in company_9jxwph8g (current time: 2025-06-25T03:45:39.174Z)
[2025-06-25T03:45:39.244Z] [INFO] Found 0 reports to execute in company_9jxwph8g
[2025-06-25T03:45:39.244Z] [INFO] Scheduled reports check completed
[2025-06-25T03:45:39.246Z] [DEBUG] MongoDB connection closed
[2025-06-25T03:46:08.057Z] [INFO] Checking for scheduled reports...
[2025-06-25T03:46:08.860Z] [DEBUG] Connected to MongoDB
[2025-06-25T03:46:08.944Z] [INFO] Found 1 company databases
[2025-06-25T03:46:08.945Z] [DEBUG] Processing company database: company_9jxwph8g
[2025-06-25T03:46:09.130Z] [DEBUG] Finding reports to execute in company_9jxwph8g (current time: 2025-06-25T03:46:09.130Z)
[2025-06-25T03:46:09.387Z] [INFO] Found 0 reports to execute in company_9jxwph8g
[2025-06-25T03:46:09.387Z] [INFO] Scheduled reports check completed
[2025-06-25T03:46:09.389Z] [DEBUG] MongoDB connection closed
[2025-06-25T03:46:38.059Z] [INFO] Checking for scheduled reports...
[2025-06-25T03:46:40.363Z] [DEBUG] Connected to MongoDB
[2025-06-25T03:46:40.536Z] [INFO] Found 1 company databases
[2025-06-25T03:46:40.537Z] [DEBUG] Processing company database: company_9jxwph8g
[2025-06-25T03:46:41.034Z] [DEBUG] Finding reports to execute in company_9jxwph8g (current time: 2025-06-25T03:46:41.034Z)
[2025-06-25T03:46:42.214Z] [INFO] Found 0 reports to execute in company_9jxwph8g
[2025-06-25T03:46:42.215Z] [INFO] Scheduled reports check completed
[2025-06-25T03:46:42.217Z] [DEBUG] MongoDB connection closed
[2025-06-25T03:47:08.059Z] [INFO] Checking for scheduled reports...
[2025-06-25T03:47:09.557Z] [DEBUG] Connected to MongoDB
[2025-06-25T03:47:09.681Z] [INFO] Found 1 company databases
[2025-06-25T03:47:09.681Z] [DEBUG] Processing company database: company_9jxwph8g
[2025-06-25T03:47:09.777Z] [DEBUG] Finding reports to execute in company_9jxwph8g (current time: 2025-06-25T03:47:09.777Z)
[2025-06-25T03:47:09.846Z] [INFO] Found 0 reports to execute in company_9jxwph8g
[2025-06-25T03:47:09.846Z] [INFO] Scheduled reports check completed
[2025-06-25T03:47:09.849Z] [DEBUG] MongoDB connection closed
[2025-06-25T03:47:38.060Z] [INFO] Checking for scheduled reports...
[2025-06-25T03:47:39.069Z] [DEBUG] Connected to MongoDB
[2025-06-25T03:47:39.192Z] [INFO] Found 1 company databases
[2025-06-25T03:47:39.193Z] [DEBUG] Processing company database: company_9jxwph8g
[2025-06-25T03:47:39.300Z] [DEBUG] Finding reports to execute in company_9jxwph8g (current time: 2025-06-25T03:47:39.300Z)
[2025-06-25T03:47:39.376Z] [INFO] Found 0 reports to execute in company_9jxwph8g
[2025-06-25T03:47:39.376Z] [INFO] Scheduled reports check completed
[2025-06-25T03:47:39.379Z] [DEBUG] MongoDB connection closed
[2025-06-25T03:48:08.061Z] [INFO] Checking for scheduled reports...
[2025-06-25T03:48:08.787Z] [DEBUG] Connected to MongoDB
[2025-06-25T03:48:08.896Z] [INFO] Found 1 company databases
[2025-06-25T03:48:08.897Z] [DEBUG] Processing company database: company_9jxwph8g
[2025-06-25T03:48:08.967Z] [DEBUG] Finding reports to execute in company_9jxwph8g (current time: 2025-06-25T03:48:08.967Z)
[2025-06-25T03:48:09.034Z] [INFO] Found 0 reports to execute in company_9jxwph8g
[2025-06-25T03:48:09.034Z] [INFO] Scheduled reports check completed
[2025-06-25T03:48:09.037Z] [DEBUG] MongoDB connection closed
[2025-06-25T03:48:38.062Z] [INFO] Checking for scheduled reports...
[2025-06-25T03:48:38.972Z] [DEBUG] Connected to MongoDB
[2025-06-25T03:48:39.058Z] [INFO] Found 1 company databases
[2025-06-25T03:48:39.059Z] [DEBUG] Processing company database: company_9jxwph8g
[2025-06-25T03:48:39.153Z] [DEBUG] Finding reports to execute in company_9jxwph8g (current time: 2025-06-25T03:48:39.153Z)
[2025-06-25T03:48:39.257Z] [INFO] Found 0 reports to execute in company_9jxwph8g
[2025-06-25T03:48:39.258Z] [INFO] Scheduled reports check completed
[2025-06-25T03:48:39.260Z] [DEBUG] MongoDB connection closed
[2025-06-25T03:49:08.062Z] [INFO] Checking for scheduled reports...
[2025-06-25T03:49:08.787Z] [DEBUG] Connected to MongoDB
[2025-06-25T03:49:08.905Z] [INFO] Found 1 company databases
[2025-06-25T03:49:08.906Z] [DEBUG] Processing company database: company_9jxwph8g
[2025-06-25T03:49:08.984Z] [DEBUG] Finding reports to execute in company_9jxwph8g (current time: 2025-06-25T03:49:08.984Z)
[2025-06-25T03:49:09.086Z] [INFO] Found 0 reports to execute in company_9jxwph8g
[2025-06-25T03:49:09.087Z] [INFO] Scheduled reports check completed
[2025-06-25T03:49:09.089Z] [DEBUG] MongoDB connection closed
[2025-06-25T03:49:38.061Z] [INFO] Checking for scheduled reports...
[2025-06-25T03:49:39.058Z] [DEBUG] Connected to MongoDB
[2025-06-25T03:49:39.141Z] [INFO] Found 1 company databases
[2025-06-25T03:49:39.142Z] [DEBUG] Processing company database: company_9jxwph8g
[2025-06-25T03:49:39.249Z] [DEBUG] Finding reports to execute in company_9jxwph8g (current time: 2025-06-25T03:49:39.249Z)
[2025-06-25T03:49:39.370Z] [INFO] Found 0 reports to execute in company_9jxwph8g
[2025-06-25T03:49:39.371Z] [INFO] Scheduled reports check completed
[2025-06-25T03:49:39.373Z] [DEBUG] MongoDB connection closed
[2025-06-25T03:50:08.063Z] [INFO] Checking for scheduled reports...
[2025-06-25T03:50:08.866Z] [DEBUG] Connected to MongoDB
[2025-06-25T03:50:08.940Z] [INFO] Found 1 company databases
[2025-06-25T03:50:08.941Z] [DEBUG] Processing company database: company_9jxwph8g
[2025-06-25T03:50:09.000Z] [DEBUG] Finding reports to execute in company_9jxwph8g (current time: 2025-06-25T03:50:09.000Z)
[2025-06-25T03:50:09.060Z] [INFO] Found 0 reports to execute in company_9jxwph8g
[2025-06-25T03:50:09.061Z] [INFO] Scheduled reports check completed
[2025-06-25T03:50:09.063Z] [DEBUG] MongoDB connection closed
[2025-06-25T03:50:38.063Z] [INFO] Checking for scheduled reports...
[2025-06-25T03:50:38.815Z] [DEBUG] Connected to MongoDB
[2025-06-25T03:50:38.882Z] [INFO] Found 1 company databases
[2025-06-25T03:50:38.883Z] [DEBUG] Processing company database: company_9jxwph8g
[2025-06-25T03:50:38.949Z] [DEBUG] Finding reports to execute in company_9jxwph8g (current time: 2025-06-25T03:50:38.949Z)
[2025-06-25T03:50:39.018Z] [INFO] Found 0 reports to execute in company_9jxwph8g
[2025-06-25T03:50:39.018Z] [INFO] Scheduled reports check completed
[2025-06-25T03:50:39.020Z] [DEBUG] MongoDB connection closed
[2025-06-25T03:51:08.063Z] [INFO] Checking for scheduled reports...
[2025-06-25T03:51:09.824Z] [DEBUG] Connected to MongoDB
[2025-06-25T03:51:09.969Z] [INFO] Found 1 company databases
[2025-06-25T03:51:09.969Z] [DEBUG] Processing company database: company_9jxwph8g
[2025-06-25T03:51:10.097Z] [DEBUG] Finding reports to execute in company_9jxwph8g (current time: 2025-06-25T03:51:10.097Z)
[2025-06-25T03:51:10.211Z] [INFO] Found 0 reports to execute in company_9jxwph8g
[2025-06-25T03:51:10.211Z] [INFO] Scheduled reports check completed
[2025-06-25T03:51:10.213Z] [DEBUG] MongoDB connection closed
[2025-06-25T03:51:38.063Z] [INFO] Checking for scheduled reports...
[2025-06-25T03:51:39.318Z] [DEBUG] Connected to MongoDB
[2025-06-25T03:51:39.429Z] [INFO] Found 1 company databases
[2025-06-25T03:51:39.430Z] [DEBUG] Processing company database: company_9jxwph8g
[2025-06-25T03:51:39.565Z] [DEBUG] Finding reports to execute in company_9jxwph8g (current time: 2025-06-25T03:51:39.565Z)
[2025-06-25T03:51:39.816Z] [INFO] Found 0 reports to execute in company_9jxwph8g
[2025-06-25T03:51:39.816Z] [INFO] Scheduled reports check completed
[2025-06-25T03:51:39.818Z] [DEBUG] MongoDB connection closed
[2025-06-25T03:52:08.063Z] [INFO] Checking for scheduled reports...
[2025-06-25T03:52:08.938Z] [DEBUG] Connected to MongoDB
[2025-06-25T03:52:09.025Z] [INFO] Found 1 company databases
[2025-06-25T03:52:09.027Z] [DEBUG] Processing company database: company_9jxwph8g
[2025-06-25T03:52:09.130Z] [DEBUG] Finding reports to execute in company_9jxwph8g (current time: 2025-06-25T03:52:09.130Z)
[2025-06-25T03:52:09.219Z] [INFO] Found 0 reports to execute in company_9jxwph8g
[2025-06-25T03:52:09.220Z] [INFO] Scheduled reports check completed
[2025-06-25T03:52:09.222Z] [DEBUG] MongoDB connection closed
[2025-06-25T03:52:38.062Z] [INFO] Checking for scheduled reports...
[2025-06-25T03:52:40.265Z] [DEBUG] Connected to MongoDB
[2025-06-25T03:52:40.366Z] [INFO] Found 1 company databases
[2025-06-25T03:52:40.367Z] [DEBUG] Processing company database: company_9jxwph8g
[2025-06-25T03:52:40.481Z] [DEBUG] Finding reports to execute in company_9jxwph8g (current time: 2025-06-25T03:52:40.481Z)
[2025-06-25T03:52:40.574Z] [INFO] Found 0 reports to execute in company_9jxwph8g
[2025-06-25T03:52:40.574Z] [INFO] Scheduled reports check completed
[2025-06-25T03:52:40.576Z] [DEBUG] MongoDB connection closed
[2025-06-25T03:53:08.061Z] [INFO] Checking for scheduled reports...
[2025-06-25T03:53:08.984Z] [DEBUG] Connected to MongoDB
[2025-06-25T03:53:09.079Z] [INFO] Found 1 company databases
[2025-06-25T03:53:09.080Z] [DEBUG] Processing company database: company_9jxwph8g
[2025-06-25T03:53:09.152Z] [DEBUG] Finding reports to execute in company_9jxwph8g (current time: 2025-06-25T03:53:09.152Z)
[2025-06-25T03:53:09.227Z] [INFO] Found 0 reports to execute in company_9jxwph8g
[2025-06-25T03:53:09.227Z] [INFO] Scheduled reports check completed
[2025-06-25T03:53:09.228Z] [DEBUG] MongoDB connection closed
[2025-06-25T03:53:38.061Z] [INFO] Checking for scheduled reports...
[2025-06-25T03:53:39.388Z] [DEBUG] Connected to MongoDB
[2025-06-25T03:53:39.819Z] [INFO] Found 1 company databases
[2025-06-25T03:53:39.819Z] [DEBUG] Processing company database: company_9jxwph8g
[2025-06-25T03:53:39.950Z] [DEBUG] Finding reports to execute in company_9jxwph8g (current time: 2025-06-25T03:53:39.950Z)
[2025-06-25T03:53:40.048Z] [INFO] Found 0 reports to execute in company_9jxwph8g
[2025-06-25T03:53:40.048Z] [INFO] Scheduled reports check completed
[2025-06-25T03:53:40.050Z] [DEBUG] MongoDB connection closed
[2025-06-25T03:54:08.061Z] [INFO] Checking for scheduled reports...
[2025-06-25T03:54:08.976Z] [DEBUG] Connected to MongoDB
[2025-06-25T03:54:09.048Z] [INFO] Found 1 company databases
[2025-06-25T03:54:09.048Z] [DEBUG] Processing company database: company_9jxwph8g
[2025-06-25T03:54:09.116Z] [DEBUG] Finding reports to execute in company_9jxwph8g (current time: 2025-06-25T03:54:09.116Z)
[2025-06-25T03:54:09.178Z] [INFO] Found 0 reports to execute in company_9jxwph8g
[2025-06-25T03:54:09.178Z] [INFO] Scheduled reports check completed
[2025-06-25T03:54:09.180Z] [DEBUG] MongoDB connection closed
[2025-06-25T03:54:38.062Z] [INFO] Checking for scheduled reports...
[2025-06-25T03:54:40.636Z] [DEBUG] Connected to MongoDB
[2025-06-25T03:54:40.759Z] [INFO] Found 1 company databases
[2025-06-25T03:54:40.759Z] [DEBUG] Processing company database: company_9jxwph8g
[2025-06-25T03:54:40.824Z] [DEBUG] Finding reports to execute in company_9jxwph8g (current time: 2025-06-25T03:54:40.824Z)
[2025-06-25T03:54:40.888Z] [INFO] Found 0 reports to execute in company_9jxwph8g
[2025-06-25T03:54:40.889Z] [INFO] Scheduled reports check completed
[2025-06-25T03:54:40.891Z] [DEBUG] MongoDB connection closed
[2025-06-25T03:55:08.063Z] [INFO] Checking for scheduled reports...
[2025-06-25T03:55:08.765Z] [DEBUG] Connected to MongoDB
[2025-06-25T03:55:08.843Z] [INFO] Found 1 company databases
[2025-06-25T03:55:08.843Z] [DEBUG] Processing company database: company_9jxwph8g
[2025-06-25T03:55:08.926Z] [DEBUG] Finding reports to execute in company_9jxwph8g (current time: 2025-06-25T03:55:08.926Z)
[2025-06-25T03:55:08.992Z] [INFO] Found 0 reports to execute in company_9jxwph8g
[2025-06-25T03:55:08.992Z] [INFO] Scheduled reports check completed
[2025-06-25T03:55:08.994Z] [DEBUG] MongoDB connection closed
[2025-06-25T03:55:38.062Z] [INFO] Checking for scheduled reports...
[2025-06-25T03:55:39.841Z] [DEBUG] Connected to MongoDB
[2025-06-25T03:55:39.947Z] [INFO] Found 1 company databases
[2025-06-25T03:55:39.948Z] [DEBUG] Processing company database: company_9jxwph8g
[2025-06-25T03:55:40.052Z] [DEBUG] Finding reports to execute in company_9jxwph8g (current time: 2025-06-25T03:55:40.052Z)
[2025-06-25T03:55:40.120Z] [INFO] Found 0 reports to execute in company_9jxwph8g
[2025-06-25T03:55:40.121Z] [INFO] Scheduled reports check completed
[2025-06-25T03:55:40.123Z] [DEBUG] MongoDB connection closed
[2025-06-25T03:56:08.063Z] [INFO] Checking for scheduled reports...
[2025-06-25T03:56:09.875Z] [DEBUG] Connected to MongoDB
[2025-06-25T03:56:09.967Z] [INFO] Found 1 company databases
[2025-06-25T03:56:09.967Z] [DEBUG] Processing company database: company_9jxwph8g
[2025-06-25T03:56:10.039Z] [DEBUG] Finding reports to execute in company_9jxwph8g (current time: 2025-06-25T03:56:10.039Z)
[2025-06-25T03:56:10.096Z] [INFO] Found 0 reports to execute in company_9jxwph8g
[2025-06-25T03:56:10.097Z] [INFO] Scheduled reports check completed
[2025-06-25T03:56:10.099Z] [DEBUG] MongoDB connection closed
[2025-06-25T03:56:38.064Z] [INFO] Checking for scheduled reports...
[2025-06-25T03:56:39.452Z] [DEBUG] Connected to MongoDB
[2025-06-25T03:56:39.536Z] [INFO] Found 1 company databases
[2025-06-25T03:56:39.537Z] [DEBUG] Processing company database: company_9jxwph8g
[2025-06-25T03:56:39.606Z] [DEBUG] Finding reports to execute in company_9jxwph8g (current time: 2025-06-25T03:56:39.606Z)
[2025-06-25T03:56:39.667Z] [INFO] Found 0 reports to execute in company_9jxwph8g
[2025-06-25T03:56:39.667Z] [INFO] Scheduled reports check completed
[2025-06-25T03:56:39.670Z] [DEBUG] MongoDB connection closed
[2025-06-25T03:57:08.064Z] [INFO] Checking for scheduled reports...
[2025-06-25T03:57:38.065Z] [INFO] Checking for scheduled reports...
[2025-06-25T03:57:38.343Z] [ERROR] Error in checkScheduledReports: Server selection timed out after 30000 ms
[2025-06-25T03:57:38.344Z] [ERROR] Stack trace: MongoServerSelectionError: Server selection timed out after 30000 ms
    at Topology.selectServer (/Users/sim/Project2/node_modules/mongodb/lib/sdam/topology.js:321:38)
    at async Topology._connect (/Users/sim/Project2/node_modules/mongodb/lib/sdam/topology.js:200:28)
    at async Topology.connect (/Users/sim/Project2/node_modules/mongodb/lib/sdam/topology.js:152:13)
    at async topologyConnect (/Users/sim/Project2/node_modules/mongodb/lib/mongo_client.js:233:17)
    at async MongoClient._connect (/Users/sim/Project2/node_modules/mongodb/lib/mongo_client.js:246:13)
    at async MongoClient.connect (/Users/sim/Project2/node_modules/mongodb/lib/mongo_client.js:171:13)
    at async MongoClient.connect (/Users/sim/Project2/node_modules/mongodb/lib/mongo_client.js:360:16)
    at async checkScheduledReports (/Users/sim/Project2/scripts/scheduled-reports-daemon.js:146:14)
    at async Timeout._onTimeout (/Users/sim/Project2/scripts/scheduled-reports-daemon.js:267:7)
[2025-06-25T03:57:55.073Z] [DEBUG] Connected to MongoDB
[2025-06-25T03:57:55.732Z] [INFO] Found 1 company databases
[2025-06-25T03:57:55.732Z] [DEBUG] Processing company database: company_9jxwph8g
[2025-06-25T03:57:56.121Z] [DEBUG] Finding reports to execute in company_9jxwph8g (current time: 2025-06-25T03:57:56.121Z)
[2025-06-25T03:57:56.941Z] [INFO] Found 0 reports to execute in company_9jxwph8g
[2025-06-25T03:57:56.942Z] [INFO] Scheduled reports check completed
[2025-06-25T03:57:56.945Z] [DEBUG] MongoDB connection closed
[2025-06-25T03:58:08.065Z] [INFO] Checking for scheduled reports...
[2025-06-25T03:58:27.265Z] [DEBUG] Connected to MongoDB
[2025-06-25T03:58:27.347Z] [INFO] Found 1 company databases
[2025-06-25T03:58:27.347Z] [DEBUG] Processing company database: company_9jxwph8g
[2025-06-25T03:58:27.425Z] [DEBUG] Finding reports to execute in company_9jxwph8g (current time: 2025-06-25T03:58:27.425Z)
[2025-06-25T03:58:27.544Z] [INFO] Found 0 reports to execute in company_9jxwph8g
[2025-06-25T03:58:27.545Z] [INFO] Scheduled reports check completed
[2025-06-25T03:58:27.547Z] [DEBUG] MongoDB connection closed
[2025-06-25T03:58:38.065Z] [INFO] Checking for scheduled reports...
[2025-06-25T03:59:08.065Z] [INFO] Checking for scheduled reports...
[2025-06-25T03:59:08.071Z] [ERROR] Error in checkScheduledReports: Server selection timed out after 30000 ms
[2025-06-25T03:59:08.073Z] [ERROR] Stack trace: MongoServerSelectionError: Server selection timed out after 30000 ms
    at Topology.selectServer (/Users/sim/Project2/node_modules/mongodb/lib/sdam/topology.js:321:38)
    at async Topology._connect (/Users/sim/Project2/node_modules/mongodb/lib/sdam/topology.js:200:28)
    at async Topology.connect (/Users/sim/Project2/node_modules/mongodb/lib/sdam/topology.js:152:13)
    at async topologyConnect (/Users/sim/Project2/node_modules/mongodb/lib/mongo_client.js:233:17)
    at async MongoClient._connect (/Users/sim/Project2/node_modules/mongodb/lib/mongo_client.js:246:13)
    at async MongoClient.connect (/Users/sim/Project2/node_modules/mongodb/lib/mongo_client.js:171:13)
    at async MongoClient.connect (/Users/sim/Project2/node_modules/mongodb/lib/mongo_client.js:360:16)
    at async checkScheduledReports (/Users/sim/Project2/scripts/scheduled-reports-daemon.js:146:14)
    at async Timeout._onTimeout (/Users/sim/Project2/scripts/scheduled-reports-daemon.js:267:7)
[2025-06-25T03:59:38.065Z] [INFO] Checking for scheduled reports...
[2025-06-25T03:59:55.164Z] [ERROR] Error in checkScheduledReports: querySrv ETIMEOUT _mongodb._tcp.cluster0.nen0dzs.mongodb.net
[2025-06-25T03:59:55.165Z] [ERROR] Stack trace: Error: querySrv ETIMEOUT _mongodb._tcp.cluster0.nen0dzs.mongodb.net
    at QueryReqWrap.onresolve [as oncomplete] (node:internal/dns/promises:294:17)
[2025-06-25T04:00:08.064Z] [INFO] Checking for scheduled reports...
[2025-06-25T04:00:11.957Z] [ERROR] Error in checkScheduledReports: Socket 'secureConnect' timed out after 30260ms (connectTimeoutMS: 30000)
[2025-06-25T04:00:11.958Z] [ERROR] Stack trace: MongoNetworkTimeoutError: Socket 'secureConnect' timed out after 30260ms (connectTimeoutMS: 30000)
    at TLSSocket.<anonymous> (/Users/sim/Project2/node_modules/mongodb/lib/cmap/connect.js:287:20)
    at Object.onceWrapper (node:events:621:28)
    at TLSSocket.emit (node:events:507:28)
    at Socket._onTimeout (node:net:609:8)
    at listOnTimeout (node:internal/timers:608:17)
    at process.processTimers (node:internal/timers:543:7)
[2025-06-25T04:00:21.136Z] [DEBUG] Connected to MongoDB
[2025-06-25T04:00:21.215Z] [INFO] Found 1 company databases
[2025-06-25T04:00:21.215Z] [DEBUG] Processing company database: company_9jxwph8g
[2025-06-25T04:00:21.399Z] [DEBUG] Finding reports to execute in company_9jxwph8g (current time: 2025-06-25T04:00:21.399Z)
[2025-06-25T04:00:21.630Z] [INFO] Found 0 reports to execute in company_9jxwph8g
[2025-06-25T04:00:21.630Z] [INFO] Scheduled reports check completed
[2025-06-25T04:00:21.631Z] [DEBUG] MongoDB connection closed
[2025-06-25T04:00:38.065Z] [INFO] Checking for scheduled reports...
[2025-06-25T04:00:50.257Z] [DEBUG] Connected to MongoDB
[2025-06-25T04:00:50.428Z] [INFO] Found 1 company databases
[2025-06-25T04:00:50.428Z] [DEBUG] Processing company database: company_9jxwph8g
[2025-06-25T04:00:50.585Z] [DEBUG] Finding reports to execute in company_9jxwph8g (current time: 2025-06-25T04:00:50.585Z)
[2025-06-25T04:00:51.145Z] [INFO] Found 0 reports to execute in company_9jxwph8g
[2025-06-25T04:00:51.145Z] [INFO] Scheduled reports check completed
[2025-06-25T04:00:51.159Z] [DEBUG] MongoDB connection closed
[2025-06-25T04:01:08.066Z] [INFO] Checking for scheduled reports...
[2025-06-25T04:01:21.073Z] [DEBUG] Connected to MongoDB
[2025-06-25T04:01:23.038Z] [INFO] Found 1 company databases
[2025-06-25T04:01:23.038Z] [DEBUG] Processing company database: company_9jxwph8g
[2025-06-25T04:01:23.712Z] [DEBUG] Finding reports to execute in company_9jxwph8g (current time: 2025-06-25T04:01:23.712Z)
[2025-06-25T04:01:24.243Z] [INFO] Found 0 reports to execute in company_9jxwph8g
[2025-06-25T04:01:24.243Z] [INFO] Scheduled reports check completed
[2025-06-25T04:01:24.245Z] [DEBUG] MongoDB connection closed
[2025-06-25T04:01:38.066Z] [INFO] Checking for scheduled reports...
[2025-06-25T04:02:08.067Z] [INFO] Checking for scheduled reports...
[2025-06-25T04:02:08.073Z] [ERROR] Error in checkScheduledReports: Server selection timed out after 30000 ms
[2025-06-25T04:02:08.074Z] [ERROR] Stack trace: MongoServerSelectionError: Server selection timed out after 30000 ms
    at Topology.selectServer (/Users/sim/Project2/node_modules/mongodb/lib/sdam/topology.js:321:38)
    at async Topology._connect (/Users/sim/Project2/node_modules/mongodb/lib/sdam/topology.js:200:28)
    at async Topology.connect (/Users/sim/Project2/node_modules/mongodb/lib/sdam/topology.js:152:13)
    at async topologyConnect (/Users/sim/Project2/node_modules/mongodb/lib/mongo_client.js:233:17)
    at async MongoClient._connect (/Users/sim/Project2/node_modules/mongodb/lib/mongo_client.js:246:13)
    at async MongoClient.connect (/Users/sim/Project2/node_modules/mongodb/lib/mongo_client.js:171:13)
    at async MongoClient.connect (/Users/sim/Project2/node_modules/mongodb/lib/mongo_client.js:360:16)
    at async checkScheduledReports (/Users/sim/Project2/scripts/scheduled-reports-daemon.js:146:14)
    at async Timeout._onTimeout (/Users/sim/Project2/scripts/scheduled-reports-daemon.js:267:7)
[2025-06-25T04:02:17.232Z] [DEBUG] Connected to MongoDB
[2025-06-25T04:02:17.429Z] [INFO] Found 1 company databases
[2025-06-25T04:02:17.429Z] [DEBUG] Processing company database: company_9jxwph8g
[2025-06-25T04:02:18.155Z] [DEBUG] Finding reports to execute in company_9jxwph8g (current time: 2025-06-25T04:02:18.155Z)
[2025-06-25T04:02:18.511Z] [INFO] Found 0 reports to execute in company_9jxwph8g
[2025-06-25T04:02:18.512Z] [INFO] Scheduled reports check completed
[2025-06-25T04:02:18.514Z] [DEBUG] MongoDB connection closed
[2025-06-25T04:02:38.067Z] [INFO] Checking for scheduled reports...
[2025-06-25T04:02:50.828Z] [DEBUG] Connected to MongoDB
[2025-06-25T04:02:53.426Z] [INFO] Found 1 company databases
[2025-06-25T04:02:53.427Z] [DEBUG] Processing company database: company_9jxwph8g
[2025-06-25T04:02:54.645Z] [DEBUG] Finding reports to execute in company_9jxwph8g (current time: 2025-06-25T04:02:54.645Z)
[2025-06-25T04:02:54.927Z] [INFO] Found 0 reports to execute in company_9jxwph8g
[2025-06-25T04:02:54.928Z] [INFO] Scheduled reports check completed
[2025-06-25T04:02:54.930Z] [DEBUG] MongoDB connection closed
[2025-06-25T04:03:08.067Z] [INFO] Checking for scheduled reports...
[2025-06-25T04:03:38.067Z] [INFO] Checking for scheduled reports...
[2025-06-25T04:03:58.007Z] [ERROR] Error in checkScheduledReports: Socket 'secureConnect' timed out after 30099ms (connectTimeoutMS: 30000)
[2025-06-25T04:03:58.008Z] [ERROR] Stack trace: MongoNetworkTimeoutError: Socket 'secureConnect' timed out after 30099ms (connectTimeoutMS: 30000)
    at TLSSocket.<anonymous> (/Users/sim/Project2/node_modules/mongodb/lib/cmap/connect.js:287:20)
    at Object.onceWrapper (node:events:621:28)
    at TLSSocket.emit (node:events:507:28)
    at Socket._onTimeout (node:net:609:8)
    at listOnTimeout (node:internal/timers:608:17)
    at process.processTimers (node:internal/timers:543:7)
[2025-06-25T04:04:02.337Z] [DEBUG] Connected to MongoDB
[2025-06-25T04:04:02.516Z] [INFO] Found 1 company databases
[2025-06-25T04:04:02.517Z] [DEBUG] Processing company database: company_9jxwph8g
[2025-06-25T04:04:08.067Z] [INFO] Checking for scheduled reports...
[2025-06-25T04:04:08.576Z] [DEBUG] Finding reports to execute in company_9jxwph8g (current time: 2025-06-25T04:04:08.576Z)
[2025-06-25T04:04:14.317Z] [INFO] Found 0 reports to execute in company_9jxwph8g
[2025-06-25T04:04:14.318Z] [INFO] Scheduled reports check completed
[2025-06-25T04:04:14.321Z] [DEBUG] MongoDB connection closed
[2025-06-25T04:04:38.068Z] [INFO] Checking for scheduled reports...
[2025-06-25T04:04:55.256Z] [DEBUG] Connected to MongoDB
[2025-06-25T04:05:08.068Z] [INFO] Checking for scheduled reports...
[2025-06-25T04:05:08.076Z] [ERROR] Error in checkScheduledReports: Server selection timed out after 30000 ms
[2025-06-25T04:05:08.076Z] [ERROR] Stack trace: MongoServerSelectionError: Server selection timed out after 30000 ms
    at Topology.selectServer (/Users/sim/Project2/node_modules/mongodb/lib/sdam/topology.js:321:38)
    at runNextTicks (node:internal/process/task_queues:65:5)
    at listOnTimeout (node:internal/timers:569:9)
    at process.processTimers (node:internal/timers:543:7)
    at async Topology._connect (/Users/sim/Project2/node_modules/mongodb/lib/sdam/topology.js:200:28)
    at async Topology.connect (/Users/sim/Project2/node_modules/mongodb/lib/sdam/topology.js:152:13)
    at async topologyConnect (/Users/sim/Project2/node_modules/mongodb/lib/mongo_client.js:233:17)
    at async MongoClient._connect (/Users/sim/Project2/node_modules/mongodb/lib/mongo_client.js:246:13)
    at async MongoClient.connect (/Users/sim/Project2/node_modules/mongodb/lib/mongo_client.js:171:13)
    at async MongoClient.connect (/Users/sim/Project2/node_modules/mongodb/lib/mongo_client.js:360:16)
[2025-06-25T04:05:28.577Z] [INFO] Found 1 company databases
[2025-06-25T04:05:28.577Z] [DEBUG] Processing company database: company_9jxwph8g
[2025-06-25T04:05:34.993Z] [DEBUG] Finding reports to execute in company_9jxwph8g (current time: 2025-06-25T04:05:34.993Z)
[2025-06-25T04:05:35.300Z] [INFO] Found 0 reports to execute in company_9jxwph8g
[2025-06-25T04:05:35.301Z] [INFO] Scheduled reports check completed
[2025-06-25T04:05:35.303Z] [DEBUG] MongoDB connection closed
[2025-06-25T04:05:38.069Z] [INFO] Checking for scheduled reports...
[2025-06-25T04:06:08.069Z] [INFO] Checking for scheduled reports...
[2025-06-25T04:06:08.079Z] [ERROR] Error in checkScheduledReports: Server selection timed out after 30000 ms
[2025-06-25T04:06:08.079Z] [ERROR] Stack trace: MongoServerSelectionError: Server selection timed out after 30000 ms
    at Topology.selectServer (/Users/sim/Project2/node_modules/mongodb/lib/sdam/topology.js:321:38)
    at async Topology._connect (/Users/sim/Project2/node_modules/mongodb/lib/sdam/topology.js:200:28)
    at async Topology.connect (/Users/sim/Project2/node_modules/mongodb/lib/sdam/topology.js:152:13)
    at async topologyConnect (/Users/sim/Project2/node_modules/mongodb/lib/mongo_client.js:233:17)
    at async MongoClient._connect (/Users/sim/Project2/node_modules/mongodb/lib/mongo_client.js:246:13)
    at async MongoClient.connect (/Users/sim/Project2/node_modules/mongodb/lib/mongo_client.js:171:13)
    at async MongoClient.connect (/Users/sim/Project2/node_modules/mongodb/lib/mongo_client.js:360:16)
    at async checkScheduledReports (/Users/sim/Project2/scripts/scheduled-reports-daemon.js:146:14)
    at async Timeout._onTimeout (/Users/sim/Project2/scripts/scheduled-reports-daemon.js:267:7)
[2025-06-25T04:06:29.375Z] [DEBUG] Connected to MongoDB
[2025-06-25T04:06:29.590Z] [INFO] Found 1 company databases
[2025-06-25T04:06:29.590Z] [DEBUG] Processing company database: company_9jxwph8g
[2025-06-25T04:06:29.741Z] [DEBUG] Finding reports to execute in company_9jxwph8g (current time: 2025-06-25T04:06:29.741Z)
[2025-06-25T04:06:29.933Z] [INFO] Found 0 reports to execute in company_9jxwph8g
[2025-06-25T04:06:29.933Z] [INFO] Scheduled reports check completed
[2025-06-25T04:06:29.936Z] [DEBUG] MongoDB connection closed
[2025-06-25T04:06:31.555Z] [DEBUG] Connected to MongoDB
[2025-06-25T04:06:31.779Z] [INFO] Found 1 company databases
[2025-06-25T04:06:31.780Z] [DEBUG] Processing company database: company_9jxwph8g
[2025-06-25T04:06:32.241Z] [DEBUG] Finding reports to execute in company_9jxwph8g (current time: 2025-06-25T04:06:32.241Z)
[2025-06-25T04:06:32.349Z] [INFO] Found 0 reports to execute in company_9jxwph8g
[2025-06-25T04:06:32.349Z] [INFO] Scheduled reports check completed
[2025-06-25T04:06:32.352Z] [DEBUG] MongoDB connection closed
[2025-06-25T04:06:38.069Z] [INFO] Checking for scheduled reports...
[2025-06-25T04:06:50.337Z] [DEBUG] Connected to MongoDB
[2025-06-25T04:06:50.537Z] [INFO] Found 1 company databases
[2025-06-25T04:06:50.538Z] [DEBUG] Processing company database: company_9jxwph8g
[2025-06-25T04:06:52.424Z] [DEBUG] Finding reports to execute in company_9jxwph8g (current time: 2025-06-25T04:06:52.424Z)
[2025-06-25T04:06:52.552Z] [INFO] Found 0 reports to execute in company_9jxwph8g
[2025-06-25T04:06:52.552Z] [INFO] Scheduled reports check completed
[2025-06-25T04:06:52.554Z] [DEBUG] MongoDB connection closed
[2025-06-25T04:07:08.069Z] [INFO] Checking for scheduled reports...
[2025-06-25T04:07:09.555Z] [DEBUG] Connected to MongoDB
[2025-06-25T04:07:09.680Z] [INFO] Found 1 company databases
[2025-06-25T04:07:09.681Z] [DEBUG] Processing company database: company_9jxwph8g
[2025-06-25T04:07:09.788Z] [DEBUG] Finding reports to execute in company_9jxwph8g (current time: 2025-06-25T04:07:09.788Z)
[2025-06-25T04:07:09.889Z] [INFO] Found 0 reports to execute in company_9jxwph8g
[2025-06-25T04:07:09.890Z] [INFO] Scheduled reports check completed
[2025-06-25T04:07:09.892Z] [DEBUG] MongoDB connection closed
[2025-06-25T04:07:38.069Z] [INFO] Checking for scheduled reports...
[2025-06-25T04:07:40.005Z] [DEBUG] Connected to MongoDB
[2025-06-25T04:07:40.099Z] [INFO] Found 1 company databases
[2025-06-25T04:07:40.100Z] [DEBUG] Processing company database: company_9jxwph8g
[2025-06-25T04:07:40.273Z] [DEBUG] Finding reports to execute in company_9jxwph8g (current time: 2025-06-25T04:07:40.273Z)
[2025-06-25T04:07:40.410Z] [INFO] Found 0 reports to execute in company_9jxwph8g
[2025-06-25T04:07:40.411Z] [INFO] Scheduled reports check completed
[2025-06-25T04:07:40.413Z] [DEBUG] MongoDB connection closed
[2025-06-25T04:08:08.069Z] [INFO] Checking for scheduled reports...
[2025-06-25T04:08:11.591Z] [DEBUG] Connected to MongoDB
[2025-06-25T04:08:11.746Z] [INFO] Found 1 company databases
[2025-06-25T04:08:11.746Z] [DEBUG] Processing company database: company_9jxwph8g
[2025-06-25T04:08:11.840Z] [DEBUG] Finding reports to execute in company_9jxwph8g (current time: 2025-06-25T04:08:11.840Z)
[2025-06-25T04:08:11.934Z] [INFO] Found 0 reports to execute in company_9jxwph8g
[2025-06-25T04:08:11.934Z] [INFO] Scheduled reports check completed
[2025-06-25T04:08:11.937Z] [DEBUG] MongoDB connection closed
[2025-06-25T04:08:38.069Z] [INFO] Checking for scheduled reports...
[2025-06-25T04:08:39.188Z] [DEBUG] Connected to MongoDB
[2025-06-25T04:08:39.474Z] [INFO] Found 1 company databases
[2025-06-25T04:08:39.475Z] [DEBUG] Processing company database: company_9jxwph8g
[2025-06-25T04:08:39.589Z] [DEBUG] Finding reports to execute in company_9jxwph8g (current time: 2025-06-25T04:08:39.589Z)
[2025-06-25T04:08:39.677Z] [INFO] Found 0 reports to execute in company_9jxwph8g
[2025-06-25T04:08:39.678Z] [INFO] Scheduled reports check completed
[2025-06-25T04:08:39.680Z] [DEBUG] MongoDB connection closed
[2025-06-25T04:09:08.070Z] [INFO] Checking for scheduled reports...
[2025-06-25T04:09:11.176Z] [DEBUG] Connected to MongoDB
[2025-06-25T04:09:11.264Z] [INFO] Found 1 company databases
[2025-06-25T04:09:11.264Z] [DEBUG] Processing company database: company_9jxwph8g
[2025-06-25T04:09:11.468Z] [DEBUG] Finding reports to execute in company_9jxwph8g (current time: 2025-06-25T04:09:11.468Z)
[2025-06-25T04:09:11.584Z] [INFO] Found 0 reports to execute in company_9jxwph8g
[2025-06-25T04:09:11.585Z] [INFO] Scheduled reports check completed
[2025-06-25T04:09:11.587Z] [DEBUG] MongoDB connection closed
[2025-06-25T04:09:38.070Z] [INFO] Checking for scheduled reports...
[2025-06-25T04:09:39.011Z] [DEBUG] Connected to MongoDB
[2025-06-25T04:09:39.106Z] [INFO] Found 1 company databases
[2025-06-25T04:09:39.106Z] [DEBUG] Processing company database: company_9jxwph8g
[2025-06-25T04:09:39.171Z] [DEBUG] Finding reports to execute in company_9jxwph8g (current time: 2025-06-25T04:09:39.171Z)
[2025-06-25T04:09:39.247Z] [INFO] Found 0 reports to execute in company_9jxwph8g
[2025-06-25T04:09:39.247Z] [INFO] Scheduled reports check completed
[2025-06-25T04:09:39.250Z] [DEBUG] MongoDB connection closed
[2025-06-25T04:10:08.070Z] [INFO] Checking for scheduled reports...
[2025-06-25T04:10:09.374Z] [DEBUG] Connected to MongoDB
[2025-06-25T04:10:09.454Z] [INFO] Found 1 company databases
[2025-06-25T04:10:09.455Z] [DEBUG] Processing company database: company_9jxwph8g
[2025-06-25T04:10:09.530Z] [DEBUG] Finding reports to execute in company_9jxwph8g (current time: 2025-06-25T04:10:09.530Z)
[2025-06-25T04:10:09.603Z] [INFO] Found 0 reports to execute in company_9jxwph8g
[2025-06-25T04:10:09.603Z] [INFO] Scheduled reports check completed
[2025-06-25T04:10:09.605Z] [DEBUG] MongoDB connection closed
[2025-06-25T04:10:38.071Z] [INFO] Checking for scheduled reports...
[2025-06-25T04:10:39.616Z] [DEBUG] Connected to MongoDB
[2025-06-25T04:10:39.691Z] [INFO] Found 1 company databases
[2025-06-25T04:10:39.692Z] [DEBUG] Processing company database: company_9jxwph8g
[2025-06-25T04:10:39.755Z] [DEBUG] Finding reports to execute in company_9jxwph8g (current time: 2025-06-25T04:10:39.755Z)
[2025-06-25T04:10:39.817Z] [INFO] Found 0 reports to execute in company_9jxwph8g
[2025-06-25T04:10:39.817Z] [INFO] Scheduled reports check completed
[2025-06-25T04:10:39.819Z] [DEBUG] MongoDB connection closed
[2025-06-25T04:11:08.071Z] [INFO] Checking for scheduled reports...
[2025-06-25T04:11:09.021Z] [DEBUG] Connected to MongoDB
[2025-06-25T04:11:09.117Z] [INFO] Found 1 company databases
[2025-06-25T04:11:09.118Z] [DEBUG] Processing company database: company_9jxwph8g
[2025-06-25T04:11:09.181Z] [DEBUG] Finding reports to execute in company_9jxwph8g (current time: 2025-06-25T04:11:09.181Z)
[2025-06-25T04:11:09.248Z] [INFO] Found 0 reports to execute in company_9jxwph8g
[2025-06-25T04:11:09.249Z] [INFO] Scheduled reports check completed
[2025-06-25T04:11:09.251Z] [DEBUG] MongoDB connection closed
[2025-06-25T04:11:38.071Z] [INFO] Checking for scheduled reports...
[2025-06-25T04:11:38.756Z] [DEBUG] Connected to MongoDB
[2025-06-25T04:11:38.836Z] [INFO] Found 1 company databases
[2025-06-25T04:11:38.837Z] [DEBUG] Processing company database: company_9jxwph8g
[2025-06-25T04:11:38.903Z] [DEBUG] Finding reports to execute in company_9jxwph8g (current time: 2025-06-25T04:11:38.903Z)
[2025-06-25T04:11:38.965Z] [INFO] Found 0 reports to execute in company_9jxwph8g
[2025-06-25T04:11:38.966Z] [INFO] Scheduled reports check completed
[2025-06-25T04:11:38.968Z] [DEBUG] MongoDB connection closed
[2025-06-25T04:12:08.071Z] [INFO] Checking for scheduled reports...
[2025-06-25T04:12:08.808Z] [DEBUG] Connected to MongoDB
[2025-06-25T04:12:08.877Z] [INFO] Found 1 company databases
[2025-06-25T04:12:08.877Z] [DEBUG] Processing company database: company_9jxwph8g
[2025-06-25T04:12:08.937Z] [DEBUG] Finding reports to execute in company_9jxwph8g (current time: 2025-06-25T04:12:08.937Z)
[2025-06-25T04:12:08.993Z] [INFO] Found 0 reports to execute in company_9jxwph8g
[2025-06-25T04:12:08.993Z] [INFO] Scheduled reports check completed
[2025-06-25T04:12:08.995Z] [DEBUG] MongoDB connection closed
[2025-06-25T04:12:38.071Z] [INFO] Checking for scheduled reports...
[2025-06-25T04:12:39.170Z] [DEBUG] Connected to MongoDB
[2025-06-25T04:12:39.268Z] [INFO] Found 1 company databases
[2025-06-25T04:12:39.269Z] [DEBUG] Processing company database: company_9jxwph8g
[2025-06-25T04:12:39.387Z] [DEBUG] Finding reports to execute in company_9jxwph8g (current time: 2025-06-25T04:12:39.387Z)
[2025-06-25T04:12:39.451Z] [INFO] Found 0 reports to execute in company_9jxwph8g
[2025-06-25T04:12:39.452Z] [INFO] Scheduled reports check completed
[2025-06-25T04:12:39.454Z] [DEBUG] MongoDB connection closed
[2025-06-25T04:13:08.072Z] [INFO] Checking for scheduled reports...
[2025-06-25T04:13:08.745Z] [DEBUG] Connected to MongoDB
[2025-06-25T04:13:08.815Z] [INFO] Found 1 company databases
[2025-06-25T04:13:08.816Z] [DEBUG] Processing company database: company_9jxwph8g
[2025-06-25T04:13:08.884Z] [DEBUG] Finding reports to execute in company_9jxwph8g (current time: 2025-06-25T04:13:08.884Z)
[2025-06-25T04:13:08.941Z] [INFO] Found 0 reports to execute in company_9jxwph8g
[2025-06-25T04:13:08.942Z] [INFO] Scheduled reports check completed
[2025-06-25T04:13:08.944Z] [DEBUG] MongoDB connection closed
[2025-06-25T04:13:38.073Z] [INFO] Checking for scheduled reports...
[2025-06-25T04:13:38.761Z] [DEBUG] Connected to MongoDB
[2025-06-25T04:13:38.830Z] [INFO] Found 1 company databases
[2025-06-25T04:13:38.830Z] [DEBUG] Processing company database: company_9jxwph8g
[2025-06-25T04:13:38.890Z] [DEBUG] Finding reports to execute in company_9jxwph8g (current time: 2025-06-25T04:13:38.890Z)
[2025-06-25T04:13:38.948Z] [INFO] Found 0 reports to execute in company_9jxwph8g
[2025-06-25T04:13:38.949Z] [INFO] Scheduled reports check completed
[2025-06-25T04:13:38.950Z] [DEBUG] MongoDB connection closed
[2025-06-25T04:14:08.073Z] [INFO] Checking for scheduled reports...
[2025-06-25T04:14:09.431Z] [DEBUG] Connected to MongoDB
[2025-06-25T04:14:09.521Z] [INFO] Found 1 company databases
[2025-06-25T04:14:09.522Z] [DEBUG] Processing company database: company_9jxwph8g
[2025-06-25T04:14:09.631Z] [DEBUG] Finding reports to execute in company_9jxwph8g (current time: 2025-06-25T04:14:09.631Z)
[2025-06-25T04:14:09.704Z] [INFO] Found 0 reports to execute in company_9jxwph8g
[2025-06-25T04:14:09.705Z] [INFO] Scheduled reports check completed
[2025-06-25T04:14:09.707Z] [DEBUG] MongoDB connection closed
[2025-06-25T04:14:38.074Z] [INFO] Checking for scheduled reports...
[2025-06-25T04:14:39.648Z] [DEBUG] Connected to MongoDB
[2025-06-25T04:14:39.827Z] [INFO] Found 1 company databases
[2025-06-25T04:14:39.828Z] [DEBUG] Processing company database: company_9jxwph8g
[2025-06-25T04:14:40.103Z] [DEBUG] Finding reports to execute in company_9jxwph8g (current time: 2025-06-25T04:14:40.103Z)
[2025-06-25T04:14:40.207Z] [INFO] Found 0 reports to execute in company_9jxwph8g
[2025-06-25T04:14:40.208Z] [INFO] Scheduled reports check completed
[2025-06-25T04:14:40.210Z] [DEBUG] MongoDB connection closed
[2025-06-25T04:15:08.073Z] [INFO] Checking for scheduled reports...
[2025-06-25T04:15:08.775Z] [DEBUG] Connected to MongoDB
[2025-06-25T04:15:08.842Z] [INFO] Found 1 company databases
[2025-06-25T04:15:08.843Z] [DEBUG] Processing company database: company_9jxwph8g
[2025-06-25T04:15:08.900Z] [DEBUG] Finding reports to execute in company_9jxwph8g (current time: 2025-06-25T04:15:08.900Z)
[2025-06-25T04:15:08.955Z] [INFO] Found 0 reports to execute in company_9jxwph8g
[2025-06-25T04:15:08.956Z] [INFO] Scheduled reports check completed
[2025-06-25T04:15:08.958Z] [DEBUG] MongoDB connection closed
[2025-06-25T04:15:38.075Z] [INFO] Checking for scheduled reports...
[2025-06-25T04:15:39.338Z] [DEBUG] Connected to MongoDB
[2025-06-25T04:15:39.404Z] [INFO] Found 1 company databases
[2025-06-25T04:15:39.405Z] [DEBUG] Processing company database: company_9jxwph8g
[2025-06-25T04:15:39.461Z] [DEBUG] Finding reports to execute in company_9jxwph8g (current time: 2025-06-25T04:15:39.461Z)
[2025-06-25T04:15:39.516Z] [INFO] Found 0 reports to execute in company_9jxwph8g
[2025-06-25T04:15:39.517Z] [INFO] Scheduled reports check completed
[2025-06-25T04:15:39.519Z] [DEBUG] MongoDB connection closed
[2025-06-25T04:16:08.075Z] [INFO] Checking for scheduled reports...
[2025-06-25T04:16:08.723Z] [DEBUG] Connected to MongoDB
[2025-06-25T04:16:08.790Z] [INFO] Found 1 company databases
[2025-06-25T04:16:08.791Z] [DEBUG] Processing company database: company_9jxwph8g
[2025-06-25T04:16:08.847Z] [DEBUG] Finding reports to execute in company_9jxwph8g (current time: 2025-06-25T04:16:08.847Z)
[2025-06-25T04:16:08.902Z] [INFO] Found 0 reports to execute in company_9jxwph8g
[2025-06-25T04:16:08.903Z] [INFO] Scheduled reports check completed
[2025-06-25T04:16:08.904Z] [DEBUG] MongoDB connection closed
[2025-06-25T04:16:38.076Z] [INFO] Checking for scheduled reports...
[2025-06-25T04:16:38.734Z] [DEBUG] Connected to MongoDB
[2025-06-25T04:16:38.804Z] [INFO] Found 1 company databases
[2025-06-25T04:16:38.805Z] [DEBUG] Processing company database: company_9jxwph8g
[2025-06-25T04:16:38.861Z] [DEBUG] Finding reports to execute in company_9jxwph8g (current time: 2025-06-25T04:16:38.861Z)
[2025-06-25T04:16:38.917Z] [INFO] Found 0 reports to execute in company_9jxwph8g
[2025-06-25T04:16:38.917Z] [INFO] Scheduled reports check completed
[2025-06-25T04:16:38.919Z] [DEBUG] MongoDB connection closed
[2025-06-25T04:17:08.075Z] [INFO] Checking for scheduled reports...
[2025-06-25T04:17:09.838Z] [DEBUG] Connected to MongoDB
[2025-06-25T04:17:09.951Z] [INFO] Found 1 company databases
[2025-06-25T04:17:09.952Z] [DEBUG] Processing company database: company_9jxwph8g
[2025-06-25T04:17:10.220Z] [DEBUG] Finding reports to execute in company_9jxwph8g (current time: 2025-06-25T04:17:10.219Z)
[2025-06-25T04:17:10.395Z] [INFO] Found 0 reports to execute in company_9jxwph8g
[2025-06-25T04:17:10.395Z] [INFO] Scheduled reports check completed
[2025-06-25T04:17:10.398Z] [DEBUG] MongoDB connection closed
[2025-06-25T04:17:38.075Z] [INFO] Checking for scheduled reports...
[2025-06-25T04:17:38.653Z] [DEBUG] Connected to MongoDB
[2025-06-25T04:17:38.719Z] [INFO] Found 1 company databases
[2025-06-25T04:17:38.719Z] [DEBUG] Processing company database: company_9jxwph8g
[2025-06-25T04:17:38.775Z] [DEBUG] Finding reports to execute in company_9jxwph8g (current time: 2025-06-25T04:17:38.775Z)
[2025-06-25T04:17:38.830Z] [INFO] Found 0 reports to execute in company_9jxwph8g
[2025-06-25T04:17:38.831Z] [INFO] Scheduled reports check completed
[2025-06-25T04:17:38.832Z] [DEBUG] MongoDB connection closed
[2025-06-25T04:18:08.074Z] [INFO] Checking for scheduled reports...
[2025-06-25T04:18:09.233Z] [DEBUG] Connected to MongoDB
[2025-06-25T04:18:09.306Z] [INFO] Found 1 company databases
[2025-06-25T04:18:09.306Z] [DEBUG] Processing company database: company_9jxwph8g
[2025-06-25T04:18:09.364Z] [DEBUG] Finding reports to execute in company_9jxwph8g (current time: 2025-06-25T04:18:09.364Z)
[2025-06-25T04:18:09.419Z] [INFO] Found 0 reports to execute in company_9jxwph8g
[2025-06-25T04:18:09.420Z] [INFO] Scheduled reports check completed
[2025-06-25T04:18:09.422Z] [DEBUG] MongoDB connection closed
[2025-06-25T04:18:38.075Z] [INFO] Checking for scheduled reports...
[2025-06-25T04:18:38.710Z] [DEBUG] Connected to MongoDB
[2025-06-25T04:18:38.777Z] [INFO] Found 1 company databases
[2025-06-25T04:18:38.777Z] [DEBUG] Processing company database: company_9jxwph8g
[2025-06-25T04:18:38.835Z] [DEBUG] Finding reports to execute in company_9jxwph8g (current time: 2025-06-25T04:18:38.835Z)
[2025-06-25T04:18:38.891Z] [INFO] Found 0 reports to execute in company_9jxwph8g
[2025-06-25T04:18:38.892Z] [INFO] Scheduled reports check completed
[2025-06-25T04:18:38.895Z] [DEBUG] MongoDB connection closed
[2025-06-25T04:19:08.076Z] [INFO] Checking for scheduled reports...
[2025-06-25T04:19:09.953Z] [DEBUG] Connected to MongoDB
[2025-06-25T04:19:10.080Z] [INFO] Found 1 company databases
[2025-06-25T04:19:10.081Z] [DEBUG] Processing company database: company_9jxwph8g
[2025-06-25T04:19:10.358Z] [DEBUG] Finding reports to execute in company_9jxwph8g (current time: 2025-06-25T04:19:10.358Z)
[2025-06-25T04:19:10.534Z] [INFO] Found 0 reports to execute in company_9jxwph8g
[2025-06-25T04:19:10.535Z] [INFO] Scheduled reports check completed
[2025-06-25T04:19:10.539Z] [DEBUG] MongoDB connection closed
[2025-06-25T04:19:38.077Z] [INFO] Checking for scheduled reports...
[2025-06-25T04:19:38.784Z] [DEBUG] Connected to MongoDB
[2025-06-25T04:19:38.858Z] [INFO] Found 1 company databases
[2025-06-25T04:19:38.859Z] [DEBUG] Processing company database: company_9jxwph8g
[2025-06-25T04:19:38.940Z] [DEBUG] Finding reports to execute in company_9jxwph8g (current time: 2025-06-25T04:19:38.940Z)
[2025-06-25T04:19:39.124Z] [INFO] Found 0 reports to execute in company_9jxwph8g
[2025-06-25T04:19:39.124Z] [INFO] Scheduled reports check completed
[2025-06-25T04:19:39.126Z] [DEBUG] MongoDB connection closed
[2025-06-25T04:20:08.076Z] [INFO] Checking for scheduled reports...
[2025-06-25T04:20:09.804Z] [DEBUG] Connected to MongoDB
[2025-06-25T04:20:09.893Z] [INFO] Found 1 company databases
[2025-06-25T04:20:09.894Z] [DEBUG] Processing company database: company_9jxwph8g
[2025-06-25T04:20:09.977Z] [DEBUG] Finding reports to execute in company_9jxwph8g (current time: 2025-06-25T04:20:09.977Z)
[2025-06-25T04:20:10.033Z] [INFO] Found 0 reports to execute in company_9jxwph8g
[2025-06-25T04:20:10.034Z] [INFO] Scheduled reports check completed
[2025-06-25T04:20:10.036Z] [DEBUG] MongoDB connection closed
[2025-06-25T04:20:38.076Z] [INFO] Checking for scheduled reports...
[2025-06-25T04:20:38.668Z] [DEBUG] Connected to MongoDB
[2025-06-25T04:20:38.734Z] [INFO] Found 1 company databases
[2025-06-25T04:20:38.734Z] [DEBUG] Processing company database: company_9jxwph8g
[2025-06-25T04:20:38.792Z] [DEBUG] Finding reports to execute in company_9jxwph8g (current time: 2025-06-25T04:20:38.791Z)
[2025-06-25T04:20:38.846Z] [INFO] Found 0 reports to execute in company_9jxwph8g
[2025-06-25T04:20:38.847Z] [INFO] Scheduled reports check completed
[2025-06-25T04:20:38.848Z] [DEBUG] MongoDB connection closed
[2025-06-25T04:21:08.076Z] [INFO] Checking for scheduled reports...
[2025-06-25T04:21:09.806Z] [DEBUG] Connected to MongoDB
[2025-06-25T04:21:09.875Z] [INFO] Found 1 company databases
[2025-06-25T04:21:09.876Z] [DEBUG] Processing company database: company_9jxwph8g
[2025-06-25T04:21:09.931Z] [DEBUG] Finding reports to execute in company_9jxwph8g (current time: 2025-06-25T04:21:09.931Z)
[2025-06-25T04:21:09.987Z] [INFO] Found 0 reports to execute in company_9jxwph8g
[2025-06-25T04:21:09.987Z] [INFO] Scheduled reports check completed
[2025-06-25T04:21:09.989Z] [DEBUG] MongoDB connection closed
[2025-06-25T04:21:38.076Z] [INFO] Checking for scheduled reports...
[2025-06-25T04:21:40.253Z] [DEBUG] Connected to MongoDB
[2025-06-25T04:21:40.441Z] [INFO] Found 1 company databases
[2025-06-25T04:21:40.442Z] [DEBUG] Processing company database: company_9jxwph8g
[2025-06-25T04:21:40.551Z] [DEBUG] Finding reports to execute in company_9jxwph8g (current time: 2025-06-25T04:21:40.551Z)
[2025-06-25T04:21:40.728Z] [INFO] Found 0 reports to execute in company_9jxwph8g
[2025-06-25T04:21:40.728Z] [INFO] Scheduled reports check completed
[2025-06-25T04:21:40.731Z] [DEBUG] MongoDB connection closed
[2025-06-25T04:22:08.077Z] [INFO] Checking for scheduled reports...
[2025-06-25T04:22:08.738Z] [DEBUG] Connected to MongoDB
[2025-06-25T04:22:08.805Z] [INFO] Found 1 company databases
[2025-06-25T04:22:08.805Z] [DEBUG] Processing company database: company_9jxwph8g
[2025-06-25T04:22:08.861Z] [DEBUG] Finding reports to execute in company_9jxwph8g (current time: 2025-06-25T04:22:08.861Z)
[2025-06-25T04:22:08.917Z] [INFO] Found 0 reports to execute in company_9jxwph8g
[2025-06-25T04:22:08.917Z] [INFO] Scheduled reports check completed
[2025-06-25T04:22:08.919Z] [DEBUG] MongoDB connection closed
[2025-06-25T04:22:38.077Z] [INFO] Checking for scheduled reports...
[2025-06-25T04:22:39.462Z] [DEBUG] Connected to MongoDB
[2025-06-25T04:22:39.552Z] [INFO] Found 1 company databases
[2025-06-25T04:22:39.552Z] [DEBUG] Processing company database: company_9jxwph8g
[2025-06-25T04:22:39.629Z] [DEBUG] Finding reports to execute in company_9jxwph8g (current time: 2025-06-25T04:22:39.629Z)
[2025-06-25T04:22:39.694Z] [INFO] Found 0 reports to execute in company_9jxwph8g
[2025-06-25T04:22:39.695Z] [INFO] Scheduled reports check completed
[2025-06-25T04:22:39.696Z] [DEBUG] MongoDB connection closed
[2025-06-25T04:23:08.077Z] [INFO] Checking for scheduled reports...
[2025-06-25T04:23:08.869Z] [DEBUG] Connected to MongoDB
[2025-06-25T04:23:08.936Z] [INFO] Found 1 company databases
[2025-06-25T04:23:08.936Z] [DEBUG] Processing company database: company_9jxwph8g
[2025-06-25T04:23:08.994Z] [DEBUG] Finding reports to execute in company_9jxwph8g (current time: 2025-06-25T04:23:08.994Z)
[2025-06-25T04:23:09.050Z] [INFO] Found 0 reports to execute in company_9jxwph8g
[2025-06-25T04:23:09.050Z] [INFO] Scheduled reports check completed
[2025-06-25T04:23:09.053Z] [DEBUG] MongoDB connection closed
[2025-06-25T04:23:38.078Z] [INFO] Checking for scheduled reports...
[2025-06-25T04:23:39.474Z] [DEBUG] Connected to MongoDB
[2025-06-25T04:23:39.651Z] [INFO] Found 1 company databases
[2025-06-25T04:23:39.652Z] [DEBUG] Processing company database: company_9jxwph8g
[2025-06-25T04:23:39.842Z] [DEBUG] Finding reports to execute in company_9jxwph8g (current time: 2025-06-25T04:23:39.842Z)
[2025-06-25T04:23:40.006Z] [INFO] Found 0 reports to execute in company_9jxwph8g
[2025-06-25T04:23:40.006Z] [INFO] Scheduled reports check completed
[2025-06-25T04:23:40.008Z] [DEBUG] MongoDB connection closed
[2025-06-25T04:24:08.117Z] [INFO] Checking for scheduled reports...
[2025-06-25T04:24:08.865Z] [DEBUG] Connected to MongoDB
[2025-06-25T04:24:08.931Z] [INFO] Found 1 company databases
[2025-06-25T04:24:08.932Z] [DEBUG] Processing company database: company_9jxwph8g
[2025-06-25T04:24:08.987Z] [DEBUG] Finding reports to execute in company_9jxwph8g (current time: 2025-06-25T04:24:08.987Z)
[2025-06-25T04:24:09.043Z] [INFO] Found 0 reports to execute in company_9jxwph8g
[2025-06-25T04:24:09.043Z] [INFO] Scheduled reports check completed
[2025-06-25T04:24:09.046Z] [DEBUG] MongoDB connection closed
[2025-06-25T04:24:38.117Z] [INFO] Checking for scheduled reports...
[2025-06-25T04:24:39.387Z] [DEBUG] Connected to MongoDB
[2025-06-25T04:24:39.486Z] [INFO] Found 1 company databases
[2025-06-25T04:24:39.487Z] [DEBUG] Processing company database: company_9jxwph8g
[2025-06-25T04:24:39.545Z] [DEBUG] Finding reports to execute in company_9jxwph8g (current time: 2025-06-25T04:24:39.545Z)
[2025-06-25T04:24:39.602Z] [INFO] Found 0 reports to execute in company_9jxwph8g
[2025-06-25T04:24:39.603Z] [INFO] Scheduled reports check completed
[2025-06-25T04:24:39.605Z] [DEBUG] MongoDB connection closed
[2025-06-25T04:25:08.117Z] [INFO] Checking for scheduled reports...
[2025-06-25T04:25:08.813Z] [DEBUG] Connected to MongoDB
[2025-06-25T04:25:08.880Z] [INFO] Found 1 company databases
[2025-06-25T04:25:08.880Z] [DEBUG] Processing company database: company_9jxwph8g
[2025-06-25T04:25:08.937Z] [DEBUG] Finding reports to execute in company_9jxwph8g (current time: 2025-06-25T04:25:08.937Z)
[2025-06-25T04:25:08.993Z] [INFO] Found 0 reports to execute in company_9jxwph8g
[2025-06-25T04:25:08.993Z] [INFO] Scheduled reports check completed
[2025-06-25T04:25:08.995Z] [DEBUG] MongoDB connection closed
[2025-06-25T04:25:38.117Z] [INFO] Checking for scheduled reports...
[2025-06-25T04:25:38.734Z] [DEBUG] Connected to MongoDB
[2025-06-25T04:25:38.802Z] [INFO] Found 1 company databases
[2025-06-25T04:25:38.802Z] [DEBUG] Processing company database: company_9jxwph8g
[2025-06-25T04:25:38.859Z] [DEBUG] Finding reports to execute in company_9jxwph8g (current time: 2025-06-25T04:25:38.859Z)
[2025-06-25T04:25:38.918Z] [INFO] Found 0 reports to execute in company_9jxwph8g
[2025-06-25T04:25:38.918Z] [INFO] Scheduled reports check completed
[2025-06-25T04:25:38.920Z] [DEBUG] MongoDB connection closed
[2025-06-25T04:26:08.117Z] [INFO] Checking for scheduled reports...
[2025-06-25T04:26:09.989Z] [DEBUG] Connected to MongoDB
[2025-06-25T04:26:10.108Z] [INFO] Found 1 company databases
[2025-06-25T04:26:10.108Z] [DEBUG] Processing company database: company_9jxwph8g
[2025-06-25T04:26:10.368Z] [DEBUG] Finding reports to execute in company_9jxwph8g (current time: 2025-06-25T04:26:10.368Z)
[2025-06-25T04:26:10.547Z] [INFO] Found 0 reports to execute in company_9jxwph8g
[2025-06-25T04:26:10.548Z] [INFO] Scheduled reports check completed
[2025-06-25T04:26:10.552Z] [DEBUG] MongoDB connection closed
[2025-06-25T04:26:38.117Z] [INFO] Checking for scheduled reports...
[2025-06-25T04:26:38.704Z] [DEBUG] Connected to MongoDB
[2025-06-25T04:26:38.772Z] [INFO] Found 1 company databases
[2025-06-25T04:26:38.772Z] [DEBUG] Processing company database: company_9jxwph8g
[2025-06-25T04:26:38.827Z] [DEBUG] Finding reports to execute in company_9jxwph8g (current time: 2025-06-25T04:26:38.827Z)
[2025-06-25T04:26:38.882Z] [INFO] Found 0 reports to execute in company_9jxwph8g
[2025-06-25T04:26:38.883Z] [INFO] Scheduled reports check completed
[2025-06-25T04:26:38.885Z] [DEBUG] MongoDB connection closed
[2025-06-25T04:27:08.118Z] [INFO] Checking for scheduled reports...
[2025-06-25T04:27:09.356Z] [DEBUG] Connected to MongoDB
[2025-06-25T04:27:09.426Z] [INFO] Found 1 company databases
[2025-06-25T04:27:09.426Z] [DEBUG] Processing company database: company_9jxwph8g
[2025-06-25T04:27:09.485Z] [DEBUG] Finding reports to execute in company_9jxwph8g (current time: 2025-06-25T04:27:09.485Z)
[2025-06-25T04:27:09.564Z] [INFO] Found 0 reports to execute in company_9jxwph8g
[2025-06-25T04:27:09.565Z] [INFO] Scheduled reports check completed
[2025-06-25T04:27:09.566Z] [DEBUG] MongoDB connection closed
[2025-06-25T04:27:38.118Z] [INFO] Checking for scheduled reports...
[2025-06-25T04:27:38.752Z] [DEBUG] Connected to MongoDB
[2025-06-25T04:27:38.819Z] [INFO] Found 1 company databases
[2025-06-25T04:27:38.820Z] [DEBUG] Processing company database: company_9jxwph8g
[2025-06-25T04:27:38.876Z] [DEBUG] Finding reports to execute in company_9jxwph8g (current time: 2025-06-25T04:27:38.875Z)
[2025-06-25T04:27:38.931Z] [INFO] Found 0 reports to execute in company_9jxwph8g
[2025-06-25T04:27:38.932Z] [INFO] Scheduled reports check completed
[2025-06-25T04:27:38.934Z] [DEBUG] MongoDB connection closed
[2025-06-25T04:28:08.119Z] [INFO] Checking for scheduled reports...
[2025-06-25T04:28:09.851Z] [DEBUG] Connected to MongoDB
[2025-06-25T04:28:09.973Z] [INFO] Found 1 company databases
[2025-06-25T04:28:09.973Z] [DEBUG] Processing company database: company_9jxwph8g
[2025-06-25T04:28:10.148Z] [DEBUG] Finding reports to execute in company_9jxwph8g (current time: 2025-06-25T04:28:10.148Z)
[2025-06-25T04:28:10.242Z] [INFO] Found 0 reports to execute in company_9jxwph8g
[2025-06-25T04:28:10.243Z] [INFO] Scheduled reports check completed
[2025-06-25T04:28:10.245Z] [DEBUG] MongoDB connection closed
[2025-06-25T04:28:38.119Z] [INFO] Checking for scheduled reports...
[2025-06-25T04:28:38.748Z] [DEBUG] Connected to MongoDB
[2025-06-25T04:28:38.814Z] [INFO] Found 1 company databases
[2025-06-25T04:28:38.815Z] [DEBUG] Processing company database: company_9jxwph8g
[2025-06-25T04:28:38.870Z] [DEBUG] Finding reports to execute in company_9jxwph8g (current time: 2025-06-25T04:28:38.870Z)
[2025-06-25T04:28:38.926Z] [INFO] Found 0 reports to execute in company_9jxwph8g
[2025-06-25T04:28:38.926Z] [INFO] Scheduled reports check completed
[2025-06-25T04:28:38.927Z] [DEBUG] MongoDB connection closed
[2025-06-25T04:29:08.119Z] [INFO] Checking for scheduled reports...
[2025-06-25T04:29:09.007Z] [DEBUG] Connected to MongoDB
[2025-06-25T04:29:09.075Z] [INFO] Found 1 company databases
[2025-06-25T04:29:09.075Z] [DEBUG] Processing company database: company_9jxwph8g
[2025-06-25T04:29:09.130Z] [DEBUG] Finding reports to execute in company_9jxwph8g (current time: 2025-06-25T04:29:09.130Z)
[2025-06-25T04:29:09.185Z] [INFO] Found 0 reports to execute in company_9jxwph8g
[2025-06-25T04:29:09.185Z] [INFO] Scheduled reports check completed
[2025-06-25T04:29:09.187Z] [DEBUG] MongoDB connection closed
[2025-06-25T04:29:38.120Z] [INFO] Checking for scheduled reports...
[2025-06-25T04:29:38.725Z] [DEBUG] Connected to MongoDB
[2025-06-25T04:29:38.793Z] [INFO] Found 1 company databases
[2025-06-25T04:29:38.794Z] [DEBUG] Processing company database: company_9jxwph8g
[2025-06-25T04:29:38.851Z] [DEBUG] Finding reports to execute in company_9jxwph8g (current time: 2025-06-25T04:29:38.851Z)
[2025-06-25T04:29:38.912Z] [INFO] Found 0 reports to execute in company_9jxwph8g
[2025-06-25T04:29:38.913Z] [INFO] Scheduled reports check completed
[2025-06-25T04:29:38.915Z] [DEBUG] MongoDB connection closed
[2025-06-25T04:30:08.120Z] [INFO] Checking for scheduled reports...
[2025-06-25T04:30:08.894Z] [DEBUG] Connected to MongoDB
[2025-06-25T04:30:08.969Z] [INFO] Found 1 company databases
[2025-06-25T04:30:08.970Z] [DEBUG] Processing company database: company_9jxwph8g
[2025-06-25T04:30:09.027Z] [DEBUG] Finding reports to execute in company_9jxwph8g (current time: 2025-06-25T04:30:09.027Z)
[2025-06-25T04:30:09.085Z] [INFO] Found 0 reports to execute in company_9jxwph8g
[2025-06-25T04:30:09.085Z] [INFO] Scheduled reports check completed
[2025-06-25T04:30:09.087Z] [DEBUG] MongoDB connection closed
[2025-06-25T04:30:38.120Z] [INFO] Checking for scheduled reports...
[2025-06-25T04:30:39.764Z] [DEBUG] Connected to MongoDB
[2025-06-25T04:30:39.888Z] [INFO] Found 1 company databases
[2025-06-25T04:30:39.889Z] [DEBUG] Processing company database: company_9jxwph8g
[2025-06-25T04:30:40.014Z] [DEBUG] Finding reports to execute in company_9jxwph8g (current time: 2025-06-25T04:30:40.014Z)
[2025-06-25T04:30:40.129Z] [INFO] Found 0 reports to execute in company_9jxwph8g
[2025-06-25T04:30:40.130Z] [INFO] Scheduled reports check completed
[2025-06-25T04:30:40.133Z] [DEBUG] MongoDB connection closed
[2025-06-25T04:31:08.120Z] [INFO] Checking for scheduled reports...
[2025-06-25T04:31:11.341Z] [DEBUG] Connected to MongoDB
[2025-06-25T04:31:11.407Z] [INFO] Found 1 company databases
[2025-06-25T04:31:11.408Z] [DEBUG] Processing company database: company_9jxwph8g
[2025-06-25T04:31:11.465Z] [DEBUG] Finding reports to execute in company_9jxwph8g (current time: 2025-06-25T04:31:11.465Z)
[2025-06-25T04:31:11.520Z] [INFO] Found 0 reports to execute in company_9jxwph8g
[2025-06-25T04:31:11.521Z] [INFO] Scheduled reports check completed
[2025-06-25T04:31:11.523Z] [DEBUG] MongoDB connection closed
[2025-06-25T04:31:38.120Z] [INFO] Checking for scheduled reports...
[2025-06-25T04:31:39.532Z] [DEBUG] Connected to MongoDB
[2025-06-25T04:31:39.707Z] [INFO] Found 1 company databases
[2025-06-25T04:31:39.708Z] [DEBUG] Processing company database: company_9jxwph8g
[2025-06-25T04:31:39.883Z] [DEBUG] Finding reports to execute in company_9jxwph8g (current time: 2025-06-25T04:31:39.883Z)
[2025-06-25T04:31:40.061Z] [INFO] Found 0 reports to execute in company_9jxwph8g
[2025-06-25T04:31:40.061Z] [INFO] Scheduled reports check completed
[2025-06-25T04:31:40.063Z] [DEBUG] MongoDB connection closed
[2025-06-25T04:32:08.120Z] [INFO] Checking for scheduled reports...
[2025-06-25T04:32:08.783Z] [DEBUG] Connected to MongoDB
[2025-06-25T04:32:08.850Z] [INFO] Found 1 company databases
[2025-06-25T04:32:08.851Z] [DEBUG] Processing company database: company_9jxwph8g
[2025-06-25T04:32:08.913Z] [DEBUG] Finding reports to execute in company_9jxwph8g (current time: 2025-06-25T04:32:08.913Z)
[2025-06-25T04:32:08.971Z] [INFO] Found 0 reports to execute in company_9jxwph8g
[2025-06-25T04:32:08.972Z] [INFO] Scheduled reports check completed
[2025-06-25T04:32:08.974Z] [DEBUG] MongoDB connection closed
[2025-06-25T04:32:38.120Z] [INFO] Checking for scheduled reports...
[2025-06-25T04:32:39.604Z] [DEBUG] Connected to MongoDB
[2025-06-25T04:32:39.703Z] [INFO] Found 1 company databases
[2025-06-25T04:32:39.704Z] [DEBUG] Processing company database: company_9jxwph8g
[2025-06-25T04:32:39.828Z] [DEBUG] Finding reports to execute in company_9jxwph8g (current time: 2025-06-25T04:32:39.828Z)
[2025-06-25T04:32:39.924Z] [INFO] Found 0 reports to execute in company_9jxwph8g
[2025-06-25T04:32:39.925Z] [INFO] Scheduled reports check completed
[2025-06-25T04:32:39.928Z] [DEBUG] MongoDB connection closed
[2025-06-25T04:33:08.120Z] [INFO] Checking for scheduled reports...
[2025-06-25T04:33:09.230Z] [DEBUG] Connected to MongoDB
[2025-06-25T04:33:09.339Z] [INFO] Found 1 company databases
[2025-06-25T04:33:09.339Z] [DEBUG] Processing company database: company_9jxwph8g
[2025-06-25T04:33:09.411Z] [DEBUG] Finding reports to execute in company_9jxwph8g (current time: 2025-06-25T04:33:09.411Z)
[2025-06-25T04:33:09.477Z] [INFO] Found 0 reports to execute in company_9jxwph8g
[2025-06-25T04:33:09.478Z] [INFO] Scheduled reports check completed
[2025-06-25T04:33:09.488Z] [DEBUG] MongoDB connection closed
[2025-06-25T04:33:38.120Z] [INFO] Checking for scheduled reports...
[2025-06-25T04:33:39.305Z] [DEBUG] Connected to MongoDB
[2025-06-25T04:33:39.460Z] [INFO] Found 1 company databases
[2025-06-25T04:33:39.461Z] [DEBUG] Processing company database: company_9jxwph8g
[2025-06-25T04:33:39.668Z] [DEBUG] Finding reports to execute in company_9jxwph8g (current time: 2025-06-25T04:33:39.668Z)
[2025-06-25T04:33:39.751Z] [INFO] Found 0 reports to execute in company_9jxwph8g
[2025-06-25T04:33:39.752Z] [INFO] Scheduled reports check completed
[2025-06-25T04:33:39.754Z] [DEBUG] MongoDB connection closed
[2025-06-25T04:34:08.120Z] [INFO] Checking for scheduled reports...
[2025-06-25T04:34:08.828Z] [DEBUG] Connected to MongoDB
[2025-06-25T04:34:08.911Z] [INFO] Found 1 company databases
[2025-06-25T04:34:08.911Z] [DEBUG] Processing company database: company_9jxwph8g
[2025-06-25T04:34:08.985Z] [DEBUG] Finding reports to execute in company_9jxwph8g (current time: 2025-06-25T04:34:08.985Z)
[2025-06-25T04:34:09.055Z] [INFO] Found 0 reports to execute in company_9jxwph8g
[2025-06-25T04:34:09.055Z] [INFO] Scheduled reports check completed
[2025-06-25T04:34:09.056Z] [DEBUG] MongoDB connection closed
[2025-06-25T04:34:38.121Z] [INFO] Checking for scheduled reports...
[2025-06-25T04:34:38.988Z] [DEBUG] Connected to MongoDB
[2025-06-25T04:34:39.109Z] [INFO] Found 1 company databases
[2025-06-25T04:34:39.110Z] [DEBUG] Processing company database: company_9jxwph8g
[2025-06-25T04:34:39.210Z] [DEBUG] Finding reports to execute in company_9jxwph8g (current time: 2025-06-25T04:34:39.210Z)
[2025-06-25T04:34:39.275Z] [INFO] Found 0 reports to execute in company_9jxwph8g
[2025-06-25T04:34:39.276Z] [INFO] Scheduled reports check completed
[2025-06-25T04:34:39.278Z] [DEBUG] MongoDB connection closed
[2025-06-25T04:35:08.121Z] [INFO] Checking for scheduled reports...
[2025-06-25T04:35:08.981Z] [DEBUG] Connected to MongoDB
[2025-06-25T04:35:09.061Z] [INFO] Found 1 company databases
[2025-06-25T04:35:09.062Z] [DEBUG] Processing company database: company_9jxwph8g
[2025-06-25T04:35:09.183Z] [DEBUG] Finding reports to execute in company_9jxwph8g (current time: 2025-06-25T04:35:09.183Z)
[2025-06-25T04:35:09.261Z] [INFO] Found 0 reports to execute in company_9jxwph8g
[2025-06-25T04:35:09.261Z] [INFO] Scheduled reports check completed
[2025-06-25T04:35:09.264Z] [DEBUG] MongoDB connection closed
[2025-06-25T04:35:38.121Z] [INFO] Checking for scheduled reports...
[2025-06-25T04:35:39.151Z] [DEBUG] Connected to MongoDB
[2025-06-25T04:35:39.247Z] [INFO] Found 1 company databases
[2025-06-25T04:35:39.248Z] [DEBUG] Processing company database: company_9jxwph8g
[2025-06-25T04:35:39.434Z] [DEBUG] Finding reports to execute in company_9jxwph8g (current time: 2025-06-25T04:35:39.434Z)
[2025-06-25T04:35:39.574Z] [INFO] Found 0 reports to execute in company_9jxwph8g
[2025-06-25T04:35:39.574Z] [INFO] Scheduled reports check completed
[2025-06-25T04:35:39.576Z] [DEBUG] MongoDB connection closed
[2025-06-25T04:36:08.122Z] [INFO] Checking for scheduled reports...
[2025-06-25T04:36:09.125Z] [DEBUG] Connected to MongoDB
[2025-06-25T04:36:09.195Z] [INFO] Found 1 company databases
[2025-06-25T04:36:09.196Z] [DEBUG] Processing company database: company_9jxwph8g
[2025-06-25T04:36:09.332Z] [DEBUG] Finding reports to execute in company_9jxwph8g (current time: 2025-06-25T04:36:09.332Z)
[2025-06-25T04:36:09.414Z] [INFO] Found 0 reports to execute in company_9jxwph8g
[2025-06-25T04:36:09.414Z] [INFO] Scheduled reports check completed
[2025-06-25T04:36:09.416Z] [DEBUG] MongoDB connection closed
[2025-06-25T04:36:38.122Z] [INFO] Checking for scheduled reports...
[2025-06-25T04:36:39.325Z] [DEBUG] Connected to MongoDB
[2025-06-25T04:36:39.437Z] [INFO] Found 1 company databases
[2025-06-25T04:36:39.437Z] [DEBUG] Processing company database: company_9jxwph8g
[2025-06-25T04:36:39.532Z] [DEBUG] Finding reports to execute in company_9jxwph8g (current time: 2025-06-25T04:36:39.532Z)
[2025-06-25T04:36:39.639Z] [INFO] Found 0 reports to execute in company_9jxwph8g
[2025-06-25T04:36:39.640Z] [INFO] Scheduled reports check completed
[2025-06-25T04:36:39.642Z] [DEBUG] MongoDB connection closed
[2025-06-25T04:37:08.123Z] [INFO] Checking for scheduled reports...
[2025-06-25T04:37:09.103Z] [DEBUG] Connected to MongoDB
[2025-06-25T04:37:09.177Z] [INFO] Found 1 company databases
[2025-06-25T04:37:09.178Z] [DEBUG] Processing company database: company_9jxwph8g
[2025-06-25T04:37:09.377Z] [DEBUG] Finding reports to execute in company_9jxwph8g (current time: 2025-06-25T04:37:09.377Z)
[2025-06-25T04:37:09.541Z] [INFO] Found 0 reports to execute in company_9jxwph8g
[2025-06-25T04:37:09.542Z] [INFO] Scheduled reports check completed
[2025-06-25T04:37:09.551Z] [DEBUG] MongoDB connection closed
[2025-06-25T04:37:38.123Z] [INFO] Checking for scheduled reports...
[2025-06-25T04:37:46.305Z] [DEBUG] Connected to MongoDB
[2025-06-25T04:37:46.755Z] [INFO] Found 1 company databases
[2025-06-25T04:37:46.755Z] [DEBUG] Processing company database: company_9jxwph8g
[2025-06-25T04:37:46.854Z] [DEBUG] Finding reports to execute in company_9jxwph8g (current time: 2025-06-25T04:37:46.854Z)
[2025-06-25T04:37:46.914Z] [INFO] Found 0 reports to execute in company_9jxwph8g
[2025-06-25T04:37:46.914Z] [INFO] Scheduled reports check completed
[2025-06-25T04:37:46.916Z] [DEBUG] MongoDB connection closed
[2025-06-25T04:38:32.975Z] [INFO] Checking for scheduled reports...
[2025-06-25T04:38:44.419Z] [DEBUG] Connected to MongoDB
[2025-06-25T04:38:44.621Z] [INFO] Found 1 company databases
[2025-06-25T04:38:44.622Z] [DEBUG] Processing company database: company_9jxwph8g
[2025-06-25T04:38:44.753Z] [DEBUG] Finding reports to execute in company_9jxwph8g (current time: 2025-06-25T04:38:44.753Z)
[2025-06-25T04:38:44.958Z] [INFO] Found 0 reports to execute in company_9jxwph8g
[2025-06-25T04:38:44.958Z] [INFO] Scheduled reports check completed
[2025-06-25T04:38:44.960Z] [DEBUG] MongoDB connection closed
[2025-06-25T05:09:11.920Z] [INFO] Checking for scheduled reports...
[2025-06-25T05:09:48.839Z] [INFO] Checking for scheduled reports...
[2025-06-25T05:09:48.846Z] [ERROR] Error in checkScheduledReports: Socket 'secureConnect' timed out after 35375ms (connectTimeoutMS: 30000)
[2025-06-25T05:09:48.847Z] [ERROR] Stack trace: MongoNetworkTimeoutError: Socket 'secureConnect' timed out after 35375ms (connectTimeoutMS: 30000)
    at TLSSocket.<anonymous> (/Users/sim/Project2/node_modules/mongodb/lib/cmap/connect.js:287:20)
    at Object.onceWrapper (node:events:621:28)
    at TLSSocket.emit (node:events:507:28)
    at Socket._onTimeout (node:net:609:8)
    at listOnTimeout (node:internal/timers:608:17)
    at process.processTimers (node:internal/timers:543:7)
[2025-06-25T05:10:18.839Z] [INFO] Checking for scheduled reports...
[2025-06-25T05:10:23.148Z] [DEBUG] Connected to MongoDB
[2025-06-25T05:10:23.238Z] [INFO] Found 1 company databases
[2025-06-25T05:10:23.238Z] [DEBUG] Processing company database: company_9jxwph8g
[2025-06-25T05:10:27.711Z] [DEBUG] Finding reports to execute in company_9jxwph8g (current time: 2025-06-25T05:10:27.711Z)
[2025-06-25T05:10:27.798Z] [INFO] Found 0 reports to execute in company_9jxwph8g
[2025-06-25T05:10:27.799Z] [INFO] Scheduled reports check completed
[2025-06-25T05:10:27.801Z] [DEBUG] MongoDB connection closed
[2025-06-25T05:10:48.839Z] [INFO] Checking for scheduled reports...
[2025-06-25T05:10:52.084Z] [ERROR] Error in checkScheduledReports: Server selection timed out after 30000 ms
[2025-06-25T05:10:52.085Z] [ERROR] Stack trace: MongoServerSelectionError: Server selection timed out after 30000 ms
    at Topology.selectServer (/Users/sim/Project2/node_modules/mongodb/lib/sdam/topology.js:321:38)
    at async Topology._connect (/Users/sim/Project2/node_modules/mongodb/lib/sdam/topology.js:200:28)
    at async Topology.connect (/Users/sim/Project2/node_modules/mongodb/lib/sdam/topology.js:152:13)
    at async topologyConnect (/Users/sim/Project2/node_modules/mongodb/lib/mongo_client.js:233:17)
    at async MongoClient._connect (/Users/sim/Project2/node_modules/mongodb/lib/mongo_client.js:246:13)
    at async MongoClient.connect (/Users/sim/Project2/node_modules/mongodb/lib/mongo_client.js:171:13)
    at async MongoClient.connect (/Users/sim/Project2/node_modules/mongodb/lib/mongo_client.js:360:16)
    at async checkScheduledReports (/Users/sim/Project2/scripts/scheduled-reports-daemon.js:146:14)
    at async Timeout._onTimeout (/Users/sim/Project2/scripts/scheduled-reports-daemon.js:267:7)
Wed Jun 25 00:11:00 CDT 2025: Running scheduled reports
Wed Jun 25 00:11:00 CDT 2025: Checking if NextJS server is running...
/Users/sim/Project2/scripts/../scripts/run-simple-scheduled-reports.sh: line 16: node: command not found
Wed Jun 25 00:11:00 CDT 2025: NextJS server is not running. Skipping scheduled reports check.
[2025-06-25T05:26:47.488Z] [INFO] Checking for scheduled reports...
[2025-06-25T05:26:47.492Z] [ERROR] Error in checkScheduledReports: Socket 'secureConnect' timed out after 958669ms (connectTimeoutMS: 30000)
[2025-06-25T05:26:47.492Z] [ERROR] Stack trace: MongoServerSelectionError: Socket 'secureConnect' timed out after 958669ms (connectTimeoutMS: 30000)
    at Topology.selectServer (/Users/sim/Project2/node_modules/mongodb/lib/sdam/topology.js:321:38)
    at runNextTicks (node:internal/process/task_queues:65:5)
    at process.processTimers (node:internal/timers:540:9)
    at async Topology._connect (/Users/sim/Project2/node_modules/mongodb/lib/sdam/topology.js:200:28)
    at async Topology.connect (/Users/sim/Project2/node_modules/mongodb/lib/sdam/topology.js:152:13)
    at async topologyConnect (/Users/sim/Project2/node_modules/mongodb/lib/mongo_client.js:233:17)
    at async MongoClient._connect (/Users/sim/Project2/node_modules/mongodb/lib/mongo_client.js:246:13)
    at async MongoClient.connect (/Users/sim/Project2/node_modules/mongodb/lib/mongo_client.js:171:13)
    at async MongoClient.connect (/Users/sim/Project2/node_modules/mongodb/lib/mongo_client.js:360:16)
    at async checkScheduledReports (/Users/sim/Project2/scripts/scheduled-reports-daemon.js:146:14)
[2025-06-25T05:26:49.606Z] [DEBUG] Connected to MongoDB
[2025-06-25T05:26:49.935Z] [INFO] Found 1 company databases
[2025-06-25T05:26:49.935Z] [DEBUG] Processing company database: company_9jxwph8g
[2025-06-25T05:26:50.039Z] [DEBUG] Finding reports to execute in company_9jxwph8g (current time: 2025-06-25T05:26:50.039Z)
[2025-06-25T05:26:50.173Z] [INFO] Found 0 reports to execute in company_9jxwph8g
[2025-06-25T05:26:50.173Z] [INFO] Scheduled reports check completed
[2025-06-25T05:26:50.175Z] [DEBUG] MongoDB connection closed
[2025-06-25T05:42:27.574Z] [INFO] Checking for scheduled reports...
[2025-06-25T05:58:10.766Z] [INFO] Checking for scheduled reports...
[2025-06-25T05:58:11.792Z] [ERROR] Error in checkScheduledReports: read ETIMEDOUT
[2025-06-25T05:58:11.793Z] [ERROR] Stack trace: Error: read ETIMEDOUT
    at TLSWrap.onStreamRead (node:internal/stream_base_commons:216:20)
[2025-06-25T06:13:58.478Z] [INFO] Checking for scheduled reports...
[2025-06-25T06:13:58.480Z] [ERROR] Error in checkScheduledReports: read ETIMEDOUT
[2025-06-25T06:13:58.480Z] [ERROR] Stack trace: MongoServerSelectionError: read ETIMEDOUT
    at Topology.selectServer (/Users/sim/Project2/node_modules/mongodb/lib/sdam/topology.js:321:38)
    at runNextTicks (node:internal/process/task_queues:65:5)
    at listOnTimeout (node:internal/timers:569:9)
    at process.processTimers (node:internal/timers:543:7)
    at async Topology._connect (/Users/sim/Project2/node_modules/mongodb/lib/sdam/topology.js:200:28)
    at async Topology.connect (/Users/sim/Project2/node_modules/mongodb/lib/sdam/topology.js:152:13)
    at async topologyConnect (/Users/sim/Project2/node_modules/mongodb/lib/mongo_client.js:233:17)
    at async MongoClient._connect (/Users/sim/Project2/node_modules/mongodb/lib/mongo_client.js:246:13)
    at async MongoClient.connect (/Users/sim/Project2/node_modules/mongodb/lib/mongo_client.js:171:13)
    at async MongoClient.connect (/Users/sim/Project2/node_modules/mongodb/lib/mongo_client.js:360:16)
[2025-06-25T06:29:48.148Z] [INFO] Checking for scheduled reports...
[2025-06-25T06:29:48.152Z] [ERROR] Error in checkScheduledReports: Server selection timed out after 30000 ms
[2025-06-25T06:29:48.153Z] [ERROR] Stack trace: MongoServerSelectionError: Server selection timed out after 30000 ms
    at Topology.selectServer (/Users/sim/Project2/node_modules/mongodb/lib/sdam/topology.js:321:38)
    at runNextTicks (node:internal/process/task_queues:65:5)
    at listOnTimeout (node:internal/timers:569:9)
    at process.processTimers (node:internal/timers:543:7)
    at async Topology._connect (/Users/sim/Project2/node_modules/mongodb/lib/sdam/topology.js:200:28)
    at async Topology.connect (/Users/sim/Project2/node_modules/mongodb/lib/sdam/topology.js:152:13)
    at async topologyConnect (/Users/sim/Project2/node_modules/mongodb/lib/mongo_client.js:233:17)
    at async MongoClient._connect (/Users/sim/Project2/node_modules/mongodb/lib/mongo_client.js:246:13)
    at async MongoClient.connect (/Users/sim/Project2/node_modules/mongodb/lib/mongo_client.js:171:13)
    at async MongoClient.connect (/Users/sim/Project2/node_modules/mongodb/lib/mongo_client.js:360:16)
[2025-06-25T06:39:00.844Z] [INFO] Checking for scheduled reports...
[2025-06-25T06:39:00.850Z] [ERROR] Error in checkScheduledReports: Connection to ac-wz3pdz3-shard-00-02.nen0dzs.mongodb.net:27017 interrupted due to server monitor timeout
[2025-06-25T06:39:00.851Z] [ERROR] Stack trace: PoolClearedOnNetworkError: Connection to ac-wz3pdz3-shard-00-02.nen0dzs.mongodb.net:27017 interrupted due to server monitor timeout
    at ConnectionPool.interruptInUseConnections (/Users/sim/Project2/node_modules/mongodb/lib/cmap/connection_pool.js:253:36)
    at /Users/sim/Project2/node_modules/mongodb/lib/cmap/connection_pool.js:241:41
    at process.processTicksAndRejections (node:internal/process/task_queues:85:11)
[2025-06-25T07:10:12.431Z] [INFO] Checking for scheduled reports...
[2025-06-25T07:10:12.436Z] [ERROR] Error in checkScheduledReports: Socket 'secureConnect' timed out after 1871085ms (connectTimeoutMS: 30000)
[2025-06-25T07:10:12.436Z] [ERROR] Stack trace: MongoServerSelectionError: Socket 'secureConnect' timed out after 1871085ms (connectTimeoutMS: 30000)
    at Topology.selectServer (/Users/sim/Project2/node_modules/mongodb/lib/sdam/topology.js:321:38)
    at async Topology._connect (/Users/sim/Project2/node_modules/mongodb/lib/sdam/topology.js:200:28)
    at async Topology.connect (/Users/sim/Project2/node_modules/mongodb/lib/sdam/topology.js:152:13)
    at async topologyConnect (/Users/sim/Project2/node_modules/mongodb/lib/mongo_client.js:233:17)
    at async MongoClient._connect (/Users/sim/Project2/node_modules/mongodb/lib/mongo_client.js:246:13)
    at async MongoClient.connect (/Users/sim/Project2/node_modules/mongodb/lib/mongo_client.js:171:13)
    at async MongoClient.connect (/Users/sim/Project2/node_modules/mongodb/lib/mongo_client.js:360:16)
    at async checkScheduledReports (/Users/sim/Project2/scripts/scheduled-reports-daemon.js:146:14)
    at async Timeout._onTimeout (/Users/sim/Project2/scripts/scheduled-reports-daemon.js:267:7)
[2025-06-25T07:10:17.724Z] [DEBUG] Connected to MongoDB
[2025-06-25T07:10:17.815Z] [INFO] Found 1 company databases
[2025-06-25T07:10:17.816Z] [DEBUG] Processing company database: company_9jxwph8g
[2025-06-25T07:10:18.458Z] [DEBUG] Finding reports to execute in company_9jxwph8g (current time: 2025-06-25T07:10:18.458Z)
[2025-06-25T07:10:18.718Z] [INFO] Found 0 reports to execute in company_9jxwph8g
[2025-06-25T07:10:18.719Z] [INFO] Scheduled reports check completed
[2025-06-25T07:10:18.721Z] [DEBUG] MongoDB connection closed
[2025-06-25T07:26:59.976Z] [INFO] Checking for scheduled reports...
[2025-06-25T07:27:37.007Z] [INFO] Checking for scheduled reports...
[2025-06-25T07:27:48.523Z] [DEBUG] Connected to MongoDB
[2025-06-25T07:27:48.710Z] [INFO] Found 1 company databases
[2025-06-25T07:27:48.710Z] [DEBUG] Processing company database: company_9jxwph8g
Wed Jun 25 02:28:00 CDT 2025: Running scheduled reports
Wed Jun 25 02:28:00 CDT 2025: Checking if NextJS server is running...
/Users/sim/Project2/scripts/../scripts/run-simple-scheduled-reports.sh: line 16: node: command not found
Wed Jun 25 02:28:00 CDT 2025: NextJS server is not running. Skipping scheduled reports check.
[2025-06-25T07:28:05.091Z] [DEBUG] Connected to MongoDB
[2025-06-25T07:28:05.169Z] [INFO] Found 1 company databases
[2025-06-25T07:28:05.169Z] [DEBUG] Processing company database: company_9jxwph8g
[2025-06-25T07:28:05.227Z] [DEBUG] Finding reports to execute in company_9jxwph8g (current time: 2025-06-25T07:28:05.227Z)
[2025-06-25T07:28:05.285Z] [INFO] Found 0 reports to execute in company_9jxwph8g
[2025-06-25T07:28:05.285Z] [INFO] Scheduled reports check completed
[2025-06-25T07:28:05.287Z] [DEBUG] MongoDB connection closed
[2025-06-25T07:28:07.008Z] [INFO] Checking for scheduled reports...
[2025-06-25T07:28:07.821Z] [DEBUG] Connected to MongoDB
[2025-06-25T07:28:07.890Z] [INFO] Found 1 company databases
[2025-06-25T07:28:07.890Z] [DEBUG] Processing company database: company_9jxwph8g
[2025-06-25T07:28:07.949Z] [DEBUG] Finding reports to execute in company_9jxwph8g (current time: 2025-06-25T07:28:07.949Z)
[2025-06-25T07:28:08.006Z] [INFO] Found 0 reports to execute in company_9jxwph8g
[2025-06-25T07:28:08.007Z] [INFO] Scheduled reports check completed
[2025-06-25T07:28:08.008Z] [DEBUG] MongoDB connection closed
[2025-06-25T07:28:10.047Z] [DEBUG] Finding reports to execute in company_9jxwph8g (current time: 2025-06-25T07:28:10.047Z)
[2025-06-25T07:28:10.104Z] [INFO] Found 0 reports to execute in company_9jxwph8g
[2025-06-25T07:28:10.104Z] [INFO] Scheduled reports check completed
[2025-06-25T07:28:10.107Z] [DEBUG] MongoDB connection closed
[2025-06-25T08:20:27.470Z] [INFO] Checking for scheduled reports...
[2025-06-25T08:20:28.222Z] [DEBUG] Connected to MongoDB
[2025-06-25T08:20:28.303Z] [INFO] Found 1 company databases
[2025-06-25T08:20:28.303Z] [DEBUG] Processing company database: company_9jxwph8g
[2025-06-25T08:20:28.361Z] [DEBUG] Finding reports to execute in company_9jxwph8g (current time: 2025-06-25T08:20:28.361Z)
[2025-06-25T08:20:28.424Z] [INFO] Found 0 reports to execute in company_9jxwph8g
[2025-06-25T08:20:28.425Z] [INFO] Scheduled reports check completed
[2025-06-25T08:20:28.426Z] [DEBUG] MongoDB connection closed
[2025-06-25T08:41:02.271Z] [INFO] Checking for scheduled reports...
[2025-06-25T08:41:03.116Z] [DEBUG] Connected to MongoDB
[2025-06-25T08:41:03.185Z] [INFO] Found 1 company databases
[2025-06-25T08:41:03.186Z] [DEBUG] Processing company database: company_9jxwph8g
[2025-06-25T08:41:03.245Z] [DEBUG] Finding reports to execute in company_9jxwph8g (current time: 2025-06-25T08:41:03.245Z)
[2025-06-25T08:41:03.312Z] [INFO] Found 0 reports to execute in company_9jxwph8g
[2025-06-25T08:41:03.312Z] [INFO] Scheduled reports check completed
[2025-06-25T08:41:03.314Z] [DEBUG] MongoDB connection closed
[2025-06-25T10:43:01.861Z] [INFO] Checking for scheduled reports...
[2025-06-25T10:43:02.670Z] [DEBUG] Connected to MongoDB
[2025-06-25T10:43:02.740Z] [INFO] Found 1 company databases
[2025-06-25T10:43:02.740Z] [DEBUG] Processing company database: company_9jxwph8g
[2025-06-25T10:43:02.803Z] [DEBUG] Finding reports to execute in company_9jxwph8g (current time: 2025-06-25T10:43:02.803Z)
[2025-06-25T10:43:02.862Z] [INFO] Found 0 reports to execute in company_9jxwph8g
[2025-06-25T10:43:02.863Z] [INFO] Scheduled reports check completed
[2025-06-25T10:43:02.864Z] [DEBUG] MongoDB connection closed
[2025-06-25T11:44:02.212Z] [INFO] Checking for scheduled reports...
[2025-06-25T11:44:02.991Z] [DEBUG] Connected to MongoDB
[2025-06-25T11:44:03.059Z] [INFO] Found 1 company databases
[2025-06-25T11:44:03.059Z] [DEBUG] Processing company database: company_9jxwph8g
[2025-06-25T11:44:03.119Z] [DEBUG] Finding reports to execute in company_9jxwph8g (current time: 2025-06-25T11:44:03.119Z)
[2025-06-25T11:44:03.182Z] [INFO] Found 0 reports to execute in company_9jxwph8g
[2025-06-25T11:44:03.182Z] [INFO] Scheduled reports check completed
[2025-06-25T11:44:03.184Z] [DEBUG] MongoDB connection closed
[2025-06-25T11:57:33.504Z] [INFO] Checking for scheduled reports...
[2025-06-25T11:57:34.310Z] [DEBUG] Connected to MongoDB
[2025-06-25T11:57:34.384Z] [INFO] Found 1 company databases
[2025-06-25T11:57:34.384Z] [DEBUG] Processing company database: company_9jxwph8g
[2025-06-25T11:57:34.443Z] [DEBUG] Finding reports to execute in company_9jxwph8g (current time: 2025-06-25T11:57:34.443Z)
[2025-06-25T11:57:34.518Z] [INFO] Found 0 reports to execute in company_9jxwph8g
[2025-06-25T11:57:34.518Z] [INFO] Scheduled reports check completed
[2025-06-25T11:57:34.520Z] [DEBUG] MongoDB connection closed
Wed Jun 25 06:58:00 CDT 2025: Checking if NextJS server is running...
Wed Jun 25 06:58:00 CDT 2025: Running scheduled reports
/Users/sim/Project2/scripts/../scripts/run-simple-scheduled-reports.sh: line 16: node: command not found
Wed Jun 25 06:58:00 CDT 2025: NextJS server is not running. Skipping scheduled reports check.
[2025-06-25T11:58:03.509Z] [INFO] Checking for scheduled reports...
[2025-06-25T11:58:04.689Z] [DEBUG] Connected to MongoDB
[2025-06-25T11:58:04.784Z] [INFO] Found 1 company databases
[2025-06-25T11:58:04.785Z] [DEBUG] Processing company database: company_9jxwph8g
[2025-06-25T11:58:04.844Z] [DEBUG] Finding reports to execute in company_9jxwph8g (current time: 2025-06-25T11:58:04.844Z)
[2025-06-25T11:58:04.904Z] [INFO] Found 0 reports to execute in company_9jxwph8g
[2025-06-25T11:58:04.905Z] [INFO] Scheduled reports check completed
[2025-06-25T11:58:04.907Z] [DEBUG] MongoDB connection closed
[2025-06-25T11:58:33.509Z] [INFO] Checking for scheduled reports...
[2025-06-25T11:58:34.234Z] [DEBUG] Connected to MongoDB
[2025-06-25T11:58:34.301Z] [INFO] Found 1 company databases
[2025-06-25T11:58:34.301Z] [DEBUG] Processing company database: company_9jxwph8g
[2025-06-25T11:58:34.357Z] [DEBUG] Finding reports to execute in company_9jxwph8g (current time: 2025-06-25T11:58:34.357Z)
[2025-06-25T11:58:34.413Z] [INFO] Found 0 reports to execute in company_9jxwph8g
[2025-06-25T11:58:34.413Z] [INFO] Scheduled reports check completed
[2025-06-25T11:58:34.414Z] [DEBUG] MongoDB connection closed
Wed Jun 25 06:59:00 CDT 2025: Checking if NextJS server is running...
Wed Jun 25 06:59:00 CDT 2025: Running scheduled reports
/Users/sim/Project2/scripts/../scripts/run-simple-scheduled-reports.sh: line 16: node: command not found
Wed Jun 25 06:59:00 CDT 2025: NextJS server is not running. Skipping scheduled reports check.
[2025-06-25T11:59:03.510Z] [INFO] Checking for scheduled reports...
[2025-06-25T11:59:04.147Z] [DEBUG] Connected to MongoDB
[2025-06-25T11:59:04.215Z] [INFO] Found 1 company databases
[2025-06-25T11:59:04.215Z] [DEBUG] Processing company database: company_9jxwph8g
[2025-06-25T11:59:04.272Z] [DEBUG] Finding reports to execute in company_9jxwph8g (current time: 2025-06-25T11:59:04.272Z)
[2025-06-25T11:59:04.327Z] [INFO] Found 0 reports to execute in company_9jxwph8g
[2025-06-25T11:59:04.327Z] [INFO] Scheduled reports check completed
[2025-06-25T11:59:04.329Z] [DEBUG] MongoDB connection closed
[2025-06-25T11:59:33.511Z] [INFO] Checking for scheduled reports...
[2025-06-25T11:59:35.330Z] [DEBUG] Connected to MongoDB
[2025-06-25T11:59:35.421Z] [INFO] Found 1 company databases
[2025-06-25T11:59:35.422Z] [DEBUG] Processing company database: company_9jxwph8g
[2025-06-25T11:59:35.636Z] [DEBUG] Finding reports to execute in company_9jxwph8g (current time: 2025-06-25T11:59:35.636Z)
[2025-06-25T11:59:35.736Z] [INFO] Found 0 reports to execute in company_9jxwph8g
[2025-06-25T11:59:35.737Z] [INFO] Scheduled reports check completed
[2025-06-25T11:59:35.739Z] [DEBUG] MongoDB connection closed
Wed Jun 25 07:00:00 CDT 2025: Running scheduled reports
Wed Jun 25 07:00:00 CDT 2025: Checking if NextJS server is running...
/Users/sim/Project2/scripts/../scripts/run-simple-scheduled-reports.sh: line 16: node: command not found
Wed Jun 25 07:00:00 CDT 2025: NextJS server is not running. Skipping scheduled reports check.
[2025-06-25T12:00:03.513Z] [INFO] Checking for scheduled reports...
[2025-06-25T12:00:04.130Z] [DEBUG] Connected to MongoDB
[2025-06-25T12:00:04.212Z] [INFO] Found 1 company databases
[2025-06-25T12:00:04.212Z] [DEBUG] Processing company database: company_9jxwph8g
[2025-06-25T12:00:04.269Z] [DEBUG] Finding reports to execute in company_9jxwph8g (current time: 2025-06-25T12:00:04.269Z)
[2025-06-25T12:00:04.327Z] [INFO] Found 0 reports to execute in company_9jxwph8g
[2025-06-25T12:00:04.328Z] [INFO] Scheduled reports check completed
[2025-06-25T12:00:04.329Z] [DEBUG] MongoDB connection closed
[2025-06-25T12:00:33.513Z] [INFO] Checking for scheduled reports...
[2025-06-25T12:00:34.256Z] [DEBUG] Connected to MongoDB
[2025-06-25T12:00:34.356Z] [INFO] Found 1 company databases
[2025-06-25T12:00:34.357Z] [DEBUG] Processing company database: company_9jxwph8g
[2025-06-25T12:00:34.419Z] [DEBUG] Finding reports to execute in company_9jxwph8g (current time: 2025-06-25T12:00:34.419Z)
[2025-06-25T12:00:34.480Z] [INFO] Found 0 reports to execute in company_9jxwph8g
[2025-06-25T12:00:34.481Z] [INFO] Scheduled reports check completed
[2025-06-25T12:00:34.484Z] [DEBUG] MongoDB connection closed
Wed Jun 25 07:01:00 CDT 2025: Running scheduled reports
Wed Jun 25 07:01:00 CDT 2025: Checking if NextJS server is running...
/Users/sim/Project2/scripts/../scripts/run-simple-scheduled-reports.sh: line 16: node: command not found
Wed Jun 25 07:01:00 CDT 2025: NextJS server is not running. Skipping scheduled reports check.
[2025-06-25T12:01:03.513Z] [INFO] Checking for scheduled reports...
[2025-06-25T12:01:04.180Z] [DEBUG] Connected to MongoDB
[2025-06-25T12:01:04.264Z] [INFO] Found 1 company databases
[2025-06-25T12:01:04.265Z] [DEBUG] Processing company database: company_9jxwph8g
[2025-06-25T12:01:04.331Z] [DEBUG] Finding reports to execute in company_9jxwph8g (current time: 2025-06-25T12:01:04.331Z)
[2025-06-25T12:01:04.389Z] [INFO] Found 0 reports to execute in company_9jxwph8g
[2025-06-25T12:01:04.389Z] [INFO] Scheduled reports check completed
[2025-06-25T12:01:04.392Z] [DEBUG] MongoDB connection closed
[2025-06-25T12:01:33.514Z] [INFO] Checking for scheduled reports...
[2025-06-25T12:01:34.274Z] [DEBUG] Connected to MongoDB
[2025-06-25T12:01:34.344Z] [INFO] Found 1 company databases
[2025-06-25T12:01:34.344Z] [DEBUG] Processing company database: company_9jxwph8g
[2025-06-25T12:01:34.411Z] [DEBUG] Finding reports to execute in company_9jxwph8g (current time: 2025-06-25T12:01:34.411Z)
[2025-06-25T12:01:34.509Z] [INFO] Found 0 reports to execute in company_9jxwph8g
[2025-06-25T12:01:34.509Z] [INFO] Scheduled reports check completed
[2025-06-25T12:01:34.512Z] [DEBUG] MongoDB connection closed
Wed Jun 25 07:02:00 CDT 2025: Running scheduled reports
Wed Jun 25 07:02:00 CDT 2025: Checking if NextJS server is running...
/Users/sim/Project2/scripts/../scripts/run-simple-scheduled-reports.sh: line 16: node: command not found
Wed Jun 25 07:02:00 CDT 2025: NextJS server is not running. Skipping scheduled reports check.
[2025-06-25T12:02:03.516Z] [INFO] Checking for scheduled reports...
[2025-06-25T12:02:04.240Z] [DEBUG] Connected to MongoDB
[2025-06-25T12:02:04.308Z] [INFO] Found 1 company databases
[2025-06-25T12:02:04.309Z] [DEBUG] Processing company database: company_9jxwph8g
[2025-06-25T12:02:04.369Z] [DEBUG] Finding reports to execute in company_9jxwph8g (current time: 2025-06-25T12:02:04.369Z)
[2025-06-25T12:02:04.434Z] [INFO] Found 0 reports to execute in company_9jxwph8g
[2025-06-25T12:02:04.434Z] [INFO] Scheduled reports check completed
[2025-06-25T12:02:04.437Z] [DEBUG] MongoDB connection closed
[2025-06-25T12:02:33.516Z] [INFO] Checking for scheduled reports...
[2025-06-25T12:02:34.187Z] [DEBUG] Connected to MongoDB
[2025-06-25T12:02:34.270Z] [INFO] Found 1 company databases
[2025-06-25T12:02:34.270Z] [DEBUG] Processing company database: company_9jxwph8g
[2025-06-25T12:02:34.329Z] [DEBUG] Finding reports to execute in company_9jxwph8g (current time: 2025-06-25T12:02:34.329Z)
[2025-06-25T12:02:34.392Z] [INFO] Found 0 reports to execute in company_9jxwph8g
[2025-06-25T12:02:34.392Z] [INFO] Scheduled reports check completed
[2025-06-25T12:02:34.395Z] [DEBUG] MongoDB connection closed
Wed Jun 25 07:03:00 CDT 2025: Checking if NextJS server is running...
Wed Jun 25 07:03:00 CDT 2025: Running scheduled reports
/Users/sim/Project2/scripts/../scripts/run-simple-scheduled-reports.sh: line 16: node: command not found
Wed Jun 25 07:03:00 CDT 2025: NextJS server is not running. Skipping scheduled reports check.
[2025-06-25T12:03:03.516Z] [INFO] Checking for scheduled reports...
[2025-06-25T12:03:04.143Z] [DEBUG] Connected to MongoDB
[2025-06-25T12:03:04.216Z] [INFO] Found 1 company databases
[2025-06-25T12:03:04.216Z] [DEBUG] Processing company database: company_9jxwph8g
[2025-06-25T12:03:04.276Z] [DEBUG] Finding reports to execute in company_9jxwph8g (current time: 2025-06-25T12:03:04.276Z)
[2025-06-25T12:03:04.332Z] [INFO] Found 0 reports to execute in company_9jxwph8g
[2025-06-25T12:03:04.332Z] [INFO] Scheduled reports check completed
[2025-06-25T12:03:04.335Z] [DEBUG] MongoDB connection closed
[2025-06-25T12:03:33.518Z] [INFO] Checking for scheduled reports...
[2025-06-25T12:03:34.324Z] [DEBUG] Connected to MongoDB
[2025-06-25T12:03:34.393Z] [INFO] Found 1 company databases
[2025-06-25T12:03:34.393Z] [DEBUG] Processing company database: company_9jxwph8g
[2025-06-25T12:03:34.452Z] [DEBUG] Finding reports to execute in company_9jxwph8g (current time: 2025-06-25T12:03:34.452Z)
[2025-06-25T12:03:34.515Z] [INFO] Found 0 reports to execute in company_9jxwph8g
[2025-06-25T12:03:34.515Z] [INFO] Scheduled reports check completed
[2025-06-25T12:03:34.517Z] [DEBUG] MongoDB connection closed
Wed Jun 25 07:04:01 CDT 2025: Running scheduled reports
Wed Jun 25 07:04:01 CDT 2025: Checking if NextJS server is running...
/Users/sim/Project2/scripts/../scripts/run-simple-scheduled-reports.sh: line 16: node: command not found
Wed Jun 25 07:04:01 CDT 2025: NextJS server is not running. Skipping scheduled reports check.
[2025-06-25T12:04:03.519Z] [INFO] Checking for scheduled reports...
[2025-06-25T12:04:04.152Z] [DEBUG] Connected to MongoDB
[2025-06-25T12:04:04.224Z] [INFO] Found 1 company databases
[2025-06-25T12:04:04.224Z] [DEBUG] Processing company database: company_9jxwph8g
[2025-06-25T12:04:04.287Z] [DEBUG] Finding reports to execute in company_9jxwph8g (current time: 2025-06-25T12:04:04.287Z)
[2025-06-25T12:04:04.343Z] [INFO] Found 0 reports to execute in company_9jxwph8g
[2025-06-25T12:04:04.344Z] [INFO] Scheduled reports check completed
[2025-06-25T12:04:04.346Z] [DEBUG] MongoDB connection closed
[2025-06-25T12:04:33.521Z] [INFO] Checking for scheduled reports...
[2025-06-25T12:04:34.212Z] [DEBUG] Connected to MongoDB
[2025-06-25T12:04:34.284Z] [INFO] Found 1 company databases
[2025-06-25T12:04:34.285Z] [DEBUG] Processing company database: company_9jxwph8g
[2025-06-25T12:04:34.346Z] [DEBUG] Finding reports to execute in company_9jxwph8g (current time: 2025-06-25T12:04:34.346Z)
[2025-06-25T12:04:34.403Z] [INFO] Found 0 reports to execute in company_9jxwph8g
[2025-06-25T12:04:34.403Z] [INFO] Scheduled reports check completed
[2025-06-25T12:04:34.405Z] [DEBUG] MongoDB connection closed
Wed Jun 25 07:05:00 CDT 2025: Running scheduled reports
Wed Jun 25 07:05:00 CDT 2025: Checking if NextJS server is running...
/Users/sim/Project2/scripts/../scripts/run-simple-scheduled-reports.sh: line 16: node: command not found
Wed Jun 25 07:05:00 CDT 2025: NextJS server is not running. Skipping scheduled reports check.
[2025-06-25T12:05:03.522Z] [INFO] Checking for scheduled reports...
[2025-06-25T12:05:04.271Z] [DEBUG] Connected to MongoDB
[2025-06-25T12:05:04.338Z] [INFO] Found 1 company databases
[2025-06-25T12:05:04.339Z] [DEBUG] Processing company database: company_9jxwph8g
[2025-06-25T12:05:04.403Z] [DEBUG] Finding reports to execute in company_9jxwph8g (current time: 2025-06-25T12:05:04.403Z)
[2025-06-25T12:05:04.461Z] [INFO] Found 0 reports to execute in company_9jxwph8g
[2025-06-25T12:05:04.461Z] [INFO] Scheduled reports check completed
[2025-06-25T12:05:04.462Z] [DEBUG] MongoDB connection closed
[2025-06-25T12:05:33.524Z] [INFO] Checking for scheduled reports...
[2025-06-25T12:05:34.307Z] [DEBUG] Connected to MongoDB
[2025-06-25T12:05:34.375Z] [INFO] Found 1 company databases
[2025-06-25T12:05:34.375Z] [DEBUG] Processing company database: company_9jxwph8g
[2025-06-25T12:05:34.442Z] [DEBUG] Finding reports to execute in company_9jxwph8g (current time: 2025-06-25T12:05:34.442Z)
[2025-06-25T12:05:34.499Z] [INFO] Found 0 reports to execute in company_9jxwph8g
[2025-06-25T12:05:34.500Z] [INFO] Scheduled reports check completed
[2025-06-25T12:05:34.501Z] [DEBUG] MongoDB connection closed
Wed Jun 25 07:06:00 CDT 2025: Running scheduled reports
Wed Jun 25 07:06:00 CDT 2025: Checking if NextJS server is running...
/Users/sim/Project2/scripts/../scripts/run-simple-scheduled-reports.sh: line 16: node: command not found
Wed Jun 25 07:06:00 CDT 2025: NextJS server is not running. Skipping scheduled reports check.
[2025-06-25T12:06:03.525Z] [INFO] Checking for scheduled reports...
[2025-06-25T12:06:04.144Z] [DEBUG] Connected to MongoDB
[2025-06-25T12:06:04.213Z] [INFO] Found 1 company databases
[2025-06-25T12:06:04.214Z] [DEBUG] Processing company database: company_9jxwph8g
[2025-06-25T12:06:04.274Z] [DEBUG] Finding reports to execute in company_9jxwph8g (current time: 2025-06-25T12:06:04.274Z)
[2025-06-25T12:06:04.338Z] [INFO] Found 0 reports to execute in company_9jxwph8g
[2025-06-25T12:06:04.338Z] [INFO] Scheduled reports check completed
[2025-06-25T12:06:04.340Z] [DEBUG] MongoDB connection closed
[2025-06-25T12:06:33.527Z] [INFO] Checking for scheduled reports...
[2025-06-25T12:06:34.364Z] [DEBUG] Connected to MongoDB
[2025-06-25T12:06:34.433Z] [INFO] Found 1 company databases
[2025-06-25T12:06:34.434Z] [DEBUG] Processing company database: company_9jxwph8g
[2025-06-25T12:06:34.492Z] [DEBUG] Finding reports to execute in company_9jxwph8g (current time: 2025-06-25T12:06:34.492Z)
[2025-06-25T12:06:34.550Z] [INFO] Found 0 reports to execute in company_9jxwph8g
[2025-06-25T12:06:34.551Z] [INFO] Scheduled reports check completed
[2025-06-25T12:06:34.553Z] [DEBUG] MongoDB connection closed
Wed Jun 25 07:07:00 CDT 2025: Running scheduled reports
Wed Jun 25 07:07:00 CDT 2025: Checking if NextJS server is running...
/Users/sim/Project2/scripts/../scripts/run-simple-scheduled-reports.sh: line 16: node: command not found
Wed Jun 25 07:07:00 CDT 2025: NextJS server is not running. Skipping scheduled reports check.
[2025-06-25T12:07:03.528Z] [INFO] Checking for scheduled reports...
[2025-06-25T12:07:04.195Z] [DEBUG] Connected to MongoDB
[2025-06-25T12:07:04.266Z] [INFO] Found 1 company databases
[2025-06-25T12:07:04.266Z] [DEBUG] Processing company database: company_9jxwph8g
[2025-06-25T12:07:04.325Z] [DEBUG] Finding reports to execute in company_9jxwph8g (current time: 2025-06-25T12:07:04.325Z)
[2025-06-25T12:07:04.379Z] [INFO] Found 0 reports to execute in company_9jxwph8g
[2025-06-25T12:07:04.379Z] [INFO] Scheduled reports check completed
[2025-06-25T12:07:04.381Z] [DEBUG] MongoDB connection closed
[2025-06-25T12:07:33.529Z] [INFO] Checking for scheduled reports...
[2025-06-25T12:07:34.643Z] [DEBUG] Connected to MongoDB
[2025-06-25T12:07:34.719Z] [INFO] Found 1 company databases
[2025-06-25T12:07:34.720Z] [DEBUG] Processing company database: company_9jxwph8g
[2025-06-25T12:07:34.778Z] [DEBUG] Finding reports to execute in company_9jxwph8g (current time: 2025-06-25T12:07:34.778Z)
[2025-06-25T12:07:34.879Z] [INFO] Found 0 reports to execute in company_9jxwph8g
[2025-06-25T12:07:34.879Z] [INFO] Scheduled reports check completed
[2025-06-25T12:07:34.882Z] [DEBUG] MongoDB connection closed
Wed Jun 25 07:08:00 CDT 2025: Running scheduled reports
Wed Jun 25 07:08:00 CDT 2025: Checking if NextJS server is running...
/Users/sim/Project2/scripts/../scripts/run-simple-scheduled-reports.sh: line 16: node: command not found
Wed Jun 25 07:08:00 CDT 2025: NextJS server is not running. Skipping scheduled reports check.
[2025-06-25T12:08:03.530Z] [INFO] Checking for scheduled reports...
[2025-06-25T12:08:05.047Z] [DEBUG] Connected to MongoDB
[2025-06-25T12:08:05.145Z] [INFO] Found 1 company databases
[2025-06-25T12:08:05.145Z] [DEBUG] Processing company database: company_9jxwph8g
[2025-06-25T12:08:05.207Z] [DEBUG] Finding reports to execute in company_9jxwph8g (current time: 2025-06-25T12:08:05.207Z)
[2025-06-25T12:08:05.275Z] [INFO] Found 0 reports to execute in company_9jxwph8g
[2025-06-25T12:08:05.275Z] [INFO] Scheduled reports check completed
[2025-06-25T12:08:05.278Z] [DEBUG] MongoDB connection closed
[2025-06-25T12:08:33.532Z] [INFO] Checking for scheduled reports...
[2025-06-25T12:08:34.250Z] [DEBUG] Connected to MongoDB
[2025-06-25T12:08:34.320Z] [INFO] Found 1 company databases
[2025-06-25T12:08:34.321Z] [DEBUG] Processing company database: company_9jxwph8g
[2025-06-25T12:08:34.382Z] [DEBUG] Finding reports to execute in company_9jxwph8g (current time: 2025-06-25T12:08:34.382Z)
[2025-06-25T12:08:34.439Z] [INFO] Found 0 reports to execute in company_9jxwph8g
[2025-06-25T12:08:34.440Z] [INFO] Scheduled reports check completed
[2025-06-25T12:08:34.442Z] [DEBUG] MongoDB connection closed
Wed Jun 25 07:09:00 CDT 2025: Running scheduled reports
Wed Jun 25 07:09:00 CDT 2025: Checking if NextJS server is running...
/Users/sim/Project2/scripts/../scripts/run-simple-scheduled-reports.sh: line 16: node: command not found
Wed Jun 25 07:09:00 CDT 2025: NextJS server is not running. Skipping scheduled reports check.
[2025-06-25T12:09:03.533Z] [INFO] Checking for scheduled reports...
[2025-06-25T13:15:28.559Z] [INFO] Checking for scheduled reports...
[2025-06-25T13:15:28.565Z] [ERROR] Error in checkScheduledReports: getaddrinfo ENOTFOUND ac-wz3pdz3-shard-00-00.nen0dzs.mongodb.net
[2025-06-25T13:15:28.567Z] [ERROR] Stack trace: MongoServerSelectionError: getaddrinfo ENOTFOUND ac-wz3pdz3-shard-00-00.nen0dzs.mongodb.net
    at Topology.selectServer (/Users/sim/Project2/node_modules/mongodb/lib/sdam/topology.js:321:38)
    at async Topology._connect (/Users/sim/Project2/node_modules/mongodb/lib/sdam/topology.js:200:28)
    at async Topology.connect (/Users/sim/Project2/node_modules/mongodb/lib/sdam/topology.js:152:13)
    at async topologyConnect (/Users/sim/Project2/node_modules/mongodb/lib/mongo_client.js:233:17)
    at async MongoClient._connect (/Users/sim/Project2/node_modules/mongodb/lib/mongo_client.js:246:13)
    at async MongoClient.connect (/Users/sim/Project2/node_modules/mongodb/lib/mongo_client.js:171:13)
    at async MongoClient.connect (/Users/sim/Project2/node_modules/mongodb/lib/mongo_client.js:360:16)
    at async checkScheduledReports (/Users/sim/Project2/scripts/scheduled-reports-daemon.js:146:14)
    at async Timeout._onTimeout (/Users/sim/Project2/scripts/scheduled-reports-daemon.js:267:7)
[2025-06-25T13:15:28.570Z] [ERROR] Error in checkScheduledReports: querySrv ECONNREFUSED _mongodb._tcp.cluster0.nen0dzs.mongodb.net
[2025-06-25T13:15:28.571Z] [ERROR] Stack trace: Error: querySrv ECONNREFUSED _mongodb._tcp.cluster0.nen0dzs.mongodb.net
    at QueryReqWrap.onresolve [as oncomplete] (node:internal/dns/promises:294:17)
[2025-06-25T16:29:01.764Z] [INFO] Checking for scheduled reports...
[2025-06-25T16:29:01.766Z] [ERROR] Error in checkScheduledReports: querySrv ECONNREFUSED _mongodb._tcp.cluster0.nen0dzs.mongodb.net
[2025-06-25T16:29:01.766Z] [ERROR] Stack trace: Error: querySrv ECONNREFUSED _mongodb._tcp.cluster0.nen0dzs.mongodb.net
    at QueryReqWrap.onresolve [as oncomplete] (node:internal/dns/promises:294:17)
[2025-06-25T16:41:56.212Z] [INFO] Checking for scheduled reports...
[2025-06-25T16:42:03.265Z] [DEBUG] Connected to MongoDB
[2025-06-25T16:42:03.354Z] [INFO] Found 1 company databases
[2025-06-25T16:42:03.354Z] [DEBUG] Processing company database: company_9jxwph8g
[2025-06-25T16:42:03.451Z] [DEBUG] Finding reports to execute in company_9jxwph8g (current time: 2025-06-25T16:42:03.451Z)
[2025-06-25T16:42:03.516Z] [INFO] Found 0 reports to execute in company_9jxwph8g
[2025-06-25T16:42:03.518Z] [INFO] Scheduled reports check completed
[2025-06-25T16:42:03.520Z] [DEBUG] MongoDB connection closed
[2025-06-25T16:42:26.212Z] [INFO] Checking for scheduled reports...
[2025-06-25T16:42:27.203Z] [DEBUG] Connected to MongoDB
[2025-06-25T16:42:27.275Z] [INFO] Found 1 company databases
[2025-06-25T16:42:27.276Z] [DEBUG] Processing company database: company_9jxwph8g
[2025-06-25T16:42:27.334Z] [DEBUG] Finding reports to execute in company_9jxwph8g (current time: 2025-06-25T16:42:27.334Z)
[2025-06-25T16:42:27.430Z] [INFO] Found 0 reports to execute in company_9jxwph8g
[2025-06-25T16:42:27.431Z] [INFO] Scheduled reports check completed
[2025-06-25T16:42:27.433Z] [DEBUG] MongoDB connection closed
[2025-06-25T16:42:56.212Z] [INFO] Checking for scheduled reports...
[2025-06-25T16:42:57.675Z] [DEBUG] Connected to MongoDB
[2025-06-25T16:42:57.756Z] [INFO] Found 1 company databases
[2025-06-25T16:42:57.756Z] [DEBUG] Processing company database: company_9jxwph8g
[2025-06-25T16:42:57.850Z] [DEBUG] Finding reports to execute in company_9jxwph8g (current time: 2025-06-25T16:42:57.850Z)
[2025-06-25T16:42:57.918Z] [INFO] Found 0 reports to execute in company_9jxwph8g
[2025-06-25T16:42:57.918Z] [INFO] Scheduled reports check completed
[2025-06-25T16:42:57.921Z] [DEBUG] MongoDB connection closed
Wed Jun 25 11:43:00 CDT 2025: Checking if NextJS server is running...
Wed Jun 25 11:43:00 CDT 2025: Running scheduled reports
/Users/sim/Project2/scripts/../scripts/run-simple-scheduled-reports.sh: line 16: node: command not found
Wed Jun 25 11:43:00 CDT 2025: NextJS server is not running. Skipping scheduled reports check.
[2025-06-25T16:43:26.216Z] [INFO] Checking for scheduled reports...
[2025-06-25T16:43:27.766Z] [DEBUG] Connected to MongoDB
[2025-06-25T16:43:27.837Z] [INFO] Found 1 company databases
[2025-06-25T16:43:27.837Z] [DEBUG] Processing company database: company_9jxwph8g
[2025-06-25T16:43:27.902Z] [DEBUG] Finding reports to execute in company_9jxwph8g (current time: 2025-06-25T16:43:27.902Z)
[2025-06-25T16:43:27.962Z] [INFO] Found 0 reports to execute in company_9jxwph8g
[2025-06-25T16:43:27.963Z] [INFO] Scheduled reports check completed
[2025-06-25T16:43:27.965Z] [DEBUG] MongoDB connection closed
[2025-06-25T16:43:56.217Z] [INFO] Checking for scheduled reports...
[2025-06-25T16:43:57.010Z] [DEBUG] Connected to MongoDB
[2025-06-25T16:43:57.182Z] [INFO] Found 1 company databases
[2025-06-25T16:43:57.182Z] [DEBUG] Processing company database: company_9jxwph8g
[2025-06-25T16:43:57.359Z] [DEBUG] Finding reports to execute in company_9jxwph8g (current time: 2025-06-25T16:43:57.359Z)
[2025-06-25T16:43:57.465Z] [INFO] Found 0 reports to execute in company_9jxwph8g
[2025-06-25T16:43:57.466Z] [INFO] Scheduled reports check completed
[2025-06-25T16:43:57.469Z] [DEBUG] MongoDB connection closed
Wed Jun 25 11:44:00 CDT 2025: Running scheduled reports
Wed Jun 25 11:44:00 CDT 2025: Checking if NextJS server is running...
/Users/sim/Project2/scripts/../scripts/run-simple-scheduled-reports.sh: line 16: node: command not found
Wed Jun 25 11:44:00 CDT 2025: NextJS server is not running. Skipping scheduled reports check.
[2025-06-25T16:44:26.217Z] [INFO] Checking for scheduled reports...
[2025-06-25T16:44:27.404Z] [DEBUG] Connected to MongoDB
[2025-06-25T16:44:27.477Z] [INFO] Found 1 company databases
[2025-06-25T16:44:27.477Z] [DEBUG] Processing company database: company_9jxwph8g
[2025-06-25T16:44:27.543Z] [DEBUG] Finding reports to execute in company_9jxwph8g (current time: 2025-06-25T16:44:27.543Z)
[2025-06-25T16:44:27.605Z] [INFO] Found 0 reports to execute in company_9jxwph8g
[2025-06-25T16:44:27.606Z] [INFO] Scheduled reports check completed
[2025-06-25T16:44:27.608Z] [DEBUG] MongoDB connection closed
[2025-06-25T16:44:56.216Z] [INFO] Checking for scheduled reports...
[2025-06-25T16:44:57.592Z] [DEBUG] Connected to MongoDB
[2025-06-25T16:44:57.679Z] [INFO] Found 1 company databases
[2025-06-25T16:44:57.679Z] [DEBUG] Processing company database: company_9jxwph8g
[2025-06-25T16:44:57.765Z] [DEBUG] Finding reports to execute in company_9jxwph8g (current time: 2025-06-25T16:44:57.765Z)
[2025-06-25T16:44:57.832Z] [INFO] Found 0 reports to execute in company_9jxwph8g
[2025-06-25T16:44:57.833Z] [INFO] Scheduled reports check completed
[2025-06-25T16:44:57.834Z] [DEBUG] MongoDB connection closed
Wed Jun 25 11:45:00 CDT 2025: Running scheduled reports
Wed Jun 25 11:45:00 CDT 2025: Checking if NextJS server is running...
/Users/sim/Project2/scripts/../scripts/run-simple-scheduled-reports.sh: line 16: node: command not found
Wed Jun 25 11:45:00 CDT 2025: NextJS server is not running. Skipping scheduled reports check.
[2025-06-25T16:45:26.217Z] [INFO] Checking for scheduled reports...
[2025-06-25T16:45:27.234Z] [DEBUG] Connected to MongoDB
[2025-06-25T16:45:27.321Z] [INFO] Found 1 company databases
[2025-06-25T16:45:27.322Z] [DEBUG] Processing company database: company_9jxwph8g
[2025-06-25T16:45:27.394Z] [DEBUG] Finding reports to execute in company_9jxwph8g (current time: 2025-06-25T16:45:27.394Z)
[2025-06-25T16:45:27.460Z] [INFO] Found 0 reports to execute in company_9jxwph8g
[2025-06-25T16:45:27.461Z] [INFO] Scheduled reports check completed
[2025-06-25T16:45:27.463Z] [DEBUG] MongoDB connection closed
[2025-06-25T16:45:56.217Z] [INFO] Checking for scheduled reports...
[2025-06-25T16:45:57.609Z] [DEBUG] Connected to MongoDB
[2025-06-25T16:45:57.689Z] [INFO] Found 1 company databases
[2025-06-25T16:45:57.689Z] [DEBUG] Processing company database: company_9jxwph8g
[2025-06-25T16:45:57.753Z] [DEBUG] Finding reports to execute in company_9jxwph8g (current time: 2025-06-25T16:45:57.753Z)
[2025-06-25T16:45:57.812Z] [INFO] Found 0 reports to execute in company_9jxwph8g
[2025-06-25T16:45:57.812Z] [INFO] Scheduled reports check completed
[2025-06-25T16:45:57.814Z] [DEBUG] MongoDB connection closed
Wed Jun 25 11:46:00 CDT 2025: Checking if NextJS server is running...
Wed Jun 25 11:46:00 CDT 2025: Running scheduled reports
/Users/sim/Project2/scripts/../scripts/run-simple-scheduled-reports.sh: line 16: node: command not found
Wed Jun 25 11:46:00 CDT 2025: NextJS server is not running. Skipping scheduled reports check.
[2025-06-25T16:46:26.216Z] [INFO] Checking for scheduled reports...
[2025-06-25T16:46:27.683Z] [DEBUG] Connected to MongoDB
[2025-06-25T16:46:27.766Z] [INFO] Found 1 company databases
[2025-06-25T16:46:27.766Z] [DEBUG] Processing company database: company_9jxwph8g
[2025-06-25T16:46:27.942Z] [DEBUG] Finding reports to execute in company_9jxwph8g (current time: 2025-06-25T16:46:27.942Z)
[2025-06-25T16:46:28.001Z] [INFO] Found 0 reports to execute in company_9jxwph8g
[2025-06-25T16:46:28.001Z] [INFO] Scheduled reports check completed
[2025-06-25T16:46:28.003Z] [DEBUG] MongoDB connection closed
[2025-06-25T16:46:56.216Z] [INFO] Checking for scheduled reports...
[2025-06-25T16:46:57.740Z] [DEBUG] Connected to MongoDB
[2025-06-25T16:46:57.813Z] [INFO] Found 1 company databases
[2025-06-25T16:46:57.813Z] [DEBUG] Processing company database: company_9jxwph8g
[2025-06-25T16:46:57.922Z] [DEBUG] Finding reports to execute in company_9jxwph8g (current time: 2025-06-25T16:46:57.922Z)
[2025-06-25T16:46:58.015Z] [INFO] Found 0 reports to execute in company_9jxwph8g
[2025-06-25T16:46:58.016Z] [INFO] Scheduled reports check completed
[2025-06-25T16:46:58.019Z] [DEBUG] MongoDB connection closed
Wed Jun 25 11:47:00 CDT 2025: Checking if NextJS server is running...
Wed Jun 25 11:47:00 CDT 2025: Running scheduled reports
/Users/sim/Project2/scripts/../scripts/run-simple-scheduled-reports.sh: line 16: node: command not found
Wed Jun 25 11:47:00 CDT 2025: NextJS server is not running. Skipping scheduled reports check.
[2025-06-25T16:47:26.216Z] [INFO] Checking for scheduled reports...
[2025-06-25T16:47:27.103Z] [DEBUG] Connected to MongoDB
[2025-06-25T16:47:27.179Z] [INFO] Found 1 company databases
[2025-06-25T16:47:27.179Z] [DEBUG] Processing company database: company_9jxwph8g
[2025-06-25T16:47:27.267Z] [DEBUG] Finding reports to execute in company_9jxwph8g (current time: 2025-06-25T16:47:27.267Z)
[2025-06-25T16:47:27.415Z] [INFO] Found 0 reports to execute in company_9jxwph8g
[2025-06-25T16:47:27.415Z] [INFO] Scheduled reports check completed
[2025-06-25T16:47:27.417Z] [DEBUG] MongoDB connection closed
[2025-06-25T16:47:56.216Z] [INFO] Checking for scheduled reports...
[2025-06-25T16:47:58.031Z] [DEBUG] Connected to MongoDB
[2025-06-25T16:47:58.107Z] [INFO] Found 1 company databases
[2025-06-25T16:47:58.108Z] [DEBUG] Processing company database: company_9jxwph8g
[2025-06-25T16:47:58.167Z] [DEBUG] Finding reports to execute in company_9jxwph8g (current time: 2025-06-25T16:47:58.167Z)
[2025-06-25T16:47:58.228Z] [INFO] Found 0 reports to execute in company_9jxwph8g
[2025-06-25T16:47:58.228Z] [INFO] Scheduled reports check completed
[2025-06-25T16:47:58.230Z] [DEBUG] MongoDB connection closed
Wed Jun 25 11:48:00 CDT 2025: Running scheduled reports
Wed Jun 25 11:48:00 CDT 2025: Checking if NextJS server is running...
/Users/sim/Project2/scripts/../scripts/run-simple-scheduled-reports.sh: line 16: node: command not found
Wed Jun 25 11:48:00 CDT 2025: NextJS server is not running. Skipping scheduled reports check.
[2025-06-25T16:48:26.215Z] [INFO] Checking for scheduled reports...
[2025-06-25T16:48:27.502Z] [DEBUG] Connected to MongoDB
[2025-06-25T16:48:27.572Z] [INFO] Found 1 company databases
[2025-06-25T16:48:27.573Z] [DEBUG] Processing company database: company_9jxwph8g
[2025-06-25T16:48:27.632Z] [DEBUG] Finding reports to execute in company_9jxwph8g (current time: 2025-06-25T16:48:27.632Z)
[2025-06-25T16:48:27.704Z] [INFO] Found 0 reports to execute in company_9jxwph8g
[2025-06-25T16:48:27.705Z] [INFO] Scheduled reports check completed
[2025-06-25T16:48:27.708Z] [DEBUG] MongoDB connection closed
[2025-06-25T16:48:56.215Z] [INFO] Checking for scheduled reports...
[2025-06-25T16:48:57.138Z] [DEBUG] Connected to MongoDB
[2025-06-25T16:48:57.241Z] [INFO] Found 1 company databases
[2025-06-25T16:48:57.241Z] [DEBUG] Processing company database: company_9jxwph8g
[2025-06-25T16:48:57.351Z] [DEBUG] Finding reports to execute in company_9jxwph8g (current time: 2025-06-25T16:48:57.351Z)
[2025-06-25T16:48:57.448Z] [INFO] Found 0 reports to execute in company_9jxwph8g
[2025-06-25T16:48:57.449Z] [INFO] Scheduled reports check completed
[2025-06-25T16:48:57.450Z] [DEBUG] MongoDB connection closed
Wed Jun 25 11:49:00 CDT 2025: Running scheduled reports
Wed Jun 25 11:49:00 CDT 2025: Checking if NextJS server is running...
/Users/sim/Project2/scripts/../scripts/run-simple-scheduled-reports.sh: line 16: node: command not found
Wed Jun 25 11:49:00 CDT 2025: NextJS server is not running. Skipping scheduled reports check.
[2025-06-25T16:49:26.215Z] [INFO] Checking for scheduled reports...
[2025-06-25T16:49:28.797Z] [DEBUG] Connected to MongoDB
[2025-06-25T16:49:28.890Z] [INFO] Found 1 company databases
[2025-06-25T16:49:28.891Z] [DEBUG] Processing company database: company_9jxwph8g
[2025-06-25T16:49:28.961Z] [DEBUG] Finding reports to execute in company_9jxwph8g (current time: 2025-06-25T16:49:28.961Z)
[2025-06-25T16:49:29.026Z] [INFO] Found 0 reports to execute in company_9jxwph8g
[2025-06-25T16:49:29.026Z] [INFO] Scheduled reports check completed
[2025-06-25T16:49:29.029Z] [DEBUG] MongoDB connection closed
[2025-06-25T16:49:56.215Z] [INFO] Checking for scheduled reports...
[2025-06-25T16:49:57.259Z] [DEBUG] Connected to MongoDB
[2025-06-25T16:49:57.334Z] [INFO] Found 1 company databases
[2025-06-25T16:49:57.335Z] [DEBUG] Processing company database: company_9jxwph8g
[2025-06-25T16:49:57.395Z] [DEBUG] Finding reports to execute in company_9jxwph8g (current time: 2025-06-25T16:49:57.395Z)
[2025-06-25T16:49:57.457Z] [INFO] Found 0 reports to execute in company_9jxwph8g
[2025-06-25T16:49:57.457Z] [INFO] Scheduled reports check completed
[2025-06-25T16:49:57.461Z] [DEBUG] MongoDB connection closed
Wed Jun 25 11:50:01 CDT 2025: Checking if NextJS server is running...
Wed Jun 25 11:50:01 CDT 2025: Running scheduled reports
/Users/sim/Project2/scripts/../scripts/run-simple-scheduled-reports.sh: line 16: node: command not found
Wed Jun 25 11:50:01 CDT 2025: NextJS server is not running. Skipping scheduled reports check.
[2025-06-25T16:50:26.214Z] [INFO] Checking for scheduled reports...
[2025-06-25T16:50:27.998Z] [DEBUG] Connected to MongoDB
[2025-06-25T16:50:28.069Z] [INFO] Found 1 company databases
[2025-06-25T16:50:28.070Z] [DEBUG] Processing company database: company_9jxwph8g
[2025-06-25T16:50:28.128Z] [DEBUG] Finding reports to execute in company_9jxwph8g (current time: 2025-06-25T16:50:28.127Z)
[2025-06-25T16:50:28.185Z] [INFO] Found 0 reports to execute in company_9jxwph8g
[2025-06-25T16:50:28.185Z] [INFO] Scheduled reports check completed
[2025-06-25T16:50:28.187Z] [DEBUG] MongoDB connection closed
[2025-06-25T16:50:56.214Z] [INFO] Checking for scheduled reports...
Wed Jun 25 11:51:00 CDT 2025: Running scheduled reports
Wed Jun 25 11:51:00 CDT 2025: Checking if NextJS server is running...
/Users/sim/Project2/scripts/../scripts/run-simple-scheduled-reports.sh: line 16: node: command not found
Wed Jun 25 11:51:00 CDT 2025: NextJS server is not running. Skipping scheduled reports check.
[2025-06-25T16:51:03.832Z] [DEBUG] Connected to MongoDB
[2025-06-25T16:51:03.994Z] [INFO] Found 1 company databases
[2025-06-25T16:51:03.994Z] [DEBUG] Processing company database: company_9jxwph8g
[2025-06-25T16:51:04.129Z] [DEBUG] Finding reports to execute in company_9jxwph8g (current time: 2025-06-25T16:51:04.129Z)
[2025-06-25T16:51:04.220Z] [INFO] Found 0 reports to execute in company_9jxwph8g
[2025-06-25T16:51:04.220Z] [INFO] Scheduled reports check completed
[2025-06-25T16:51:04.222Z] [DEBUG] MongoDB connection closed
[2025-06-25T16:51:26.215Z] [INFO] Checking for scheduled reports...
[2025-06-25T16:51:27.159Z] [DEBUG] Connected to MongoDB
[2025-06-25T16:51:27.229Z] [INFO] Found 1 company databases
[2025-06-25T16:51:27.229Z] [DEBUG] Processing company database: company_9jxwph8g
[2025-06-25T16:51:27.290Z] [DEBUG] Finding reports to execute in company_9jxwph8g (current time: 2025-06-25T16:51:27.290Z)
[2025-06-25T16:51:27.351Z] [INFO] Found 0 reports to execute in company_9jxwph8g
[2025-06-25T16:51:27.351Z] [INFO] Scheduled reports check completed
[2025-06-25T16:51:27.354Z] [DEBUG] MongoDB connection closed
[2025-06-25T16:51:56.214Z] [INFO] Checking for scheduled reports...
[2025-06-25T16:51:57.379Z] [DEBUG] Connected to MongoDB
[2025-06-25T16:51:57.455Z] [INFO] Found 1 company databases
[2025-06-25T16:51:57.456Z] [DEBUG] Processing company database: company_9jxwph8g
[2025-06-25T16:51:57.515Z] [DEBUG] Finding reports to execute in company_9jxwph8g (current time: 2025-06-25T16:51:57.515Z)
[2025-06-25T16:51:57.574Z] [INFO] Found 0 reports to execute in company_9jxwph8g
[2025-06-25T16:51:57.575Z] [INFO] Scheduled reports check completed
[2025-06-25T16:51:57.577Z] [DEBUG] MongoDB connection closed
Wed Jun 25 11:52:00 CDT 2025: Running scheduled reports
Wed Jun 25 11:52:00 CDT 2025: Checking if NextJS server is running...
/Users/sim/Project2/scripts/../scripts/run-simple-scheduled-reports.sh: line 16: node: command not found
Wed Jun 25 11:52:00 CDT 2025: NextJS server is not running. Skipping scheduled reports check.
[2025-06-25T16:52:26.215Z] [INFO] Checking for scheduled reports...
[2025-06-25T16:52:28.877Z] [DEBUG] Connected to MongoDB
[2025-06-25T16:52:28.960Z] [INFO] Found 1 company databases
[2025-06-25T16:52:28.961Z] [DEBUG] Processing company database: company_9jxwph8g
[2025-06-25T16:52:29.024Z] [DEBUG] Finding reports to execute in company_9jxwph8g (current time: 2025-06-25T16:52:29.024Z)
[2025-06-25T16:52:29.088Z] [INFO] Found 0 reports to execute in company_9jxwph8g
[2025-06-25T16:52:29.088Z] [INFO] Scheduled reports check completed
[2025-06-25T16:52:29.092Z] [DEBUG] MongoDB connection closed
[2025-06-25T16:52:56.215Z] [INFO] Checking for scheduled reports...
[2025-06-25T16:52:57.077Z] [DEBUG] Connected to MongoDB
[2025-06-25T16:52:57.169Z] [INFO] Found 1 company databases
[2025-06-25T16:52:57.169Z] [DEBUG] Processing company database: company_9jxwph8g
[2025-06-25T16:52:57.304Z] [DEBUG] Finding reports to execute in company_9jxwph8g (current time: 2025-06-25T16:52:57.304Z)
[2025-06-25T16:52:57.429Z] [INFO] Found 0 reports to execute in company_9jxwph8g
[2025-06-25T16:52:57.429Z] [INFO] Scheduled reports check completed
[2025-06-25T16:52:57.432Z] [DEBUG] MongoDB connection closed
Wed Jun 25 11:53:00 CDT 2025: Running scheduled reports
Wed Jun 25 11:53:00 CDT 2025: Checking if NextJS server is running...
/Users/sim/Project2/scripts/../scripts/run-simple-scheduled-reports.sh: line 16: node: command not found
Wed Jun 25 11:53:00 CDT 2025: NextJS server is not running. Skipping scheduled reports check.
[2025-06-25T16:53:26.215Z] [INFO] Checking for scheduled reports...
[2025-06-25T16:53:28.977Z] [DEBUG] Connected to MongoDB
[2025-06-25T16:53:29.279Z] [INFO] Found 1 company databases
[2025-06-25T16:53:29.280Z] [DEBUG] Processing company database: company_9jxwph8g
[2025-06-25T16:53:29.592Z] [DEBUG] Finding reports to execute in company_9jxwph8g (current time: 2025-06-25T16:53:29.592Z)
[2025-06-25T16:53:30.580Z] [INFO] Found 0 reports to execute in company_9jxwph8g
[2025-06-25T16:53:30.580Z] [INFO] Scheduled reports check completed
[2025-06-25T16:53:30.582Z] [DEBUG] MongoDB connection closed
[2025-06-25T16:53:56.215Z] [INFO] Checking for scheduled reports...
[2025-06-25T16:53:59.587Z] [DEBUG] Connected to MongoDB
[2025-06-25T16:53:59.726Z] [INFO] Found 1 company databases
[2025-06-25T16:53:59.727Z] [DEBUG] Processing company database: company_9jxwph8g
[2025-06-25T16:53:59.809Z] [DEBUG] Finding reports to execute in company_9jxwph8g (current time: 2025-06-25T16:53:59.809Z)
[2025-06-25T16:53:59.868Z] [INFO] Found 0 reports to execute in company_9jxwph8g
[2025-06-25T16:53:59.869Z] [INFO] Scheduled reports check completed
[2025-06-25T16:53:59.870Z] [DEBUG] MongoDB connection closed
Wed Jun 25 11:54:00 CDT 2025: Checking if NextJS server is running...
Wed Jun 25 11:54:00 CDT 2025: Running scheduled reports
/Users/sim/Project2/scripts/../scripts/run-simple-scheduled-reports.sh: line 16: node: command not found
Wed Jun 25 11:54:00 CDT 2025: NextJS server is not running. Skipping scheduled reports check.
[2025-06-25T16:54:26.215Z] [INFO] Checking for scheduled reports...
[2025-06-25T16:54:28.579Z] [DEBUG] Connected to MongoDB
[2025-06-25T16:54:28.650Z] [INFO] Found 1 company databases
[2025-06-25T16:54:28.650Z] [DEBUG] Processing company database: company_9jxwph8g
[2025-06-25T16:54:28.711Z] [DEBUG] Finding reports to execute in company_9jxwph8g (current time: 2025-06-25T16:54:28.711Z)
[2025-06-25T16:54:28.771Z] [INFO] Found 0 reports to execute in company_9jxwph8g
[2025-06-25T16:54:28.772Z] [INFO] Scheduled reports check completed
[2025-06-25T16:54:28.773Z] [DEBUG] MongoDB connection closed
[2025-06-25T16:54:56.216Z] [INFO] Checking for scheduled reports...
[2025-06-25T16:54:57.163Z] [DEBUG] Connected to MongoDB
[2025-06-25T16:54:57.239Z] [INFO] Found 1 company databases
[2025-06-25T16:54:57.240Z] [DEBUG] Processing company database: company_9jxwph8g
[2025-06-25T16:54:57.304Z] [DEBUG] Finding reports to execute in company_9jxwph8g (current time: 2025-06-25T16:54:57.304Z)
[2025-06-25T16:54:57.402Z] [INFO] Found 0 reports to execute in company_9jxwph8g
[2025-06-25T16:54:57.403Z] [INFO] Scheduled reports check completed
[2025-06-25T16:54:57.406Z] [DEBUG] MongoDB connection closed
Wed Jun 25 11:55:00 CDT 2025: Running scheduled reports
Wed Jun 25 11:55:00 CDT 2025: Checking if NextJS server is running...
/Users/sim/Project2/scripts/../scripts/run-simple-scheduled-reports.sh: line 16: node: command not found
Wed Jun 25 11:55:00 CDT 2025: NextJS server is not running. Skipping scheduled reports check.
[2025-06-25T16:55:26.216Z] [INFO] Checking for scheduled reports...
[2025-06-25T16:55:28.587Z] [DEBUG] Connected to MongoDB
[2025-06-25T16:55:28.731Z] [INFO] Found 1 company databases
[2025-06-25T16:55:28.732Z] [DEBUG] Processing company database: company_9jxwph8g
[2025-06-25T16:55:28.815Z] [DEBUG] Finding reports to execute in company_9jxwph8g (current time: 2025-06-25T16:55:28.815Z)
[2025-06-25T16:55:29.345Z] [INFO] Found 0 reports to execute in company_9jxwph8g
[2025-06-25T16:55:29.346Z] [INFO] Scheduled reports check completed
[2025-06-25T16:55:29.347Z] [DEBUG] MongoDB connection closed
[2025-06-25T16:55:56.216Z] [INFO] Checking for scheduled reports...
[2025-06-25T16:55:57.106Z] [DEBUG] Connected to MongoDB
[2025-06-25T16:55:57.181Z] [INFO] Found 1 company databases
[2025-06-25T16:55:57.181Z] [DEBUG] Processing company database: company_9jxwph8g
[2025-06-25T16:55:57.274Z] [DEBUG] Finding reports to execute in company_9jxwph8g (current time: 2025-06-25T16:55:57.274Z)
[2025-06-25T16:55:57.443Z] [INFO] Found 0 reports to execute in company_9jxwph8g
[2025-06-25T16:55:57.443Z] [INFO] Scheduled reports check completed
[2025-06-25T16:55:57.446Z] [DEBUG] MongoDB connection closed
Wed Jun 25 11:56:00 CDT 2025: Running scheduled reports
Wed Jun 25 11:56:00 CDT 2025: Checking if NextJS server is running...
/Users/sim/Project2/scripts/../scripts/run-simple-scheduled-reports.sh: line 16: node: command not found
Wed Jun 25 11:56:00 CDT 2025: NextJS server is not running. Skipping scheduled reports check.
[2025-06-25T16:56:26.215Z] [INFO] Checking for scheduled reports...
[2025-06-25T16:56:27.371Z] [DEBUG] Connected to MongoDB
[2025-06-25T16:56:27.456Z] [INFO] Found 1 company databases
[2025-06-25T16:56:27.457Z] [DEBUG] Processing company database: company_9jxwph8g
[2025-06-25T16:56:27.525Z] [DEBUG] Finding reports to execute in company_9jxwph8g (current time: 2025-06-25T16:56:27.525Z)
[2025-06-25T16:56:27.589Z] [INFO] Found 0 reports to execute in company_9jxwph8g
[2025-06-25T16:56:27.589Z] [INFO] Scheduled reports check completed
[2025-06-25T16:56:27.591Z] [DEBUG] MongoDB connection closed
[2025-06-25T16:56:56.215Z] [INFO] Checking for scheduled reports...
[2025-06-25T16:56:57.918Z] [DEBUG] Connected to MongoDB
[2025-06-25T16:56:58.026Z] [INFO] Found 1 company databases
[2025-06-25T16:56:58.027Z] [DEBUG] Processing company database: company_9jxwph8g
[2025-06-25T16:56:58.092Z] [DEBUG] Finding reports to execute in company_9jxwph8g (current time: 2025-06-25T16:56:58.092Z)
[2025-06-25T16:56:58.233Z] [INFO] Found 0 reports to execute in company_9jxwph8g
[2025-06-25T16:56:58.233Z] [INFO] Scheduled reports check completed
[2025-06-25T16:56:58.234Z] [DEBUG] MongoDB connection closed
Wed Jun 25 11:57:00 CDT 2025: Running scheduled reports
Wed Jun 25 11:57:00 CDT 2025: Checking if NextJS server is running...
/Users/sim/Project2/scripts/../scripts/run-simple-scheduled-reports.sh: line 16: node: command not found
Wed Jun 25 11:57:00 CDT 2025: NextJS server is not running. Skipping scheduled reports check.
[2025-06-25T16:57:26.216Z] [INFO] Checking for scheduled reports...
[2025-06-25T16:57:27.053Z] [DEBUG] Connected to MongoDB
[2025-06-25T16:57:27.231Z] [INFO] Found 1 company databases
[2025-06-25T16:57:27.231Z] [DEBUG] Processing company database: company_9jxwph8g
[2025-06-25T16:57:27.386Z] [DEBUG] Finding reports to execute in company_9jxwph8g (current time: 2025-06-25T16:57:27.386Z)
[2025-06-25T16:57:27.494Z] [INFO] Found 0 reports to execute in company_9jxwph8g
[2025-06-25T16:57:27.495Z] [INFO] Scheduled reports check completed
[2025-06-25T16:57:27.496Z] [DEBUG] MongoDB connection closed
[2025-06-25T16:57:56.217Z] [INFO] Checking for scheduled reports...
[2025-06-25T16:57:58.729Z] [DEBUG] Connected to MongoDB
[2025-06-25T16:57:58.870Z] [INFO] Found 1 company databases
[2025-06-25T16:57:58.871Z] [DEBUG] Processing company database: company_9jxwph8g
[2025-06-25T16:57:58.961Z] [DEBUG] Finding reports to execute in company_9jxwph8g (current time: 2025-06-25T16:57:58.961Z)
[2025-06-25T16:57:59.064Z] [INFO] Found 0 reports to execute in company_9jxwph8g
[2025-06-25T16:57:59.065Z] [INFO] Scheduled reports check completed
[2025-06-25T16:57:59.067Z] [DEBUG] MongoDB connection closed
Wed Jun 25 11:58:00 CDT 2025: Checking if NextJS server is running...
Wed Jun 25 11:58:00 CDT 2025: Running scheduled reports
/Users/sim/Project2/scripts/../scripts/run-simple-scheduled-reports.sh: line 16: node: command not found
Wed Jun 25 11:58:00 CDT 2025: NextJS server is not running. Skipping scheduled reports check.
[2025-06-25T16:58:26.216Z] [INFO] Checking for scheduled reports...
[2025-06-25T16:58:29.345Z] [DEBUG] Connected to MongoDB
[2025-06-25T16:58:29.496Z] [INFO] Found 1 company databases
[2025-06-25T16:58:29.497Z] [DEBUG] Processing company database: company_9jxwph8g
[2025-06-25T16:58:29.648Z] [DEBUG] Finding reports to execute in company_9jxwph8g (current time: 2025-06-25T16:58:29.648Z)
[2025-06-25T16:58:29.804Z] [INFO] Found 0 reports to execute in company_9jxwph8g
[2025-06-25T16:58:29.804Z] [INFO] Scheduled reports check completed
[2025-06-25T16:58:29.806Z] [DEBUG] MongoDB connection closed
[2025-06-25T16:58:56.216Z] [INFO] Checking for scheduled reports...
[2025-06-25T16:58:57.305Z] [DEBUG] Connected to MongoDB
[2025-06-25T16:58:57.401Z] [INFO] Found 1 company databases
[2025-06-25T16:58:57.401Z] [DEBUG] Processing company database: company_9jxwph8g
[2025-06-25T16:58:57.495Z] [DEBUG] Finding reports to execute in company_9jxwph8g (current time: 2025-06-25T16:58:57.495Z)
[2025-06-25T16:58:57.553Z] [INFO] Found 0 reports to execute in company_9jxwph8g
[2025-06-25T16:58:57.553Z] [INFO] Scheduled reports check completed
[2025-06-25T16:58:57.554Z] [DEBUG] MongoDB connection closed
Wed Jun 25 11:59:01 CDT 2025: Checking if NextJS server is running...
Wed Jun 25 11:59:01 CDT 2025: Running scheduled reports
/Users/sim/Project2/scripts/../scripts/run-simple-scheduled-reports.sh: line 16: node: command not found
Wed Jun 25 11:59:01 CDT 2025: NextJS server is not running. Skipping scheduled reports check.
[2025-06-25T16:59:26.215Z] [INFO] Checking for scheduled reports...
[2025-06-25T16:59:29.088Z] [DEBUG] Connected to MongoDB
[2025-06-25T16:59:29.209Z] [INFO] Found 1 company databases
[2025-06-25T16:59:29.209Z] [DEBUG] Processing company database: company_9jxwph8g
[2025-06-25T16:59:29.327Z] [DEBUG] Finding reports to execute in company_9jxwph8g (current time: 2025-06-25T16:59:29.327Z)
[2025-06-25T16:59:30.309Z] [INFO] Found 0 reports to execute in company_9jxwph8g
[2025-06-25T16:59:30.309Z] [INFO] Scheduled reports check completed
[2025-06-25T16:59:30.311Z] [DEBUG] MongoDB connection closed
[2025-06-25T16:59:56.215Z] [INFO] Checking for scheduled reports...
[2025-06-25T16:59:58.280Z] [DEBUG] Connected to MongoDB
[2025-06-25T16:59:58.396Z] [INFO] Found 1 company databases
[2025-06-25T16:59:58.396Z] [DEBUG] Processing company database: company_9jxwph8g
[2025-06-25T16:59:58.542Z] [DEBUG] Finding reports to execute in company_9jxwph8g (current time: 2025-06-25T16:59:58.542Z)
[2025-06-25T16:59:58.670Z] [INFO] Found 0 reports to execute in company_9jxwph8g
[2025-06-25T16:59:58.670Z] [INFO] Scheduled reports check completed
[2025-06-25T16:59:58.672Z] [DEBUG] MongoDB connection closed
Wed Jun 25 12:00:00 CDT 2025: Checking if NextJS server is running...
Wed Jun 25 12:00:00 CDT 2025: Running scheduled reports
/Users/sim/Project2/scripts/../scripts/run-simple-scheduled-reports.sh: line 16: node: command not found
Wed Jun 25 12:00:00 CDT 2025: NextJS server is not running. Skipping scheduled reports check.
[2025-06-25T17:00:26.215Z] [INFO] Checking for scheduled reports...
[2025-06-25T17:00:27.033Z] [DEBUG] Connected to MongoDB
[2025-06-25T17:00:27.132Z] [INFO] Found 1 company databases
[2025-06-25T17:00:27.132Z] [DEBUG] Processing company database: company_9jxwph8g
[2025-06-25T17:00:27.357Z] [DEBUG] Finding reports to execute in company_9jxwph8g (current time: 2025-06-25T17:00:27.357Z)
[2025-06-25T17:00:27.467Z] [INFO] Found 0 reports to execute in company_9jxwph8g
[2025-06-25T17:00:27.467Z] [INFO] Scheduled reports check completed
[2025-06-25T17:00:27.468Z] [DEBUG] MongoDB connection closed
[2025-06-25T17:00:56.215Z] [INFO] Checking for scheduled reports...
[2025-06-25T17:00:57.211Z] [DEBUG] Connected to MongoDB
[2025-06-25T17:00:57.312Z] [INFO] Found 1 company databases
[2025-06-25T17:00:57.313Z] [DEBUG] Processing company database: company_9jxwph8g
[2025-06-25T17:00:57.392Z] [DEBUG] Finding reports to execute in company_9jxwph8g (current time: 2025-06-25T17:00:57.392Z)
[2025-06-25T17:00:57.465Z] [INFO] Found 0 reports to execute in company_9jxwph8g
[2025-06-25T17:00:57.465Z] [INFO] Scheduled reports check completed
[2025-06-25T17:00:57.468Z] [DEBUG] MongoDB connection closed
Wed Jun 25 12:01:00 CDT 2025: Running scheduled reports
Wed Jun 25 12:01:00 CDT 2025: Checking if NextJS server is running...
/Users/sim/Project2/scripts/../scripts/run-simple-scheduled-reports.sh: line 16: node: command not found
Wed Jun 25 12:01:00 CDT 2025: NextJS server is not running. Skipping scheduled reports check.
[2025-06-25T17:01:26.215Z] [INFO] Checking for scheduled reports...
[2025-06-25T17:01:27.872Z] [DEBUG] Connected to MongoDB
[2025-06-25T17:01:27.964Z] [INFO] Found 1 company databases
[2025-06-25T17:01:27.964Z] [DEBUG] Processing company database: company_9jxwph8g
[2025-06-25T17:01:28.023Z] [DEBUG] Finding reports to execute in company_9jxwph8g (current time: 2025-06-25T17:01:28.023Z)
[2025-06-25T17:01:28.084Z] [INFO] Found 0 reports to execute in company_9jxwph8g
[2025-06-25T17:01:28.085Z] [INFO] Scheduled reports check completed
[2025-06-25T17:01:28.087Z] [DEBUG] MongoDB connection closed
[2025-06-25T17:01:56.215Z] [INFO] Checking for scheduled reports...
[2025-06-25T17:01:56.979Z] [DEBUG] Connected to MongoDB
[2025-06-25T17:01:57.086Z] [INFO] Found 1 company databases
[2025-06-25T17:01:57.086Z] [DEBUG] Processing company database: company_9jxwph8g
[2025-06-25T17:01:57.192Z] [DEBUG] Finding reports to execute in company_9jxwph8g (current time: 2025-06-25T17:01:57.192Z)
[2025-06-25T17:01:57.322Z] [INFO] Found 0 reports to execute in company_9jxwph8g
[2025-06-25T17:01:57.322Z] [INFO] Scheduled reports check completed
[2025-06-25T17:01:57.323Z] [DEBUG] MongoDB connection closed
Wed Jun 25 12:02:00 CDT 2025: Running scheduled reports
Wed Jun 25 12:02:00 CDT 2025: Checking if NextJS server is running...
/Users/sim/Project2/scripts/../scripts/run-simple-scheduled-reports.sh: line 16: node: command not found
Wed Jun 25 12:02:00 CDT 2025: NextJS server is not running. Skipping scheduled reports check.
[2025-06-25T17:02:26.215Z] [INFO] Checking for scheduled reports...
[2025-06-25T17:02:27.397Z] [DEBUG] Connected to MongoDB
[2025-06-25T17:02:27.467Z] [INFO] Found 1 company databases
[2025-06-25T17:02:27.467Z] [DEBUG] Processing company database: company_9jxwph8g
[2025-06-25T17:02:27.570Z] [DEBUG] Finding reports to execute in company_9jxwph8g (current time: 2025-06-25T17:02:27.570Z)
[2025-06-25T17:02:27.695Z] [INFO] Found 0 reports to execute in company_9jxwph8g
[2025-06-25T17:02:27.696Z] [INFO] Scheduled reports check completed
[2025-06-25T17:02:27.698Z] [DEBUG] MongoDB connection closed
[2025-06-25T17:02:56.216Z] [INFO] Checking for scheduled reports...
[2025-06-25T17:02:57.172Z] [DEBUG] Connected to MongoDB
[2025-06-25T17:02:57.276Z] [INFO] Found 1 company databases
[2025-06-25T17:02:57.277Z] [DEBUG] Processing company database: company_9jxwph8g
[2025-06-25T17:02:58.201Z] [DEBUG] Finding reports to execute in company_9jxwph8g (current time: 2025-06-25T17:02:58.201Z)
[2025-06-25T17:02:58.324Z] [INFO] Found 0 reports to execute in company_9jxwph8g
[2025-06-25T17:02:58.325Z] [INFO] Scheduled reports check completed
[2025-06-25T17:02:58.327Z] [DEBUG] MongoDB connection closed
Wed Jun 25 12:03:00 CDT 2025: Checking if NextJS server is running...
Wed Jun 25 12:03:00 CDT 2025: Running scheduled reports
/Users/sim/Project2/scripts/../scripts/run-simple-scheduled-reports.sh: line 16: node: command not found
Wed Jun 25 12:03:00 CDT 2025: NextJS server is not running. Skipping scheduled reports check.
[2025-06-25T17:03:26.216Z] [INFO] Checking for scheduled reports...
[2025-06-25T17:03:27.947Z] [DEBUG] Connected to MongoDB
[2025-06-25T17:03:28.079Z] [INFO] Found 1 company databases
[2025-06-25T17:03:28.080Z] [DEBUG] Processing company database: company_9jxwph8g
[2025-06-25T17:03:28.387Z] [DEBUG] Finding reports to execute in company_9jxwph8g (current time: 2025-06-25T17:03:28.387Z)
[2025-06-25T17:03:28.519Z] [INFO] Found 0 reports to execute in company_9jxwph8g
[2025-06-25T17:03:28.520Z] [INFO] Scheduled reports check completed
[2025-06-25T17:03:28.522Z] [DEBUG] MongoDB connection closed
[2025-06-25T17:03:56.216Z] [INFO] Checking for scheduled reports...
[2025-06-25T17:03:57.226Z] [DEBUG] Connected to MongoDB
[2025-06-25T17:03:57.294Z] [INFO] Found 1 company databases
[2025-06-25T17:03:57.294Z] [DEBUG] Processing company database: company_9jxwph8g
[2025-06-25T17:03:57.351Z] [DEBUG] Finding reports to execute in company_9jxwph8g (current time: 2025-06-25T17:03:57.351Z)
[2025-06-25T17:03:57.410Z] [INFO] Found 0 reports to execute in company_9jxwph8g
[2025-06-25T17:03:57.411Z] [INFO] Scheduled reports check completed
[2025-06-25T17:03:57.415Z] [DEBUG] MongoDB connection closed
Wed Jun 25 12:04:00 CDT 2025: Running scheduled reports
Wed Jun 25 12:04:00 CDT 2025: Checking if NextJS server is running...
/Users/sim/Project2/scripts/../scripts/run-simple-scheduled-reports.sh: line 16: node: command not found
Wed Jun 25 12:04:00 CDT 2025: NextJS server is not running. Skipping scheduled reports check.
[2025-06-25T17:04:26.216Z] [INFO] Checking for scheduled reports...
[2025-06-25T17:04:28.433Z] [DEBUG] Connected to MongoDB
[2025-06-25T17:04:28.573Z] [INFO] Found 1 company databases
[2025-06-25T17:04:28.574Z] [DEBUG] Processing company database: company_9jxwph8g
[2025-06-25T17:04:29.088Z] [DEBUG] Finding reports to execute in company_9jxwph8g (current time: 2025-06-25T17:04:29.088Z)
[2025-06-25T17:04:29.159Z] [INFO] Found 0 reports to execute in company_9jxwph8g
[2025-06-25T17:04:29.160Z] [INFO] Scheduled reports check completed
[2025-06-25T17:04:29.162Z] [DEBUG] MongoDB connection closed
[2025-06-25T17:04:56.215Z] [INFO] Checking for scheduled reports...
[2025-06-25T17:04:56.931Z] [DEBUG] Connected to MongoDB
[2025-06-25T17:04:57.030Z] [INFO] Found 1 company databases
[2025-06-25T17:04:57.031Z] [DEBUG] Processing company database: company_9jxwph8g
[2025-06-25T17:04:57.126Z] [DEBUG] Finding reports to execute in company_9jxwph8g (current time: 2025-06-25T17:04:57.126Z)
[2025-06-25T17:04:57.239Z] [INFO] Found 0 reports to execute in company_9jxwph8g
[2025-06-25T17:04:57.240Z] [INFO] Scheduled reports check completed
[2025-06-25T17:04:57.241Z] [DEBUG] MongoDB connection closed
Wed Jun 25 12:05:00 CDT 2025: Checking if NextJS server is running...
Wed Jun 25 12:05:00 CDT 2025: Running scheduled reports
/Users/sim/Project2/scripts/../scripts/run-simple-scheduled-reports.sh: line 16: node: command not found
Wed Jun 25 12:05:00 CDT 2025: NextJS server is not running. Skipping scheduled reports check.
[2025-06-25T17:05:26.216Z] [INFO] Checking for scheduled reports...
[2025-06-25T17:05:27.837Z] [DEBUG] Connected to MongoDB
[2025-06-25T17:05:27.907Z] [INFO] Found 1 company databases
[2025-06-25T17:05:27.907Z] [DEBUG] Processing company database: company_9jxwph8g
[2025-06-25T17:05:27.966Z] [DEBUG] Finding reports to execute in company_9jxwph8g (current time: 2025-06-25T17:05:27.966Z)
[2025-06-25T17:05:28.023Z] [INFO] Found 0 reports to execute in company_9jxwph8g
[2025-06-25T17:05:28.024Z] [INFO] Scheduled reports check completed
[2025-06-25T17:05:28.026Z] [DEBUG] MongoDB connection closed
[2025-06-25T17:05:56.217Z] [INFO] Checking for scheduled reports...
[2025-06-25T17:05:57.626Z] [DEBUG] Connected to MongoDB
[2025-06-25T17:05:57.728Z] [INFO] Found 1 company databases
[2025-06-25T17:05:57.729Z] [DEBUG] Processing company database: company_9jxwph8g
[2025-06-25T17:05:58.099Z] [DEBUG] Finding reports to execute in company_9jxwph8g (current time: 2025-06-25T17:05:58.099Z)
[2025-06-25T17:05:58.274Z] [INFO] Found 0 reports to execute in company_9jxwph8g
[2025-06-25T17:05:58.274Z] [INFO] Scheduled reports check completed
[2025-06-25T17:05:58.277Z] [DEBUG] MongoDB connection closed
Wed Jun 25 12:06:00 CDT 2025: Running scheduled reports
Wed Jun 25 12:06:00 CDT 2025: Checking if NextJS server is running...
/Users/sim/Project2/scripts/../scripts/run-simple-scheduled-reports.sh: line 16: node: command not found
Wed Jun 25 12:06:00 CDT 2025: NextJS server is not running. Skipping scheduled reports check.
[2025-06-25T17:06:26.218Z] [INFO] Checking for scheduled reports...
[2025-06-25T17:06:27.596Z] [DEBUG] Connected to MongoDB
[2025-06-25T17:06:27.708Z] [INFO] Found 1 company databases
[2025-06-25T17:06:27.709Z] [DEBUG] Processing company database: company_9jxwph8g
[2025-06-25T17:06:27.951Z] [DEBUG] Finding reports to execute in company_9jxwph8g (current time: 2025-06-25T17:06:27.951Z)
[2025-06-25T17:06:28.017Z] [INFO] Found 0 reports to execute in company_9jxwph8g
[2025-06-25T17:06:28.018Z] [INFO] Scheduled reports check completed
[2025-06-25T17:06:28.021Z] [DEBUG] MongoDB connection closed
[2025-06-25T17:06:56.218Z] [INFO] Checking for scheduled reports...
[2025-06-25T17:06:57.229Z] [DEBUG] Connected to MongoDB
[2025-06-25T17:06:57.296Z] [INFO] Found 1 company databases
[2025-06-25T17:06:57.297Z] [DEBUG] Processing company database: company_9jxwph8g
[2025-06-25T17:06:57.358Z] [DEBUG] Finding reports to execute in company_9jxwph8g (current time: 2025-06-25T17:06:57.358Z)
[2025-06-25T17:06:57.424Z] [INFO] Found 0 reports to execute in company_9jxwph8g
[2025-06-25T17:06:57.425Z] [INFO] Scheduled reports check completed
[2025-06-25T17:06:57.427Z] [DEBUG] MongoDB connection closed
Wed Jun 25 12:07:00 CDT 2025: Running scheduled reports
Wed Jun 25 12:07:00 CDT 2025: Checking if NextJS server is running...
/Users/sim/Project2/scripts/../scripts/run-simple-scheduled-reports.sh: line 16: node: command not found
Wed Jun 25 12:07:00 CDT 2025: NextJS server is not running. Skipping scheduled reports check.
[2025-06-25T17:07:26.218Z] [INFO] Checking for scheduled reports...
[2025-06-25T17:07:27.117Z] [DEBUG] Connected to MongoDB
[2025-06-25T17:07:27.194Z] [INFO] Found 1 company databases
[2025-06-25T17:07:27.195Z] [DEBUG] Processing company database: company_9jxwph8g
[2025-06-25T17:07:27.257Z] [DEBUG] Finding reports to execute in company_9jxwph8g (current time: 2025-06-25T17:07:27.257Z)
[2025-06-25T17:07:27.322Z] [INFO] Found 0 reports to execute in company_9jxwph8g
[2025-06-25T17:07:27.323Z] [INFO] Scheduled reports check completed
[2025-06-25T17:07:27.326Z] [DEBUG] MongoDB connection closed
[2025-06-25T17:07:56.217Z] [INFO] Checking for scheduled reports...
[2025-06-25T17:07:57.463Z] [DEBUG] Connected to MongoDB
[2025-06-25T17:07:57.537Z] [INFO] Found 1 company databases
[2025-06-25T17:07:57.538Z] [DEBUG] Processing company database: company_9jxwph8g
[2025-06-25T17:07:57.598Z] [DEBUG] Finding reports to execute in company_9jxwph8g (current time: 2025-06-25T17:07:57.598Z)
[2025-06-25T17:07:57.657Z] [INFO] Found 0 reports to execute in company_9jxwph8g
[2025-06-25T17:07:57.657Z] [INFO] Scheduled reports check completed
[2025-06-25T17:07:57.660Z] [DEBUG] MongoDB connection closed
Wed Jun 25 12:08:01 CDT 2025: Running scheduled reports
Wed Jun 25 12:08:01 CDT 2025: Checking if NextJS server is running...
/Users/sim/Project2/scripts/../scripts/run-simple-scheduled-reports.sh: line 16: node: command not found
Wed Jun 25 12:08:01 CDT 2025: NextJS server is not running. Skipping scheduled reports check.
[2025-06-25T17:08:26.218Z] [INFO] Checking for scheduled reports...
[2025-06-25T17:08:27.113Z] [DEBUG] Connected to MongoDB
[2025-06-25T17:08:27.242Z] [INFO] Found 1 company databases
[2025-06-25T17:08:27.243Z] [DEBUG] Processing company database: company_9jxwph8g
[2025-06-25T17:08:27.466Z] [DEBUG] Finding reports to execute in company_9jxwph8g (current time: 2025-06-25T17:08:27.466Z)
[2025-06-25T17:08:27.523Z] [INFO] Found 0 reports to execute in company_9jxwph8g
[2025-06-25T17:08:27.524Z] [INFO] Scheduled reports check completed
[2025-06-25T17:08:27.526Z] [DEBUG] MongoDB connection closed
[2025-06-25T17:08:56.219Z] [INFO] Checking for scheduled reports...
[2025-06-25T17:08:57.162Z] [DEBUG] Connected to MongoDB
[2025-06-25T17:08:57.237Z] [INFO] Found 1 company databases
[2025-06-25T17:08:57.238Z] [DEBUG] Processing company database: company_9jxwph8g
[2025-06-25T17:08:57.301Z] [DEBUG] Finding reports to execute in company_9jxwph8g (current time: 2025-06-25T17:08:57.301Z)
[2025-06-25T17:08:57.434Z] [INFO] Found 0 reports to execute in company_9jxwph8g
[2025-06-25T17:08:57.434Z] [INFO] Scheduled reports check completed
[2025-06-25T17:08:57.436Z] [DEBUG] MongoDB connection closed
Wed Jun 25 12:09:00 CDT 2025: Running scheduled reports
Wed Jun 25 12:09:00 CDT 2025: Checking if NextJS server is running...
/Users/sim/Project2/scripts/../scripts/run-simple-scheduled-reports.sh: line 16: node: command not found
Wed Jun 25 12:09:00 CDT 2025: NextJS server is not running. Skipping scheduled reports check.
[2025-06-25T17:09:26.218Z] [INFO] Checking for scheduled reports...
[2025-06-25T17:09:27.426Z] [DEBUG] Connected to MongoDB
[2025-06-25T17:09:27.496Z] [INFO] Found 1 company databases
[2025-06-25T17:09:27.497Z] [DEBUG] Processing company database: company_9jxwph8g
[2025-06-25T17:09:27.564Z] [DEBUG] Finding reports to execute in company_9jxwph8g (current time: 2025-06-25T17:09:27.564Z)
[2025-06-25T17:09:27.625Z] [INFO] Found 0 reports to execute in company_9jxwph8g
[2025-06-25T17:09:27.625Z] [INFO] Scheduled reports check completed
[2025-06-25T17:09:27.628Z] [DEBUG] MongoDB connection closed
[2025-06-25T17:09:56.218Z] [INFO] Checking for scheduled reports...
[2025-06-25T17:09:57.707Z] [DEBUG] Connected to MongoDB
[2025-06-25T17:09:57.803Z] [INFO] Found 1 company databases
[2025-06-25T17:09:57.804Z] [DEBUG] Processing company database: company_9jxwph8g
[2025-06-25T17:09:57.918Z] [DEBUG] Finding reports to execute in company_9jxwph8g (current time: 2025-06-25T17:09:57.918Z)
[2025-06-25T17:09:57.978Z] [INFO] Found 0 reports to execute in company_9jxwph8g
[2025-06-25T17:09:57.979Z] [INFO] Scheduled reports check completed
[2025-06-25T17:09:57.981Z] [DEBUG] MongoDB connection closed
Wed Jun 25 12:10:00 CDT 2025: Running scheduled reports
Wed Jun 25 12:10:00 CDT 2025: Checking if NextJS server is running...
/Users/sim/Project2/scripts/../scripts/run-simple-scheduled-reports.sh: line 16: node: command not found
Wed Jun 25 12:10:00 CDT 2025: NextJS server is not running. Skipping scheduled reports check.
[2025-06-25T17:10:26.218Z] [INFO] Checking for scheduled reports...
[2025-06-25T17:10:27.679Z] [DEBUG] Connected to MongoDB
[2025-06-25T17:10:27.827Z] [INFO] Found 1 company databases
[2025-06-25T17:10:27.828Z] [DEBUG] Processing company database: company_9jxwph8g
[2025-06-25T17:10:27.886Z] [DEBUG] Finding reports to execute in company_9jxwph8g (current time: 2025-06-25T17:10:27.886Z)
[2025-06-25T17:10:27.945Z] [INFO] Found 0 reports to execute in company_9jxwph8g
[2025-06-25T17:10:27.945Z] [INFO] Scheduled reports check completed
[2025-06-25T17:10:27.948Z] [DEBUG] MongoDB connection closed
[2025-06-25T17:10:56.219Z] [INFO] Checking for scheduled reports...
[2025-06-25T17:10:57.957Z] [DEBUG] Connected to MongoDB
[2025-06-25T17:10:58.088Z] [INFO] Found 1 company databases
[2025-06-25T17:10:58.088Z] [DEBUG] Processing company database: company_9jxwph8g
[2025-06-25T17:10:58.253Z] [DEBUG] Finding reports to execute in company_9jxwph8g (current time: 2025-06-25T17:10:58.253Z)
[2025-06-25T17:10:58.363Z] [INFO] Found 0 reports to execute in company_9jxwph8g
[2025-06-25T17:10:58.363Z] [INFO] Scheduled reports check completed
[2025-06-25T17:10:58.365Z] [DEBUG] MongoDB connection closed
Wed Jun 25 12:11:00 CDT 2025: Checking if NextJS server is running...
Wed Jun 25 12:11:00 CDT 2025: Running scheduled reports
/Users/sim/Project2/scripts/../scripts/run-simple-scheduled-reports.sh: line 16: node: command not found
Wed Jun 25 12:11:00 CDT 2025: NextJS server is not running. Skipping scheduled reports check.
[2025-06-25T17:11:26.219Z] [INFO] Checking for scheduled reports...
[2025-06-25T17:11:27.256Z] [DEBUG] Connected to MongoDB
[2025-06-25T17:11:27.342Z] [INFO] Found 1 company databases
[2025-06-25T17:11:27.342Z] [DEBUG] Processing company database: company_9jxwph8g
[2025-06-25T17:11:27.401Z] [DEBUG] Finding reports to execute in company_9jxwph8g (current time: 2025-06-25T17:11:27.401Z)
[2025-06-25T17:11:27.460Z] [INFO] Found 0 reports to execute in company_9jxwph8g
[2025-06-25T17:11:27.461Z] [INFO] Scheduled reports check completed
[2025-06-25T17:11:27.463Z] [DEBUG] MongoDB connection closed
[2025-06-25T17:11:56.220Z] [INFO] Checking for scheduled reports...
[2025-06-25T17:11:57.124Z] [DEBUG] Connected to MongoDB
[2025-06-25T17:11:57.192Z] [INFO] Found 1 company databases
[2025-06-25T17:11:57.193Z] [DEBUG] Processing company database: company_9jxwph8g
[2025-06-25T17:11:57.295Z] [DEBUG] Finding reports to execute in company_9jxwph8g (current time: 2025-06-25T17:11:57.295Z)
[2025-06-25T17:11:57.385Z] [INFO] Found 0 reports to execute in company_9jxwph8g
[2025-06-25T17:11:57.385Z] [INFO] Scheduled reports check completed
[2025-06-25T17:11:57.388Z] [DEBUG] MongoDB connection closed
Wed Jun 25 12:12:00 CDT 2025: Running scheduled reports
Wed Jun 25 12:12:00 CDT 2025: Checking if NextJS server is running...
/Users/sim/Project2/scripts/../scripts/run-simple-scheduled-reports.sh: line 16: node: command not found
Wed Jun 25 12:12:00 CDT 2025: NextJS server is not running. Skipping scheduled reports check.
[2025-06-25T17:12:26.220Z] [INFO] Checking for scheduled reports...
[2025-06-25T17:12:27.481Z] [DEBUG] Connected to MongoDB
[2025-06-25T17:12:27.557Z] [INFO] Found 1 company databases
[2025-06-25T17:12:27.558Z] [DEBUG] Processing company database: company_9jxwph8g
[2025-06-25T17:12:27.618Z] [DEBUG] Finding reports to execute in company_9jxwph8g (current time: 2025-06-25T17:12:27.618Z)
[2025-06-25T17:12:27.705Z] [INFO] Found 0 reports to execute in company_9jxwph8g
[2025-06-25T17:12:27.706Z] [INFO] Scheduled reports check completed
[2025-06-25T17:12:27.708Z] [DEBUG] MongoDB connection closed
[2025-06-25T17:12:56.219Z] [INFO] Checking for scheduled reports...
[2025-06-25T17:12:57.036Z] [DEBUG] Connected to MongoDB
[2025-06-25T17:12:57.104Z] [INFO] Found 1 company databases
[2025-06-25T17:12:57.104Z] [DEBUG] Processing company database: company_9jxwph8g
[2025-06-25T17:12:57.161Z] [DEBUG] Finding reports to execute in company_9jxwph8g (current time: 2025-06-25T17:12:57.161Z)
[2025-06-25T17:12:57.265Z] [INFO] Found 0 reports to execute in company_9jxwph8g
[2025-06-25T17:12:57.266Z] [INFO] Scheduled reports check completed
[2025-06-25T17:12:57.268Z] [DEBUG] MongoDB connection closed
Wed Jun 25 12:13:00 CDT 2025: Running scheduled reports
Wed Jun 25 12:13:00 CDT 2025: Checking if NextJS server is running...
/Users/sim/Project2/scripts/../scripts/run-simple-scheduled-reports.sh: line 16: node: command not found
Wed Jun 25 12:13:00 CDT 2025: NextJS server is not running. Skipping scheduled reports check.
[2025-06-25T17:13:26.220Z] [INFO] Checking for scheduled reports...
[2025-06-25T17:13:27.390Z] [DEBUG] Connected to MongoDB
[2025-06-25T17:13:27.529Z] [INFO] Found 1 company databases
[2025-06-25T17:13:27.530Z] [DEBUG] Processing company database: company_9jxwph8g
[2025-06-25T17:13:27.763Z] [DEBUG] Finding reports to execute in company_9jxwph8g (current time: 2025-06-25T17:13:27.763Z)
[2025-06-25T17:13:27.892Z] [INFO] Found 0 reports to execute in company_9jxwph8g
[2025-06-25T17:13:27.893Z] [INFO] Scheduled reports check completed
[2025-06-25T17:13:27.895Z] [DEBUG] MongoDB connection closed
[2025-06-25T17:13:56.220Z] [INFO] Checking for scheduled reports...
[2025-06-25T17:13:57.184Z] [DEBUG] Connected to MongoDB
[2025-06-25T17:13:57.306Z] [INFO] Found 1 company databases
[2025-06-25T17:13:57.306Z] [DEBUG] Processing company database: company_9jxwph8g
[2025-06-25T17:13:57.662Z] [DEBUG] Finding reports to execute in company_9jxwph8g (current time: 2025-06-25T17:13:57.662Z)
[2025-06-25T17:13:57.862Z] [INFO] Found 0 reports to execute in company_9jxwph8g
[2025-06-25T17:13:57.863Z] [INFO] Scheduled reports check completed
[2025-06-25T17:13:57.865Z] [DEBUG] MongoDB connection closed
Wed Jun 25 12:14:00 CDT 2025: Checking if NextJS server is running...
Wed Jun 25 12:14:00 CDT 2025: Running scheduled reports
/Users/sim/Project2/scripts/../scripts/run-simple-scheduled-reports.sh: line 16: node: command not found
Wed Jun 25 12:14:00 CDT 2025: NextJS server is not running. Skipping scheduled reports check.
[2025-06-25T17:14:26.027Z] [INFO] Checking for scheduled reports...
[2025-06-25T17:14:26.842Z] [DEBUG] Connected to MongoDB
[2025-06-25T17:14:26.954Z] [INFO] Found 1 company databases
[2025-06-25T17:14:26.954Z] [DEBUG] Processing company database: company_9jxwph8g
[2025-06-25T17:14:27.093Z] [DEBUG] Finding reports to execute in company_9jxwph8g (current time: 2025-06-25T17:14:27.093Z)
[2025-06-25T17:14:27.207Z] [INFO] Found 0 reports to execute in company_9jxwph8g
[2025-06-25T17:14:27.207Z] [INFO] Scheduled reports check completed
[2025-06-25T17:14:27.208Z] [DEBUG] MongoDB connection closed
[2025-06-25T17:14:56.026Z] [INFO] Checking for scheduled reports...
[2025-06-25T17:14:57.073Z] [DEBUG] Connected to MongoDB
[2025-06-25T17:14:57.196Z] [INFO] Found 1 company databases
[2025-06-25T17:14:57.196Z] [DEBUG] Processing company database: company_9jxwph8g
[2025-06-25T17:14:57.421Z] [DEBUG] Finding reports to execute in company_9jxwph8g (current time: 2025-06-25T17:14:57.421Z)
[2025-06-25T17:14:57.538Z] [INFO] Found 0 reports to execute in company_9jxwph8g
[2025-06-25T17:14:57.538Z] [INFO] Scheduled reports check completed
[2025-06-25T17:14:57.541Z] [DEBUG] MongoDB connection closed
Wed Jun 25 12:15:00 CDT 2025: Checking if NextJS server is running...
Wed Jun 25 12:15:00 CDT 2025: Running scheduled reports
/Users/sim/Project2/scripts/../scripts/run-simple-scheduled-reports.sh: line 16: node: command not found
Wed Jun 25 12:15:00 CDT 2025: NextJS server is not running. Skipping scheduled reports check.
[2025-06-25T17:15:26.027Z] [INFO] Checking for scheduled reports...
[2025-06-25T17:15:28.194Z] [DEBUG] Connected to MongoDB
[2025-06-25T17:15:28.291Z] [INFO] Found 1 company databases
[2025-06-25T17:15:28.291Z] [DEBUG] Processing company database: company_9jxwph8g
[2025-06-25T17:15:28.354Z] [DEBUG] Finding reports to execute in company_9jxwph8g (current time: 2025-06-25T17:15:28.354Z)
[2025-06-25T17:15:28.443Z] [INFO] Found 0 reports to execute in company_9jxwph8g
[2025-06-25T17:15:28.443Z] [INFO] Scheduled reports check completed
[2025-06-25T17:15:28.446Z] [DEBUG] MongoDB connection closed
[2025-06-25T17:15:56.026Z] [INFO] Checking for scheduled reports...
[2025-06-25T17:15:56.846Z] [DEBUG] Connected to MongoDB
[2025-06-25T17:15:56.961Z] [INFO] Found 1 company databases
[2025-06-25T17:15:56.962Z] [DEBUG] Processing company database: company_9jxwph8g
[2025-06-25T17:15:57.113Z] [DEBUG] Finding reports to execute in company_9jxwph8g (current time: 2025-06-25T17:15:57.113Z)
[2025-06-25T17:15:57.222Z] [INFO] Found 0 reports to execute in company_9jxwph8g
[2025-06-25T17:15:57.223Z] [INFO] Scheduled reports check completed
[2025-06-25T17:15:57.225Z] [DEBUG] MongoDB connection closed
Wed Jun 25 12:16:01 CDT 2025: Running scheduled reports
Wed Jun 25 12:16:01 CDT 2025: Checking if NextJS server is running...
/Users/sim/Project2/scripts/../scripts/run-simple-scheduled-reports.sh: line 16: node: command not found
Wed Jun 25 12:16:01 CDT 2025: NextJS server is not running. Skipping scheduled reports check.
[2025-06-25T17:16:26.024Z] [INFO] Checking for scheduled reports...
[2025-06-25T17:16:26.954Z] [DEBUG] Connected to MongoDB
[2025-06-25T17:16:27.044Z] [INFO] Found 1 company databases
[2025-06-25T17:16:27.044Z] [DEBUG] Processing company database: company_9jxwph8g
[2025-06-25T17:16:27.147Z] [DEBUG] Finding reports to execute in company_9jxwph8g (current time: 2025-06-25T17:16:27.147Z)
[2025-06-25T17:16:27.221Z] [INFO] Found 0 reports to execute in company_9jxwph8g
[2025-06-25T17:16:27.222Z] [INFO] Scheduled reports check completed
[2025-06-25T17:16:27.224Z] [DEBUG] MongoDB connection closed
[2025-06-25T17:16:56.025Z] [INFO] Checking for scheduled reports...
[2025-06-25T17:16:57.061Z] [DEBUG] Connected to MongoDB
[2025-06-25T17:16:57.299Z] [INFO] Found 1 company databases
[2025-06-25T17:16:57.300Z] [DEBUG] Processing company database: company_9jxwph8g
[2025-06-25T17:16:57.408Z] [DEBUG] Finding reports to execute in company_9jxwph8g (current time: 2025-06-25T17:16:57.408Z)
[2025-06-25T17:16:57.504Z] [INFO] Found 0 reports to execute in company_9jxwph8g
[2025-06-25T17:16:57.505Z] [INFO] Scheduled reports check completed
[2025-06-25T17:16:57.507Z] [DEBUG] MongoDB connection closed
Wed Jun 25 12:17:00 CDT 2025: Running scheduled reports
Wed Jun 25 12:17:00 CDT 2025: Checking if NextJS server is running...
/Users/sim/Project2/scripts/../scripts/run-simple-scheduled-reports.sh: line 16: node: command not found
Wed Jun 25 12:17:00 CDT 2025: NextJS server is not running. Skipping scheduled reports check.
[2025-06-25T17:17:26.026Z] [INFO] Checking for scheduled reports...
[2025-06-25T17:17:27.431Z] [DEBUG] Connected to MongoDB
[2025-06-25T17:17:27.687Z] [INFO] Found 1 company databases
[2025-06-25T17:17:27.687Z] [DEBUG] Processing company database: company_9jxwph8g
[2025-06-25T17:17:28.590Z] [DEBUG] Finding reports to execute in company_9jxwph8g (current time: 2025-06-25T17:17:28.590Z)
[2025-06-25T17:17:28.948Z] [INFO] Found 0 reports to execute in company_9jxwph8g
[2025-06-25T17:17:28.949Z] [INFO] Scheduled reports check completed
[2025-06-25T17:17:28.951Z] [DEBUG] MongoDB connection closed
[2025-06-25T17:17:56.027Z] [INFO] Checking for scheduled reports...
[2025-06-25T17:17:57.635Z] [DEBUG] Connected to MongoDB
[2025-06-25T17:17:57.712Z] [INFO] Found 1 company databases
[2025-06-25T17:17:57.713Z] [DEBUG] Processing company database: company_9jxwph8g
[2025-06-25T17:17:57.773Z] [DEBUG] Finding reports to execute in company_9jxwph8g (current time: 2025-06-25T17:17:57.773Z)
[2025-06-25T17:17:57.873Z] [INFO] Found 0 reports to execute in company_9jxwph8g
[2025-06-25T17:17:57.874Z] [INFO] Scheduled reports check completed
[2025-06-25T17:17:57.876Z] [DEBUG] MongoDB connection closed
Wed Jun 25 12:18:00 CDT 2025: Running scheduled reports
Wed Jun 25 12:18:00 CDT 2025: Checking if NextJS server is running...
/Users/sim/Project2/scripts/../scripts/run-simple-scheduled-reports.sh: line 16: node: command not found
Wed Jun 25 12:18:00 CDT 2025: NextJS server is not running. Skipping scheduled reports check.
[2025-06-25T17:18:26.028Z] [INFO] Checking for scheduled reports...
[2025-06-25T17:18:28.091Z] [DEBUG] Connected to MongoDB
[2025-06-25T17:18:28.269Z] [INFO] Found 1 company databases
[2025-06-25T17:18:28.270Z] [DEBUG] Processing company database: company_9jxwph8g
[2025-06-25T17:18:28.444Z] [DEBUG] Finding reports to execute in company_9jxwph8g (current time: 2025-06-25T17:18:28.444Z)
[2025-06-25T17:18:28.541Z] [INFO] Found 0 reports to execute in company_9jxwph8g
[2025-06-25T17:18:28.542Z] [INFO] Scheduled reports check completed
[2025-06-25T17:18:28.545Z] [DEBUG] MongoDB connection closed
[2025-06-25T17:18:56.026Z] [INFO] Checking for scheduled reports...
[2025-06-25T17:18:57.904Z] [DEBUG] Connected to MongoDB
[2025-06-25T17:18:58.022Z] [INFO] Found 1 company databases
[2025-06-25T17:18:58.022Z] [DEBUG] Processing company database: company_9jxwph8g
[2025-06-25T17:18:58.128Z] [DEBUG] Finding reports to execute in company_9jxwph8g (current time: 2025-06-25T17:18:58.128Z)
[2025-06-25T17:18:58.217Z] [INFO] Found 0 reports to execute in company_9jxwph8g
[2025-06-25T17:18:58.218Z] [INFO] Scheduled reports check completed
[2025-06-25T17:18:58.220Z] [DEBUG] MongoDB connection closed
Wed Jun 25 12:19:00 CDT 2025: Running scheduled reports
Wed Jun 25 12:19:00 CDT 2025: Checking if NextJS server is running...
/Users/sim/Project2/scripts/../scripts/run-simple-scheduled-reports.sh: line 16: node: command not found
Wed Jun 25 12:19:00 CDT 2025: NextJS server is not running. Skipping scheduled reports check.
[2025-06-25T17:19:26.024Z] [INFO] Checking for scheduled reports...
[2025-06-25T17:19:27.864Z] [DEBUG] Connected to MongoDB
[2025-06-25T17:19:27.998Z] [INFO] Found 1 company databases
[2025-06-25T17:19:27.998Z] [DEBUG] Processing company database: company_9jxwph8g
[2025-06-25T17:19:28.068Z] [DEBUG] Finding reports to execute in company_9jxwph8g (current time: 2025-06-25T17:19:28.068Z)
[2025-06-25T17:19:28.173Z] [INFO] Found 0 reports to execute in company_9jxwph8g
[2025-06-25T17:19:28.173Z] [INFO] Scheduled reports check completed
[2025-06-25T17:19:28.176Z] [DEBUG] MongoDB connection closed
[2025-06-25T17:19:56.023Z] [INFO] Checking for scheduled reports...
[2025-06-25T17:19:56.940Z] [DEBUG] Connected to MongoDB
[2025-06-25T17:19:57.042Z] [INFO] Found 1 company databases
[2025-06-25T17:19:57.042Z] [DEBUG] Processing company database: company_9jxwph8g
[2025-06-25T17:19:57.147Z] [DEBUG] Finding reports to execute in company_9jxwph8g (current time: 2025-06-25T17:19:57.147Z)
[2025-06-25T17:19:57.282Z] [INFO] Found 0 reports to execute in company_9jxwph8g
[2025-06-25T17:19:57.283Z] [INFO] Scheduled reports check completed
[2025-06-25T17:19:57.285Z] [DEBUG] MongoDB connection closed
Wed Jun 25 12:20:00 CDT 2025: Running scheduled reports
Wed Jun 25 12:20:00 CDT 2025: Checking if NextJS server is running...
/Users/sim/Project2/scripts/../scripts/run-simple-scheduled-reports.sh: line 16: node: command not found
Wed Jun 25 12:20:00 CDT 2025: NextJS server is not running. Skipping scheduled reports check.
[2025-06-25T17:20:26.023Z] [INFO] Checking for scheduled reports...
[2025-06-25T17:20:27.628Z] [DEBUG] Connected to MongoDB
[2025-06-25T17:20:27.758Z] [INFO] Found 1 company databases
[2025-06-25T17:20:27.759Z] [DEBUG] Processing company database: company_9jxwph8g
[2025-06-25T17:20:27.828Z] [DEBUG] Finding reports to execute in company_9jxwph8g (current time: 2025-06-25T17:20:27.828Z)
[2025-06-25T17:20:27.886Z] [INFO] Found 0 reports to execute in company_9jxwph8g
[2025-06-25T17:20:27.886Z] [INFO] Scheduled reports check completed
[2025-06-25T17:20:27.888Z] [DEBUG] MongoDB connection closed
[2025-06-25T17:20:56.023Z] [INFO] Checking for scheduled reports...
[2025-06-25T17:20:57.589Z] [DEBUG] Connected to MongoDB
[2025-06-25T17:20:57.674Z] [INFO] Found 1 company databases
[2025-06-25T17:20:57.674Z] [DEBUG] Processing company database: company_9jxwph8g
[2025-06-25T17:20:57.800Z] [DEBUG] Finding reports to execute in company_9jxwph8g (current time: 2025-06-25T17:20:57.800Z)
[2025-06-25T17:20:57.889Z] [INFO] Found 0 reports to execute in company_9jxwph8g
[2025-06-25T17:20:57.890Z] [INFO] Scheduled reports check completed
[2025-06-25T17:20:57.892Z] [DEBUG] MongoDB connection closed
Wed Jun 25 12:21:00 CDT 2025: Running scheduled reports
Wed Jun 25 12:21:00 CDT 2025: Checking if NextJS server is running...
/Users/sim/Project2/scripts/../scripts/run-simple-scheduled-reports.sh: line 16: node: command not found
Wed Jun 25 12:21:00 CDT 2025: NextJS server is not running. Skipping scheduled reports check.
[2025-06-25T17:21:26.024Z] [INFO] Checking for scheduled reports...
[2025-06-25T17:21:27.501Z] [DEBUG] Connected to MongoDB
[2025-06-25T17:21:27.928Z] [INFO] Found 1 company databases
[2025-06-25T17:21:27.929Z] [DEBUG] Processing company database: company_9jxwph8g
[2025-06-25T17:21:28.230Z] [DEBUG] Finding reports to execute in company_9jxwph8g (current time: 2025-06-25T17:21:28.230Z)
[2025-06-25T17:21:28.430Z] [INFO] Found 0 reports to execute in company_9jxwph8g
[2025-06-25T17:21:28.431Z] [INFO] Scheduled reports check completed
[2025-06-25T17:21:28.433Z] [DEBUG] MongoDB connection closed
[2025-06-25T17:21:56.022Z] [INFO] Checking for scheduled reports...
[2025-06-25T17:21:57.263Z] [DEBUG] Connected to MongoDB
[2025-06-25T17:21:57.432Z] [INFO] Found 1 company databases
[2025-06-25T17:21:57.432Z] [DEBUG] Processing company database: company_9jxwph8g
[2025-06-25T17:21:57.590Z] [DEBUG] Finding reports to execute in company_9jxwph8g (current time: 2025-06-25T17:21:57.590Z)
[2025-06-25T17:21:57.733Z] [INFO] Found 0 reports to execute in company_9jxwph8g
[2025-06-25T17:21:57.733Z] [INFO] Scheduled reports check completed
[2025-06-25T17:21:57.737Z] [DEBUG] MongoDB connection closed
Wed Jun 25 12:22:00 CDT 2025: Running scheduled reports
Wed Jun 25 12:22:00 CDT 2025: Checking if NextJS server is running...
/Users/sim/Project2/scripts/../scripts/run-simple-scheduled-reports.sh: line 16: node: command not found
Wed Jun 25 12:22:00 CDT 2025: NextJS server is not running. Skipping scheduled reports check.
[2025-06-25T17:22:26.021Z] [INFO] Checking for scheduled reports...
[2025-06-25T17:22:27.519Z] [DEBUG] Connected to MongoDB
[2025-06-25T17:22:27.590Z] [INFO] Found 1 company databases
[2025-06-25T17:22:27.591Z] [DEBUG] Processing company database: company_9jxwph8g
[2025-06-25T17:22:27.648Z] [DEBUG] Finding reports to execute in company_9jxwph8g (current time: 2025-06-25T17:22:27.648Z)
[2025-06-25T17:22:27.705Z] [INFO] Found 0 reports to execute in company_9jxwph8g
[2025-06-25T17:22:27.706Z] [INFO] Scheduled reports check completed
[2025-06-25T17:22:27.708Z] [DEBUG] MongoDB connection closed
[2025-06-25T17:22:56.021Z] [INFO] Checking for scheduled reports...
[2025-06-25T17:22:57.808Z] [DEBUG] Connected to MongoDB
[2025-06-25T17:22:57.883Z] [INFO] Found 1 company databases
[2025-06-25T17:22:57.884Z] [DEBUG] Processing company database: company_9jxwph8g
[2025-06-25T17:22:57.960Z] [DEBUG] Finding reports to execute in company_9jxwph8g (current time: 2025-06-25T17:22:57.960Z)
[2025-06-25T17:22:58.022Z] [INFO] Found 0 reports to execute in company_9jxwph8g
[2025-06-25T17:22:58.023Z] [INFO] Scheduled reports check completed
[2025-06-25T17:22:58.025Z] [DEBUG] MongoDB connection closed
Wed Jun 25 12:23:00 CDT 2025: Running scheduled reports
Wed Jun 25 12:23:00 CDT 2025: Checking if NextJS server is running...
/Users/sim/Project2/scripts/../scripts/run-simple-scheduled-reports.sh: line 16: node: command not found
Wed Jun 25 12:23:00 CDT 2025: NextJS server is not running. Skipping scheduled reports check.
[2025-06-25T17:23:26.021Z] [INFO] Checking for scheduled reports...
[2025-06-25T17:23:27.077Z] [DEBUG] Connected to MongoDB
[2025-06-25T17:23:27.166Z] [INFO] Found 1 company databases
[2025-06-25T17:23:27.166Z] [DEBUG] Processing company database: company_9jxwph8g
[2025-06-25T17:23:27.278Z] [DEBUG] Finding reports to execute in company_9jxwph8g (current time: 2025-06-25T17:23:27.278Z)
[2025-06-25T17:23:27.358Z] [INFO] Found 0 reports to execute in company_9jxwph8g
[2025-06-25T17:23:27.358Z] [INFO] Scheduled reports check completed
[2025-06-25T17:23:27.360Z] [DEBUG] MongoDB connection closed
[2025-06-25T17:23:56.020Z] [INFO] Checking for scheduled reports...
[2025-06-25T17:23:58.902Z] [DEBUG] Connected to MongoDB
[2025-06-25T17:23:58.973Z] [INFO] Found 1 company databases
[2025-06-25T17:23:58.973Z] [DEBUG] Processing company database: company_9jxwph8g
[2025-06-25T17:23:59.031Z] [DEBUG] Finding reports to execute in company_9jxwph8g (current time: 2025-06-25T17:23:59.031Z)
[2025-06-25T17:23:59.090Z] [INFO] Found 0 reports to execute in company_9jxwph8g
[2025-06-25T17:23:59.091Z] [INFO] Scheduled reports check completed
[2025-06-25T17:23:59.093Z] [DEBUG] MongoDB connection closed
Wed Jun 25 12:24:01 CDT 2025: Running scheduled reports
Wed Jun 25 12:24:01 CDT 2025: Checking if NextJS server is running...
/Users/sim/Project2/scripts/../scripts/run-simple-scheduled-reports.sh: line 16: node: command not found
Wed Jun 25 12:24:01 CDT 2025: NextJS server is not running. Skipping scheduled reports check.
[2025-06-25T17:24:26.019Z] [INFO] Checking for scheduled reports...
[2025-06-25T17:24:27.288Z] [DEBUG] Connected to MongoDB
[2025-06-25T17:24:27.380Z] [INFO] Found 1 company databases
[2025-06-25T17:24:27.381Z] [DEBUG] Processing company database: company_9jxwph8g
[2025-06-25T17:24:27.478Z] [DEBUG] Finding reports to execute in company_9jxwph8g (current time: 2025-06-25T17:24:27.478Z)
[2025-06-25T17:24:27.574Z] [INFO] Found 0 reports to execute in company_9jxwph8g
[2025-06-25T17:24:27.575Z] [INFO] Scheduled reports check completed
[2025-06-25T17:24:27.577Z] [DEBUG] MongoDB connection closed
[2025-06-25T17:24:56.019Z] [INFO] Checking for scheduled reports...
[2025-06-25T17:24:57.033Z] [DEBUG] Connected to MongoDB
[2025-06-25T17:24:57.362Z] [INFO] Found 1 company databases
[2025-06-25T17:24:57.363Z] [DEBUG] Processing company database: company_9jxwph8g
[2025-06-25T17:24:57.479Z] [DEBUG] Finding reports to execute in company_9jxwph8g (current time: 2025-06-25T17:24:57.479Z)
[2025-06-25T17:24:57.577Z] [INFO] Found 0 reports to execute in company_9jxwph8g
[2025-06-25T17:24:57.577Z] [INFO] Scheduled reports check completed
[2025-06-25T17:24:57.580Z] [DEBUG] MongoDB connection closed
Wed Jun 25 12:25:00 CDT 2025: Checking if NextJS server is running...
Wed Jun 25 12:25:00 CDT 2025: Running scheduled reports
/Users/sim/Project2/scripts/../scripts/run-simple-scheduled-reports.sh: line 16: node: command not found
Wed Jun 25 12:25:00 CDT 2025: NextJS server is not running. Skipping scheduled reports check.
[2025-06-25T17:25:26.018Z] [INFO] Checking for scheduled reports...
[2025-06-25T17:25:26.867Z] [DEBUG] Connected to MongoDB
[2025-06-25T17:25:27.008Z] [INFO] Found 1 company databases
[2025-06-25T17:25:27.009Z] [DEBUG] Processing company database: company_9jxwph8g
[2025-06-25T17:25:27.100Z] [DEBUG] Finding reports to execute in company_9jxwph8g (current time: 2025-06-25T17:25:27.100Z)
[2025-06-25T17:25:27.185Z] [INFO] Found 0 reports to execute in company_9jxwph8g
[2025-06-25T17:25:27.186Z] [INFO] Scheduled reports check completed
[2025-06-25T17:25:27.187Z] [DEBUG] MongoDB connection closed
[2025-06-25T17:25:56.017Z] [INFO] Checking for scheduled reports...
[2025-06-25T17:25:58.427Z] [DEBUG] Connected to MongoDB
[2025-06-25T17:25:58.496Z] [INFO] Found 1 company databases
[2025-06-25T17:25:58.497Z] [DEBUG] Processing company database: company_9jxwph8g
[2025-06-25T17:25:58.567Z] [DEBUG] Finding reports to execute in company_9jxwph8g (current time: 2025-06-25T17:25:58.567Z)
[2025-06-25T17:25:58.622Z] [INFO] Found 0 reports to execute in company_9jxwph8g
[2025-06-25T17:25:58.623Z] [INFO] Scheduled reports check completed
[2025-06-25T17:25:58.626Z] [DEBUG] MongoDB connection closed
Wed Jun 25 12:26:00 CDT 2025: Checking if NextJS server is running...
Wed Jun 25 12:26:00 CDT 2025: Running scheduled reports
/Users/sim/Project2/scripts/../scripts/run-simple-scheduled-reports.sh: line 16: node: command not found
Wed Jun 25 12:26:00 CDT 2025: NextJS server is not running. Skipping scheduled reports check.
[2025-06-25T17:26:26.016Z] [INFO] Checking for scheduled reports...
[2025-06-25T17:26:27.337Z] [DEBUG] Connected to MongoDB
[2025-06-25T17:26:27.452Z] [INFO] Found 1 company databases
[2025-06-25T17:26:27.453Z] [DEBUG] Processing company database: company_9jxwph8g
[2025-06-25T17:26:27.552Z] [DEBUG] Finding reports to execute in company_9jxwph8g (current time: 2025-06-25T17:26:27.552Z)
[2025-06-25T17:26:27.612Z] [INFO] Found 0 reports to execute in company_9jxwph8g
[2025-06-25T17:26:27.613Z] [INFO] Scheduled reports check completed
[2025-06-25T17:26:27.614Z] [DEBUG] MongoDB connection closed
[2025-06-25T17:26:56.016Z] [INFO] Checking for scheduled reports...
[2025-06-25T17:26:57.013Z] [DEBUG] Connected to MongoDB
[2025-06-25T17:26:57.156Z] [INFO] Found 1 company databases
[2025-06-25T17:26:57.156Z] [DEBUG] Processing company database: company_9jxwph8g
[2025-06-25T17:26:57.641Z] [DEBUG] Finding reports to execute in company_9jxwph8g (current time: 2025-06-25T17:26:57.641Z)
[2025-06-25T17:26:57.702Z] [INFO] Found 0 reports to execute in company_9jxwph8g
[2025-06-25T17:26:57.702Z] [INFO] Scheduled reports check completed
[2025-06-25T17:26:57.704Z] [DEBUG] MongoDB connection closed
Wed Jun 25 12:27:00 CDT 2025: Running scheduled reports
Wed Jun 25 12:27:00 CDT 2025: Checking if NextJS server is running...
/Users/sim/Project2/scripts/../scripts/run-simple-scheduled-reports.sh: line 16: node: command not found
Wed Jun 25 12:27:00 CDT 2025: NextJS server is not running. Skipping scheduled reports check.
[2025-06-25T17:27:26.016Z] [INFO] Checking for scheduled reports...
[2025-06-25T17:27:26.937Z] [DEBUG] Connected to MongoDB
[2025-06-25T17:27:27.004Z] [INFO] Found 1 company databases
[2025-06-25T17:27:27.004Z] [DEBUG] Processing company database: company_9jxwph8g
[2025-06-25T17:27:27.116Z] [DEBUG] Finding reports to execute in company_9jxwph8g (current time: 2025-06-25T17:27:27.116Z)
[2025-06-25T17:27:27.253Z] [INFO] Found 0 reports to execute in company_9jxwph8g
[2025-06-25T17:27:27.254Z] [INFO] Scheduled reports check completed
[2025-06-25T17:27:27.256Z] [DEBUG] MongoDB connection closed
[2025-06-25T17:27:56.016Z] [INFO] Checking for scheduled reports...
[2025-06-25T17:27:57.044Z] [DEBUG] Connected to MongoDB
[2025-06-25T17:27:57.298Z] [INFO] Found 1 company databases
[2025-06-25T17:27:57.298Z] [DEBUG] Processing company database: company_9jxwph8g
[2025-06-25T17:27:57.395Z] [DEBUG] Finding reports to execute in company_9jxwph8g (current time: 2025-06-25T17:27:57.395Z)
[2025-06-25T17:27:57.783Z] [INFO] Found 0 reports to execute in company_9jxwph8g
[2025-06-25T17:27:57.784Z] [INFO] Scheduled reports check completed
[2025-06-25T17:27:57.786Z] [DEBUG] MongoDB connection closed
Wed Jun 25 12:28:00 CDT 2025: Running scheduled reports
Wed Jun 25 12:28:00 CDT 2025: Checking if NextJS server is running...
/Users/sim/Project2/scripts/../scripts/run-simple-scheduled-reports.sh: line 16: node: command not found
Wed Jun 25 12:28:00 CDT 2025: NextJS server is not running. Skipping scheduled reports check.
[2025-06-25T17:28:26.015Z] [INFO] Checking for scheduled reports...
[2025-06-25T17:28:27.491Z] [DEBUG] Connected to MongoDB
[2025-06-25T17:28:27.576Z] [INFO] Found 1 company databases
[2025-06-25T17:28:27.576Z] [DEBUG] Processing company database: company_9jxwph8g
[2025-06-25T17:28:27.675Z] [DEBUG] Finding reports to execute in company_9jxwph8g (current time: 2025-06-25T17:28:27.675Z)
[2025-06-25T17:28:27.771Z] [INFO] Found 0 reports to execute in company_9jxwph8g
[2025-06-25T17:28:27.771Z] [INFO] Scheduled reports check completed
[2025-06-25T17:28:27.772Z] [DEBUG] MongoDB connection closed
[2025-06-25T17:28:56.015Z] [INFO] Checking for scheduled reports...
[2025-06-25T17:28:56.869Z] [DEBUG] Connected to MongoDB
[2025-06-25T17:28:56.937Z] [INFO] Found 1 company databases
[2025-06-25T17:28:56.938Z] [DEBUG] Processing company database: company_9jxwph8g
[2025-06-25T17:28:57.025Z] [DEBUG] Finding reports to execute in company_9jxwph8g (current time: 2025-06-25T17:28:57.025Z)
[2025-06-25T17:28:57.104Z] [INFO] Found 0 reports to execute in company_9jxwph8g
[2025-06-25T17:28:57.105Z] [INFO] Scheduled reports check completed
[2025-06-25T17:28:57.107Z] [DEBUG] MongoDB connection closed
Wed Jun 25 12:29:00 CDT 2025: Checking if NextJS server is running...
Wed Jun 25 12:29:00 CDT 2025: Running scheduled reports
/Users/sim/Project2/scripts/../scripts/run-simple-scheduled-reports.sh: line 16: node: command not found
Wed Jun 25 12:29:00 CDT 2025: NextJS server is not running. Skipping scheduled reports check.
[2025-06-25T17:29:26.015Z] [INFO] Checking for scheduled reports...
[2025-06-25T17:29:28.391Z] [DEBUG] Connected to MongoDB
[2025-06-25T17:29:28.520Z] [INFO] Found 1 company databases
[2025-06-25T17:29:28.521Z] [DEBUG] Processing company database: company_9jxwph8g
[2025-06-25T17:29:28.596Z] [DEBUG] Finding reports to execute in company_9jxwph8g (current time: 2025-06-25T17:29:28.596Z)
[2025-06-25T17:29:28.653Z] [INFO] Found 0 reports to execute in company_9jxwph8g
[2025-06-25T17:29:28.654Z] [INFO] Scheduled reports check completed
[2025-06-25T17:29:28.656Z] [DEBUG] MongoDB connection closed
[2025-06-25T17:29:56.014Z] [INFO] Checking for scheduled reports...
[2025-06-25T17:29:58.671Z] [DEBUG] Connected to MongoDB
[2025-06-25T17:29:58.844Z] [INFO] Found 1 company databases
[2025-06-25T17:29:58.844Z] [DEBUG] Processing company database: company_9jxwph8g
[2025-06-25T17:29:58.985Z] [DEBUG] Finding reports to execute in company_9jxwph8g (current time: 2025-06-25T17:29:58.985Z)
[2025-06-25T17:29:59.397Z] [INFO] Found 0 reports to execute in company_9jxwph8g
[2025-06-25T17:29:59.397Z] [INFO] Scheduled reports check completed
[2025-06-25T17:29:59.399Z] [DEBUG] MongoDB connection closed
Wed Jun 25 12:30:00 CDT 2025: Running scheduled reports
Wed Jun 25 12:30:00 CDT 2025: Checking if NextJS server is running...
/Users/sim/Project2/scripts/../scripts/run-simple-scheduled-reports.sh: line 16: node: command not found
Wed Jun 25 12:30:00 CDT 2025: NextJS server is not running. Skipping scheduled reports check.
[2025-06-25T17:30:26.013Z] [INFO] Checking for scheduled reports...
[2025-06-25T17:30:26.901Z] [DEBUG] Connected to MongoDB
[2025-06-25T17:30:27.000Z] [INFO] Found 1 company databases
[2025-06-25T17:30:27.000Z] [DEBUG] Processing company database: company_9jxwph8g
[2025-06-25T17:30:27.101Z] [DEBUG] Finding reports to execute in company_9jxwph8g (current time: 2025-06-25T17:30:27.101Z)
[2025-06-25T17:30:27.191Z] [INFO] Found 0 reports to execute in company_9jxwph8g
[2025-06-25T17:30:27.192Z] [INFO] Scheduled reports check completed
[2025-06-25T17:30:27.193Z] [DEBUG] MongoDB connection closed
[2025-06-25T17:30:56.012Z] [INFO] Checking for scheduled reports...
[2025-06-25T17:30:57.022Z] [DEBUG] Connected to MongoDB
[2025-06-25T17:30:57.093Z] [INFO] Found 1 company databases
[2025-06-25T17:30:57.094Z] [DEBUG] Processing company database: company_9jxwph8g
[2025-06-25T17:30:57.154Z] [DEBUG] Finding reports to execute in company_9jxwph8g (current time: 2025-06-25T17:30:57.154Z)
[2025-06-25T17:30:57.242Z] [INFO] Found 0 reports to execute in company_9jxwph8g
[2025-06-25T17:30:57.242Z] [INFO] Scheduled reports check completed
[2025-06-25T17:30:57.244Z] [DEBUG] MongoDB connection closed
Wed Jun 25 12:31:00 CDT 2025: Checking if NextJS server is running...
Wed Jun 25 12:31:00 CDT 2025: Running scheduled reports
/Users/sim/Project2/scripts/../scripts/run-simple-scheduled-reports.sh: line 16: node: command not found
Wed Jun 25 12:31:00 CDT 2025: NextJS server is not running. Skipping scheduled reports check.
[2025-06-25T17:31:26.012Z] [INFO] Checking for scheduled reports...
[2025-06-25T17:31:28.426Z] [DEBUG] Connected to MongoDB
[2025-06-25T17:31:28.552Z] [INFO] Found 1 company databases
[2025-06-25T17:31:28.553Z] [DEBUG] Processing company database: company_9jxwph8g
[2025-06-25T17:31:28.687Z] [DEBUG] Finding reports to execute in company_9jxwph8g (current time: 2025-06-25T17:31:28.687Z)
[2025-06-25T17:31:28.763Z] [INFO] Found 0 reports to execute in company_9jxwph8g
[2025-06-25T17:31:28.764Z] [INFO] Scheduled reports check completed
[2025-06-25T17:31:28.766Z] [DEBUG] MongoDB connection closed
[2025-06-25T17:31:56.012Z] [INFO] Checking for scheduled reports...
[2025-06-25T17:31:56.863Z] [DEBUG] Connected to MongoDB
[2025-06-25T17:31:57.012Z] [INFO] Found 1 company databases
[2025-06-25T17:31:57.012Z] [DEBUG] Processing company database: company_9jxwph8g
[2025-06-25T17:31:57.070Z] [DEBUG] Finding reports to execute in company_9jxwph8g (current time: 2025-06-25T17:31:57.070Z)
[2025-06-25T17:31:57.216Z] [INFO] Found 0 reports to execute in company_9jxwph8g
[2025-06-25T17:31:57.217Z] [INFO] Scheduled reports check completed
[2025-06-25T17:31:57.219Z] [DEBUG] MongoDB connection closed
Wed Jun 25 12:32:00 CDT 2025: Running scheduled reports
Wed Jun 25 12:32:00 CDT 2025: Checking if NextJS server is running...
/Users/sim/Project2/scripts/../scripts/run-simple-scheduled-reports.sh: line 16: node: command not found
Wed Jun 25 12:32:00 CDT 2025: NextJS server is not running. Skipping scheduled reports check.
[2025-06-25T17:32:26.011Z] [INFO] Checking for scheduled reports...
[2025-06-25T17:32:26.809Z] [DEBUG] Connected to MongoDB
[2025-06-25T17:32:26.911Z] [INFO] Found 1 company databases
[2025-06-25T17:32:26.912Z] [DEBUG] Processing company database: company_9jxwph8g
[2025-06-25T17:32:27.026Z] [DEBUG] Finding reports to execute in company_9jxwph8g (current time: 2025-06-25T17:32:27.026Z)
[2025-06-25T17:32:27.147Z] [INFO] Found 0 reports to execute in company_9jxwph8g
[2025-06-25T17:32:27.148Z] [INFO] Scheduled reports check completed
[2025-06-25T17:32:27.150Z] [DEBUG] MongoDB connection closed
[2025-06-25T17:32:56.011Z] [INFO] Checking for scheduled reports...
[2025-06-25T17:32:58.041Z] [DEBUG] Connected to MongoDB
[2025-06-25T17:32:58.122Z] [INFO] Found 1 company databases
[2025-06-25T17:32:58.122Z] [DEBUG] Processing company database: company_9jxwph8g
[2025-06-25T17:32:58.194Z] [DEBUG] Finding reports to execute in company_9jxwph8g (current time: 2025-06-25T17:32:58.194Z)
[2025-06-25T17:32:58.253Z] [INFO] Found 0 reports to execute in company_9jxwph8g
[2025-06-25T17:32:58.253Z] [INFO] Scheduled reports check completed
[2025-06-25T17:32:58.255Z] [DEBUG] MongoDB connection closed
Wed Jun 25 12:33:01 CDT 2025: Checking if NextJS server is running...
Wed Jun 25 12:33:01 CDT 2025: Running scheduled reports
/Users/sim/Project2/scripts/../scripts/run-simple-scheduled-reports.sh: line 16: node: command not found
Wed Jun 25 12:33:01 CDT 2025: NextJS server is not running. Skipping scheduled reports check.
[2025-06-25T17:33:26.010Z] [INFO] Checking for scheduled reports...
[2025-06-25T17:33:26.746Z] [DEBUG] Connected to MongoDB
[2025-06-25T17:33:26.853Z] [INFO] Found 1 company databases
[2025-06-25T17:33:26.854Z] [DEBUG] Processing company database: company_9jxwph8g
[2025-06-25T17:33:26.938Z] [DEBUG] Finding reports to execute in company_9jxwph8g (current time: 2025-06-25T17:33:26.938Z)
[2025-06-25T17:33:27.098Z] [INFO] Found 0 reports to execute in company_9jxwph8g
[2025-06-25T17:33:27.099Z] [INFO] Scheduled reports check completed
[2025-06-25T17:33:27.100Z] [DEBUG] MongoDB connection closed
[2025-06-25T17:33:56.008Z] [INFO] Checking for scheduled reports...
[2025-06-25T17:33:58.362Z] [DEBUG] Connected to MongoDB
[2025-06-25T17:33:58.473Z] [INFO] Found 1 company databases
[2025-06-25T17:33:58.474Z] [DEBUG] Processing company database: company_9jxwph8g
[2025-06-25T17:33:58.571Z] [DEBUG] Finding reports to execute in company_9jxwph8g (current time: 2025-06-25T17:33:58.571Z)
[2025-06-25T17:33:58.769Z] [INFO] Found 0 reports to execute in company_9jxwph8g
[2025-06-25T17:33:58.770Z] [INFO] Scheduled reports check completed
[2025-06-25T17:33:58.772Z] [DEBUG] MongoDB connection closed
Wed Jun 25 12:34:00 CDT 2025: Checking if NextJS server is running...
Wed Jun 25 12:34:00 CDT 2025: Running scheduled reports
/Users/sim/Project2/scripts/../scripts/run-simple-scheduled-reports.sh: line 16: node: command not found
Wed Jun 25 12:34:00 CDT 2025: NextJS server is not running. Skipping scheduled reports check.
[2025-06-25T17:34:26.008Z] [INFO] Checking for scheduled reports...
[2025-06-25T17:34:27.149Z] [DEBUG] Connected to MongoDB
[2025-06-25T17:34:27.267Z] [INFO] Found 1 company databases
[2025-06-25T17:34:27.268Z] [DEBUG] Processing company database: company_9jxwph8g
[2025-06-25T17:34:27.422Z] [DEBUG] Finding reports to execute in company_9jxwph8g (current time: 2025-06-25T17:34:27.422Z)
[2025-06-25T17:34:27.528Z] [INFO] Found 0 reports to execute in company_9jxwph8g
[2025-06-25T17:34:27.528Z] [INFO] Scheduled reports check completed
[2025-06-25T17:34:27.530Z] [DEBUG] MongoDB connection closed
[2025-06-25T17:34:56.007Z] [INFO] Checking for scheduled reports...
[2025-06-25T17:34:57.070Z] [DEBUG] Connected to MongoDB
[2025-06-25T17:34:57.210Z] [INFO] Found 1 company databases
[2025-06-25T17:34:57.210Z] [DEBUG] Processing company database: company_9jxwph8g
[2025-06-25T17:34:57.294Z] [DEBUG] Finding reports to execute in company_9jxwph8g (current time: 2025-06-25T17:34:57.294Z)
[2025-06-25T17:34:57.356Z] [INFO] Found 0 reports to execute in company_9jxwph8g
[2025-06-25T17:34:57.357Z] [INFO] Scheduled reports check completed
[2025-06-25T17:34:57.360Z] [DEBUG] MongoDB connection closed
Wed Jun 25 12:35:00 CDT 2025: Running scheduled reports
Wed Jun 25 12:35:00 CDT 2025: Checking if NextJS server is running...
/Users/sim/Project2/scripts/../scripts/run-simple-scheduled-reports.sh: line 16: node: command not found
Wed Jun 25 12:35:00 CDT 2025: NextJS server is not running. Skipping scheduled reports check.
[2025-06-25T17:35:26.008Z] [INFO] Checking for scheduled reports...
[2025-06-25T17:35:27.150Z] [DEBUG] Connected to MongoDB
[2025-06-25T17:35:27.247Z] [INFO] Found 1 company databases
[2025-06-25T17:35:27.247Z] [DEBUG] Processing company database: company_9jxwph8g
[2025-06-25T17:35:27.361Z] [DEBUG] Finding reports to execute in company_9jxwph8g (current time: 2025-06-25T17:35:27.361Z)
[2025-06-25T17:35:27.499Z] [INFO] Found 0 reports to execute in company_9jxwph8g
[2025-06-25T17:35:27.499Z] [INFO] Scheduled reports check completed
[2025-06-25T17:35:27.500Z] [DEBUG] MongoDB connection closed
[2025-06-25T17:35:56.008Z] [INFO] Checking for scheduled reports...
[2025-06-25T17:35:57.324Z] [DEBUG] Connected to MongoDB
[2025-06-25T17:35:57.434Z] [INFO] Found 1 company databases
[2025-06-25T17:35:57.437Z] [DEBUG] Processing company database: company_9jxwph8g
[2025-06-25T17:35:57.498Z] [DEBUG] Finding reports to execute in company_9jxwph8g (current time: 2025-06-25T17:35:57.498Z)
[2025-06-25T17:35:57.561Z] [INFO] Found 0 reports to execute in company_9jxwph8g
[2025-06-25T17:35:57.562Z] [INFO] Scheduled reports check completed
[2025-06-25T17:35:57.565Z] [DEBUG] MongoDB connection closed
Wed Jun 25 12:36:00 CDT 2025: Running scheduled reports
Wed Jun 25 12:36:00 CDT 2025: Checking if NextJS server is running...
/Users/sim/Project2/scripts/../scripts/run-simple-scheduled-reports.sh: line 16: node: command not found
Wed Jun 25 12:36:00 CDT 2025: NextJS server is not running. Skipping scheduled reports check.
[2025-06-25T17:36:26.007Z] [INFO] Checking for scheduled reports...
[2025-06-25T17:36:26.800Z] [DEBUG] Connected to MongoDB
[2025-06-25T17:36:26.876Z] [INFO] Found 1 company databases
[2025-06-25T17:36:26.877Z] [DEBUG] Processing company database: company_9jxwph8g
[2025-06-25T17:36:26.940Z] [DEBUG] Finding reports to execute in company_9jxwph8g (current time: 2025-06-25T17:36:26.940Z)
[2025-06-25T17:36:27.007Z] [INFO] Found 0 reports to execute in company_9jxwph8g
[2025-06-25T17:36:27.007Z] [INFO] Scheduled reports check completed
[2025-06-25T17:36:27.008Z] [DEBUG] MongoDB connection closed
[2025-06-25T17:36:56.006Z] [INFO] Checking for scheduled reports...
[2025-06-25T17:36:56.957Z] [DEBUG] Connected to MongoDB
[2025-06-25T17:36:57.098Z] [INFO] Found 1 company databases
[2025-06-25T17:36:57.098Z] [DEBUG] Processing company database: company_9jxwph8g
[2025-06-25T17:36:57.218Z] [DEBUG] Finding reports to execute in company_9jxwph8g (current time: 2025-06-25T17:36:57.218Z)
[2025-06-25T17:36:57.592Z] [INFO] Found 0 reports to execute in company_9jxwph8g
[2025-06-25T17:36:57.592Z] [INFO] Scheduled reports check completed
[2025-06-25T17:36:57.594Z] [DEBUG] MongoDB connection closed
Wed Jun 25 12:37:00 CDT 2025: Checking if NextJS server is running...
Wed Jun 25 12:37:00 CDT 2025: Running scheduled reports
/Users/sim/Project2/scripts/../scripts/run-simple-scheduled-reports.sh: line 16: node: command not found
Wed Jun 25 12:37:00 CDT 2025: NextJS server is not running. Skipping scheduled reports check.
[2025-06-25T17:37:26.007Z] [INFO] Checking for scheduled reports...
[2025-06-25T17:37:27.422Z] [DEBUG] Connected to MongoDB
[2025-06-25T17:37:27.492Z] [INFO] Found 1 company databases
[2025-06-25T17:37:27.492Z] [DEBUG] Processing company database: company_9jxwph8g
[2025-06-25T17:37:27.576Z] [DEBUG] Finding reports to execute in company_9jxwph8g (current time: 2025-06-25T17:37:27.576Z)
[2025-06-25T17:37:27.636Z] [INFO] Found 0 reports to execute in company_9jxwph8g
[2025-06-25T17:37:27.637Z] [INFO] Scheduled reports check completed
[2025-06-25T17:37:27.638Z] [DEBUG] MongoDB connection closed
[2025-06-25T17:37:56.007Z] [INFO] Checking for scheduled reports...
[2025-06-25T17:37:58.310Z] [DEBUG] Connected to MongoDB
[2025-06-25T17:37:58.419Z] [INFO] Found 1 company databases
[2025-06-25T17:37:58.419Z] [DEBUG] Processing company database: company_9jxwph8g
[2025-06-25T17:37:58.520Z] [DEBUG] Finding reports to execute in company_9jxwph8g (current time: 2025-06-25T17:37:58.520Z)
[2025-06-25T17:37:58.614Z] [INFO] Found 0 reports to execute in company_9jxwph8g
[2025-06-25T17:37:58.615Z] [INFO] Scheduled reports check completed
[2025-06-25T17:37:58.617Z] [DEBUG] MongoDB connection closed
Wed Jun 25 12:38:00 CDT 2025: Running scheduled reports
Wed Jun 25 12:38:00 CDT 2025: Checking if NextJS server is running...
/Users/sim/Project2/scripts/../scripts/run-simple-scheduled-reports.sh: line 16: node: command not found
Wed Jun 25 12:38:00 CDT 2025: NextJS server is not running. Skipping scheduled reports check.
[2025-06-25T17:38:26.007Z] [INFO] Checking for scheduled reports...
[2025-06-25T17:38:27.265Z] [DEBUG] Connected to MongoDB
[2025-06-25T17:38:27.377Z] [INFO] Found 1 company databases
[2025-06-25T17:38:27.378Z] [DEBUG] Processing company database: company_9jxwph8g
[2025-06-25T17:38:27.474Z] [DEBUG] Finding reports to execute in company_9jxwph8g (current time: 2025-06-25T17:38:27.474Z)
[2025-06-25T17:38:27.587Z] [INFO] Found 0 reports to execute in company_9jxwph8g
[2025-06-25T17:38:27.587Z] [INFO] Scheduled reports check completed
[2025-06-25T17:38:27.589Z] [DEBUG] MongoDB connection closed
[2025-06-25T17:38:56.006Z] [INFO] Checking for scheduled reports...
[2025-06-25T17:38:58.494Z] [DEBUG] Connected to MongoDB
[2025-06-25T17:38:58.565Z] [INFO] Found 1 company databases
[2025-06-25T17:38:58.566Z] [DEBUG] Processing company database: company_9jxwph8g
[2025-06-25T17:38:58.624Z] [DEBUG] Finding reports to execute in company_9jxwph8g (current time: 2025-06-25T17:38:58.624Z)
[2025-06-25T17:38:58.695Z] [INFO] Found 0 reports to execute in company_9jxwph8g
[2025-06-25T17:38:58.696Z] [INFO] Scheduled reports check completed
[2025-06-25T17:38:58.698Z] [DEBUG] MongoDB connection closed
Wed Jun 25 12:39:00 CDT 2025: Running scheduled reports
Wed Jun 25 12:39:00 CDT 2025: Checking if NextJS server is running...
/Users/sim/Project2/scripts/../scripts/run-simple-scheduled-reports.sh: line 16: node: command not found
Wed Jun 25 12:39:00 CDT 2025: NextJS server is not running. Skipping scheduled reports check.
[2025-06-25T17:39:26.006Z] [INFO] Checking for scheduled reports...
[2025-06-25T17:39:27.024Z] [DEBUG] Connected to MongoDB
[2025-06-25T17:39:27.092Z] [INFO] Found 1 company databases
[2025-06-25T17:39:27.092Z] [DEBUG] Processing company database: company_9jxwph8g
[2025-06-25T17:39:27.149Z] [DEBUG] Finding reports to execute in company_9jxwph8g (current time: 2025-06-25T17:39:27.149Z)
[2025-06-25T17:39:27.233Z] [INFO] Found 0 reports to execute in company_9jxwph8g
[2025-06-25T17:39:27.233Z] [INFO] Scheduled reports check completed
[2025-06-25T17:39:27.234Z] [DEBUG] MongoDB connection closed
[2025-06-25T17:39:56.007Z] [INFO] Checking for scheduled reports...
[2025-06-25T17:39:57.704Z] [DEBUG] Connected to MongoDB
[2025-06-25T17:39:57.774Z] [INFO] Found 1 company databases
[2025-06-25T17:39:57.774Z] [DEBUG] Processing company database: company_9jxwph8g
[2025-06-25T17:39:57.833Z] [DEBUG] Finding reports to execute in company_9jxwph8g (current time: 2025-06-25T17:39:57.833Z)
[2025-06-25T17:39:57.891Z] [INFO] Found 0 reports to execute in company_9jxwph8g
[2025-06-25T17:39:57.891Z] [INFO] Scheduled reports check completed
[2025-06-25T17:39:57.893Z] [DEBUG] MongoDB connection closed
Wed Jun 25 12:40:00 CDT 2025: Running scheduled reports
Wed Jun 25 12:40:00 CDT 2025: Checking if NextJS server is running...
/Users/sim/Project2/scripts/../scripts/run-simple-scheduled-reports.sh: line 16: node: command not found
Wed Jun 25 12:40:00 CDT 2025: NextJS server is not running. Skipping scheduled reports check.
[2025-06-25T17:40:26.006Z] [INFO] Checking for scheduled reports...
[2025-06-25T17:40:27.842Z] [DEBUG] Connected to MongoDB
[2025-06-25T17:40:27.915Z] [INFO] Found 1 company databases
[2025-06-25T17:40:27.915Z] [DEBUG] Processing company database: company_9jxwph8g
[2025-06-25T17:40:27.984Z] [DEBUG] Finding reports to execute in company_9jxwph8g (current time: 2025-06-25T17:40:27.984Z)
[2025-06-25T17:40:28.048Z] [INFO] Found 0 reports to execute in company_9jxwph8g
[2025-06-25T17:40:28.049Z] [INFO] Scheduled reports check completed
[2025-06-25T17:40:28.050Z] [DEBUG] MongoDB connection closed
[2025-06-25T17:40:56.007Z] [INFO] Checking for scheduled reports...
[2025-06-25T17:40:56.705Z] [DEBUG] Connected to MongoDB
[2025-06-25T17:40:56.795Z] [INFO] Found 1 company databases
[2025-06-25T17:40:56.795Z] [DEBUG] Processing company database: company_9jxwph8g
[2025-06-25T17:40:56.907Z] [DEBUG] Finding reports to execute in company_9jxwph8g (current time: 2025-06-25T17:40:56.907Z)
[2025-06-25T17:40:57.023Z] [INFO] Found 0 reports to execute in company_9jxwph8g
[2025-06-25T17:40:57.023Z] [INFO] Scheduled reports check completed
[2025-06-25T17:40:57.025Z] [DEBUG] MongoDB connection closed
Wed Jun 25 12:41:00 CDT 2025: Running scheduled reports
Wed Jun 25 12:41:00 CDT 2025: Checking if NextJS server is running...
/Users/sim/Project2/scripts/../scripts/run-simple-scheduled-reports.sh: line 16: node: command not found
Wed Jun 25 12:41:00 CDT 2025: NextJS server is not running. Skipping scheduled reports check.
[2025-06-25T17:41:26.007Z] [INFO] Checking for scheduled reports...
[2025-06-25T17:41:27.184Z] [DEBUG] Connected to MongoDB
[2025-06-25T17:41:27.268Z] [INFO] Found 1 company databases
[2025-06-25T17:41:27.269Z] [DEBUG] Processing company database: company_9jxwph8g
[2025-06-25T17:41:27.337Z] [DEBUG] Finding reports to execute in company_9jxwph8g (current time: 2025-06-25T17:41:27.337Z)
[2025-06-25T17:41:27.435Z] [INFO] Found 0 reports to execute in company_9jxwph8g
[2025-06-25T17:41:27.436Z] [INFO] Scheduled reports check completed
[2025-06-25T17:41:27.438Z] [DEBUG] MongoDB connection closed
[2025-06-25T17:41:56.007Z] [INFO] Checking for scheduled reports...
[2025-06-25T17:41:57.541Z] [DEBUG] Connected to MongoDB
[2025-06-25T17:41:57.677Z] [INFO] Found 1 company databases
[2025-06-25T17:41:57.678Z] [DEBUG] Processing company database: company_9jxwph8g
[2025-06-25T17:41:57.791Z] [DEBUG] Finding reports to execute in company_9jxwph8g (current time: 2025-06-25T17:41:57.791Z)
[2025-06-25T17:41:57.907Z] [INFO] Found 0 reports to execute in company_9jxwph8g
[2025-06-25T17:41:57.907Z] [INFO] Scheduled reports check completed
[2025-06-25T17:41:57.910Z] [DEBUG] MongoDB connection closed
Wed Jun 25 12:42:01 CDT 2025: Checking if NextJS server is running...
Wed Jun 25 12:42:01 CDT 2025: Running scheduled reports
/Users/sim/Project2/scripts/../scripts/run-simple-scheduled-reports.sh: line 16: node: command not found
Wed Jun 25 12:42:01 CDT 2025: NextJS server is not running. Skipping scheduled reports check.
[2025-06-25T17:42:26.007Z] [INFO] Checking for scheduled reports...
[2025-06-25T17:42:28.086Z] [DEBUG] Connected to MongoDB
[2025-06-25T17:42:28.233Z] [INFO] Found 1 company databases
[2025-06-25T17:42:28.234Z] [DEBUG] Processing company database: company_9jxwph8g
[2025-06-25T17:42:28.555Z] [DEBUG] Finding reports to execute in company_9jxwph8g (current time: 2025-06-25T17:42:28.555Z)
[2025-06-25T17:42:28.629Z] [INFO] Found 0 reports to execute in company_9jxwph8g
[2025-06-25T17:42:28.630Z] [INFO] Scheduled reports check completed
[2025-06-25T17:42:28.633Z] [DEBUG] MongoDB connection closed
[2025-06-25T17:42:56.007Z] [INFO] Checking for scheduled reports...
[2025-06-25T17:42:57.067Z] [DEBUG] Connected to MongoDB
[2025-06-25T17:42:57.196Z] [INFO] Found 1 company databases
[2025-06-25T17:42:57.197Z] [DEBUG] Processing company database: company_9jxwph8g
[2025-06-25T17:42:57.841Z] [DEBUG] Finding reports to execute in company_9jxwph8g (current time: 2025-06-25T17:42:57.841Z)
[2025-06-25T17:42:57.898Z] [INFO] Found 0 reports to execute in company_9jxwph8g
[2025-06-25T17:42:57.899Z] [INFO] Scheduled reports check completed
[2025-06-25T17:42:57.901Z] [DEBUG] MongoDB connection closed
Wed Jun 25 12:43:00 CDT 2025: Running scheduled reports
Wed Jun 25 12:43:00 CDT 2025: Checking if NextJS server is running...
/Users/sim/Project2/scripts/../scripts/run-simple-scheduled-reports.sh: line 16: node: command not found
Wed Jun 25 12:43:00 CDT 2025: NextJS server is not running. Skipping scheduled reports check.
[2025-06-25T17:43:26.006Z] [INFO] Checking for scheduled reports...
[2025-06-25T17:43:28.226Z] [DEBUG] Connected to MongoDB
[2025-06-25T17:43:28.295Z] [INFO] Found 1 company databases
[2025-06-25T17:43:28.296Z] [DEBUG] Processing company database: company_9jxwph8g
[2025-06-25T17:43:28.380Z] [DEBUG] Finding reports to execute in company_9jxwph8g (current time: 2025-06-25T17:43:28.380Z)
[2025-06-25T17:43:28.471Z] [INFO] Found 0 reports to execute in company_9jxwph8g
[2025-06-25T17:43:28.471Z] [INFO] Scheduled reports check completed
[2025-06-25T17:43:28.473Z] [DEBUG] MongoDB connection closed
[2025-06-25T17:43:56.005Z] [INFO] Checking for scheduled reports...
[2025-06-25T17:43:57.018Z] [DEBUG] Connected to MongoDB
[2025-06-25T17:43:57.087Z] [INFO] Found 1 company databases
[2025-06-25T17:43:57.088Z] [DEBUG] Processing company database: company_9jxwph8g
[2025-06-25T17:43:57.158Z] [DEBUG] Finding reports to execute in company_9jxwph8g (current time: 2025-06-25T17:43:57.158Z)
[2025-06-25T17:43:57.220Z] [INFO] Found 0 reports to execute in company_9jxwph8g
[2025-06-25T17:43:57.221Z] [INFO] Scheduled reports check completed
[2025-06-25T17:43:57.223Z] [DEBUG] MongoDB connection closed
Wed Jun 25 12:44:00 CDT 2025: Running scheduled reports
Wed Jun 25 12:44:00 CDT 2025: Checking if NextJS server is running...
/Users/sim/Project2/scripts/../scripts/run-simple-scheduled-reports.sh: line 16: node: command not found
Wed Jun 25 12:44:00 CDT 2025: NextJS server is not running. Skipping scheduled reports check.
[2025-06-25T17:44:26.004Z] [INFO] Checking for scheduled reports...
[2025-06-25T17:44:27.940Z] [DEBUG] Connected to MongoDB
[2025-06-25T17:44:28.015Z] [INFO] Found 1 company databases
[2025-06-25T17:44:28.015Z] [DEBUG] Processing company database: company_9jxwph8g
[2025-06-25T17:44:28.074Z] [DEBUG] Finding reports to execute in company_9jxwph8g (current time: 2025-06-25T17:44:28.074Z)
[2025-06-25T17:44:28.132Z] [INFO] Found 0 reports to execute in company_9jxwph8g
[2025-06-25T17:44:28.133Z] [INFO] Scheduled reports check completed
[2025-06-25T17:44:28.134Z] [DEBUG] MongoDB connection closed
[2025-06-25T17:44:56.005Z] [INFO] Checking for scheduled reports...
[2025-06-25T17:44:57.276Z] [DEBUG] Connected to MongoDB
[2025-06-25T17:44:57.350Z] [INFO] Found 1 company databases
[2025-06-25T17:44:57.350Z] [DEBUG] Processing company database: company_9jxwph8g
[2025-06-25T17:44:57.502Z] [DEBUG] Finding reports to execute in company_9jxwph8g (current time: 2025-06-25T17:44:57.502Z)
[2025-06-25T17:44:57.568Z] [INFO] Found 0 reports to execute in company_9jxwph8g
[2025-06-25T17:44:57.568Z] [INFO] Scheduled reports check completed
[2025-06-25T17:44:57.570Z] [DEBUG] MongoDB connection closed
Wed Jun 25 12:45:00 CDT 2025: Checking if NextJS server is running...
Wed Jun 25 12:45:00 CDT 2025: Running scheduled reports
/Users/sim/Project2/scripts/../scripts/run-simple-scheduled-reports.sh: line 16: node: command not found
Wed Jun 25 12:45:00 CDT 2025: NextJS server is not running. Skipping scheduled reports check.
[2025-06-25T17:45:26.005Z] [INFO] Checking for scheduled reports...
[2025-06-25T17:45:27.072Z] [DEBUG] Connected to MongoDB
[2025-06-25T17:45:27.449Z] [INFO] Found 1 company databases
[2025-06-25T17:45:27.449Z] [DEBUG] Processing company database: company_9jxwph8g
[2025-06-25T17:45:27.505Z] [DEBUG] Finding reports to execute in company_9jxwph8g (current time: 2025-06-25T17:45:27.505Z)
[2025-06-25T17:45:27.562Z] [INFO] Found 0 reports to execute in company_9jxwph8g
[2025-06-25T17:45:27.563Z] [INFO] Scheduled reports check completed
[2025-06-25T17:45:27.564Z] [DEBUG] MongoDB connection closed
[2025-06-25T17:45:56.005Z] [INFO] Checking for scheduled reports...
[2025-06-25T17:45:56.892Z] [DEBUG] Connected to MongoDB
[2025-06-25T17:45:57.000Z] [INFO] Found 1 company databases
[2025-06-25T17:45:57.000Z] [DEBUG] Processing company database: company_9jxwph8g
[2025-06-25T17:45:57.156Z] [DEBUG] Finding reports to execute in company_9jxwph8g (current time: 2025-06-25T17:45:57.156Z)
[2025-06-25T17:45:57.232Z] [INFO] Found 0 reports to execute in company_9jxwph8g
[2025-06-25T17:45:57.232Z] [INFO] Scheduled reports check completed
[2025-06-25T17:45:57.234Z] [DEBUG] MongoDB connection closed
Wed Jun 25 12:46:00 CDT 2025: Running scheduled reports
Wed Jun 25 12:46:00 CDT 2025: Checking if NextJS server is running...
/Users/sim/Project2/scripts/../scripts/run-simple-scheduled-reports.sh: line 16: node: command not found
Wed Jun 25 12:46:00 CDT 2025: NextJS server is not running. Skipping scheduled reports check.
[2025-06-25T17:46:26.005Z] [INFO] Checking for scheduled reports...
[2025-06-25T17:46:26.945Z] [DEBUG] Connected to MongoDB
[2025-06-25T17:46:27.058Z] [INFO] Found 1 company databases
[2025-06-25T17:46:27.059Z] [DEBUG] Processing company database: company_9jxwph8g
[2025-06-25T17:46:27.247Z] [DEBUG] Finding reports to execute in company_9jxwph8g (current time: 2025-06-25T17:46:27.247Z)
[2025-06-25T17:46:27.356Z] [INFO] Found 0 reports to execute in company_9jxwph8g
[2025-06-25T17:46:27.357Z] [INFO] Scheduled reports check completed
[2025-06-25T17:46:27.358Z] [DEBUG] MongoDB connection closed
[2025-06-25T17:46:56.005Z] [INFO] Checking for scheduled reports...
[2025-06-25T17:46:57.921Z] [DEBUG] Connected to MongoDB
[2025-06-25T17:46:57.991Z] [INFO] Found 1 company databases
[2025-06-25T17:46:57.992Z] [DEBUG] Processing company database: company_9jxwph8g
[2025-06-25T17:46:58.050Z] [DEBUG] Finding reports to execute in company_9jxwph8g (current time: 2025-06-25T17:46:58.050Z)
[2025-06-25T17:46:58.179Z] [INFO] Found 0 reports to execute in company_9jxwph8g
[2025-06-25T17:46:58.180Z] [INFO] Scheduled reports check completed
[2025-06-25T17:46:58.181Z] [DEBUG] MongoDB connection closed
Wed Jun 25 12:47:00 CDT 2025: Checking if NextJS server is running...
Wed Jun 25 12:47:00 CDT 2025: Running scheduled reports
/Users/sim/Project2/scripts/../scripts/run-simple-scheduled-reports.sh: line 16: node: command not found
Wed Jun 25 12:47:00 CDT 2025: NextJS server is not running. Skipping scheduled reports check.
[2025-06-25T17:47:26.004Z] [INFO] Checking for scheduled reports...
[2025-06-25T17:47:26.992Z] [DEBUG] Connected to MongoDB
[2025-06-25T17:47:27.066Z] [INFO] Found 1 company databases
[2025-06-25T17:47:27.067Z] [DEBUG] Processing company database: company_9jxwph8g
[2025-06-25T17:47:27.138Z] [DEBUG] Finding reports to execute in company_9jxwph8g (current time: 2025-06-25T17:47:27.138Z)
[2025-06-25T17:47:27.201Z] [INFO] Found 0 reports to execute in company_9jxwph8g
[2025-06-25T17:47:27.202Z] [INFO] Scheduled reports check completed
[2025-06-25T17:47:27.205Z] [DEBUG] MongoDB connection closed
[2025-06-25T17:47:56.005Z] [INFO] Checking for scheduled reports...
[2025-06-25T17:47:57.031Z] [DEBUG] Connected to MongoDB
[2025-06-25T17:47:57.198Z] [INFO] Found 1 company databases
[2025-06-25T17:47:57.199Z] [DEBUG] Processing company database: company_9jxwph8g
[2025-06-25T17:47:57.313Z] [DEBUG] Finding reports to execute in company_9jxwph8g (current time: 2025-06-25T17:47:57.313Z)
[2025-06-25T17:47:57.421Z] [INFO] Found 0 reports to execute in company_9jxwph8g
[2025-06-25T17:47:57.421Z] [INFO] Scheduled reports check completed
[2025-06-25T17:47:57.422Z] [DEBUG] MongoDB connection closed
Wed Jun 25 12:48:00 CDT 2025: Running scheduled reports
Wed Jun 25 12:48:00 CDT 2025: Checking if NextJS server is running...
/Users/sim/Project2/scripts/../scripts/run-simple-scheduled-reports.sh: line 16: node: command not found
Wed Jun 25 12:48:00 CDT 2025: NextJS server is not running. Skipping scheduled reports check.
[2025-06-25T17:48:26.005Z] [INFO] Checking for scheduled reports...
[2025-06-25T17:48:27.490Z] [DEBUG] Connected to MongoDB
[2025-06-25T17:48:27.612Z] [INFO] Found 1 company databases
[2025-06-25T17:48:27.612Z] [DEBUG] Processing company database: company_9jxwph8g
[2025-06-25T17:48:27.681Z] [DEBUG] Finding reports to execute in company_9jxwph8g (current time: 2025-06-25T17:48:27.681Z)
[2025-06-25T17:48:27.760Z] [INFO] Found 0 reports to execute in company_9jxwph8g
[2025-06-25T17:48:27.760Z] [INFO] Scheduled reports check completed
[2025-06-25T17:48:27.762Z] [DEBUG] MongoDB connection closed
[2025-06-25T17:48:56.005Z] [INFO] Checking for scheduled reports...
[2025-06-25T17:48:57.565Z] [DEBUG] Connected to MongoDB
[2025-06-25T17:48:57.654Z] [INFO] Found 1 company databases
[2025-06-25T17:48:57.654Z] [DEBUG] Processing company database: company_9jxwph8g
[2025-06-25T17:48:57.816Z] [DEBUG] Finding reports to execute in company_9jxwph8g (current time: 2025-06-25T17:48:57.816Z)
[2025-06-25T17:48:57.968Z] [INFO] Found 0 reports to execute in company_9jxwph8g
[2025-06-25T17:48:57.968Z] [INFO] Scheduled reports check completed
[2025-06-25T17:48:57.972Z] [DEBUG] MongoDB connection closed
Wed Jun 25 12:49:00 CDT 2025: Checking if NextJS server is running...
Wed Jun 25 12:49:00 CDT 2025: Running scheduled reports
/Users/sim/Project2/scripts/../scripts/run-simple-scheduled-reports.sh: line 16: node: command not found
Wed Jun 25 12:49:00 CDT 2025: NextJS server is not running. Skipping scheduled reports check.
[2025-06-25T17:49:26.005Z] [INFO] Checking for scheduled reports...
[2025-06-25T17:49:27.152Z] [DEBUG] Connected to MongoDB
[2025-06-25T17:49:27.238Z] [INFO] Found 1 company databases
[2025-06-25T17:49:27.238Z] [DEBUG] Processing company database: company_9jxwph8g
[2025-06-25T17:49:27.301Z] [DEBUG] Finding reports to execute in company_9jxwph8g (current time: 2025-06-25T17:49:27.301Z)
[2025-06-25T17:49:27.389Z] [INFO] Found 0 reports to execute in company_9jxwph8g
[2025-06-25T17:49:27.389Z] [INFO] Scheduled reports check completed
[2025-06-25T17:49:27.391Z] [DEBUG] MongoDB connection closed
[2025-06-25T17:49:56.005Z] [INFO] Checking for scheduled reports...
[2025-06-25T17:49:57.613Z] [DEBUG] Connected to MongoDB
[2025-06-25T17:49:57.763Z] [INFO] Found 1 company databases
[2025-06-25T17:49:57.764Z] [DEBUG] Processing company database: company_9jxwph8g
[2025-06-25T17:49:57.861Z] [DEBUG] Finding reports to execute in company_9jxwph8g (current time: 2025-06-25T17:49:57.860Z)
[2025-06-25T17:49:57.922Z] [INFO] Found 0 reports to execute in company_9jxwph8g
[2025-06-25T17:49:57.923Z] [INFO] Scheduled reports check completed
[2025-06-25T17:49:57.925Z] [DEBUG] MongoDB connection closed
Wed Jun 25 12:50:00 CDT 2025: Checking if NextJS server is running...
Wed Jun 25 12:50:00 CDT 2025: Running scheduled reports
/Users/sim/Project2/scripts/../scripts/run-simple-scheduled-reports.sh: line 16: node: command not found
Wed Jun 25 12:50:00 CDT 2025: NextJS server is not running. Skipping scheduled reports check.
[2025-06-25T17:50:26.004Z] [INFO] Checking for scheduled reports...
[2025-06-25T17:50:27.565Z] [DEBUG] Connected to MongoDB
[2025-06-25T17:50:27.667Z] [INFO] Found 1 company databases
[2025-06-25T17:50:27.668Z] [DEBUG] Processing company database: company_9jxwph8g
[2025-06-25T17:50:27.894Z] [DEBUG] Finding reports to execute in company_9jxwph8g (current time: 2025-06-25T17:50:27.894Z)
[2025-06-25T17:50:28.003Z] [INFO] Found 0 reports to execute in company_9jxwph8g
[2025-06-25T17:50:28.004Z] [INFO] Scheduled reports check completed
[2025-06-25T17:50:28.007Z] [DEBUG] MongoDB connection closed
[2025-06-25T17:50:56.004Z] [INFO] Checking for scheduled reports...
[2025-06-25T17:50:57.267Z] [DEBUG] Connected to MongoDB
[2025-06-25T17:50:57.338Z] [INFO] Found 1 company databases
[2025-06-25T17:50:57.338Z] [DEBUG] Processing company database: company_9jxwph8g
[2025-06-25T17:50:57.398Z] [DEBUG] Finding reports to execute in company_9jxwph8g (current time: 2025-06-25T17:50:57.398Z)
[2025-06-25T17:50:57.461Z] [INFO] Found 0 reports to execute in company_9jxwph8g
[2025-06-25T17:50:57.461Z] [INFO] Scheduled reports check completed
[2025-06-25T17:50:57.464Z] [DEBUG] MongoDB connection closed
Wed Jun 25 12:51:01 CDT 2025: Running scheduled reports
Wed Jun 25 12:51:01 CDT 2025: Checking if NextJS server is running...
/Users/sim/Project2/scripts/../scripts/run-simple-scheduled-reports.sh: line 16: node: command not found
Wed Jun 25 12:51:01 CDT 2025: NextJS server is not running. Skipping scheduled reports check.
[2025-06-25T17:51:26.004Z] [INFO] Checking for scheduled reports...
[2025-06-25T17:51:28.272Z] [DEBUG] Connected to MongoDB
[2025-06-25T17:51:28.411Z] [INFO] Found 1 company databases
[2025-06-25T17:51:28.411Z] [DEBUG] Processing company database: company_9jxwph8g
[2025-06-25T17:51:28.920Z] [DEBUG] Finding reports to execute in company_9jxwph8g (current time: 2025-06-25T17:51:28.920Z)
[2025-06-25T17:51:28.991Z] [INFO] Found 0 reports to execute in company_9jxwph8g
[2025-06-25T17:51:28.992Z] [INFO] Scheduled reports check completed
[2025-06-25T17:51:28.994Z] [DEBUG] MongoDB connection closed
[2025-06-25T17:51:56.003Z] [INFO] Checking for scheduled reports...
[2025-06-25T17:51:58.089Z] [DEBUG] Connected to MongoDB
[2025-06-25T17:51:58.867Z] [INFO] Found 1 company databases
[2025-06-25T17:51:58.868Z] [DEBUG] Processing company database: company_9jxwph8g
[2025-06-25T17:51:58.938Z] [DEBUG] Finding reports to execute in company_9jxwph8g (current time: 2025-06-25T17:51:58.938Z)
[2025-06-25T17:51:59.104Z] [INFO] Found 0 reports to execute in company_9jxwph8g
[2025-06-25T17:51:59.105Z] [INFO] Scheduled reports check completed
[2025-06-25T17:51:59.107Z] [DEBUG] MongoDB connection closed
Wed Jun 25 12:52:00 CDT 2025: Running scheduled reports
Wed Jun 25 12:52:00 CDT 2025: Checking if NextJS server is running...
/Users/sim/Project2/scripts/../scripts/run-simple-scheduled-reports.sh: line 16: node: command not found
Wed Jun 25 12:52:00 CDT 2025: NextJS server is not running. Skipping scheduled reports check.
[2025-06-25T17:52:26.002Z] [INFO] Checking for scheduled reports...
[2025-06-25T17:52:28.563Z] [DEBUG] Connected to MongoDB
[2025-06-25T17:52:28.828Z] [INFO] Found 1 company databases
[2025-06-25T17:52:28.829Z] [DEBUG] Processing company database: company_9jxwph8g
[2025-06-25T17:52:29.061Z] [DEBUG] Finding reports to execute in company_9jxwph8g (current time: 2025-06-25T17:52:29.061Z)
[2025-06-25T17:52:29.184Z] [INFO] Found 0 reports to execute in company_9jxwph8g
[2025-06-25T17:52:29.185Z] [INFO] Scheduled reports check completed
[2025-06-25T17:52:29.187Z] [DEBUG] MongoDB connection closed
[2025-06-25T17:52:56.002Z] [INFO] Checking for scheduled reports...
[2025-06-25T17:52:57.319Z] [DEBUG] Connected to MongoDB
[2025-06-25T17:52:57.478Z] [INFO] Found 1 company databases
[2025-06-25T17:52:57.479Z] [DEBUG] Processing company database: company_9jxwph8g
[2025-06-25T17:52:57.681Z] [DEBUG] Finding reports to execute in company_9jxwph8g (current time: 2025-06-25T17:52:57.681Z)
[2025-06-25T17:52:57.789Z] [INFO] Found 0 reports to execute in company_9jxwph8g
[2025-06-25T17:52:57.789Z] [INFO] Scheduled reports check completed
[2025-06-25T17:52:57.790Z] [DEBUG] MongoDB connection closed
Wed Jun 25 12:53:00 CDT 2025: Checking if NextJS server is running...
Wed Jun 25 12:53:00 CDT 2025: Running scheduled reports
/Users/sim/Project2/scripts/../scripts/run-simple-scheduled-reports.sh: line 16: node: command not found
Wed Jun 25 12:53:00 CDT 2025: NextJS server is not running. Skipping scheduled reports check.
[2025-06-25T17:53:26.003Z] [INFO] Checking for scheduled reports...
[2025-06-25T17:53:29.766Z] [DEBUG] Connected to MongoDB
[2025-06-25T17:53:29.929Z] [INFO] Found 1 company databases
[2025-06-25T17:53:29.930Z] [DEBUG] Processing company database: company_9jxwph8g
[2025-06-25T17:53:30.018Z] [DEBUG] Finding reports to execute in company_9jxwph8g (current time: 2025-06-25T17:53:30.018Z)
[2025-06-25T17:53:30.505Z] [INFO] Found 0 reports to execute in company_9jxwph8g
[2025-06-25T17:53:30.506Z] [INFO] Scheduled reports check completed
[2025-06-25T17:53:30.507Z] [DEBUG] MongoDB connection closed
[2025-06-25T17:53:56.002Z] [INFO] Checking for scheduled reports...
[2025-06-25T17:53:57.863Z] [DEBUG] Connected to MongoDB
[2025-06-25T17:53:58.050Z] [INFO] Found 1 company databases
[2025-06-25T17:53:58.050Z] [DEBUG] Processing company database: company_9jxwph8g
[2025-06-25T17:53:58.167Z] [DEBUG] Finding reports to execute in company_9jxwph8g (current time: 2025-06-25T17:53:58.166Z)
[2025-06-25T17:53:58.338Z] [INFO] Found 0 reports to execute in company_9jxwph8g
[2025-06-25T17:53:58.338Z] [INFO] Scheduled reports check completed
[2025-06-25T17:53:58.340Z] [DEBUG] MongoDB connection closed
Wed Jun 25 12:54:00 CDT 2025: Running scheduled reports
Wed Jun 25 12:54:00 CDT 2025: Checking if NextJS server is running...
/Users/sim/Project2/scripts/../scripts/run-simple-scheduled-reports.sh: line 16: node: command not found
Wed Jun 25 12:54:00 CDT 2025: NextJS server is not running. Skipping scheduled reports check.
[2025-06-25T17:54:26.001Z] [INFO] Checking for scheduled reports...
[2025-06-25T17:54:28.634Z] [DEBUG] Connected to MongoDB
[2025-06-25T17:54:28.731Z] [INFO] Found 1 company databases
[2025-06-25T17:54:28.732Z] [DEBUG] Processing company database: company_9jxwph8g
[2025-06-25T17:54:28.806Z] [DEBUG] Finding reports to execute in company_9jxwph8g (current time: 2025-06-25T17:54:28.806Z)
[2025-06-25T17:54:28.982Z] [INFO] Found 0 reports to execute in company_9jxwph8g
[2025-06-25T17:54:28.982Z] [INFO] Scheduled reports check completed
[2025-06-25T17:54:28.984Z] [DEBUG] MongoDB connection closed
[2025-06-25T17:54:56.000Z] [INFO] Checking for scheduled reports...
[2025-06-25T17:54:56.957Z] [DEBUG] Connected to MongoDB
[2025-06-25T17:54:57.034Z] [INFO] Found 1 company databases
[2025-06-25T17:54:57.035Z] [DEBUG] Processing company database: company_9jxwph8g
[2025-06-25T17:54:57.108Z] [DEBUG] Finding reports to execute in company_9jxwph8g (current time: 2025-06-25T17:54:57.108Z)
[2025-06-25T17:54:57.199Z] [INFO] Found 0 reports to execute in company_9jxwph8g
[2025-06-25T17:54:57.199Z] [INFO] Scheduled reports check completed
[2025-06-25T17:54:57.201Z] [DEBUG] MongoDB connection closed
Wed Jun 25 12:55:00 CDT 2025: Checking if NextJS server is running...
Wed Jun 25 12:55:00 CDT 2025: Running scheduled reports
/Users/sim/Project2/scripts/../scripts/run-simple-scheduled-reports.sh: line 16: node: command not found
Wed Jun 25 12:55:00 CDT 2025: NextJS server is not running. Skipping scheduled reports check.
[2025-06-25T17:55:25.999Z] [INFO] Checking for scheduled reports...
[2025-06-25T17:55:27.963Z] [DEBUG] Connected to MongoDB
[2025-06-25T17:55:28.068Z] [INFO] Found 1 company databases
[2025-06-25T17:55:28.068Z] [DEBUG] Processing company database: company_9jxwph8g
[2025-06-25T17:55:28.160Z] [DEBUG] Finding reports to execute in company_9jxwph8g (current time: 2025-06-25T17:55:28.160Z)
[2025-06-25T17:55:28.267Z] [INFO] Found 0 reports to execute in company_9jxwph8g
[2025-06-25T17:55:28.267Z] [INFO] Scheduled reports check completed
[2025-06-25T17:55:28.269Z] [DEBUG] MongoDB connection closed
[2025-06-25T17:55:55.998Z] [INFO] Checking for scheduled reports...
[2025-06-25T17:55:57.064Z] [DEBUG] Connected to MongoDB
[2025-06-25T17:55:57.175Z] [INFO] Found 1 company databases
[2025-06-25T17:55:57.176Z] [DEBUG] Processing company database: company_9jxwph8g
[2025-06-25T17:55:57.302Z] [DEBUG] Finding reports to execute in company_9jxwph8g (current time: 2025-06-25T17:55:57.302Z)
[2025-06-25T17:55:57.485Z] [INFO] Found 0 reports to execute in company_9jxwph8g
[2025-06-25T17:55:57.486Z] [INFO] Scheduled reports check completed
[2025-06-25T17:55:57.488Z] [DEBUG] MongoDB connection closed
Wed Jun 25 12:56:00 CDT 2025: Running scheduled reports
Wed Jun 25 12:56:00 CDT 2025: Checking if NextJS server is running...
/Users/sim/Project2/scripts/../scripts/run-simple-scheduled-reports.sh: line 16: node: command not found
Wed Jun 25 12:56:00 CDT 2025: NextJS server is not running. Skipping scheduled reports check.
[2025-06-25T17:56:25.998Z] [INFO] Checking for scheduled reports...
[2025-06-25T17:56:27.829Z] [DEBUG] Connected to MongoDB
[2025-06-25T17:56:27.930Z] [INFO] Found 1 company databases
[2025-06-25T17:56:27.931Z] [DEBUG] Processing company database: company_9jxwph8g
[2025-06-25T17:56:27.991Z] [DEBUG] Finding reports to execute in company_9jxwph8g (current time: 2025-06-25T17:56:27.991Z)
[2025-06-25T17:56:28.061Z] [INFO] Found 0 reports to execute in company_9jxwph8g
[2025-06-25T17:56:28.062Z] [INFO] Scheduled reports check completed
[2025-06-25T17:56:28.063Z] [DEBUG] MongoDB connection closed
[2025-06-25T17:56:55.999Z] [INFO] Checking for scheduled reports...
[2025-06-25T17:56:57.312Z] [DEBUG] Connected to MongoDB
[2025-06-25T17:56:57.395Z] [INFO] Found 1 company databases
[2025-06-25T17:56:57.395Z] [DEBUG] Processing company database: company_9jxwph8g
[2025-06-25T17:56:57.622Z] [DEBUG] Finding reports to execute in company_9jxwph8g (current time: 2025-06-25T17:56:57.622Z)
[2025-06-25T17:56:57.745Z] [INFO] Found 0 reports to execute in company_9jxwph8g
[2025-06-25T17:56:57.746Z] [INFO] Scheduled reports check completed
[2025-06-25T17:56:57.748Z] [DEBUG] MongoDB connection closed
Wed Jun 25 12:57:00 CDT 2025: Running scheduled reports
Wed Jun 25 12:57:00 CDT 2025: Checking if NextJS server is running...
/Users/sim/Project2/scripts/../scripts/run-simple-scheduled-reports.sh: line 16: node: command not found
Wed Jun 25 12:57:00 CDT 2025: NextJS server is not running. Skipping scheduled reports check.
[2025-06-25T17:57:26.000Z] [INFO] Checking for scheduled reports...
[2025-06-25T17:57:27.701Z] [DEBUG] Connected to MongoDB
[2025-06-25T17:57:27.783Z] [INFO] Found 1 company databases
[2025-06-25T17:57:27.784Z] [DEBUG] Processing company database: company_9jxwph8g
[2025-06-25T17:57:27.860Z] [DEBUG] Finding reports to execute in company_9jxwph8g (current time: 2025-06-25T17:57:27.860Z)
[2025-06-25T17:57:27.973Z] [INFO] Found 0 reports to execute in company_9jxwph8g
[2025-06-25T17:57:27.974Z] [INFO] Scheduled reports check completed
[2025-06-25T17:57:27.976Z] [DEBUG] MongoDB connection closed
[2025-06-25T17:57:56.000Z] [INFO] Checking for scheduled reports...
[2025-06-25T17:57:56.837Z] [DEBUG] Connected to MongoDB
[2025-06-25T17:57:56.941Z] [INFO] Found 1 company databases
[2025-06-25T17:57:56.942Z] [DEBUG] Processing company database: company_9jxwph8g
[2025-06-25T17:57:57.053Z] [DEBUG] Finding reports to execute in company_9jxwph8g (current time: 2025-06-25T17:57:57.053Z)
[2025-06-25T17:57:57.157Z] [INFO] Found 0 reports to execute in company_9jxwph8g
[2025-06-25T17:57:57.157Z] [INFO] Scheduled reports check completed
[2025-06-25T17:57:57.160Z] [DEBUG] MongoDB connection closed
Wed Jun 25 12:58:00 CDT 2025: Checking if NextJS server is running...
Wed Jun 25 12:58:00 CDT 2025: Running scheduled reports
/Users/sim/Project2/scripts/../scripts/run-simple-scheduled-reports.sh: line 16: node: command not found
Wed Jun 25 12:58:00 CDT 2025: NextJS server is not running. Skipping scheduled reports check.
[2025-06-25T17:58:25.999Z] [INFO] Checking for scheduled reports...
[2025-06-25T17:58:28.023Z] [DEBUG] Connected to MongoDB
[2025-06-25T17:58:28.280Z] [INFO] Found 1 company databases
[2025-06-25T17:58:28.280Z] [DEBUG] Processing company database: company_9jxwph8g
[2025-06-25T17:58:28.423Z] [DEBUG] Finding reports to execute in company_9jxwph8g (current time: 2025-06-25T17:58:28.423Z)
[2025-06-25T17:58:28.627Z] [INFO] Found 0 reports to execute in company_9jxwph8g
[2025-06-25T17:58:28.627Z] [INFO] Scheduled reports check completed
[2025-06-25T17:58:28.628Z] [DEBUG] MongoDB connection closed
[2025-06-25T17:58:55.999Z] [INFO] Checking for scheduled reports...
[2025-06-25T17:58:58.946Z] [DEBUG] Connected to MongoDB
Wed Jun 25 12:59:00 CDT 2025: Checking if NextJS server is running...
Wed Jun 25 12:59:00 CDT 2025: Running scheduled reports
/Users/sim/Project2/scripts/../scripts/run-simple-scheduled-reports.sh: line 16: node: command not found
Wed Jun 25 12:59:00 CDT 2025: NextJS server is not running. Skipping scheduled reports check.
[2025-06-25T17:59:00.951Z] [INFO] Found 1 company databases
[2025-06-25T17:59:00.951Z] [DEBUG] Processing company database: company_9jxwph8g
[2025-06-25T17:59:01.399Z] [DEBUG] Finding reports to execute in company_9jxwph8g (current time: 2025-06-25T17:59:01.399Z)
[2025-06-25T17:59:01.482Z] [INFO] Found 0 reports to execute in company_9jxwph8g
[2025-06-25T17:59:01.482Z] [INFO] Scheduled reports check completed
[2025-06-25T17:59:01.485Z] [DEBUG] MongoDB connection closed
[2025-06-25T17:59:25.998Z] [INFO] Checking for scheduled reports...
[2025-06-25T17:59:28.733Z] [DEBUG] Connected to MongoDB
[2025-06-25T17:59:29.014Z] [INFO] Found 1 company databases
[2025-06-25T17:59:29.014Z] [DEBUG] Processing company database: company_9jxwph8g
[2025-06-25T17:59:29.147Z] [DEBUG] Finding reports to execute in company_9jxwph8g (current time: 2025-06-25T17:59:29.147Z)
[2025-06-25T17:59:29.285Z] [INFO] Found 0 reports to execute in company_9jxwph8g
[2025-06-25T17:59:29.285Z] [INFO] Scheduled reports check completed
[2025-06-25T17:59:29.287Z] [DEBUG] MongoDB connection closed
[2025-06-25T17:59:55.998Z] [INFO] Checking for scheduled reports...
[2025-06-25T17:59:57.923Z] [DEBUG] Connected to MongoDB
[2025-06-25T17:59:58.008Z] [INFO] Found 1 company databases
[2025-06-25T17:59:58.009Z] [DEBUG] Processing company database: company_9jxwph8g
[2025-06-25T17:59:58.068Z] [DEBUG] Finding reports to execute in company_9jxwph8g (current time: 2025-06-25T17:59:58.068Z)
[2025-06-25T17:59:58.141Z] [INFO] Found 0 reports to execute in company_9jxwph8g
[2025-06-25T17:59:58.142Z] [INFO] Scheduled reports check completed
[2025-06-25T17:59:58.145Z] [DEBUG] MongoDB connection closed
Wed Jun 25 13:00:00 CDT 2025: Running scheduled reports
Wed Jun 25 13:00:00 CDT 2025: Checking if NextJS server is running...
/Users/sim/Project2/scripts/../scripts/run-simple-scheduled-reports.sh: line 16: node: command not found
Wed Jun 25 13:00:00 CDT 2025: NextJS server is not running. Skipping scheduled reports check.
[2025-06-25T18:00:25.996Z] [INFO] Checking for scheduled reports...
[2025-06-25T18:00:28.398Z] [DEBUG] Connected to MongoDB
[2025-06-25T18:00:28.488Z] [INFO] Found 1 company databases
[2025-06-25T18:00:28.489Z] [DEBUG] Processing company database: company_9jxwph8g
[2025-06-25T18:00:28.549Z] [DEBUG] Finding reports to execute in company_9jxwph8g (current time: 2025-06-25T18:00:28.549Z)
[2025-06-25T18:00:28.620Z] [INFO] Found 0 reports to execute in company_9jxwph8g
[2025-06-25T18:00:28.620Z] [INFO] Scheduled reports check completed
[2025-06-25T18:00:28.622Z] [DEBUG] MongoDB connection closed
[2025-06-25T18:00:55.995Z] [INFO] Checking for scheduled reports...
[2025-06-25T18:00:56.977Z] [DEBUG] Connected to MongoDB
[2025-06-25T18:00:57.128Z] [INFO] Found 1 company databases
[2025-06-25T18:00:57.128Z] [DEBUG] Processing company database: company_9jxwph8g
[2025-06-25T18:00:57.350Z] [DEBUG] Finding reports to execute in company_9jxwph8g (current time: 2025-06-25T18:00:57.350Z)
[2025-06-25T18:00:57.549Z] [INFO] Found 0 reports to execute in company_9jxwph8g
[2025-06-25T18:00:57.550Z] [INFO] Scheduled reports check completed
[2025-06-25T18:00:57.552Z] [DEBUG] MongoDB connection closed
Wed Jun 25 13:01:01 CDT 2025: Running scheduled reports
Wed Jun 25 13:01:01 CDT 2025: Checking if NextJS server is running...
/Users/sim/Project2/scripts/../scripts/run-simple-scheduled-reports.sh: line 16: node: command not found
Wed Jun 25 13:01:01 CDT 2025: NextJS server is not running. Skipping scheduled reports check.
[2025-06-25T18:01:25.995Z] [INFO] Checking for scheduled reports...
[2025-06-25T18:01:27.434Z] [DEBUG] Connected to MongoDB
[2025-06-25T18:01:27.530Z] [INFO] Found 1 company databases
[2025-06-25T18:01:27.531Z] [DEBUG] Processing company database: company_9jxwph8g
[2025-06-25T18:01:27.648Z] [DEBUG] Finding reports to execute in company_9jxwph8g (current time: 2025-06-25T18:01:27.648Z)
[2025-06-25T18:01:27.806Z] [INFO] Found 0 reports to execute in company_9jxwph8g
[2025-06-25T18:01:27.807Z] [INFO] Scheduled reports check completed
[2025-06-25T18:01:27.809Z] [DEBUG] MongoDB connection closed
[2025-06-25T18:01:55.995Z] [INFO] Checking for scheduled reports...
[2025-06-25T18:01:57.073Z] [DEBUG] Connected to MongoDB
[2025-06-25T18:01:57.169Z] [INFO] Found 1 company databases
[2025-06-25T18:01:57.170Z] [DEBUG] Processing company database: company_9jxwph8g
[2025-06-25T18:01:57.311Z] [DEBUG] Finding reports to execute in company_9jxwph8g (current time: 2025-06-25T18:01:57.311Z)
[2025-06-25T18:01:57.419Z] [INFO] Found 0 reports to execute in company_9jxwph8g
[2025-06-25T18:01:57.420Z] [INFO] Scheduled reports check completed
[2025-06-25T18:01:57.421Z] [DEBUG] MongoDB connection closed
Wed Jun 25 13:02:00 CDT 2025: Checking if NextJS server is running...
Wed Jun 25 13:02:00 CDT 2025: Running scheduled reports
/Users/sim/Project2/scripts/../scripts/run-simple-scheduled-reports.sh: line 16: node: command not found
Wed Jun 25 13:02:00 CDT 2025: NextJS server is not running. Skipping scheduled reports check.
[2025-06-25T18:02:25.994Z] [INFO] Checking for scheduled reports...
[2025-06-25T18:02:27.267Z] [DEBUG] Connected to MongoDB
[2025-06-25T18:02:27.435Z] [INFO] Found 1 company databases
[2025-06-25T18:02:27.435Z] [DEBUG] Processing company database: company_9jxwph8g
[2025-06-25T18:02:27.691Z] [DEBUG] Finding reports to execute in company_9jxwph8g (current time: 2025-06-25T18:02:27.691Z)
[2025-06-25T18:02:27.807Z] [INFO] Found 0 reports to execute in company_9jxwph8g
[2025-06-25T18:02:27.808Z] [INFO] Scheduled reports check completed
[2025-06-25T18:02:27.809Z] [DEBUG] MongoDB connection closed
[2025-06-25T18:02:55.992Z] [INFO] Checking for scheduled reports...
[2025-06-25T18:02:57.987Z] [DEBUG] Connected to MongoDB
[2025-06-25T18:02:58.066Z] [INFO] Found 1 company databases
[2025-06-25T18:02:58.067Z] [DEBUG] Processing company database: company_9jxwph8g
[2025-06-25T18:02:58.141Z] [DEBUG] Finding reports to execute in company_9jxwph8g (current time: 2025-06-25T18:02:58.140Z)
[2025-06-25T18:02:58.201Z] [INFO] Found 0 reports to execute in company_9jxwph8g
[2025-06-25T18:02:58.202Z] [INFO] Scheduled reports check completed
[2025-06-25T18:02:58.204Z] [DEBUG] MongoDB connection closed
Wed Jun 25 13:03:00 CDT 2025: Checking if NextJS server is running...
Wed Jun 25 13:03:00 CDT 2025: Running scheduled reports
/Users/sim/Project2/scripts/../scripts/run-simple-scheduled-reports.sh: line 16: node: command not found
Wed Jun 25 13:03:00 CDT 2025: NextJS server is not running. Skipping scheduled reports check.
[2025-06-25T18:03:25.991Z] [INFO] Checking for scheduled reports...
[2025-06-25T18:03:27.100Z] [DEBUG] Connected to MongoDB
[2025-06-25T18:03:27.203Z] [INFO] Found 1 company databases
[2025-06-25T18:03:27.204Z] [DEBUG] Processing company database: company_9jxwph8g
[2025-06-25T18:03:27.295Z] [DEBUG] Finding reports to execute in company_9jxwph8g (current time: 2025-06-25T18:03:27.295Z)
[2025-06-25T18:03:27.358Z] [INFO] Found 0 reports to execute in company_9jxwph8g
[2025-06-25T18:03:27.359Z] [INFO] Scheduled reports check completed
[2025-06-25T18:03:27.361Z] [DEBUG] MongoDB connection closed
[2025-06-25T18:03:55.990Z] [INFO] Checking for scheduled reports...
[2025-06-25T18:03:58.923Z] [DEBUG] Connected to MongoDB
[2025-06-25T18:03:59.102Z] [INFO] Found 1 company databases
[2025-06-25T18:03:59.103Z] [DEBUG] Processing company database: company_9jxwph8g
[2025-06-25T18:03:59.597Z] [DEBUG] Finding reports to execute in company_9jxwph8g (current time: 2025-06-25T18:03:59.597Z)
[2025-06-25T18:04:00.171Z] [INFO] Found 0 reports to execute in company_9jxwph8g
[2025-06-25T18:04:00.171Z] [INFO] Scheduled reports check completed
[2025-06-25T18:04:00.172Z] [DEBUG] MongoDB connection closed
Wed Jun 25 13:04:00 CDT 2025: Running scheduled reports
Wed Jun 25 13:04:00 CDT 2025: Checking if NextJS server is running...
/Users/sim/Project2/scripts/../scripts/run-simple-scheduled-reports.sh: line 16: node: command not found
Wed Jun 25 13:04:00 CDT 2025: NextJS server is not running. Skipping scheduled reports check.
[2025-06-25T18:04:25.989Z] [INFO] Checking for scheduled reports...
[2025-06-25T18:04:27.971Z] [DEBUG] Connected to MongoDB
[2025-06-25T18:04:28.042Z] [INFO] Found 1 company databases
[2025-06-25T18:04:28.042Z] [DEBUG] Processing company database: company_9jxwph8g
[2025-06-25T18:04:28.189Z] [DEBUG] Finding reports to execute in company_9jxwph8g (current time: 2025-06-25T18:04:28.189Z)
[2025-06-25T18:04:28.293Z] [INFO] Found 0 reports to execute in company_9jxwph8g
[2025-06-25T18:04:28.294Z] [INFO] Scheduled reports check completed
[2025-06-25T18:04:28.296Z] [DEBUG] MongoDB connection closed
[2025-06-25T18:04:55.989Z] [INFO] Checking for scheduled reports...
[2025-06-25T18:04:58.048Z] [DEBUG] Connected to MongoDB
[2025-06-25T18:04:58.159Z] [INFO] Found 1 company databases
[2025-06-25T18:04:58.159Z] [DEBUG] Processing company database: company_9jxwph8g
[2025-06-25T18:04:58.354Z] [DEBUG] Finding reports to execute in company_9jxwph8g (current time: 2025-06-25T18:04:58.354Z)
[2025-06-25T18:04:58.528Z] [INFO] Found 0 reports to execute in company_9jxwph8g
[2025-06-25T18:04:58.529Z] [INFO] Scheduled reports check completed
[2025-06-25T18:04:58.531Z] [DEBUG] MongoDB connection closed
Wed Jun 25 13:05:00 CDT 2025: Running scheduled reports
Wed Jun 25 13:05:00 CDT 2025: Checking if NextJS server is running...
/Users/sim/Project2/scripts/../scripts/run-simple-scheduled-reports.sh: line 16: node: command not found
Wed Jun 25 13:05:00 CDT 2025: NextJS server is not running. Skipping scheduled reports check.
[2025-06-25T18:05:25.989Z] [INFO] Checking for scheduled reports...
[2025-06-25T18:05:28.437Z] [DEBUG] Connected to MongoDB
[2025-06-25T18:05:28.531Z] [INFO] Found 1 company databases
[2025-06-25T18:05:28.532Z] [DEBUG] Processing company database: company_9jxwph8g
[2025-06-25T18:05:28.638Z] [DEBUG] Finding reports to execute in company_9jxwph8g (current time: 2025-06-25T18:05:28.638Z)
[2025-06-25T18:05:28.764Z] [INFO] Found 0 reports to execute in company_9jxwph8g
[2025-06-25T18:05:28.764Z] [INFO] Scheduled reports check completed
[2025-06-25T18:05:28.767Z] [DEBUG] MongoDB connection closed
[2025-06-25T18:05:55.989Z] [INFO] Checking for scheduled reports...
[2025-06-25T18:05:57.312Z] [DEBUG] Connected to MongoDB
[2025-06-25T18:05:57.485Z] [INFO] Found 1 company databases
[2025-06-25T18:05:57.485Z] [DEBUG] Processing company database: company_9jxwph8g
[2025-06-25T18:05:57.792Z] [DEBUG] Finding reports to execute in company_9jxwph8g (current time: 2025-06-25T18:05:57.792Z)
[2025-06-25T18:05:57.875Z] [INFO] Found 0 reports to execute in company_9jxwph8g
[2025-06-25T18:05:57.876Z] [INFO] Scheduled reports check completed
[2025-06-25T18:05:57.878Z] [DEBUG] MongoDB connection closed
Wed Jun 25 13:06:00 CDT 2025: Running scheduled reports
Wed Jun 25 13:06:00 CDT 2025: Checking if NextJS server is running...
/Users/sim/Project2/scripts/../scripts/run-simple-scheduled-reports.sh: line 16: node: command not found
Wed Jun 25 13:06:00 CDT 2025: NextJS server is not running. Skipping scheduled reports check.
[2025-06-25T18:06:25.989Z] [INFO] Checking for scheduled reports...
[2025-06-25T18:06:29.455Z] [DEBUG] Connected to MongoDB
[2025-06-25T18:06:29.562Z] [INFO] Found 1 company databases
[2025-06-25T18:06:29.563Z] [DEBUG] Processing company database: company_9jxwph8g
[2025-06-25T18:06:29.754Z] [DEBUG] Finding reports to execute in company_9jxwph8g (current time: 2025-06-25T18:06:29.754Z)
[2025-06-25T18:06:29.867Z] [INFO] Found 0 reports to execute in company_9jxwph8g
[2025-06-25T18:06:29.867Z] [INFO] Scheduled reports check completed
[2025-06-25T18:06:29.870Z] [DEBUG] MongoDB connection closed
[2025-06-25T18:06:55.988Z] [INFO] Checking for scheduled reports...
[2025-06-25T18:06:57.104Z] [DEBUG] Connected to MongoDB
[2025-06-25T18:06:57.204Z] [INFO] Found 1 company databases
[2025-06-25T18:06:57.204Z] [DEBUG] Processing company database: company_9jxwph8g
[2025-06-25T18:06:57.298Z] [DEBUG] Finding reports to execute in company_9jxwph8g (current time: 2025-06-25T18:06:57.298Z)
[2025-06-25T18:06:57.381Z] [INFO] Found 0 reports to execute in company_9jxwph8g
[2025-06-25T18:06:57.381Z] [INFO] Scheduled reports check completed
[2025-06-25T18:06:57.384Z] [DEBUG] MongoDB connection closed
Wed Jun 25 13:07:00 CDT 2025: Checking if NextJS server is running...
Wed Jun 25 13:07:00 CDT 2025: Running scheduled reports
/Users/sim/Project2/scripts/../scripts/run-simple-scheduled-reports.sh: line 16: node: command not found
Wed Jun 25 13:07:00 CDT 2025: NextJS server is not running. Skipping scheduled reports check.
[2025-06-25T18:07:25.988Z] [INFO] Checking for scheduled reports...
[2025-06-25T18:07:29.628Z] [DEBUG] Connected to MongoDB
[2025-06-25T18:07:29.786Z] [INFO] Found 1 company databases
[2025-06-25T18:07:29.786Z] [DEBUG] Processing company database: company_9jxwph8g
[2025-06-25T18:07:30.390Z] [DEBUG] Finding reports to execute in company_9jxwph8g (current time: 2025-06-25T18:07:30.390Z)
[2025-06-25T18:07:30.770Z] [INFO] Found 0 reports to execute in company_9jxwph8g
[2025-06-25T18:07:30.771Z] [INFO] Scheduled reports check completed
[2025-06-25T18:07:30.773Z] [DEBUG] MongoDB connection closed
[2025-06-25T18:07:55.988Z] [INFO] Checking for scheduled reports...
[2025-06-25T18:07:56.860Z] [DEBUG] Connected to MongoDB
[2025-06-25T18:07:56.982Z] [INFO] Found 1 company databases
[2025-06-25T18:07:56.983Z] [DEBUG] Processing company database: company_9jxwph8g
[2025-06-25T18:07:57.344Z] [DEBUG] Finding reports to execute in company_9jxwph8g (current time: 2025-06-25T18:07:57.344Z)
[2025-06-25T18:07:57.460Z] [INFO] Found 0 reports to execute in company_9jxwph8g
[2025-06-25T18:07:57.460Z] [INFO] Scheduled reports check completed
[2025-06-25T18:07:57.463Z] [DEBUG] MongoDB connection closed
Wed Jun 25 13:08:00 CDT 2025: Checking if NextJS server is running...
Wed Jun 25 13:08:00 CDT 2025: Running scheduled reports
/Users/sim/Project2/scripts/../scripts/run-simple-scheduled-reports.sh: line 16: node: command not found
Wed Jun 25 13:08:01 CDT 2025: NextJS server is not running. Skipping scheduled reports check.
[2025-06-25T18:08:25.987Z] [INFO] Checking for scheduled reports...
[2025-06-25T18:08:27.276Z] [DEBUG] Connected to MongoDB
[2025-06-25T18:08:27.369Z] [INFO] Found 1 company databases
[2025-06-25T18:08:27.370Z] [DEBUG] Processing company database: company_9jxwph8g
[2025-06-25T18:08:27.568Z] [DEBUG] Finding reports to execute in company_9jxwph8g (current time: 2025-06-25T18:08:27.568Z)
[2025-06-25T18:08:27.849Z] [INFO] Found 0 reports to execute in company_9jxwph8g
[2025-06-25T18:08:27.850Z] [INFO] Scheduled reports check completed
[2025-06-25T18:08:27.853Z] [DEBUG] MongoDB connection closed
[2025-06-25T18:08:55.986Z] [INFO] Checking for scheduled reports...
[2025-06-25T18:08:57.098Z] [DEBUG] Connected to MongoDB
[2025-06-25T18:08:57.204Z] [INFO] Found 1 company databases
[2025-06-25T18:08:57.204Z] [DEBUG] Processing company database: company_9jxwph8g
[2025-06-25T18:08:57.354Z] [DEBUG] Finding reports to execute in company_9jxwph8g (current time: 2025-06-25T18:08:57.354Z)
[2025-06-25T18:08:57.420Z] [INFO] Found 0 reports to execute in company_9jxwph8g
[2025-06-25T18:08:57.421Z] [INFO] Scheduled reports check completed
[2025-06-25T18:08:57.424Z] [DEBUG] MongoDB connection closed
Wed Jun 25 13:09:00 CDT 2025: Checking if NextJS server is running...
Wed Jun 25 13:09:00 CDT 2025: Running scheduled reports
/Users/sim/Project2/scripts/../scripts/run-simple-scheduled-reports.sh: line 16: node: command not found
Wed Jun 25 13:09:00 CDT 2025: NextJS server is not running. Skipping scheduled reports check.
[2025-06-25T18:09:25.985Z] [INFO] Checking for scheduled reports...
[2025-06-25T18:09:27.340Z] [DEBUG] Connected to MongoDB
[2025-06-25T18:09:27.462Z] [INFO] Found 1 company databases
[2025-06-25T18:09:27.463Z] [DEBUG] Processing company database: company_9jxwph8g
[2025-06-25T18:09:27.553Z] [DEBUG] Finding reports to execute in company_9jxwph8g (current time: 2025-06-25T18:09:27.553Z)
[2025-06-25T18:09:27.636Z] [INFO] Found 0 reports to execute in company_9jxwph8g
[2025-06-25T18:09:27.636Z] [INFO] Scheduled reports check completed
[2025-06-25T18:09:27.638Z] [DEBUG] MongoDB connection closed
[2025-06-25T18:09:55.985Z] [INFO] Checking for scheduled reports...
[2025-06-25T18:09:56.887Z] [DEBUG] Connected to MongoDB
[2025-06-25T18:09:56.983Z] [INFO] Found 1 company databases
[2025-06-25T18:09:56.983Z] [DEBUG] Processing company database: company_9jxwph8g
[2025-06-25T18:09:57.524Z] [DEBUG] Finding reports to execute in company_9jxwph8g (current time: 2025-06-25T18:09:57.524Z)
[2025-06-25T18:09:57.606Z] [INFO] Found 0 reports to execute in company_9jxwph8g
[2025-06-25T18:09:57.607Z] [INFO] Scheduled reports check completed
[2025-06-25T18:09:57.609Z] [DEBUG] MongoDB connection closed
Wed Jun 25 13:10:00 CDT 2025: Checking if NextJS server is running...
Wed Jun 25 13:10:00 CDT 2025: Running scheduled reports
/Users/sim/Project2/scripts/../scripts/run-simple-scheduled-reports.sh: line 16: node: command not found
Wed Jun 25 13:10:00 CDT 2025: NextJS server is not running. Skipping scheduled reports check.
[2025-06-25T18:10:25.985Z] [INFO] Checking for scheduled reports...
[2025-06-25T18:10:27.587Z] [DEBUG] Connected to MongoDB
[2025-06-25T18:10:27.718Z] [INFO] Found 1 company databases
[2025-06-25T18:10:27.718Z] [DEBUG] Processing company database: company_9jxwph8g
[2025-06-25T18:10:27.803Z] [DEBUG] Finding reports to execute in company_9jxwph8g (current time: 2025-06-25T18:10:27.803Z)
[2025-06-25T18:10:27.868Z] [INFO] Found 0 reports to execute in company_9jxwph8g
[2025-06-25T18:10:27.868Z] [INFO] Scheduled reports check completed
[2025-06-25T18:10:27.869Z] [DEBUG] MongoDB connection closed
[2025-06-25T18:10:55.984Z] [INFO] Checking for scheduled reports...
[2025-06-25T18:10:57.066Z] [DEBUG] Connected to MongoDB
[2025-06-25T18:10:57.154Z] [INFO] Found 1 company databases
[2025-06-25T18:10:57.154Z] [DEBUG] Processing company database: company_9jxwph8g
[2025-06-25T18:10:57.250Z] [DEBUG] Finding reports to execute in company_9jxwph8g (current time: 2025-06-25T18:10:57.250Z)
[2025-06-25T18:10:57.345Z] [INFO] Found 0 reports to execute in company_9jxwph8g
[2025-06-25T18:10:57.346Z] [INFO] Scheduled reports check completed
[2025-06-25T18:10:57.348Z] [DEBUG] MongoDB connection closed
Wed Jun 25 13:11:00 CDT 2025: Running scheduled reports
Wed Jun 25 13:11:00 CDT 2025: Checking if NextJS server is running...
/Users/sim/Project2/scripts/../scripts/run-simple-scheduled-reports.sh: line 16: node: command not found
Wed Jun 25 13:11:00 CDT 2025: NextJS server is not running. Skipping scheduled reports check.
[2025-06-25T18:11:25.984Z] [INFO] Checking for scheduled reports...
[2025-06-25T18:11:26.931Z] [DEBUG] Connected to MongoDB
[2025-06-25T18:11:27.032Z] [INFO] Found 1 company databases
[2025-06-25T18:11:27.033Z] [DEBUG] Processing company database: company_9jxwph8g
[2025-06-25T18:11:27.136Z] [DEBUG] Finding reports to execute in company_9jxwph8g (current time: 2025-06-25T18:11:27.136Z)
[2025-06-25T18:11:27.269Z] [INFO] Found 0 reports to execute in company_9jxwph8g
[2025-06-25T18:11:27.269Z] [INFO] Scheduled reports check completed
[2025-06-25T18:11:27.271Z] [DEBUG] MongoDB connection closed
[2025-06-25T18:11:55.983Z] [INFO] Checking for scheduled reports...
[2025-06-25T18:11:56.899Z] [DEBUG] Connected to MongoDB
[2025-06-25T18:11:57.017Z] [INFO] Found 1 company databases
[2025-06-25T18:11:57.018Z] [DEBUG] Processing company database: company_9jxwph8g
[2025-06-25T18:11:57.116Z] [DEBUG] Finding reports to execute in company_9jxwph8g (current time: 2025-06-25T18:11:57.116Z)
[2025-06-25T18:11:57.175Z] [INFO] Found 0 reports to execute in company_9jxwph8g
[2025-06-25T18:11:57.176Z] [INFO] Scheduled reports check completed
[2025-06-25T18:11:57.178Z] [DEBUG] MongoDB connection closed
Wed Jun 25 13:12:00 CDT 2025: Running scheduled reports
Wed Jun 25 13:12:00 CDT 2025: Checking if NextJS server is running...
/Users/sim/Project2/scripts/../scripts/run-simple-scheduled-reports.sh: line 16: node: command not found
Wed Jun 25 13:12:00 CDT 2025: NextJS server is not running. Skipping scheduled reports check.
[2025-06-25T18:12:25.982Z] [INFO] Checking for scheduled reports...
[2025-06-25T18:12:27.432Z] [DEBUG] Connected to MongoDB
[2025-06-25T18:12:27.515Z] [INFO] Found 1 company databases
[2025-06-25T18:12:27.516Z] [DEBUG] Processing company database: company_9jxwph8g
[2025-06-25T18:12:27.580Z] [DEBUG] Finding reports to execute in company_9jxwph8g (current time: 2025-06-25T18:12:27.580Z)
[2025-06-25T18:12:27.639Z] [INFO] Found 0 reports to execute in company_9jxwph8g
[2025-06-25T18:12:27.640Z] [INFO] Scheduled reports check completed
[2025-06-25T18:12:27.642Z] [DEBUG] MongoDB connection closed
[2025-06-25T18:12:55.981Z] [INFO] Checking for scheduled reports...
[2025-06-25T18:12:57.100Z] [DEBUG] Connected to MongoDB
[2025-06-25T18:12:57.489Z] [INFO] Found 1 company databases
[2025-06-25T18:12:57.489Z] [DEBUG] Processing company database: company_9jxwph8g
[2025-06-25T18:12:57.547Z] [DEBUG] Finding reports to execute in company_9jxwph8g (current time: 2025-06-25T18:12:57.547Z)
[2025-06-25T18:12:57.608Z] [INFO] Found 0 reports to execute in company_9jxwph8g
[2025-06-25T18:12:57.608Z] [INFO] Scheduled reports check completed
[2025-06-25T18:12:57.610Z] [DEBUG] MongoDB connection closed
Wed Jun 25 13:13:00 CDT 2025: Running scheduled reports
Wed Jun 25 13:13:00 CDT 2025: Checking if NextJS server is running...
/Users/sim/Project2/scripts/../scripts/run-simple-scheduled-reports.sh: line 16: node: command not found
Wed Jun 25 13:13:00 CDT 2025: NextJS server is not running. Skipping scheduled reports check.
[2025-06-25T18:13:25.980Z] [INFO] Checking for scheduled reports...
[2025-06-25T18:13:26.987Z] [DEBUG] Connected to MongoDB
[2025-06-25T18:13:27.054Z] [INFO] Found 1 company databases
[2025-06-25T18:13:27.055Z] [DEBUG] Processing company database: company_9jxwph8g
[2025-06-25T18:13:27.113Z] [DEBUG] Finding reports to execute in company_9jxwph8g (current time: 2025-06-25T18:13:27.113Z)
[2025-06-25T18:13:27.170Z] [INFO] Found 0 reports to execute in company_9jxwph8g
[2025-06-25T18:13:27.171Z] [INFO] Scheduled reports check completed
[2025-06-25T18:13:27.173Z] [DEBUG] MongoDB connection closed
[2025-06-25T18:13:55.980Z] [INFO] Checking for scheduled reports...
[2025-06-25T18:13:57.095Z] [DEBUG] Connected to MongoDB
[2025-06-25T18:13:57.175Z] [INFO] Found 1 company databases
[2025-06-25T18:13:57.176Z] [DEBUG] Processing company database: company_9jxwph8g
[2025-06-25T18:13:57.276Z] [DEBUG] Finding reports to execute in company_9jxwph8g (current time: 2025-06-25T18:13:57.276Z)
[2025-06-25T18:13:57.394Z] [INFO] Found 0 reports to execute in company_9jxwph8g
[2025-06-25T18:13:57.395Z] [INFO] Scheduled reports check completed
[2025-06-25T18:13:57.397Z] [DEBUG] MongoDB connection closed
Wed Jun 25 13:14:00 CDT 2025: Running scheduled reports
Wed Jun 25 13:14:00 CDT 2025: Checking if NextJS server is running...
/Users/sim/Project2/scripts/../scripts/run-simple-scheduled-reports.sh: line 16: node: command not found
Wed Jun 25 13:14:00 CDT 2025: NextJS server is not running. Skipping scheduled reports check.
[2025-06-25T18:14:25.980Z] [INFO] Checking for scheduled reports...
[2025-06-25T18:14:27.403Z] [DEBUG] Connected to MongoDB
[2025-06-25T18:14:27.525Z] [INFO] Found 1 company databases
[2025-06-25T18:14:27.526Z] [DEBUG] Processing company database: company_9jxwph8g
[2025-06-25T18:14:27.625Z] [DEBUG] Finding reports to execute in company_9jxwph8g (current time: 2025-06-25T18:14:27.625Z)
[2025-06-25T18:14:27.687Z] [INFO] Found 0 reports to execute in company_9jxwph8g
[2025-06-25T18:14:27.687Z] [INFO] Scheduled reports check completed
[2025-06-25T18:14:27.690Z] [DEBUG] MongoDB connection closed
[2025-06-25T18:14:55.980Z] [INFO] Checking for scheduled reports...
[2025-06-25T18:14:57.014Z] [DEBUG] Connected to MongoDB
[2025-06-25T18:14:57.117Z] [INFO] Found 1 company databases
[2025-06-25T18:14:57.117Z] [DEBUG] Processing company database: company_9jxwph8g
[2025-06-25T18:14:57.181Z] [DEBUG] Finding reports to execute in company_9jxwph8g (current time: 2025-06-25T18:14:57.181Z)
[2025-06-25T18:14:57.250Z] [INFO] Found 0 reports to execute in company_9jxwph8g
[2025-06-25T18:14:57.251Z] [INFO] Scheduled reports check completed
[2025-06-25T18:14:57.252Z] [DEBUG] MongoDB connection closed
Wed Jun 25 13:15:00 CDT 2025: Checking if NextJS server is running...
Wed Jun 25 13:15:00 CDT 2025: Running scheduled reports
/Users/sim/Project2/scripts/../scripts/run-simple-scheduled-reports.sh: line 16: node: command not found
Wed Jun 25 13:15:00 CDT 2025: NextJS server is not running. Skipping scheduled reports check.
[2025-06-25T18:15:25.979Z] [INFO] Checking for scheduled reports...
[2025-06-25T18:15:26.916Z] [DEBUG] Connected to MongoDB
[2025-06-25T18:15:27.016Z] [INFO] Found 1 company databases
[2025-06-25T18:15:27.017Z] [DEBUG] Processing company database: company_9jxwph8g
[2025-06-25T18:15:27.092Z] [DEBUG] Finding reports to execute in company_9jxwph8g (current time: 2025-06-25T18:15:27.092Z)
[2025-06-25T18:15:27.232Z] [INFO] Found 0 reports to execute in company_9jxwph8g
[2025-06-25T18:15:27.233Z] [INFO] Scheduled reports check completed
[2025-06-25T18:15:27.235Z] [DEBUG] MongoDB connection closed
[2025-06-25T18:15:55.978Z] [INFO] Checking for scheduled reports...
[2025-06-25T18:15:57.252Z] [DEBUG] Connected to MongoDB
[2025-06-25T18:15:57.338Z] [INFO] Found 1 company databases
[2025-06-25T18:15:57.338Z] [DEBUG] Processing company database: company_9jxwph8g
[2025-06-25T18:15:57.398Z] [DEBUG] Finding reports to execute in company_9jxwph8g (current time: 2025-06-25T18:15:57.398Z)
[2025-06-25T18:15:57.490Z] [INFO] Found 0 reports to execute in company_9jxwph8g
[2025-06-25T18:15:57.490Z] [INFO] Scheduled reports check completed
[2025-06-25T18:15:57.492Z] [DEBUG] MongoDB connection closed
Wed Jun 25 13:16:00 CDT 2025: Checking if NextJS server is running...
Wed Jun 25 13:16:00 CDT 2025: Running scheduled reports
/Users/sim/Project2/scripts/../scripts/run-simple-scheduled-reports.sh: line 16: node: command not found
Wed Jun 25 13:16:00 CDT 2025: NextJS server is not running. Skipping scheduled reports check.
[2025-06-25T18:16:25.977Z] [INFO] Checking for scheduled reports...
[2025-06-25T18:16:28.855Z] [DEBUG] Connected to MongoDB
[2025-06-25T18:16:28.942Z] [INFO] Found 1 company databases
[2025-06-25T18:16:28.942Z] [DEBUG] Processing company database: company_9jxwph8g
[2025-06-25T18:16:29.031Z] [DEBUG] Finding reports to execute in company_9jxwph8g (current time: 2025-06-25T18:16:29.031Z)
[2025-06-25T18:16:29.132Z] [INFO] Found 0 reports to execute in company_9jxwph8g
[2025-06-25T18:16:29.132Z] [INFO] Scheduled reports check completed
[2025-06-25T18:16:29.135Z] [DEBUG] MongoDB connection closed
[2025-06-25T18:16:55.976Z] [INFO] Checking for scheduled reports...
[2025-06-25T18:16:56.882Z] [DEBUG] Connected to MongoDB
[2025-06-25T18:16:56.951Z] [INFO] Found 1 company databases
[2025-06-25T18:16:56.952Z] [DEBUG] Processing company database: company_9jxwph8g
[2025-06-25T18:16:57.016Z] [DEBUG] Finding reports to execute in company_9jxwph8g (current time: 2025-06-25T18:16:57.016Z)
[2025-06-25T18:16:57.077Z] [INFO] Found 0 reports to execute in company_9jxwph8g
[2025-06-25T18:16:57.078Z] [INFO] Scheduled reports check completed
[2025-06-25T18:16:57.079Z] [DEBUG] MongoDB connection closed
Wed Jun 25 13:17:01 CDT 2025: Running scheduled reports
Wed Jun 25 13:17:01 CDT 2025: Checking if NextJS server is running...
/Users/sim/Project2/scripts/../scripts/run-simple-scheduled-reports.sh: line 16: node: command not found
Wed Jun 25 13:17:01 CDT 2025: NextJS server is not running. Skipping scheduled reports check.
[2025-06-25T18:17:25.976Z] [INFO] Checking for scheduled reports...
[2025-06-25T18:17:26.942Z] [DEBUG] Connected to MongoDB
[2025-06-25T18:17:27.062Z] [INFO] Found 1 company databases
[2025-06-25T18:17:27.063Z] [DEBUG] Processing company database: company_9jxwph8g
[2025-06-25T18:17:27.139Z] [DEBUG] Finding reports to execute in company_9jxwph8g (current time: 2025-06-25T18:17:27.139Z)
[2025-06-25T18:17:27.257Z] [INFO] Found 0 reports to execute in company_9jxwph8g
[2025-06-25T18:17:27.257Z] [INFO] Scheduled reports check completed
[2025-06-25T18:17:27.259Z] [DEBUG] MongoDB connection closed
[2025-06-25T18:17:55.975Z] [INFO] Checking for scheduled reports...
[2025-06-25T18:17:56.883Z] [DEBUG] Connected to MongoDB
[2025-06-25T18:17:56.968Z] [INFO] Found 1 company databases
[2025-06-25T18:17:56.968Z] [DEBUG] Processing company database: company_9jxwph8g
[2025-06-25T18:17:57.035Z] [DEBUG] Finding reports to execute in company_9jxwph8g (current time: 2025-06-25T18:17:57.035Z)
[2025-06-25T18:17:57.104Z] [INFO] Found 0 reports to execute in company_9jxwph8g
[2025-06-25T18:17:57.104Z] [INFO] Scheduled reports check completed
[2025-06-25T18:17:57.106Z] [DEBUG] MongoDB connection closed
Wed Jun 25 13:18:00 CDT 2025: Running scheduled reports
Wed Jun 25 13:18:00 CDT 2025: Checking if NextJS server is running...
/Users/sim/Project2/scripts/../scripts/run-simple-scheduled-reports.sh: line 16: node: command not found
Wed Jun 25 13:18:00 CDT 2025: NextJS server is not running. Skipping scheduled reports check.
[2025-06-25T18:18:25.975Z] [INFO] Checking for scheduled reports...
[2025-06-25T18:18:26.889Z] [DEBUG] Connected to MongoDB
[2025-06-25T18:18:26.986Z] [INFO] Found 1 company databases
[2025-06-25T18:18:26.986Z] [DEBUG] Processing company database: company_9jxwph8g
[2025-06-25T18:18:27.307Z] [DEBUG] Finding reports to execute in company_9jxwph8g (current time: 2025-06-25T18:18:27.307Z)
[2025-06-25T18:18:27.422Z] [INFO] Found 0 reports to execute in company_9jxwph8g
[2025-06-25T18:18:27.422Z] [INFO] Scheduled reports check completed
[2025-06-25T18:18:27.424Z] [DEBUG] MongoDB connection closed
[2025-06-25T18:18:55.975Z] [INFO] Checking for scheduled reports...
[2025-06-25T18:18:57.497Z] [DEBUG] Connected to MongoDB
[2025-06-25T18:18:57.622Z] [INFO] Found 1 company databases
[2025-06-25T18:18:57.623Z] [DEBUG] Processing company database: company_9jxwph8g
[2025-06-25T18:18:57.744Z] [DEBUG] Finding reports to execute in company_9jxwph8g (current time: 2025-06-25T18:18:57.744Z)
[2025-06-25T18:18:57.885Z] [INFO] Found 0 reports to execute in company_9jxwph8g
[2025-06-25T18:18:57.886Z] [INFO] Scheduled reports check completed
[2025-06-25T18:18:57.888Z] [DEBUG] MongoDB connection closed
Wed Jun 25 13:19:00 CDT 2025: Running scheduled reports
Wed Jun 25 13:19:00 CDT 2025: Checking if NextJS server is running...
/Users/sim/Project2/scripts/../scripts/run-simple-scheduled-reports.sh: line 16: node: command not found
Wed Jun 25 13:19:00 CDT 2025: NextJS server is not running. Skipping scheduled reports check.
[2025-06-25T18:19:26.055Z] [INFO] Checking for scheduled reports...
[2025-06-25T18:19:27.757Z] [DEBUG] Connected to MongoDB
[2025-06-25T18:19:27.833Z] [INFO] Found 1 company databases
[2025-06-25T18:19:27.834Z] [DEBUG] Processing company database: company_9jxwph8g
[2025-06-25T18:19:27.905Z] [DEBUG] Finding reports to execute in company_9jxwph8g (current time: 2025-06-25T18:19:27.905Z)
[2025-06-25T18:19:27.967Z] [INFO] Found 0 reports to execute in company_9jxwph8g
[2025-06-25T18:19:27.967Z] [INFO] Scheduled reports check completed
[2025-06-25T18:19:27.970Z] [DEBUG] MongoDB connection closed
[2025-06-25T18:19:56.056Z] [INFO] Checking for scheduled reports...
[2025-06-25T18:19:56.943Z] [DEBUG] Connected to MongoDB
[2025-06-25T18:19:57.015Z] [INFO] Found 1 company databases
[2025-06-25T18:19:57.016Z] [DEBUG] Processing company database: company_9jxwph8g
[2025-06-25T18:19:57.076Z] [DEBUG] Finding reports to execute in company_9jxwph8g (current time: 2025-06-25T18:19:57.076Z)
[2025-06-25T18:19:57.132Z] [INFO] Found 0 reports to execute in company_9jxwph8g
[2025-06-25T18:19:57.133Z] [INFO] Scheduled reports check completed
[2025-06-25T18:19:57.135Z] [DEBUG] MongoDB connection closed
Wed Jun 25 13:20:00 CDT 2025: Checking if NextJS server is running...
Wed Jun 25 13:20:00 CDT 2025: Running scheduled reports
/Users/sim/Project2/scripts/../scripts/run-simple-scheduled-reports.sh: line 16: node: command not found
Wed Jun 25 13:20:00 CDT 2025: NextJS server is not running. Skipping scheduled reports check.
[2025-06-25T18:20:26.056Z] [INFO] Checking for scheduled reports...
[2025-06-25T18:20:27.063Z] [DEBUG] Connected to MongoDB
[2025-06-25T18:20:27.144Z] [INFO] Found 1 company databases
[2025-06-25T18:20:27.145Z] [DEBUG] Processing company database: company_9jxwph8g
[2025-06-25T18:20:27.204Z] [DEBUG] Finding reports to execute in company_9jxwph8g (current time: 2025-06-25T18:20:27.204Z)
[2025-06-25T18:20:27.267Z] [INFO] Found 0 reports to execute in company_9jxwph8g
[2025-06-25T18:20:27.268Z] [INFO] Scheduled reports check completed
[2025-06-25T18:20:27.270Z] [DEBUG] MongoDB connection closed
[2025-06-25T18:20:56.056Z] [INFO] Checking for scheduled reports...
[2025-06-25T18:20:56.869Z] [DEBUG] Connected to MongoDB
[2025-06-25T18:20:57.026Z] [INFO] Found 1 company databases
[2025-06-25T18:20:57.026Z] [DEBUG] Processing company database: company_9jxwph8g
[2025-06-25T18:20:57.119Z] [DEBUG] Finding reports to execute in company_9jxwph8g (current time: 2025-06-25T18:20:57.119Z)
[2025-06-25T18:20:57.176Z] [INFO] Found 0 reports to execute in company_9jxwph8g
[2025-06-25T18:20:57.177Z] [INFO] Scheduled reports check completed
[2025-06-25T18:20:57.179Z] [DEBUG] MongoDB connection closed
Wed Jun 25 13:21:00 CDT 2025: Running scheduled reports
Wed Jun 25 13:21:00 CDT 2025: Checking if NextJS server is running...
/Users/sim/Project2/scripts/../scripts/run-simple-scheduled-reports.sh: line 16: node: command not found
Wed Jun 25 13:21:00 CDT 2025: NextJS server is not running. Skipping scheduled reports check.
[2025-06-25T18:21:26.058Z] [INFO] Checking for scheduled reports...
[2025-06-25T18:21:28.258Z] [DEBUG] Connected to MongoDB
[2025-06-25T18:21:28.367Z] [INFO] Found 1 company databases
[2025-06-25T18:21:28.367Z] [DEBUG] Processing company database: company_9jxwph8g
[2025-06-25T18:21:28.487Z] [DEBUG] Finding reports to execute in company_9jxwph8g (current time: 2025-06-25T18:21:28.487Z)
[2025-06-25T18:21:28.623Z] [INFO] Found 0 reports to execute in company_9jxwph8g
[2025-06-25T18:21:28.623Z] [INFO] Scheduled reports check completed
[2025-06-25T18:21:28.625Z] [DEBUG] MongoDB connection closed
[2025-06-25T18:21:56.059Z] [INFO] Checking for scheduled reports...
[2025-06-25T18:21:57.007Z] [DEBUG] Connected to MongoDB
[2025-06-25T18:21:57.155Z] [INFO] Found 1 company databases
[2025-06-25T18:21:57.155Z] [DEBUG] Processing company database: company_9jxwph8g
[2025-06-25T18:21:57.250Z] [DEBUG] Finding reports to execute in company_9jxwph8g (current time: 2025-06-25T18:21:57.250Z)
[2025-06-25T18:21:57.389Z] [INFO] Found 0 reports to execute in company_9jxwph8g
[2025-06-25T18:21:57.390Z] [INFO] Scheduled reports check completed
[2025-06-25T18:21:57.393Z] [DEBUG] MongoDB connection closed
Wed Jun 25 13:22:00 CDT 2025: Running scheduled reports
Wed Jun 25 13:22:00 CDT 2025: Checking if NextJS server is running...
/Users/sim/Project2/scripts/../scripts/run-simple-scheduled-reports.sh: line 16: node: command not found
Wed Jun 25 13:22:00 CDT 2025: NextJS server is not running. Skipping scheduled reports check.
[2025-06-25T18:22:26.060Z] [INFO] Checking for scheduled reports...
[2025-06-25T18:22:28.170Z] [DEBUG] Connected to MongoDB
[2025-06-25T18:22:28.314Z] [INFO] Found 1 company databases
[2025-06-25T18:22:28.315Z] [DEBUG] Processing company database: company_9jxwph8g
[2025-06-25T18:22:28.400Z] [DEBUG] Finding reports to execute in company_9jxwph8g (current time: 2025-06-25T18:22:28.400Z)
[2025-06-25T18:22:28.501Z] [INFO] Found 0 reports to execute in company_9jxwph8g
[2025-06-25T18:22:28.502Z] [INFO] Scheduled reports check completed
[2025-06-25T18:22:28.504Z] [DEBUG] MongoDB connection closed
[2025-06-25T18:22:56.062Z] [INFO] Checking for scheduled reports...
[2025-06-25T18:22:56.938Z] [DEBUG] Connected to MongoDB
[2025-06-25T18:22:57.066Z] [INFO] Found 1 company databases
[2025-06-25T18:22:57.067Z] [DEBUG] Processing company database: company_9jxwph8g
[2025-06-25T18:22:57.187Z] [DEBUG] Finding reports to execute in company_9jxwph8g (current time: 2025-06-25T18:22:57.187Z)
[2025-06-25T18:22:57.262Z] [INFO] Found 0 reports to execute in company_9jxwph8g
[2025-06-25T18:22:57.262Z] [INFO] Scheduled reports check completed
[2025-06-25T18:22:57.265Z] [DEBUG] MongoDB connection closed
Wed Jun 25 13:23:00 CDT 2025: Running scheduled reports
Wed Jun 25 13:23:00 CDT 2025: Checking if NextJS server is running...
/Users/sim/Project2/scripts/../scripts/run-simple-scheduled-reports.sh: line 16: node: command not found
Wed Jun 25 13:23:00 CDT 2025: NextJS server is not running. Skipping scheduled reports check.
[2025-06-25T18:23:26.063Z] [INFO] Checking for scheduled reports...
[2025-06-25T18:23:26.809Z] [DEBUG] Connected to MongoDB
[2025-06-25T18:23:26.914Z] [INFO] Found 1 company databases
[2025-06-25T18:23:26.914Z] [DEBUG] Processing company database: company_9jxwph8g
[2025-06-25T18:23:27.141Z] [DEBUG] Finding reports to execute in company_9jxwph8g (current time: 2025-06-25T18:23:27.141Z)
[2025-06-25T18:23:27.200Z] [INFO] Found 0 reports to execute in company_9jxwph8g
[2025-06-25T18:23:27.200Z] [INFO] Scheduled reports check completed
[2025-06-25T18:23:27.202Z] [DEBUG] MongoDB connection closed
[2025-06-25T18:23:56.063Z] [INFO] Checking for scheduled reports...
[2025-06-25T18:23:58.485Z] [DEBUG] Connected to MongoDB
[2025-06-25T18:23:58.605Z] [INFO] Found 1 company databases
[2025-06-25T18:23:58.606Z] [DEBUG] Processing company database: company_9jxwph8g
[2025-06-25T18:23:58.716Z] [DEBUG] Finding reports to execute in company_9jxwph8g (current time: 2025-06-25T18:23:58.716Z)
[2025-06-25T18:23:58.854Z] [INFO] Found 0 reports to execute in company_9jxwph8g
[2025-06-25T18:23:58.855Z] [INFO] Scheduled reports check completed
[2025-06-25T18:23:58.857Z] [DEBUG] MongoDB connection closed
Wed Jun 25 13:24:01 CDT 2025: Checking if NextJS server is running...
Wed Jun 25 13:24:01 CDT 2025: Running scheduled reports
/Users/sim/Project2/scripts/../scripts/run-simple-scheduled-reports.sh: line 16: node: command not found
Wed Jun 25 13:24:01 CDT 2025: NextJS server is not running. Skipping scheduled reports check.
[2025-06-25T18:24:26.064Z] [INFO] Checking for scheduled reports...
[2025-06-25T18:24:28.514Z] [DEBUG] Connected to MongoDB
[2025-06-25T18:24:28.594Z] [INFO] Found 1 company databases
[2025-06-25T18:24:28.595Z] [DEBUG] Processing company database: company_9jxwph8g
[2025-06-25T18:24:28.666Z] [DEBUG] Finding reports to execute in company_9jxwph8g (current time: 2025-06-25T18:24:28.666Z)
[2025-06-25T18:24:28.769Z] [INFO] Found 0 reports to execute in company_9jxwph8g
[2025-06-25T18:24:28.770Z] [INFO] Scheduled reports check completed
[2025-06-25T18:24:28.772Z] [DEBUG] MongoDB connection closed
[2025-06-25T18:24:56.064Z] [INFO] Checking for scheduled reports...
[2025-06-25T18:24:57.109Z] [DEBUG] Connected to MongoDB
[2025-06-25T18:24:57.196Z] [INFO] Found 1 company databases
[2025-06-25T18:24:57.197Z] [DEBUG] Processing company database: company_9jxwph8g
[2025-06-25T18:24:57.497Z] [DEBUG] Finding reports to execute in company_9jxwph8g (current time: 2025-06-25T18:24:57.497Z)
[2025-06-25T18:24:57.863Z] [INFO] Found 0 reports to execute in company_9jxwph8g
[2025-06-25T18:24:57.864Z] [INFO] Scheduled reports check completed
[2025-06-25T18:24:57.866Z] [DEBUG] MongoDB connection closed
Wed Jun 25 13:25:00 CDT 2025: Checking if NextJS server is running...
Wed Jun 25 13:25:00 CDT 2025: Running scheduled reports
/Users/sim/Project2/scripts/../scripts/run-simple-scheduled-reports.sh: line 16: node: command not found
Wed Jun 25 13:25:00 CDT 2025: NextJS server is not running. Skipping scheduled reports check.
[2025-06-25T18:25:26.064Z] [INFO] Checking for scheduled reports...
[2025-06-25T18:25:27.625Z] [DEBUG] Connected to MongoDB
[2025-06-25T18:25:27.708Z] [INFO] Found 1 company databases
[2025-06-25T18:25:27.708Z] [DEBUG] Processing company database: company_9jxwph8g
[2025-06-25T18:25:27.812Z] [DEBUG] Finding reports to execute in company_9jxwph8g (current time: 2025-06-25T18:25:27.812Z)
[2025-06-25T18:25:27.941Z] [INFO] Found 0 reports to execute in company_9jxwph8g
[2025-06-25T18:25:27.942Z] [INFO] Scheduled reports check completed
[2025-06-25T18:25:27.944Z] [DEBUG] MongoDB connection closed
[2025-06-25T18:25:56.064Z] [INFO] Checking for scheduled reports...
[2025-06-25T18:25:57.873Z] [DEBUG] Connected to MongoDB
[2025-06-25T18:25:58.001Z] [INFO] Found 1 company databases
[2025-06-25T18:25:58.001Z] [DEBUG] Processing company database: company_9jxwph8g
[2025-06-25T18:25:58.073Z] [DEBUG] Finding reports to execute in company_9jxwph8g (current time: 2025-06-25T18:25:58.073Z)
[2025-06-25T18:25:58.169Z] [INFO] Found 0 reports to execute in company_9jxwph8g
[2025-06-25T18:25:58.170Z] [INFO] Scheduled reports check completed
[2025-06-25T18:25:58.172Z] [DEBUG] MongoDB connection closed
Wed Jun 25 13:26:00 CDT 2025: Running scheduled reports
Wed Jun 25 13:26:00 CDT 2025: Checking if NextJS server is running...
/Users/sim/Project2/scripts/../scripts/run-simple-scheduled-reports.sh: line 16: node: command not found
Wed Jun 25 13:26:00 CDT 2025: NextJS server is not running. Skipping scheduled reports check.
[2025-06-25T18:26:26.064Z] [INFO] Checking for scheduled reports...
[2025-06-25T18:26:27.008Z] [DEBUG] Connected to MongoDB
[2025-06-25T18:26:27.077Z] [INFO] Found 1 company databases
[2025-06-25T18:26:27.077Z] [DEBUG] Processing company database: company_9jxwph8g
[2025-06-25T18:26:27.167Z] [DEBUG] Finding reports to execute in company_9jxwph8g (current time: 2025-06-25T18:26:27.167Z)
[2025-06-25T18:26:27.272Z] [INFO] Found 0 reports to execute in company_9jxwph8g
[2025-06-25T18:26:27.273Z] [INFO] Scheduled reports check completed
[2025-06-25T18:26:27.274Z] [DEBUG] MongoDB connection closed
[2025-06-25T18:26:56.064Z] [INFO] Checking for scheduled reports...
[2025-06-25T18:26:57.018Z] [DEBUG] Connected to MongoDB
[2025-06-25T18:26:57.089Z] [INFO] Found 1 company databases
[2025-06-25T18:26:57.089Z] [DEBUG] Processing company database: company_9jxwph8g
[2025-06-25T18:26:57.151Z] [DEBUG] Finding reports to execute in company_9jxwph8g (current time: 2025-06-25T18:26:57.151Z)
[2025-06-25T18:26:57.208Z] [INFO] Found 0 reports to execute in company_9jxwph8g
[2025-06-25T18:26:57.209Z] [INFO] Scheduled reports check completed
[2025-06-25T18:26:57.211Z] [DEBUG] MongoDB connection closed
Wed Jun 25 13:27:00 CDT 2025: Checking if NextJS server is running...
Wed Jun 25 13:27:00 CDT 2025: Running scheduled reports
/Users/sim/Project2/scripts/../scripts/run-simple-scheduled-reports.sh: line 16: node: command not found
Wed Jun 25 13:27:00 CDT 2025: NextJS server is not running. Skipping scheduled reports check.
[2025-06-25T18:27:26.064Z] [INFO] Checking for scheduled reports...
[2025-06-25T18:27:26.973Z] [DEBUG] Connected to MongoDB
[2025-06-25T18:27:27.099Z] [INFO] Found 1 company databases
[2025-06-25T18:27:27.099Z] [DEBUG] Processing company database: company_9jxwph8g
[2025-06-25T18:27:27.232Z] [DEBUG] Finding reports to execute in company_9jxwph8g (current time: 2025-06-25T18:27:27.232Z)
[2025-06-25T18:27:27.365Z] [INFO] Found 0 reports to execute in company_9jxwph8g
[2025-06-25T18:27:27.366Z] [INFO] Scheduled reports check completed
[2025-06-25T18:27:27.368Z] [DEBUG] MongoDB connection closed
[2025-06-25T18:27:56.064Z] [INFO] Checking for scheduled reports...
[2025-06-25T18:27:57.019Z] [DEBUG] Connected to MongoDB
[2025-06-25T18:27:57.113Z] [INFO] Found 1 company databases
[2025-06-25T18:27:57.114Z] [DEBUG] Processing company database: company_9jxwph8g
[2025-06-25T18:27:57.232Z] [DEBUG] Finding reports to execute in company_9jxwph8g (current time: 2025-06-25T18:27:57.232Z)
[2025-06-25T18:27:57.938Z] [INFO] Found 0 reports to execute in company_9jxwph8g
[2025-06-25T18:27:57.939Z] [INFO] Scheduled reports check completed
[2025-06-25T18:27:57.941Z] [DEBUG] MongoDB connection closed
Wed Jun 25 13:28:00 CDT 2025: Running scheduled reports
Wed Jun 25 13:28:00 CDT 2025: Checking if NextJS server is running...
/Users/sim/Project2/scripts/../scripts/run-simple-scheduled-reports.sh: line 16: node: command not found
Wed Jun 25 13:28:00 CDT 2025: NextJS server is not running. Skipping scheduled reports check.
[2025-06-25T18:28:26.064Z] [INFO] Checking for scheduled reports...
[2025-06-25T18:28:27.395Z] [DEBUG] Connected to MongoDB
[2025-06-25T18:28:27.517Z] [INFO] Found 1 company databases
[2025-06-25T18:28:27.517Z] [DEBUG] Processing company database: company_9jxwph8g
[2025-06-25T18:28:27.576Z] [DEBUG] Finding reports to execute in company_9jxwph8g (current time: 2025-06-25T18:28:27.576Z)
[2025-06-25T18:28:27.635Z] [INFO] Found 0 reports to execute in company_9jxwph8g
[2025-06-25T18:28:27.635Z] [INFO] Scheduled reports check completed
[2025-06-25T18:28:27.637Z] [DEBUG] MongoDB connection closed
[2025-06-25T18:28:56.064Z] [INFO] Checking for scheduled reports...
[2025-06-25T18:28:57.095Z] [DEBUG] Connected to MongoDB
[2025-06-25T18:28:57.176Z] [INFO] Found 1 company databases
[2025-06-25T18:28:57.176Z] [DEBUG] Processing company database: company_9jxwph8g
[2025-06-25T18:28:57.257Z] [DEBUG] Finding reports to execute in company_9jxwph8g (current time: 2025-06-25T18:28:57.257Z)
[2025-06-25T18:28:57.374Z] [INFO] Found 0 reports to execute in company_9jxwph8g
[2025-06-25T18:28:57.375Z] [INFO] Scheduled reports check completed
[2025-06-25T18:28:57.379Z] [DEBUG] MongoDB connection closed
Wed Jun 25 13:29:00 CDT 2025: Checking if NextJS server is running...
Wed Jun 25 13:29:00 CDT 2025: Running scheduled reports
/Users/sim/Project2/scripts/../scripts/run-simple-scheduled-reports.sh: line 16: node: command not found
Wed Jun 25 13:29:00 CDT 2025: NextJS server is not running. Skipping scheduled reports check.
[2025-06-25T18:29:26.064Z] [INFO] Checking for scheduled reports...
[2025-06-25T18:29:27.285Z] [DEBUG] Connected to MongoDB
[2025-06-25T18:29:27.667Z] [INFO] Found 1 company databases
[2025-06-25T18:29:27.668Z] [DEBUG] Processing company database: company_9jxwph8g
[2025-06-25T18:29:27.796Z] [DEBUG] Finding reports to execute in company_9jxwph8g (current time: 2025-06-25T18:29:27.796Z)
[2025-06-25T18:29:27.869Z] [INFO] Found 0 reports to execute in company_9jxwph8g
[2025-06-25T18:29:27.871Z] [INFO] Scheduled reports check completed
[2025-06-25T18:29:27.874Z] [DEBUG] MongoDB connection closed
[2025-06-25T18:29:56.063Z] [INFO] Checking for scheduled reports...
Wed Jun 25 13:30:00 CDT 2025: Running scheduled reports
Wed Jun 25 13:30:00 CDT 2025: Checking if NextJS server is running...
/Users/sim/Project2/scripts/../scripts/run-simple-scheduled-reports.sh: line 16: node: command not found
Wed Jun 25 13:30:00 CDT 2025: NextJS server is not running. Skipping scheduled reports check.
[2025-06-25T18:30:01.220Z] [DEBUG] Connected to MongoDB
[2025-06-25T18:30:01.318Z] [INFO] Found 1 company databases
[2025-06-25T18:30:01.319Z] [DEBUG] Processing company database: company_9jxwph8g
[2025-06-25T18:30:01.382Z] [DEBUG] Finding reports to execute in company_9jxwph8g (current time: 2025-06-25T18:30:01.382Z)
[2025-06-25T18:30:01.444Z] [INFO] Found 0 reports to execute in company_9jxwph8g
[2025-06-25T18:30:01.444Z] [INFO] Scheduled reports check completed
[2025-06-25T18:30:01.446Z] [DEBUG] MongoDB connection closed
[2025-06-25T18:30:26.063Z] [INFO] Checking for scheduled reports...
[2025-06-25T18:30:27.378Z] [DEBUG] Connected to MongoDB
[2025-06-25T18:30:27.491Z] [INFO] Found 1 company databases
[2025-06-25T18:30:27.491Z] [DEBUG] Processing company database: company_9jxwph8g
[2025-06-25T18:30:27.568Z] [DEBUG] Finding reports to execute in company_9jxwph8g (current time: 2025-06-25T18:30:27.568Z)
[2025-06-25T18:30:27.655Z] [INFO] Found 0 reports to execute in company_9jxwph8g
[2025-06-25T18:30:27.655Z] [INFO] Scheduled reports check completed
[2025-06-25T18:30:27.657Z] [DEBUG] MongoDB connection closed
[2025-06-25T18:30:56.064Z] [INFO] Checking for scheduled reports...
[2025-06-25T18:30:57.113Z] [DEBUG] Connected to MongoDB
[2025-06-25T18:30:57.206Z] [INFO] Found 1 company databases
[2025-06-25T18:30:57.206Z] [DEBUG] Processing company database: company_9jxwph8g
[2025-06-25T18:30:57.340Z] [DEBUG] Finding reports to execute in company_9jxwph8g (current time: 2025-06-25T18:30:57.340Z)
[2025-06-25T18:30:57.456Z] [INFO] Found 0 reports to execute in company_9jxwph8g
[2025-06-25T18:30:57.456Z] [INFO] Scheduled reports check completed
[2025-06-25T18:30:57.458Z] [DEBUG] MongoDB connection closed
Wed Jun 25 13:31:00 CDT 2025: Running scheduled reports
Wed Jun 25 13:31:00 CDT 2025: Checking if NextJS server is running...
/Users/sim/Project2/scripts/../scripts/run-simple-scheduled-reports.sh: line 16: node: command not found
Wed Jun 25 13:31:00 CDT 2025: NextJS server is not running. Skipping scheduled reports check.
[2025-06-25T18:31:26.064Z] [INFO] Checking for scheduled reports...
[2025-06-25T18:31:27.857Z] [DEBUG] Connected to MongoDB
[2025-06-25T18:31:27.932Z] [INFO] Found 1 company databases
[2025-06-25T18:31:27.933Z] [DEBUG] Processing company database: company_9jxwph8g
[2025-06-25T18:31:28.088Z] [DEBUG] Finding reports to execute in company_9jxwph8g (current time: 2025-06-25T18:31:28.088Z)
[2025-06-25T18:31:28.161Z] [INFO] Found 0 reports to execute in company_9jxwph8g
[2025-06-25T18:31:28.162Z] [INFO] Scheduled reports check completed
[2025-06-25T18:31:28.163Z] [DEBUG] MongoDB connection closed
[2025-06-25T18:31:56.064Z] [INFO] Checking for scheduled reports...
[2025-06-25T18:31:58.126Z] [DEBUG] Connected to MongoDB
[2025-06-25T18:31:58.235Z] [INFO] Found 1 company databases
[2025-06-25T18:31:58.236Z] [DEBUG] Processing company database: company_9jxwph8g
[2025-06-25T18:31:58.435Z] [DEBUG] Finding reports to execute in company_9jxwph8g (current time: 2025-06-25T18:31:58.435Z)
[2025-06-25T18:31:58.615Z] [INFO] Found 0 reports to execute in company_9jxwph8g
[2025-06-25T18:31:58.615Z] [INFO] Scheduled reports check completed
[2025-06-25T18:31:58.617Z] [DEBUG] MongoDB connection closed
Wed Jun 25 13:32:01 CDT 2025: Checking if NextJS server is running...
Wed Jun 25 13:32:01 CDT 2025: Running scheduled reports
/Users/sim/Project2/scripts/../scripts/run-simple-scheduled-reports.sh: line 16: node: command not found
Wed Jun 25 13:32:01 CDT 2025: NextJS server is not running. Skipping scheduled reports check.
[2025-06-25T18:32:26.063Z] [INFO] Checking for scheduled reports...
[2025-06-25T18:32:27.553Z] [DEBUG] Connected to MongoDB
[2025-06-25T18:32:27.704Z] [INFO] Found 1 company databases
[2025-06-25T18:32:27.705Z] [DEBUG] Processing company database: company_9jxwph8g
[2025-06-25T18:32:27.907Z] [DEBUG] Finding reports to execute in company_9jxwph8g (current time: 2025-06-25T18:32:27.907Z)
[2025-06-25T18:32:28.064Z] [INFO] Found 0 reports to execute in company_9jxwph8g
[2025-06-25T18:32:28.065Z] [INFO] Scheduled reports check completed
[2025-06-25T18:32:28.067Z] [DEBUG] MongoDB connection closed
[2025-06-25T18:32:56.063Z] [INFO] Checking for scheduled reports...
[2025-06-25T18:32:57.041Z] [DEBUG] Connected to MongoDB
[2025-06-25T18:32:57.136Z] [INFO] Found 1 company databases
[2025-06-25T18:32:57.137Z] [DEBUG] Processing company database: company_9jxwph8g
[2025-06-25T18:32:57.221Z] [DEBUG] Finding reports to execute in company_9jxwph8g (current time: 2025-06-25T18:32:57.220Z)
[2025-06-25T18:32:57.319Z] [INFO] Found 0 reports to execute in company_9jxwph8g
[2025-06-25T18:32:57.320Z] [INFO] Scheduled reports check completed
[2025-06-25T18:32:57.321Z] [DEBUG] MongoDB connection closed
Wed Jun 25 13:33:00 CDT 2025: Running scheduled reports
Wed Jun 25 13:33:00 CDT 2025: Checking if NextJS server is running...
/Users/sim/Project2/scripts/../scripts/run-simple-scheduled-reports.sh: line 16: node: command not found
Wed Jun 25 13:33:00 CDT 2025: NextJS server is not running. Skipping scheduled reports check.
[2025-06-25T18:33:26.063Z] [INFO] Checking for scheduled reports...
[2025-06-25T18:33:28.414Z] [DEBUG] Connected to MongoDB
[2025-06-25T18:33:28.485Z] [INFO] Found 1 company databases
[2025-06-25T18:33:28.486Z] [DEBUG] Processing company database: company_9jxwph8g
[2025-06-25T18:33:28.579Z] [DEBUG] Finding reports to execute in company_9jxwph8g (current time: 2025-06-25T18:33:28.579Z)
[2025-06-25T18:33:28.673Z] [INFO] Found 0 reports to execute in company_9jxwph8g
[2025-06-25T18:33:28.673Z] [INFO] Scheduled reports check completed
[2025-06-25T18:33:28.676Z] [DEBUG] MongoDB connection closed
[2025-06-25T18:33:56.063Z] [INFO] Checking for scheduled reports...
[2025-06-25T18:33:57.543Z] [DEBUG] Connected to MongoDB
[2025-06-25T18:33:57.665Z] [INFO] Found 1 company databases
[2025-06-25T18:33:57.666Z] [DEBUG] Processing company database: company_9jxwph8g
[2025-06-25T18:33:57.726Z] [DEBUG] Finding reports to execute in company_9jxwph8g (current time: 2025-06-25T18:33:57.726Z)
[2025-06-25T18:33:57.803Z] [INFO] Found 0 reports to execute in company_9jxwph8g
[2025-06-25T18:33:57.804Z] [INFO] Scheduled reports check completed
[2025-06-25T18:33:57.806Z] [DEBUG] MongoDB connection closed
Wed Jun 25 13:34:00 CDT 2025: Checking if NextJS server is running...
Wed Jun 25 13:34:00 CDT 2025: Running scheduled reports
/Users/sim/Project2/scripts/../scripts/run-simple-scheduled-reports.sh: line 16: node: command not found
Wed Jun 25 13:34:00 CDT 2025: NextJS server is not running. Skipping scheduled reports check.
[2025-06-25T18:34:26.063Z] [INFO] Checking for scheduled reports...
[2025-06-25T18:34:27.254Z] [DEBUG] Connected to MongoDB
[2025-06-25T18:34:27.378Z] [INFO] Found 1 company databases
[2025-06-25T18:34:27.378Z] [DEBUG] Processing company database: company_9jxwph8g
[2025-06-25T18:34:27.449Z] [DEBUG] Finding reports to execute in company_9jxwph8g (current time: 2025-06-25T18:34:27.449Z)
[2025-06-25T18:34:27.517Z] [INFO] Found 0 reports to execute in company_9jxwph8g
[2025-06-25T18:34:27.518Z] [INFO] Scheduled reports check completed
[2025-06-25T18:34:27.520Z] [DEBUG] MongoDB connection closed
[2025-06-25T18:34:56.063Z] [INFO] Checking for scheduled reports...
[2025-06-25T18:34:57.276Z] [DEBUG] Connected to MongoDB
[2025-06-25T18:34:57.415Z] [INFO] Found 1 company databases
[2025-06-25T18:34:57.416Z] [DEBUG] Processing company database: company_9jxwph8g
[2025-06-25T18:34:57.484Z] [DEBUG] Finding reports to execute in company_9jxwph8g (current time: 2025-06-25T18:34:57.484Z)
[2025-06-25T18:34:57.596Z] [INFO] Found 0 reports to execute in company_9jxwph8g
[2025-06-25T18:34:57.596Z] [INFO] Scheduled reports check completed
[2025-06-25T18:34:57.599Z] [DEBUG] MongoDB connection closed
Wed Jun 25 13:35:00 CDT 2025: Checking if NextJS server is running...
Wed Jun 25 13:35:00 CDT 2025: Running scheduled reports
/Users/sim/Project2/scripts/../scripts/run-simple-scheduled-reports.sh: line 16: node: command not found
Wed Jun 25 13:35:00 CDT 2025: NextJS server is not running. Skipping scheduled reports check.
[2025-06-25T18:35:26.063Z] [INFO] Checking for scheduled reports...
[2025-06-25T18:35:28.516Z] [DEBUG] Connected to MongoDB
[2025-06-25T18:35:28.639Z] [INFO] Found 1 company databases
[2025-06-25T18:35:28.639Z] [DEBUG] Processing company database: company_9jxwph8g
[2025-06-25T18:35:28.783Z] [DEBUG] Finding reports to execute in company_9jxwph8g (current time: 2025-06-25T18:35:28.783Z)
[2025-06-25T18:35:28.933Z] [INFO] Found 0 reports to execute in company_9jxwph8g
[2025-06-25T18:35:28.934Z] [INFO] Scheduled reports check completed
[2025-06-25T18:35:28.936Z] [DEBUG] MongoDB connection closed
[2025-06-25T18:35:56.063Z] [INFO] Checking for scheduled reports...
[2025-06-25T18:35:57.105Z] [DEBUG] Connected to MongoDB
[2025-06-25T18:35:57.174Z] [INFO] Found 1 company databases
[2025-06-25T18:35:57.174Z] [DEBUG] Processing company database: company_9jxwph8g
[2025-06-25T18:35:57.241Z] [DEBUG] Finding reports to execute in company_9jxwph8g (current time: 2025-06-25T18:35:57.241Z)
[2025-06-25T18:35:57.359Z] [INFO] Found 0 reports to execute in company_9jxwph8g
[2025-06-25T18:35:57.360Z] [INFO] Scheduled reports check completed
[2025-06-25T18:35:57.361Z] [DEBUG] MongoDB connection closed
Wed Jun 25 13:36:00 CDT 2025: Running scheduled reports
Wed Jun 25 13:36:00 CDT 2025: Checking if NextJS server is running...
/Users/sim/Project2/scripts/../scripts/run-simple-scheduled-reports.sh: line 16: node: command not found
Wed Jun 25 13:36:00 CDT 2025: NextJS server is not running. Skipping scheduled reports check.
[2025-06-25T18:36:26.063Z] [INFO] Checking for scheduled reports...
[2025-06-25T18:36:27.144Z] [DEBUG] Connected to MongoDB
[2025-06-25T18:36:27.222Z] [INFO] Found 1 company databases
[2025-06-25T18:36:27.223Z] [DEBUG] Processing company database: company_9jxwph8g
[2025-06-25T18:36:27.313Z] [DEBUG] Finding reports to execute in company_9jxwph8g (current time: 2025-06-25T18:36:27.313Z)
[2025-06-25T18:36:27.425Z] [INFO] Found 0 reports to execute in company_9jxwph8g
[2025-06-25T18:36:27.426Z] [INFO] Scheduled reports check completed
[2025-06-25T18:36:27.428Z] [DEBUG] MongoDB connection closed
[2025-06-25T18:36:56.063Z] [INFO] Checking for scheduled reports...
[2025-06-25T18:36:56.912Z] [DEBUG] Connected to MongoDB
[2025-06-25T18:36:57.037Z] [INFO] Found 1 company databases
[2025-06-25T18:36:57.038Z] [DEBUG] Processing company database: company_9jxwph8g
[2025-06-25T18:36:57.118Z] [DEBUG] Finding reports to execute in company_9jxwph8g (current time: 2025-06-25T18:36:57.118Z)
[2025-06-25T18:36:57.179Z] [INFO] Found 0 reports to execute in company_9jxwph8g
[2025-06-25T18:36:57.180Z] [INFO] Scheduled reports check completed
[2025-06-25T18:36:57.182Z] [DEBUG] MongoDB connection closed
Wed Jun 25 13:37:00 CDT 2025: Checking if NextJS server is running...
Wed Jun 25 13:37:00 CDT 2025: Running scheduled reports
/Users/sim/Project2/scripts/../scripts/run-simple-scheduled-reports.sh: line 16: node: command not found
Wed Jun 25 13:37:00 CDT 2025: NextJS server is not running. Skipping scheduled reports check.
[2025-06-25T18:37:26.063Z] [INFO] Checking for scheduled reports...
[2025-06-25T18:37:28.483Z] [DEBUG] Connected to MongoDB
[2025-06-25T18:37:28.599Z] [INFO] Found 1 company databases
[2025-06-25T18:37:28.599Z] [DEBUG] Processing company database: company_9jxwph8g
[2025-06-25T18:37:28.656Z] [DEBUG] Finding reports to execute in company_9jxwph8g (current time: 2025-06-25T18:37:28.656Z)
[2025-06-25T18:37:28.720Z] [INFO] Found 0 reports to execute in company_9jxwph8g
[2025-06-25T18:37:28.720Z] [INFO] Scheduled reports check completed
[2025-06-25T18:37:28.722Z] [DEBUG] MongoDB connection closed
[2025-06-25T18:37:56.064Z] [INFO] Checking for scheduled reports...
[2025-06-25T18:37:57.142Z] [DEBUG] Connected to MongoDB
[2025-06-25T18:37:57.233Z] [INFO] Found 1 company databases
[2025-06-25T18:37:57.233Z] [DEBUG] Processing company database: company_9jxwph8g
[2025-06-25T18:37:57.344Z] [DEBUG] Finding reports to execute in company_9jxwph8g (current time: 2025-06-25T18:37:57.344Z)
[2025-06-25T18:37:57.447Z] [INFO] Found 0 reports to execute in company_9jxwph8g
[2025-06-25T18:37:57.448Z] [INFO] Scheduled reports check completed
[2025-06-25T18:37:57.450Z] [DEBUG] MongoDB connection closed
Wed Jun 25 13:38:00 CDT 2025: Checking if NextJS server is running...
Wed Jun 25 13:38:00 CDT 2025: Running scheduled reports
/Users/sim/Project2/scripts/../scripts/run-simple-scheduled-reports.sh: line 16: node: command not found
Wed Jun 25 13:38:00 CDT 2025: NextJS server is not running. Skipping scheduled reports check.
[2025-06-25T18:38:26.064Z] [INFO] Checking for scheduled reports...
[2025-06-25T18:38:28.843Z] [DEBUG] Connected to MongoDB
[2025-06-25T18:38:28.915Z] [INFO] Found 1 company databases
[2025-06-25T18:38:28.915Z] [DEBUG] Processing company database: company_9jxwph8g
[2025-06-25T18:38:28.993Z] [DEBUG] Finding reports to execute in company_9jxwph8g (current time: 2025-06-25T18:38:28.993Z)
[2025-06-25T18:38:29.147Z] [INFO] Found 0 reports to execute in company_9jxwph8g
[2025-06-25T18:38:29.147Z] [INFO] Scheduled reports check completed
[2025-06-25T18:38:29.149Z] [DEBUG] MongoDB connection closed
[2025-06-25T18:38:56.064Z] [INFO] Checking for scheduled reports...
[2025-06-25T18:38:58.578Z] [DEBUG] Connected to MongoDB
[2025-06-25T18:38:58.651Z] [INFO] Found 1 company databases
[2025-06-25T18:38:58.652Z] [DEBUG] Processing company database: company_9jxwph8g
[2025-06-25T18:38:58.718Z] [DEBUG] Finding reports to execute in company_9jxwph8g (current time: 2025-06-25T18:38:58.718Z)
[2025-06-25T18:38:58.777Z] [INFO] Found 0 reports to execute in company_9jxwph8g
[2025-06-25T18:38:58.777Z] [INFO] Scheduled reports check completed
[2025-06-25T18:38:58.779Z] [DEBUG] MongoDB connection closed
Wed Jun 25 13:39:00 CDT 2025: Running scheduled reports
Wed Jun 25 13:39:00 CDT 2025: Checking if NextJS server is running...
/Users/sim/Project2/scripts/../scripts/run-simple-scheduled-reports.sh: line 16: node: command not found
Wed Jun 25 13:39:00 CDT 2025: NextJS server is not running. Skipping scheduled reports check.
[2025-06-25T18:39:26.064Z] [INFO] Checking for scheduled reports...
[2025-06-25T18:39:27.370Z] [DEBUG] Connected to MongoDB
[2025-06-25T18:39:27.489Z] [INFO] Found 1 company databases
[2025-06-25T18:39:27.489Z] [DEBUG] Processing company database: company_9jxwph8g
[2025-06-25T18:39:27.690Z] [DEBUG] Finding reports to execute in company_9jxwph8g (current time: 2025-06-25T18:39:27.690Z)
[2025-06-25T18:39:27.811Z] [INFO] Found 0 reports to execute in company_9jxwph8g
[2025-06-25T18:39:27.811Z] [INFO] Scheduled reports check completed
[2025-06-25T18:39:27.813Z] [DEBUG] MongoDB connection closed
[2025-06-25T18:39:56.065Z] [INFO] Checking for scheduled reports...
[2025-06-25T18:39:57.341Z] [DEBUG] Connected to MongoDB
[2025-06-25T18:39:57.461Z] [INFO] Found 1 company databases
[2025-06-25T18:39:57.462Z] [DEBUG] Processing company database: company_9jxwph8g
[2025-06-25T18:39:57.523Z] [DEBUG] Finding reports to execute in company_9jxwph8g (current time: 2025-06-25T18:39:57.523Z)
[2025-06-25T18:39:57.586Z] [INFO] Found 0 reports to execute in company_9jxwph8g
[2025-06-25T18:39:57.586Z] [INFO] Scheduled reports check completed
[2025-06-25T18:39:57.588Z] [DEBUG] MongoDB connection closed
Wed Jun 25 13:40:00 CDT 2025: Checking if NextJS server is running...
Wed Jun 25 13:40:00 CDT 2025: Running scheduled reports
/Users/sim/Project2/scripts/../scripts/run-simple-scheduled-reports.sh: line 16: node: command not found
Wed Jun 25 13:40:01 CDT 2025: NextJS server is not running. Skipping scheduled reports check.
[2025-06-25T18:40:26.064Z] [INFO] Checking for scheduled reports...
[2025-06-25T18:40:27.082Z] [DEBUG] Connected to MongoDB
[2025-06-25T18:40:27.153Z] [INFO] Found 1 company databases
[2025-06-25T18:40:27.153Z] [DEBUG] Processing company database: company_9jxwph8g
[2025-06-25T18:40:27.211Z] [DEBUG] Finding reports to execute in company_9jxwph8g (current time: 2025-06-25T18:40:27.211Z)
[2025-06-25T18:40:27.304Z] [INFO] Found 0 reports to execute in company_9jxwph8g
[2025-06-25T18:40:27.305Z] [INFO] Scheduled reports check completed
[2025-06-25T18:40:27.306Z] [DEBUG] MongoDB connection closed
[2025-06-25T18:40:56.064Z] [INFO] Checking for scheduled reports...
[2025-06-25T18:40:58.179Z] [DEBUG] Connected to MongoDB
[2025-06-25T18:40:58.248Z] [INFO] Found 1 company databases
[2025-06-25T18:40:58.248Z] [DEBUG] Processing company database: company_9jxwph8g
[2025-06-25T18:40:58.345Z] [DEBUG] Finding reports to execute in company_9jxwph8g (current time: 2025-06-25T18:40:58.344Z)
[2025-06-25T18:40:58.467Z] [INFO] Found 0 reports to execute in company_9jxwph8g
[2025-06-25T18:40:58.468Z] [INFO] Scheduled reports check completed
[2025-06-25T18:40:58.470Z] [DEBUG] MongoDB connection closed
Wed Jun 25 13:41:00 CDT 2025: Running scheduled reports
Wed Jun 25 13:41:00 CDT 2025: Checking if NextJS server is running...
/Users/sim/Project2/scripts/../scripts/run-simple-scheduled-reports.sh: line 16: node: command not found
Wed Jun 25 13:41:00 CDT 2025: NextJS server is not running. Skipping scheduled reports check.
[2025-06-25T18:41:26.063Z] [INFO] Checking for scheduled reports...
[2025-06-25T18:41:28.376Z] [DEBUG] Connected to MongoDB
[2025-06-25T18:41:28.484Z] [INFO] Found 1 company databases
[2025-06-25T18:41:28.485Z] [DEBUG] Processing company database: company_9jxwph8g
[2025-06-25T18:41:28.568Z] [DEBUG] Finding reports to execute in company_9jxwph8g (current time: 2025-06-25T18:41:28.568Z)
[2025-06-25T18:41:28.721Z] [INFO] Found 0 reports to execute in company_9jxwph8g
[2025-06-25T18:41:28.721Z] [INFO] Scheduled reports check completed
[2025-06-25T18:41:28.726Z] [DEBUG] MongoDB connection closed
[2025-06-25T18:41:56.064Z] [INFO] Checking for scheduled reports...
[2025-06-25T18:41:57.664Z] [DEBUG] Connected to MongoDB
[2025-06-25T18:41:57.889Z] [INFO] Found 1 company databases
[2025-06-25T18:41:57.889Z] [DEBUG] Processing company database: company_9jxwph8g
[2025-06-25T18:41:58.015Z] [DEBUG] Finding reports to execute in company_9jxwph8g (current time: 2025-06-25T18:41:58.015Z)
[2025-06-25T18:41:58.431Z] [INFO] Found 0 reports to execute in company_9jxwph8g
[2025-06-25T18:41:58.432Z] [INFO] Scheduled reports check completed
[2025-06-25T18:41:58.433Z] [DEBUG] MongoDB connection closed
Wed Jun 25 13:42:00 CDT 2025: Running scheduled reports
Wed Jun 25 13:42:00 CDT 2025: Checking if NextJS server is running...
/Users/sim/Project2/scripts/../scripts/run-simple-scheduled-reports.sh: line 16: node: command not found
Wed Jun 25 13:42:00 CDT 2025: NextJS server is not running. Skipping scheduled reports check.
[2025-06-25T18:42:26.063Z] [INFO] Checking for scheduled reports...
[2025-06-25T18:42:27.815Z] [DEBUG] Connected to MongoDB
[2025-06-25T18:42:28.351Z] [INFO] Found 1 company databases
[2025-06-25T18:42:28.351Z] [DEBUG] Processing company database: company_9jxwph8g
[2025-06-25T18:42:28.437Z] [DEBUG] Finding reports to execute in company_9jxwph8g (current time: 2025-06-25T18:42:28.437Z)
[2025-06-25T18:42:28.553Z] [INFO] Found 0 reports to execute in company_9jxwph8g
[2025-06-25T18:42:28.554Z] [INFO] Scheduled reports check completed
[2025-06-25T18:42:28.555Z] [DEBUG] MongoDB connection closed
[2025-06-25T18:42:56.064Z] [INFO] Checking for scheduled reports...
[2025-06-25T18:42:57.340Z] [DEBUG] Connected to MongoDB
[2025-06-25T18:42:57.487Z] [INFO] Found 1 company databases
[2025-06-25T18:42:57.488Z] [DEBUG] Processing company database: company_9jxwph8g
[2025-06-25T18:42:57.707Z] [DEBUG] Finding reports to execute in company_9jxwph8g (current time: 2025-06-25T18:42:57.707Z)
[2025-06-25T18:42:57.932Z] [INFO] Found 0 reports to execute in company_9jxwph8g
[2025-06-25T18:42:57.933Z] [INFO] Scheduled reports check completed
[2025-06-25T18:42:57.936Z] [DEBUG] MongoDB connection closed
Wed Jun 25 13:43:00 CDT 2025: Checking if NextJS server is running...
Wed Jun 25 13:43:00 CDT 2025: Running scheduled reports
/Users/sim/Project2/scripts/../scripts/run-simple-scheduled-reports.sh: line 16: node: command not found
Wed Jun 25 13:43:00 CDT 2025: NextJS server is not running. Skipping scheduled reports check.
[2025-06-25T18:43:26.064Z] [INFO] Checking for scheduled reports...
[2025-06-25T18:43:27.125Z] [DEBUG] Connected to MongoDB
[2025-06-25T18:43:27.243Z] [INFO] Found 1 company databases
[2025-06-25T18:43:27.244Z] [DEBUG] Processing company database: company_9jxwph8g
[2025-06-25T18:43:27.315Z] [DEBUG] Finding reports to execute in company_9jxwph8g (current time: 2025-06-25T18:43:27.315Z)
[2025-06-25T18:43:27.490Z] [INFO] Found 0 reports to execute in company_9jxwph8g
[2025-06-25T18:43:27.490Z] [INFO] Scheduled reports check completed
[2025-06-25T18:43:27.493Z] [DEBUG] MongoDB connection closed
[2025-06-25T18:43:56.064Z] [INFO] Checking for scheduled reports...
[2025-06-25T18:43:57.086Z] [DEBUG] Connected to MongoDB
[2025-06-25T18:43:57.163Z] [INFO] Found 1 company databases
[2025-06-25T18:43:57.164Z] [DEBUG] Processing company database: company_9jxwph8g
[2025-06-25T18:43:57.280Z] [DEBUG] Finding reports to execute in company_9jxwph8g (current time: 2025-06-25T18:43:57.280Z)
[2025-06-25T18:43:57.361Z] [INFO] Found 0 reports to execute in company_9jxwph8g
[2025-06-25T18:43:57.361Z] [INFO] Scheduled reports check completed
[2025-06-25T18:43:57.363Z] [DEBUG] MongoDB connection closed
Wed Jun 25 13:44:00 CDT 2025: Checking if NextJS server is running...
Wed Jun 25 13:44:00 CDT 2025: Running scheduled reports
/Users/sim/Project2/scripts/../scripts/run-simple-scheduled-reports.sh: line 16: node: command not found
Wed Jun 25 13:44:00 CDT 2025: NextJS server is not running. Skipping scheduled reports check.
[2025-06-25T18:44:26.064Z] [INFO] Checking for scheduled reports...
[2025-06-25T18:44:27.064Z] [DEBUG] Connected to MongoDB
[2025-06-25T18:44:27.200Z] [INFO] Found 1 company databases
[2025-06-25T18:44:27.200Z] [DEBUG] Processing company database: company_9jxwph8g
[2025-06-25T18:44:27.355Z] [DEBUG] Finding reports to execute in company_9jxwph8g (current time: 2025-06-25T18:44:27.355Z)
[2025-06-25T18:44:27.534Z] [INFO] Found 0 reports to execute in company_9jxwph8g
[2025-06-25T18:44:27.534Z] [INFO] Scheduled reports check completed
[2025-06-25T18:44:27.535Z] [DEBUG] MongoDB connection closed
[2025-06-25T18:44:56.064Z] [INFO] Checking for scheduled reports...
[2025-06-25T18:44:57.021Z] [DEBUG] Connected to MongoDB
[2025-06-25T18:44:57.119Z] [INFO] Found 1 company databases
[2025-06-25T18:44:57.119Z] [DEBUG] Processing company database: company_9jxwph8g
[2025-06-25T18:44:57.181Z] [DEBUG] Finding reports to execute in company_9jxwph8g (current time: 2025-06-25T18:44:57.181Z)
[2025-06-25T18:44:57.250Z] [INFO] Found 0 reports to execute in company_9jxwph8g
[2025-06-25T18:44:57.250Z] [INFO] Scheduled reports check completed
[2025-06-25T18:44:57.251Z] [DEBUG] MongoDB connection closed
Wed Jun 25 13:45:00 CDT 2025: Running scheduled reports
Wed Jun 25 13:45:00 CDT 2025: Checking if NextJS server is running...
/Users/sim/Project2/scripts/../scripts/run-simple-scheduled-reports.sh: line 16: node: command not found
Wed Jun 25 13:45:00 CDT 2025: NextJS server is not running. Skipping scheduled reports check.
[2025-06-25T18:45:26.064Z] [INFO] Checking for scheduled reports...
[2025-06-25T18:45:27.043Z] [DEBUG] Connected to MongoDB
[2025-06-25T18:45:27.198Z] [INFO] Found 1 company databases
[2025-06-25T18:45:27.198Z] [DEBUG] Processing company database: company_9jxwph8g
[2025-06-25T18:45:27.693Z] [DEBUG] Finding reports to execute in company_9jxwph8g (current time: 2025-06-25T18:45:27.693Z)
[2025-06-25T18:45:27.755Z] [INFO] Found 0 reports to execute in company_9jxwph8g
[2025-06-25T18:45:27.755Z] [INFO] Scheduled reports check completed
[2025-06-25T18:45:27.757Z] [DEBUG] MongoDB connection closed
[2025-06-25T18:45:56.065Z] [INFO] Checking for scheduled reports...
[2025-06-25T18:45:57.460Z] [DEBUG] Connected to MongoDB
[2025-06-25T18:45:58.014Z] [INFO] Found 1 company databases
[2025-06-25T18:45:58.015Z] [DEBUG] Processing company database: company_9jxwph8g
[2025-06-25T18:45:58.175Z] [DEBUG] Finding reports to execute in company_9jxwph8g (current time: 2025-06-25T18:45:58.175Z)
[2025-06-25T18:45:58.446Z] [INFO] Found 0 reports to execute in company_9jxwph8g
[2025-06-25T18:45:58.447Z] [INFO] Scheduled reports check completed
[2025-06-25T18:45:58.450Z] [DEBUG] MongoDB connection closed
Wed Jun 25 13:46:00 CDT 2025: Running scheduled reports
Wed Jun 25 13:46:00 CDT 2025: Checking if NextJS server is running...
/Users/sim/Project2/scripts/../scripts/run-simple-scheduled-reports.sh: line 16: node: command not found
Wed Jun 25 13:46:00 CDT 2025: NextJS server is not running. Skipping scheduled reports check.
[2025-06-25T18:46:26.064Z] [INFO] Checking for scheduled reports...
[2025-06-25T18:46:27.346Z] [DEBUG] Connected to MongoDB
[2025-06-25T18:46:27.478Z] [INFO] Found 1 company databases
[2025-06-25T18:46:27.478Z] [DEBUG] Processing company database: company_9jxwph8g
[2025-06-25T18:46:27.602Z] [DEBUG] Finding reports to execute in company_9jxwph8g (current time: 2025-06-25T18:46:27.602Z)
[2025-06-25T18:46:27.779Z] [INFO] Found 0 reports to execute in company_9jxwph8g
[2025-06-25T18:46:27.779Z] [INFO] Scheduled reports check completed
[2025-06-25T18:46:27.781Z] [DEBUG] MongoDB connection closed
[2025-06-25T18:46:56.064Z] [INFO] Checking for scheduled reports...
[2025-06-25T18:46:56.989Z] [DEBUG] Connected to MongoDB
[2025-06-25T18:46:57.136Z] [INFO] Found 1 company databases
[2025-06-25T18:46:57.137Z] [DEBUG] Processing company database: company_9jxwph8g
[2025-06-25T18:46:57.237Z] [DEBUG] Finding reports to execute in company_9jxwph8g (current time: 2025-06-25T18:46:57.237Z)
[2025-06-25T18:46:57.295Z] [INFO] Found 0 reports to execute in company_9jxwph8g
[2025-06-25T18:46:57.296Z] [INFO] Scheduled reports check completed
[2025-06-25T18:46:57.297Z] [DEBUG] MongoDB connection closed
Wed Jun 25 13:47:00 CDT 2025: Checking if NextJS server is running...
Wed Jun 25 13:47:00 CDT 2025: Running scheduled reports
/Users/sim/Project2/scripts/../scripts/run-simple-scheduled-reports.sh: line 16: node: command not found
Wed Jun 25 13:47:00 CDT 2025: NextJS server is not running. Skipping scheduled reports check.
[2025-06-25T18:47:26.064Z] [INFO] Checking for scheduled reports...
[2025-06-25T18:47:29.740Z] [DEBUG] Connected to MongoDB
[2025-06-25T18:47:29.817Z] [INFO] Found 1 company databases
[2025-06-25T18:47:29.817Z] [DEBUG] Processing company database: company_9jxwph8g
[2025-06-25T18:47:29.892Z] [DEBUG] Finding reports to execute in company_9jxwph8g (current time: 2025-06-25T18:47:29.892Z)
[2025-06-25T18:47:29.955Z] [INFO] Found 0 reports to execute in company_9jxwph8g
[2025-06-25T18:47:29.956Z] [INFO] Scheduled reports check completed
[2025-06-25T18:47:29.958Z] [DEBUG] MongoDB connection closed
[2025-06-25T18:47:56.064Z] [INFO] Checking for scheduled reports...
[2025-06-25T18:47:57.081Z] [DEBUG] Connected to MongoDB
[2025-06-25T18:47:57.151Z] [INFO] Found 1 company databases
[2025-06-25T18:47:57.152Z] [DEBUG] Processing company database: company_9jxwph8g
[2025-06-25T18:47:57.214Z] [DEBUG] Finding reports to execute in company_9jxwph8g (current time: 2025-06-25T18:47:57.214Z)
[2025-06-25T18:47:57.274Z] [INFO] Found 0 reports to execute in company_9jxwph8g
[2025-06-25T18:47:57.274Z] [INFO] Scheduled reports check completed
[2025-06-25T18:47:57.276Z] [DEBUG] MongoDB connection closed
Wed Jun 25 13:48:00 CDT 2025: Running scheduled reports
Wed Jun 25 13:48:00 CDT 2025: Checking if NextJS server is running...
/Users/sim/Project2/scripts/../scripts/run-simple-scheduled-reports.sh: line 16: node: command not found
Wed Jun 25 13:48:00 CDT 2025: NextJS server is not running. Skipping scheduled reports check.
[2025-06-25T18:48:26.064Z] [INFO] Checking for scheduled reports...
[2025-06-25T18:48:27.928Z] [DEBUG] Connected to MongoDB
[2025-06-25T18:48:28.060Z] [INFO] Found 1 company databases
[2025-06-25T18:48:28.061Z] [DEBUG] Processing company database: company_9jxwph8g
[2025-06-25T18:48:28.210Z] [DEBUG] Finding reports to execute in company_9jxwph8g (current time: 2025-06-25T18:48:28.210Z)
[2025-06-25T18:48:28.568Z] [INFO] Found 0 reports to execute in company_9jxwph8g
[2025-06-25T18:48:28.569Z] [INFO] Scheduled reports check completed
[2025-06-25T18:48:28.571Z] [DEBUG] MongoDB connection closed
[2025-06-25T18:48:56.063Z] [INFO] Checking for scheduled reports...
[2025-06-25T18:48:58.041Z] [DEBUG] Connected to MongoDB
[2025-06-25T18:48:58.111Z] [INFO] Found 1 company databases
[2025-06-25T18:48:58.112Z] [DEBUG] Processing company database: company_9jxwph8g
[2025-06-25T18:48:58.185Z] [DEBUG] Finding reports to execute in company_9jxwph8g (current time: 2025-06-25T18:48:58.185Z)
[2025-06-25T18:48:58.345Z] [INFO] Found 0 reports to execute in company_9jxwph8g
[2025-06-25T18:48:58.345Z] [INFO] Scheduled reports check completed
[2025-06-25T18:48:58.348Z] [DEBUG] MongoDB connection closed
Wed Jun 25 13:49:01 CDT 2025: Checking if NextJS server is running...
Wed Jun 25 13:49:01 CDT 2025: Running scheduled reports
/Users/sim/Project2/scripts/../scripts/run-simple-scheduled-reports.sh: line 16: node: command not found
Wed Jun 25 13:49:01 CDT 2025: NextJS server is not running. Skipping scheduled reports check.
[2025-06-25T18:49:26.064Z] [INFO] Checking for scheduled reports...
[2025-06-25T18:49:27.285Z] [DEBUG] Connected to MongoDB
[2025-06-25T18:49:27.440Z] [INFO] Found 1 company databases
[2025-06-25T18:49:27.440Z] [DEBUG] Processing company database: company_9jxwph8g
[2025-06-25T18:49:27.548Z] [DEBUG] Finding reports to execute in company_9jxwph8g (current time: 2025-06-25T18:49:27.548Z)
[2025-06-25T18:49:27.642Z] [INFO] Found 0 reports to execute in company_9jxwph8g
[2025-06-25T18:49:27.643Z] [INFO] Scheduled reports check completed
[2025-06-25T18:49:27.645Z] [DEBUG] MongoDB connection closed
[2025-06-25T18:49:56.064Z] [INFO] Checking for scheduled reports...
[2025-06-25T18:49:57.195Z] [DEBUG] Connected to MongoDB
[2025-06-25T18:49:57.266Z] [INFO] Found 1 company databases
[2025-06-25T18:49:57.267Z] [DEBUG] Processing company database: company_9jxwph8g
[2025-06-25T18:49:57.325Z] [DEBUG] Finding reports to execute in company_9jxwph8g (current time: 2025-06-25T18:49:57.325Z)
[2025-06-25T18:49:57.384Z] [INFO] Found 0 reports to execute in company_9jxwph8g
[2025-06-25T18:49:57.384Z] [INFO] Scheduled reports check completed
[2025-06-25T18:49:57.386Z] [DEBUG] MongoDB connection closed
Wed Jun 25 13:50:00 CDT 2025: Checking if NextJS server is running...
Wed Jun 25 13:50:00 CDT 2025: Running scheduled reports
/Users/sim/Project2/scripts/../scripts/run-simple-scheduled-reports.sh: line 16: node: command not found
Wed Jun 25 13:50:00 CDT 2025: NextJS server is not running. Skipping scheduled reports check.
[2025-06-25T18:50:26.063Z] [INFO] Checking for scheduled reports...
[2025-06-25T18:50:28.370Z] [DEBUG] Connected to MongoDB
[2025-06-25T18:50:28.451Z] [INFO] Found 1 company databases
[2025-06-25T18:50:28.452Z] [DEBUG] Processing company database: company_9jxwph8g
[2025-06-25T18:50:28.525Z] [DEBUG] Finding reports to execute in company_9jxwph8g (current time: 2025-06-25T18:50:28.525Z)
[2025-06-25T18:50:28.596Z] [INFO] Found 0 reports to execute in company_9jxwph8g
[2025-06-25T18:50:28.596Z] [INFO] Scheduled reports check completed
[2025-06-25T18:50:28.599Z] [DEBUG] MongoDB connection closed
[2025-06-25T18:50:56.063Z] [INFO] Checking for scheduled reports...
Wed Jun 25 13:51:00 CDT 2025: Running scheduled reports
Wed Jun 25 13:51:00 CDT 2025: Checking if NextJS server is running...
/Users/sim/Project2/scripts/../scripts/run-simple-scheduled-reports.sh: line 16: node: command not found
Wed Jun 25 13:51:00 CDT 2025: NextJS server is not running. Skipping scheduled reports check.
[2025-06-25T18:51:01.275Z] [DEBUG] Connected to MongoDB
[2025-06-25T18:51:01.376Z] [INFO] Found 1 company databases
[2025-06-25T18:51:01.376Z] [DEBUG] Processing company database: company_9jxwph8g
[2025-06-25T18:51:01.549Z] [DEBUG] Finding reports to execute in company_9jxwph8g (current time: 2025-06-25T18:51:01.549Z)
[2025-06-25T18:51:01.687Z] [INFO] Found 0 reports to execute in company_9jxwph8g
[2025-06-25T18:51:01.688Z] [INFO] Scheduled reports check completed
[2025-06-25T18:51:01.690Z] [DEBUG] MongoDB connection closed
[2025-06-25T18:51:26.062Z] [INFO] Checking for scheduled reports...
[2025-06-25T18:51:28.709Z] [DEBUG] Connected to MongoDB
[2025-06-25T18:51:28.892Z] [INFO] Found 1 company databases
[2025-06-25T18:51:28.892Z] [DEBUG] Processing company database: company_9jxwph8g
[2025-06-25T18:51:28.995Z] [DEBUG] Finding reports to execute in company_9jxwph8g (current time: 2025-06-25T18:51:28.995Z)
[2025-06-25T18:51:29.087Z] [INFO] Found 0 reports to execute in company_9jxwph8g
[2025-06-25T18:51:29.087Z] [INFO] Scheduled reports check completed
[2025-06-25T18:51:29.090Z] [DEBUG] MongoDB connection closed
[2025-06-25T18:51:56.062Z] [INFO] Checking for scheduled reports...
[2025-06-25T18:51:56.976Z] [DEBUG] Connected to MongoDB
[2025-06-25T18:51:57.060Z] [INFO] Found 1 company databases
[2025-06-25T18:51:57.060Z] [DEBUG] Processing company database: company_9jxwph8g
[2025-06-25T18:51:57.912Z] [DEBUG] Finding reports to execute in company_9jxwph8g (current time: 2025-06-25T18:51:57.912Z)
[2025-06-25T18:51:57.989Z] [INFO] Found 0 reports to execute in company_9jxwph8g
[2025-06-25T18:51:57.989Z] [INFO] Scheduled reports check completed
[2025-06-25T18:51:57.991Z] [DEBUG] MongoDB connection closed
Wed Jun 25 13:52:00 CDT 2025: Running scheduled reports
Wed Jun 25 13:52:00 CDT 2025: Checking if NextJS server is running...
/Users/sim/Project2/scripts/../scripts/run-simple-scheduled-reports.sh: line 16: node: command not found
Wed Jun 25 13:52:00 CDT 2025: NextJS server is not running. Skipping scheduled reports check.
[2025-06-25T18:52:26.064Z] [INFO] Checking for scheduled reports...
[2025-06-25T18:52:28.044Z] [DEBUG] Connected to MongoDB
[2025-06-25T18:52:28.154Z] [INFO] Found 1 company databases
[2025-06-25T18:52:28.155Z] [DEBUG] Processing company database: company_9jxwph8g
[2025-06-25T18:52:28.260Z] [DEBUG] Finding reports to execute in company_9jxwph8g (current time: 2025-06-25T18:52:28.260Z)
[2025-06-25T18:52:28.336Z] [INFO] Found 0 reports to execute in company_9jxwph8g
[2025-06-25T18:52:28.337Z] [INFO] Scheduled reports check completed
[2025-06-25T18:52:28.339Z] [DEBUG] MongoDB connection closed
[2025-06-25T18:52:56.065Z] [INFO] Checking for scheduled reports...
[2025-06-25T18:52:57.704Z] [DEBUG] Connected to MongoDB
[2025-06-25T18:52:58.179Z] [INFO] Found 1 company databases
[2025-06-25T18:52:58.179Z] [DEBUG] Processing company database: company_9jxwph8g
[2025-06-25T18:52:58.497Z] [DEBUG] Finding reports to execute in company_9jxwph8g (current time: 2025-06-25T18:52:58.497Z)
[2025-06-25T18:52:58.602Z] [INFO] Found 0 reports to execute in company_9jxwph8g
[2025-06-25T18:52:58.602Z] [INFO] Scheduled reports check completed
[2025-06-25T18:52:58.603Z] [DEBUG] MongoDB connection closed
Wed Jun 25 13:53:00 CDT 2025: Checking if NextJS server is running...
Wed Jun 25 13:53:00 CDT 2025: Running scheduled reports
/Users/sim/Project2/scripts/../scripts/run-simple-scheduled-reports.sh: line 16: node: command not found
Wed Jun 25 13:53:00 CDT 2025: NextJS server is not running. Skipping scheduled reports check.
[2025-06-25T18:53:26.064Z] [INFO] Checking for scheduled reports...
[2025-06-25T18:53:28.521Z] [DEBUG] Connected to MongoDB
[2025-06-25T18:53:28.612Z] [INFO] Found 1 company databases
[2025-06-25T18:53:28.612Z] [DEBUG] Processing company database: company_9jxwph8g
[2025-06-25T18:53:29.132Z] [DEBUG] Finding reports to execute in company_9jxwph8g (current time: 2025-06-25T18:53:29.131Z)
[2025-06-25T18:53:29.310Z] [INFO] Found 0 reports to execute in company_9jxwph8g
[2025-06-25T18:53:29.310Z] [INFO] Scheduled reports check completed
[2025-06-25T18:53:29.312Z] [DEBUG] MongoDB connection closed
[2025-06-25T18:53:56.065Z] [INFO] Checking for scheduled reports...
[2025-06-25T18:53:58.065Z] [DEBUG] Connected to MongoDB
[2025-06-25T18:53:58.191Z] [INFO] Found 1 company databases
[2025-06-25T18:53:58.191Z] [DEBUG] Processing company database: company_9jxwph8g
[2025-06-25T18:53:58.322Z] [DEBUG] Finding reports to execute in company_9jxwph8g (current time: 2025-06-25T18:53:58.322Z)
[2025-06-25T18:53:58.467Z] [INFO] Found 0 reports to execute in company_9jxwph8g
[2025-06-25T18:53:58.468Z] [INFO] Scheduled reports check completed
[2025-06-25T18:53:58.469Z] [DEBUG] MongoDB connection closed
Wed Jun 25 13:54:00 CDT 2025: Checking if NextJS server is running...
Wed Jun 25 13:54:00 CDT 2025: Running scheduled reports
/Users/sim/Project2/scripts/../scripts/run-simple-scheduled-reports.sh: line 16: node: command not found
Wed Jun 25 13:54:00 CDT 2025: NextJS server is not running. Skipping scheduled reports check.
[2025-06-25T18:54:26.068Z] [INFO] Checking for scheduled reports...
[2025-06-25T18:54:27.038Z] [DEBUG] Connected to MongoDB
[2025-06-25T18:54:27.125Z] [INFO] Found 1 company databases
[2025-06-25T18:54:27.125Z] [DEBUG] Processing company database: company_9jxwph8g
[2025-06-25T18:54:27.188Z] [DEBUG] Finding reports to execute in company_9jxwph8g (current time: 2025-06-25T18:54:27.188Z)
[2025-06-25T18:54:27.320Z] [INFO] Found 0 reports to execute in company_9jxwph8g
[2025-06-25T18:54:27.320Z] [INFO] Scheduled reports check completed
[2025-06-25T18:54:27.322Z] [DEBUG] MongoDB connection closed
[2025-06-25T18:54:56.069Z] [INFO] Checking for scheduled reports...
[2025-06-25T18:54:58.300Z] [DEBUG] Connected to MongoDB
[2025-06-25T18:54:58.433Z] [INFO] Found 1 company databases
[2025-06-25T18:54:58.434Z] [DEBUG] Processing company database: company_9jxwph8g
[2025-06-25T18:54:59.016Z] [DEBUG] Finding reports to execute in company_9jxwph8g (current time: 2025-06-25T18:54:59.016Z)
[2025-06-25T18:54:59.145Z] [INFO] Found 0 reports to execute in company_9jxwph8g
[2025-06-25T18:54:59.145Z] [INFO] Scheduled reports check completed
[2025-06-25T18:54:59.147Z] [DEBUG] MongoDB connection closed
Wed Jun 25 13:55:00 CDT 2025: Running scheduled reports
Wed Jun 25 13:55:00 CDT 2025: Checking if NextJS server is running...
/Users/sim/Project2/scripts/../scripts/run-simple-scheduled-reports.sh: line 16: node: command not found
Wed Jun 25 13:55:00 CDT 2025: NextJS server is not running. Skipping scheduled reports check.
[2025-06-25T18:55:26.068Z] [INFO] Checking for scheduled reports...
[2025-06-25T18:55:27.487Z] [DEBUG] Connected to MongoDB
[2025-06-25T18:55:27.582Z] [INFO] Found 1 company databases
[2025-06-25T18:55:27.582Z] [DEBUG] Processing company database: company_9jxwph8g
[2025-06-25T18:55:27.652Z] [DEBUG] Finding reports to execute in company_9jxwph8g (current time: 2025-06-25T18:55:27.652Z)
[2025-06-25T18:55:27.716Z] [INFO] Found 0 reports to execute in company_9jxwph8g
[2025-06-25T18:55:27.717Z] [INFO] Scheduled reports check completed
[2025-06-25T18:55:27.718Z] [DEBUG] MongoDB connection closed
[2025-06-25T18:55:56.069Z] [INFO] Checking for scheduled reports...
[2025-06-25T18:55:56.936Z] [DEBUG] Connected to MongoDB
[2025-06-25T18:55:57.081Z] [INFO] Found 1 company databases
[2025-06-25T18:55:57.082Z] [DEBUG] Processing company database: company_9jxwph8g
[2025-06-25T18:55:57.203Z] [DEBUG] Finding reports to execute in company_9jxwph8g (current time: 2025-06-25T18:55:57.203Z)
[2025-06-25T18:55:57.316Z] [INFO] Found 0 reports to execute in company_9jxwph8g
[2025-06-25T18:55:57.317Z] [INFO] Scheduled reports check completed
[2025-06-25T18:55:57.319Z] [DEBUG] MongoDB connection closed
Wed Jun 25 13:56:00 CDT 2025: Running scheduled reports
Wed Jun 25 13:56:00 CDT 2025: Checking if NextJS server is running...
/Users/sim/Project2/scripts/../scripts/run-simple-scheduled-reports.sh: line 16: node: command not found
Wed Jun 25 13:56:00 CDT 2025: NextJS server is not running. Skipping scheduled reports check.
[2025-06-25T18:56:26.069Z] [INFO] Checking for scheduled reports...
[2025-06-25T18:56:28.295Z] [DEBUG] Connected to MongoDB
[2025-06-25T18:56:28.759Z] [INFO] Found 1 company databases
[2025-06-25T18:56:28.760Z] [DEBUG] Processing company database: company_9jxwph8g
[2025-06-25T18:56:29.099Z] [DEBUG] Finding reports to execute in company_9jxwph8g (current time: 2025-06-25T18:56:29.099Z)
[2025-06-25T18:56:29.754Z] [INFO] Found 0 reports to execute in company_9jxwph8g
[2025-06-25T18:56:29.755Z] [INFO] Scheduled reports check completed
[2025-06-25T18:56:29.758Z] [DEBUG] MongoDB connection closed
[2025-06-25T18:56:56.068Z] [INFO] Checking for scheduled reports...
[2025-06-25T18:56:56.925Z] [DEBUG] Connected to MongoDB
[2025-06-25T18:56:57.771Z] [INFO] Found 1 company databases
[2025-06-25T18:56:57.771Z] [DEBUG] Processing company database: company_9jxwph8g
[2025-06-25T18:56:58.095Z] [DEBUG] Finding reports to execute in company_9jxwph8g (current time: 2025-06-25T18:56:58.095Z)
[2025-06-25T18:56:58.175Z] [INFO] Found 0 reports to execute in company_9jxwph8g
[2025-06-25T18:56:58.176Z] [INFO] Scheduled reports check completed
[2025-06-25T18:56:58.179Z] [DEBUG] MongoDB connection closed
Wed Jun 25 13:57:01 CDT 2025: Running scheduled reports
Wed Jun 25 13:57:01 CDT 2025: Checking if NextJS server is running...
/Users/sim/Project2/scripts/../scripts/run-simple-scheduled-reports.sh: line 16: node: command not found
Wed Jun 25 13:57:01 CDT 2025: NextJS server is not running. Skipping scheduled reports check.
[2025-06-25T18:57:26.068Z] [INFO] Checking for scheduled reports...
[2025-06-25T18:57:27.895Z] [DEBUG] Connected to MongoDB
[2025-06-25T18:57:28.046Z] [INFO] Found 1 company databases
[2025-06-25T18:57:28.046Z] [DEBUG] Processing company database: company_9jxwph8g
[2025-06-25T18:57:28.190Z] [DEBUG] Finding reports to execute in company_9jxwph8g (current time: 2025-06-25T18:57:28.190Z)
[2025-06-25T18:57:28.504Z] [INFO] Found 0 reports to execute in company_9jxwph8g
[2025-06-25T18:57:28.505Z] [INFO] Scheduled reports check completed
[2025-06-25T18:57:28.508Z] [DEBUG] MongoDB connection closed
[2025-06-25T18:57:56.069Z] [INFO] Checking for scheduled reports...
[2025-06-25T18:57:58.897Z] [DEBUG] Connected to MongoDB
[2025-06-25T18:57:58.985Z] [INFO] Found 1 company databases
[2025-06-25T18:57:58.986Z] [DEBUG] Processing company database: company_9jxwph8g
[2025-06-25T18:57:59.064Z] [DEBUG] Finding reports to execute in company_9jxwph8g (current time: 2025-06-25T18:57:59.064Z)
[2025-06-25T18:57:59.134Z] [INFO] Found 0 reports to execute in company_9jxwph8g
[2025-06-25T18:57:59.134Z] [INFO] Scheduled reports check completed
[2025-06-25T18:57:59.136Z] [DEBUG] MongoDB connection closed
Wed Jun 25 13:58:00 CDT 2025: Checking if NextJS server is running...
Wed Jun 25 13:58:00 CDT 2025: Running scheduled reports
/Users/sim/Project2/scripts/../scripts/run-simple-scheduled-reports.sh: line 16: node: command not found
Wed Jun 25 13:58:00 CDT 2025: NextJS server is not running. Skipping scheduled reports check.
[2025-06-25T18:58:26.069Z] [INFO] Checking for scheduled reports...
[2025-06-25T18:58:27.421Z] [DEBUG] Connected to MongoDB
[2025-06-25T18:58:27.546Z] [INFO] Found 1 company databases
[2025-06-25T18:58:27.546Z] [DEBUG] Processing company database: company_9jxwph8g
[2025-06-25T18:58:27.701Z] [DEBUG] Finding reports to execute in company_9jxwph8g (current time: 2025-06-25T18:58:27.701Z)
[2025-06-25T18:58:27.829Z] [INFO] Found 0 reports to execute in company_9jxwph8g
[2025-06-25T18:58:27.830Z] [INFO] Scheduled reports check completed
[2025-06-25T18:58:27.832Z] [DEBUG] MongoDB connection closed
[2025-06-25T18:58:56.068Z] [INFO] Checking for scheduled reports...
[2025-06-25T18:58:57.911Z] [DEBUG] Connected to MongoDB
[2025-06-25T18:58:58.035Z] [INFO] Found 1 company databases
[2025-06-25T18:58:58.036Z] [DEBUG] Processing company database: company_9jxwph8g
[2025-06-25T18:58:58.546Z] [DEBUG] Finding reports to execute in company_9jxwph8g (current time: 2025-06-25T18:58:58.546Z)
[2025-06-25T18:58:58.616Z] [INFO] Found 0 reports to execute in company_9jxwph8g
[2025-06-25T18:58:58.616Z] [INFO] Scheduled reports check completed
[2025-06-25T18:58:58.619Z] [DEBUG] MongoDB connection closed
Wed Jun 25 13:59:00 CDT 2025: Running scheduled reports
Wed Jun 25 13:59:00 CDT 2025: Checking if NextJS server is running...
/Users/sim/Project2/scripts/../scripts/run-simple-scheduled-reports.sh: line 16: node: command not found
Wed Jun 25 13:59:00 CDT 2025: NextJS server is not running. Skipping scheduled reports check.
[2025-06-25T18:59:26.069Z] [INFO] Checking for scheduled reports...
[2025-06-25T18:59:29.519Z] [DEBUG] Connected to MongoDB
[2025-06-25T18:59:29.665Z] [INFO] Found 1 company databases
[2025-06-25T18:59:29.665Z] [DEBUG] Processing company database: company_9jxwph8g
[2025-06-25T18:59:29.742Z] [DEBUG] Finding reports to execute in company_9jxwph8g (current time: 2025-06-25T18:59:29.742Z)
[2025-06-25T18:59:29.821Z] [INFO] Found 0 reports to execute in company_9jxwph8g
[2025-06-25T18:59:29.821Z] [INFO] Scheduled reports check completed
[2025-06-25T18:59:29.822Z] [DEBUG] MongoDB connection closed
[2025-06-25T18:59:56.069Z] [INFO] Checking for scheduled reports...
[2025-06-25T18:59:56.935Z] [DEBUG] Connected to MongoDB
[2025-06-25T18:59:57.008Z] [INFO] Found 1 company databases
[2025-06-25T18:59:57.009Z] [DEBUG] Processing company database: company_9jxwph8g
[2025-06-25T18:59:57.075Z] [DEBUG] Finding reports to execute in company_9jxwph8g (current time: 2025-06-25T18:59:57.075Z)
[2025-06-25T18:59:57.148Z] [INFO] Found 0 reports to execute in company_9jxwph8g
[2025-06-25T18:59:57.148Z] [INFO] Scheduled reports check completed
[2025-06-25T18:59:57.149Z] [DEBUG] MongoDB connection closed
Wed Jun 25 14:00:00 CDT 2025: Checking if NextJS server is running...
Wed Jun 25 14:00:00 CDT 2025: Running scheduled reports
/Users/sim/Project2/scripts/../scripts/run-simple-scheduled-reports.sh: line 16: node: command not found
Wed Jun 25 14:00:00 CDT 2025: NextJS server is not running. Skipping scheduled reports check.
[2025-06-25T19:00:26.069Z] [INFO] Checking for scheduled reports...
[2025-06-25T19:00:29.703Z] [DEBUG] Connected to MongoDB
[2025-06-25T19:00:29.817Z] [INFO] Found 1 company databases
[2025-06-25T19:00:29.817Z] [DEBUG] Processing company database: company_9jxwph8g
[2025-06-25T19:00:29.883Z] [DEBUG] Finding reports to execute in company_9jxwph8g (current time: 2025-06-25T19:00:29.883Z)
[2025-06-25T19:00:29.954Z] [INFO] Found 0 reports to execute in company_9jxwph8g
[2025-06-25T19:00:29.955Z] [INFO] Scheduled reports check completed
[2025-06-25T19:00:29.957Z] [DEBUG] MongoDB connection closed
[2025-06-25T19:00:56.069Z] [INFO] Checking for scheduled reports...
[2025-06-25T19:00:57.494Z] [DEBUG] Connected to MongoDB
[2025-06-25T19:00:57.576Z] [INFO] Found 1 company databases
[2025-06-25T19:00:57.577Z] [DEBUG] Processing company database: company_9jxwph8g
[2025-06-25T19:00:57.639Z] [DEBUG] Finding reports to execute in company_9jxwph8g (current time: 2025-06-25T19:00:57.639Z)
[2025-06-25T19:00:57.708Z] [INFO] Found 0 reports to execute in company_9jxwph8g
[2025-06-25T19:00:57.708Z] [INFO] Scheduled reports check completed
[2025-06-25T19:00:57.711Z] [DEBUG] MongoDB connection closed
Wed Jun 25 14:01:00 CDT 2025: Running scheduled reports
Wed Jun 25 14:01:00 CDT 2025: Checking if NextJS server is running...
/Users/sim/Project2/scripts/../scripts/run-simple-scheduled-reports.sh: line 16: node: command not found
Wed Jun 25 14:01:00 CDT 2025: NextJS server is not running. Skipping scheduled reports check.
[2025-06-25T19:01:26.069Z] [INFO] Checking for scheduled reports...
[2025-06-25T19:01:27.067Z] [DEBUG] Connected to MongoDB
[2025-06-25T19:01:27.193Z] [INFO] Found 1 company databases
[2025-06-25T19:01:27.194Z] [DEBUG] Processing company database: company_9jxwph8g
[2025-06-25T19:01:28.000Z] [DEBUG] Finding reports to execute in company_9jxwph8g (current time: 2025-06-25T19:01:28.000Z)
[2025-06-25T19:01:28.061Z] [INFO] Found 0 reports to execute in company_9jxwph8g
[2025-06-25T19:01:28.061Z] [INFO] Scheduled reports check completed
[2025-06-25T19:01:28.062Z] [DEBUG] MongoDB connection closed
[2025-06-25T19:01:56.069Z] [INFO] Checking for scheduled reports...
[2025-06-25T19:01:57.037Z] [DEBUG] Connected to MongoDB
[2025-06-25T19:01:57.175Z] [INFO] Found 1 company databases
[2025-06-25T19:01:57.176Z] [DEBUG] Processing company database: company_9jxwph8g
[2025-06-25T19:01:57.426Z] [DEBUG] Finding reports to execute in company_9jxwph8g (current time: 2025-06-25T19:01:57.426Z)
[2025-06-25T19:01:57.698Z] [INFO] Found 0 reports to execute in company_9jxwph8g
[2025-06-25T19:01:57.698Z] [INFO] Scheduled reports check completed
[2025-06-25T19:01:57.700Z] [DEBUG] MongoDB connection closed
Wed Jun 25 14:02:00 CDT 2025: Running scheduled reports
Wed Jun 25 14:02:00 CDT 2025: Checking if NextJS server is running...
/Users/sim/Project2/scripts/../scripts/run-simple-scheduled-reports.sh: line 16: node: command not found
Wed Jun 25 14:02:00 CDT 2025: NextJS server is not running. Skipping scheduled reports check.
[2025-06-25T19:02:26.077Z] [INFO] Checking for scheduled reports...
[2025-06-25T19:02:27.496Z] [DEBUG] Connected to MongoDB
[2025-06-25T19:02:27.615Z] [INFO] Found 1 company databases
[2025-06-25T19:02:27.616Z] [DEBUG] Processing company database: company_9jxwph8g
[2025-06-25T19:02:27.719Z] [DEBUG] Finding reports to execute in company_9jxwph8g (current time: 2025-06-25T19:02:27.719Z)
[2025-06-25T19:02:27.790Z] [INFO] Found 0 reports to execute in company_9jxwph8g
[2025-06-25T19:02:27.791Z] [INFO] Scheduled reports check completed
[2025-06-25T19:02:27.795Z] [DEBUG] MongoDB connection closed
[2025-06-25T19:02:56.077Z] [INFO] Checking for scheduled reports...
[2025-06-25T19:02:56.745Z] [DEBUG] Connected to MongoDB
[2025-06-25T19:02:56.868Z] [INFO] Found 1 company databases
[2025-06-25T19:02:56.868Z] [DEBUG] Processing company database: company_9jxwph8g
[2025-06-25T19:02:56.974Z] [DEBUG] Finding reports to execute in company_9jxwph8g (current time: 2025-06-25T19:02:56.974Z)
[2025-06-25T19:02:57.059Z] [INFO] Found 0 reports to execute in company_9jxwph8g
[2025-06-25T19:02:57.059Z] [INFO] Scheduled reports check completed
[2025-06-25T19:02:57.060Z] [DEBUG] MongoDB connection closed
Wed Jun 25 14:03:00 CDT 2025: Checking if NextJS server is running...
Wed Jun 25 14:03:00 CDT 2025: Running scheduled reports
/Users/sim/Project2/scripts/../scripts/run-simple-scheduled-reports.sh: line 16: node: command not found
Wed Jun 25 14:03:00 CDT 2025: NextJS server is not running. Skipping scheduled reports check.
[2025-06-25T19:03:26.076Z] [INFO] Checking for scheduled reports...
[2025-06-25T19:03:27.376Z] [DEBUG] Connected to MongoDB
[2025-06-25T19:03:27.622Z] [INFO] Found 1 company databases
[2025-06-25T19:03:27.623Z] [DEBUG] Processing company database: company_9jxwph8g
[2025-06-25T19:03:27.802Z] [DEBUG] Finding reports to execute in company_9jxwph8g (current time: 2025-06-25T19:03:27.802Z)
[2025-06-25T19:03:27.862Z] [INFO] Found 0 reports to execute in company_9jxwph8g
[2025-06-25T19:03:27.863Z] [INFO] Scheduled reports check completed
[2025-06-25T19:03:27.865Z] [DEBUG] MongoDB connection closed
[2025-06-25T19:03:56.077Z] [INFO] Checking for scheduled reports...
[2025-06-25T19:03:58.545Z] [DEBUG] Connected to MongoDB
[2025-06-25T19:03:58.621Z] [INFO] Found 1 company databases
[2025-06-25T19:03:58.621Z] [DEBUG] Processing company database: company_9jxwph8g
[2025-06-25T19:03:58.686Z] [DEBUG] Finding reports to execute in company_9jxwph8g (current time: 2025-06-25T19:03:58.686Z)
[2025-06-25T19:03:58.748Z] [INFO] Found 0 reports to execute in company_9jxwph8g
[2025-06-25T19:03:58.748Z] [INFO] Scheduled reports check completed
[2025-06-25T19:03:58.751Z] [DEBUG] MongoDB connection closed
Wed Jun 25 14:04:00 CDT 2025: Running scheduled reports
Wed Jun 25 14:04:00 CDT 2025: Checking if NextJS server is running...
/Users/sim/Project2/scripts/../scripts/run-simple-scheduled-reports.sh: line 16: node: command not found
Wed Jun 25 14:04:00 CDT 2025: NextJS server is not running. Skipping scheduled reports check.
[2025-06-25T19:04:26.076Z] [INFO] Checking for scheduled reports...
[2025-06-25T19:04:28.962Z] [DEBUG] Connected to MongoDB
[2025-06-25T19:04:29.066Z] [INFO] Found 1 company databases
[2025-06-25T19:04:29.067Z] [DEBUG] Processing company database: company_9jxwph8g
[2025-06-25T19:04:29.216Z] [DEBUG] Finding reports to execute in company_9jxwph8g (current time: 2025-06-25T19:04:29.216Z)
[2025-06-25T19:04:29.303Z] [INFO] Found 0 reports to execute in company_9jxwph8g
[2025-06-25T19:04:29.303Z] [INFO] Scheduled reports check completed
[2025-06-25T19:04:29.306Z] [DEBUG] MongoDB connection closed
[2025-06-25T19:04:56.076Z] [INFO] Checking for scheduled reports...
[2025-06-25T19:04:58.094Z] [DEBUG] Connected to MongoDB
[2025-06-25T19:04:58.166Z] [INFO] Found 1 company databases
[2025-06-25T19:04:58.166Z] [DEBUG] Processing company database: company_9jxwph8g
[2025-06-25T19:04:58.255Z] [DEBUG] Finding reports to execute in company_9jxwph8g (current time: 2025-06-25T19:04:58.255Z)
[2025-06-25T19:04:58.376Z] [INFO] Found 0 reports to execute in company_9jxwph8g
[2025-06-25T19:04:58.377Z] [INFO] Scheduled reports check completed
[2025-06-25T19:04:58.379Z] [DEBUG] MongoDB connection closed
Wed Jun 25 14:05:00 CDT 2025: Running scheduled reports
Wed Jun 25 14:05:00 CDT 2025: Checking if NextJS server is running...
/Users/sim/Project2/scripts/../scripts/run-simple-scheduled-reports.sh: line 16: node: command not found
Wed Jun 25 14:05:00 CDT 2025: NextJS server is not running. Skipping scheduled reports check.
[2025-06-25T19:05:26.077Z] [INFO] Checking for scheduled reports...
[2025-06-25T19:05:27.419Z] [DEBUG] Connected to MongoDB
[2025-06-25T19:05:27.493Z] [INFO] Found 1 company databases
[2025-06-25T19:05:27.494Z] [DEBUG] Processing company database: company_9jxwph8g
[2025-06-25T19:05:27.573Z] [DEBUG] Finding reports to execute in company_9jxwph8g (current time: 2025-06-25T19:05:27.573Z)
[2025-06-25T19:05:27.659Z] [INFO] Found 0 reports to execute in company_9jxwph8g
[2025-06-25T19:05:27.660Z] [INFO] Scheduled reports check completed
[2025-06-25T19:05:27.661Z] [DEBUG] MongoDB connection closed
[2025-06-25T19:05:56.076Z] [INFO] Checking for scheduled reports...
[2025-06-25T19:05:57.086Z] [DEBUG] Connected to MongoDB
[2025-06-25T19:05:57.235Z] [INFO] Found 1 company databases
[2025-06-25T19:05:57.235Z] [DEBUG] Processing company database: company_9jxwph8g
[2025-06-25T19:05:57.547Z] [DEBUG] Finding reports to execute in company_9jxwph8g (current time: 2025-06-25T19:05:57.547Z)
[2025-06-25T19:05:57.732Z] [INFO] Found 0 reports to execute in company_9jxwph8g
[2025-06-25T19:05:57.733Z] [INFO] Scheduled reports check completed
[2025-06-25T19:05:57.734Z] [DEBUG] MongoDB connection closed
Wed Jun 25 14:06:01 CDT 2025: Checking if NextJS server is running...
Wed Jun 25 14:06:01 CDT 2025: Running scheduled reports
/Users/sim/Project2/scripts/../scripts/run-simple-scheduled-reports.sh: line 16: node: command not found
Wed Jun 25 14:06:01 CDT 2025: NextJS server is not running. Skipping scheduled reports check.
[2025-06-25T19:06:26.076Z] [INFO] Checking for scheduled reports...
[2025-06-25T19:06:29.068Z] [DEBUG] Connected to MongoDB
[2025-06-25T19:06:29.146Z] [INFO] Found 1 company databases
[2025-06-25T19:06:29.146Z] [DEBUG] Processing company database: company_9jxwph8g
[2025-06-25T19:06:29.228Z] [DEBUG] Finding reports to execute in company_9jxwph8g (current time: 2025-06-25T19:06:29.228Z)
[2025-06-25T19:06:29.320Z] [INFO] Found 0 reports to execute in company_9jxwph8g
[2025-06-25T19:06:29.322Z] [INFO] Scheduled reports check completed
[2025-06-25T19:06:29.324Z] [DEBUG] MongoDB connection closed
[2025-06-25T19:06:56.076Z] [INFO] Checking for scheduled reports...
[2025-06-25T19:06:57.459Z] [DEBUG] Connected to MongoDB
[2025-06-25T19:06:57.530Z] [INFO] Found 1 company databases
[2025-06-25T19:06:57.531Z] [DEBUG] Processing company database: company_9jxwph8g
[2025-06-25T19:06:57.609Z] [DEBUG] Finding reports to execute in company_9jxwph8g (current time: 2025-06-25T19:06:57.609Z)
[2025-06-25T19:06:57.678Z] [INFO] Found 0 reports to execute in company_9jxwph8g
[2025-06-25T19:06:57.679Z] [INFO] Scheduled reports check completed
[2025-06-25T19:06:57.681Z] [DEBUG] MongoDB connection closed
Wed Jun 25 14:07:00 CDT 2025: Running scheduled reports
Wed Jun 25 14:07:00 CDT 2025: Checking if NextJS server is running...
/Users/sim/Project2/scripts/../scripts/run-simple-scheduled-reports.sh: line 16: node: command not found
Wed Jun 25 14:07:00 CDT 2025: NextJS server is not running. Skipping scheduled reports check.
[2025-06-25T19:07:26.075Z] [INFO] Checking for scheduled reports...
[2025-06-25T19:07:26.863Z] [DEBUG] Connected to MongoDB
[2025-06-25T19:07:26.996Z] [INFO] Found 1 company databases
[2025-06-25T19:07:26.996Z] [DEBUG] Processing company database: company_9jxwph8g
[2025-06-25T19:07:27.054Z] [DEBUG] Finding reports to execute in company_9jxwph8g (current time: 2025-06-25T19:07:27.054Z)
[2025-06-25T19:07:27.113Z] [INFO] Found 0 reports to execute in company_9jxwph8g
[2025-06-25T19:07:27.113Z] [INFO] Scheduled reports check completed
[2025-06-25T19:07:27.115Z] [DEBUG] MongoDB connection closed
[2025-06-25T19:07:56.076Z] [INFO] Checking for scheduled reports...
[2025-06-25T19:07:57.618Z] [DEBUG] Connected to MongoDB
[2025-06-25T19:07:57.712Z] [INFO] Found 1 company databases
[2025-06-25T19:07:57.713Z] [DEBUG] Processing company database: company_9jxwph8g
[2025-06-25T19:07:57.774Z] [DEBUG] Finding reports to execute in company_9jxwph8g (current time: 2025-06-25T19:07:57.774Z)
[2025-06-25T19:07:57.833Z] [INFO] Found 0 reports to execute in company_9jxwph8g
[2025-06-25T19:07:57.833Z] [INFO] Scheduled reports check completed
[2025-06-25T19:07:57.835Z] [DEBUG] MongoDB connection closed
Wed Jun 25 14:08:00 CDT 2025: Checking if NextJS server is running...
Wed Jun 25 14:08:00 CDT 2025: Running scheduled reports
/Users/sim/Project2/scripts/../scripts/run-simple-scheduled-reports.sh: line 16: node: command not found
Wed Jun 25 14:08:00 CDT 2025: NextJS server is not running. Skipping scheduled reports check.
[2025-06-25T19:08:26.076Z] [INFO] Checking for scheduled reports...
[2025-06-25T19:08:27.387Z] [DEBUG] Connected to MongoDB
[2025-06-25T19:08:27.496Z] [INFO] Found 1 company databases
[2025-06-25T19:08:27.497Z] [DEBUG] Processing company database: company_9jxwph8g
[2025-06-25T19:08:27.617Z] [DEBUG] Finding reports to execute in company_9jxwph8g (current time: 2025-06-25T19:08:27.617Z)
[2025-06-25T19:08:27.713Z] [INFO] Found 0 reports to execute in company_9jxwph8g
[2025-06-25T19:08:27.713Z] [INFO] Scheduled reports check completed
[2025-06-25T19:08:27.716Z] [DEBUG] MongoDB connection closed
[2025-06-25T19:08:56.076Z] [INFO] Checking for scheduled reports...
[2025-06-25T19:08:57.011Z] [DEBUG] Connected to MongoDB
[2025-06-25T19:08:57.145Z] [INFO] Found 1 company databases
[2025-06-25T19:08:57.146Z] [DEBUG] Processing company database: company_9jxwph8g
[2025-06-25T19:08:57.231Z] [DEBUG] Finding reports to execute in company_9jxwph8g (current time: 2025-06-25T19:08:57.231Z)
[2025-06-25T19:08:57.304Z] [INFO] Found 0 reports to execute in company_9jxwph8g
[2025-06-25T19:08:57.304Z] [INFO] Scheduled reports check completed
[2025-06-25T19:08:57.307Z] [DEBUG] MongoDB connection closed
Wed Jun 25 14:09:00 CDT 2025: Running scheduled reports
Wed Jun 25 14:09:00 CDT 2025: Checking if NextJS server is running...
/Users/sim/Project2/scripts/../scripts/run-simple-scheduled-reports.sh: line 16: node: command not found
Wed Jun 25 14:09:00 CDT 2025: NextJS server is not running. Skipping scheduled reports check.
[2025-06-25T19:09:26.077Z] [INFO] Checking for scheduled reports...
[2025-06-25T19:09:26.814Z] [DEBUG] Connected to MongoDB
[2025-06-25T19:09:26.902Z] [INFO] Found 1 company databases
[2025-06-25T19:09:26.902Z] [DEBUG] Processing company database: company_9jxwph8g
[2025-06-25T19:09:27.008Z] [DEBUG] Finding reports to execute in company_9jxwph8g (current time: 2025-06-25T19:09:27.008Z)
[2025-06-25T19:09:27.093Z] [INFO] Found 0 reports to execute in company_9jxwph8g
[2025-06-25T19:09:27.093Z] [INFO] Scheduled reports check completed
[2025-06-25T19:09:27.095Z] [DEBUG] MongoDB connection closed
[2025-06-25T19:09:56.076Z] [INFO] Checking for scheduled reports...
[2025-06-25T19:09:57.096Z] [DEBUG] Connected to MongoDB
[2025-06-25T19:09:57.225Z] [INFO] Found 1 company databases
[2025-06-25T19:09:57.225Z] [DEBUG] Processing company database: company_9jxwph8g
[2025-06-25T19:09:57.368Z] [DEBUG] Finding reports to execute in company_9jxwph8g (current time: 2025-06-25T19:09:57.368Z)
[2025-06-25T19:09:57.444Z] [INFO] Found 0 reports to execute in company_9jxwph8g
[2025-06-25T19:09:57.445Z] [INFO] Scheduled reports check completed
[2025-06-25T19:09:57.448Z] [DEBUG] MongoDB connection closed
Wed Jun 25 14:10:00 CDT 2025: Checking if NextJS server is running...
Wed Jun 25 14:10:00 CDT 2025: Running scheduled reports
/Users/sim/Project2/scripts/../scripts/run-simple-scheduled-reports.sh: line 16: node: command not found
Wed Jun 25 14:10:00 CDT 2025: NextJS server is not running. Skipping scheduled reports check.
[2025-06-25T19:10:26.076Z] [INFO] Checking for scheduled reports...
[2025-06-25T19:10:26.774Z] [DEBUG] Connected to MongoDB
[2025-06-25T19:10:26.860Z] [INFO] Found 1 company databases
[2025-06-25T19:10:26.861Z] [DEBUG] Processing company database: company_9jxwph8g
[2025-06-25T19:10:26.944Z] [DEBUG] Finding reports to execute in company_9jxwph8g (current time: 2025-06-25T19:10:26.944Z)
[2025-06-25T19:10:27.019Z] [INFO] Found 0 reports to execute in company_9jxwph8g
[2025-06-25T19:10:27.019Z] [INFO] Scheduled reports check completed
[2025-06-25T19:10:27.021Z] [DEBUG] MongoDB connection closed
[2025-06-25T19:27:21.056Z] [INFO] Checking for scheduled reports...
[2025-06-25T19:27:22.050Z] [DEBUG] Connected to MongoDB
[2025-06-25T19:27:22.132Z] [INFO] Found 1 company databases
[2025-06-25T19:27:22.132Z] [DEBUG] Processing company database: company_9jxwph8g
[2025-06-25T19:27:22.194Z] [DEBUG] Finding reports to execute in company_9jxwph8g (current time: 2025-06-25T19:27:22.194Z)
[2025-06-25T19:27:22.253Z] [INFO] Found 0 reports to execute in company_9jxwph8g
[2025-06-25T19:27:22.254Z] [INFO] Scheduled reports check completed
[2025-06-25T19:27:22.256Z] [DEBUG] MongoDB connection closed
[2025-06-25T19:43:19.913Z] [INFO] Checking for scheduled reports...
[2025-06-25T19:43:21.184Z] [DEBUG] Connected to MongoDB
[2025-06-25T19:43:21.281Z] [INFO] Found 1 company databases
[2025-06-25T19:43:21.282Z] [DEBUG] Processing company database: company_9jxwph8g
[2025-06-25T19:43:21.354Z] [DEBUG] Finding reports to execute in company_9jxwph8g (current time: 2025-06-25T19:43:21.354Z)
[2025-06-25T19:43:21.456Z] [INFO] Found 0 reports to execute in company_9jxwph8g
[2025-06-25T19:43:21.456Z] [INFO] Scheduled reports check completed
[2025-06-25T19:43:21.458Z] [DEBUG] MongoDB connection closed
[2025-06-25T20:32:58.962Z] [INFO] Checking for scheduled reports...
[2025-06-25T20:33:37.182Z] [INFO] Checking for scheduled reports...
[2025-06-25T20:33:38.770Z] [ERROR] Error in checkScheduledReports: Socket 'secureConnect' timed out after 30223ms (connectTimeoutMS: 30000)
[2025-06-25T20:33:38.773Z] [ERROR] Stack trace: MongoNetworkTimeoutError: Socket 'secureConnect' timed out after 30223ms (connectTimeoutMS: 30000)
    at TLSSocket.<anonymous> (/Users/sim/Project2/node_modules/mongodb/lib/cmap/connect.js:287:20)
    at Object.onceWrapper (node:events:621:28)
    at TLSSocket.emit (node:events:507:28)
    at Socket._onTimeout (node:net:609:8)
    at listOnTimeout (node:internal/timers:608:17)
    at process.processTimers (node:internal/timers:543:7)
[2025-06-25T20:33:40.701Z] [DEBUG] Connected to MongoDB
[2025-06-25T20:33:44.139Z] [INFO] Found 1 company databases
[2025-06-25T20:33:44.140Z] [DEBUG] Processing company database: company_9jxwph8g
[2025-06-25T20:33:44.670Z] [DEBUG] Finding reports to execute in company_9jxwph8g (current time: 2025-06-25T20:33:44.670Z)
[2025-06-25T20:33:44.854Z] [INFO] Found 0 reports to execute in company_9jxwph8g
[2025-06-25T20:33:44.854Z] [INFO] Scheduled reports check completed
[2025-06-25T20:33:44.857Z] [DEBUG] MongoDB connection closed
[2025-06-25T20:49:23.648Z] [INFO] Checking for scheduled reports...
[2025-06-25T20:49:33.688Z] [DEBUG] Connected to MongoDB
[2025-06-25T20:49:33.758Z] [INFO] Found 1 company databases
[2025-06-25T20:49:33.759Z] [DEBUG] Processing company database: company_9jxwph8g
[2025-06-25T20:49:33.817Z] [DEBUG] Finding reports to execute in company_9jxwph8g (current time: 2025-06-25T20:49:33.817Z)
[2025-06-25T20:49:33.874Z] [INFO] Found 0 reports to execute in company_9jxwph8g
[2025-06-25T20:49:33.874Z] [INFO] Scheduled reports check completed
[2025-06-25T20:49:33.875Z] [DEBUG] MongoDB connection closed
[2025-06-25T20:49:53.773Z] [INFO] Checking for scheduled reports...
[2025-06-25T20:49:54.370Z] [DEBUG] Connected to MongoDB
[2025-06-25T20:49:54.439Z] [INFO] Found 1 company databases
[2025-06-25T20:49:54.439Z] [DEBUG] Processing company database: company_9jxwph8g
[2025-06-25T20:49:54.498Z] [DEBUG] Finding reports to execute in company_9jxwph8g (current time: 2025-06-25T20:49:54.498Z)
[2025-06-25T20:49:54.574Z] [INFO] Found 0 reports to execute in company_9jxwph8g
[2025-06-25T20:49:54.575Z] [INFO] Scheduled reports check completed
[2025-06-25T20:49:54.577Z] [DEBUG] MongoDB connection closed
[2025-06-25T21:11:38.308Z] [INFO] Checking for scheduled reports...
[2025-06-25T21:11:39.825Z] [DEBUG] Connected to MongoDB
[2025-06-25T21:11:39.933Z] [INFO] Found 1 company databases
[2025-06-25T21:11:39.933Z] [DEBUG] Processing company database: company_9jxwph8g
[2025-06-25T21:11:40.059Z] [DEBUG] Finding reports to execute in company_9jxwph8g (current time: 2025-06-25T21:11:40.059Z)
[2025-06-25T21:11:40.152Z] [INFO] Found 0 reports to execute in company_9jxwph8g
[2025-06-25T21:11:40.153Z] [INFO] Scheduled reports check completed
[2025-06-25T21:11:40.155Z] [DEBUG] MongoDB connection closed
[2025-06-25T22:12:37.269Z] [INFO] Checking for scheduled reports...
[2025-06-25T22:12:38.815Z] [DEBUG] Connected to MongoDB
[2025-06-25T22:12:38.956Z] [INFO] Found 1 company databases
[2025-06-25T22:12:38.957Z] [DEBUG] Processing company database: company_9jxwph8g
[2025-06-25T22:12:39.021Z] [DEBUG] Finding reports to execute in company_9jxwph8g (current time: 2025-06-25T22:12:39.021Z)
[2025-06-25T22:12:39.234Z] [INFO] Found 0 reports to execute in company_9jxwph8g
[2025-06-25T22:12:39.235Z] [INFO] Scheduled reports check completed
[2025-06-25T22:12:39.238Z] [DEBUG] MongoDB connection closed
[2025-06-25T23:53:14.362Z] [INFO] Checking for scheduled reports...
Wed Jun 25 22:27:12 CDT 2025: Running scheduled reports
Wed Jun 25 22:27:12 CDT 2025: Checking if NextJS server is running...
/Users/sim/Project2/scripts/../scripts/run-simple-scheduled-reports.sh: line 16: node: command not found
Wed Jun 25 22:27:13 CDT 2025: NextJS server is not running. Skipping scheduled reports check.
Wed Jun 25 22:28:00 CDT 2025: Running scheduled reports
Wed Jun 25 22:28:00 CDT 2025: Checking if NextJS server is running...
/Users/sim/Project2/scripts/../scripts/run-simple-scheduled-reports.sh: line 16: node: command not found
Wed Jun 25 22:28:00 CDT 2025: NextJS server is not running. Skipping scheduled reports check.
Wed Jun 25 22:44:00 CDT 2025: Running scheduled reports
Wed Jun 25 22:44:00 CDT 2025: Checking if NextJS server is running...
/Users/sim/Project2/scripts/../scripts/run-simple-scheduled-reports.sh: line 16: node: command not found
Wed Jun 25 22:44:00 CDT 2025: NextJS server is not running. Skipping scheduled reports check.
Wed Jun 25 22:45:01 CDT 2025: Checking if NextJS server is running...
Wed Jun 25 22:45:01 CDT 2025: Running scheduled reports
/Users/sim/Project2/scripts/../scripts/run-simple-scheduled-reports.sh: line 16: node: command not found
Wed Jun 25 22:45:01 CDT 2025: NextJS server is not running. Skipping scheduled reports check.
Wed Jun 25 22:46:00 CDT 2025: Checking if NextJS server is running...
Wed Jun 25 22:46:00 CDT 2025: Running scheduled reports
/Users/sim/Project2/scripts/../scripts/run-simple-scheduled-reports.sh: line 16: node: command not found
Wed Jun 25 22:46:00 CDT 2025: NextJS server is not running. Skipping scheduled reports check.
Wed Jun 25 22:47:00 CDT 2025: Checking if NextJS server is running...
Wed Jun 25 22:47:00 CDT 2025: Running scheduled reports
/Users/sim/Project2/scripts/../scripts/run-simple-scheduled-reports.sh: line 16: node: command not found
Wed Jun 25 22:47:00 CDT 2025: NextJS server is not running. Skipping scheduled reports check.
Wed Jun 25 22:48:00 CDT 2025: Checking if NextJS server is running...
Wed Jun 25 22:48:00 CDT 2025: Running scheduled reports
/Users/sim/Project2/scripts/../scripts/run-simple-scheduled-reports.sh: line 16: node: command not found
Wed Jun 25 22:48:00 CDT 2025: NextJS server is not running. Skipping scheduled reports check.
Wed Jun 25 22:49:00 CDT 2025: Running scheduled reports
Wed Jun 25 22:49:00 CDT 2025: Checking if NextJS server is running...
/Users/sim/Project2/scripts/../scripts/run-simple-scheduled-reports.sh: line 16: node: command not found
Wed Jun 25 22:49:00 CDT 2025: NextJS server is not running. Skipping scheduled reports check.
Wed Jun 25 22:50:00 CDT 2025: Running scheduled reports
Wed Jun 25 22:50:00 CDT 2025: Checking if NextJS server is running...
/Users/sim/Project2/scripts/../scripts/run-simple-scheduled-reports.sh: line 16: node: command not found
Wed Jun 25 22:50:00 CDT 2025: NextJS server is not running. Skipping scheduled reports check.
Wed Jun 25 22:51:00 CDT 2025: Checking if NextJS server is running...
Wed Jun 25 22:51:00 CDT 2025: Running scheduled reports
/Users/sim/Project2/scripts/../scripts/run-simple-scheduled-reports.sh: line 16: node: command not found
Wed Jun 25 22:51:00 CDT 2025: NextJS server is not running. Skipping scheduled reports check.
Wed Jun 25 22:52:01 CDT 2025: Checking if NextJS server is running...
Wed Jun 25 22:52:01 CDT 2025: Running scheduled reports
/Users/sim/Project2/scripts/../scripts/run-simple-scheduled-reports.sh: line 16: node: command not found
Wed Jun 25 22:52:01 CDT 2025: NextJS server is not running. Skipping scheduled reports check.
Wed Jun 25 22:53:00 CDT 2025: Running scheduled reports
Wed Jun 25 22:53:00 CDT 2025: Checking if NextJS server is running...
/Users/sim/Project2/scripts/../scripts/run-simple-scheduled-reports.sh: line 16: node: command not found
Wed Jun 25 22:53:00 CDT 2025: NextJS server is not running. Skipping scheduled reports check.
Wed Jun 25 22:54:00 CDT 2025: Running scheduled reports
Wed Jun 25 22:54:00 CDT 2025: Checking if NextJS server is running...
/Users/sim/Project2/scripts/../scripts/run-simple-scheduled-reports.sh: line 16: node: command not found
Wed Jun 25 22:54:00 CDT 2025: NextJS server is not running. Skipping scheduled reports check.
Wed Jun 25 22:55:00 CDT 2025: Running scheduled reports
Wed Jun 25 22:55:00 CDT 2025: Checking if NextJS server is running...
/Users/sim/Project2/scripts/../scripts/run-simple-scheduled-reports.sh: line 16: node: command not found
Wed Jun 25 22:55:00 CDT 2025: NextJS server is not running. Skipping scheduled reports check.
Wed Jun 25 22:56:00 CDT 2025: Running scheduled reports
Wed Jun 25 22:56:00 CDT 2025: Checking if NextJS server is running...
/Users/sim/Project2/scripts/../scripts/run-simple-scheduled-reports.sh: line 16: node: command not found
Wed Jun 25 22:56:00 CDT 2025: NextJS server is not running. Skipping scheduled reports check.
Wed Jun 25 22:57:00 CDT 2025: Running scheduled reports
Wed Jun 25 22:57:00 CDT 2025: Checking if NextJS server is running...
/Users/sim/Project2/scripts/../scripts/run-simple-scheduled-reports.sh: line 16: node: command not found
Wed Jun 25 22:57:00 CDT 2025: NextJS server is not running. Skipping scheduled reports check.
Wed Jun 25 22:58:01 CDT 2025: Checking if NextJS server is running...
Wed Jun 25 22:58:01 CDT 2025: Running scheduled reports
/Users/sim/Project2/scripts/../scripts/run-simple-scheduled-reports.sh: line 16: node: command not found
Wed Jun 25 22:58:01 CDT 2025: NextJS server is not running. Skipping scheduled reports check.
Wed Jun 25 22:59:00 CDT 2025: Running scheduled reports
Wed Jun 25 22:59:00 CDT 2025: Checking if NextJS server is running...
/Users/sim/Project2/scripts/../scripts/run-simple-scheduled-reports.sh: line 16: node: command not found
Wed Jun 25 22:59:00 CDT 2025: NextJS server is not running. Skipping scheduled reports check.
Wed Jun 25 23:00:00 CDT 2025: Checking if NextJS server is running...
Wed Jun 25 23:00:00 CDT 2025: Running scheduled reports
/Users/sim/Project2/scripts/../scripts/run-simple-scheduled-reports.sh: line 16: node: command not found
Wed Jun 25 23:00:00 CDT 2025: NextJS server is not running. Skipping scheduled reports check.
Wed Jun 25 23:01:00 CDT 2025: Checking if NextJS server is running...
Wed Jun 25 23:01:00 CDT 2025: Running scheduled reports
/Users/sim/Project2/scripts/../scripts/run-simple-scheduled-reports.sh: line 16: node: command not found
Wed Jun 25 23:01:00 CDT 2025: NextJS server is not running. Skipping scheduled reports check.
Wed Jun 25 23:02:00 CDT 2025: Running scheduled reports
Wed Jun 25 23:02:00 CDT 2025: Checking if NextJS server is running...
/Users/sim/Project2/scripts/../scripts/run-simple-scheduled-reports.sh: line 16: node: command not found
Wed Jun 25 23:02:00 CDT 2025: NextJS server is not running. Skipping scheduled reports check.
Wed Jun 25 23:03:00 CDT 2025: Checking if NextJS server is running...
Wed Jun 25 23:03:00 CDT 2025: Running scheduled reports
/Users/sim/Project2/scripts/../scripts/run-simple-scheduled-reports.sh: line 16: node: command not found
Wed Jun 25 23:03:01 CDT 2025: NextJS server is not running. Skipping scheduled reports check.
Wed Jun 25 23:04:00 CDT 2025: Checking if NextJS server is running...
Wed Jun 25 23:04:00 CDT 2025: Running scheduled reports
/Users/sim/Project2/scripts/../scripts/run-simple-scheduled-reports.sh: line 16: node: command not found
Wed Jun 25 23:04:00 CDT 2025: NextJS server is not running. Skipping scheduled reports check.
Wed Jun 25 23:05:00 CDT 2025: Checking if NextJS server is running...
Wed Jun 25 23:05:00 CDT 2025: Running scheduled reports
/Users/sim/Project2/scripts/../scripts/run-simple-scheduled-reports.sh: line 16: node: command not found
Wed Jun 25 23:05:00 CDT 2025: NextJS server is not running. Skipping scheduled reports check.
Wed Jun 25 23:06:00 CDT 2025: Checking if NextJS server is running...
Wed Jun 25 23:06:00 CDT 2025: Running scheduled reports
/Users/sim/Project2/scripts/../scripts/run-simple-scheduled-reports.sh: line 16: node: command not found
Wed Jun 25 23:06:00 CDT 2025: NextJS server is not running. Skipping scheduled reports check.
Wed Jun 25 23:07:00 CDT 2025: Checking if NextJS server is running...
Wed Jun 25 23:07:00 CDT 2025: Running scheduled reports
/Users/sim/Project2/scripts/../scripts/run-simple-scheduled-reports.sh: line 16: node: command not found
Wed Jun 25 23:07:00 CDT 2025: NextJS server is not running. Skipping scheduled reports check.
Wed Jun 25 23:08:00 CDT 2025: Checking if NextJS server is running...
Wed Jun 25 23:08:00 CDT 2025: Running scheduled reports
/Users/sim/Project2/scripts/../scripts/run-simple-scheduled-reports.sh: line 16: node: command not found
Wed Jun 25 23:08:00 CDT 2025: NextJS server is not running. Skipping scheduled reports check.
Wed Jun 25 23:09:00 CDT 2025: Running scheduled reports
Wed Jun 25 23:09:00 CDT 2025: Checking if NextJS server is running...
/Users/sim/Project2/scripts/../scripts/run-simple-scheduled-reports.sh: line 16: node: command not found
Wed Jun 25 23:09:01 CDT 2025: NextJS server is not running. Skipping scheduled reports check.
Wed Jun 25 23:10:00 CDT 2025: Running scheduled reports
Wed Jun 25 23:10:00 CDT 2025: Checking if NextJS server is running...
/Users/sim/Project2/scripts/../scripts/run-simple-scheduled-reports.sh: line 16: node: command not found
Wed Jun 25 23:10:00 CDT 2025: NextJS server is not running. Skipping scheduled reports check.
Wed Jun 25 23:11:00 CDT 2025: Checking if NextJS server is running...
Wed Jun 25 23:11:00 CDT 2025: Running scheduled reports
/Users/sim/Project2/scripts/../scripts/run-simple-scheduled-reports.sh: line 16: node: command not found
Wed Jun 25 23:11:00 CDT 2025: NextJS server is not running. Skipping scheduled reports check.
Wed Jun 25 23:12:00 CDT 2025: Running scheduled reports
Wed Jun 25 23:12:00 CDT 2025: Checking if NextJS server is running...
/Users/sim/Project2/scripts/../scripts/run-simple-scheduled-reports.sh: line 16: node: command not found
Wed Jun 25 23:12:00 CDT 2025: NextJS server is not running. Skipping scheduled reports check.
Wed Jun 25 23:13:00 CDT 2025: Checking if NextJS server is running...
Wed Jun 25 23:13:00 CDT 2025: Running scheduled reports
/Users/sim/Project2/scripts/../scripts/run-simple-scheduled-reports.sh: line 16: node: command not found
Wed Jun 25 23:13:00 CDT 2025: NextJS server is not running. Skipping scheduled reports check.
Wed Jun 25 23:14:00 CDT 2025: Running scheduled reports
Wed Jun 25 23:14:00 CDT 2025: Checking if NextJS server is running...
/Users/sim/Project2/scripts/../scripts/run-simple-scheduled-reports.sh: line 16: node: command not found
Wed Jun 25 23:14:00 CDT 2025: NextJS server is not running. Skipping scheduled reports check.
Wed Jun 25 23:15:01 CDT 2025: Running scheduled reports
Wed Jun 25 23:15:01 CDT 2025: Checking if NextJS server is running...
/Users/sim/Project2/scripts/../scripts/run-simple-scheduled-reports.sh: line 16: node: command not found
Wed Jun 25 23:15:01 CDT 2025: NextJS server is not running. Skipping scheduled reports check.
Wed Jun 25 23:16:00 CDT 2025: Checking if NextJS server is running...
Wed Jun 25 23:16:00 CDT 2025: Running scheduled reports
/Users/sim/Project2/scripts/../scripts/run-simple-scheduled-reports.sh: line 16: node: command not found
Wed Jun 25 23:16:00 CDT 2025: NextJS server is not running. Skipping scheduled reports check.
Wed Jun 25 23:17:00 CDT 2025: Running scheduled reports
Wed Jun 25 23:17:00 CDT 2025: Checking if NextJS server is running...
/Users/sim/Project2/scripts/../scripts/run-simple-scheduled-reports.sh: line 16: node: command not found
Wed Jun 25 23:17:00 CDT 2025: NextJS server is not running. Skipping scheduled reports check.
Wed Jun 25 23:18:00 CDT 2025: Checking if NextJS server is running...
Wed Jun 25 23:18:00 CDT 2025: Running scheduled reports
/Users/sim/Project2/scripts/../scripts/run-simple-scheduled-reports.sh: line 16: node: command not found
Wed Jun 25 23:18:00 CDT 2025: NextJS server is not running. Skipping scheduled reports check.
Wed Jun 25 23:19:00 CDT 2025: Running scheduled reports
Wed Jun 25 23:19:00 CDT 2025: Checking if NextJS server is running...
/Users/sim/Project2/scripts/../scripts/run-simple-scheduled-reports.sh: line 16: node: command not found
Wed Jun 25 23:19:00 CDT 2025: NextJS server is not running. Skipping scheduled reports check.
Wed Jun 25 23:20:00 CDT 2025: Checking if NextJS server is running...
Wed Jun 25 23:20:00 CDT 2025: Running scheduled reports
/Users/sim/Project2/scripts/../scripts/run-simple-scheduled-reports.sh: line 16: node: command not found
Wed Jun 25 23:20:00 CDT 2025: NextJS server is not running. Skipping scheduled reports check.
Wed Jun 25 23:21:01 CDT 2025: Checking if NextJS server is running...
Wed Jun 25 23:21:01 CDT 2025: Running scheduled reports
/Users/sim/Project2/scripts/../scripts/run-simple-scheduled-reports.sh: line 16: node: command not found
Wed Jun 25 23:21:01 CDT 2025: NextJS server is not running. Skipping scheduled reports check.
Wed Jun 25 23:22:00 CDT 2025: Checking if NextJS server is running...
Wed Jun 25 23:22:00 CDT 2025: Running scheduled reports
/Users/sim/Project2/scripts/../scripts/run-simple-scheduled-reports.sh: line 16: node: command not found
Wed Jun 25 23:22:00 CDT 2025: NextJS server is not running. Skipping scheduled reports check.
Wed Jun 25 23:23:00 CDT 2025: Running scheduled reports
Wed Jun 25 23:23:00 CDT 2025: Checking if NextJS server is running...
/Users/sim/Project2/scripts/../scripts/run-simple-scheduled-reports.sh: line 16: node: command not found
Wed Jun 25 23:23:00 CDT 2025: NextJS server is not running. Skipping scheduled reports check.
Wed Jun 25 23:24:00 CDT 2025: Checking if NextJS server is running...
Wed Jun 25 23:24:00 CDT 2025: Running scheduled reports
/Users/sim/Project2/scripts/../scripts/run-simple-scheduled-reports.sh: line 16: node: command not found
Wed Jun 25 23:24:00 CDT 2025: NextJS server is not running. Skipping scheduled reports check.
Wed Jun 25 23:25:00 CDT 2025: Running scheduled reports
Wed Jun 25 23:25:00 CDT 2025: Checking if NextJS server is running...
/Users/sim/Project2/scripts/../scripts/run-simple-scheduled-reports.sh: line 16: node: command not found
Wed Jun 25 23:25:00 CDT 2025: NextJS server is not running. Skipping scheduled reports check.
Wed Jun 25 23:26:01 CDT 2025: Running scheduled reports
Wed Jun 25 23:26:01 CDT 2025: Checking if NextJS server is running...
/Users/sim/Project2/scripts/../scripts/run-simple-scheduled-reports.sh: line 16: node: command not found
Wed Jun 25 23:26:01 CDT 2025: NextJS server is not running. Skipping scheduled reports check.
Wed Jun 25 23:27:00 CDT 2025: Running scheduled reports
Wed Jun 25 23:27:00 CDT 2025: Checking if NextJS server is running...
/Users/sim/Project2/scripts/../scripts/run-simple-scheduled-reports.sh: line 16: node: command not found
Wed Jun 25 23:27:00 CDT 2025: NextJS server is not running. Skipping scheduled reports check.
Wed Jun 25 23:28:00 CDT 2025: Running scheduled reports
Wed Jun 25 23:28:00 CDT 2025: Checking if NextJS server is running...
/Users/sim/Project2/scripts/../scripts/run-simple-scheduled-reports.sh: line 16: node: command not found
Wed Jun 25 23:28:00 CDT 2025: NextJS server is not running. Skipping scheduled reports check.
Wed Jun 25 23:29:00 CDT 2025: Running scheduled reports
Wed Jun 25 23:29:00 CDT 2025: Checking if NextJS server is running...
/Users/sim/Project2/scripts/../scripts/run-simple-scheduled-reports.sh: line 16: node: command not found
Wed Jun 25 23:29:00 CDT 2025: NextJS server is not running. Skipping scheduled reports check.
Wed Jun 25 23:30:00 CDT 2025: Running scheduled reports
Wed Jun 25 23:30:00 CDT 2025: Checking if NextJS server is running...
/Users/sim/Project2/scripts/../scripts/run-simple-scheduled-reports.sh: line 16: node: command not found
Wed Jun 25 23:30:00 CDT 2025: NextJS server is not running. Skipping scheduled reports check.
Wed Jun 25 23:31:00 CDT 2025: Checking if NextJS server is running...
Wed Jun 25 23:31:00 CDT 2025: Running scheduled reports
/Users/sim/Project2/scripts/../scripts/run-simple-scheduled-reports.sh: line 16: node: command not found
Wed Jun 25 23:31:00 CDT 2025: NextJS server is not running. Skipping scheduled reports check.
Wed Jun 25 23:32:00 CDT 2025: Checking if NextJS server is running...
Wed Jun 25 23:32:00 CDT 2025: Running scheduled reports
/Users/sim/Project2/scripts/../scripts/run-simple-scheduled-reports.sh: line 16: node: command not found
Wed Jun 25 23:32:01 CDT 2025: NextJS server is not running. Skipping scheduled reports check.
Wed Jun 25 23:33:00 CDT 2025: Checking if NextJS server is running...
Wed Jun 25 23:33:00 CDT 2025: Running scheduled reports
/Users/sim/Project2/scripts/../scripts/run-simple-scheduled-reports.sh: line 16: node: command not found
Wed Jun 25 23:33:00 CDT 2025: NextJS server is not running. Skipping scheduled reports check.
Wed Jun 25 23:34:00 CDT 2025: Checking if NextJS server is running...
Wed Jun 25 23:34:00 CDT 2025: Running scheduled reports
/Users/sim/Project2/scripts/../scripts/run-simple-scheduled-reports.sh: line 16: node: command not found
Wed Jun 25 23:34:00 CDT 2025: NextJS server is not running. Skipping scheduled reports check.
Wed Jun 25 23:35:00 CDT 2025: Running scheduled reports
Wed Jun 25 23:35:00 CDT 2025: Checking if NextJS server is running...
/Users/sim/Project2/scripts/../scripts/run-simple-scheduled-reports.sh: line 16: node: command not found
Wed Jun 25 23:35:00 CDT 2025: NextJS server is not running. Skipping scheduled reports check.
Wed Jun 25 23:36:00 CDT 2025: Running scheduled reports
Wed Jun 25 23:36:00 CDT 2025: Checking if NextJS server is running...
/Users/sim/Project2/scripts/../scripts/run-simple-scheduled-reports.sh: line 16: node: command not found
Wed Jun 25 23:36:00 CDT 2025: NextJS server is not running. Skipping scheduled reports check.
Wed Jun 25 23:37:00 CDT 2025: Running scheduled reports
Wed Jun 25 23:37:00 CDT 2025: Checking if NextJS server is running...
/Users/sim/Project2/scripts/../scripts/run-simple-scheduled-reports.sh: line 16: node: command not found
Wed Jun 25 23:37:00 CDT 2025: NextJS server is not running. Skipping scheduled reports check.
Wed Jun 25 23:38:00 CDT 2025: Checking if NextJS server is running...
Wed Jun 25 23:38:00 CDT 2025: Running scheduled reports
/Users/sim/Project2/scripts/../scripts/run-simple-scheduled-reports.sh: line 16: node: command not found
Wed Jun 25 23:38:00 CDT 2025: NextJS server is not running. Skipping scheduled reports check.
Wed Jun 25 23:39:00 CDT 2025: Running scheduled reports
Wed Jun 25 23:39:00 CDT 2025: Checking if NextJS server is running...
/Users/sim/Project2/scripts/../scripts/run-simple-scheduled-reports.sh: line 16: node: command not found
Wed Jun 25 23:39:01 CDT 2025: NextJS server is not running. Skipping scheduled reports check.
Wed Jun 25 23:40:00 CDT 2025: Running scheduled reports
Wed Jun 25 23:40:00 CDT 2025: Checking if NextJS server is running...
/Users/sim/Project2/scripts/../scripts/run-simple-scheduled-reports.sh: line 16: node: command not found
Wed Jun 25 23:40:00 CDT 2025: NextJS server is not running. Skipping scheduled reports check.
Wed Jun 25 23:41:00 CDT 2025: Checking if NextJS server is running...
Wed Jun 25 23:41:00 CDT 2025: Running scheduled reports
/Users/sim/Project2/scripts/../scripts/run-simple-scheduled-reports.sh: line 16: node: command not found
Wed Jun 25 23:41:00 CDT 2025: NextJS server is not running. Skipping scheduled reports check.
Wed Jun 25 23:42:00 CDT 2025: Running scheduled reports
Wed Jun 25 23:42:00 CDT 2025: Checking if NextJS server is running...
/Users/sim/Project2/scripts/../scripts/run-simple-scheduled-reports.sh: line 16: node: command not found
Wed Jun 25 23:42:00 CDT 2025: NextJS server is not running. Skipping scheduled reports check.
Wed Jun 25 23:43:00 CDT 2025: Checking if NextJS server is running...
Wed Jun 25 23:43:00 CDT 2025: Running scheduled reports
/Users/sim/Project2/scripts/../scripts/run-simple-scheduled-reports.sh: line 16: node: command not found
Wed Jun 25 23:43:00 CDT 2025: NextJS server is not running. Skipping scheduled reports check.
Wed Jun 25 23:44:00 CDT 2025: Checking if NextJS server is running...
Wed Jun 25 23:44:00 CDT 2025: Running scheduled reports
/Users/sim/Project2/scripts/../scripts/run-simple-scheduled-reports.sh: line 16: node: command not found
Wed Jun 25 23:44:00 CDT 2025: NextJS server is not running. Skipping scheduled reports check.
Wed Jun 25 23:45:00 CDT 2025: Running scheduled reports
Wed Jun 25 23:45:00 CDT 2025: Checking if NextJS server is running...
/Users/sim/Project2/scripts/../scripts/run-simple-scheduled-reports.sh: line 16: node: command not found
Wed Jun 25 23:45:00 CDT 2025: NextJS server is not running. Skipping scheduled reports check.
Wed Jun 25 23:46:00 CDT 2025: Running scheduled reports
Wed Jun 25 23:46:00 CDT 2025: Checking if NextJS server is running...
/Users/sim/Project2/scripts/../scripts/run-simple-scheduled-reports.sh: line 16: node: command not found
Wed Jun 25 23:46:00 CDT 2025: NextJS server is not running. Skipping scheduled reports check.
Wed Jun 25 23:47:01 CDT 2025: Checking if NextJS server is running...
Wed Jun 25 23:47:01 CDT 2025: Running scheduled reports
/Users/sim/Project2/scripts/../scripts/run-simple-scheduled-reports.sh: line 16: node: command not found
Wed Jun 25 23:47:01 CDT 2025: NextJS server is not running. Skipping scheduled reports check.
Wed Jun 25 23:48:00 CDT 2025: Checking if NextJS server is running...
Wed Jun 25 23:48:00 CDT 2025: Running scheduled reports
/Users/sim/Project2/scripts/../scripts/run-simple-scheduled-reports.sh: line 16: node: command not found
Wed Jun 25 23:48:00 CDT 2025: NextJS server is not running. Skipping scheduled reports check.
Wed Jun 25 23:49:00 CDT 2025: Checking if NextJS server is running...
Wed Jun 25 23:49:00 CDT 2025: Running scheduled reports
/Users/sim/Project2/scripts/../scripts/run-simple-scheduled-reports.sh: line 16: node: command not found
Wed Jun 25 23:49:00 CDT 2025: NextJS server is not running. Skipping scheduled reports check.
Wed Jun 25 23:50:00 CDT 2025: Checking if NextJS server is running...
Wed Jun 25 23:50:00 CDT 2025: Running scheduled reports
/Users/sim/Project2/scripts/../scripts/run-simple-scheduled-reports.sh: line 16: node: command not found
Wed Jun 25 23:50:00 CDT 2025: NextJS server is not running. Skipping scheduled reports check.
Wed Jun 25 23:51:00 CDT 2025: Checking if NextJS server is running...
Wed Jun 25 23:51:00 CDT 2025: Running scheduled reports
/Users/sim/Project2/scripts/../scripts/run-simple-scheduled-reports.sh: line 16: node: command not found
Wed Jun 25 23:51:00 CDT 2025: NextJS server is not running. Skipping scheduled reports check.
Wed Jun 25 23:52:00 CDT 2025: Running scheduled reports
Wed Jun 25 23:52:00 CDT 2025: Checking if NextJS server is running...
/Users/sim/Project2/scripts/../scripts/run-simple-scheduled-reports.sh: line 16: node: command not found
Wed Jun 25 23:52:00 CDT 2025: NextJS server is not running. Skipping scheduled reports check.
Wed Jun 25 23:53:00 CDT 2025: Checking if NextJS server is running...
Wed Jun 25 23:53:00 CDT 2025: Running scheduled reports
/Users/sim/Project2/scripts/../scripts/run-simple-scheduled-reports.sh: line 16: node: command not found
Wed Jun 25 23:53:01 CDT 2025: NextJS server is not running. Skipping scheduled reports check.
Wed Jun 25 23:54:00 CDT 2025: Checking if NextJS server is running...
Wed Jun 25 23:54:00 CDT 2025: Running scheduled reports
/Users/sim/Project2/scripts/../scripts/run-simple-scheduled-reports.sh: line 16: node: command not found
Wed Jun 25 23:54:00 CDT 2025: NextJS server is not running. Skipping scheduled reports check.
Wed Jun 25 23:55:00 CDT 2025: Running scheduled reports
Wed Jun 25 23:55:00 CDT 2025: Checking if NextJS server is running...
/Users/sim/Project2/scripts/../scripts/run-simple-scheduled-reports.sh: line 16: node: command not found
Wed Jun 25 23:55:00 CDT 2025: NextJS server is not running. Skipping scheduled reports check.
Wed Jun 25 23:56:00 CDT 2025: Running scheduled reports
Wed Jun 25 23:56:00 CDT 2025: Checking if NextJS server is running...
/Users/sim/Project2/scripts/../scripts/run-simple-scheduled-reports.sh: line 16: node: command not found
Wed Jun 25 23:56:00 CDT 2025: NextJS server is not running. Skipping scheduled reports check.
Wed Jun 25 23:57:00 CDT 2025: Running scheduled reports
Wed Jun 25 23:57:00 CDT 2025: Checking if NextJS server is running...
/Users/sim/Project2/scripts/../scripts/run-simple-scheduled-reports.sh: line 16: node: command not found
Wed Jun 25 23:57:00 CDT 2025: NextJS server is not running. Skipping scheduled reports check.
Wed Jun 25 23:58:00 CDT 2025: Running scheduled reports
Wed Jun 25 23:58:00 CDT 2025: Checking if NextJS server is running...
/Users/sim/Project2/scripts/../scripts/run-simple-scheduled-reports.sh: line 16: node: command not found
Wed Jun 25 23:58:00 CDT 2025: NextJS server is not running. Skipping scheduled reports check.
Wed Jun 25 23:59:00 CDT 2025: Checking if NextJS server is running...
Wed Jun 25 23:59:00 CDT 2025: Running scheduled reports
/Users/sim/Project2/scripts/../scripts/run-simple-scheduled-reports.sh: line 16: node: command not found
Wed Jun 25 23:59:00 CDT 2025: NextJS server is not running. Skipping scheduled reports check.
