Loading environment from .env.local
Starting subscription monitor...
Connecting to MongoDB...
Connected to MongoDB
Syncing all subscriptions from Stripe to MongoDB...
Found 25 subscriptions in Stripe
Updating paid status for company: IvHcCeMc to true
Updated 0 users in company_ivhccemc to paid: true
Updating paid status for company: NNTZco4x to true
No users collection found in company_nntzco4x
Finished syncing all subscriptions
Error setting up subscription change stream: MongoServerError: An existing index has the same name as the requested index. When index names are not specified, they are auto generated and can cause conflicts. Please refer to our documentation. Requested index: { v: 2, key: { companyCode: 1 }, name: "companyCode_1" }, existing index: { v: 2, unique: true, key: { companyCode: 1 }, name: "companyCode_1", background: true }
    at Connection.sendCommand (/Users/sim/Project2/node_modules/mongodb/lib/cmap/connection.js:299:27)
    at process.processTicksAndRejections (node:internal/process/task_queues:105:5)
    at async Connection.command (/Users/sim/Project2/node_modules/mongodb/lib/cmap/connection.js:327:26)
    at async Server.command (/Users/sim/Project2/node_modules/mongodb/lib/sdam/server.js:168:29)
    at async CreateIndexesOperation.executeCommand (/Users/sim/Project2/node_modules/mongodb/lib/operations/command.js:76:16)
    at async CreateIndexesOperation.execute (/Users/sim/Project2/node_modules/mongodb/lib/operations/indexes.js:122:9)
    at async tryOperation (/Users/sim/Project2/node_modules/mongodb/lib/operations/execute_operation.js:207:20)
    at async executeOperation (/Users/sim/Project2/node_modules/mongodb/lib/operations/execute_operation.js:75:16)
    at async Collection.createIndex (/Users/sim/Project2/node_modules/mongodb/lib/collection.js:329:25)
    at async setupSubscriptionChangeStream (/Users/sim/Project2/scripts/subscription-monitor.js:309:5) {
  errorLabelSet: Set(0) {},
  errorResponse: {
    ok: 0,
    errmsg: 'An existing index has the same name as the requested index. When index names are not specified, they are auto generated and can cause conflicts. Please refer to our documentation. Requested index: { v: 2, key: { companyCode: 1 }, name: "companyCode_1" }, existing index: { v: 2, unique: true, key: { companyCode: 1 }, name: "companyCode_1", background: true }',
    code: 86,
    codeName: 'IndexKeySpecsConflict',
    '$clusterTime': {
      clusterTime: new Timestamp({ t: 1749157687, i: 43 }),
      signature: [Object]
    },
    operationTime: new Timestamp({ t: 1749157687, i: 43 })
  },
  ok: 0,
  code: 86,
  codeName: 'IndexKeySpecsConflict',
  '$clusterTime': {
    clusterTime: new Timestamp({ t: 1749157687, i: 43 }),
    signature: {
      hash: Binary.createFromBase64('xKAOK9gIjDNjxdbfeBka05SQLME=', 0),
      keyId: new Long('7460919927629676556')
    }
  },
  operationTime: new Timestamp({ t: 1749157687, i: 43 })
}
Checking for new company databases...
Checking for expired subscriptions...
Subscription monitor is running
Updating paid status for company: IvHcCeMc to true
Updated 0 users in company_ivhccemc to paid: true
Updating paid status for company: eoVVtJ2e to true
Subscription for company IvHcCeMc has expired
Subscription for company NNTZco4x has expired
Updated 0 users in company_eovvtj2e to paid: true
Updating paid status for company: NNTZco4x to true
No users collection found in company_nntzco4x
Error setting up subscription change stream: MongoServerError: An existing index has the same name as the requested index. When index names are not specified, they are auto generated and can cause conflicts. Please refer to our documentation. Requested index: { v: 2, key: { companyCode: 1 }, name: "companyCode_1" }, existing index: { v: 2, unique: true, key: { companyCode: 1 }, name: "companyCode_1", background: true }
    at Connection.sendCommand (/Users/sim/Project2/node_modules/mongodb/lib/cmap/connection.js:299:27)
    at process.processTicksAndRejections (node:internal/process/task_queues:105:5)
    at async Connection.command (/Users/sim/Project2/node_modules/mongodb/lib/cmap/connection.js:327:26)
    at async Server.command (/Users/sim/Project2/node_modules/mongodb/lib/sdam/server.js:168:29)
    at async CreateIndexesOperation.executeCommand (/Users/sim/Project2/node_modules/mongodb/lib/operations/command.js:76:16)
    at async CreateIndexesOperation.execute (/Users/sim/Project2/node_modules/mongodb/lib/operations/indexes.js:122:9)
    at async tryOperation (/Users/sim/Project2/node_modules/mongodb/lib/operations/execute_operation.js:207:20)
    at async executeOperation (/Users/sim/Project2/node_modules/mongodb/lib/operations/execute_operation.js:75:16)
    at async Collection.createIndex (/Users/sim/Project2/node_modules/mongodb/lib/collection.js:329:25)
    at async Timeout.setupSubscriptionChangeStream [as _onTimeout] (/Users/sim/Project2/scripts/subscription-monitor.js:309:5) {
  errorLabelSet: Set(0) {},
  errorResponse: {
    ok: 0,
    errmsg: 'An existing index has the same name as the requested index. When index names are not specified, they are auto generated and can cause conflicts. Please refer to our documentation. Requested index: { v: 2, key: { companyCode: 1 }, name: "companyCode_1" }, existing index: { v: 2, unique: true, key: { companyCode: 1 }, name: "companyCode_1", background: true }',
    code: 86,
    codeName: 'IndexKeySpecsConflict',
    '$clusterTime': {
      clusterTime: new Timestamp({ t: 1749157693, i: 22 }),
      signature: [Object]
    },
    operationTime: new Timestamp({ t: 1749157693, i: 22 })
  },
  ok: 0,
  code: 86,
  codeName: 'IndexKeySpecsConflict',
  '$clusterTime': {
    clusterTime: new Timestamp({ t: 1749157693, i: 22 }),
    signature: {
      hash: Binary.createFromBase64('v2zsRGqr/96NJOkbvcKbGJGDIis=', 0),
      keyId: new Long('7460919927629676556')
    }
  },
  operationTime: new Timestamp({ t: 1749157693, i: 22 })
}
Error setting up subscription change stream: MongoServerError: An existing index has the same name as the requested index. When index names are not specified, they are auto generated and can cause conflicts. Please refer to our documentation. Requested index: { v: 2, key: { companyCode: 1 }, name: "companyCode_1" }, existing index: { v: 2, unique: true, key: { companyCode: 1 }, name: "companyCode_1", background: true }
    at Connection.sendCommand (/Users/sim/Project2/node_modules/mongodb/lib/cmap/connection.js:299:27)
    at process.processTicksAndRejections (node:internal/process/task_queues:105:5)
    at async Connection.command (/Users/sim/Project2/node_modules/mongodb/lib/cmap/connection.js:327:26)
    at async Server.command (/Users/sim/Project2/node_modules/mongodb/lib/sdam/server.js:168:29)
    at async CreateIndexesOperation.executeCommand (/Users/sim/Project2/node_modules/mongodb/lib/operations/command.js:76:16)
    at async CreateIndexesOperation.execute (/Users/sim/Project2/node_modules/mongodb/lib/operations/indexes.js:122:9)
    at async tryOperation (/Users/sim/Project2/node_modules/mongodb/lib/operations/execute_operation.js:207:20)
    at async executeOperation (/Users/sim/Project2/node_modules/mongodb/lib/operations/execute_operation.js:75:16)
    at async Collection.createIndex (/Users/sim/Project2/node_modules/mongodb/lib/collection.js:329:25)
    at async Timeout.setupSubscriptionChangeStream [as _onTimeout] (/Users/sim/Project2/scripts/subscription-monitor.js:309:5) {
  errorLabelSet: Set(0) {},
  errorResponse: {
    ok: 0,
    errmsg: 'An existing index has the same name as the requested index. When index names are not specified, they are auto generated and can cause conflicts. Please refer to our documentation. Requested index: { v: 2, key: { companyCode: 1 }, name: "companyCode_1" }, existing index: { v: 2, unique: true, key: { companyCode: 1 }, name: "companyCode_1", background: true }',
    code: 86,
    codeName: 'IndexKeySpecsConflict',
    '$clusterTime': {
      clusterTime: new Timestamp({ t: 1749157698, i: 61 }),
      signature: [Object]
    },
    operationTime: new Timestamp({ t: 1749157698, i: 61 })
  },
  ok: 0,
  code: 86,
  codeName: 'IndexKeySpecsConflict',
  '$clusterTime': {
    clusterTime: new Timestamp({ t: 1749157698, i: 61 }),
    signature: {
      hash: Binary.createFromBase64('aKzJTswxb84T64kNzA9kvuE6/cA=', 0),
      keyId: new Long('7460919927629676556')
    }
  },
  operationTime: new Timestamp({ t: 1749157698, i: 61 })
}
Error setting up subscription change stream: MongoServerError: An existing index has the same name as the requested index. When index names are not specified, they are auto generated and can cause conflicts. Please refer to our documentation. Requested index: { v: 2, key: { companyCode: 1 }, name: "companyCode_1" }, existing index: { v: 2, unique: true, key: { companyCode: 1 }, name: "companyCode_1", background: true }
    at Connection.sendCommand (/Users/sim/Project2/node_modules/mongodb/lib/cmap/connection.js:299:27)
    at process.processTicksAndRejections (node:internal/process/task_queues:105:5)
    at async Connection.command (/Users/sim/Project2/node_modules/mongodb/lib/cmap/connection.js:327:26)
    at async Server.command (/Users/sim/Project2/node_modules/mongodb/lib/sdam/server.js:168:29)
    at async CreateIndexesOperation.executeCommand (/Users/sim/Project2/node_modules/mongodb/lib/operations/command.js:76:16)
    at async CreateIndexesOperation.execute (/Users/sim/Project2/node_modules/mongodb/lib/operations/indexes.js:122:9)
    at async tryOperation (/Users/sim/Project2/node_modules/mongodb/lib/operations/execute_operation.js:207:20)
    at async executeOperation (/Users/sim/Project2/node_modules/mongodb/lib/operations/execute_operation.js:75:16)
    at async Collection.createIndex (/Users/sim/Project2/node_modules/mongodb/lib/collection.js:329:25)
    at async Timeout.setupSubscriptionChangeStream [as _onTimeout] (/Users/sim/Project2/scripts/subscription-monitor.js:309:5) {
  errorLabelSet: Set(0) {},
  errorResponse: {
    ok: 0,
    errmsg: 'An existing index has the same name as the requested index. When index names are not specified, they are auto generated and can cause conflicts. Please refer to our documentation. Requested index: { v: 2, key: { companyCode: 1 }, name: "companyCode_1" }, existing index: { v: 2, unique: true, key: { companyCode: 1 }, name: "companyCode_1", background: true }',
    code: 86,
    codeName: 'IndexKeySpecsConflict',
    '$clusterTime': {
      clusterTime: new Timestamp({ t: 1749157704, i: 22 }),
      signature: [Object]
    },
    operationTime: new Timestamp({ t: 1749157704, i: 22 })
  },
  ok: 0,
  code: 86,
  codeName: 'IndexKeySpecsConflict',
  '$clusterTime': {
    clusterTime: new Timestamp({ t: 1749157704, i: 22 }),
    signature: {
      hash: Binary.createFromBase64('SvraxuY6wbg0quAxBK8g9qbVCZk=', 0),
      keyId: new Long('7460919927629676556')
    }
  },
  operationTime: new Timestamp({ t: 1749157704, i: 22 })
}
Error setting up subscription change stream: MongoServerError: An existing index has the same name as the requested index. When index names are not specified, they are auto generated and can cause conflicts. Please refer to our documentation. Requested index: { v: 2, key: { companyCode: 1 }, name: "companyCode_1" }, existing index: { v: 2, unique: true, key: { companyCode: 1 }, name: "companyCode_1", background: true }
    at Connection.sendCommand (/Users/sim/Project2/node_modules/mongodb/lib/cmap/connection.js:299:27)
    at process.processTicksAndRejections (node:internal/process/task_queues:105:5)
    at async Connection.command (/Users/sim/Project2/node_modules/mongodb/lib/cmap/connection.js:327:26)
    at async Server.command (/Users/sim/Project2/node_modules/mongodb/lib/sdam/server.js:168:29)
    at async CreateIndexesOperation.executeCommand (/Users/sim/Project2/node_modules/mongodb/lib/operations/command.js:76:16)
    at async CreateIndexesOperation.execute (/Users/sim/Project2/node_modules/mongodb/lib/operations/indexes.js:122:9)
    at async tryOperation (/Users/sim/Project2/node_modules/mongodb/lib/operations/execute_operation.js:207:20)
    at async executeOperation (/Users/sim/Project2/node_modules/mongodb/lib/operations/execute_operation.js:75:16)
    at async Collection.createIndex (/Users/sim/Project2/node_modules/mongodb/lib/collection.js:329:25)
    at async Timeout.setupSubscriptionChangeStream [as _onTimeout] (/Users/sim/Project2/scripts/subscription-monitor.js:309:5) {
  errorLabelSet: Set(0) {},
  errorResponse: {
    ok: 0,
    errmsg: 'An existing index has the same name as the requested index. When index names are not specified, they are auto generated and can cause conflicts. Please refer to our documentation. Requested index: { v: 2, key: { companyCode: 1 }, name: "companyCode_1" }, existing index: { v: 2, unique: true, key: { companyCode: 1 }, name: "companyCode_1", background: true }',
    code: 86,
    codeName: 'IndexKeySpecsConflict',
    '$clusterTime': {
      clusterTime: new Timestamp({ t: 1749157710, i: 1 }),
      signature: [Object]
    },
    operationTime: new Timestamp({ t: 1749157710, i: 1 })
  },
  ok: 0,
  code: 86,
  codeName: 'IndexKeySpecsConflict',
  '$clusterTime': {
    clusterTime: new Timestamp({ t: 1749157710, i: 1 }),
    signature: {
      hash: Binary.createFromBase64('flN4rpNeV8mC5dC6XBrvKtNR8gc=', 0),
      keyId: new Long('7460919927629676556')
    }
  },
  operationTime: new Timestamp({ t: 1749157710, i: 1 })
}
Error setting up subscription change stream: MongoServerError: An existing index has the same name as the requested index. When index names are not specified, they are auto generated and can cause conflicts. Please refer to our documentation. Requested index: { v: 2, key: { companyCode: 1 }, name: "companyCode_1" }, existing index: { v: 2, unique: true, key: { companyCode: 1 }, name: "companyCode_1", background: true }
    at Connection.sendCommand (/Users/sim/Project2/node_modules/mongodb/lib/cmap/connection.js:299:27)
    at process.processTicksAndRejections (node:internal/process/task_queues:105:5)
    at async Connection.command (/Users/sim/Project2/node_modules/mongodb/lib/cmap/connection.js:327:26)
    at async Server.command (/Users/sim/Project2/node_modules/mongodb/lib/sdam/server.js:168:29)
    at async CreateIndexesOperation.executeCommand (/Users/sim/Project2/node_modules/mongodb/lib/operations/command.js:76:16)
    at async CreateIndexesOperation.execute (/Users/sim/Project2/node_modules/mongodb/lib/operations/indexes.js:122:9)
    at async tryOperation (/Users/sim/Project2/node_modules/mongodb/lib/operations/execute_operation.js:207:20)
    at async executeOperation (/Users/sim/Project2/node_modules/mongodb/lib/operations/execute_operation.js:75:16)
    at async Collection.createIndex (/Users/sim/Project2/node_modules/mongodb/lib/collection.js:329:25)
    at async Timeout.setupSubscriptionChangeStream [as _onTimeout] (/Users/sim/Project2/scripts/subscription-monitor.js:309:5) {
  errorLabelSet: Set(0) {},
  errorResponse: {
    ok: 0,
    errmsg: 'An existing index has the same name as the requested index. When index names are not specified, they are auto generated and can cause conflicts. Please refer to our documentation. Requested index: { v: 2, key: { companyCode: 1 }, name: "companyCode_1" }, existing index: { v: 2, unique: true, key: { companyCode: 1 }, name: "companyCode_1", background: true }',
    code: 86,
    codeName: 'IndexKeySpecsConflict',
    '$clusterTime': {
      clusterTime: new Timestamp({ t: 1749157715, i: 18 }),
      signature: [Object]
    },
    operationTime: new Timestamp({ t: 1749157715, i: 18 })
  },
  ok: 0,
  code: 86,
  codeName: 'IndexKeySpecsConflict',
  '$clusterTime': {
    clusterTime: new Timestamp({ t: 1749157715, i: 18 }),
    signature: {
      hash: Binary.createFromBase64('BXH1+Fp1WzoDDSEFV/fTQEpm6q4=', 0),
      keyId: new Long('7460919927629676556')
    }
  },
  operationTime: new Timestamp({ t: 1749157715, i: 18 })
}
Error setting up subscription change stream: MongoServerError: An existing index has the same name as the requested index. When index names are not specified, they are auto generated and can cause conflicts. Please refer to our documentation. Requested index: { v: 2, key: { companyCode: 1 }, name: "companyCode_1" }, existing index: { v: 2, unique: true, key: { companyCode: 1 }, name: "companyCode_1", background: true }
    at Connection.sendCommand (/Users/sim/Project2/node_modules/mongodb/lib/cmap/connection.js:299:27)
    at process.processTicksAndRejections (node:internal/process/task_queues:105:5)
    at async Connection.command (/Users/sim/Project2/node_modules/mongodb/lib/cmap/connection.js:327:26)
    at async Server.command (/Users/sim/Project2/node_modules/mongodb/lib/sdam/server.js:168:29)
    at async CreateIndexesOperation.executeCommand (/Users/sim/Project2/node_modules/mongodb/lib/operations/command.js:76:16)
    at async CreateIndexesOperation.execute (/Users/sim/Project2/node_modules/mongodb/lib/operations/indexes.js:122:9)
    at async tryOperation (/Users/sim/Project2/node_modules/mongodb/lib/operations/execute_operation.js:207:20)
    at async executeOperation (/Users/sim/Project2/node_modules/mongodb/lib/operations/execute_operation.js:75:16)
    at async Collection.createIndex (/Users/sim/Project2/node_modules/mongodb/lib/collection.js:329:25)
    at async Timeout.setupSubscriptionChangeStream [as _onTimeout] (/Users/sim/Project2/scripts/subscription-monitor.js:309:5) {
  errorLabelSet: Set(0) {},
  errorResponse: {
    ok: 0,
    errmsg: 'An existing index has the same name as the requested index. When index names are not specified, they are auto generated and can cause conflicts. Please refer to our documentation. Requested index: { v: 2, key: { companyCode: 1 }, name: "companyCode_1" }, existing index: { v: 2, unique: true, key: { companyCode: 1 }, name: "companyCode_1", background: true }',
    code: 86,
    codeName: 'IndexKeySpecsConflict',
    '$clusterTime': {
      clusterTime: new Timestamp({ t: 1749157721, i: 1 }),
      signature: [Object]
    },
    operationTime: new Timestamp({ t: 1749157721, i: 1 })
  },
  ok: 0,
  code: 86,
  codeName: 'IndexKeySpecsConflict',
  '$clusterTime': {
    clusterTime: new Timestamp({ t: 1749157721, i: 1 }),
    signature: {
      hash: Binary.createFromBase64('863KYudN8aYfu4nOp+TMBcLVABA=', 0),
      keyId: new Long('7460919927629676556')
    }
  },
  operationTime: new Timestamp({ t: 1749157721, i: 1 })
}
Error setting up subscription change stream: MongoServerError: An existing index has the same name as the requested index. When index names are not specified, they are auto generated and can cause conflicts. Please refer to our documentation. Requested index: { v: 2, key: { companyCode: 1 }, name: "companyCode_1" }, existing index: { v: 2, unique: true, key: { companyCode: 1 }, name: "companyCode_1", background: true }
    at Connection.sendCommand (/Users/sim/Project2/node_modules/mongodb/lib/cmap/connection.js:299:27)
    at process.processTicksAndRejections (node:internal/process/task_queues:105:5)
    at async Connection.command (/Users/sim/Project2/node_modules/mongodb/lib/cmap/connection.js:327:26)
    at async Server.command (/Users/sim/Project2/node_modules/mongodb/lib/sdam/server.js:168:29)
    at async CreateIndexesOperation.executeCommand (/Users/sim/Project2/node_modules/mongodb/lib/operations/command.js:76:16)
    at async CreateIndexesOperation.execute (/Users/sim/Project2/node_modules/mongodb/lib/operations/indexes.js:122:9)
    at async tryOperation (/Users/sim/Project2/node_modules/mongodb/lib/operations/execute_operation.js:207:20)
    at async executeOperation (/Users/sim/Project2/node_modules/mongodb/lib/operations/execute_operation.js:75:16)
    at async Collection.createIndex (/Users/sim/Project2/node_modules/mongodb/lib/collection.js:329:25)
    at async Timeout.setupSubscriptionChangeStream [as _onTimeout] (/Users/sim/Project2/scripts/subscription-monitor.js:309:5) {
  errorLabelSet: Set(0) {},
  errorResponse: {
    ok: 0,
    errmsg: 'An existing index has the same name as the requested index. When index names are not specified, they are auto generated and can cause conflicts. Please refer to our documentation. Requested index: { v: 2, key: { companyCode: 1 }, name: "companyCode_1" }, existing index: { v: 2, unique: true, key: { companyCode: 1 }, name: "companyCode_1", background: true }',
    code: 86,
    codeName: 'IndexKeySpecsConflict',
    '$clusterTime': {
      clusterTime: new Timestamp({ t: 1749157726, i: 22 }),
      signature: [Object]
    },
    operationTime: new Timestamp({ t: 1749157726, i: 22 })
  },
  ok: 0,
  code: 86,
  codeName: 'IndexKeySpecsConflict',
  '$clusterTime': {
    clusterTime: new Timestamp({ t: 1749157726, i: 22 }),
    signature: {
      hash: Binary.createFromBase64('VbGjIId1ocXmI1OLhuslZMlwTc8=', 0),
      keyId: new Long('7460919927629676556')
    }
  },
  operationTime: new Timestamp({ t: 1749157726, i: 22 })
}
Error setting up subscription change stream: MongoServerError: An existing index has the same name as the requested index. When index names are not specified, they are auto generated and can cause conflicts. Please refer to our documentation. Requested index: { v: 2, key: { companyCode: 1 }, name: "companyCode_1" }, existing index: { v: 2, unique: true, key: { companyCode: 1 }, name: "companyCode_1", background: true }
    at Connection.sendCommand (/Users/sim/Project2/node_modules/mongodb/lib/cmap/connection.js:299:27)
    at process.processTicksAndRejections (node:internal/process/task_queues:105:5)
    at async Connection.command (/Users/sim/Project2/node_modules/mongodb/lib/cmap/connection.js:327:26)
    at async Server.command (/Users/sim/Project2/node_modules/mongodb/lib/sdam/server.js:168:29)
    at async CreateIndexesOperation.executeCommand (/Users/sim/Project2/node_modules/mongodb/lib/operations/command.js:76:16)
    at async CreateIndexesOperation.execute (/Users/sim/Project2/node_modules/mongodb/lib/operations/indexes.js:122:9)
    at async tryOperation (/Users/sim/Project2/node_modules/mongodb/lib/operations/execute_operation.js:207:20)
    at async executeOperation (/Users/sim/Project2/node_modules/mongodb/lib/operations/execute_operation.js:75:16)
    at async Collection.createIndex (/Users/sim/Project2/node_modules/mongodb/lib/collection.js:329:25)
    at async Timeout.setupSubscriptionChangeStream [as _onTimeout] (/Users/sim/Project2/scripts/subscription-monitor.js:309:5) {
  errorLabelSet: Set(0) {},
  errorResponse: {
    ok: 0,
    errmsg: 'An existing index has the same name as the requested index. When index names are not specified, they are auto generated and can cause conflicts. Please refer to our documentation. Requested index: { v: 2, key: { companyCode: 1 }, name: "companyCode_1" }, existing index: { v: 2, unique: true, key: { companyCode: 1 }, name: "companyCode_1", background: true }',
    code: 86,
    codeName: 'IndexKeySpecsConflict',
    '$clusterTime': {
      clusterTime: new Timestamp({ t: 1749157732, i: 8 }),
      signature: [Object]
    },
    operationTime: new Timestamp({ t: 1749157732, i: 8 })
  },
  ok: 0,
  code: 86,
  codeName: 'IndexKeySpecsConflict',
  '$clusterTime': {
    clusterTime: new Timestamp({ t: 1749157732, i: 8 }),
    signature: {
      hash: Binary.createFromBase64('YF9YBQ3f/+PtwiWQSO9sDTO3dc0=', 0),
      keyId: new Long('7460919927629676556')
    }
  },
  operationTime: new Timestamp({ t: 1749157732, i: 8 })
}
Error setting up subscription change stream: MongoServerError: An existing index has the same name as the requested index. When index names are not specified, they are auto generated and can cause conflicts. Please refer to our documentation. Requested index: { v: 2, key: { companyCode: 1 }, name: "companyCode_1" }, existing index: { v: 2, unique: true, key: { companyCode: 1 }, name: "companyCode_1", background: true }
    at Connection.sendCommand (/Users/sim/Project2/node_modules/mongodb/lib/cmap/connection.js:299:27)
    at process.processTicksAndRejections (node:internal/process/task_queues:105:5)
    at async Connection.command (/Users/sim/Project2/node_modules/mongodb/lib/cmap/connection.js:327:26)
    at async Server.command (/Users/sim/Project2/node_modules/mongodb/lib/sdam/server.js:168:29)
    at async CreateIndexesOperation.executeCommand (/Users/sim/Project2/node_modules/mongodb/lib/operations/command.js:76:16)
    at async CreateIndexesOperation.execute (/Users/sim/Project2/node_modules/mongodb/lib/operations/indexes.js:122:9)
    at async tryOperation (/Users/sim/Project2/node_modules/mongodb/lib/operations/execute_operation.js:207:20)
    at async executeOperation (/Users/sim/Project2/node_modules/mongodb/lib/operations/execute_operation.js:75:16)
    at async Collection.createIndex (/Users/sim/Project2/node_modules/mongodb/lib/collection.js:329:25)
    at async Timeout.setupSubscriptionChangeStream [as _onTimeout] (/Users/sim/Project2/scripts/subscription-monitor.js:309:5) {
  errorLabelSet: Set(0) {},
  errorResponse: {
    ok: 0,
    errmsg: 'An existing index has the same name as the requested index. When index names are not specified, they are auto generated and can cause conflicts. Please refer to our documentation. Requested index: { v: 2, key: { companyCode: 1 }, name: "companyCode_1" }, existing index: { v: 2, unique: true, key: { companyCode: 1 }, name: "companyCode_1", background: true }',
    code: 86,
    codeName: 'IndexKeySpecsConflict',
    '$clusterTime': {
      clusterTime: new Timestamp({ t: 1749157737, i: 26 }),
      signature: [Object]
    },
    operationTime: new Timestamp({ t: 1749157737, i: 26 })
  },
  ok: 0,
  code: 86,
  codeName: 'IndexKeySpecsConflict',
  '$clusterTime': {
    clusterTime: new Timestamp({ t: 1749157737, i: 26 }),
    signature: {
      hash: Binary.createFromBase64('beHeKaadoHRRfFh3UtP6Q0HP3Z0=', 0),
      keyId: new Long('7460919927629676556')
    }
  },
  operationTime: new Timestamp({ t: 1749157737, i: 26 })
}
Error setting up subscription change stream: MongoServerError: An existing index has the same name as the requested index. When index names are not specified, they are auto generated and can cause conflicts. Please refer to our documentation. Requested index: { v: 2, key: { companyCode: 1 }, name: "companyCode_1" }, existing index: { v: 2, unique: true, key: { companyCode: 1 }, name: "companyCode_1", background: true }
    at Connection.sendCommand (/Users/sim/Project2/node_modules/mongodb/lib/cmap/connection.js:299:27)
    at process.processTicksAndRejections (node:internal/process/task_queues:105:5)
    at async Connection.command (/Users/sim/Project2/node_modules/mongodb/lib/cmap/connection.js:327:26)
    at async Server.command (/Users/sim/Project2/node_modules/mongodb/lib/sdam/server.js:168:29)
    at async CreateIndexesOperation.executeCommand (/Users/sim/Project2/node_modules/mongodb/lib/operations/command.js:76:16)
    at async CreateIndexesOperation.execute (/Users/sim/Project2/node_modules/mongodb/lib/operations/indexes.js:122:9)
    at async tryOperation (/Users/sim/Project2/node_modules/mongodb/lib/operations/execute_operation.js:207:20)
    at async executeOperation (/Users/sim/Project2/node_modules/mongodb/lib/operations/execute_operation.js:75:16)
    at async Collection.createIndex (/Users/sim/Project2/node_modules/mongodb/lib/collection.js:329:25)
    at async Timeout.setupSubscriptionChangeStream [as _onTimeout] (/Users/sim/Project2/scripts/subscription-monitor.js:309:5) {
  errorLabelSet: Set(0) {},
  errorResponse: {
    ok: 0,
    errmsg: 'An existing index has the same name as the requested index. When index names are not specified, they are auto generated and can cause conflicts. Please refer to our documentation. Requested index: { v: 2, key: { companyCode: 1 }, name: "companyCode_1" }, existing index: { v: 2, unique: true, key: { companyCode: 1 }, name: "companyCode_1", background: true }',
    code: 86,
    codeName: 'IndexKeySpecsConflict',
    '$clusterTime': {
      clusterTime: new Timestamp({ t: 1749157743, i: 12 }),
      signature: [Object]
    },
    operationTime: new Timestamp({ t: 1749157743, i: 12 })
  },
  ok: 0,
  code: 86,
  codeName: 'IndexKeySpecsConflict',
  '$clusterTime': {
    clusterTime: new Timestamp({ t: 1749157743, i: 12 }),
    signature: {
      hash: Binary.createFromBase64('A2yTqiveFVMnaq+k4YMtQTBQoog=', 0),
      keyId: new Long('7460919927629676556')
    }
  },
  operationTime: new Timestamp({ t: 1749157743, i: 12 })
}
Error setting up subscription change stream: MongoServerError: An existing index has the same name as the requested index. When index names are not specified, they are auto generated and can cause conflicts. Please refer to our documentation. Requested index: { v: 2, key: { companyCode: 1 }, name: "companyCode_1" }, existing index: { v: 2, unique: true, key: { companyCode: 1 }, name: "companyCode_1", background: true }
    at Connection.sendCommand (/Users/sim/Project2/node_modules/mongodb/lib/cmap/connection.js:299:27)
    at process.processTicksAndRejections (node:internal/process/task_queues:105:5)
    at async Connection.command (/Users/sim/Project2/node_modules/mongodb/lib/cmap/connection.js:327:26)
    at async Server.command (/Users/sim/Project2/node_modules/mongodb/lib/sdam/server.js:168:29)
    at async CreateIndexesOperation.executeCommand (/Users/sim/Project2/node_modules/mongodb/lib/operations/command.js:76:16)
    at async CreateIndexesOperation.execute (/Users/sim/Project2/node_modules/mongodb/lib/operations/indexes.js:122:9)
    at async tryOperation (/Users/sim/Project2/node_modules/mongodb/lib/operations/execute_operation.js:207:20)
    at async executeOperation (/Users/sim/Project2/node_modules/mongodb/lib/operations/execute_operation.js:75:16)
    at async Collection.createIndex (/Users/sim/Project2/node_modules/mongodb/lib/collection.js:329:25)
    at async Timeout.setupSubscriptionChangeStream [as _onTimeout] (/Users/sim/Project2/scripts/subscription-monitor.js:309:5) {
  errorLabelSet: Set(0) {},
  errorResponse: {
    ok: 0,
    errmsg: 'An existing index has the same name as the requested index. When index names are not specified, they are auto generated and can cause conflicts. Please refer to our documentation. Requested index: { v: 2, key: { companyCode: 1 }, name: "companyCode_1" }, existing index: { v: 2, unique: true, key: { companyCode: 1 }, name: "companyCode_1", background: true }',
    code: 86,
    codeName: 'IndexKeySpecsConflict',
    '$clusterTime': {
      clusterTime: new Timestamp({ t: 1749157748, i: 42 }),
      signature: [Object]
    },
    operationTime: new Timestamp({ t: 1749157748, i: 42 })
  },
  ok: 0,
  code: 86,
  codeName: 'IndexKeySpecsConflict',
  '$clusterTime': {
    clusterTime: new Timestamp({ t: 1749157748, i: 42 }),
    signature: {
      hash: Binary.createFromBase64('6rTQsxeG2udBSPXcOMPotMFHOkM=', 0),
      keyId: new Long('7460919927629676556')
    }
  },
  operationTime: new Timestamp({ t: 1749157748, i: 42 })
}
Error setting up subscription change stream: MongoServerError: An existing index has the same name as the requested index. When index names are not specified, they are auto generated and can cause conflicts. Please refer to our documentation. Requested index: { v: 2, key: { companyCode: 1 }, name: "companyCode_1" }, existing index: { v: 2, unique: true, key: { companyCode: 1 }, name: "companyCode_1", background: true }
    at Connection.sendCommand (/Users/sim/Project2/node_modules/mongodb/lib/cmap/connection.js:299:27)
    at process.processTicksAndRejections (node:internal/process/task_queues:105:5)
    at async Connection.command (/Users/sim/Project2/node_modules/mongodb/lib/cmap/connection.js:327:26)
    at async Server.command (/Users/sim/Project2/node_modules/mongodb/lib/sdam/server.js:168:29)
    at async CreateIndexesOperation.executeCommand (/Users/sim/Project2/node_modules/mongodb/lib/operations/command.js:76:16)
    at async CreateIndexesOperation.execute (/Users/sim/Project2/node_modules/mongodb/lib/operations/indexes.js:122:9)
    at async tryOperation (/Users/sim/Project2/node_modules/mongodb/lib/operations/execute_operation.js:207:20)
    at async executeOperation (/Users/sim/Project2/node_modules/mongodb/lib/operations/execute_operation.js:75:16)
    at async Collection.createIndex (/Users/sim/Project2/node_modules/mongodb/lib/collection.js:329:25)
    at async Timeout.setupSubscriptionChangeStream [as _onTimeout] (/Users/sim/Project2/scripts/subscription-monitor.js:309:5) {
  errorLabelSet: Set(0) {},
  errorResponse: {
    ok: 0,
    errmsg: 'An existing index has the same name as the requested index. When index names are not specified, they are auto generated and can cause conflicts. Please refer to our documentation. Requested index: { v: 2, key: { companyCode: 1 }, name: "companyCode_1" }, existing index: { v: 2, unique: true, key: { companyCode: 1 }, name: "companyCode_1", background: true }',
    code: 86,
    codeName: 'IndexKeySpecsConflict',
    '$clusterTime': {
      clusterTime: new Timestamp({ t: 1749157754, i: 12 }),
      signature: [Object]
    },
    operationTime: new Timestamp({ t: 1749157754, i: 12 })
  },
  ok: 0,
  code: 86,
  codeName: 'IndexKeySpecsConflict',
  '$clusterTime': {
    clusterTime: new Timestamp({ t: 1749157754, i: 12 }),
    signature: {
      hash: Binary.createFromBase64('D55oZzixxE8dB1FaRT2808WOARk=', 0),
      keyId: new Long('7460919927629676556')
    }
  },
  operationTime: new Timestamp({ t: 1749157754, i: 12 })
}
Error setting up subscription change stream: MongoServerError: An existing index has the same name as the requested index. When index names are not specified, they are auto generated and can cause conflicts. Please refer to our documentation. Requested index: { v: 2, key: { companyCode: 1 }, name: "companyCode_1" }, existing index: { v: 2, unique: true, key: { companyCode: 1 }, name: "companyCode_1", background: true }
    at Connection.sendCommand (/Users/sim/Project2/node_modules/mongodb/lib/cmap/connection.js:299:27)
    at process.processTicksAndRejections (node:internal/process/task_queues:105:5)
    at async Connection.command (/Users/sim/Project2/node_modules/mongodb/lib/cmap/connection.js:327:26)
    at async Server.command (/Users/sim/Project2/node_modules/mongodb/lib/sdam/server.js:168:29)
    at async CreateIndexesOperation.executeCommand (/Users/sim/Project2/node_modules/mongodb/lib/operations/command.js:76:16)
    at async CreateIndexesOperation.execute (/Users/sim/Project2/node_modules/mongodb/lib/operations/indexes.js:122:9)
    at async tryOperation (/Users/sim/Project2/node_modules/mongodb/lib/operations/execute_operation.js:207:20)
    at async executeOperation (/Users/sim/Project2/node_modules/mongodb/lib/operations/execute_operation.js:75:16)
    at async Collection.createIndex (/Users/sim/Project2/node_modules/mongodb/lib/collection.js:329:25)
    at async Timeout.setupSubscriptionChangeStream [as _onTimeout] (/Users/sim/Project2/scripts/subscription-monitor.js:309:5) {
  errorLabelSet: Set(0) {},
  errorResponse: {
    ok: 0,
    errmsg: 'An existing index has the same name as the requested index. When index names are not specified, they are auto generated and can cause conflicts. Please refer to our documentation. Requested index: { v: 2, key: { companyCode: 1 }, name: "companyCode_1" }, existing index: { v: 2, unique: true, key: { companyCode: 1 }, name: "companyCode_1", background: true }',
    code: 86,
    codeName: 'IndexKeySpecsConflict',
    '$clusterTime': {
      clusterTime: new Timestamp({ t: 1749157759, i: 33 }),
      signature: [Object]
    },
    operationTime: new Timestamp({ t: 1749157759, i: 33 })
  },
  ok: 0,
  code: 86,
  codeName: 'IndexKeySpecsConflict',
  '$clusterTime': {
    clusterTime: new Timestamp({ t: 1749157759, i: 33 }),
    signature: {
      hash: Binary.createFromBase64('Qd1NeqW6EfWAQj2lkg2PZmXXVvk=', 0),
      keyId: new Long('7460919927629676556')
    }
  },
  operationTime: new Timestamp({ t: 1749157759, i: 33 })
}
Error setting up subscription change stream: MongoServerError: An existing index has the same name as the requested index. When index names are not specified, they are auto generated and can cause conflicts. Please refer to our documentation. Requested index: { v: 2, key: { companyCode: 1 }, name: "companyCode_1" }, existing index: { v: 2, unique: true, key: { companyCode: 1 }, name: "companyCode_1", background: true }
    at Connection.sendCommand (/Users/sim/Project2/node_modules/mongodb/lib/cmap/connection.js:299:27)
    at process.processTicksAndRejections (node:internal/process/task_queues:105:5)
    at async Connection.command (/Users/sim/Project2/node_modules/mongodb/lib/cmap/connection.js:327:26)
    at async Server.command (/Users/sim/Project2/node_modules/mongodb/lib/sdam/server.js:168:29)
    at async CreateIndexesOperation.executeCommand (/Users/sim/Project2/node_modules/mongodb/lib/operations/command.js:76:16)
    at async CreateIndexesOperation.execute (/Users/sim/Project2/node_modules/mongodb/lib/operations/indexes.js:122:9)
    at async tryOperation (/Users/sim/Project2/node_modules/mongodb/lib/operations/execute_operation.js:207:20)
    at async executeOperation (/Users/sim/Project2/node_modules/mongodb/lib/operations/execute_operation.js:75:16)
    at async Collection.createIndex (/Users/sim/Project2/node_modules/mongodb/lib/collection.js:329:25)
    at async Timeout.setupSubscriptionChangeStream [as _onTimeout] (/Users/sim/Project2/scripts/subscription-monitor.js:309:5) {
  errorLabelSet: Set(0) {},
  errorResponse: {
    ok: 0,
    errmsg: 'An existing index has the same name as the requested index. When index names are not specified, they are auto generated and can cause conflicts. Please refer to our documentation. Requested index: { v: 2, key: { companyCode: 1 }, name: "companyCode_1" }, existing index: { v: 2, unique: true, key: { companyCode: 1 }, name: "companyCode_1", background: true }',
    code: 86,
    codeName: 'IndexKeySpecsConflict',
    '$clusterTime': {
      clusterTime: new Timestamp({ t: 1749157765, i: 22 }),
      signature: [Object]
    },
    operationTime: new Timestamp({ t: 1749157765, i: 22 })
  },
  ok: 0,
  code: 86,
  codeName: 'IndexKeySpecsConflict',
  '$clusterTime': {
    clusterTime: new Timestamp({ t: 1749157765, i: 22 }),
    signature: {
      hash: Binary.createFromBase64('p5VqN73AzxGk6LNRu/A5m7dxz6w=', 0),
      keyId: new Long('7460919927629676556')
    }
  },
  operationTime: new Timestamp({ t: 1749157765, i: 22 })
}
Error setting up subscription change stream: MongoServerError: An existing index has the same name as the requested index. When index names are not specified, they are auto generated and can cause conflicts. Please refer to our documentation. Requested index: { v: 2, key: { companyCode: 1 }, name: "companyCode_1" }, existing index: { v: 2, unique: true, key: { companyCode: 1 }, name: "companyCode_1", background: true }
    at Connection.sendCommand (/Users/sim/Project2/node_modules/mongodb/lib/cmap/connection.js:299:27)
    at process.processTicksAndRejections (node:internal/process/task_queues:105:5)
    at async Connection.command (/Users/sim/Project2/node_modules/mongodb/lib/cmap/connection.js:327:26)
    at async Server.command (/Users/sim/Project2/node_modules/mongodb/lib/sdam/server.js:168:29)
    at async CreateIndexesOperation.executeCommand (/Users/sim/Project2/node_modules/mongodb/lib/operations/command.js:76:16)
    at async CreateIndexesOperation.execute (/Users/sim/Project2/node_modules/mongodb/lib/operations/indexes.js:122:9)
    at async tryOperation (/Users/sim/Project2/node_modules/mongodb/lib/operations/execute_operation.js:207:20)
    at async executeOperation (/Users/sim/Project2/node_modules/mongodb/lib/operations/execute_operation.js:75:16)
    at async Collection.createIndex (/Users/sim/Project2/node_modules/mongodb/lib/collection.js:329:25)
    at async Timeout.setupSubscriptionChangeStream [as _onTimeout] (/Users/sim/Project2/scripts/subscription-monitor.js:309:5) {
  errorLabelSet: Set(0) {},
  errorResponse: {
    ok: 0,
    errmsg: 'An existing index has the same name as the requested index. When index names are not specified, they are auto generated and can cause conflicts. Please refer to our documentation. Requested index: { v: 2, key: { companyCode: 1 }, name: "companyCode_1" }, existing index: { v: 2, unique: true, key: { companyCode: 1 }, name: "companyCode_1", background: true }',
    code: 86,
    codeName: 'IndexKeySpecsConflict',
    '$clusterTime': {
      clusterTime: new Timestamp({ t: 1749157770, i: 38 }),
      signature: [Object]
    },
    operationTime: new Timestamp({ t: 1749157770, i: 38 })
  },
  ok: 0,
  code: 86,
  codeName: 'IndexKeySpecsConflict',
  '$clusterTime': {
    clusterTime: new Timestamp({ t: 1749157770, i: 38 }),
    signature: {
      hash: Binary.createFromBase64('vZV0yzICWhYn4yzv2RC9CxtQCD0=', 0),
      keyId: new Long('7460919927629676556')
    }
  },
  operationTime: new Timestamp({ t: 1749157770, i: 38 })
}
Error setting up subscription change stream: MongoServerError: An existing index has the same name as the requested index. When index names are not specified, they are auto generated and can cause conflicts. Please refer to our documentation. Requested index: { v: 2, key: { companyCode: 1 }, name: "companyCode_1" }, existing index: { v: 2, unique: true, key: { companyCode: 1 }, name: "companyCode_1", background: true }
    at Connection.sendCommand (/Users/sim/Project2/node_modules/mongodb/lib/cmap/connection.js:299:27)
    at process.processTicksAndRejections (node:internal/process/task_queues:105:5)
    at async Connection.command (/Users/sim/Project2/node_modules/mongodb/lib/cmap/connection.js:327:26)
    at async Server.command (/Users/sim/Project2/node_modules/mongodb/lib/sdam/server.js:168:29)
    at async CreateIndexesOperation.executeCommand (/Users/sim/Project2/node_modules/mongodb/lib/operations/command.js:76:16)
    at async CreateIndexesOperation.execute (/Users/sim/Project2/node_modules/mongodb/lib/operations/indexes.js:122:9)
    at async tryOperation (/Users/sim/Project2/node_modules/mongodb/lib/operations/execute_operation.js:207:20)
    at async executeOperation (/Users/sim/Project2/node_modules/mongodb/lib/operations/execute_operation.js:75:16)
    at async Collection.createIndex (/Users/sim/Project2/node_modules/mongodb/lib/collection.js:329:25)
    at async Timeout.setupSubscriptionChangeStream [as _onTimeout] (/Users/sim/Project2/scripts/subscription-monitor.js:309:5) {
  errorLabelSet: Set(0) {},
  errorResponse: {
    ok: 0,
    errmsg: 'An existing index has the same name as the requested index. When index names are not specified, they are auto generated and can cause conflicts. Please refer to our documentation. Requested index: { v: 2, key: { companyCode: 1 }, name: "companyCode_1" }, existing index: { v: 2, unique: true, key: { companyCode: 1 }, name: "companyCode_1", background: true }',
    code: 86,
    codeName: 'IndexKeySpecsConflict',
    '$clusterTime': {
      clusterTime: new Timestamp({ t: 1749157776, i: 27 }),
      signature: [Object]
    },
    operationTime: new Timestamp({ t: 1749157776, i: 27 })
  },
  ok: 0,
  code: 86,
  codeName: 'IndexKeySpecsConflict',
  '$clusterTime': {
    clusterTime: new Timestamp({ t: 1749157776, i: 27 }),
    signature: {
      hash: Binary.createFromBase64('fyCU7WyE5DAJKRyEa8c2m+ttpbg=', 0),
      keyId: new Long('7460919927629676556')
    }
  },
  operationTime: new Timestamp({ t: 1749157776, i: 27 })
}
Error setting up subscription change stream: MongoServerError: An existing index has the same name as the requested index. When index names are not specified, they are auto generated and can cause conflicts. Please refer to our documentation. Requested index: { v: 2, key: { companyCode: 1 }, name: "companyCode_1" }, existing index: { v: 2, unique: true, key: { companyCode: 1 }, name: "companyCode_1", background: true }
    at Connection.sendCommand (/Users/sim/Project2/node_modules/mongodb/lib/cmap/connection.js:299:27)
    at process.processTicksAndRejections (node:internal/process/task_queues:105:5)
    at async Connection.command (/Users/sim/Project2/node_modules/mongodb/lib/cmap/connection.js:327:26)
    at async Server.command (/Users/sim/Project2/node_modules/mongodb/lib/sdam/server.js:168:29)
    at async CreateIndexesOperation.executeCommand (/Users/sim/Project2/node_modules/mongodb/lib/operations/command.js:76:16)
    at async CreateIndexesOperation.execute (/Users/sim/Project2/node_modules/mongodb/lib/operations/indexes.js:122:9)
    at async tryOperation (/Users/sim/Project2/node_modules/mongodb/lib/operations/execute_operation.js:207:20)
    at async executeOperation (/Users/sim/Project2/node_modules/mongodb/lib/operations/execute_operation.js:75:16)
    at async Collection.createIndex (/Users/sim/Project2/node_modules/mongodb/lib/collection.js:329:25)
    at async Timeout.setupSubscriptionChangeStream [as _onTimeout] (/Users/sim/Project2/scripts/subscription-monitor.js:309:5) {
  errorLabelSet: Set(0) {},
  errorResponse: {
    ok: 0,
    errmsg: 'An existing index has the same name as the requested index. When index names are not specified, they are auto generated and can cause conflicts. Please refer to our documentation. Requested index: { v: 2, key: { companyCode: 1 }, name: "companyCode_1" }, existing index: { v: 2, unique: true, key: { companyCode: 1 }, name: "companyCode_1", background: true }',
    code: 86,
    codeName: 'IndexKeySpecsConflict',
    '$clusterTime': {
      clusterTime: new Timestamp({ t: 1749157781, i: 39 }),
      signature: [Object]
    },
    operationTime: new Timestamp({ t: 1749157781, i: 39 })
  },
  ok: 0,
  code: 86,
  codeName: 'IndexKeySpecsConflict',
  '$clusterTime': {
    clusterTime: new Timestamp({ t: 1749157781, i: 39 }),
    signature: {
      hash: Binary.createFromBase64('MMzBFIOeUD5D44i14WhjsEbgaZg=', 0),
      keyId: new Long('7460919927629676556')
    }
  },
  operationTime: new Timestamp({ t: 1749157781, i: 39 })
}
Error setting up subscription change stream: MongoServerError: An existing index has the same name as the requested index. When index names are not specified, they are auto generated and can cause conflicts. Please refer to our documentation. Requested index: { v: 2, key: { companyCode: 1 }, name: "companyCode_1" }, existing index: { v: 2, unique: true, key: { companyCode: 1 }, name: "companyCode_1", background: true }
    at Connection.sendCommand (/Users/sim/Project2/node_modules/mongodb/lib/cmap/connection.js:299:27)
    at process.processTicksAndRejections (node:internal/process/task_queues:105:5)
    at async Connection.command (/Users/sim/Project2/node_modules/mongodb/lib/cmap/connection.js:327:26)
    at async Server.command (/Users/sim/Project2/node_modules/mongodb/lib/sdam/server.js:168:29)
    at async CreateIndexesOperation.executeCommand (/Users/sim/Project2/node_modules/mongodb/lib/operations/command.js:76:16)
    at async CreateIndexesOperation.execute (/Users/sim/Project2/node_modules/mongodb/lib/operations/indexes.js:122:9)
    at async tryOperation (/Users/sim/Project2/node_modules/mongodb/lib/operations/execute_operation.js:207:20)
    at async executeOperation (/Users/sim/Project2/node_modules/mongodb/lib/operations/execute_operation.js:75:16)
    at async Collection.createIndex (/Users/sim/Project2/node_modules/mongodb/lib/collection.js:329:25)
    at async Timeout.setupSubscriptionChangeStream [as _onTimeout] (/Users/sim/Project2/scripts/subscription-monitor.js:309:5) {
  errorLabelSet: Set(0) {},
  errorResponse: {
    ok: 0,
    errmsg: 'An existing index has the same name as the requested index. When index names are not specified, they are auto generated and can cause conflicts. Please refer to our documentation. Requested index: { v: 2, key: { companyCode: 1 }, name: "companyCode_1" }, existing index: { v: 2, unique: true, key: { companyCode: 1 }, name: "companyCode_1", background: true }',
    code: 86,
    codeName: 'IndexKeySpecsConflict',
    '$clusterTime': {
      clusterTime: new Timestamp({ t: 1749157787, i: 25 }),
      signature: [Object]
    },
    operationTime: new Timestamp({ t: 1749157787, i: 25 })
  },
  ok: 0,
  code: 86,
  codeName: 'IndexKeySpecsConflict',
  '$clusterTime': {
    clusterTime: new Timestamp({ t: 1749157787, i: 25 }),
    signature: {
      hash: Binary.createFromBase64('Eo7G4iZTELVlI2kbYSYkojmWCzQ=', 0),
      keyId: new Long('7460919927629676556')
    }
  },
  operationTime: new Timestamp({ t: 1749157787, i: 25 })
}
Error setting up subscription change stream: MongoServerError: An existing index has the same name as the requested index. When index names are not specified, they are auto generated and can cause conflicts. Please refer to our documentation. Requested index: { v: 2, key: { companyCode: 1 }, name: "companyCode_1" }, existing index: { v: 2, unique: true, key: { companyCode: 1 }, name: "companyCode_1", background: true }
    at Connection.sendCommand (/Users/sim/Project2/node_modules/mongodb/lib/cmap/connection.js:299:27)
    at process.processTicksAndRejections (node:internal/process/task_queues:105:5)
    at async Connection.command (/Users/sim/Project2/node_modules/mongodb/lib/cmap/connection.js:327:26)
    at async Server.command (/Users/sim/Project2/node_modules/mongodb/lib/sdam/server.js:168:29)
    at async CreateIndexesOperation.executeCommand (/Users/sim/Project2/node_modules/mongodb/lib/operations/command.js:76:16)
    at async CreateIndexesOperation.execute (/Users/sim/Project2/node_modules/mongodb/lib/operations/indexes.js:122:9)
    at async tryOperation (/Users/sim/Project2/node_modules/mongodb/lib/operations/execute_operation.js:207:20)
    at async executeOperation (/Users/sim/Project2/node_modules/mongodb/lib/operations/execute_operation.js:75:16)
    at async Collection.createIndex (/Users/sim/Project2/node_modules/mongodb/lib/collection.js:329:25)
    at async Timeout.setupSubscriptionChangeStream [as _onTimeout] (/Users/sim/Project2/scripts/subscription-monitor.js:309:5) {
  errorLabelSet: Set(0) {},
  errorResponse: {
    ok: 0,
    errmsg: 'An existing index has the same name as the requested index. When index names are not specified, they are auto generated and can cause conflicts. Please refer to our documentation. Requested index: { v: 2, key: { companyCode: 1 }, name: "companyCode_1" }, existing index: { v: 2, unique: true, key: { companyCode: 1 }, name: "companyCode_1", background: true }',
    code: 86,
    codeName: 'IndexKeySpecsConflict',
    '$clusterTime': {
      clusterTime: new Timestamp({ t: 1749157793, i: 2 }),
      signature: [Object]
    },
    operationTime: new Timestamp({ t: 1749157793, i: 2 })
  },
  ok: 0,
  code: 86,
  codeName: 'IndexKeySpecsConflict',
  '$clusterTime': {
    clusterTime: new Timestamp({ t: 1749157793, i: 2 }),
    signature: {
      hash: Binary.createFromBase64('D29m672L1tW8gnSkxssuo7QksVQ=', 0),
      keyId: new Long('7460919927629676556')
    }
  },
  operationTime: new Timestamp({ t: 1749157793, i: 2 })
}
Error setting up subscription change stream: MongoServerError: An existing index has the same name as the requested index. When index names are not specified, they are auto generated and can cause conflicts. Please refer to our documentation. Requested index: { v: 2, key: { companyCode: 1 }, name: "companyCode_1" }, existing index: { v: 2, unique: true, key: { companyCode: 1 }, name: "companyCode_1", background: true }
    at Connection.sendCommand (/Users/sim/Project2/node_modules/mongodb/lib/cmap/connection.js:299:27)
    at process.processTicksAndRejections (node:internal/process/task_queues:105:5)
    at async Connection.command (/Users/sim/Project2/node_modules/mongodb/lib/cmap/connection.js:327:26)
    at async Server.command (/Users/sim/Project2/node_modules/mongodb/lib/sdam/server.js:168:29)
    at async CreateIndexesOperation.executeCommand (/Users/sim/Project2/node_modules/mongodb/lib/operations/command.js:76:16)
    at async CreateIndexesOperation.execute (/Users/sim/Project2/node_modules/mongodb/lib/operations/indexes.js:122:9)
    at async tryOperation (/Users/sim/Project2/node_modules/mongodb/lib/operations/execute_operation.js:207:20)
    at async executeOperation (/Users/sim/Project2/node_modules/mongodb/lib/operations/execute_operation.js:75:16)
    at async Collection.createIndex (/Users/sim/Project2/node_modules/mongodb/lib/collection.js:329:25)
    at async Timeout.setupSubscriptionChangeStream [as _onTimeout] (/Users/sim/Project2/scripts/subscription-monitor.js:309:5) {
  errorLabelSet: Set(0) {},
  errorResponse: {
    ok: 0,
    errmsg: 'An existing index has the same name as the requested index. When index names are not specified, they are auto generated and can cause conflicts. Please refer to our documentation. Requested index: { v: 2, key: { companyCode: 1 }, name: "companyCode_1" }, existing index: { v: 2, unique: true, key: { companyCode: 1 }, name: "companyCode_1", background: true }',
    code: 86,
    codeName: 'IndexKeySpecsConflict',
    '$clusterTime': {
      clusterTime: new Timestamp({ t: 1749157798, i: 44 }),
      signature: [Object]
    },
    operationTime: new Timestamp({ t: 1749157798, i: 44 })
  },
  ok: 0,
  code: 86,
  codeName: 'IndexKeySpecsConflict',
  '$clusterTime': {
    clusterTime: new Timestamp({ t: 1749157798, i: 44 }),
    signature: {
      hash: Binary.createFromBase64('3m2nYvWLHGsP/apJYyP4Pa3DcqQ=', 0),
      keyId: new Long('7460919927629676556')
    }
  },
  operationTime: new Timestamp({ t: 1749157798, i: 44 })
}
Error setting up subscription change stream: MongoServerError: An existing index has the same name as the requested index. When index names are not specified, they are auto generated and can cause conflicts. Please refer to our documentation. Requested index: { v: 2, key: { companyCode: 1 }, name: "companyCode_1" }, existing index: { v: 2, unique: true, key: { companyCode: 1 }, name: "companyCode_1", background: true }
    at Connection.sendCommand (/Users/sim/Project2/node_modules/mongodb/lib/cmap/connection.js:299:27)
    at process.processTicksAndRejections (node:internal/process/task_queues:105:5)
    at async Connection.command (/Users/sim/Project2/node_modules/mongodb/lib/cmap/connection.js:327:26)
    at async Server.command (/Users/sim/Project2/node_modules/mongodb/lib/sdam/server.js:168:29)
    at async CreateIndexesOperation.executeCommand (/Users/sim/Project2/node_modules/mongodb/lib/operations/command.js:76:16)
    at async CreateIndexesOperation.execute (/Users/sim/Project2/node_modules/mongodb/lib/operations/indexes.js:122:9)
    at async tryOperation (/Users/sim/Project2/node_modules/mongodb/lib/operations/execute_operation.js:207:20)
    at async executeOperation (/Users/sim/Project2/node_modules/mongodb/lib/operations/execute_operation.js:75:16)
    at async Collection.createIndex (/Users/sim/Project2/node_modules/mongodb/lib/collection.js:329:25)
    at async Timeout.setupSubscriptionChangeStream [as _onTimeout] (/Users/sim/Project2/scripts/subscription-monitor.js:309:5) {
  errorLabelSet: Set(0) {},
  errorResponse: {
    ok: 0,
    errmsg: 'An existing index has the same name as the requested index. When index names are not specified, they are auto generated and can cause conflicts. Please refer to our documentation. Requested index: { v: 2, key: { companyCode: 1 }, name: "companyCode_1" }, existing index: { v: 2, unique: true, key: { companyCode: 1 }, name: "companyCode_1", background: true }',
    code: 86,
    codeName: 'IndexKeySpecsConflict',
    '$clusterTime': {
      clusterTime: new Timestamp({ t: 1749157804, i: 4 }),
      signature: [Object]
    },
    operationTime: new Timestamp({ t: 1749157804, i: 4 })
  },
  ok: 0,
  code: 86,
  codeName: 'IndexKeySpecsConflict',
  '$clusterTime': {
    clusterTime: new Timestamp({ t: 1749157804, i: 4 }),
    signature: {
      hash: Binary.createFromBase64('QIxFK9Qjsb971rYsD2xvqoiYu08=', 0),
      keyId: new Long('7460919927629676556')
    }
  },
  operationTime: new Timestamp({ t: 1749157804, i: 4 })
}
Error setting up subscription change stream: MongoServerError: An existing index has the same name as the requested index. When index names are not specified, they are auto generated and can cause conflicts. Please refer to our documentation. Requested index: { v: 2, key: { companyCode: 1 }, name: "companyCode_1" }, existing index: { v: 2, unique: true, key: { companyCode: 1 }, name: "companyCode_1", background: true }
    at Connection.sendCommand (/Users/sim/Project2/node_modules/mongodb/lib/cmap/connection.js:299:27)
    at process.processTicksAndRejections (node:internal/process/task_queues:105:5)
    at async Connection.command (/Users/sim/Project2/node_modules/mongodb/lib/cmap/connection.js:327:26)
    at async Server.command (/Users/sim/Project2/node_modules/mongodb/lib/sdam/server.js:168:29)
    at async CreateIndexesOperation.executeCommand (/Users/sim/Project2/node_modules/mongodb/lib/operations/command.js:76:16)
    at async CreateIndexesOperation.execute (/Users/sim/Project2/node_modules/mongodb/lib/operations/indexes.js:122:9)
    at async tryOperation (/Users/sim/Project2/node_modules/mongodb/lib/operations/execute_operation.js:207:20)
    at async executeOperation (/Users/sim/Project2/node_modules/mongodb/lib/operations/execute_operation.js:75:16)
    at async Collection.createIndex (/Users/sim/Project2/node_modules/mongodb/lib/collection.js:329:25)
    at async Timeout.setupSubscriptionChangeStream [as _onTimeout] (/Users/sim/Project2/scripts/subscription-monitor.js:309:5) {
  errorLabelSet: Set(0) {},
  errorResponse: {
    ok: 0,
    errmsg: 'An existing index has the same name as the requested index. When index names are not specified, they are auto generated and can cause conflicts. Please refer to our documentation. Requested index: { v: 2, key: { companyCode: 1 }, name: "companyCode_1" }, existing index: { v: 2, unique: true, key: { companyCode: 1 }, name: "companyCode_1", background: true }',
    code: 86,
    codeName: 'IndexKeySpecsConflict',
    '$clusterTime': {
      clusterTime: new Timestamp({ t: 1749157809, i: 29 }),
      signature: [Object]
    },
    operationTime: new Timestamp({ t: 1749157809, i: 29 })
  },
  ok: 0,
  code: 86,
  codeName: 'IndexKeySpecsConflict',
  '$clusterTime': {
    clusterTime: new Timestamp({ t: 1749157809, i: 29 }),
    signature: {
      hash: Binary.createFromBase64('Hbkqo1oPrnA0SjvR09Q35Q/q9XQ=', 0),
      keyId: new Long('7460919927629676556')
    }
  },
  operationTime: new Timestamp({ t: 1749157809, i: 29 })
}
Error setting up subscription change stream: MongoServerError: An existing index has the same name as the requested index. When index names are not specified, they are auto generated and can cause conflicts. Please refer to our documentation. Requested index: { v: 2, key: { companyCode: 1 }, name: "companyCode_1" }, existing index: { v: 2, unique: true, key: { companyCode: 1 }, name: "companyCode_1", background: true }
    at Connection.sendCommand (/Users/sim/Project2/node_modules/mongodb/lib/cmap/connection.js:299:27)
    at process.processTicksAndRejections (node:internal/process/task_queues:105:5)
    at async Connection.command (/Users/sim/Project2/node_modules/mongodb/lib/cmap/connection.js:327:26)
    at async Server.command (/Users/sim/Project2/node_modules/mongodb/lib/sdam/server.js:168:29)
    at async CreateIndexesOperation.executeCommand (/Users/sim/Project2/node_modules/mongodb/lib/operations/command.js:76:16)
    at async CreateIndexesOperation.execute (/Users/sim/Project2/node_modules/mongodb/lib/operations/indexes.js:122:9)
    at async tryOperation (/Users/sim/Project2/node_modules/mongodb/lib/operations/execute_operation.js:207:20)
    at async executeOperation (/Users/sim/Project2/node_modules/mongodb/lib/operations/execute_operation.js:75:16)
    at async Collection.createIndex (/Users/sim/Project2/node_modules/mongodb/lib/collection.js:329:25)
    at async Timeout.setupSubscriptionChangeStream [as _onTimeout] (/Users/sim/Project2/scripts/subscription-monitor.js:309:5) {
  errorLabelSet: Set(0) {},
  errorResponse: {
    ok: 0,
    errmsg: 'An existing index has the same name as the requested index. When index names are not specified, they are auto generated and can cause conflicts. Please refer to our documentation. Requested index: { v: 2, key: { companyCode: 1 }, name: "companyCode_1" }, existing index: { v: 2, unique: true, key: { companyCode: 1 }, name: "companyCode_1", background: true }',
    code: 86,
    codeName: 'IndexKeySpecsConflict',
    '$clusterTime': {
      clusterTime: new Timestamp({ t: 1749157815, i: 5 }),
      signature: [Object]
    },
    operationTime: new Timestamp({ t: 1749157815, i: 5 })
  },
  ok: 0,
  code: 86,
  codeName: 'IndexKeySpecsConflict',
  '$clusterTime': {
    clusterTime: new Timestamp({ t: 1749157815, i: 5 }),
    signature: {
      hash: Binary.createFromBase64('JO/TvRF2BiJUhSYjPbE3o2+8Pak=', 0),
      keyId: new Long('7460919927629676556')
    }
  },
  operationTime: new Timestamp({ t: 1749157815, i: 5 })
}
Error setting up subscription change stream: MongoServerError: An existing index has the same name as the requested index. When index names are not specified, they are auto generated and can cause conflicts. Please refer to our documentation. Requested index: { v: 2, key: { companyCode: 1 }, name: "companyCode_1" }, existing index: { v: 2, unique: true, key: { companyCode: 1 }, name: "companyCode_1", background: true }
    at Connection.sendCommand (/Users/sim/Project2/node_modules/mongodb/lib/cmap/connection.js:299:27)
    at process.processTicksAndRejections (node:internal/process/task_queues:105:5)
    at async Connection.command (/Users/sim/Project2/node_modules/mongodb/lib/cmap/connection.js:327:26)
    at async Server.command (/Users/sim/Project2/node_modules/mongodb/lib/sdam/server.js:168:29)
    at async CreateIndexesOperation.executeCommand (/Users/sim/Project2/node_modules/mongodb/lib/operations/command.js:76:16)
    at async CreateIndexesOperation.execute (/Users/sim/Project2/node_modules/mongodb/lib/operations/indexes.js:122:9)
    at async tryOperation (/Users/sim/Project2/node_modules/mongodb/lib/operations/execute_operation.js:207:20)
    at async executeOperation (/Users/sim/Project2/node_modules/mongodb/lib/operations/execute_operation.js:75:16)
    at async Collection.createIndex (/Users/sim/Project2/node_modules/mongodb/lib/collection.js:329:25)
    at async Timeout.setupSubscriptionChangeStream [as _onTimeout] (/Users/sim/Project2/scripts/subscription-monitor.js:309:5) {
  errorLabelSet: Set(0) {},
  errorResponse: {
    ok: 0,
    errmsg: 'An existing index has the same name as the requested index. When index names are not specified, they are auto generated and can cause conflicts. Please refer to our documentation. Requested index: { v: 2, key: { companyCode: 1 }, name: "companyCode_1" }, existing index: { v: 2, unique: true, key: { companyCode: 1 }, name: "companyCode_1", background: true }',
    code: 86,
    codeName: 'IndexKeySpecsConflict',
    '$clusterTime': {
      clusterTime: new Timestamp({ t: 1749157820, i: 31 }),
      signature: [Object]
    },
    operationTime: new Timestamp({ t: 1749157820, i: 31 })
  },
  ok: 0,
  code: 86,
  codeName: 'IndexKeySpecsConflict',
  '$clusterTime': {
    clusterTime: new Timestamp({ t: 1749157820, i: 31 }),
    signature: {
      hash: Binary.createFromBase64('VmeNTxdpUdmCLd7PGwuuFneq344=', 0),
      keyId: new Long('7460919927629676556')
    }
  },
  operationTime: new Timestamp({ t: 1749157820, i: 31 })
}
Error setting up subscription change stream: MongoServerError: An existing index has the same name as the requested index. When index names are not specified, they are auto generated and can cause conflicts. Please refer to our documentation. Requested index: { v: 2, key: { companyCode: 1 }, name: "companyCode_1" }, existing index: { v: 2, unique: true, key: { companyCode: 1 }, name: "companyCode_1", background: true }
    at Connection.sendCommand (/Users/sim/Project2/node_modules/mongodb/lib/cmap/connection.js:299:27)
    at process.processTicksAndRejections (node:internal/process/task_queues:105:5)
    at async Connection.command (/Users/sim/Project2/node_modules/mongodb/lib/cmap/connection.js:327:26)
    at async Server.command (/Users/sim/Project2/node_modules/mongodb/lib/sdam/server.js:168:29)
    at async CreateIndexesOperation.executeCommand (/Users/sim/Project2/node_modules/mongodb/lib/operations/command.js:76:16)
    at async CreateIndexesOperation.execute (/Users/sim/Project2/node_modules/mongodb/lib/operations/indexes.js:122:9)
    at async tryOperation (/Users/sim/Project2/node_modules/mongodb/lib/operations/execute_operation.js:207:20)
    at async executeOperation (/Users/sim/Project2/node_modules/mongodb/lib/operations/execute_operation.js:75:16)
    at async Collection.createIndex (/Users/sim/Project2/node_modules/mongodb/lib/collection.js:329:25)
    at async Timeout.setupSubscriptionChangeStream [as _onTimeout] (/Users/sim/Project2/scripts/subscription-monitor.js:309:5) {
  errorLabelSet: Set(0) {},
  errorResponse: {
    ok: 0,
    errmsg: 'An existing index has the same name as the requested index. When index names are not specified, they are auto generated and can cause conflicts. Please refer to our documentation. Requested index: { v: 2, key: { companyCode: 1 }, name: "companyCode_1" }, existing index: { v: 2, unique: true, key: { companyCode: 1 }, name: "companyCode_1", background: true }',
    code: 86,
    codeName: 'IndexKeySpecsConflict',
    '$clusterTime': {
      clusterTime: new Timestamp({ t: 1749157826, i: 9 }),
      signature: [Object]
    },
    operationTime: new Timestamp({ t: 1749157826, i: 9 })
  },
  ok: 0,
  code: 86,
  codeName: 'IndexKeySpecsConflict',
  '$clusterTime': {
    clusterTime: new Timestamp({ t: 1749157826, i: 9 }),
    signature: {
      hash: Binary.createFromBase64('T46MvB6I9a67SHys4gCBpBciNo4=', 0),
      keyId: new Long('7460919927629676556')
    }
  },
  operationTime: new Timestamp({ t: 1749157826, i: 9 })
}
Error setting up subscription change stream: MongoServerError: An existing index has the same name as the requested index. When index names are not specified, they are auto generated and can cause conflicts. Please refer to our documentation. Requested index: { v: 2, key: { companyCode: 1 }, name: "companyCode_1" }, existing index: { v: 2, unique: true, key: { companyCode: 1 }, name: "companyCode_1", background: true }
    at Connection.sendCommand (/Users/sim/Project2/node_modules/mongodb/lib/cmap/connection.js:299:27)
    at process.processTicksAndRejections (node:internal/process/task_queues:105:5)
    at async Connection.command (/Users/sim/Project2/node_modules/mongodb/lib/cmap/connection.js:327:26)
    at async Server.command (/Users/sim/Project2/node_modules/mongodb/lib/sdam/server.js:168:29)
    at async CreateIndexesOperation.executeCommand (/Users/sim/Project2/node_modules/mongodb/lib/operations/command.js:76:16)
    at async CreateIndexesOperation.execute (/Users/sim/Project2/node_modules/mongodb/lib/operations/indexes.js:122:9)
    at async tryOperation (/Users/sim/Project2/node_modules/mongodb/lib/operations/execute_operation.js:207:20)
    at async executeOperation (/Users/sim/Project2/node_modules/mongodb/lib/operations/execute_operation.js:75:16)
    at async Collection.createIndex (/Users/sim/Project2/node_modules/mongodb/lib/collection.js:329:25)
    at async Timeout.setupSubscriptionChangeStream [as _onTimeout] (/Users/sim/Project2/scripts/subscription-monitor.js:309:5) {
  errorLabelSet: Set(0) {},
  errorResponse: {
    ok: 0,
    errmsg: 'An existing index has the same name as the requested index. When index names are not specified, they are auto generated and can cause conflicts. Please refer to our documentation. Requested index: { v: 2, key: { companyCode: 1 }, name: "companyCode_1" }, existing index: { v: 2, unique: true, key: { companyCode: 1 }, name: "companyCode_1", background: true }',
    code: 86,
    codeName: 'IndexKeySpecsConflict',
    '$clusterTime': {
      clusterTime: new Timestamp({ t: 1749157831, i: 37 }),
      signature: [Object]
    },
    operationTime: new Timestamp({ t: 1749157831, i: 37 })
  },
  ok: 0,
  code: 86,
  codeName: 'IndexKeySpecsConflict',
  '$clusterTime': {
    clusterTime: new Timestamp({ t: 1749157831, i: 37 }),
    signature: {
      hash: Binary.createFromBase64('Kg8cahQQiYeXXcmQYElUcvNC6W0=', 0),
      keyId: new Long('7460919927629676556')
    }
  },
  operationTime: new Timestamp({ t: 1749157831, i: 37 })
}
Error setting up subscription change stream: MongoServerError: An existing index has the same name as the requested index. When index names are not specified, they are auto generated and can cause conflicts. Please refer to our documentation. Requested index: { v: 2, key: { companyCode: 1 }, name: "companyCode_1" }, existing index: { v: 2, unique: true, key: { companyCode: 1 }, name: "companyCode_1", background: true }
    at Connection.sendCommand (/Users/sim/Project2/node_modules/mongodb/lib/cmap/connection.js:299:27)
    at process.processTicksAndRejections (node:internal/process/task_queues:105:5)
    at async Connection.command (/Users/sim/Project2/node_modules/mongodb/lib/cmap/connection.js:327:26)
    at async Server.command (/Users/sim/Project2/node_modules/mongodb/lib/sdam/server.js:168:29)
    at async CreateIndexesOperation.executeCommand (/Users/sim/Project2/node_modules/mongodb/lib/operations/command.js:76:16)
    at async CreateIndexesOperation.execute (/Users/sim/Project2/node_modules/mongodb/lib/operations/indexes.js:122:9)
    at async tryOperation (/Users/sim/Project2/node_modules/mongodb/lib/operations/execute_operation.js:207:20)
    at async executeOperation (/Users/sim/Project2/node_modules/mongodb/lib/operations/execute_operation.js:75:16)
    at async Collection.createIndex (/Users/sim/Project2/node_modules/mongodb/lib/collection.js:329:25)
    at async Timeout.setupSubscriptionChangeStream [as _onTimeout] (/Users/sim/Project2/scripts/subscription-monitor.js:309:5) {
  errorLabelSet: Set(0) {},
  errorResponse: {
    ok: 0,
    errmsg: 'An existing index has the same name as the requested index. When index names are not specified, they are auto generated and can cause conflicts. Please refer to our documentation. Requested index: { v: 2, key: { companyCode: 1 }, name: "companyCode_1" }, existing index: { v: 2, unique: true, key: { companyCode: 1 }, name: "companyCode_1", background: true }',
    code: 86,
    codeName: 'IndexKeySpecsConflict',
    '$clusterTime': {
      clusterTime: new Timestamp({ t: 1749157837, i: 9 }),
      signature: [Object]
    },
    operationTime: new Timestamp({ t: 1749157837, i: 9 })
  },
  ok: 0,
  code: 86,
  codeName: 'IndexKeySpecsConflict',
  '$clusterTime': {
    clusterTime: new Timestamp({ t: 1749157837, i: 9 }),
    signature: {
      hash: Binary.createFromBase64('WxOYTQlL2NK8rULbdIOuLpzPz/o=', 0),
      keyId: new Long('7460919927629676556')
    }
  },
  operationTime: new Timestamp({ t: 1749157837, i: 9 })
}
Error setting up subscription change stream: MongoServerError: An existing index has the same name as the requested index. When index names are not specified, they are auto generated and can cause conflicts. Please refer to our documentation. Requested index: { v: 2, key: { companyCode: 1 }, name: "companyCode_1" }, existing index: { v: 2, unique: true, key: { companyCode: 1 }, name: "companyCode_1", background: true }
    at Connection.sendCommand (/Users/sim/Project2/node_modules/mongodb/lib/cmap/connection.js:299:27)
    at process.processTicksAndRejections (node:internal/process/task_queues:105:5)
    at async Connection.command (/Users/sim/Project2/node_modules/mongodb/lib/cmap/connection.js:327:26)
    at async Server.command (/Users/sim/Project2/node_modules/mongodb/lib/sdam/server.js:168:29)
    at async CreateIndexesOperation.executeCommand (/Users/sim/Project2/node_modules/mongodb/lib/operations/command.js:76:16)
    at async CreateIndexesOperation.execute (/Users/sim/Project2/node_modules/mongodb/lib/operations/indexes.js:122:9)
    at async tryOperation (/Users/sim/Project2/node_modules/mongodb/lib/operations/execute_operation.js:207:20)
    at async executeOperation (/Users/sim/Project2/node_modules/mongodb/lib/operations/execute_operation.js:75:16)
    at async Collection.createIndex (/Users/sim/Project2/node_modules/mongodb/lib/collection.js:329:25)
    at async Timeout.setupSubscriptionChangeStream [as _onTimeout] (/Users/sim/Project2/scripts/subscription-monitor.js:309:5) {
  errorLabelSet: Set(0) {},
  errorResponse: {
    ok: 0,
    errmsg: 'An existing index has the same name as the requested index. When index names are not specified, they are auto generated and can cause conflicts. Please refer to our documentation. Requested index: { v: 2, key: { companyCode: 1 }, name: "companyCode_1" }, existing index: { v: 2, unique: true, key: { companyCode: 1 }, name: "companyCode_1", background: true }',
    code: 86,
    codeName: 'IndexKeySpecsConflict',
    '$clusterTime': {
      clusterTime: new Timestamp({ t: 1749157842, i: 40 }),
      signature: [Object]
    },
    operationTime: new Timestamp({ t: 1749157842, i: 40 })
  },
  ok: 0,
  code: 86,
  codeName: 'IndexKeySpecsConflict',
  '$clusterTime': {
    clusterTime: new Timestamp({ t: 1749157842, i: 40 }),
    signature: {
      hash: Binary.createFromBase64('JC41j7u6RaFChJqr5M488bkve3A=', 0),
      keyId: new Long('7460919927629676556')
    }
  },
  operationTime: new Timestamp({ t: 1749157842, i: 40 })
}
Error setting up subscription change stream: MongoServerError: An existing index has the same name as the requested index. When index names are not specified, they are auto generated and can cause conflicts. Please refer to our documentation. Requested index: { v: 2, key: { companyCode: 1 }, name: "companyCode_1" }, existing index: { v: 2, unique: true, key: { companyCode: 1 }, name: "companyCode_1", background: true }
    at Connection.sendCommand (/Users/sim/Project2/node_modules/mongodb/lib/cmap/connection.js:299:27)
    at process.processTicksAndRejections (node:internal/process/task_queues:105:5)
    at async Connection.command (/Users/sim/Project2/node_modules/mongodb/lib/cmap/connection.js:327:26)
    at async Server.command (/Users/sim/Project2/node_modules/mongodb/lib/sdam/server.js:168:29)
    at async CreateIndexesOperation.executeCommand (/Users/sim/Project2/node_modules/mongodb/lib/operations/command.js:76:16)
    at async CreateIndexesOperation.execute (/Users/sim/Project2/node_modules/mongodb/lib/operations/indexes.js:122:9)
    at async tryOperation (/Users/sim/Project2/node_modules/mongodb/lib/operations/execute_operation.js:207:20)
    at async executeOperation (/Users/sim/Project2/node_modules/mongodb/lib/operations/execute_operation.js:75:16)
    at async Collection.createIndex (/Users/sim/Project2/node_modules/mongodb/lib/collection.js:329:25)
    at async Timeout.setupSubscriptionChangeStream [as _onTimeout] (/Users/sim/Project2/scripts/subscription-monitor.js:309:5) {
  errorLabelSet: Set(0) {},
  errorResponse: {
    ok: 0,
    errmsg: 'An existing index has the same name as the requested index. When index names are not specified, they are auto generated and can cause conflicts. Please refer to our documentation. Requested index: { v: 2, key: { companyCode: 1 }, name: "companyCode_1" }, existing index: { v: 2, unique: true, key: { companyCode: 1 }, name: "companyCode_1", background: true }',
    code: 86,
    codeName: 'IndexKeySpecsConflict',
    '$clusterTime': {
      clusterTime: new Timestamp({ t: 1749157848, i: 30 }),
      signature: [Object]
    },
    operationTime: new Timestamp({ t: 1749157848, i: 30 })
  },
  ok: 0,
  code: 86,
  codeName: 'IndexKeySpecsConflict',
  '$clusterTime': {
    clusterTime: new Timestamp({ t: 1749157848, i: 30 }),
    signature: {
      hash: Binary.createFromBase64('Y+n/q/g1oyByRZtPcMYeGymNUd0=', 0),
      keyId: new Long('7460919927629676556')
    }
  },
  operationTime: new Timestamp({ t: 1749157848, i: 30 })
}
Error setting up subscription change stream: MongoServerError: An existing index has the same name as the requested index. When index names are not specified, they are auto generated and can cause conflicts. Please refer to our documentation. Requested index: { v: 2, key: { companyCode: 1 }, name: "companyCode_1" }, existing index: { v: 2, unique: true, key: { companyCode: 1 }, name: "companyCode_1", background: true }
    at Connection.sendCommand (/Users/sim/Project2/node_modules/mongodb/lib/cmap/connection.js:299:27)
    at process.processTicksAndRejections (node:internal/process/task_queues:105:5)
    at async Connection.command (/Users/sim/Project2/node_modules/mongodb/lib/cmap/connection.js:327:26)
    at async Server.command (/Users/sim/Project2/node_modules/mongodb/lib/sdam/server.js:168:29)
    at async CreateIndexesOperation.executeCommand (/Users/sim/Project2/node_modules/mongodb/lib/operations/command.js:76:16)
    at async CreateIndexesOperation.execute (/Users/sim/Project2/node_modules/mongodb/lib/operations/indexes.js:122:9)
    at async tryOperation (/Users/sim/Project2/node_modules/mongodb/lib/operations/execute_operation.js:207:20)
    at async executeOperation (/Users/sim/Project2/node_modules/mongodb/lib/operations/execute_operation.js:75:16)
    at async Collection.createIndex (/Users/sim/Project2/node_modules/mongodb/lib/collection.js:329:25)
    at async Timeout.setupSubscriptionChangeStream [as _onTimeout] (/Users/sim/Project2/scripts/subscription-monitor.js:309:5) {
  errorLabelSet: Set(0) {},
  errorResponse: {
    ok: 0,
    errmsg: 'An existing index has the same name as the requested index. When index names are not specified, they are auto generated and can cause conflicts. Please refer to our documentation. Requested index: { v: 2, key: { companyCode: 1 }, name: "companyCode_1" }, existing index: { v: 2, unique: true, key: { companyCode: 1 }, name: "companyCode_1", background: true }',
    code: 86,
    codeName: 'IndexKeySpecsConflict',
    '$clusterTime': {
      clusterTime: new Timestamp({ t: 1749157853, i: 43 }),
      signature: [Object]
    },
    operationTime: new Timestamp({ t: 1749157853, i: 43 })
  },
  ok: 0,
  code: 86,
  codeName: 'IndexKeySpecsConflict',
  '$clusterTime': {
    clusterTime: new Timestamp({ t: 1749157853, i: 43 }),
    signature: {
      hash: Binary.createFromBase64('XbXPajtccKMJKNxCcVDKt60UcPM=', 0),
      keyId: new Long('7460919927629676556')
    }
  },
  operationTime: new Timestamp({ t: 1749157853, i: 43 })
}
Error setting up subscription change stream: MongoServerError: An existing index has the same name as the requested index. When index names are not specified, they are auto generated and can cause conflicts. Please refer to our documentation. Requested index: { v: 2, key: { companyCode: 1 }, name: "companyCode_1" }, existing index: { v: 2, unique: true, key: { companyCode: 1 }, name: "companyCode_1", background: true }
    at Connection.sendCommand (/Users/sim/Project2/node_modules/mongodb/lib/cmap/connection.js:299:27)
    at process.processTicksAndRejections (node:internal/process/task_queues:105:5)
    at async Connection.command (/Users/sim/Project2/node_modules/mongodb/lib/cmap/connection.js:327:26)
    at async Server.command (/Users/sim/Project2/node_modules/mongodb/lib/sdam/server.js:168:29)
    at async CreateIndexesOperation.executeCommand (/Users/sim/Project2/node_modules/mongodb/lib/operations/command.js:76:16)
    at async CreateIndexesOperation.execute (/Users/sim/Project2/node_modules/mongodb/lib/operations/indexes.js:122:9)
    at async tryOperation (/Users/sim/Project2/node_modules/mongodb/lib/operations/execute_operation.js:207:20)
    at async executeOperation (/Users/sim/Project2/node_modules/mongodb/lib/operations/execute_operation.js:75:16)
    at async Collection.createIndex (/Users/sim/Project2/node_modules/mongodb/lib/collection.js:329:25)
    at async Timeout.setupSubscriptionChangeStream [as _onTimeout] (/Users/sim/Project2/scripts/subscription-monitor.js:309:5) {
  errorLabelSet: Set(0) {},
  errorResponse: {
    ok: 0,
    errmsg: 'An existing index has the same name as the requested index. When index names are not specified, they are auto generated and can cause conflicts. Please refer to our documentation. Requested index: { v: 2, key: { companyCode: 1 }, name: "companyCode_1" }, existing index: { v: 2, unique: true, key: { companyCode: 1 }, name: "companyCode_1", background: true }',
    code: 86,
    codeName: 'IndexKeySpecsConflict',
    '$clusterTime': {
      clusterTime: new Timestamp({ t: 1749157859, i: 14 }),
      signature: [Object]
    },
    operationTime: new Timestamp({ t: 1749157859, i: 14 })
  },
  ok: 0,
  code: 86,
  codeName: 'IndexKeySpecsConflict',
  '$clusterTime': {
    clusterTime: new Timestamp({ t: 1749157859, i: 14 }),
    signature: {
      hash: Binary.createFromBase64('SdlmpQH6RdEcJimveeWnmva9r6w=', 0),
      keyId: new Long('7460919927629676556')
    }
  },
  operationTime: new Timestamp({ t: 1749157859, i: 14 })
}
Error setting up subscription change stream: MongoServerError: An existing index has the same name as the requested index. When index names are not specified, they are auto generated and can cause conflicts. Please refer to our documentation. Requested index: { v: 2, key: { companyCode: 1 }, name: "companyCode_1" }, existing index: { v: 2, unique: true, key: { companyCode: 1 }, name: "companyCode_1", background: true }
    at Connection.sendCommand (/Users/sim/Project2/node_modules/mongodb/lib/cmap/connection.js:299:27)
    at process.processTicksAndRejections (node:internal/process/task_queues:105:5)
    at async Connection.command (/Users/sim/Project2/node_modules/mongodb/lib/cmap/connection.js:327:26)
    at async Server.command (/Users/sim/Project2/node_modules/mongodb/lib/sdam/server.js:168:29)
    at async CreateIndexesOperation.executeCommand (/Users/sim/Project2/node_modules/mongodb/lib/operations/command.js:76:16)
    at async CreateIndexesOperation.execute (/Users/sim/Project2/node_modules/mongodb/lib/operations/indexes.js:122:9)
    at async tryOperation (/Users/sim/Project2/node_modules/mongodb/lib/operations/execute_operation.js:207:20)
    at async executeOperation (/Users/sim/Project2/node_modules/mongodb/lib/operations/execute_operation.js:75:16)
    at async Collection.createIndex (/Users/sim/Project2/node_modules/mongodb/lib/collection.js:329:25)
    at async Timeout.setupSubscriptionChangeStream [as _onTimeout] (/Users/sim/Project2/scripts/subscription-monitor.js:309:5) {
  errorLabelSet: Set(0) {},
  errorResponse: {
    ok: 0,
    errmsg: 'An existing index has the same name as the requested index. When index names are not specified, they are auto generated and can cause conflicts. Please refer to our documentation. Requested index: { v: 2, key: { companyCode: 1 }, name: "companyCode_1" }, existing index: { v: 2, unique: true, key: { companyCode: 1 }, name: "companyCode_1", background: true }',
    code: 86,
    codeName: 'IndexKeySpecsConflict',
    '$clusterTime': {
      clusterTime: new Timestamp({ t: 1749157864, i: 43 }),
      signature: [Object]
    },
    operationTime: new Timestamp({ t: 1749157864, i: 43 })
  },
  ok: 0,
  code: 86,
  codeName: 'IndexKeySpecsConflict',
  '$clusterTime': {
    clusterTime: new Timestamp({ t: 1749157864, i: 43 }),
    signature: {
      hash: Binary.createFromBase64('73Mh3znRD0wOpNIT9fE/cSyz7nw=', 0),
      keyId: new Long('7460919927629676556')
    }
  },
  operationTime: new Timestamp({ t: 1749157864, i: 43 })
}
Error setting up subscription change stream: MongoServerError: An existing index has the same name as the requested index. When index names are not specified, they are auto generated and can cause conflicts. Please refer to our documentation. Requested index: { v: 2, key: { companyCode: 1 }, name: "companyCode_1" }, existing index: { v: 2, unique: true, key: { companyCode: 1 }, name: "companyCode_1", background: true }
    at Connection.sendCommand (/Users/sim/Project2/node_modules/mongodb/lib/cmap/connection.js:299:27)
    at process.processTicksAndRejections (node:internal/process/task_queues:105:5)
    at async Connection.command (/Users/sim/Project2/node_modules/mongodb/lib/cmap/connection.js:327:26)
    at async Server.command (/Users/sim/Project2/node_modules/mongodb/lib/sdam/server.js:168:29)
    at async CreateIndexesOperation.executeCommand (/Users/sim/Project2/node_modules/mongodb/lib/operations/command.js:76:16)
    at async CreateIndexesOperation.execute (/Users/sim/Project2/node_modules/mongodb/lib/operations/indexes.js:122:9)
    at async tryOperation (/Users/sim/Project2/node_modules/mongodb/lib/operations/execute_operation.js:207:20)
    at async executeOperation (/Users/sim/Project2/node_modules/mongodb/lib/operations/execute_operation.js:75:16)
    at async Collection.createIndex (/Users/sim/Project2/node_modules/mongodb/lib/collection.js:329:25)
    at async Timeout.setupSubscriptionChangeStream [as _onTimeout] (/Users/sim/Project2/scripts/subscription-monitor.js:309:5) {
  errorLabelSet: Set(0) {},
  errorResponse: {
    ok: 0,
    errmsg: 'An existing index has the same name as the requested index. When index names are not specified, they are auto generated and can cause conflicts. Please refer to our documentation. Requested index: { v: 2, key: { companyCode: 1 }, name: "companyCode_1" }, existing index: { v: 2, unique: true, key: { companyCode: 1 }, name: "companyCode_1", background: true }',
    code: 86,
    codeName: 'IndexKeySpecsConflict',
    '$clusterTime': {
      clusterTime: new Timestamp({ t: 1749157870, i: 14 }),
      signature: [Object]
    },
    operationTime: new Timestamp({ t: 1749157870, i: 14 })
  },
  ok: 0,
  code: 86,
  codeName: 'IndexKeySpecsConflict',
  '$clusterTime': {
    clusterTime: new Timestamp({ t: 1749157870, i: 14 }),
    signature: {
      hash: Binary.createFromBase64('XcS/jeKLWo6XRoaX6PselXJ47jM=', 0),
      keyId: new Long('7460919927629676556')
    }
  },
  operationTime: new Timestamp({ t: 1749157870, i: 14 })
}
Error setting up subscription change stream: MongoServerError: An existing index has the same name as the requested index. When index names are not specified, they are auto generated and can cause conflicts. Please refer to our documentation. Requested index: { v: 2, key: { companyCode: 1 }, name: "companyCode_1" }, existing index: { v: 2, unique: true, key: { companyCode: 1 }, name: "companyCode_1", background: true }
    at Connection.sendCommand (/Users/sim/Project2/node_modules/mongodb/lib/cmap/connection.js:299:27)
    at process.processTicksAndRejections (node:internal/process/task_queues:105:5)
    at async Connection.command (/Users/sim/Project2/node_modules/mongodb/lib/cmap/connection.js:327:26)
    at async Server.command (/Users/sim/Project2/node_modules/mongodb/lib/sdam/server.js:168:29)
    at async CreateIndexesOperation.executeCommand (/Users/sim/Project2/node_modules/mongodb/lib/operations/command.js:76:16)
    at async CreateIndexesOperation.execute (/Users/sim/Project2/node_modules/mongodb/lib/operations/indexes.js:122:9)
    at async tryOperation (/Users/sim/Project2/node_modules/mongodb/lib/operations/execute_operation.js:207:20)
    at async executeOperation (/Users/sim/Project2/node_modules/mongodb/lib/operations/execute_operation.js:75:16)
    at async Collection.createIndex (/Users/sim/Project2/node_modules/mongodb/lib/collection.js:329:25)
    at async Timeout.setupSubscriptionChangeStream [as _onTimeout] (/Users/sim/Project2/scripts/subscription-monitor.js:309:5) {
  errorLabelSet: Set(0) {},
  errorResponse: {
    ok: 0,
    errmsg: 'An existing index has the same name as the requested index. When index names are not specified, they are auto generated and can cause conflicts. Please refer to our documentation. Requested index: { v: 2, key: { companyCode: 1 }, name: "companyCode_1" }, existing index: { v: 2, unique: true, key: { companyCode: 1 }, name: "companyCode_1", background: true }',
    code: 86,
    codeName: 'IndexKeySpecsConflict',
    '$clusterTime': {
      clusterTime: new Timestamp({ t: 1749157876, i: 3 }),
      signature: [Object]
    },
    operationTime: new Timestamp({ t: 1749157876, i: 3 })
  },
  ok: 0,
  code: 86,
  codeName: 'IndexKeySpecsConflict',
  '$clusterTime': {
    clusterTime: new Timestamp({ t: 1749157876, i: 3 }),
    signature: {
      hash: Binary.createFromBase64('jmK2tzdSJ6rWwmLhT48FTbHu3aA=', 0),
      keyId: new Long('7460919927629676556')
    }
  },
  operationTime: new Timestamp({ t: 1749157876, i: 3 })
}
Error setting up subscription change stream: MongoServerError: An existing index has the same name as the requested index. When index names are not specified, they are auto generated and can cause conflicts. Please refer to our documentation. Requested index: { v: 2, key: { companyCode: 1 }, name: "companyCode_1" }, existing index: { v: 2, unique: true, key: { companyCode: 1 }, name: "companyCode_1", background: true }
    at Connection.sendCommand (/Users/sim/Project2/node_modules/mongodb/lib/cmap/connection.js:299:27)
    at process.processTicksAndRejections (node:internal/process/task_queues:105:5)
    at async Connection.command (/Users/sim/Project2/node_modules/mongodb/lib/cmap/connection.js:327:26)
    at async Server.command (/Users/sim/Project2/node_modules/mongodb/lib/sdam/server.js:168:29)
    at async CreateIndexesOperation.executeCommand (/Users/sim/Project2/node_modules/mongodb/lib/operations/command.js:76:16)
    at async CreateIndexesOperation.execute (/Users/sim/Project2/node_modules/mongodb/lib/operations/indexes.js:122:9)
    at async tryOperation (/Users/sim/Project2/node_modules/mongodb/lib/operations/execute_operation.js:207:20)
    at async executeOperation (/Users/sim/Project2/node_modules/mongodb/lib/operations/execute_operation.js:75:16)
    at async Collection.createIndex (/Users/sim/Project2/node_modules/mongodb/lib/collection.js:329:25)
    at async Timeout.setupSubscriptionChangeStream [as _onTimeout] (/Users/sim/Project2/scripts/subscription-monitor.js:309:5) {
  errorLabelSet: Set(0) {},
  errorResponse: {
    ok: 0,
    errmsg: 'An existing index has the same name as the requested index. When index names are not specified, they are auto generated and can cause conflicts. Please refer to our documentation. Requested index: { v: 2, key: { companyCode: 1 }, name: "companyCode_1" }, existing index: { v: 2, unique: true, key: { companyCode: 1 }, name: "companyCode_1", background: true }',
    code: 86,
    codeName: 'IndexKeySpecsConflict',
    '$clusterTime': {
      clusterTime: new Timestamp({ t: 1749157881, i: 23 }),
      signature: [Object]
    },
    operationTime: new Timestamp({ t: 1749157881, i: 23 })
  },
  ok: 0,
  code: 86,
  codeName: 'IndexKeySpecsConflict',
  '$clusterTime': {
    clusterTime: new Timestamp({ t: 1749157881, i: 23 }),
    signature: {
      hash: Binary.createFromBase64('Dm3lJnFGn7rq8wNhvU83qqzwqWY=', 0),
      keyId: new Long('7460919927629676556')
    }
  },
  operationTime: new Timestamp({ t: 1749157881, i: 23 })
}
Error setting up subscription change stream: MongoServerError: An existing index has the same name as the requested index. When index names are not specified, they are auto generated and can cause conflicts. Please refer to our documentation. Requested index: { v: 2, key: { companyCode: 1 }, name: "companyCode_1" }, existing index: { v: 2, unique: true, key: { companyCode: 1 }, name: "companyCode_1", background: true }
    at Connection.sendCommand (/Users/sim/Project2/node_modules/mongodb/lib/cmap/connection.js:299:27)
    at process.processTicksAndRejections (node:internal/process/task_queues:105:5)
    at async Connection.command (/Users/sim/Project2/node_modules/mongodb/lib/cmap/connection.js:327:26)
    at async Server.command (/Users/sim/Project2/node_modules/mongodb/lib/sdam/server.js:168:29)
    at async CreateIndexesOperation.executeCommand (/Users/sim/Project2/node_modules/mongodb/lib/operations/command.js:76:16)
    at async CreateIndexesOperation.execute (/Users/sim/Project2/node_modules/mongodb/lib/operations/indexes.js:122:9)
    at async tryOperation (/Users/sim/Project2/node_modules/mongodb/lib/operations/execute_operation.js:207:20)
    at async executeOperation (/Users/sim/Project2/node_modules/mongodb/lib/operations/execute_operation.js:75:16)
    at async Collection.createIndex (/Users/sim/Project2/node_modules/mongodb/lib/collection.js:329:25)
    at async Timeout.setupSubscriptionChangeStream [as _onTimeout] (/Users/sim/Project2/scripts/subscription-monitor.js:309:5) {
  errorLabelSet: Set(0) {},
  errorResponse: {
    ok: 0,
    errmsg: 'An existing index has the same name as the requested index. When index names are not specified, they are auto generated and can cause conflicts. Please refer to our documentation. Requested index: { v: 2, key: { companyCode: 1 }, name: "companyCode_1" }, existing index: { v: 2, unique: true, key: { companyCode: 1 }, name: "companyCode_1", background: true }',
    code: 86,
    codeName: 'IndexKeySpecsConflict',
    '$clusterTime': {
      clusterTime: new Timestamp({ t: 1749157887, i: 8 }),
      signature: [Object]
    },
    operationTime: new Timestamp({ t: 1749157887, i: 8 })
  },
  ok: 0,
  code: 86,
  codeName: 'IndexKeySpecsConflict',
  '$clusterTime': {
    clusterTime: new Timestamp({ t: 1749157887, i: 8 }),
    signature: {
      hash: Binary.createFromBase64('WKUfIBVJsHjActFWZegcZRG70CQ=', 0),
      keyId: new Long('7460919927629676556')
    }
  },
  operationTime: new Timestamp({ t: 1749157887, i: 8 })
}
Error setting up subscription change stream: MongoServerError: An existing index has the same name as the requested index. When index names are not specified, they are auto generated and can cause conflicts. Please refer to our documentation. Requested index: { v: 2, key: { companyCode: 1 }, name: "companyCode_1" }, existing index: { v: 2, unique: true, key: { companyCode: 1 }, name: "companyCode_1", background: true }
    at Connection.sendCommand (/Users/sim/Project2/node_modules/mongodb/lib/cmap/connection.js:299:27)
    at process.processTicksAndRejections (node:internal/process/task_queues:105:5)
    at async Connection.command (/Users/sim/Project2/node_modules/mongodb/lib/cmap/connection.js:327:26)
    at async Server.command (/Users/sim/Project2/node_modules/mongodb/lib/sdam/server.js:168:29)
    at async CreateIndexesOperation.executeCommand (/Users/sim/Project2/node_modules/mongodb/lib/operations/command.js:76:16)
    at async CreateIndexesOperation.execute (/Users/sim/Project2/node_modules/mongodb/lib/operations/indexes.js:122:9)
    at async tryOperation (/Users/sim/Project2/node_modules/mongodb/lib/operations/execute_operation.js:207:20)
    at async executeOperation (/Users/sim/Project2/node_modules/mongodb/lib/operations/execute_operation.js:75:16)
    at async Collection.createIndex (/Users/sim/Project2/node_modules/mongodb/lib/collection.js:329:25)
    at async Timeout.setupSubscriptionChangeStream [as _onTimeout] (/Users/sim/Project2/scripts/subscription-monitor.js:309:5) {
  errorLabelSet: Set(0) {},
  errorResponse: {
    ok: 0,
    errmsg: 'An existing index has the same name as the requested index. When index names are not specified, they are auto generated and can cause conflicts. Please refer to our documentation. Requested index: { v: 2, key: { companyCode: 1 }, name: "companyCode_1" }, existing index: { v: 2, unique: true, key: { companyCode: 1 }, name: "companyCode_1", background: true }',
    code: 86,
    codeName: 'IndexKeySpecsConflict',
    '$clusterTime': {
      clusterTime: new Timestamp({ t: 1749157892, i: 28 }),
      signature: [Object]
    },
    operationTime: new Timestamp({ t: 1749157892, i: 28 })
  },
  ok: 0,
  code: 86,
  codeName: 'IndexKeySpecsConflict',
  '$clusterTime': {
    clusterTime: new Timestamp({ t: 1749157892, i: 28 }),
    signature: {
      hash: Binary.createFromBase64('F3J9yYvKQfGYrbMvsDv80+i3FKo=', 0),
      keyId: new Long('7460919927629676556')
    }
  },
  operationTime: new Timestamp({ t: 1749157892, i: 28 })
}
Error setting up subscription change stream: MongoServerError: An existing index has the same name as the requested index. When index names are not specified, they are auto generated and can cause conflicts. Please refer to our documentation. Requested index: { v: 2, key: { companyCode: 1 }, name: "companyCode_1" }, existing index: { v: 2, unique: true, key: { companyCode: 1 }, name: "companyCode_1", background: true }
    at Connection.sendCommand (/Users/sim/Project2/node_modules/mongodb/lib/cmap/connection.js:299:27)
    at process.processTicksAndRejections (node:internal/process/task_queues:105:5)
    at async Connection.command (/Users/sim/Project2/node_modules/mongodb/lib/cmap/connection.js:327:26)
    at async Server.command (/Users/sim/Project2/node_modules/mongodb/lib/sdam/server.js:168:29)
    at async CreateIndexesOperation.executeCommand (/Users/sim/Project2/node_modules/mongodb/lib/operations/command.js:76:16)
    at async CreateIndexesOperation.execute (/Users/sim/Project2/node_modules/mongodb/lib/operations/indexes.js:122:9)
    at async tryOperation (/Users/sim/Project2/node_modules/mongodb/lib/operations/execute_operation.js:207:20)
    at async executeOperation (/Users/sim/Project2/node_modules/mongodb/lib/operations/execute_operation.js:75:16)
    at async Collection.createIndex (/Users/sim/Project2/node_modules/mongodb/lib/collection.js:329:25)
    at async Timeout.setupSubscriptionChangeStream [as _onTimeout] (/Users/sim/Project2/scripts/subscription-monitor.js:309:5) {
  errorLabelSet: Set(0) {},
  errorResponse: {
    ok: 0,
    errmsg: 'An existing index has the same name as the requested index. When index names are not specified, they are auto generated and can cause conflicts. Please refer to our documentation. Requested index: { v: 2, key: { companyCode: 1 }, name: "companyCode_1" }, existing index: { v: 2, unique: true, key: { companyCode: 1 }, name: "companyCode_1", background: true }',
    code: 86,
    codeName: 'IndexKeySpecsConflict',
    '$clusterTime': {
      clusterTime: new Timestamp({ t: 1749157898, i: 18 }),
      signature: [Object]
    },
    operationTime: new Timestamp({ t: 1749157898, i: 18 })
  },
  ok: 0,
  code: 86,
  codeName: 'IndexKeySpecsConflict',
  '$clusterTime': {
    clusterTime: new Timestamp({ t: 1749157898, i: 18 }),
    signature: {
      hash: Binary.createFromBase64('iBg2C03ZnYYc+4y71PmhGVO/QuU=', 0),
      keyId: new Long('7460919927629676556')
    }
  },
  operationTime: new Timestamp({ t: 1749157898, i: 18 })
}
Error setting up subscription change stream: MongoServerError: An existing index has the same name as the requested index. When index names are not specified, they are auto generated and can cause conflicts. Please refer to our documentation. Requested index: { v: 2, key: { companyCode: 1 }, name: "companyCode_1" }, existing index: { v: 2, unique: true, key: { companyCode: 1 }, name: "companyCode_1", background: true }
    at Connection.sendCommand (/Users/sim/Project2/node_modules/mongodb/lib/cmap/connection.js:299:27)
    at process.processTicksAndRejections (node:internal/process/task_queues:105:5)
    at async Connection.command (/Users/sim/Project2/node_modules/mongodb/lib/cmap/connection.js:327:26)
    at async Server.command (/Users/sim/Project2/node_modules/mongodb/lib/sdam/server.js:168:29)
    at async CreateIndexesOperation.executeCommand (/Users/sim/Project2/node_modules/mongodb/lib/operations/command.js:76:16)
    at async CreateIndexesOperation.execute (/Users/sim/Project2/node_modules/mongodb/lib/operations/indexes.js:122:9)
    at async tryOperation (/Users/sim/Project2/node_modules/mongodb/lib/operations/execute_operation.js:207:20)
    at async executeOperation (/Users/sim/Project2/node_modules/mongodb/lib/operations/execute_operation.js:75:16)
    at async Collection.createIndex (/Users/sim/Project2/node_modules/mongodb/lib/collection.js:329:25)
    at async Timeout.setupSubscriptionChangeStream [as _onTimeout] (/Users/sim/Project2/scripts/subscription-monitor.js:309:5) {
  errorLabelSet: Set(0) {},
  errorResponse: {
    ok: 0,
    errmsg: 'An existing index has the same name as the requested index. When index names are not specified, they are auto generated and can cause conflicts. Please refer to our documentation. Requested index: { v: 2, key: { companyCode: 1 }, name: "companyCode_1" }, existing index: { v: 2, unique: true, key: { companyCode: 1 }, name: "companyCode_1", background: true }',
    code: 86,
    codeName: 'IndexKeySpecsConflict',
    '$clusterTime': {
      clusterTime: new Timestamp({ t: 1749157903, i: 124 }),
      signature: [Object]
    },
    operationTime: new Timestamp({ t: 1749157903, i: 124 })
  },
  ok: 0,
  code: 86,
  codeName: 'IndexKeySpecsConflict',
  '$clusterTime': {
    clusterTime: new Timestamp({ t: 1749157903, i: 124 }),
    signature: {
      hash: Binary.createFromBase64('SX2JscsrM0BvdpycgCRe+BRnYAk=', 0),
      keyId: new Long('7460919927629676556')
    }
  },
  operationTime: new Timestamp({ t: 1749157903, i: 124 })
}
Error setting up subscription change stream: MongoServerError: An existing index has the same name as the requested index. When index names are not specified, they are auto generated and can cause conflicts. Please refer to our documentation. Requested index: { v: 2, key: { companyCode: 1 }, name: "companyCode_1" }, existing index: { v: 2, unique: true, key: { companyCode: 1 }, name: "companyCode_1", background: true }
    at Connection.sendCommand (/Users/sim/Project2/node_modules/mongodb/lib/cmap/connection.js:299:27)
    at process.processTicksAndRejections (node:internal/process/task_queues:105:5)
    at async Connection.command (/Users/sim/Project2/node_modules/mongodb/lib/cmap/connection.js:327:26)
    at async Server.command (/Users/sim/Project2/node_modules/mongodb/lib/sdam/server.js:168:29)
    at async CreateIndexesOperation.executeCommand (/Users/sim/Project2/node_modules/mongodb/lib/operations/command.js:76:16)
    at async CreateIndexesOperation.execute (/Users/sim/Project2/node_modules/mongodb/lib/operations/indexes.js:122:9)
    at async tryOperation (/Users/sim/Project2/node_modules/mongodb/lib/operations/execute_operation.js:207:20)
    at async executeOperation (/Users/sim/Project2/node_modules/mongodb/lib/operations/execute_operation.js:75:16)
    at async Collection.createIndex (/Users/sim/Project2/node_modules/mongodb/lib/collection.js:329:25)
    at async Timeout.setupSubscriptionChangeStream [as _onTimeout] (/Users/sim/Project2/scripts/subscription-monitor.js:309:5) {
  errorLabelSet: Set(0) {},
  errorResponse: {
    ok: 0,
    errmsg: 'An existing index has the same name as the requested index. When index names are not specified, they are auto generated and can cause conflicts. Please refer to our documentation. Requested index: { v: 2, key: { companyCode: 1 }, name: "companyCode_1" }, existing index: { v: 2, unique: true, key: { companyCode: 1 }, name: "companyCode_1", background: true }',
    code: 86,
    codeName: 'IndexKeySpecsConflict',
    '$clusterTime': {
      clusterTime: new Timestamp({ t: 1749157909, i: 12 }),
      signature: [Object]
    },
    operationTime: new Timestamp({ t: 1749157909, i: 12 })
  },
  ok: 0,
  code: 86,
  codeName: 'IndexKeySpecsConflict',
  '$clusterTime': {
    clusterTime: new Timestamp({ t: 1749157909, i: 12 }),
    signature: {
      hash: Binary.createFromBase64('SJdlzoMzEQWWWQCKQkMQcLh/YIw=', 0),
      keyId: new Long('7460919927629676556')
    }
  },
  operationTime: new Timestamp({ t: 1749157909, i: 12 })
}
Error setting up subscription change stream: MongoServerError: An existing index has the same name as the requested index. When index names are not specified, they are auto generated and can cause conflicts. Please refer to our documentation. Requested index: { v: 2, key: { companyCode: 1 }, name: "companyCode_1" }, existing index: { v: 2, unique: true, key: { companyCode: 1 }, name: "companyCode_1", background: true }
    at Connection.sendCommand (/Users/sim/Project2/node_modules/mongodb/lib/cmap/connection.js:299:27)
    at process.processTicksAndRejections (node:internal/process/task_queues:105:5)
    at async Connection.command (/Users/sim/Project2/node_modules/mongodb/lib/cmap/connection.js:327:26)
    at async Server.command (/Users/sim/Project2/node_modules/mongodb/lib/sdam/server.js:168:29)
    at async CreateIndexesOperation.executeCommand (/Users/sim/Project2/node_modules/mongodb/lib/operations/command.js:76:16)
    at async CreateIndexesOperation.execute (/Users/sim/Project2/node_modules/mongodb/lib/operations/indexes.js:122:9)
    at async tryOperation (/Users/sim/Project2/node_modules/mongodb/lib/operations/execute_operation.js:207:20)
    at async executeOperation (/Users/sim/Project2/node_modules/mongodb/lib/operations/execute_operation.js:75:16)
    at async Collection.createIndex (/Users/sim/Project2/node_modules/mongodb/lib/collection.js:329:25)
    at async Timeout.setupSubscriptionChangeStream [as _onTimeout] (/Users/sim/Project2/scripts/subscription-monitor.js:309:5) {
  errorLabelSet: Set(0) {},
  errorResponse: {
    ok: 0,
    errmsg: 'An existing index has the same name as the requested index. When index names are not specified, they are auto generated and can cause conflicts. Please refer to our documentation. Requested index: { v: 2, key: { companyCode: 1 }, name: "companyCode_1" }, existing index: { v: 2, unique: true, key: { companyCode: 1 }, name: "companyCode_1", background: true }',
    code: 86,
    codeName: 'IndexKeySpecsConflict',
    '$clusterTime': {
      clusterTime: new Timestamp({ t: 1749157914, i: 40 }),
      signature: [Object]
    },
    operationTime: new Timestamp({ t: 1749157914, i: 40 })
  },
  ok: 0,
  code: 86,
  codeName: 'IndexKeySpecsConflict',
  '$clusterTime': {
    clusterTime: new Timestamp({ t: 1749157914, i: 40 }),
    signature: {
      hash: Binary.createFromBase64('WzpVAJ6eO5lITiGeO2KWwkpuYME=', 0),
      keyId: new Long('7460919927629676556')
    }
  },
  operationTime: new Timestamp({ t: 1749157914, i: 40 })
}
Error setting up subscription change stream: MongoServerError: An existing index has the same name as the requested index. When index names are not specified, they are auto generated and can cause conflicts. Please refer to our documentation. Requested index: { v: 2, key: { companyCode: 1 }, name: "companyCode_1" }, existing index: { v: 2, unique: true, key: { companyCode: 1 }, name: "companyCode_1", background: true }
    at Connection.sendCommand (/Users/sim/Project2/node_modules/mongodb/lib/cmap/connection.js:299:27)
    at process.processTicksAndRejections (node:internal/process/task_queues:105:5)
    at async Connection.command (/Users/sim/Project2/node_modules/mongodb/lib/cmap/connection.js:327:26)
    at async Server.command (/Users/sim/Project2/node_modules/mongodb/lib/sdam/server.js:168:29)
    at async CreateIndexesOperation.executeCommand (/Users/sim/Project2/node_modules/mongodb/lib/operations/command.js:76:16)
    at async CreateIndexesOperation.execute (/Users/sim/Project2/node_modules/mongodb/lib/operations/indexes.js:122:9)
    at async tryOperation (/Users/sim/Project2/node_modules/mongodb/lib/operations/execute_operation.js:207:20)
    at async executeOperation (/Users/sim/Project2/node_modules/mongodb/lib/operations/execute_operation.js:75:16)
    at async Collection.createIndex (/Users/sim/Project2/node_modules/mongodb/lib/collection.js:329:25)
    at async Timeout.setupSubscriptionChangeStream [as _onTimeout] (/Users/sim/Project2/scripts/subscription-monitor.js:309:5) {
  errorLabelSet: Set(0) {},
  errorResponse: {
    ok: 0,
    errmsg: 'An existing index has the same name as the requested index. When index names are not specified, they are auto generated and can cause conflicts. Please refer to our documentation. Requested index: { v: 2, key: { companyCode: 1 }, name: "companyCode_1" }, existing index: { v: 2, unique: true, key: { companyCode: 1 }, name: "companyCode_1", background: true }',
    code: 86,
    codeName: 'IndexKeySpecsConflict',
    '$clusterTime': {
      clusterTime: new Timestamp({ t: 1749157920, i: 16 }),
      signature: [Object]
    },
    operationTime: new Timestamp({ t: 1749157920, i: 16 })
  },
  ok: 0,
  code: 86,
  codeName: 'IndexKeySpecsConflict',
  '$clusterTime': {
    clusterTime: new Timestamp({ t: 1749157920, i: 16 }),
    signature: {
      hash: Binary.createFromBase64('zbQ562wSG4OzGhyvRA/aQyz1e58=', 0),
      keyId: new Long('7460919927629676556')
    }
  },
  operationTime: new Timestamp({ t: 1749157920, i: 16 })
}
Error setting up subscription change stream: MongoServerError: An existing index has the same name as the requested index. When index names are not specified, they are auto generated and can cause conflicts. Please refer to our documentation. Requested index: { v: 2, key: { companyCode: 1 }, name: "companyCode_1" }, existing index: { v: 2, unique: true, key: { companyCode: 1 }, name: "companyCode_1", background: true }
    at Connection.sendCommand (/Users/sim/Project2/node_modules/mongodb/lib/cmap/connection.js:299:27)
    at process.processTicksAndRejections (node:internal/process/task_queues:105:5)
    at async Connection.command (/Users/sim/Project2/node_modules/mongodb/lib/cmap/connection.js:327:26)
    at async Server.command (/Users/sim/Project2/node_modules/mongodb/lib/sdam/server.js:168:29)
    at async CreateIndexesOperation.executeCommand (/Users/sim/Project2/node_modules/mongodb/lib/operations/command.js:76:16)
    at async CreateIndexesOperation.execute (/Users/sim/Project2/node_modules/mongodb/lib/operations/indexes.js:122:9)
    at async tryOperation (/Users/sim/Project2/node_modules/mongodb/lib/operations/execute_operation.js:207:20)
    at async executeOperation (/Users/sim/Project2/node_modules/mongodb/lib/operations/execute_operation.js:75:16)
    at async Collection.createIndex (/Users/sim/Project2/node_modules/mongodb/lib/collection.js:329:25)
    at async Timeout.setupSubscriptionChangeStream [as _onTimeout] (/Users/sim/Project2/scripts/subscription-monitor.js:309:5) {
  errorLabelSet: Set(0) {},
  errorResponse: {
    ok: 0,
    errmsg: 'An existing index has the same name as the requested index. When index names are not specified, they are auto generated and can cause conflicts. Please refer to our documentation. Requested index: { v: 2, key: { companyCode: 1 }, name: "companyCode_1" }, existing index: { v: 2, unique: true, key: { companyCode: 1 }, name: "companyCode_1", background: true }',
    code: 86,
    codeName: 'IndexKeySpecsConflict',
    '$clusterTime': {
      clusterTime: new Timestamp({ t: 1749157925, i: 40 }),
      signature: [Object]
    },
    operationTime: new Timestamp({ t: 1749157925, i: 40 })
  },
  ok: 0,
  code: 86,
  codeName: 'IndexKeySpecsConflict',
  '$clusterTime': {
    clusterTime: new Timestamp({ t: 1749157925, i: 40 }),
    signature: {
      hash: Binary.createFromBase64('h+4nphFV746FpR4Q4XYvsXFPpsM=', 0),
      keyId: new Long('7460919927629676556')
    }
  },
  operationTime: new Timestamp({ t: 1749157925, i: 40 })
}
Error setting up subscription change stream: MongoServerError: An existing index has the same name as the requested index. When index names are not specified, they are auto generated and can cause conflicts. Please refer to our documentation. Requested index: { v: 2, key: { companyCode: 1 }, name: "companyCode_1" }, existing index: { v: 2, unique: true, key: { companyCode: 1 }, name: "companyCode_1", background: true }
    at Connection.sendCommand (/Users/sim/Project2/node_modules/mongodb/lib/cmap/connection.js:299:27)
    at process.processTicksAndRejections (node:internal/process/task_queues:105:5)
    at async Connection.command (/Users/sim/Project2/node_modules/mongodb/lib/cmap/connection.js:327:26)
    at async Server.command (/Users/sim/Project2/node_modules/mongodb/lib/sdam/server.js:168:29)
    at async CreateIndexesOperation.executeCommand (/Users/sim/Project2/node_modules/mongodb/lib/operations/command.js:76:16)
    at async CreateIndexesOperation.execute (/Users/sim/Project2/node_modules/mongodb/lib/operations/indexes.js:122:9)
    at async tryOperation (/Users/sim/Project2/node_modules/mongodb/lib/operations/execute_operation.js:207:20)
    at async executeOperation (/Users/sim/Project2/node_modules/mongodb/lib/operations/execute_operation.js:75:16)
    at async Collection.createIndex (/Users/sim/Project2/node_modules/mongodb/lib/collection.js:329:25)
    at async Timeout.setupSubscriptionChangeStream [as _onTimeout] (/Users/sim/Project2/scripts/subscription-monitor.js:309:5) {
  errorLabelSet: Set(0) {},
  errorResponse: {
    ok: 0,
    errmsg: 'An existing index has the same name as the requested index. When index names are not specified, they are auto generated and can cause conflicts. Please refer to our documentation. Requested index: { v: 2, key: { companyCode: 1 }, name: "companyCode_1" }, existing index: { v: 2, unique: true, key: { companyCode: 1 }, name: "companyCode_1", background: true }',
    code: 86,
    codeName: 'IndexKeySpecsConflict',
    '$clusterTime': {
      clusterTime: new Timestamp({ t: 1749157931, i: 21 }),
      signature: [Object]
    },
    operationTime: new Timestamp({ t: 1749157931, i: 21 })
  },
  ok: 0,
  code: 86,
  codeName: 'IndexKeySpecsConflict',
  '$clusterTime': {
    clusterTime: new Timestamp({ t: 1749157931, i: 21 }),
    signature: {
      hash: Binary.createFromBase64('fZaQARaAo3OggEb3HXvA9zO6WA0=', 0),
      keyId: new Long('7460919927629676556')
    }
  },
  operationTime: new Timestamp({ t: 1749157931, i: 21 })
}
Error setting up subscription change stream: MongoServerError: An existing index has the same name as the requested index. When index names are not specified, they are auto generated and can cause conflicts. Please refer to our documentation. Requested index: { v: 2, key: { companyCode: 1 }, name: "companyCode_1" }, existing index: { v: 2, unique: true, key: { companyCode: 1 }, name: "companyCode_1", background: true }
    at Connection.sendCommand (/Users/sim/Project2/node_modules/mongodb/lib/cmap/connection.js:299:27)
    at process.processTicksAndRejections (node:internal/process/task_queues:105:5)
    at async Connection.command (/Users/sim/Project2/node_modules/mongodb/lib/cmap/connection.js:327:26)
    at async Server.command (/Users/sim/Project2/node_modules/mongodb/lib/sdam/server.js:168:29)
    at async CreateIndexesOperation.executeCommand (/Users/sim/Project2/node_modules/mongodb/lib/operations/command.js:76:16)
    at async CreateIndexesOperation.execute (/Users/sim/Project2/node_modules/mongodb/lib/operations/indexes.js:122:9)
    at async tryOperation (/Users/sim/Project2/node_modules/mongodb/lib/operations/execute_operation.js:207:20)
    at async executeOperation (/Users/sim/Project2/node_modules/mongodb/lib/operations/execute_operation.js:75:16)
    at async Collection.createIndex (/Users/sim/Project2/node_modules/mongodb/lib/collection.js:329:25)
    at async Timeout.setupSubscriptionChangeStream [as _onTimeout] (/Users/sim/Project2/scripts/subscription-monitor.js:309:5) {
  errorLabelSet: Set(0) {},
  errorResponse: {
    ok: 0,
    errmsg: 'An existing index has the same name as the requested index. When index names are not specified, they are auto generated and can cause conflicts. Please refer to our documentation. Requested index: { v: 2, key: { companyCode: 1 }, name: "companyCode_1" }, existing index: { v: 2, unique: true, key: { companyCode: 1 }, name: "companyCode_1", background: true }',
    code: 86,
    codeName: 'IndexKeySpecsConflict',
    '$clusterTime': {
      clusterTime: new Timestamp({ t: 1749157936, i: 40 }),
      signature: [Object]
    },
    operationTime: new Timestamp({ t: 1749157936, i: 40 })
  },
  ok: 0,
  code: 86,
  codeName: 'IndexKeySpecsConflict',
  '$clusterTime': {
    clusterTime: new Timestamp({ t: 1749157936, i: 40 }),
    signature: {
      hash: Binary.createFromBase64('DVLPlGTC0mGOwMJsPzNVcvUve/M=', 0),
      keyId: new Long('7460919927629676556')
    }
  },
  operationTime: new Timestamp({ t: 1749157936, i: 40 })
}
Error setting up subscription change stream: MongoServerError: An existing index has the same name as the requested index. When index names are not specified, they are auto generated and can cause conflicts. Please refer to our documentation. Requested index: { v: 2, key: { companyCode: 1 }, name: "companyCode_1" }, existing index: { v: 2, unique: true, key: { companyCode: 1 }, name: "companyCode_1", background: true }
    at Connection.sendCommand (/Users/sim/Project2/node_modules/mongodb/lib/cmap/connection.js:299:27)
    at process.processTicksAndRejections (node:internal/process/task_queues:105:5)
    at async Connection.command (/Users/sim/Project2/node_modules/mongodb/lib/cmap/connection.js:327:26)
    at async Server.command (/Users/sim/Project2/node_modules/mongodb/lib/sdam/server.js:168:29)
    at async CreateIndexesOperation.executeCommand (/Users/sim/Project2/node_modules/mongodb/lib/operations/command.js:76:16)
    at async CreateIndexesOperation.execute (/Users/sim/Project2/node_modules/mongodb/lib/operations/indexes.js:122:9)
    at async tryOperation (/Users/sim/Project2/node_modules/mongodb/lib/operations/execute_operation.js:207:20)
    at async executeOperation (/Users/sim/Project2/node_modules/mongodb/lib/operations/execute_operation.js:75:16)
    at async Collection.createIndex (/Users/sim/Project2/node_modules/mongodb/lib/collection.js:329:25)
    at async Timeout.setupSubscriptionChangeStream [as _onTimeout] (/Users/sim/Project2/scripts/subscription-monitor.js:309:5) {
  errorLabelSet: Set(0) {},
  errorResponse: {
    ok: 0,
    errmsg: 'An existing index has the same name as the requested index. When index names are not specified, they are auto generated and can cause conflicts. Please refer to our documentation. Requested index: { v: 2, key: { companyCode: 1 }, name: "companyCode_1" }, existing index: { v: 2, unique: true, key: { companyCode: 1 }, name: "companyCode_1", background: true }',
    code: 86,
    codeName: 'IndexKeySpecsConflict',
    '$clusterTime': {
      clusterTime: new Timestamp({ t: 1749157942, i: 15 }),
      signature: [Object]
    },
    operationTime: new Timestamp({ t: 1749157942, i: 15 })
  },
  ok: 0,
  code: 86,
  codeName: 'IndexKeySpecsConflict',
  '$clusterTime': {
    clusterTime: new Timestamp({ t: 1749157942, i: 15 }),
    signature: {
      hash: Binary.createFromBase64('Ocv+bKMgC1EOHhKL/eV0ArVw1+c=', 0),
      keyId: new Long('7460919927629676556')
    }
  },
  operationTime: new Timestamp({ t: 1749157942, i: 15 })
}
Error setting up subscription change stream: MongoServerError: An existing index has the same name as the requested index. When index names are not specified, they are auto generated and can cause conflicts. Please refer to our documentation. Requested index: { v: 2, key: { companyCode: 1 }, name: "companyCode_1" }, existing index: { v: 2, unique: true, key: { companyCode: 1 }, name: "companyCode_1", background: true }
    at Connection.sendCommand (/Users/sim/Project2/node_modules/mongodb/lib/cmap/connection.js:299:27)
    at process.processTicksAndRejections (node:internal/process/task_queues:105:5)
    at async Connection.command (/Users/sim/Project2/node_modules/mongodb/lib/cmap/connection.js:327:26)
    at async Server.command (/Users/sim/Project2/node_modules/mongodb/lib/sdam/server.js:168:29)
    at async CreateIndexesOperation.executeCommand (/Users/sim/Project2/node_modules/mongodb/lib/operations/command.js:76:16)
    at async CreateIndexesOperation.execute (/Users/sim/Project2/node_modules/mongodb/lib/operations/indexes.js:122:9)
    at async tryOperation (/Users/sim/Project2/node_modules/mongodb/lib/operations/execute_operation.js:207:20)
    at async executeOperation (/Users/sim/Project2/node_modules/mongodb/lib/operations/execute_operation.js:75:16)
    at async Collection.createIndex (/Users/sim/Project2/node_modules/mongodb/lib/collection.js:329:25)
    at async Timeout.setupSubscriptionChangeStream [as _onTimeout] (/Users/sim/Project2/scripts/subscription-monitor.js:309:5) {
  errorLabelSet: Set(0) {},
  errorResponse: {
    ok: 0,
    errmsg: 'An existing index has the same name as the requested index. When index names are not specified, they are auto generated and can cause conflicts. Please refer to our documentation. Requested index: { v: 2, key: { companyCode: 1 }, name: "companyCode_1" }, existing index: { v: 2, unique: true, key: { companyCode: 1 }, name: "companyCode_1", background: true }',
    code: 86,
    codeName: 'IndexKeySpecsConflict',
    '$clusterTime': {
      clusterTime: new Timestamp({ t: 1749157948, i: 1 }),
      signature: [Object]
    },
    operationTime: new Timestamp({ t: 1749157948, i: 1 })
  },
  ok: 0,
  code: 86,
  codeName: 'IndexKeySpecsConflict',
  '$clusterTime': {
    clusterTime: new Timestamp({ t: 1749157948, i: 1 }),
    signature: {
      hash: Binary.createFromBase64('jT3umhH3YRSV0NmLlx2fVZh4Lx0=', 0),
      keyId: new Long('7460919927629676556')
    }
  },
  operationTime: new Timestamp({ t: 1749157948, i: 1 })
}
Error setting up subscription change stream: MongoServerError: An existing index has the same name as the requested index. When index names are not specified, they are auto generated and can cause conflicts. Please refer to our documentation. Requested index: { v: 2, key: { companyCode: 1 }, name: "companyCode_1" }, existing index: { v: 2, unique: true, key: { companyCode: 1 }, name: "companyCode_1", background: true }
    at Connection.sendCommand (/Users/sim/Project2/node_modules/mongodb/lib/cmap/connection.js:299:27)
    at process.processTicksAndRejections (node:internal/process/task_queues:105:5)
    at async Connection.command (/Users/sim/Project2/node_modules/mongodb/lib/cmap/connection.js:327:26)
    at async Server.command (/Users/sim/Project2/node_modules/mongodb/lib/sdam/server.js:168:29)
    at async CreateIndexesOperation.executeCommand (/Users/sim/Project2/node_modules/mongodb/lib/operations/command.js:76:16)
    at async CreateIndexesOperation.execute (/Users/sim/Project2/node_modules/mongodb/lib/operations/indexes.js:122:9)
    at async tryOperation (/Users/sim/Project2/node_modules/mongodb/lib/operations/execute_operation.js:207:20)
    at async executeOperation (/Users/sim/Project2/node_modules/mongodb/lib/operations/execute_operation.js:75:16)
    at async Collection.createIndex (/Users/sim/Project2/node_modules/mongodb/lib/collection.js:329:25)
    at async Timeout.setupSubscriptionChangeStream [as _onTimeout] (/Users/sim/Project2/scripts/subscription-monitor.js:309:5) {
  errorLabelSet: Set(0) {},
  errorResponse: {
    ok: 0,
    errmsg: 'An existing index has the same name as the requested index. When index names are not specified, they are auto generated and can cause conflicts. Please refer to our documentation. Requested index: { v: 2, key: { companyCode: 1 }, name: "companyCode_1" }, existing index: { v: 2, unique: true, key: { companyCode: 1 }, name: "companyCode_1", background: true }',
    code: 86,
    codeName: 'IndexKeySpecsConflict',
    '$clusterTime': {
      clusterTime: new Timestamp({ t: 1749157953, i: 19 }),
      signature: [Object]
    },
    operationTime: new Timestamp({ t: 1749157953, i: 19 })
  },
  ok: 0,
  code: 86,
  codeName: 'IndexKeySpecsConflict',
  '$clusterTime': {
    clusterTime: new Timestamp({ t: 1749157953, i: 19 }),
    signature: {
      hash: Binary.createFromBase64('kvMpafB0fa1VeJTuCDvm36G4Wak=', 0),
      keyId: new Long('7460919927629676556')
    }
  },
  operationTime: new Timestamp({ t: 1749157953, i: 19 })
}
Error setting up subscription change stream: MongoServerError: An existing index has the same name as the requested index. When index names are not specified, they are auto generated and can cause conflicts. Please refer to our documentation. Requested index: { v: 2, key: { companyCode: 1 }, name: "companyCode_1" }, existing index: { v: 2, unique: true, key: { companyCode: 1 }, name: "companyCode_1", background: true }
    at Connection.sendCommand (/Users/sim/Project2/node_modules/mongodb/lib/cmap/connection.js:299:27)
    at process.processTicksAndRejections (node:internal/process/task_queues:105:5)
    at async Connection.command (/Users/sim/Project2/node_modules/mongodb/lib/cmap/connection.js:327:26)
    at async Server.command (/Users/sim/Project2/node_modules/mongodb/lib/sdam/server.js:168:29)
    at async CreateIndexesOperation.executeCommand (/Users/sim/Project2/node_modules/mongodb/lib/operations/command.js:76:16)
    at async CreateIndexesOperation.execute (/Users/sim/Project2/node_modules/mongodb/lib/operations/indexes.js:122:9)
    at async tryOperation (/Users/sim/Project2/node_modules/mongodb/lib/operations/execute_operation.js:207:20)
    at async executeOperation (/Users/sim/Project2/node_modules/mongodb/lib/operations/execute_operation.js:75:16)
    at async Collection.createIndex (/Users/sim/Project2/node_modules/mongodb/lib/collection.js:329:25)
    at async Timeout.setupSubscriptionChangeStream [as _onTimeout] (/Users/sim/Project2/scripts/subscription-monitor.js:309:5) {
  errorLabelSet: Set(0) {},
  errorResponse: {
    ok: 0,
    errmsg: 'An existing index has the same name as the requested index. When index names are not specified, they are auto generated and can cause conflicts. Please refer to our documentation. Requested index: { v: 2, key: { companyCode: 1 }, name: "companyCode_1" }, existing index: { v: 2, unique: true, key: { companyCode: 1 }, name: "companyCode_1", background: true }',
    code: 86,
    codeName: 'IndexKeySpecsConflict',
    '$clusterTime': {
      clusterTime: new Timestamp({ t: 1749157959, i: 7 }),
      signature: [Object]
    },
    operationTime: new Timestamp({ t: 1749157959, i: 7 })
  },
  ok: 0,
  code: 86,
  codeName: 'IndexKeySpecsConflict',
  '$clusterTime': {
    clusterTime: new Timestamp({ t: 1749157959, i: 7 }),
    signature: {
      hash: Binary.createFromBase64('zUORt2tO9i7MiFr0bbUXhh859hg=', 0),
      keyId: new Long('7460919927629676556')
    }
  },
  operationTime: new Timestamp({ t: 1749157959, i: 7 })
}
Error setting up subscription change stream: MongoServerError: An existing index has the same name as the requested index. When index names are not specified, they are auto generated and can cause conflicts. Please refer to our documentation. Requested index: { v: 2, key: { companyCode: 1 }, name: "companyCode_1" }, existing index: { v: 2, unique: true, key: { companyCode: 1 }, name: "companyCode_1", background: true }
    at Connection.sendCommand (/Users/sim/Project2/node_modules/mongodb/lib/cmap/connection.js:299:27)
    at process.processTicksAndRejections (node:internal/process/task_queues:105:5)
    at async Connection.command (/Users/sim/Project2/node_modules/mongodb/lib/cmap/connection.js:327:26)
    at async Server.command (/Users/sim/Project2/node_modules/mongodb/lib/sdam/server.js:168:29)
    at async CreateIndexesOperation.executeCommand (/Users/sim/Project2/node_modules/mongodb/lib/operations/command.js:76:16)
    at async CreateIndexesOperation.execute (/Users/sim/Project2/node_modules/mongodb/lib/operations/indexes.js:122:9)
    at async tryOperation (/Users/sim/Project2/node_modules/mongodb/lib/operations/execute_operation.js:207:20)
    at async executeOperation (/Users/sim/Project2/node_modules/mongodb/lib/operations/execute_operation.js:75:16)
    at async Collection.createIndex (/Users/sim/Project2/node_modules/mongodb/lib/collection.js:329:25)
    at async Timeout.setupSubscriptionChangeStream [as _onTimeout] (/Users/sim/Project2/scripts/subscription-monitor.js:309:5) {
  errorLabelSet: Set(0) {},
  errorResponse: {
    ok: 0,
    errmsg: 'An existing index has the same name as the requested index. When index names are not specified, they are auto generated and can cause conflicts. Please refer to our documentation. Requested index: { v: 2, key: { companyCode: 1 }, name: "companyCode_1" }, existing index: { v: 2, unique: true, key: { companyCode: 1 }, name: "companyCode_1", background: true }',
    code: 86,
    codeName: 'IndexKeySpecsConflict',
    '$clusterTime': {
      clusterTime: new Timestamp({ t: 1749157964, i: 26 }),
      signature: [Object]
    },
    operationTime: new Timestamp({ t: 1749157964, i: 26 })
  },
  ok: 0,
  code: 86,
  codeName: 'IndexKeySpecsConflict',
  '$clusterTime': {
    clusterTime: new Timestamp({ t: 1749157964, i: 26 }),
    signature: {
      hash: Binary.createFromBase64('uBkNU1Tn0kjeYOw+cipj7jcwjvw=', 0),
      keyId: new Long('7460919927629676556')
    }
  },
  operationTime: new Timestamp({ t: 1749157964, i: 26 })
}
Error setting up subscription change stream: MongoServerError: An existing index has the same name as the requested index. When index names are not specified, they are auto generated and can cause conflicts. Please refer to our documentation. Requested index: { v: 2, key: { companyCode: 1 }, name: "companyCode_1" }, existing index: { v: 2, unique: true, key: { companyCode: 1 }, name: "companyCode_1", background: true }
    at Connection.sendCommand (/Users/sim/Project2/node_modules/mongodb/lib/cmap/connection.js:299:27)
    at process.processTicksAndRejections (node:internal/process/task_queues:105:5)
    at async Connection.command (/Users/sim/Project2/node_modules/mongodb/lib/cmap/connection.js:327:26)
    at async Server.command (/Users/sim/Project2/node_modules/mongodb/lib/sdam/server.js:168:29)
    at async CreateIndexesOperation.executeCommand (/Users/sim/Project2/node_modules/mongodb/lib/operations/command.js:76:16)
    at async CreateIndexesOperation.execute (/Users/sim/Project2/node_modules/mongodb/lib/operations/indexes.js:122:9)
    at async tryOperation (/Users/sim/Project2/node_modules/mongodb/lib/operations/execute_operation.js:207:20)
    at async executeOperation (/Users/sim/Project2/node_modules/mongodb/lib/operations/execute_operation.js:75:16)
    at async Collection.createIndex (/Users/sim/Project2/node_modules/mongodb/lib/collection.js:329:25)
    at async Timeout.setupSubscriptionChangeStream [as _onTimeout] (/Users/sim/Project2/scripts/subscription-monitor.js:309:5) {
  errorLabelSet: Set(0) {},
  errorResponse: {
    ok: 0,
    errmsg: 'An existing index has the same name as the requested index. When index names are not specified, they are auto generated and can cause conflicts. Please refer to our documentation. Requested index: { v: 2, key: { companyCode: 1 }, name: "companyCode_1" }, existing index: { v: 2, unique: true, key: { companyCode: 1 }, name: "companyCode_1", background: true }',
    code: 86,
    codeName: 'IndexKeySpecsConflict',
    '$clusterTime': {
      clusterTime: new Timestamp({ t: 1749157970, i: 15 }),
      signature: [Object]
    },
    operationTime: new Timestamp({ t: 1749157970, i: 15 })
  },
  ok: 0,
  code: 86,
  codeName: 'IndexKeySpecsConflict',
  '$clusterTime': {
    clusterTime: new Timestamp({ t: 1749157970, i: 15 }),
    signature: {
      hash: Binary.createFromBase64('6eQCjmUvO/q+4SKMV+x+deHteT8=', 0),
      keyId: new Long('7460919927629676556')
    }
  },
  operationTime: new Timestamp({ t: 1749157970, i: 15 })
}
Error setting up subscription change stream: MongoServerError: An existing index has the same name as the requested index. When index names are not specified, they are auto generated and can cause conflicts. Please refer to our documentation. Requested index: { v: 2, key: { companyCode: 1 }, name: "companyCode_1" }, existing index: { v: 2, unique: true, key: { companyCode: 1 }, name: "companyCode_1", background: true }
    at Connection.sendCommand (/Users/sim/Project2/node_modules/mongodb/lib/cmap/connection.js:299:27)
    at process.processTicksAndRejections (node:internal/process/task_queues:105:5)
    at async Connection.command (/Users/sim/Project2/node_modules/mongodb/lib/cmap/connection.js:327:26)
    at async Server.command (/Users/sim/Project2/node_modules/mongodb/lib/sdam/server.js:168:29)
    at async CreateIndexesOperation.executeCommand (/Users/sim/Project2/node_modules/mongodb/lib/operations/command.js:76:16)
    at async CreateIndexesOperation.execute (/Users/sim/Project2/node_modules/mongodb/lib/operations/indexes.js:122:9)
    at async tryOperation (/Users/sim/Project2/node_modules/mongodb/lib/operations/execute_operation.js:207:20)
    at async executeOperation (/Users/sim/Project2/node_modules/mongodb/lib/operations/execute_operation.js:75:16)
    at async Collection.createIndex (/Users/sim/Project2/node_modules/mongodb/lib/collection.js:329:25)
    at async Timeout.setupSubscriptionChangeStream [as _onTimeout] (/Users/sim/Project2/scripts/subscription-monitor.js:309:5) {
  errorLabelSet: Set(0) {},
  errorResponse: {
    ok: 0,
    errmsg: 'An existing index has the same name as the requested index. When index names are not specified, they are auto generated and can cause conflicts. Please refer to our documentation. Requested index: { v: 2, key: { companyCode: 1 }, name: "companyCode_1" }, existing index: { v: 2, unique: true, key: { companyCode: 1 }, name: "companyCode_1", background: true }',
    code: 86,
    codeName: 'IndexKeySpecsConflict',
    '$clusterTime': {
      clusterTime: new Timestamp({ t: 1749157976, i: 12 }),
      signature: [Object]
    },
    operationTime: new Timestamp({ t: 1749157976, i: 12 })
  },
  ok: 0,
  code: 86,
  codeName: 'IndexKeySpecsConflict',
  '$clusterTime': {
    clusterTime: new Timestamp({ t: 1749157976, i: 12 }),
    signature: {
      hash: Binary.createFromBase64('8gMFiX2pt5rVwP2eHelXWkcdwlA=', 0),
      keyId: new Long('7460919927629676556')
    }
  },
  operationTime: new Timestamp({ t: 1749157976, i: 12 })
}
Error setting up subscription change stream: MongoServerError: An existing index has the same name as the requested index. When index names are not specified, they are auto generated and can cause conflicts. Please refer to our documentation. Requested index: { v: 2, key: { companyCode: 1 }, name: "companyCode_1" }, existing index: { v: 2, unique: true, key: { companyCode: 1 }, name: "companyCode_1", background: true }
    at Connection.sendCommand (/Users/sim/Project2/node_modules/mongodb/lib/cmap/connection.js:299:27)
    at process.processTicksAndRejections (node:internal/process/task_queues:105:5)
    at async Connection.command (/Users/sim/Project2/node_modules/mongodb/lib/cmap/connection.js:327:26)
    at async Server.command (/Users/sim/Project2/node_modules/mongodb/lib/sdam/server.js:168:29)
    at async CreateIndexesOperation.executeCommand (/Users/sim/Project2/node_modules/mongodb/lib/operations/command.js:76:16)
    at async CreateIndexesOperation.execute (/Users/sim/Project2/node_modules/mongodb/lib/operations/indexes.js:122:9)
    at async tryOperation (/Users/sim/Project2/node_modules/mongodb/lib/operations/execute_operation.js:207:20)
    at async executeOperation (/Users/sim/Project2/node_modules/mongodb/lib/operations/execute_operation.js:75:16)
    at async Collection.createIndex (/Users/sim/Project2/node_modules/mongodb/lib/collection.js:329:25)
    at async Timeout.setupSubscriptionChangeStream [as _onTimeout] (/Users/sim/Project2/scripts/subscription-monitor.js:309:5) {
  errorLabelSet: Set(0) {},
  errorResponse: {
    ok: 0,
    errmsg: 'An existing index has the same name as the requested index. When index names are not specified, they are auto generated and can cause conflicts. Please refer to our documentation. Requested index: { v: 2, key: { companyCode: 1 }, name: "companyCode_1" }, existing index: { v: 2, unique: true, key: { companyCode: 1 }, name: "companyCode_1", background: true }',
    code: 86,
    codeName: 'IndexKeySpecsConflict',
    '$clusterTime': {
      clusterTime: new Timestamp({ t: 1749157981, i: 33 }),
      signature: [Object]
    },
    operationTime: new Timestamp({ t: 1749157981, i: 33 })
  },
  ok: 0,
  code: 86,
  codeName: 'IndexKeySpecsConflict',
  '$clusterTime': {
    clusterTime: new Timestamp({ t: 1749157981, i: 33 }),
    signature: {
      hash: Binary.createFromBase64('FgR1mo1ROIHZsUHDbr7IzN7lQ/Y=', 0),
      keyId: new Long('7460919927629676556')
    }
  },
  operationTime: new Timestamp({ t: 1749157981, i: 33 })
}
Error setting up subscription change stream: MongoServerError: An existing index has the same name as the requested index. When index names are not specified, they are auto generated and can cause conflicts. Please refer to our documentation. Requested index: { v: 2, key: { companyCode: 1 }, name: "companyCode_1" }, existing index: { v: 2, unique: true, key: { companyCode: 1 }, name: "companyCode_1", background: true }
    at Connection.sendCommand (/Users/sim/Project2/node_modules/mongodb/lib/cmap/connection.js:299:27)
    at process.processTicksAndRejections (node:internal/process/task_queues:105:5)
    at async Connection.command (/Users/sim/Project2/node_modules/mongodb/lib/cmap/connection.js:327:26)
    at async Server.command (/Users/sim/Project2/node_modules/mongodb/lib/sdam/server.js:168:29)
    at async CreateIndexesOperation.executeCommand (/Users/sim/Project2/node_modules/mongodb/lib/operations/command.js:76:16)
    at async CreateIndexesOperation.execute (/Users/sim/Project2/node_modules/mongodb/lib/operations/indexes.js:122:9)
    at async tryOperation (/Users/sim/Project2/node_modules/mongodb/lib/operations/execute_operation.js:207:20)
    at async executeOperation (/Users/sim/Project2/node_modules/mongodb/lib/operations/execute_operation.js:75:16)
    at async Collection.createIndex (/Users/sim/Project2/node_modules/mongodb/lib/collection.js:329:25)
    at async Timeout.setupSubscriptionChangeStream [as _onTimeout] (/Users/sim/Project2/scripts/subscription-monitor.js:309:5) {
  errorLabelSet: Set(0) {},
  errorResponse: {
    ok: 0,
    errmsg: 'An existing index has the same name as the requested index. When index names are not specified, they are auto generated and can cause conflicts. Please refer to our documentation. Requested index: { v: 2, key: { companyCode: 1 }, name: "companyCode_1" }, existing index: { v: 2, unique: true, key: { companyCode: 1 }, name: "companyCode_1", background: true }',
    code: 86,
    codeName: 'IndexKeySpecsConflict',
    '$clusterTime': {
      clusterTime: new Timestamp({ t: 1749157987, i: 13 }),
      signature: [Object]
    },
    operationTime: new Timestamp({ t: 1749157987, i: 13 })
  },
  ok: 0,
  code: 86,
  codeName: 'IndexKeySpecsConflict',
  '$clusterTime': {
    clusterTime: new Timestamp({ t: 1749157987, i: 13 }),
    signature: {
      hash: Binary.createFromBase64('1Tr5Ay7NS2cfDiyVtUUdwnHaU1Y=', 0),
      keyId: new Long('7460919927629676556')
    }
  },
  operationTime: new Timestamp({ t: 1749157987, i: 13 })
}
Checking for new company databases...
Updating paid status for company: IvHcCeMc to true
Updated 0 users in company_ivhccemc to paid: true
Updating paid status for company: eoVVtJ2e to true
Updated 0 users in company_eovvtj2e to paid: true
Updating paid status for company: NNTZco4x to true
No users collection found in company_nntzco4x
Error setting up subscription change stream: MongoServerError: An existing index has the same name as the requested index. When index names are not specified, they are auto generated and can cause conflicts. Please refer to our documentation. Requested index: { v: 2, key: { companyCode: 1 }, name: "companyCode_1" }, existing index: { v: 2, unique: true, key: { companyCode: 1 }, name: "companyCode_1", background: true }
    at Connection.sendCommand (/Users/sim/Project2/node_modules/mongodb/lib/cmap/connection.js:299:27)
    at process.processTicksAndRejections (node:internal/process/task_queues:105:5)
    at async Connection.command (/Users/sim/Project2/node_modules/mongodb/lib/cmap/connection.js:327:26)
    at async Server.command (/Users/sim/Project2/node_modules/mongodb/lib/sdam/server.js:168:29)
    at async CreateIndexesOperation.executeCommand (/Users/sim/Project2/node_modules/mongodb/lib/operations/command.js:76:16)
    at async CreateIndexesOperation.execute (/Users/sim/Project2/node_modules/mongodb/lib/operations/indexes.js:122:9)
    at async tryOperation (/Users/sim/Project2/node_modules/mongodb/lib/operations/execute_operation.js:207:20)
    at async executeOperation (/Users/sim/Project2/node_modules/mongodb/lib/operations/execute_operation.js:75:16)
    at async Collection.createIndex (/Users/sim/Project2/node_modules/mongodb/lib/collection.js:329:25)
    at async Timeout.setupSubscriptionChangeStream [as _onTimeout] (/Users/sim/Project2/scripts/subscription-monitor.js:309:5) {
  errorLabelSet: Set(0) {},
  errorResponse: {
    ok: 0,
    errmsg: 'An existing index has the same name as the requested index. When index names are not specified, they are auto generated and can cause conflicts. Please refer to our documentation. Requested index: { v: 2, key: { companyCode: 1 }, name: "companyCode_1" }, existing index: { v: 2, unique: true, key: { companyCode: 1 }, name: "companyCode_1", background: true }',
    code: 86,
    codeName: 'IndexKeySpecsConflict',
    '$clusterTime': {
      clusterTime: new Timestamp({ t: 1749157992, i: 34 }),
      signature: [Object]
    },
    operationTime: new Timestamp({ t: 1749157992, i: 34 })
  },
  ok: 0,
  code: 86,
  codeName: 'IndexKeySpecsConflict',
  '$clusterTime': {
    clusterTime: new Timestamp({ t: 1749157992, i: 34 }),
    signature: {
      hash: Binary.createFromBase64('ZPP8OJeXj5sYcB4GAuOYfc47H6U=', 0),
      keyId: new Long('7460919927629676556')
    }
  },
  operationTime: new Timestamp({ t: 1749157992, i: 34 })
}
Error setting up subscription change stream: MongoServerError: An existing index has the same name as the requested index. When index names are not specified, they are auto generated and can cause conflicts. Please refer to our documentation. Requested index: { v: 2, key: { companyCode: 1 }, name: "companyCode_1" }, existing index: { v: 2, unique: true, key: { companyCode: 1 }, name: "companyCode_1", background: true }
    at Connection.sendCommand (/Users/sim/Project2/node_modules/mongodb/lib/cmap/connection.js:299:27)
    at process.processTicksAndRejections (node:internal/process/task_queues:105:5)
    at async Connection.command (/Users/sim/Project2/node_modules/mongodb/lib/cmap/connection.js:327:26)
    at async Server.command (/Users/sim/Project2/node_modules/mongodb/lib/sdam/server.js:168:29)
    at async CreateIndexesOperation.executeCommand (/Users/sim/Project2/node_modules/mongodb/lib/operations/command.js:76:16)
    at async CreateIndexesOperation.execute (/Users/sim/Project2/node_modules/mongodb/lib/operations/indexes.js:122:9)
    at async tryOperation (/Users/sim/Project2/node_modules/mongodb/lib/operations/execute_operation.js:207:20)
    at async executeOperation (/Users/sim/Project2/node_modules/mongodb/lib/operations/execute_operation.js:75:16)
    at async Collection.createIndex (/Users/sim/Project2/node_modules/mongodb/lib/collection.js:329:25)
    at async Timeout.setupSubscriptionChangeStream [as _onTimeout] (/Users/sim/Project2/scripts/subscription-monitor.js:309:5) {
  errorLabelSet: Set(0) {},
  errorResponse: {
    ok: 0,
    errmsg: 'An existing index has the same name as the requested index. When index names are not specified, they are auto generated and can cause conflicts. Please refer to our documentation. Requested index: { v: 2, key: { companyCode: 1 }, name: "companyCode_1" }, existing index: { v: 2, unique: true, key: { companyCode: 1 }, name: "companyCode_1", background: true }',
    code: 86,
    codeName: 'IndexKeySpecsConflict',
    '$clusterTime': {
      clusterTime: new Timestamp({ t: 1749157998, i: 17 }),
      signature: [Object]
    },
    operationTime: new Timestamp({ t: 1749157998, i: 17 })
  },
  ok: 0,
  code: 86,
  codeName: 'IndexKeySpecsConflict',
  '$clusterTime': {
    clusterTime: new Timestamp({ t: 1749157998, i: 17 }),
    signature: {
      hash: Binary.createFromBase64('aE612Ur+eEnq68i+xVh9OMX8BL0=', 0),
      keyId: new Long('7460919927629676556')
    }
  },
  operationTime: new Timestamp({ t: 1749157998, i: 17 })
}
Error setting up subscription change stream: MongoServerError: An existing index has the same name as the requested index. When index names are not specified, they are auto generated and can cause conflicts. Please refer to our documentation. Requested index: { v: 2, key: { companyCode: 1 }, name: "companyCode_1" }, existing index: { v: 2, unique: true, key: { companyCode: 1 }, name: "companyCode_1", background: true }
    at Connection.sendCommand (/Users/sim/Project2/node_modules/mongodb/lib/cmap/connection.js:299:27)
    at process.processTicksAndRejections (node:internal/process/task_queues:105:5)
    at async Connection.command (/Users/sim/Project2/node_modules/mongodb/lib/cmap/connection.js:327:26)
    at async Server.command (/Users/sim/Project2/node_modules/mongodb/lib/sdam/server.js:168:29)
    at async CreateIndexesOperation.executeCommand (/Users/sim/Project2/node_modules/mongodb/lib/operations/command.js:76:16)
    at async CreateIndexesOperation.execute (/Users/sim/Project2/node_modules/mongodb/lib/operations/indexes.js:122:9)
    at async tryOperation (/Users/sim/Project2/node_modules/mongodb/lib/operations/execute_operation.js:207:20)
    at async executeOperation (/Users/sim/Project2/node_modules/mongodb/lib/operations/execute_operation.js:75:16)
    at async Collection.createIndex (/Users/sim/Project2/node_modules/mongodb/lib/collection.js:329:25)
    at async Timeout.setupSubscriptionChangeStream [as _onTimeout] (/Users/sim/Project2/scripts/subscription-monitor.js:309:5) {
  errorLabelSet: Set(0) {},
  errorResponse: {
    ok: 0,
    errmsg: 'An existing index has the same name as the requested index. When index names are not specified, they are auto generated and can cause conflicts. Please refer to our documentation. Requested index: { v: 2, key: { companyCode: 1 }, name: "companyCode_1" }, existing index: { v: 2, unique: true, key: { companyCode: 1 }, name: "companyCode_1", background: true }',
    code: 86,
    codeName: 'IndexKeySpecsConflict',
    '$clusterTime': {
      clusterTime: new Timestamp({ t: 1749158003, i: 45 }),
      signature: [Object]
    },
    operationTime: new Timestamp({ t: 1749158003, i: 45 })
  },
  ok: 0,
  code: 86,
  codeName: 'IndexKeySpecsConflict',
  '$clusterTime': {
    clusterTime: new Timestamp({ t: 1749158003, i: 45 }),
    signature: {
      hash: Binary.createFromBase64('g9ftpD8med9zBHXqDbxmy00LNCw=', 0),
      keyId: new Long('7460919927629676556')
    }
  },
  operationTime: new Timestamp({ t: 1749158003, i: 45 })
}
Error setting up subscription change stream: MongoServerError: An existing index has the same name as the requested index. When index names are not specified, they are auto generated and can cause conflicts. Please refer to our documentation. Requested index: { v: 2, key: { companyCode: 1 }, name: "companyCode_1" }, existing index: { v: 2, unique: true, key: { companyCode: 1 }, name: "companyCode_1", background: true }
    at Connection.sendCommand (/Users/sim/Project2/node_modules/mongodb/lib/cmap/connection.js:299:27)
    at process.processTicksAndRejections (node:internal/process/task_queues:105:5)
    at async Connection.command (/Users/sim/Project2/node_modules/mongodb/lib/cmap/connection.js:327:26)
    at async Server.command (/Users/sim/Project2/node_modules/mongodb/lib/sdam/server.js:168:29)
    at async CreateIndexesOperation.executeCommand (/Users/sim/Project2/node_modules/mongodb/lib/operations/command.js:76:16)
    at async CreateIndexesOperation.execute (/Users/sim/Project2/node_modules/mongodb/lib/operations/indexes.js:122:9)
    at async tryOperation (/Users/sim/Project2/node_modules/mongodb/lib/operations/execute_operation.js:207:20)
    at async executeOperation (/Users/sim/Project2/node_modules/mongodb/lib/operations/execute_operation.js:75:16)
    at async Collection.createIndex (/Users/sim/Project2/node_modules/mongodb/lib/collection.js:329:25)
    at async Timeout.setupSubscriptionChangeStream [as _onTimeout] (/Users/sim/Project2/scripts/subscription-monitor.js:309:5) {
  errorLabelSet: Set(0) {},
  errorResponse: {
    ok: 0,
    errmsg: 'An existing index has the same name as the requested index. When index names are not specified, they are auto generated and can cause conflicts. Please refer to our documentation. Requested index: { v: 2, key: { companyCode: 1 }, name: "companyCode_1" }, existing index: { v: 2, unique: true, key: { companyCode: 1 }, name: "companyCode_1", background: true }',
    code: 86,
    codeName: 'IndexKeySpecsConflict',
    '$clusterTime': {
      clusterTime: new Timestamp({ t: 1749158009, i: 21 }),
      signature: [Object]
    },
    operationTime: new Timestamp({ t: 1749158009, i: 21 })
  },
  ok: 0,
  code: 86,
  codeName: 'IndexKeySpecsConflict',
  '$clusterTime': {
    clusterTime: new Timestamp({ t: 1749158009, i: 21 }),
    signature: {
      hash: Binary.createFromBase64('OTiLWR7KkAdVXZ+sFLNWPoONjqw=', 0),
      keyId: new Long('7460919927629676556')
    }
  },
  operationTime: new Timestamp({ t: 1749158009, i: 21 })
}
Error setting up subscription change stream: MongoServerError: An existing index has the same name as the requested index. When index names are not specified, they are auto generated and can cause conflicts. Please refer to our documentation. Requested index: { v: 2, key: { companyCode: 1 }, name: "companyCode_1" }, existing index: { v: 2, unique: true, key: { companyCode: 1 }, name: "companyCode_1", background: true }
    at Connection.sendCommand (/Users/sim/Project2/node_modules/mongodb/lib/cmap/connection.js:299:27)
    at process.processTicksAndRejections (node:internal/process/task_queues:105:5)
    at async Connection.command (/Users/sim/Project2/node_modules/mongodb/lib/cmap/connection.js:327:26)
    at async Server.command (/Users/sim/Project2/node_modules/mongodb/lib/sdam/server.js:168:29)
    at async CreateIndexesOperation.executeCommand (/Users/sim/Project2/node_modules/mongodb/lib/operations/command.js:76:16)
    at async CreateIndexesOperation.execute (/Users/sim/Project2/node_modules/mongodb/lib/operations/indexes.js:122:9)
    at async tryOperation (/Users/sim/Project2/node_modules/mongodb/lib/operations/execute_operation.js:207:20)
    at async executeOperation (/Users/sim/Project2/node_modules/mongodb/lib/operations/execute_operation.js:75:16)
    at async Collection.createIndex (/Users/sim/Project2/node_modules/mongodb/lib/collection.js:329:25)
    at async Timeout.setupSubscriptionChangeStream [as _onTimeout] (/Users/sim/Project2/scripts/subscription-monitor.js:309:5) {
  errorLabelSet: Set(0) {},
  errorResponse: {
    ok: 0,
    errmsg: 'An existing index has the same name as the requested index. When index names are not specified, they are auto generated and can cause conflicts. Please refer to our documentation. Requested index: { v: 2, key: { companyCode: 1 }, name: "companyCode_1" }, existing index: { v: 2, unique: true, key: { companyCode: 1 }, name: "companyCode_1", background: true }',
    code: 86,
    codeName: 'IndexKeySpecsConflict',
    '$clusterTime': {
      clusterTime: new Timestamp({ t: 1749158014, i: 40 }),
      signature: [Object]
    },
    operationTime: new Timestamp({ t: 1749158014, i: 40 })
  },
  ok: 0,
  code: 86,
  codeName: 'IndexKeySpecsConflict',
  '$clusterTime': {
    clusterTime: new Timestamp({ t: 1749158014, i: 40 }),
    signature: {
      hash: Binary.createFromBase64('NDpzoCV0RM/dzB992+4J+pX5RFs=', 0),
      keyId: new Long('7460919927629676556')
    }
  },
  operationTime: new Timestamp({ t: 1749158014, i: 40 })
}
Error setting up subscription change stream: MongoServerError: An existing index has the same name as the requested index. When index names are not specified, they are auto generated and can cause conflicts. Please refer to our documentation. Requested index: { v: 2, key: { companyCode: 1 }, name: "companyCode_1" }, existing index: { v: 2, unique: true, key: { companyCode: 1 }, name: "companyCode_1", background: true }
    at Connection.sendCommand (/Users/sim/Project2/node_modules/mongodb/lib/cmap/connection.js:299:27)
    at process.processTicksAndRejections (node:internal/process/task_queues:105:5)
    at async Connection.command (/Users/sim/Project2/node_modules/mongodb/lib/cmap/connection.js:327:26)
    at async Server.command (/Users/sim/Project2/node_modules/mongodb/lib/sdam/server.js:168:29)
    at async CreateIndexesOperation.executeCommand (/Users/sim/Project2/node_modules/mongodb/lib/operations/command.js:76:16)
    at async CreateIndexesOperation.execute (/Users/sim/Project2/node_modules/mongodb/lib/operations/indexes.js:122:9)
    at async tryOperation (/Users/sim/Project2/node_modules/mongodb/lib/operations/execute_operation.js:207:20)
    at async executeOperation (/Users/sim/Project2/node_modules/mongodb/lib/operations/execute_operation.js:75:16)
    at async Collection.createIndex (/Users/sim/Project2/node_modules/mongodb/lib/collection.js:329:25)
    at async Timeout.setupSubscriptionChangeStream [as _onTimeout] (/Users/sim/Project2/scripts/subscription-monitor.js:309:5) {
  errorLabelSet: Set(0) {},
  errorResponse: {
    ok: 0,
    errmsg: 'An existing index has the same name as the requested index. When index names are not specified, they are auto generated and can cause conflicts. Please refer to our documentation. Requested index: { v: 2, key: { companyCode: 1 }, name: "companyCode_1" }, existing index: { v: 2, unique: true, key: { companyCode: 1 }, name: "companyCode_1", background: true }',
    code: 86,
    codeName: 'IndexKeySpecsConflict',
    '$clusterTime': {
      clusterTime: new Timestamp({ t: 1749158020, i: 19 }),
      signature: [Object]
    },
    operationTime: new Timestamp({ t: 1749158020, i: 19 })
  },
  ok: 0,
  code: 86,
  codeName: 'IndexKeySpecsConflict',
  '$clusterTime': {
    clusterTime: new Timestamp({ t: 1749158020, i: 19 }),
    signature: {
      hash: Binary.createFromBase64('Qk04G2+9HmvpLeq8OclkLWmCKRs=', 0),
      keyId: new Long('7460919927629676556')
    }
  },
  operationTime: new Timestamp({ t: 1749158020, i: 19 })
}
Error setting up subscription change stream: MongoServerError: An existing index has the same name as the requested index. When index names are not specified, they are auto generated and can cause conflicts. Please refer to our documentation. Requested index: { v: 2, key: { companyCode: 1 }, name: "companyCode_1" }, existing index: { v: 2, unique: true, key: { companyCode: 1 }, name: "companyCode_1", background: true }
    at Connection.sendCommand (/Users/sim/Project2/node_modules/mongodb/lib/cmap/connection.js:299:27)
    at process.processTicksAndRejections (node:internal/process/task_queues:105:5)
    at async Connection.command (/Users/sim/Project2/node_modules/mongodb/lib/cmap/connection.js:327:26)
    at async Server.command (/Users/sim/Project2/node_modules/mongodb/lib/sdam/server.js:168:29)
    at async CreateIndexesOperation.executeCommand (/Users/sim/Project2/node_modules/mongodb/lib/operations/command.js:76:16)
    at async CreateIndexesOperation.execute (/Users/sim/Project2/node_modules/mongodb/lib/operations/indexes.js:122:9)
    at async tryOperation (/Users/sim/Project2/node_modules/mongodb/lib/operations/execute_operation.js:207:20)
    at async executeOperation (/Users/sim/Project2/node_modules/mongodb/lib/operations/execute_operation.js:75:16)
    at async Collection.createIndex (/Users/sim/Project2/node_modules/mongodb/lib/collection.js:329:25)
    at async Timeout.setupSubscriptionChangeStream [as _onTimeout] (/Users/sim/Project2/scripts/subscription-monitor.js:309:5) {
  errorLabelSet: Set(0) {},
  errorResponse: {
    ok: 0,
    errmsg: 'An existing index has the same name as the requested index. When index names are not specified, they are auto generated and can cause conflicts. Please refer to our documentation. Requested index: { v: 2, key: { companyCode: 1 }, name: "companyCode_1" }, existing index: { v: 2, unique: true, key: { companyCode: 1 }, name: "companyCode_1", background: true }',
    code: 86,
    codeName: 'IndexKeySpecsConflict',
    '$clusterTime': {
      clusterTime: new Timestamp({ t: 1749158025, i: 44 }),
      signature: [Object]
    },
    operationTime: new Timestamp({ t: 1749158025, i: 44 })
  },
  ok: 0,
  code: 86,
  codeName: 'IndexKeySpecsConflict',
  '$clusterTime': {
    clusterTime: new Timestamp({ t: 1749158025, i: 44 }),
    signature: {
      hash: Binary.createFromBase64('Wo7dIU0BqhEcZiURZU/jDztYFNQ=', 0),
      keyId: new Long('7460919927629676556')
    }
  },
  operationTime: new Timestamp({ t: 1749158025, i: 44 })
}
Error setting up subscription change stream: MongoServerError: An existing index has the same name as the requested index. When index names are not specified, they are auto generated and can cause conflicts. Please refer to our documentation. Requested index: { v: 2, key: { companyCode: 1 }, name: "companyCode_1" }, existing index: { v: 2, unique: true, key: { companyCode: 1 }, name: "companyCode_1", background: true }
    at Connection.sendCommand (/Users/sim/Project2/node_modules/mongodb/lib/cmap/connection.js:299:27)
    at process.processTicksAndRejections (node:internal/process/task_queues:105:5)
    at async Connection.command (/Users/sim/Project2/node_modules/mongodb/lib/cmap/connection.js:327:26)
    at async Server.command (/Users/sim/Project2/node_modules/mongodb/lib/sdam/server.js:168:29)
    at async CreateIndexesOperation.executeCommand (/Users/sim/Project2/node_modules/mongodb/lib/operations/command.js:76:16)
    at async CreateIndexesOperation.execute (/Users/sim/Project2/node_modules/mongodb/lib/operations/indexes.js:122:9)
    at async tryOperation (/Users/sim/Project2/node_modules/mongodb/lib/operations/execute_operation.js:207:20)
    at async executeOperation (/Users/sim/Project2/node_modules/mongodb/lib/operations/execute_operation.js:75:16)
    at async Collection.createIndex (/Users/sim/Project2/node_modules/mongodb/lib/collection.js:329:25)
    at async Timeout.setupSubscriptionChangeStream [as _onTimeout] (/Users/sim/Project2/scripts/subscription-monitor.js:309:5) {
  errorLabelSet: Set(0) {},
  errorResponse: {
    ok: 0,
    errmsg: 'An existing index has the same name as the requested index. When index names are not specified, they are auto generated and can cause conflicts. Please refer to our documentation. Requested index: { v: 2, key: { companyCode: 1 }, name: "companyCode_1" }, existing index: { v: 2, unique: true, key: { companyCode: 1 }, name: "companyCode_1", background: true }',
    code: 86,
    codeName: 'IndexKeySpecsConflict',
    '$clusterTime': {
      clusterTime: new Timestamp({ t: 1749158031, i: 21 }),
      signature: [Object]
    },
    operationTime: new Timestamp({ t: 1749158031, i: 21 })
  },
  ok: 0,
  code: 86,
  codeName: 'IndexKeySpecsConflict',
  '$clusterTime': {
    clusterTime: new Timestamp({ t: 1749158031, i: 21 }),
    signature: {
      hash: Binary.createFromBase64('fh3gOjwv4zjVsGX1dkup0Uwy5bI=', 0),
      keyId: new Long('7460919927629676556')
    }
  },
  operationTime: new Timestamp({ t: 1749158031, i: 21 })
}
Error setting up subscription change stream: MongoServerError: An existing index has the same name as the requested index. When index names are not specified, they are auto generated and can cause conflicts. Please refer to our documentation. Requested index: { v: 2, key: { companyCode: 1 }, name: "companyCode_1" }, existing index: { v: 2, unique: true, key: { companyCode: 1 }, name: "companyCode_1", background: true }
    at Connection.sendCommand (/Users/sim/Project2/node_modules/mongodb/lib/cmap/connection.js:299:27)
    at process.processTicksAndRejections (node:internal/process/task_queues:105:5)
    at async Connection.command (/Users/sim/Project2/node_modules/mongodb/lib/cmap/connection.js:327:26)
    at async Server.command (/Users/sim/Project2/node_modules/mongodb/lib/sdam/server.js:168:29)
    at async CreateIndexesOperation.executeCommand (/Users/sim/Project2/node_modules/mongodb/lib/operations/command.js:76:16)
    at async CreateIndexesOperation.execute (/Users/sim/Project2/node_modules/mongodb/lib/operations/indexes.js:122:9)
    at async tryOperation (/Users/sim/Project2/node_modules/mongodb/lib/operations/execute_operation.js:207:20)
    at async executeOperation (/Users/sim/Project2/node_modules/mongodb/lib/operations/execute_operation.js:75:16)
    at async Collection.createIndex (/Users/sim/Project2/node_modules/mongodb/lib/collection.js:329:25)
    at async Timeout.setupSubscriptionChangeStream [as _onTimeout] (/Users/sim/Project2/scripts/subscription-monitor.js:309:5) {
  errorLabelSet: Set(0) {},
  errorResponse: {
    ok: 0,
    errmsg: 'An existing index has the same name as the requested index. When index names are not specified, they are auto generated and can cause conflicts. Please refer to our documentation. Requested index: { v: 2, key: { companyCode: 1 }, name: "companyCode_1" }, existing index: { v: 2, unique: true, key: { companyCode: 1 }, name: "companyCode_1", background: true }',
    code: 86,
    codeName: 'IndexKeySpecsConflict',
    '$clusterTime': {
      clusterTime: new Timestamp({ t: 1749158037, i: 1 }),
      signature: [Object]
    },
    operationTime: new Timestamp({ t: 1749158037, i: 1 })
  },
  ok: 0,
  code: 86,
  codeName: 'IndexKeySpecsConflict',
  '$clusterTime': {
    clusterTime: new Timestamp({ t: 1749158037, i: 1 }),
    signature: {
      hash: Binary.createFromBase64('1q7s6HYmZO5xv+5jPjkJ1DORVCY=', 0),
      keyId: new Long('7460919927629676556')
    }
  },
  operationTime: new Timestamp({ t: 1749158037, i: 1 })
}
Error setting up subscription change stream: MongoServerError: An existing index has the same name as the requested index. When index names are not specified, they are auto generated and can cause conflicts. Please refer to our documentation. Requested index: { v: 2, key: { companyCode: 1 }, name: "companyCode_1" }, existing index: { v: 2, unique: true, key: { companyCode: 1 }, name: "companyCode_1", background: true }
    at Connection.sendCommand (/Users/sim/Project2/node_modules/mongodb/lib/cmap/connection.js:299:27)
    at process.processTicksAndRejections (node:internal/process/task_queues:105:5)
    at async Connection.command (/Users/sim/Project2/node_modules/mongodb/lib/cmap/connection.js:327:26)
    at async Server.command (/Users/sim/Project2/node_modules/mongodb/lib/sdam/server.js:168:29)
    at async CreateIndexesOperation.executeCommand (/Users/sim/Project2/node_modules/mongodb/lib/operations/command.js:76:16)
    at async CreateIndexesOperation.execute (/Users/sim/Project2/node_modules/mongodb/lib/operations/indexes.js:122:9)
    at async tryOperation (/Users/sim/Project2/node_modules/mongodb/lib/operations/execute_operation.js:207:20)
    at async executeOperation (/Users/sim/Project2/node_modules/mongodb/lib/operations/execute_operation.js:75:16)
    at async Collection.createIndex (/Users/sim/Project2/node_modules/mongodb/lib/collection.js:329:25)
    at async Timeout.setupSubscriptionChangeStream [as _onTimeout] (/Users/sim/Project2/scripts/subscription-monitor.js:309:5) {
  errorLabelSet: Set(0) {},
  errorResponse: {
    ok: 0,
    errmsg: 'An existing index has the same name as the requested index. When index names are not specified, they are auto generated and can cause conflicts. Please refer to our documentation. Requested index: { v: 2, key: { companyCode: 1 }, name: "companyCode_1" }, existing index: { v: 2, unique: true, key: { companyCode: 1 }, name: "companyCode_1", background: true }',
    code: 86,
    codeName: 'IndexKeySpecsConflict',
    '$clusterTime': {
      clusterTime: new Timestamp({ t: 1749158042, i: 23 }),
      signature: [Object]
    },
    operationTime: new Timestamp({ t: 1749158042, i: 23 })
  },
  ok: 0,
  code: 86,
  codeName: 'IndexKeySpecsConflict',
  '$clusterTime': {
    clusterTime: new Timestamp({ t: 1749158042, i: 23 }),
    signature: {
      hash: Binary.createFromBase64('sd+npYfA1XrDFLZVcGAPsHTYthA=', 0),
      keyId: new Long('7460919927629676556')
    }
  },
  operationTime: new Timestamp({ t: 1749158042, i: 23 })
}
Error setting up subscription change stream: MongoServerError: An existing index has the same name as the requested index. When index names are not specified, they are auto generated and can cause conflicts. Please refer to our documentation. Requested index: { v: 2, key: { companyCode: 1 }, name: "companyCode_1" }, existing index: { v: 2, unique: true, key: { companyCode: 1 }, name: "companyCode_1", background: true }
    at Connection.sendCommand (/Users/sim/Project2/node_modules/mongodb/lib/cmap/connection.js:299:27)
    at process.processTicksAndRejections (node:internal/process/task_queues:105:5)
    at async Connection.command (/Users/sim/Project2/node_modules/mongodb/lib/cmap/connection.js:327:26)
    at async Server.command (/Users/sim/Project2/node_modules/mongodb/lib/sdam/server.js:168:29)
    at async CreateIndexesOperation.executeCommand (/Users/sim/Project2/node_modules/mongodb/lib/operations/command.js:76:16)
    at async CreateIndexesOperation.execute (/Users/sim/Project2/node_modules/mongodb/lib/operations/indexes.js:122:9)
    at async tryOperation (/Users/sim/Project2/node_modules/mongodb/lib/operations/execute_operation.js:207:20)
    at async executeOperation (/Users/sim/Project2/node_modules/mongodb/lib/operations/execute_operation.js:75:16)
    at async Collection.createIndex (/Users/sim/Project2/node_modules/mongodb/lib/collection.js:329:25)
    at async Timeout.setupSubscriptionChangeStream [as _onTimeout] (/Users/sim/Project2/scripts/subscription-monitor.js:309:5) {
  errorLabelSet: Set(0) {},
  errorResponse: {
    ok: 0,
    errmsg: 'An existing index has the same name as the requested index. When index names are not specified, they are auto generated and can cause conflicts. Please refer to our documentation. Requested index: { v: 2, key: { companyCode: 1 }, name: "companyCode_1" }, existing index: { v: 2, unique: true, key: { companyCode: 1 }, name: "companyCode_1", background: true }',
    code: 86,
    codeName: 'IndexKeySpecsConflict',
    '$clusterTime': {
      clusterTime: new Timestamp({ t: 1749158048, i: 3 }),
      signature: [Object]
    },
    operationTime: new Timestamp({ t: 1749158048, i: 3 })
  },
  ok: 0,
  code: 86,
  codeName: 'IndexKeySpecsConflict',
  '$clusterTime': {
    clusterTime: new Timestamp({ t: 1749158048, i: 3 }),
    signature: {
      hash: Binary.createFromBase64('3YceGSct2AzFdyAJq32HAFSfqEc=', 0),
      keyId: new Long('7460919927629676556')
    }
  },
  operationTime: new Timestamp({ t: 1749158048, i: 3 })
}
Error setting up subscription change stream: MongoServerError: An existing index has the same name as the requested index. When index names are not specified, they are auto generated and can cause conflicts. Please refer to our documentation. Requested index: { v: 2, key: { companyCode: 1 }, name: "companyCode_1" }, existing index: { v: 2, unique: true, key: { companyCode: 1 }, name: "companyCode_1", background: true }
    at Connection.sendCommand (/Users/sim/Project2/node_modules/mongodb/lib/cmap/connection.js:299:27)
    at process.processTicksAndRejections (node:internal/process/task_queues:105:5)
    at async Connection.command (/Users/sim/Project2/node_modules/mongodb/lib/cmap/connection.js:327:26)
    at async Server.command (/Users/sim/Project2/node_modules/mongodb/lib/sdam/server.js:168:29)
    at async CreateIndexesOperation.executeCommand (/Users/sim/Project2/node_modules/mongodb/lib/operations/command.js:76:16)
    at async CreateIndexesOperation.execute (/Users/sim/Project2/node_modules/mongodb/lib/operations/indexes.js:122:9)
    at async tryOperation (/Users/sim/Project2/node_modules/mongodb/lib/operations/execute_operation.js:207:20)
    at async executeOperation (/Users/sim/Project2/node_modules/mongodb/lib/operations/execute_operation.js:75:16)
    at async Collection.createIndex (/Users/sim/Project2/node_modules/mongodb/lib/collection.js:329:25)
    at async Timeout.setupSubscriptionChangeStream [as _onTimeout] (/Users/sim/Project2/scripts/subscription-monitor.js:309:5) {
  errorLabelSet: Set(0) {},
  errorResponse: {
    ok: 0,
    errmsg: 'An existing index has the same name as the requested index. When index names are not specified, they are auto generated and can cause conflicts. Please refer to our documentation. Requested index: { v: 2, key: { companyCode: 1 }, name: "companyCode_1" }, existing index: { v: 2, unique: true, key: { companyCode: 1 }, name: "companyCode_1", background: true }',
    code: 86,
    codeName: 'IndexKeySpecsConflict',
    '$clusterTime': {
      clusterTime: new Timestamp({ t: 1749158053, i: 32 }),
      signature: [Object]
    },
    operationTime: new Timestamp({ t: 1749158053, i: 32 })
  },
  ok: 0,
  code: 86,
  codeName: 'IndexKeySpecsConflict',
  '$clusterTime': {
    clusterTime: new Timestamp({ t: 1749158053, i: 32 }),
    signature: {
      hash: Binary.createFromBase64('DgMzzJuo/Wbh1toR8i5LflkNJps=', 0),
      keyId: new Long('7460919927629676556')
    }
  },
  operationTime: new Timestamp({ t: 1749158053, i: 32 })
}
Error setting up subscription change stream: MongoServerError: An existing index has the same name as the requested index. When index names are not specified, they are auto generated and can cause conflicts. Please refer to our documentation. Requested index: { v: 2, key: { companyCode: 1 }, name: "companyCode_1" }, existing index: { v: 2, unique: true, key: { companyCode: 1 }, name: "companyCode_1", background: true }
    at Connection.sendCommand (/Users/sim/Project2/node_modules/mongodb/lib/cmap/connection.js:299:27)
    at process.processTicksAndRejections (node:internal/process/task_queues:105:5)
    at async Connection.command (/Users/sim/Project2/node_modules/mongodb/lib/cmap/connection.js:327:26)
    at async Server.command (/Users/sim/Project2/node_modules/mongodb/lib/sdam/server.js:168:29)
    at async CreateIndexesOperation.executeCommand (/Users/sim/Project2/node_modules/mongodb/lib/operations/command.js:76:16)
    at async CreateIndexesOperation.execute (/Users/sim/Project2/node_modules/mongodb/lib/operations/indexes.js:122:9)
    at async tryOperation (/Users/sim/Project2/node_modules/mongodb/lib/operations/execute_operation.js:207:20)
    at async executeOperation (/Users/sim/Project2/node_modules/mongodb/lib/operations/execute_operation.js:75:16)
    at async Collection.createIndex (/Users/sim/Project2/node_modules/mongodb/lib/collection.js:329:25)
    at async Timeout.setupSubscriptionChangeStream [as _onTimeout] (/Users/sim/Project2/scripts/subscription-monitor.js:309:5) {
  errorLabelSet: Set(0) {},
  errorResponse: {
    ok: 0,
    errmsg: 'An existing index has the same name as the requested index. When index names are not specified, they are auto generated and can cause conflicts. Please refer to our documentation. Requested index: { v: 2, key: { companyCode: 1 }, name: "companyCode_1" }, existing index: { v: 2, unique: true, key: { companyCode: 1 }, name: "companyCode_1", background: true }',
    code: 86,
    codeName: 'IndexKeySpecsConflict',
    '$clusterTime': {
      clusterTime: new Timestamp({ t: 1749158059, i: 11 }),
      signature: [Object]
    },
    operationTime: new Timestamp({ t: 1749158059, i: 11 })
  },
  ok: 0,
  code: 86,
  codeName: 'IndexKeySpecsConflict',
  '$clusterTime': {
    clusterTime: new Timestamp({ t: 1749158059, i: 11 }),
    signature: {
      hash: Binary.createFromBase64('SYT3Pz+dtFr2FPLskgELUYxYpu8=', 0),
      keyId: new Long('7460919927629676556')
    }
  },
  operationTime: new Timestamp({ t: 1749158059, i: 11 })
}
Error setting up subscription change stream: MongoServerError: An existing index has the same name as the requested index. When index names are not specified, they are auto generated and can cause conflicts. Please refer to our documentation. Requested index: { v: 2, key: { companyCode: 1 }, name: "companyCode_1" }, existing index: { v: 2, unique: true, key: { companyCode: 1 }, name: "companyCode_1", background: true }
    at Connection.sendCommand (/Users/sim/Project2/node_modules/mongodb/lib/cmap/connection.js:299:27)
    at process.processTicksAndRejections (node:internal/process/task_queues:105:5)
    at async Connection.command (/Users/sim/Project2/node_modules/mongodb/lib/cmap/connection.js:327:26)
    at async Server.command (/Users/sim/Project2/node_modules/mongodb/lib/sdam/server.js:168:29)
    at async CreateIndexesOperation.executeCommand (/Users/sim/Project2/node_modules/mongodb/lib/operations/command.js:76:16)
    at async CreateIndexesOperation.execute (/Users/sim/Project2/node_modules/mongodb/lib/operations/indexes.js:122:9)
    at async tryOperation (/Users/sim/Project2/node_modules/mongodb/lib/operations/execute_operation.js:207:20)
    at async executeOperation (/Users/sim/Project2/node_modules/mongodb/lib/operations/execute_operation.js:75:16)
    at async Collection.createIndex (/Users/sim/Project2/node_modules/mongodb/lib/collection.js:329:25)
    at async Timeout.setupSubscriptionChangeStream [as _onTimeout] (/Users/sim/Project2/scripts/subscription-monitor.js:309:5) {
  errorLabelSet: Set(0) {},
  errorResponse: {
    ok: 0,
    errmsg: 'An existing index has the same name as the requested index. When index names are not specified, they are auto generated and can cause conflicts. Please refer to our documentation. Requested index: { v: 2, key: { companyCode: 1 }, name: "companyCode_1" }, existing index: { v: 2, unique: true, key: { companyCode: 1 }, name: "companyCode_1", background: true }',
    code: 86,
    codeName: 'IndexKeySpecsConflict',
    '$clusterTime': {
      clusterTime: new Timestamp({ t: 1749158064, i: 35 }),
      signature: [Object]
    },
    operationTime: new Timestamp({ t: 1749158064, i: 35 })
  },
  ok: 0,
  code: 86,
  codeName: 'IndexKeySpecsConflict',
  '$clusterTime': {
    clusterTime: new Timestamp({ t: 1749158064, i: 35 }),
    signature: {
      hash: Binary.createFromBase64('wmhQV4+bd9HBs09m2p4XsMHmfD4=', 0),
      keyId: new Long('7460919927629676556')
    }
  },
  operationTime: new Timestamp({ t: 1749158064, i: 35 })
}
Error setting up subscription change stream: MongoServerError: An existing index has the same name as the requested index. When index names are not specified, they are auto generated and can cause conflicts. Please refer to our documentation. Requested index: { v: 2, key: { companyCode: 1 }, name: "companyCode_1" }, existing index: { v: 2, unique: true, key: { companyCode: 1 }, name: "companyCode_1", background: true }
    at Connection.sendCommand (/Users/sim/Project2/node_modules/mongodb/lib/cmap/connection.js:299:27)
    at process.processTicksAndRejections (node:internal/process/task_queues:105:5)
    at async Connection.command (/Users/sim/Project2/node_modules/mongodb/lib/cmap/connection.js:327:26)
    at async Server.command (/Users/sim/Project2/node_modules/mongodb/lib/sdam/server.js:168:29)
    at async CreateIndexesOperation.executeCommand (/Users/sim/Project2/node_modules/mongodb/lib/operations/command.js:76:16)
    at async CreateIndexesOperation.execute (/Users/sim/Project2/node_modules/mongodb/lib/operations/indexes.js:122:9)
    at async tryOperation (/Users/sim/Project2/node_modules/mongodb/lib/operations/execute_operation.js:207:20)
    at async executeOperation (/Users/sim/Project2/node_modules/mongodb/lib/operations/execute_operation.js:75:16)
    at async Collection.createIndex (/Users/sim/Project2/node_modules/mongodb/lib/collection.js:329:25)
    at async Timeout.setupSubscriptionChangeStream [as _onTimeout] (/Users/sim/Project2/scripts/subscription-monitor.js:309:5) {
  errorLabelSet: Set(0) {},
  errorResponse: {
    ok: 0,
    errmsg: 'An existing index has the same name as the requested index. When index names are not specified, they are auto generated and can cause conflicts. Please refer to our documentation. Requested index: { v: 2, key: { companyCode: 1 }, name: "companyCode_1" }, existing index: { v: 2, unique: true, key: { companyCode: 1 }, name: "companyCode_1", background: true }',
    code: 86,
    codeName: 'IndexKeySpecsConflict',
    '$clusterTime': {
      clusterTime: new Timestamp({ t: 1749158070, i: 11 }),
      signature: [Object]
    },
    operationTime: new Timestamp({ t: 1749158070, i: 11 })
  },
  ok: 0,
  code: 86,
  codeName: 'IndexKeySpecsConflict',
  '$clusterTime': {
    clusterTime: new Timestamp({ t: 1749158070, i: 11 }),
    signature: {
      hash: Binary.createFromBase64('vpV/gtvrBKAGpAQfFPrVQ2jL4OY=', 0),
      keyId: new Long('7460919927629676556')
    }
  },
  operationTime: new Timestamp({ t: 1749158070, i: 11 })
}
Error setting up subscription change stream: MongoServerError: An existing index has the same name as the requested index. When index names are not specified, they are auto generated and can cause conflicts. Please refer to our documentation. Requested index: { v: 2, key: { companyCode: 1 }, name: "companyCode_1" }, existing index: { v: 2, unique: true, key: { companyCode: 1 }, name: "companyCode_1", background: true }
    at Connection.sendCommand (/Users/sim/Project2/node_modules/mongodb/lib/cmap/connection.js:299:27)
    at process.processTicksAndRejections (node:internal/process/task_queues:105:5)
    at async Connection.command (/Users/sim/Project2/node_modules/mongodb/lib/cmap/connection.js:327:26)
    at async Server.command (/Users/sim/Project2/node_modules/mongodb/lib/sdam/server.js:168:29)
    at async CreateIndexesOperation.executeCommand (/Users/sim/Project2/node_modules/mongodb/lib/operations/command.js:76:16)
    at async CreateIndexesOperation.execute (/Users/sim/Project2/node_modules/mongodb/lib/operations/indexes.js:122:9)
    at async tryOperation (/Users/sim/Project2/node_modules/mongodb/lib/operations/execute_operation.js:207:20)
    at async executeOperation (/Users/sim/Project2/node_modules/mongodb/lib/operations/execute_operation.js:75:16)
    at async Collection.createIndex (/Users/sim/Project2/node_modules/mongodb/lib/collection.js:329:25)
    at async Timeout.setupSubscriptionChangeStream [as _onTimeout] (/Users/sim/Project2/scripts/subscription-monitor.js:309:5) {
  errorLabelSet: Set(0) {},
  errorResponse: {
    ok: 0,
    errmsg: 'An existing index has the same name as the requested index. When index names are not specified, they are auto generated and can cause conflicts. Please refer to our documentation. Requested index: { v: 2, key: { companyCode: 1 }, name: "companyCode_1" }, existing index: { v: 2, unique: true, key: { companyCode: 1 }, name: "companyCode_1", background: true }',
    code: 86,
    codeName: 'IndexKeySpecsConflict',
    '$clusterTime': {
      clusterTime: new Timestamp({ t: 1749158075, i: 46 }),
      signature: [Object]
    },
    operationTime: new Timestamp({ t: 1749158075, i: 46 })
  },
  ok: 0,
  code: 86,
  codeName: 'IndexKeySpecsConflict',
  '$clusterTime': {
    clusterTime: new Timestamp({ t: 1749158075, i: 46 }),
    signature: {
      hash: Binary.createFromBase64('tlJNe6ri44VLdf4/tQbpQVJYLHo=', 0),
      keyId: new Long('7460919927629676556')
    }
  },
  operationTime: new Timestamp({ t: 1749158075, i: 46 })
}
Error setting up subscription change stream: MongoServerError: An existing index has the same name as the requested index. When index names are not specified, they are auto generated and can cause conflicts. Please refer to our documentation. Requested index: { v: 2, key: { companyCode: 1 }, name: "companyCode_1" }, existing index: { v: 2, unique: true, key: { companyCode: 1 }, name: "companyCode_1", background: true }
    at Connection.sendCommand (/Users/sim/Project2/node_modules/mongodb/lib/cmap/connection.js:299:27)
    at process.processTicksAndRejections (node:internal/process/task_queues:105:5)
    at async Connection.command (/Users/sim/Project2/node_modules/mongodb/lib/cmap/connection.js:327:26)
    at async Server.command (/Users/sim/Project2/node_modules/mongodb/lib/sdam/server.js:168:29)
    at async CreateIndexesOperation.executeCommand (/Users/sim/Project2/node_modules/mongodb/lib/operations/command.js:76:16)
    at async CreateIndexesOperation.execute (/Users/sim/Project2/node_modules/mongodb/lib/operations/indexes.js:122:9)
    at async tryOperation (/Users/sim/Project2/node_modules/mongodb/lib/operations/execute_operation.js:207:20)
    at async executeOperation (/Users/sim/Project2/node_modules/mongodb/lib/operations/execute_operation.js:75:16)
    at async Collection.createIndex (/Users/sim/Project2/node_modules/mongodb/lib/collection.js:329:25)
    at async Timeout.setupSubscriptionChangeStream [as _onTimeout] (/Users/sim/Project2/scripts/subscription-monitor.js:309:5) {
  errorLabelSet: Set(0) {},
  errorResponse: {
    ok: 0,
    errmsg: 'An existing index has the same name as the requested index. When index names are not specified, they are auto generated and can cause conflicts. Please refer to our documentation. Requested index: { v: 2, key: { companyCode: 1 }, name: "companyCode_1" }, existing index: { v: 2, unique: true, key: { companyCode: 1 }, name: "companyCode_1", background: true }',
    code: 86,
    codeName: 'IndexKeySpecsConflict',
    '$clusterTime': {
      clusterTime: new Timestamp({ t: 1749158081, i: 13 }),
      signature: [Object]
    },
    operationTime: new Timestamp({ t: 1749158081, i: 13 })
  },
  ok: 0,
  code: 86,
  codeName: 'IndexKeySpecsConflict',
  '$clusterTime': {
    clusterTime: new Timestamp({ t: 1749158081, i: 13 }),
    signature: {
      hash: Binary.createFromBase64('Yhu5ouc96Oj1/mvp/2nrAqBtxts=', 0),
      keyId: new Long('7460919927629676556')
    }
  },
  operationTime: new Timestamp({ t: 1749158081, i: 13 })
}
Error setting up subscription change stream: MongoServerError: An existing index has the same name as the requested index. When index names are not specified, they are auto generated and can cause conflicts. Please refer to our documentation. Requested index: { v: 2, key: { companyCode: 1 }, name: "companyCode_1" }, existing index: { v: 2, unique: true, key: { companyCode: 1 }, name: "companyCode_1", background: true }
    at Connection.sendCommand (/Users/sim/Project2/node_modules/mongodb/lib/cmap/connection.js:299:27)
    at process.processTicksAndRejections (node:internal/process/task_queues:105:5)
    at async Connection.command (/Users/sim/Project2/node_modules/mongodb/lib/cmap/connection.js:327:26)
    at async Server.command (/Users/sim/Project2/node_modules/mongodb/lib/sdam/server.js:168:29)
    at async CreateIndexesOperation.executeCommand (/Users/sim/Project2/node_modules/mongodb/lib/operations/command.js:76:16)
    at async CreateIndexesOperation.execute (/Users/sim/Project2/node_modules/mongodb/lib/operations/indexes.js:122:9)
    at async tryOperation (/Users/sim/Project2/node_modules/mongodb/lib/operations/execute_operation.js:207:20)
    at async executeOperation (/Users/sim/Project2/node_modules/mongodb/lib/operations/execute_operation.js:75:16)
    at async Collection.createIndex (/Users/sim/Project2/node_modules/mongodb/lib/collection.js:329:25)
    at async Timeout.setupSubscriptionChangeStream [as _onTimeout] (/Users/sim/Project2/scripts/subscription-monitor.js:309:5) {
  errorLabelSet: Set(0) {},
  errorResponse: {
    ok: 0,
    errmsg: 'An existing index has the same name as the requested index. When index names are not specified, they are auto generated and can cause conflicts. Please refer to our documentation. Requested index: { v: 2, key: { companyCode: 1 }, name: "companyCode_1" }, existing index: { v: 2, unique: true, key: { companyCode: 1 }, name: "companyCode_1", background: true }',
    code: 86,
    codeName: 'IndexKeySpecsConflict',
    '$clusterTime': {
      clusterTime: new Timestamp({ t: 1749158086, i: 41 }),
      signature: [Object]
    },
    operationTime: new Timestamp({ t: 1749158086, i: 41 })
  },
  ok: 0,
  code: 86,
  codeName: 'IndexKeySpecsConflict',
  '$clusterTime': {
    clusterTime: new Timestamp({ t: 1749158086, i: 41 }),
    signature: {
      hash: Binary.createFromBase64('9e9GzjD1ZczSqiIrIZ5RzNWISMc=', 0),
      keyId: new Long('7460919927629676556')
    }
  },
  operationTime: new Timestamp({ t: 1749158086, i: 41 })
}
Error setting up subscription change stream: MongoServerError: An existing index has the same name as the requested index. When index names are not specified, they are auto generated and can cause conflicts. Please refer to our documentation. Requested index: { v: 2, key: { companyCode: 1 }, name: "companyCode_1" }, existing index: { v: 2, unique: true, key: { companyCode: 1 }, name: "companyCode_1", background: true }
    at Connection.sendCommand (/Users/sim/Project2/node_modules/mongodb/lib/cmap/connection.js:299:27)
    at process.processTicksAndRejections (node:internal/process/task_queues:105:5)
    at async Connection.command (/Users/sim/Project2/node_modules/mongodb/lib/cmap/connection.js:327:26)
    at async Server.command (/Users/sim/Project2/node_modules/mongodb/lib/sdam/server.js:168:29)
    at async CreateIndexesOperation.executeCommand (/Users/sim/Project2/node_modules/mongodb/lib/operations/command.js:76:16)
    at async CreateIndexesOperation.execute (/Users/sim/Project2/node_modules/mongodb/lib/operations/indexes.js:122:9)
    at async tryOperation (/Users/sim/Project2/node_modules/mongodb/lib/operations/execute_operation.js:207:20)
    at async executeOperation (/Users/sim/Project2/node_modules/mongodb/lib/operations/execute_operation.js:75:16)
    at async Collection.createIndex (/Users/sim/Project2/node_modules/mongodb/lib/collection.js:329:25)
    at async Timeout.setupSubscriptionChangeStream [as _onTimeout] (/Users/sim/Project2/scripts/subscription-monitor.js:309:5) {
  errorLabelSet: Set(0) {},
  errorResponse: {
    ok: 0,
    errmsg: 'An existing index has the same name as the requested index. When index names are not specified, they are auto generated and can cause conflicts. Please refer to our documentation. Requested index: { v: 2, key: { companyCode: 1 }, name: "companyCode_1" }, existing index: { v: 2, unique: true, key: { companyCode: 1 }, name: "companyCode_1", background: true }',
    code: 86,
    codeName: 'IndexKeySpecsConflict',
    '$clusterTime': {
      clusterTime: new Timestamp({ t: 1749158092, i: 15 }),
      signature: [Object]
    },
    operationTime: new Timestamp({ t: 1749158092, i: 15 })
  },
  ok: 0,
  code: 86,
  codeName: 'IndexKeySpecsConflict',
  '$clusterTime': {
    clusterTime: new Timestamp({ t: 1749158092, i: 15 }),
    signature: {
      hash: Binary.createFromBase64('OldjqkgjfwX6K7l4NhQ0009xeys=', 0),
      keyId: new Long('7460919927629676556')
    }
  },
  operationTime: new Timestamp({ t: 1749158092, i: 15 })
}
Error setting up subscription change stream: MongoServerError: An existing index has the same name as the requested index. When index names are not specified, they are auto generated and can cause conflicts. Please refer to our documentation. Requested index: { v: 2, key: { companyCode: 1 }, name: "companyCode_1" }, existing index: { v: 2, unique: true, key: { companyCode: 1 }, name: "companyCode_1", background: true }
    at Connection.sendCommand (/Users/sim/Project2/node_modules/mongodb/lib/cmap/connection.js:299:27)
    at process.processTicksAndRejections (node:internal/process/task_queues:105:5)
    at async Connection.command (/Users/sim/Project2/node_modules/mongodb/lib/cmap/connection.js:327:26)
    at async Server.command (/Users/sim/Project2/node_modules/mongodb/lib/sdam/server.js:168:29)
    at async CreateIndexesOperation.executeCommand (/Users/sim/Project2/node_modules/mongodb/lib/operations/command.js:76:16)
    at async CreateIndexesOperation.execute (/Users/sim/Project2/node_modules/mongodb/lib/operations/indexes.js:122:9)
    at async tryOperation (/Users/sim/Project2/node_modules/mongodb/lib/operations/execute_operation.js:207:20)
    at async executeOperation (/Users/sim/Project2/node_modules/mongodb/lib/operations/execute_operation.js:75:16)
    at async Collection.createIndex (/Users/sim/Project2/node_modules/mongodb/lib/collection.js:329:25)
    at async Timeout.setupSubscriptionChangeStream [as _onTimeout] (/Users/sim/Project2/scripts/subscription-monitor.js:309:5) {
  errorLabelSet: Set(0) {},
  errorResponse: {
    ok: 0,
    errmsg: 'An existing index has the same name as the requested index. When index names are not specified, they are auto generated and can cause conflicts. Please refer to our documentation. Requested index: { v: 2, key: { companyCode: 1 }, name: "companyCode_1" }, existing index: { v: 2, unique: true, key: { companyCode: 1 }, name: "companyCode_1", background: true }',
    code: 86,
    codeName: 'IndexKeySpecsConflict',
    '$clusterTime': {
      clusterTime: new Timestamp({ t: 1749158097, i: 44 }),
      signature: [Object]
    },
    operationTime: new Timestamp({ t: 1749158097, i: 44 })
  },
  ok: 0,
  code: 86,
  codeName: 'IndexKeySpecsConflict',
  '$clusterTime': {
    clusterTime: new Timestamp({ t: 1749158097, i: 44 }),
    signature: {
      hash: Binary.createFromBase64('ZNaqHPNZsz3XiPkqpNxDMmVMfzk=', 0),
      keyId: new Long('7460919927629676556')
    }
  },
  operationTime: new Timestamp({ t: 1749158097, i: 44 })
}
Error setting up subscription change stream: MongoServerError: An existing index has the same name as the requested index. When index names are not specified, they are auto generated and can cause conflicts. Please refer to our documentation. Requested index: { v: 2, key: { companyCode: 1 }, name: "companyCode_1" }, existing index: { v: 2, unique: true, key: { companyCode: 1 }, name: "companyCode_1", background: true }
    at Connection.sendCommand (/Users/sim/Project2/node_modules/mongodb/lib/cmap/connection.js:299:27)
    at process.processTicksAndRejections (node:internal/process/task_queues:105:5)
    at async Connection.command (/Users/sim/Project2/node_modules/mongodb/lib/cmap/connection.js:327:26)
    at async Server.command (/Users/sim/Project2/node_modules/mongodb/lib/sdam/server.js:168:29)
    at async CreateIndexesOperation.executeCommand (/Users/sim/Project2/node_modules/mongodb/lib/operations/command.js:76:16)
    at async CreateIndexesOperation.execute (/Users/sim/Project2/node_modules/mongodb/lib/operations/indexes.js:122:9)
    at async tryOperation (/Users/sim/Project2/node_modules/mongodb/lib/operations/execute_operation.js:207:20)
    at async executeOperation (/Users/sim/Project2/node_modules/mongodb/lib/operations/execute_operation.js:75:16)
    at async Collection.createIndex (/Users/sim/Project2/node_modules/mongodb/lib/collection.js:329:25)
    at async Timeout.setupSubscriptionChangeStream [as _onTimeout] (/Users/sim/Project2/scripts/subscription-monitor.js:309:5) {
  errorLabelSet: Set(0) {},
  errorResponse: {
    ok: 0,
    errmsg: 'An existing index has the same name as the requested index. When index names are not specified, they are auto generated and can cause conflicts. Please refer to our documentation. Requested index: { v: 2, key: { companyCode: 1 }, name: "companyCode_1" }, existing index: { v: 2, unique: true, key: { companyCode: 1 }, name: "companyCode_1", background: true }',
    code: 86,
    codeName: 'IndexKeySpecsConflict',
    '$clusterTime': {
      clusterTime: new Timestamp({ t: 1749158103, i: 31 }),
      signature: [Object]
    },
    operationTime: new Timestamp({ t: 1749158103, i: 31 })
  },
  ok: 0,
  code: 86,
  codeName: 'IndexKeySpecsConflict',
  '$clusterTime': {
    clusterTime: new Timestamp({ t: 1749158103, i: 31 }),
    signature: {
      hash: Binary.createFromBase64('ulYqBNz3RSw5oaiJksOJGOtyRfU=', 0),
      keyId: new Long('7460919927629676556')
    }
  },
  operationTime: new Timestamp({ t: 1749158103, i: 31 })
}
Error setting up subscription change stream: MongoServerError: An existing index has the same name as the requested index. When index names are not specified, they are auto generated and can cause conflicts. Please refer to our documentation. Requested index: { v: 2, key: { companyCode: 1 }, name: "companyCode_1" }, existing index: { v: 2, unique: true, key: { companyCode: 1 }, name: "companyCode_1", background: true }
    at Connection.sendCommand (/Users/sim/Project2/node_modules/mongodb/lib/cmap/connection.js:299:27)
    at process.processTicksAndRejections (node:internal/process/task_queues:105:5)
    at async Connection.command (/Users/sim/Project2/node_modules/mongodb/lib/cmap/connection.js:327:26)
    at async Server.command (/Users/sim/Project2/node_modules/mongodb/lib/sdam/server.js:168:29)
    at async CreateIndexesOperation.executeCommand (/Users/sim/Project2/node_modules/mongodb/lib/operations/command.js:76:16)
    at async CreateIndexesOperation.execute (/Users/sim/Project2/node_modules/mongodb/lib/operations/indexes.js:122:9)
    at async tryOperation (/Users/sim/Project2/node_modules/mongodb/lib/operations/execute_operation.js:207:20)
    at async executeOperation (/Users/sim/Project2/node_modules/mongodb/lib/operations/execute_operation.js:75:16)
    at async Collection.createIndex (/Users/sim/Project2/node_modules/mongodb/lib/collection.js:329:25)
    at async Timeout.setupSubscriptionChangeStream [as _onTimeout] (/Users/sim/Project2/scripts/subscription-monitor.js:309:5) {
  errorLabelSet: Set(0) {},
  errorResponse: {
    ok: 0,
    errmsg: 'An existing index has the same name as the requested index. When index names are not specified, they are auto generated and can cause conflicts. Please refer to our documentation. Requested index: { v: 2, key: { companyCode: 1 }, name: "companyCode_1" }, existing index: { v: 2, unique: true, key: { companyCode: 1 }, name: "companyCode_1", background: true }',
    code: 86,
    codeName: 'IndexKeySpecsConflict',
    '$clusterTime': {
      clusterTime: new Timestamp({ t: 1749158109, i: 2 }),
      signature: [Object]
    },
    operationTime: new Timestamp({ t: 1749158109, i: 2 })
  },
  ok: 0,
  code: 86,
  codeName: 'IndexKeySpecsConflict',
  '$clusterTime': {
    clusterTime: new Timestamp({ t: 1749158109, i: 2 }),
    signature: {
      hash: Binary.createFromBase64('JPfCF/HKsz1/Ox5A/LWxmir66PU=', 0),
      keyId: new Long('7460919927629676556')
    }
  },
  operationTime: new Timestamp({ t: 1749158109, i: 2 })
}
Error setting up subscription change stream: MongoServerError: An existing index has the same name as the requested index. When index names are not specified, they are auto generated and can cause conflicts. Please refer to our documentation. Requested index: { v: 2, key: { companyCode: 1 }, name: "companyCode_1" }, existing index: { v: 2, unique: true, key: { companyCode: 1 }, name: "companyCode_1", background: true }
    at Connection.sendCommand (/Users/sim/Project2/node_modules/mongodb/lib/cmap/connection.js:299:27)
    at process.processTicksAndRejections (node:internal/process/task_queues:105:5)
    at async Connection.command (/Users/sim/Project2/node_modules/mongodb/lib/cmap/connection.js:327:26)
    at async Server.command (/Users/sim/Project2/node_modules/mongodb/lib/sdam/server.js:168:29)
    at async CreateIndexesOperation.executeCommand (/Users/sim/Project2/node_modules/mongodb/lib/operations/command.js:76:16)
    at async CreateIndexesOperation.execute (/Users/sim/Project2/node_modules/mongodb/lib/operations/indexes.js:122:9)
    at async tryOperation (/Users/sim/Project2/node_modules/mongodb/lib/operations/execute_operation.js:207:20)
    at async executeOperation (/Users/sim/Project2/node_modules/mongodb/lib/operations/execute_operation.js:75:16)
    at async Collection.createIndex (/Users/sim/Project2/node_modules/mongodb/lib/collection.js:329:25)
    at async Timeout.setupSubscriptionChangeStream [as _onTimeout] (/Users/sim/Project2/scripts/subscription-monitor.js:309:5) {
  errorLabelSet: Set(0) {},
  errorResponse: {
    ok: 0,
    errmsg: 'An existing index has the same name as the requested index. When index names are not specified, they are auto generated and can cause conflicts. Please refer to our documentation. Requested index: { v: 2, key: { companyCode: 1 }, name: "companyCode_1" }, existing index: { v: 2, unique: true, key: { companyCode: 1 }, name: "companyCode_1", background: true }',
    code: 86,
    codeName: 'IndexKeySpecsConflict',
    '$clusterTime': {
      clusterTime: new Timestamp({ t: 1749158114, i: 19 }),
      signature: [Object]
    },
    operationTime: new Timestamp({ t: 1749158114, i: 19 })
  },
  ok: 0,
  code: 86,
  codeName: 'IndexKeySpecsConflict',
  '$clusterTime': {
    clusterTime: new Timestamp({ t: 1749158114, i: 19 }),
    signature: {
      hash: Binary.createFromBase64('0vD/2GNB/9ETFOlNGiUvZ2ePvwI=', 0),
      keyId: new Long('7460919927629676556')
    }
  },
  operationTime: new Timestamp({ t: 1749158114, i: 19 })
}
Error setting up subscription change stream: MongoServerError: An existing index has the same name as the requested index. When index names are not specified, they are auto generated and can cause conflicts. Please refer to our documentation. Requested index: { v: 2, key: { companyCode: 1 }, name: "companyCode_1" }, existing index: { v: 2, unique: true, key: { companyCode: 1 }, name: "companyCode_1", background: true }
    at Connection.sendCommand (/Users/sim/Project2/node_modules/mongodb/lib/cmap/connection.js:299:27)
    at process.processTicksAndRejections (node:internal/process/task_queues:105:5)
    at async Connection.command (/Users/sim/Project2/node_modules/mongodb/lib/cmap/connection.js:327:26)
    at async Server.command (/Users/sim/Project2/node_modules/mongodb/lib/sdam/server.js:168:29)
    at async CreateIndexesOperation.executeCommand (/Users/sim/Project2/node_modules/mongodb/lib/operations/command.js:76:16)
    at async CreateIndexesOperation.execute (/Users/sim/Project2/node_modules/mongodb/lib/operations/indexes.js:122:9)
    at async tryOperation (/Users/sim/Project2/node_modules/mongodb/lib/operations/execute_operation.js:207:20)
    at async executeOperation (/Users/sim/Project2/node_modules/mongodb/lib/operations/execute_operation.js:75:16)
    at async Collection.createIndex (/Users/sim/Project2/node_modules/mongodb/lib/collection.js:329:25)
    at async Timeout.setupSubscriptionChangeStream [as _onTimeout] (/Users/sim/Project2/scripts/subscription-monitor.js:309:5) {
  errorLabelSet: Set(0) {},
  errorResponse: {
    ok: 0,
    errmsg: 'An existing index has the same name as the requested index. When index names are not specified, they are auto generated and can cause conflicts. Please refer to our documentation. Requested index: { v: 2, key: { companyCode: 1 }, name: "companyCode_1" }, existing index: { v: 2, unique: true, key: { companyCode: 1 }, name: "companyCode_1", background: true }',
    code: 86,
    codeName: 'IndexKeySpecsConflict',
    '$clusterTime': {
      clusterTime: new Timestamp({ t: 1749158120, i: 4 }),
      signature: [Object]
    },
    operationTime: new Timestamp({ t: 1749158120, i: 4 })
  },
  ok: 0,
  code: 86,
  codeName: 'IndexKeySpecsConflict',
  '$clusterTime': {
    clusterTime: new Timestamp({ t: 1749158120, i: 4 }),
    signature: {
      hash: Binary.createFromBase64('q2jLfIWsOTvsLpOBg8gsvYAAT88=', 0),
      keyId: new Long('7460919927629676556')
    }
  },
  operationTime: new Timestamp({ t: 1749158120, i: 4 })
}
Error setting up subscription change stream: MongoServerError: An existing index has the same name as the requested index. When index names are not specified, they are auto generated and can cause conflicts. Please refer to our documentation. Requested index: { v: 2, key: { companyCode: 1 }, name: "companyCode_1" }, existing index: { v: 2, unique: true, key: { companyCode: 1 }, name: "companyCode_1", background: true }
    at Connection.sendCommand (/Users/sim/Project2/node_modules/mongodb/lib/cmap/connection.js:299:27)
    at process.processTicksAndRejections (node:internal/process/task_queues:105:5)
    at async Connection.command (/Users/sim/Project2/node_modules/mongodb/lib/cmap/connection.js:327:26)
    at async Server.command (/Users/sim/Project2/node_modules/mongodb/lib/sdam/server.js:168:29)
    at async CreateIndexesOperation.executeCommand (/Users/sim/Project2/node_modules/mongodb/lib/operations/command.js:76:16)
    at async CreateIndexesOperation.execute (/Users/sim/Project2/node_modules/mongodb/lib/operations/indexes.js:122:9)
    at async tryOperation (/Users/sim/Project2/node_modules/mongodb/lib/operations/execute_operation.js:207:20)
    at async executeOperation (/Users/sim/Project2/node_modules/mongodb/lib/operations/execute_operation.js:75:16)
    at async Collection.createIndex (/Users/sim/Project2/node_modules/mongodb/lib/collection.js:329:25)
    at async Timeout.setupSubscriptionChangeStream [as _onTimeout] (/Users/sim/Project2/scripts/subscription-monitor.js:309:5) {
  errorLabelSet: Set(0) {},
  errorResponse: {
    ok: 0,
    errmsg: 'An existing index has the same name as the requested index. When index names are not specified, they are auto generated and can cause conflicts. Please refer to our documentation. Requested index: { v: 2, key: { companyCode: 1 }, name: "companyCode_1" }, existing index: { v: 2, unique: true, key: { companyCode: 1 }, name: "companyCode_1", background: true }',
    code: 86,
    codeName: 'IndexKeySpecsConflict',
    '$clusterTime': {
      clusterTime: new Timestamp({ t: 1749158125, i: 26 }),
      signature: [Object]
    },
    operationTime: new Timestamp({ t: 1749158125, i: 26 })
  },
  ok: 0,
  code: 86,
  codeName: 'IndexKeySpecsConflict',
  '$clusterTime': {
    clusterTime: new Timestamp({ t: 1749158125, i: 26 }),
    signature: {
      hash: Binary.createFromBase64('UPYq0BxzFc/zwc55DxeG83TSWYw=', 0),
      keyId: new Long('7460919927629676556')
    }
  },
  operationTime: new Timestamp({ t: 1749158125, i: 26 })
}
Error setting up subscription change stream: MongoServerError: An existing index has the same name as the requested index. When index names are not specified, they are auto generated and can cause conflicts. Please refer to our documentation. Requested index: { v: 2, key: { companyCode: 1 }, name: "companyCode_1" }, existing index: { v: 2, unique: true, key: { companyCode: 1 }, name: "companyCode_1", background: true }
    at Connection.sendCommand (/Users/sim/Project2/node_modules/mongodb/lib/cmap/connection.js:299:27)
    at process.processTicksAndRejections (node:internal/process/task_queues:105:5)
    at async Connection.command (/Users/sim/Project2/node_modules/mongodb/lib/cmap/connection.js:327:26)
    at async Server.command (/Users/sim/Project2/node_modules/mongodb/lib/sdam/server.js:168:29)
    at async CreateIndexesOperation.executeCommand (/Users/sim/Project2/node_modules/mongodb/lib/operations/command.js:76:16)
    at async CreateIndexesOperation.execute (/Users/sim/Project2/node_modules/mongodb/lib/operations/indexes.js:122:9)
    at async tryOperation (/Users/sim/Project2/node_modules/mongodb/lib/operations/execute_operation.js:207:20)
    at async executeOperation (/Users/sim/Project2/node_modules/mongodb/lib/operations/execute_operation.js:75:16)
    at async Collection.createIndex (/Users/sim/Project2/node_modules/mongodb/lib/collection.js:329:25)
    at async Timeout.setupSubscriptionChangeStream [as _onTimeout] (/Users/sim/Project2/scripts/subscription-monitor.js:309:5) {
  errorLabelSet: Set(0) {},
  errorResponse: {
    ok: 0,
    errmsg: 'An existing index has the same name as the requested index. When index names are not specified, they are auto generated and can cause conflicts. Please refer to our documentation. Requested index: { v: 2, key: { companyCode: 1 }, name: "companyCode_1" }, existing index: { v: 2, unique: true, key: { companyCode: 1 }, name: "companyCode_1", background: true }',
    code: 86,
    codeName: 'IndexKeySpecsConflict',
    '$clusterTime': {
      clusterTime: new Timestamp({ t: 1749158131, i: 6 }),
      signature: [Object]
    },
    operationTime: new Timestamp({ t: 1749158131, i: 6 })
  },
  ok: 0,
  code: 86,
  codeName: 'IndexKeySpecsConflict',
  '$clusterTime': {
    clusterTime: new Timestamp({ t: 1749158131, i: 6 }),
    signature: {
      hash: Binary.createFromBase64('+jHYuXiZCzRV2RFEPlFcnT9Bedo=', 0),
      keyId: new Long('7460919927629676556')
    }
  },
  operationTime: new Timestamp({ t: 1749158131, i: 6 })
}
Error setting up subscription change stream: MongoServerError: An existing index has the same name as the requested index. When index names are not specified, they are auto generated and can cause conflicts. Please refer to our documentation. Requested index: { v: 2, key: { companyCode: 1 }, name: "companyCode_1" }, existing index: { v: 2, unique: true, key: { companyCode: 1 }, name: "companyCode_1", background: true }
    at Connection.sendCommand (/Users/sim/Project2/node_modules/mongodb/lib/cmap/connection.js:299:27)
    at process.processTicksAndRejections (node:internal/process/task_queues:105:5)
    at async Connection.command (/Users/sim/Project2/node_modules/mongodb/lib/cmap/connection.js:327:26)
    at async Server.command (/Users/sim/Project2/node_modules/mongodb/lib/sdam/server.js:168:29)
    at async CreateIndexesOperation.executeCommand (/Users/sim/Project2/node_modules/mongodb/lib/operations/command.js:76:16)
    at async CreateIndexesOperation.execute (/Users/sim/Project2/node_modules/mongodb/lib/operations/indexes.js:122:9)
    at async tryOperation (/Users/sim/Project2/node_modules/mongodb/lib/operations/execute_operation.js:207:20)
    at async executeOperation (/Users/sim/Project2/node_modules/mongodb/lib/operations/execute_operation.js:75:16)
    at async Collection.createIndex (/Users/sim/Project2/node_modules/mongodb/lib/collection.js:329:25)
    at async Timeout.setupSubscriptionChangeStream [as _onTimeout] (/Users/sim/Project2/scripts/subscription-monitor.js:309:5) {
  errorLabelSet: Set(0) {},
  errorResponse: {
    ok: 0,
    errmsg: 'An existing index has the same name as the requested index. When index names are not specified, they are auto generated and can cause conflicts. Please refer to our documentation. Requested index: { v: 2, key: { companyCode: 1 }, name: "companyCode_1" }, existing index: { v: 2, unique: true, key: { companyCode: 1 }, name: "companyCode_1", background: true }',
    code: 86,
    codeName: 'IndexKeySpecsConflict',
    '$clusterTime': {
      clusterTime: new Timestamp({ t: 1749158136, i: 25 }),
      signature: [Object]
    },
    operationTime: new Timestamp({ t: 1749158136, i: 25 })
  },
  ok: 0,
  code: 86,
  codeName: 'IndexKeySpecsConflict',
  '$clusterTime': {
    clusterTime: new Timestamp({ t: 1749158136, i: 25 }),
    signature: {
      hash: Binary.createFromBase64('Nf0/bAD8xYVAdRsO9e0dztCrTZA=', 0),
      keyId: new Long('7460919927629676556')
    }
  },
  operationTime: new Timestamp({ t: 1749158136, i: 25 })
}
Error setting up subscription change stream: MongoServerError: An existing index has the same name as the requested index. When index names are not specified, they are auto generated and can cause conflicts. Please refer to our documentation. Requested index: { v: 2, key: { companyCode: 1 }, name: "companyCode_1" }, existing index: { v: 2, unique: true, key: { companyCode: 1 }, name: "companyCode_1", background: true }
    at Connection.sendCommand (/Users/sim/Project2/node_modules/mongodb/lib/cmap/connection.js:299:27)
    at process.processTicksAndRejections (node:internal/process/task_queues:105:5)
    at async Connection.command (/Users/sim/Project2/node_modules/mongodb/lib/cmap/connection.js:327:26)
    at async Server.command (/Users/sim/Project2/node_modules/mongodb/lib/sdam/server.js:168:29)
    at async CreateIndexesOperation.executeCommand (/Users/sim/Project2/node_modules/mongodb/lib/operations/command.js:76:16)
    at async CreateIndexesOperation.execute (/Users/sim/Project2/node_modules/mongodb/lib/operations/indexes.js:122:9)
    at async tryOperation (/Users/sim/Project2/node_modules/mongodb/lib/operations/execute_operation.js:207:20)
    at async executeOperation (/Users/sim/Project2/node_modules/mongodb/lib/operations/execute_operation.js:75:16)
    at async Collection.createIndex (/Users/sim/Project2/node_modules/mongodb/lib/collection.js:329:25)
    at async Timeout.setupSubscriptionChangeStream [as _onTimeout] (/Users/sim/Project2/scripts/subscription-monitor.js:309:5) {
  errorLabelSet: Set(0) {},
  errorResponse: {
    ok: 0,
    errmsg: 'An existing index has the same name as the requested index. When index names are not specified, they are auto generated and can cause conflicts. Please refer to our documentation. Requested index: { v: 2, key: { companyCode: 1 }, name: "companyCode_1" }, existing index: { v: 2, unique: true, key: { companyCode: 1 }, name: "companyCode_1", background: true }',
    code: 86,
    codeName: 'IndexKeySpecsConflict',
    '$clusterTime': {
      clusterTime: new Timestamp({ t: 1749158142, i: 7 }),
      signature: [Object]
    },
    operationTime: new Timestamp({ t: 1749158142, i: 7 })
  },
  ok: 0,
  code: 86,
  codeName: 'IndexKeySpecsConflict',
  '$clusterTime': {
    clusterTime: new Timestamp({ t: 1749158142, i: 7 }),
    signature: {
      hash: Binary.createFromBase64('nXT4y9WLz3gjrXF3VStem9N69tU=', 0),
      keyId: new Long('7460919927629676556')
    }
  },
  operationTime: new Timestamp({ t: 1749158142, i: 7 })
}
Error setting up subscription change stream: MongoServerError: An existing index has the same name as the requested index. When index names are not specified, they are auto generated and can cause conflicts. Please refer to our documentation. Requested index: { v: 2, key: { companyCode: 1 }, name: "companyCode_1" }, existing index: { v: 2, unique: true, key: { companyCode: 1 }, name: "companyCode_1", background: true }
    at Connection.sendCommand (/Users/sim/Project2/node_modules/mongodb/lib/cmap/connection.js:299:27)
    at process.processTicksAndRejections (node:internal/process/task_queues:105:5)
    at async Connection.command (/Users/sim/Project2/node_modules/mongodb/lib/cmap/connection.js:327:26)
    at async Server.command (/Users/sim/Project2/node_modules/mongodb/lib/sdam/server.js:168:29)
    at async CreateIndexesOperation.executeCommand (/Users/sim/Project2/node_modules/mongodb/lib/operations/command.js:76:16)
    at async CreateIndexesOperation.execute (/Users/sim/Project2/node_modules/mongodb/lib/operations/indexes.js:122:9)
    at async tryOperation (/Users/sim/Project2/node_modules/mongodb/lib/operations/execute_operation.js:207:20)
    at async executeOperation (/Users/sim/Project2/node_modules/mongodb/lib/operations/execute_operation.js:75:16)
    at async Collection.createIndex (/Users/sim/Project2/node_modules/mongodb/lib/collection.js:329:25)
    at async Timeout.setupSubscriptionChangeStream [as _onTimeout] (/Users/sim/Project2/scripts/subscription-monitor.js:309:5) {
  errorLabelSet: Set(0) {},
  errorResponse: {
    ok: 0,
    errmsg: 'An existing index has the same name as the requested index. When index names are not specified, they are auto generated and can cause conflicts. Please refer to our documentation. Requested index: { v: 2, key: { companyCode: 1 }, name: "companyCode_1" }, existing index: { v: 2, unique: true, key: { companyCode: 1 }, name: "companyCode_1", background: true }',
    code: 86,
    codeName: 'IndexKeySpecsConflict',
    '$clusterTime': {
      clusterTime: new Timestamp({ t: 1749158147, i: 31 }),
      signature: [Object]
    },
    operationTime: new Timestamp({ t: 1749158147, i: 31 })
  },
  ok: 0,
  code: 86,
  codeName: 'IndexKeySpecsConflict',
  '$clusterTime': {
    clusterTime: new Timestamp({ t: 1749158147, i: 31 }),
    signature: {
      hash: Binary.createFromBase64('OAMsGjIpVT64ya8w/EGqHixz1Ck=', 0),
      keyId: new Long('7460919927629676556')
    }
  },
  operationTime: new Timestamp({ t: 1749158147, i: 31 })
}
Error setting up subscription change stream: MongoServerError: An existing index has the same name as the requested index. When index names are not specified, they are auto generated and can cause conflicts. Please refer to our documentation. Requested index: { v: 2, key: { companyCode: 1 }, name: "companyCode_1" }, existing index: { v: 2, unique: true, key: { companyCode: 1 }, name: "companyCode_1", background: true }
    at Connection.sendCommand (/Users/sim/Project2/node_modules/mongodb/lib/cmap/connection.js:299:27)
    at process.processTicksAndRejections (node:internal/process/task_queues:105:5)
    at async Connection.command (/Users/sim/Project2/node_modules/mongodb/lib/cmap/connection.js:327:26)
    at async Server.command (/Users/sim/Project2/node_modules/mongodb/lib/sdam/server.js:168:29)
    at async CreateIndexesOperation.executeCommand (/Users/sim/Project2/node_modules/mongodb/lib/operations/command.js:76:16)
    at async CreateIndexesOperation.execute (/Users/sim/Project2/node_modules/mongodb/lib/operations/indexes.js:122:9)
    at async tryOperation (/Users/sim/Project2/node_modules/mongodb/lib/operations/execute_operation.js:207:20)
    at async executeOperation (/Users/sim/Project2/node_modules/mongodb/lib/operations/execute_operation.js:75:16)
    at async Collection.createIndex (/Users/sim/Project2/node_modules/mongodb/lib/collection.js:329:25)
    at async Timeout.setupSubscriptionChangeStream [as _onTimeout] (/Users/sim/Project2/scripts/subscription-monitor.js:309:5) {
  errorLabelSet: Set(0) {},
  errorResponse: {
    ok: 0,
    errmsg: 'An existing index has the same name as the requested index. When index names are not specified, they are auto generated and can cause conflicts. Please refer to our documentation. Requested index: { v: 2, key: { companyCode: 1 }, name: "companyCode_1" }, existing index: { v: 2, unique: true, key: { companyCode: 1 }, name: "companyCode_1", background: true }',
    code: 86,
    codeName: 'IndexKeySpecsConflict',
    '$clusterTime': {
      clusterTime: new Timestamp({ t: 1749158153, i: 12 }),
      signature: [Object]
    },
    operationTime: new Timestamp({ t: 1749158153, i: 12 })
  },
  ok: 0,
  code: 86,
  codeName: 'IndexKeySpecsConflict',
  '$clusterTime': {
    clusterTime: new Timestamp({ t: 1749158153, i: 12 }),
    signature: {
      hash: Binary.createFromBase64('+vJOd5DbtAIPTCo0LilGH9u8fBw=', 0),
      keyId: new Long('7460919927629676556')
    }
  },
  operationTime: new Timestamp({ t: 1749158153, i: 12 })
}
Error setting up subscription change stream: MongoServerError: An existing index has the same name as the requested index. When index names are not specified, they are auto generated and can cause conflicts. Please refer to our documentation. Requested index: { v: 2, key: { companyCode: 1 }, name: "companyCode_1" }, existing index: { v: 2, unique: true, key: { companyCode: 1 }, name: "companyCode_1", background: true }
    at Connection.sendCommand (/Users/sim/Project2/node_modules/mongodb/lib/cmap/connection.js:299:27)
    at process.processTicksAndRejections (node:internal/process/task_queues:105:5)
    at async Connection.command (/Users/sim/Project2/node_modules/mongodb/lib/cmap/connection.js:327:26)
    at async Server.command (/Users/sim/Project2/node_modules/mongodb/lib/sdam/server.js:168:29)
    at async CreateIndexesOperation.executeCommand (/Users/sim/Project2/node_modules/mongodb/lib/operations/command.js:76:16)
    at async CreateIndexesOperation.execute (/Users/sim/Project2/node_modules/mongodb/lib/operations/indexes.js:122:9)
    at async tryOperation (/Users/sim/Project2/node_modules/mongodb/lib/operations/execute_operation.js:207:20)
    at async executeOperation (/Users/sim/Project2/node_modules/mongodb/lib/operations/execute_operation.js:75:16)
    at async Collection.createIndex (/Users/sim/Project2/node_modules/mongodb/lib/collection.js:329:25)
    at async Timeout.setupSubscriptionChangeStream [as _onTimeout] (/Users/sim/Project2/scripts/subscription-monitor.js:309:5) {
  errorLabelSet: Set(0) {},
  errorResponse: {
    ok: 0,
    errmsg: 'An existing index has the same name as the requested index. When index names are not specified, they are auto generated and can cause conflicts. Please refer to our documentation. Requested index: { v: 2, key: { companyCode: 1 }, name: "companyCode_1" }, existing index: { v: 2, unique: true, key: { companyCode: 1 }, name: "companyCode_1", background: true }',
    code: 86,
    codeName: 'IndexKeySpecsConflict',
    '$clusterTime': {
      clusterTime: new Timestamp({ t: 1749158158, i: 44 }),
      signature: [Object]
    },
    operationTime: new Timestamp({ t: 1749158158, i: 44 })
  },
  ok: 0,
  code: 86,
  codeName: 'IndexKeySpecsConflict',
  '$clusterTime': {
    clusterTime: new Timestamp({ t: 1749158158, i: 44 }),
    signature: {
      hash: Binary.createFromBase64('DlrOZCUolvEuQLYrXTX+4NhwfFA=', 0),
      keyId: new Long('7460919927629676556')
    }
  },
  operationTime: new Timestamp({ t: 1749158158, i: 44 })
}
Error setting up subscription change stream: MongoServerError: An existing index has the same name as the requested index. When index names are not specified, they are auto generated and can cause conflicts. Please refer to our documentation. Requested index: { v: 2, key: { companyCode: 1 }, name: "companyCode_1" }, existing index: { v: 2, unique: true, key: { companyCode: 1 }, name: "companyCode_1", background: true }
    at Connection.sendCommand (/Users/sim/Project2/node_modules/mongodb/lib/cmap/connection.js:299:27)
    at process.processTicksAndRejections (node:internal/process/task_queues:105:5)
    at async Connection.command (/Users/sim/Project2/node_modules/mongodb/lib/cmap/connection.js:327:26)
    at async Server.command (/Users/sim/Project2/node_modules/mongodb/lib/sdam/server.js:168:29)
    at async CreateIndexesOperation.executeCommand (/Users/sim/Project2/node_modules/mongodb/lib/operations/command.js:76:16)
    at async CreateIndexesOperation.execute (/Users/sim/Project2/node_modules/mongodb/lib/operations/indexes.js:122:9)
    at async tryOperation (/Users/sim/Project2/node_modules/mongodb/lib/operations/execute_operation.js:207:20)
    at async executeOperation (/Users/sim/Project2/node_modules/mongodb/lib/operations/execute_operation.js:75:16)
    at async Collection.createIndex (/Users/sim/Project2/node_modules/mongodb/lib/collection.js:329:25)
    at async Timeout.setupSubscriptionChangeStream [as _onTimeout] (/Users/sim/Project2/scripts/subscription-monitor.js:309:5) {
  errorLabelSet: Set(0) {},
  errorResponse: {
    ok: 0,
    errmsg: 'An existing index has the same name as the requested index. When index names are not specified, they are auto generated and can cause conflicts. Please refer to our documentation. Requested index: { v: 2, key: { companyCode: 1 }, name: "companyCode_1" }, existing index: { v: 2, unique: true, key: { companyCode: 1 }, name: "companyCode_1", background: true }',
    code: 86,
    codeName: 'IndexKeySpecsConflict',
    '$clusterTime': {
      clusterTime: new Timestamp({ t: 1749158164, i: 24 }),
      signature: [Object]
    },
    operationTime: new Timestamp({ t: 1749158164, i: 24 })
  },
  ok: 0,
  code: 86,
  codeName: 'IndexKeySpecsConflict',
  '$clusterTime': {
    clusterTime: new Timestamp({ t: 1749158164, i: 24 }),
    signature: {
      hash: Binary.createFromBase64('j/sAZWReK+QoJYvaYI+qqg2NDnQ=', 0),
      keyId: new Long('7460919927629676556')
    }
  },
  operationTime: new Timestamp({ t: 1749158164, i: 24 })
}
Error setting up subscription change stream: MongoServerError: An existing index has the same name as the requested index. When index names are not specified, they are auto generated and can cause conflicts. Please refer to our documentation. Requested index: { v: 2, key: { companyCode: 1 }, name: "companyCode_1" }, existing index: { v: 2, unique: true, key: { companyCode: 1 }, name: "companyCode_1", background: true }
    at Connection.sendCommand (/Users/sim/Project2/node_modules/mongodb/lib/cmap/connection.js:299:27)
    at process.processTicksAndRejections (node:internal/process/task_queues:105:5)
    at async Connection.command (/Users/sim/Project2/node_modules/mongodb/lib/cmap/connection.js:327:26)
    at async Server.command (/Users/sim/Project2/node_modules/mongodb/lib/sdam/server.js:168:29)
    at async CreateIndexesOperation.executeCommand (/Users/sim/Project2/node_modules/mongodb/lib/operations/command.js:76:16)
    at async CreateIndexesOperation.execute (/Users/sim/Project2/node_modules/mongodb/lib/operations/indexes.js:122:9)
    at async tryOperation (/Users/sim/Project2/node_modules/mongodb/lib/operations/execute_operation.js:207:20)
    at async executeOperation (/Users/sim/Project2/node_modules/mongodb/lib/operations/execute_operation.js:75:16)
    at async Collection.createIndex (/Users/sim/Project2/node_modules/mongodb/lib/collection.js:329:25)
    at async Timeout.setupSubscriptionChangeStream [as _onTimeout] (/Users/sim/Project2/scripts/subscription-monitor.js:309:5) {
  errorLabelSet: Set(0) {},
  errorResponse: {
    ok: 0,
    errmsg: 'An existing index has the same name as the requested index. When index names are not specified, they are auto generated and can cause conflicts. Please refer to our documentation. Requested index: { v: 2, key: { companyCode: 1 }, name: "companyCode_1" }, existing index: { v: 2, unique: true, key: { companyCode: 1 }, name: "companyCode_1", background: true }',
    code: 86,
    codeName: 'IndexKeySpecsConflict',
    '$clusterTime': {
      clusterTime: new Timestamp({ t: 1749158169, i: 44 }),
      signature: [Object]
    },
    operationTime: new Timestamp({ t: 1749158169, i: 44 })
  },
  ok: 0,
  code: 86,
  codeName: 'IndexKeySpecsConflict',
  '$clusterTime': {
    clusterTime: new Timestamp({ t: 1749158169, i: 44 }),
    signature: {
      hash: Binary.createFromBase64('e0hWRCz0hxTeu6llX1XohiJm6A0=', 0),
      keyId: new Long('7460919927629676556')
    }
  },
  operationTime: new Timestamp({ t: 1749158169, i: 44 })
}
Shutting down subscription monitor...
MongoDB connection closed
Loading environment from .env.local
Starting subscription monitor...
Connecting to MongoDB...
Connected to MongoDB
Syncing all subscriptions from Stripe to MongoDB...
Found 25 subscriptions in Stripe
Updating paid status for company: IvHcCeMc to true
Updated 0 users in company_ivhccemc to paid: true
Updating paid status for company: NNTZco4x to true
No users collection found in company_nntzco4x
Finished syncing all subscriptions
Setting up change stream for subscriptions collection...
Subscription change stream established
Checking for new company databases...
Checking for expired subscriptions...
Subscription monitor is running
Updating paid status for company: IvHcCeMc to true
Updated 0 users in company_ivhccemc to paid: true
Updating paid status for company: eoVVtJ2e to true
Subscription for company IvHcCeMc has expired
Updated 0 users in company_eovvtj2e to paid: true
Subscription for company NNTZco4x has expired
Updating paid status for company: NNTZco4x to true
No users collection found in company_nntzco4x
Shutting down subscription monitor...
MongoDB connection closed
Loading environment from .env.local
Starting subscription monitor...
Connecting to MongoDB...
Connected to MongoDB
Performing initial sync of all subscriptions from Stripe...
Stripe webhook server listening on port 3333
To use this with Stripe, forward this port to a public URL and configure in Stripe Dashboard
Or use stripe listen --forward-to localhost:3333/stripe-webhook in development
Found 25 subscriptions in Stripe
Processing subscription change for subscription sub_1RWHE7QY3NVUyJalRZvNouhm
Error handling subscription change: Error: Stripe: Argument "customer" must be a string, but got: [object Object] (on API request to `GET /v1/customers/{customer}`)
    at /Users/sim/Project2/node_modules/stripe/cjs/StripeResource.js:101:23
    at Array.reduce (<anonymous>)
    at Constructor._getRequestOpts (/Users/sim/Project2/node_modules/stripe/cjs/StripeResource.js:98:35)
    at /Users/sim/Project2/node_modules/stripe/cjs/StripeResource.js:146:29
    at new Promise (<anonymous>)
    at Constructor._makeRequest (/Users/sim/Project2/node_modules/stripe/cjs/StripeResource.js:142:16)
    at Constructor.retrieve (/Users/sim/Project2/node_modules/stripe/cjs/StripeMethod.js:31:83)
    at handleSubscriptionChange (/Users/sim/Project2/scripts/subscription-monitor.js:224:45)
    at initialSyncFromStripe (/Users/sim/Project2/scripts/subscription-monitor.js:481:15)
    at process.processTicksAndRejections (node:internal/process/task_queues:105:5)
Processing subscription change for subscription sub_1RWFI9QY3NVUyJalHrT4z6fX
Error handling subscription change: Error: Stripe: Argument "customer" must be a string, but got: [object Object] (on API request to `GET /v1/customers/{customer}`)
    at /Users/sim/Project2/node_modules/stripe/cjs/StripeResource.js:101:23
    at Array.reduce (<anonymous>)
    at Constructor._getRequestOpts (/Users/sim/Project2/node_modules/stripe/cjs/StripeResource.js:98:35)
    at /Users/sim/Project2/node_modules/stripe/cjs/StripeResource.js:146:29
    at new Promise (<anonymous>)
    at Constructor._makeRequest (/Users/sim/Project2/node_modules/stripe/cjs/StripeResource.js:142:16)
    at Constructor.retrieve (/Users/sim/Project2/node_modules/stripe/cjs/StripeMethod.js:31:83)
    at handleSubscriptionChange (/Users/sim/Project2/scripts/subscription-monitor.js:224:45)
    at initialSyncFromStripe (/Users/sim/Project2/scripts/subscription-monitor.js:481:15)
    at process.processTicksAndRejections (node:internal/process/task_queues:105:5)
Error processing subscription sub_1RWFCuQY3NVUyJalxkg8lIFY: TypeError: Cannot read properties of undefined (reading 'companyCode')
    at initialSyncFromStripe (/Users/sim/Project2/scripts/subscription-monitor.js:474:60)
    at process.processTicksAndRejections (node:internal/process/task_queues:105:5)
    at async main (/Users/sim/Project2/scripts/subscription-monitor.js:609:5)
Error processing subscription sub_1RWEvaQY3NVUyJalKXqPcJN7: TypeError: Cannot read properties of undefined (reading 'companyCode')
    at initialSyncFromStripe (/Users/sim/Project2/scripts/subscription-monitor.js:474:60)
    at process.processTicksAndRejections (node:internal/process/task_queues:105:5)
    at async main (/Users/sim/Project2/scripts/subscription-monitor.js:609:5)
Error processing subscription sub_1RWEbWQY3NVUyJalyfsdD5dP: TypeError: Cannot read properties of undefined (reading 'companyCode')
    at initialSyncFromStripe (/Users/sim/Project2/scripts/subscription-monitor.js:474:60)
    at process.processTicksAndRejections (node:internal/process/task_queues:105:5)
    at async main (/Users/sim/Project2/scripts/subscription-monitor.js:609:5)
Error processing subscription sub_1RWEM8QY3NVUyJalEikcFAlq: TypeError: Cannot read properties of undefined (reading 'companyCode')
    at initialSyncFromStripe (/Users/sim/Project2/scripts/subscription-monitor.js:474:60)
    at process.processTicksAndRejections (node:internal/process/task_queues:105:5)
    at async main (/Users/sim/Project2/scripts/subscription-monitor.js:609:5)
Error processing subscription sub_1RWECJQY3NVUyJalg2ifioU2: TypeError: Cannot read properties of undefined (reading 'companyCode')
    at initialSyncFromStripe (/Users/sim/Project2/scripts/subscription-monitor.js:474:60)
    at process.processTicksAndRejections (node:internal/process/task_queues:105:5)
    at async main (/Users/sim/Project2/scripts/subscription-monitor.js:609:5)
Error processing subscription sub_1RWDofQY3NVUyJalNrVLlAZk: TypeError: Cannot read properties of undefined (reading 'companyCode')
    at initialSyncFromStripe (/Users/sim/Project2/scripts/subscription-monitor.js:474:60)
    at process.processTicksAndRejections (node:internal/process/task_queues:105:5)
    at async main (/Users/sim/Project2/scripts/subscription-monitor.js:609:5)
Error processing subscription sub_1RWDnQQY3NVUyJalYsRNHHTz: TypeError: Cannot read properties of undefined (reading 'companyCode')
    at initialSyncFromStripe (/Users/sim/Project2/scripts/subscription-monitor.js:474:60)
    at process.processTicksAndRejections (node:internal/process/task_queues:105:5)
    at async main (/Users/sim/Project2/scripts/subscription-monitor.js:609:5)
Error processing subscription sub_1RWDQJQY3NVUyJalrktMFcVl: TypeError: Cannot read properties of undefined (reading 'companyCode')
    at initialSyncFromStripe (/Users/sim/Project2/scripts/subscription-monitor.js:474:60)
    at process.processTicksAndRejections (node:internal/process/task_queues:105:5)
    at async main (/Users/sim/Project2/scripts/subscription-monitor.js:609:5)
Error processing subscription sub_1RWCldQY3NVUyJalArawL5Jb: TypeError: Cannot read properties of undefined (reading 'companyCode')
    at initialSyncFromStripe (/Users/sim/Project2/scripts/subscription-monitor.js:474:60)
    at process.processTicksAndRejections (node:internal/process/task_queues:105:5)
    at async main (/Users/sim/Project2/scripts/subscription-monitor.js:609:5)
Error processing subscription sub_1RW1yLQY3NVUyJal5b5zsQbR: TypeError: Cannot read properties of undefined (reading 'companyCode')
    at initialSyncFromStripe (/Users/sim/Project2/scripts/subscription-monitor.js:474:60)
    at process.processTicksAndRejections (node:internal/process/task_queues:105:5)
    at async main (/Users/sim/Project2/scripts/subscription-monitor.js:609:5)
Error processing subscription sub_1RW1pjQY3NVUyJalpRbo6zzD: TypeError: Cannot read properties of undefined (reading 'companyCode')
    at initialSyncFromStripe (/Users/sim/Project2/scripts/subscription-monitor.js:474:60)
    at process.processTicksAndRejections (node:internal/process/task_queues:105:5)
    at async main (/Users/sim/Project2/scripts/subscription-monitor.js:609:5)
Error processing subscription sub_1RW1laQY3NVUyJalAMKufLrx: TypeError: Cannot read properties of undefined (reading 'companyCode')
    at initialSyncFromStripe (/Users/sim/Project2/scripts/subscription-monitor.js:474:60)
    at process.processTicksAndRejections (node:internal/process/task_queues:105:5)
    at async main (/Users/sim/Project2/scripts/subscription-monitor.js:609:5)
Error processing subscription sub_1RW1iiQY3NVUyJalLkJqmg9W: TypeError: Cannot read properties of undefined (reading 'companyCode')
    at initialSyncFromStripe (/Users/sim/Project2/scripts/subscription-monitor.js:474:60)
    at process.processTicksAndRejections (node:internal/process/task_queues:105:5)
    at async main (/Users/sim/Project2/scripts/subscription-monitor.js:609:5)
Error processing subscription sub_1RW1f5QY3NVUyJaleCSixwX1: TypeError: Cannot read properties of undefined (reading 'companyCode')
    at initialSyncFromStripe (/Users/sim/Project2/scripts/subscription-monitor.js:474:60)
    at process.processTicksAndRejections (node:internal/process/task_queues:105:5)
    at async main (/Users/sim/Project2/scripts/subscription-monitor.js:609:5)
Error processing subscription sub_1RW1djQY3NVUyJalUnLKRrhU: TypeError: Cannot read properties of undefined (reading 'companyCode')
    at initialSyncFromStripe (/Users/sim/Project2/scripts/subscription-monitor.js:474:60)
    at process.processTicksAndRejections (node:internal/process/task_queues:105:5)
    at async main (/Users/sim/Project2/scripts/subscription-monitor.js:609:5)
Error processing subscription sub_1RW1aXQY3NVUyJalJo34OGaS: TypeError: Cannot read properties of undefined (reading 'companyCode')
    at initialSyncFromStripe (/Users/sim/Project2/scripts/subscription-monitor.js:474:60)
    at process.processTicksAndRejections (node:internal/process/task_queues:105:5)
    at async main (/Users/sim/Project2/scripts/subscription-monitor.js:609:5)
Error processing subscription sub_1RW1SDQY3NVUyJalAEjwiXwG: TypeError: Cannot read properties of undefined (reading 'companyCode')
    at initialSyncFromStripe (/Users/sim/Project2/scripts/subscription-monitor.js:474:60)
    at process.processTicksAndRejections (node:internal/process/task_queues:105:5)
    at async main (/Users/sim/Project2/scripts/subscription-monitor.js:609:5)
Error processing subscription sub_1RW1OPQY3NVUyJalzDTPUuuJ: TypeError: Cannot read properties of undefined (reading 'companyCode')
    at initialSyncFromStripe (/Users/sim/Project2/scripts/subscription-monitor.js:474:60)
    at process.processTicksAndRejections (node:internal/process/task_queues:105:5)
    at async main (/Users/sim/Project2/scripts/subscription-monitor.js:609:5)
Error processing subscription sub_1RW0vNQY3NVUyJalriyYNio4: TypeError: Cannot read properties of undefined (reading 'companyCode')
    at initialSyncFromStripe (/Users/sim/Project2/scripts/subscription-monitor.js:474:60)
    at process.processTicksAndRejections (node:internal/process/task_queues:105:5)
    at async main (/Users/sim/Project2/scripts/subscription-monitor.js:609:5)
Error processing subscription sub_1RW0h1QY3NVUyJal70oiUsar: TypeError: Cannot read properties of undefined (reading 'companyCode')
    at initialSyncFromStripe (/Users/sim/Project2/scripts/subscription-monitor.js:474:60)
    at process.processTicksAndRejections (node:internal/process/task_queues:105:5)
    at async main (/Users/sim/Project2/scripts/subscription-monitor.js:609:5)
Error processing subscription sub_1RW09eQY3NVUyJalrIqUk5Gf: TypeError: Cannot read properties of undefined (reading 'companyCode')
    at initialSyncFromStripe (/Users/sim/Project2/scripts/subscription-monitor.js:474:60)
    at process.processTicksAndRejections (node:internal/process/task_queues:105:5)
    at async main (/Users/sim/Project2/scripts/subscription-monitor.js:609:5)
Error processing subscription sub_1RW078QY3NVUyJalHg93fpJi: TypeError: Cannot read properties of undefined (reading 'companyCode')
    at initialSyncFromStripe (/Users/sim/Project2/scripts/subscription-monitor.js:474:60)
    at process.processTicksAndRejections (node:internal/process/task_queues:105:5)
    at async main (/Users/sim/Project2/scripts/subscription-monitor.js:609:5)
Error processing subscription sub_1RVuFRQY3NVUyJal3tZvZgZi: TypeError: Cannot read properties of undefined (reading 'companyCode')
    at initialSyncFromStripe (/Users/sim/Project2/scripts/subscription-monitor.js:474:60)
    at process.processTicksAndRejections (node:internal/process/task_queues:105:5)
    at async main (/Users/sim/Project2/scripts/subscription-monitor.js:609:5)
Successfully processed 2 subscriptions during initial sync
Checking for expired subscriptions...
Subscription monitor is running and listening for Stripe webhook events
Found 2 potentially expired subscriptions
Checking subscription for company IvHcCeMc that appears expired
Subscription for company IvHcCeMc is still active in Stripe
Checking subscription for company NNTZco4x that appears expired
Subscription for company NNTZco4x is still active in Stripe
Checking for expired subscriptions...
Error checking for expired subscriptions: MongoServerSelectionError: getaddrinfo ENOTFOUND ac-wz3pdz3-shard-00-02.nen0dzs.mongodb.net
    at Topology.selectServer (/Users/sim/Project2/node_modules/mongodb/lib/sdam/topology.js:321:38)
    at async tryOperation (/Users/sim/Project2/node_modules/mongodb/lib/operations/execute_operation.js:192:22)
    at async executeOperation (/Users/sim/Project2/node_modules/mongodb/lib/operations/execute_operation.js:75:16)
    at async FindCursor._initialize (/Users/sim/Project2/node_modules/mongodb/lib/cursor/find_cursor.js:61:26)
    at async FindCursor.cursorInit (/Users/sim/Project2/node_modules/mongodb/lib/cursor/abstract_cursor.js:633:27)
    at async FindCursor.fetchBatch (/Users/sim/Project2/node_modules/mongodb/lib/cursor/abstract_cursor.js:667:13)
    at async FindCursor.next (/Users/sim/Project2/node_modules/mongodb/lib/cursor/abstract_cursor.js:347:17)
    at async [Symbol.asyncIterator] (/Users/sim/Project2/node_modules/mongodb/lib/cursor/abstract_cursor.js:255:34)
    at async FindCursor.toArray (/Users/sim/Project2/node_modules/mongodb/lib/cursor/abstract_cursor.js:427:26)
    at async Timeout.checkForExpiredSubscriptions [as _onTimeout] (/Users/sim/Project2/scripts/subscription-monitor.js:348:34) {
  errorLabelSet: Set(0) {},
  reason: TopologyDescription {
    type: 'ReplicaSetNoPrimary',
    servers: Map(3) {
      'ac-wz3pdz3-shard-00-02.nen0dzs.mongodb.net:27017' => [ServerDescription],
      'ac-wz3pdz3-shard-00-00.nen0dzs.mongodb.net:27017' => [ServerDescription],
      'ac-wz3pdz3-shard-00-01.nen0dzs.mongodb.net:27017' => [ServerDescription]
    },
    stale: false,
    compatible: true,
    heartbeatFrequencyMS: 10000,
    localThresholdMS: 15,
    setName: 'atlas-unjbbr-shard-0',
    maxElectionId: new ObjectId('7fffffff000000000000029c'),
    maxSetVersion: 123,
    commonWireVersion: 0,
    logicalSessionTimeoutMinutes: null
  },
  code: undefined,
  [cause]: MongoNetworkError: getaddrinfo ENOTFOUND ac-wz3pdz3-shard-00-02.nen0dzs.mongodb.net
      at TLSSocket.<anonymous> (/Users/sim/Project2/node_modules/mongodb/lib/cmap/connect.js:285:44)
      at Object.onceWrapper (node:events:622:26)
      at TLSSocket.emit (node:events:507:28)
      at emitErrorNT (node:internal/streams/destroy:170:8)
      at emitErrorCloseNT (node:internal/streams/destroy:129:3)
      at process.processTicksAndRejections (node:internal/process/task_queues:90:21) {
    errorLabelSet: Set(1) { 'ResetPool' },
    beforeHandshake: false,
    [cause]: Error: getaddrinfo ENOTFOUND ac-wz3pdz3-shard-00-02.nen0dzs.mongodb.net
        at GetAddrInfoReqWrap.onlookupall [as oncomplete] (node:dns:122:26) {
      errno: -3008,
      code: 'ENOTFOUND',
      syscall: 'getaddrinfo',
      hostname: 'ac-wz3pdz3-shard-00-02.nen0dzs.mongodb.net'
    }
  }
}
Checking for expired subscriptions...
Error checking for expired subscriptions: MongoServerSelectionError: getaddrinfo ENOTFOUND ac-wz3pdz3-shard-00-02.nen0dzs.mongodb.net
    at Topology.selectServer (/Users/sim/Project2/node_modules/mongodb/lib/sdam/topology.js:321:38)
    at async tryOperation (/Users/sim/Project2/node_modules/mongodb/lib/operations/execute_operation.js:145:18)
    at async executeOperation (/Users/sim/Project2/node_modules/mongodb/lib/operations/execute_operation.js:75:16)
    at async FindCursor._initialize (/Users/sim/Project2/node_modules/mongodb/lib/cursor/find_cursor.js:61:26)
    at async FindCursor.cursorInit (/Users/sim/Project2/node_modules/mongodb/lib/cursor/abstract_cursor.js:633:27)
    at async FindCursor.fetchBatch (/Users/sim/Project2/node_modules/mongodb/lib/cursor/abstract_cursor.js:667:13)
    at async FindCursor.next (/Users/sim/Project2/node_modules/mongodb/lib/cursor/abstract_cursor.js:347:17)
    at async [Symbol.asyncIterator] (/Users/sim/Project2/node_modules/mongodb/lib/cursor/abstract_cursor.js:255:34)
    at async FindCursor.toArray (/Users/sim/Project2/node_modules/mongodb/lib/cursor/abstract_cursor.js:427:26)
    at async Timeout.checkForExpiredSubscriptions [as _onTimeout] (/Users/sim/Project2/scripts/subscription-monitor.js:348:34) {
  errorLabelSet: Set(0) {},
  reason: TopologyDescription {
    type: 'ReplicaSetNoPrimary',
    servers: Map(3) {
      'ac-wz3pdz3-shard-00-02.nen0dzs.mongodb.net:27017' => [ServerDescription],
      'ac-wz3pdz3-shard-00-00.nen0dzs.mongodb.net:27017' => [ServerDescription],
      'ac-wz3pdz3-shard-00-01.nen0dzs.mongodb.net:27017' => [ServerDescription]
    },
    stale: false,
    compatible: true,
    heartbeatFrequencyMS: 10000,
    localThresholdMS: 15,
    setName: 'atlas-unjbbr-shard-0',
    maxElectionId: new ObjectId('7fffffff000000000000029c'),
    maxSetVersion: 123,
    commonWireVersion: 0,
    logicalSessionTimeoutMinutes: null
  },
  code: undefined,
  [cause]: MongoNetworkError: getaddrinfo ENOTFOUND ac-wz3pdz3-shard-00-02.nen0dzs.mongodb.net
      at TLSSocket.<anonymous> (/Users/sim/Project2/node_modules/mongodb/lib/cmap/connect.js:285:44)
      at Object.onceWrapper (node:events:622:26)
      at TLSSocket.emit (node:events:507:28)
      at emitErrorNT (node:internal/streams/destroy:170:8)
      at emitErrorCloseNT (node:internal/streams/destroy:129:3)
      at process.processTicksAndRejections (node:internal/process/task_queues:90:21) {
    errorLabelSet: Set(1) { 'ResetPool' },
    beforeHandshake: false,
    [cause]: Error: getaddrinfo ENOTFOUND ac-wz3pdz3-shard-00-02.nen0dzs.mongodb.net
        at GetAddrInfoReqWrap.onlookupall [as oncomplete] (node:dns:122:26) {
      errno: -3008,
      code: 'ENOTFOUND',
      syscall: 'getaddrinfo',
      hostname: 'ac-wz3pdz3-shard-00-02.nen0dzs.mongodb.net'
    }
  }
}
Checking for expired subscriptions...
Error checking for expired subscriptions: MongoServerSelectionError: getaddrinfo ENOTFOUND ac-wz3pdz3-shard-00-02.nen0dzs.mongodb.net
    at Topology.selectServer (/Users/sim/Project2/node_modules/mongodb/lib/sdam/topology.js:321:38)
    at async tryOperation (/Users/sim/Project2/node_modules/mongodb/lib/operations/execute_operation.js:145:18)
    at async executeOperation (/Users/sim/Project2/node_modules/mongodb/lib/operations/execute_operation.js:75:16)
    at async FindCursor._initialize (/Users/sim/Project2/node_modules/mongodb/lib/cursor/find_cursor.js:61:26)
    at async FindCursor.cursorInit (/Users/sim/Project2/node_modules/mongodb/lib/cursor/abstract_cursor.js:633:27)
    at async FindCursor.fetchBatch (/Users/sim/Project2/node_modules/mongodb/lib/cursor/abstract_cursor.js:667:13)
    at async FindCursor.next (/Users/sim/Project2/node_modules/mongodb/lib/cursor/abstract_cursor.js:347:17)
    at async [Symbol.asyncIterator] (/Users/sim/Project2/node_modules/mongodb/lib/cursor/abstract_cursor.js:255:34)
    at async FindCursor.toArray (/Users/sim/Project2/node_modules/mongodb/lib/cursor/abstract_cursor.js:427:26)
    at async Timeout.checkForExpiredSubscriptions [as _onTimeout] (/Users/sim/Project2/scripts/subscription-monitor.js:348:34) {
  errorLabelSet: Set(0) {},
  reason: TopologyDescription {
    type: 'ReplicaSetNoPrimary',
    servers: Map(3) {
      'ac-wz3pdz3-shard-00-02.nen0dzs.mongodb.net:27017' => [ServerDescription],
      'ac-wz3pdz3-shard-00-00.nen0dzs.mongodb.net:27017' => [ServerDescription],
      'ac-wz3pdz3-shard-00-01.nen0dzs.mongodb.net:27017' => [ServerDescription]
    },
    stale: false,
    compatible: true,
    heartbeatFrequencyMS: 10000,
    localThresholdMS: 15,
    setName: 'atlas-unjbbr-shard-0',
    maxElectionId: new ObjectId('7fffffff000000000000029c'),
    maxSetVersion: 123,
    commonWireVersion: 0,
    logicalSessionTimeoutMinutes: null
  },
  code: undefined,
  [cause]: MongoNetworkError: getaddrinfo ENOTFOUND ac-wz3pdz3-shard-00-02.nen0dzs.mongodb.net
      at TLSSocket.<anonymous> (/Users/sim/Project2/node_modules/mongodb/lib/cmap/connect.js:285:44)
      at Object.onceWrapper (node:events:622:26)
      at TLSSocket.emit (node:events:507:28)
      at emitErrorNT (node:internal/streams/destroy:170:8)
      at emitErrorCloseNT (node:internal/streams/destroy:129:3)
      at process.processTicksAndRejections (node:internal/process/task_queues:90:21) {
    errorLabelSet: Set(1) { 'ResetPool' },
    beforeHandshake: false,
    [cause]: Error: getaddrinfo ENOTFOUND ac-wz3pdz3-shard-00-02.nen0dzs.mongodb.net
        at GetAddrInfoReqWrap.onlookupall [as oncomplete] (node:dns:122:26) {
      errno: -3008,
      code: 'ENOTFOUND',
      syscall: 'getaddrinfo',
      hostname: 'ac-wz3pdz3-shard-00-02.nen0dzs.mongodb.net'
    }
  }
}
Checking for expired subscriptions...
Error checking for expired subscriptions: MongoServerSelectionError: getaddrinfo ENOTFOUND ac-wz3pdz3-shard-00-02.nen0dzs.mongodb.net
    at Topology.selectServer (/Users/sim/Project2/node_modules/mongodb/lib/sdam/topology.js:321:38)
    at async tryOperation (/Users/sim/Project2/node_modules/mongodb/lib/operations/execute_operation.js:145:18)
    at async executeOperation (/Users/sim/Project2/node_modules/mongodb/lib/operations/execute_operation.js:75:16)
    at async FindCursor._initialize (/Users/sim/Project2/node_modules/mongodb/lib/cursor/find_cursor.js:61:26)
    at async FindCursor.cursorInit (/Users/sim/Project2/node_modules/mongodb/lib/cursor/abstract_cursor.js:633:27)
    at async FindCursor.fetchBatch (/Users/sim/Project2/node_modules/mongodb/lib/cursor/abstract_cursor.js:667:13)
    at async FindCursor.next (/Users/sim/Project2/node_modules/mongodb/lib/cursor/abstract_cursor.js:347:17)
    at async [Symbol.asyncIterator] (/Users/sim/Project2/node_modules/mongodb/lib/cursor/abstract_cursor.js:255:34)
    at async FindCursor.toArray (/Users/sim/Project2/node_modules/mongodb/lib/cursor/abstract_cursor.js:427:26)
    at async Timeout.checkForExpiredSubscriptions [as _onTimeout] (/Users/sim/Project2/scripts/subscription-monitor.js:348:34) {
  errorLabelSet: Set(0) {},
  reason: TopologyDescription {
    type: 'ReplicaSetNoPrimary',
    servers: Map(3) {
      'ac-wz3pdz3-shard-00-02.nen0dzs.mongodb.net:27017' => [ServerDescription],
      'ac-wz3pdz3-shard-00-00.nen0dzs.mongodb.net:27017' => [ServerDescription],
      'ac-wz3pdz3-shard-00-01.nen0dzs.mongodb.net:27017' => [ServerDescription]
    },
    stale: false,
    compatible: true,
    heartbeatFrequencyMS: 10000,
    localThresholdMS: 15,
    setName: 'atlas-unjbbr-shard-0',
    maxElectionId: new ObjectId('7fffffff000000000000029c'),
    maxSetVersion: 123,
    commonWireVersion: 0,
    logicalSessionTimeoutMinutes: null
  },
  code: undefined,
  [cause]: MongoNetworkError: getaddrinfo ENOTFOUND ac-wz3pdz3-shard-00-02.nen0dzs.mongodb.net
      at TLSSocket.<anonymous> (/Users/sim/Project2/node_modules/mongodb/lib/cmap/connect.js:285:44)
      at Object.onceWrapper (node:events:622:26)
      at TLSSocket.emit (node:events:507:28)
      at emitErrorNT (node:internal/streams/destroy:170:8)
      at emitErrorCloseNT (node:internal/streams/destroy:129:3)
      at process.processTicksAndRejections (node:internal/process/task_queues:90:21) {
    errorLabelSet: Set(1) { 'ResetPool' },
    beforeHandshake: false,
    [cause]: Error: getaddrinfo ENOTFOUND ac-wz3pdz3-shard-00-02.nen0dzs.mongodb.net
        at GetAddrInfoReqWrap.onlookupall [as oncomplete] (node:dns:122:26) {
      errno: -3008,
      code: 'ENOTFOUND',
      syscall: 'getaddrinfo',
      hostname: 'ac-wz3pdz3-shard-00-02.nen0dzs.mongodb.net'
    }
  }
}
Checking for expired subscriptions...
Found 2 potentially expired subscriptions
Checking subscription for company IvHcCeMc that appears expired
Subscription for company IvHcCeMc is still active in Stripe
Checking subscription for company NNTZco4x that appears expired
Subscription for company NNTZco4x is still active in Stripe
Checking for expired subscriptions...
Found 2 potentially expired subscriptions
Checking subscription for company IvHcCeMc that appears expired
Subscription for company IvHcCeMc is still active in Stripe
Checking subscription for company NNTZco4x that appears expired
Subscription for company NNTZco4x is still active in Stripe
Checking for expired subscriptions...
Found 2 potentially expired subscriptions
Checking subscription for company IvHcCeMc that appears expired
Subscription for company IvHcCeMc is still active in Stripe
Checking subscription for company NNTZco4x that appears expired
Subscription for company NNTZco4x is still active in Stripe
Checking for expired subscriptions...
Found 2 potentially expired subscriptions
Checking subscription for company IvHcCeMc that appears expired
Subscription for company IvHcCeMc is still active in Stripe
Checking subscription for company NNTZco4x that appears expired
Subscription for company NNTZco4x is still active in Stripe
Checking for expired subscriptions...
Found 2 potentially expired subscriptions
Checking subscription for company IvHcCeMc that appears expired
Subscription for company IvHcCeMc is still active in Stripe
Checking subscription for company NNTZco4x that appears expired
Subscription for company NNTZco4x is still active in Stripe
Checking for expired subscriptions...
Found 2 potentially expired subscriptions
Checking subscription for company IvHcCeMc that appears expired
Subscription for company IvHcCeMc is still active in Stripe
Checking subscription for company NNTZco4x that appears expired
Subscription for company NNTZco4x is still active in Stripe
Checking for expired subscriptions...
Found 2 potentially expired subscriptions
Checking subscription for company IvHcCeMc that appears expired
Subscription for company IvHcCeMc is still active in Stripe
Checking subscription for company NNTZco4x that appears expired
Subscription for company NNTZco4x is still active in Stripe
Checking for expired subscriptions...
Found 2 potentially expired subscriptions
Checking subscription for company IvHcCeMc that appears expired
Subscription for company IvHcCeMc is still active in Stripe
Checking subscription for company NNTZco4x that appears expired
Subscription for company NNTZco4x is still active in Stripe
Checking for expired subscriptions...
Found 2 potentially expired subscriptions
Checking subscription for company IvHcCeMc that appears expired
Subscription for company IvHcCeMc is still active in Stripe
Checking subscription for company NNTZco4x that appears expired
Subscription for company NNTZco4x is still active in Stripe
Checking for expired subscriptions...
Found 2 potentially expired subscriptions
Checking subscription for company IvHcCeMc that appears expired
Subscription for company IvHcCeMc is still active in Stripe
Checking subscription for company NNTZco4x that appears expired
Subscription for company NNTZco4x is still active in Stripe
Checking for expired subscriptions...
Found 2 potentially expired subscriptions
Checking subscription for company IvHcCeMc that appears expired
Subscription for company IvHcCeMc is still active in Stripe
Checking subscription for company NNTZco4x that appears expired
Subscription for company NNTZco4x is still active in Stripe
Checking for expired subscriptions...
Found 2 potentially expired subscriptions
Checking subscription for company IvHcCeMc that appears expired
Subscription for company IvHcCeMc is still active in Stripe
Checking subscription for company NNTZco4x that appears expired
Subscription for company NNTZco4x is still active in Stripe
Checking for expired subscriptions...
Found 2 potentially expired subscriptions
Checking subscription for company IvHcCeMc that appears expired
Subscription for company IvHcCeMc is still active in Stripe
Checking subscription for company NNTZco4x that appears expired
Subscription for company NNTZco4x is still active in Stripe
Checking for expired subscriptions...
Error checking for expired subscriptions: MongoServerSelectionError: getaddrinfo ENOTFOUND ac-wz3pdz3-shard-00-02.nen0dzs.mongodb.net
    at Topology.selectServer (/Users/sim/Project2/node_modules/mongodb/lib/sdam/topology.js:321:38)
    at async tryOperation (/Users/sim/Project2/node_modules/mongodb/lib/operations/execute_operation.js:145:18)
    at async executeOperation (/Users/sim/Project2/node_modules/mongodb/lib/operations/execute_operation.js:75:16)
    at async FindCursor._initialize (/Users/sim/Project2/node_modules/mongodb/lib/cursor/find_cursor.js:61:26)
    at async FindCursor.cursorInit (/Users/sim/Project2/node_modules/mongodb/lib/cursor/abstract_cursor.js:633:27)
    at async FindCursor.fetchBatch (/Users/sim/Project2/node_modules/mongodb/lib/cursor/abstract_cursor.js:667:13)
    at async FindCursor.next (/Users/sim/Project2/node_modules/mongodb/lib/cursor/abstract_cursor.js:347:17)
    at async [Symbol.asyncIterator] (/Users/sim/Project2/node_modules/mongodb/lib/cursor/abstract_cursor.js:255:34)
    at async FindCursor.toArray (/Users/sim/Project2/node_modules/mongodb/lib/cursor/abstract_cursor.js:427:26)
    at async Timeout.checkForExpiredSubscriptions [as _onTimeout] (/Users/sim/Project2/scripts/subscription-monitor.js:348:34) {
  errorLabelSet: Set(0) {},
  reason: TopologyDescription {
    type: 'ReplicaSetNoPrimary',
    servers: Map(3) {
      'ac-wz3pdz3-shard-00-02.nen0dzs.mongodb.net:27017' => [ServerDescription],
      'ac-wz3pdz3-shard-00-00.nen0dzs.mongodb.net:27017' => [ServerDescription],
      'ac-wz3pdz3-shard-00-01.nen0dzs.mongodb.net:27017' => [ServerDescription]
    },
    stale: false,
    compatible: true,
    heartbeatFrequencyMS: 10000,
    localThresholdMS: 15,
    setName: 'atlas-unjbbr-shard-0',
    maxElectionId: new ObjectId('7fffffff000000000000029c'),
    maxSetVersion: 123,
    commonWireVersion: 0,
    logicalSessionTimeoutMinutes: null
  },
  code: undefined,
  [cause]: MongoNetworkError: getaddrinfo ENOTFOUND ac-wz3pdz3-shard-00-02.nen0dzs.mongodb.net
      at TLSSocket.<anonymous> (/Users/sim/Project2/node_modules/mongodb/lib/cmap/connect.js:285:44)
      at Object.onceWrapper (node:events:622:26)
      at TLSSocket.emit (node:events:507:28)
      at emitErrorNT (node:internal/streams/destroy:170:8)
      at emitErrorCloseNT (node:internal/streams/destroy:129:3)
      at process.processTicksAndRejections (node:internal/process/task_queues:90:21) {
    errorLabelSet: Set(1) { 'ResetPool' },
    beforeHandshake: false,
    [cause]: Error: getaddrinfo ENOTFOUND ac-wz3pdz3-shard-00-02.nen0dzs.mongodb.net
        at GetAddrInfoReqWrap.onlookupall [as oncomplete] (node:dns:122:26) {
      errno: -3008,
      code: 'ENOTFOUND',
      syscall: 'getaddrinfo',
      hostname: 'ac-wz3pdz3-shard-00-02.nen0dzs.mongodb.net'
    }
  }
}
Checking for expired subscriptions...
Error checking for expired subscriptions: MongoServerSelectionError: getaddrinfo ENOTFOUND ac-wz3pdz3-shard-00-02.nen0dzs.mongodb.net
    at Topology.selectServer (/Users/sim/Project2/node_modules/mongodb/lib/sdam/topology.js:321:38)
    at async tryOperation (/Users/sim/Project2/node_modules/mongodb/lib/operations/execute_operation.js:145:18)
    at async executeOperation (/Users/sim/Project2/node_modules/mongodb/lib/operations/execute_operation.js:75:16)
    at async FindCursor._initialize (/Users/sim/Project2/node_modules/mongodb/lib/cursor/find_cursor.js:61:26)
    at async FindCursor.cursorInit (/Users/sim/Project2/node_modules/mongodb/lib/cursor/abstract_cursor.js:633:27)
    at async FindCursor.fetchBatch (/Users/sim/Project2/node_modules/mongodb/lib/cursor/abstract_cursor.js:667:13)
    at async FindCursor.next (/Users/sim/Project2/node_modules/mongodb/lib/cursor/abstract_cursor.js:347:17)
    at async [Symbol.asyncIterator] (/Users/sim/Project2/node_modules/mongodb/lib/cursor/abstract_cursor.js:255:34)
    at async FindCursor.toArray (/Users/sim/Project2/node_modules/mongodb/lib/cursor/abstract_cursor.js:427:26)
    at async Timeout.checkForExpiredSubscriptions [as _onTimeout] (/Users/sim/Project2/scripts/subscription-monitor.js:348:34) {
  errorLabelSet: Set(0) {},
  reason: TopologyDescription {
    type: 'ReplicaSetNoPrimary',
    servers: Map(3) {
      'ac-wz3pdz3-shard-00-02.nen0dzs.mongodb.net:27017' => [ServerDescription],
      'ac-wz3pdz3-shard-00-00.nen0dzs.mongodb.net:27017' => [ServerDescription],
      'ac-wz3pdz3-shard-00-01.nen0dzs.mongodb.net:27017' => [ServerDescription]
    },
    stale: false,
    compatible: true,
    heartbeatFrequencyMS: 10000,
    localThresholdMS: 15,
    setName: 'atlas-unjbbr-shard-0',
    maxElectionId: new ObjectId('7fffffff000000000000029c'),
    maxSetVersion: 123,
    commonWireVersion: 0,
    logicalSessionTimeoutMinutes: null
  },
  code: undefined,
  [cause]: MongoNetworkError: getaddrinfo ENOTFOUND ac-wz3pdz3-shard-00-02.nen0dzs.mongodb.net
      at TLSSocket.<anonymous> (/Users/sim/Project2/node_modules/mongodb/lib/cmap/connect.js:285:44)
      at Object.onceWrapper (node:events:622:26)
      at TLSSocket.emit (node:events:507:28)
      at emitErrorNT (node:internal/streams/destroy:170:8)
      at emitErrorCloseNT (node:internal/streams/destroy:129:3)
      at process.processTicksAndRejections (node:internal/process/task_queues:90:21) {
    errorLabelSet: Set(1) { 'ResetPool' },
    beforeHandshake: false,
    [cause]: Error: getaddrinfo ENOTFOUND ac-wz3pdz3-shard-00-02.nen0dzs.mongodb.net
        at GetAddrInfoReqWrap.onlookupall [as oncomplete] (node:dns:122:26) {
      errno: -3008,
      code: 'ENOTFOUND',
      syscall: 'getaddrinfo',
      hostname: 'ac-wz3pdz3-shard-00-02.nen0dzs.mongodb.net'
    }
  }
}
Checking for expired subscriptions...
Error checking for expired subscriptions: MongoServerSelectionError: getaddrinfo ENOTFOUND ac-wz3pdz3-shard-00-02.nen0dzs.mongodb.net
    at Topology.selectServer (/Users/sim/Project2/node_modules/mongodb/lib/sdam/topology.js:321:38)
    at async tryOperation (/Users/sim/Project2/node_modules/mongodb/lib/operations/execute_operation.js:145:18)
    at async executeOperation (/Users/sim/Project2/node_modules/mongodb/lib/operations/execute_operation.js:75:16)
    at async FindCursor._initialize (/Users/sim/Project2/node_modules/mongodb/lib/cursor/find_cursor.js:61:26)
    at async FindCursor.cursorInit (/Users/sim/Project2/node_modules/mongodb/lib/cursor/abstract_cursor.js:633:27)
    at async FindCursor.fetchBatch (/Users/sim/Project2/node_modules/mongodb/lib/cursor/abstract_cursor.js:667:13)
    at async FindCursor.next (/Users/sim/Project2/node_modules/mongodb/lib/cursor/abstract_cursor.js:347:17)
    at async [Symbol.asyncIterator] (/Users/sim/Project2/node_modules/mongodb/lib/cursor/abstract_cursor.js:255:34)
    at async FindCursor.toArray (/Users/sim/Project2/node_modules/mongodb/lib/cursor/abstract_cursor.js:427:26)
    at async Timeout.checkForExpiredSubscriptions [as _onTimeout] (/Users/sim/Project2/scripts/subscription-monitor.js:348:34) {
  errorLabelSet: Set(0) {},
  reason: TopologyDescription {
    type: 'ReplicaSetNoPrimary',
    servers: Map(3) {
      'ac-wz3pdz3-shard-00-02.nen0dzs.mongodb.net:27017' => [ServerDescription],
      'ac-wz3pdz3-shard-00-00.nen0dzs.mongodb.net:27017' => [ServerDescription],
      'ac-wz3pdz3-shard-00-01.nen0dzs.mongodb.net:27017' => [ServerDescription]
    },
    stale: false,
    compatible: true,
    heartbeatFrequencyMS: 10000,
    localThresholdMS: 15,
    setName: 'atlas-unjbbr-shard-0',
    maxElectionId: new ObjectId('7fffffff000000000000029c'),
    maxSetVersion: 123,
    commonWireVersion: 0,
    logicalSessionTimeoutMinutes: null
  },
  code: undefined,
  [cause]: MongoNetworkError: getaddrinfo ENOTFOUND ac-wz3pdz3-shard-00-02.nen0dzs.mongodb.net
      at TLSSocket.<anonymous> (/Users/sim/Project2/node_modules/mongodb/lib/cmap/connect.js:285:44)
      at Object.onceWrapper (node:events:622:26)
      at TLSSocket.emit (node:events:507:28)
      at emitErrorNT (node:internal/streams/destroy:170:8)
      at emitErrorCloseNT (node:internal/streams/destroy:129:3)
      at process.processTicksAndRejections (node:internal/process/task_queues:90:21) {
    errorLabelSet: Set(1) { 'ResetPool' },
    beforeHandshake: false,
    [cause]: Error: getaddrinfo ENOTFOUND ac-wz3pdz3-shard-00-02.nen0dzs.mongodb.net
        at GetAddrInfoReqWrap.onlookupall [as oncomplete] (node:dns:122:26) {
      errno: -3008,
      code: 'ENOTFOUND',
      syscall: 'getaddrinfo',
      hostname: 'ac-wz3pdz3-shard-00-02.nen0dzs.mongodb.net'
    }
  }
}
Checking for expired subscriptions...
Error checking for expired subscriptions: MongoServerSelectionError: getaddrinfo ENOTFOUND ac-wz3pdz3-shard-00-02.nen0dzs.mongodb.net
    at Topology.selectServer (/Users/sim/Project2/node_modules/mongodb/lib/sdam/topology.js:321:38)
    at async tryOperation (/Users/sim/Project2/node_modules/mongodb/lib/operations/execute_operation.js:145:18)
    at async executeOperation (/Users/sim/Project2/node_modules/mongodb/lib/operations/execute_operation.js:75:16)
    at async FindCursor._initialize (/Users/sim/Project2/node_modules/mongodb/lib/cursor/find_cursor.js:61:26)
    at async FindCursor.cursorInit (/Users/sim/Project2/node_modules/mongodb/lib/cursor/abstract_cursor.js:633:27)
    at async FindCursor.fetchBatch (/Users/sim/Project2/node_modules/mongodb/lib/cursor/abstract_cursor.js:667:13)
    at async FindCursor.next (/Users/sim/Project2/node_modules/mongodb/lib/cursor/abstract_cursor.js:347:17)
    at async [Symbol.asyncIterator] (/Users/sim/Project2/node_modules/mongodb/lib/cursor/abstract_cursor.js:255:34)
    at async FindCursor.toArray (/Users/sim/Project2/node_modules/mongodb/lib/cursor/abstract_cursor.js:427:26)
    at async Timeout.checkForExpiredSubscriptions [as _onTimeout] (/Users/sim/Project2/scripts/subscription-monitor.js:348:34) {
  errorLabelSet: Set(0) {},
  reason: TopologyDescription {
    type: 'ReplicaSetNoPrimary',
    servers: Map(3) {
      'ac-wz3pdz3-shard-00-02.nen0dzs.mongodb.net:27017' => [ServerDescription],
      'ac-wz3pdz3-shard-00-00.nen0dzs.mongodb.net:27017' => [ServerDescription],
      'ac-wz3pdz3-shard-00-01.nen0dzs.mongodb.net:27017' => [ServerDescription]
    },
    stale: false,
    compatible: true,
    heartbeatFrequencyMS: 10000,
    localThresholdMS: 15,
    setName: 'atlas-unjbbr-shard-0',
    maxElectionId: new ObjectId('7fffffff000000000000029c'),
    maxSetVersion: 123,
    commonWireVersion: 0,
    logicalSessionTimeoutMinutes: null
  },
  code: undefined,
  [cause]: MongoNetworkError: getaddrinfo ENOTFOUND ac-wz3pdz3-shard-00-02.nen0dzs.mongodb.net
      at TLSSocket.<anonymous> (/Users/sim/Project2/node_modules/mongodb/lib/cmap/connect.js:285:44)
      at Object.onceWrapper (node:events:622:26)
      at TLSSocket.emit (node:events:507:28)
      at emitErrorNT (node:internal/streams/destroy:170:8)
      at emitErrorCloseNT (node:internal/streams/destroy:129:3)
      at process.processTicksAndRejections (node:internal/process/task_queues:90:21) {
    errorLabelSet: Set(1) { 'ResetPool' },
    beforeHandshake: false,
    [cause]: Error: getaddrinfo ENOTFOUND ac-wz3pdz3-shard-00-02.nen0dzs.mongodb.net
        at GetAddrInfoReqWrap.onlookupall [as oncomplete] (node:dns:122:26) {
      errno: -3008,
      code: 'ENOTFOUND',
      syscall: 'getaddrinfo',
      hostname: 'ac-wz3pdz3-shard-00-02.nen0dzs.mongodb.net'
    }
  }
}
Checking for expired subscriptions...
Error checking for expired subscriptions: MongoServerSelectionError: getaddrinfo ENOTFOUND ac-wz3pdz3-shard-00-02.nen0dzs.mongodb.net
    at Topology.selectServer (/Users/sim/Project2/node_modules/mongodb/lib/sdam/topology.js:321:38)
    at async tryOperation (/Users/sim/Project2/node_modules/mongodb/lib/operations/execute_operation.js:145:18)
    at async executeOperation (/Users/sim/Project2/node_modules/mongodb/lib/operations/execute_operation.js:75:16)
    at async FindCursor._initialize (/Users/sim/Project2/node_modules/mongodb/lib/cursor/find_cursor.js:61:26)
    at async FindCursor.cursorInit (/Users/sim/Project2/node_modules/mongodb/lib/cursor/abstract_cursor.js:633:27)
    at async FindCursor.fetchBatch (/Users/sim/Project2/node_modules/mongodb/lib/cursor/abstract_cursor.js:667:13)
    at async FindCursor.next (/Users/sim/Project2/node_modules/mongodb/lib/cursor/abstract_cursor.js:347:17)
    at async [Symbol.asyncIterator] (/Users/sim/Project2/node_modules/mongodb/lib/cursor/abstract_cursor.js:255:34)
    at async FindCursor.toArray (/Users/sim/Project2/node_modules/mongodb/lib/cursor/abstract_cursor.js:427:26)
    at async Timeout.checkForExpiredSubscriptions [as _onTimeout] (/Users/sim/Project2/scripts/subscription-monitor.js:348:34) {
  errorLabelSet: Set(0) {},
  reason: TopologyDescription {
    type: 'ReplicaSetNoPrimary',
    servers: Map(3) {
      'ac-wz3pdz3-shard-00-02.nen0dzs.mongodb.net:27017' => [ServerDescription],
      'ac-wz3pdz3-shard-00-00.nen0dzs.mongodb.net:27017' => [ServerDescription],
      'ac-wz3pdz3-shard-00-01.nen0dzs.mongodb.net:27017' => [ServerDescription]
    },
    stale: false,
    compatible: true,
    heartbeatFrequencyMS: 10000,
    localThresholdMS: 15,
    setName: 'atlas-unjbbr-shard-0',
    maxElectionId: new ObjectId('7fffffff000000000000029c'),
    maxSetVersion: 123,
    commonWireVersion: 0,
    logicalSessionTimeoutMinutes: null
  },
  code: undefined,
  [cause]: MongoNetworkError: getaddrinfo ENOTFOUND ac-wz3pdz3-shard-00-02.nen0dzs.mongodb.net
      at TLSSocket.<anonymous> (/Users/sim/Project2/node_modules/mongodb/lib/cmap/connect.js:285:44)
      at Object.onceWrapper (node:events:622:26)
      at TLSSocket.emit (node:events:507:28)
      at emitErrorNT (node:internal/streams/destroy:170:8)
      at emitErrorCloseNT (node:internal/streams/destroy:129:3)
      at process.processTicksAndRejections (node:internal/process/task_queues:90:21) {
    errorLabelSet: Set(1) { 'ResetPool' },
    beforeHandshake: false,
    [cause]: Error: getaddrinfo ENOTFOUND ac-wz3pdz3-shard-00-02.nen0dzs.mongodb.net
        at GetAddrInfoReqWrap.onlookupall [as oncomplete] (node:dns:122:26) {
      errno: -3008,
      code: 'ENOTFOUND',
      syscall: 'getaddrinfo',
      hostname: 'ac-wz3pdz3-shard-00-02.nen0dzs.mongodb.net'
    }
  }
}
Checking for expired subscriptions...
Found 2 potentially expired subscriptions
Checking subscription for company IvHcCeMc that appears expired
Subscription for company IvHcCeMc is still active in Stripe
Checking subscription for company NNTZco4x that appears expired
Subscription for company NNTZco4x is still active in Stripe
Checking for expired subscriptions...
Found 2 potentially expired subscriptions
Checking subscription for company IvHcCeMc that appears expired
Subscription for company IvHcCeMc is still active in Stripe
Checking subscription for company NNTZco4x that appears expired
Subscription for company NNTZco4x is still active in Stripe
